trajectory_id,batch,batch2,pair_i,pair_j,pair,contains_7,k,time_scaled,time2,pair_delta_theta_cum_pre,full_delta_theta_cum_pre,event,DeltaA_finite,DeltaA_1st
"batch1_0_127|(0,1)",batch1_0_127,0,0,1,"(0,1)",0,0,0.0,0.0,0.0,0.0,0,0.0008671283721923828,0.0008672008407302201
"batch1_0_127|(0,1)",batch1_0_127,0,0,1,"(0,1)",0,1,0.02564102564102564,0.0006574621959237343,0.0018638892797753215,0.014925841242074966,0,0.0008094906806945801,0.000809594988822937
"batch1_0_127|(0,1)",batch1_0_127,0,0,1,"(0,1)",0,2,0.05128205128205128,0.0026298487836949372,0.003694560145959258,0.029445437714457512,0,0.0007593631744384766,0.0007593831978738308
"batch1_0_127|(0,1)",batch1_0_127,0,0,1,"(0,1)",0,3,0.07692307692307693,0.00591715976331361,0.005491336341947317,0.043407320976257324,0,0.0007165670394897461,0.0007165394490584731
"batch1_0_127|(0,1)",batch1_0_127,0,0,1,"(0,1)",0,4,0.10256410256410256,0.010519395134779749,0.007263782434165478,0.05697731673717499,0,0.0006719827651977539,0.0006720242090523243
"batch1_0_127|(0,1)",batch1_0_127,0,0,1,"(0,1)",0,5,0.1282051282051282,0.016436554898093356,0.009014409966766834,0.0701916441321373,0,0.0006371140480041504,0.0006370522314682603
"batch1_0_127|(0,1)",batch1_0_127,0,0,1,"(0,1)",0,6,0.15384615384615385,0.02366863905325444,0.010747874155640602,0.0829409658908844,0,0.0006021857261657715,0.0006022677989676595
"batch1_0_127|(0,1)",batch1_0_127,0,0,1,"(0,1)",0,7,0.1794871794871795,0.032215647600262985,0.012467162683606148,0.09530257433652878,0,0.0005716681480407715,0.0005717098829336464
"batch1_0_127|(0,1)",batch1_0_127,0,0,1,"(0,1)",0,8,0.20512820512820512,0.042077580539118996,0.014179565012454987,0.1072891503572464,0,0.000532984733581543,0.0005330585991032422
"batch1_0_127|(0,1)",batch1_0_127,0,0,1,"(0,1)",0,9,0.23076923076923078,0.053254437869822494,0.01588698849081993,0.11892623454332352,0,0.0004995465278625488,0.0004996423376724124
"batch1_0_127|(0,1)",batch1_0_127,0,0,1,"(0,1)",0,10,0.2564102564102564,0.06574621959237342,0.017595995217561722,0.13025251030921936,0,0.00046241283416748047,0.0004624506982509047
"batch1_0_127|(0,1)",batch1_0_127,0,0,1,"(0,1)",0,11,0.28205128205128205,0.07955292570677186,0.019308632239699364,0.14140933752059937,0,0.0004290938377380371,0.00042915315134450793
"batch1_0_127|(0,1)",batch1_0_127,0,0,1,"(0,1)",0,12,0.3076923076923077,0.09467455621301776,0.021028997376561165,0.1524144858121872,0,0.00039637088775634766,0.0003963580820709467
"batch1_0_127|(0,1)",batch1_0_127,0,0,1,"(0,1)",0,13,0.3333333333333333,0.1111111111111111,0.022755278274416924,0.1632174402475357,0,0.00035893917083740234,0.00035886483965441585
"batch1_0_127|(0,1)",batch1_0_127,0,0,1,"(0,1)",0,14,0.358974358974359,0.12886259040105194,0.02448447048664093,0.17383092641830444,0,0.00032198429107666016,0.00032192631624639034
"batch1_0_127|(0,1)",batch1_0_127,0,0,1,"(0,1)",0,15,0.38461538461538464,0.14792899408284024,0.026216672733426094,0.18422812223434448,0,0.00029098987579345703,0.00029095992795191705
"batch1_0_127|(0,1)",batch1_0_127,0,0,1,"(0,1)",0,16,0.41025641025641024,0.16831032215647598,0.02795180305838585,0.19445115327835083,0,0.0002511739730834961,0.0002513036597520113
"batch1_0_127|(0,1)",batch1_0_127,0,0,1,"(0,1)",0,17,0.4358974358974359,0.19000657462195925,0.02968953549861908,0.20442849397659302,0,0.0002143383026123047,0.0002144806639989838
"batch1_0_127|(0,1)",batch1_0_127,0,0,1,"(0,1)",0,18,0.46153846153846156,0.21301775147928997,0.03142732009291649,0.21424570679664612,0,0.0001735687255859375,0.00017369622946716845
"batch1_0_127|(0,1)",batch1_0_127,0,0,1,"(0,1)",0,19,0.48717948717948717,0.2373438527284681,0.033162541687488556,0.22385939955711365,0,0.00013875961303710938,0.00013876290176995099
"batch1_0_127|(0,1)",batch1_0_127,0,0,1,"(0,1)",0,20,0.5128205128205128,0.2629848783694937,0.03489142656326294,0.2333274781703949,0,0.00010704994201660156,0.0001072052400559187
"batch1_0_127|(0,1)",batch1_0_127,0,0,1,"(0,1)",0,21,0.5384615384615384,0.28994082840236685,0.036611225455999374,0.24260669946670532,0,7.176399230957031e-05,7.170728349592537e-05
"batch1_0_127|(0,1)",batch1_0_127,0,0,1,"(0,1)",0,22,0.5641025641025641,0.31821170282708744,0.03831963241100311,0.2516751289367676,0,3.5762786865234375e-05,3.582353383535519e-05
"batch1_0_127|(0,1)",batch1_0_127,0,0,1,"(0,1)",0,23,0.5897435897435898,0.3477975016436555,0.04001528397202492,0.26060178875923157,0,3.0994415283203125e-06,3.1359791137219872e-06
"batch1_0_127|(0,1)",batch1_0_127,0,0,1,"(0,1)",0,24,0.6153846153846154,0.37869822485207105,0.04169308394193649,0.26932233572006226,1,-3.325939178466797e-05,-3.310031024739146e-05
"batch1_0_127|(0,2)",batch1_0_127,0,0,2,"(0,2)",0,0,0.0,0.0,0.0,0.0,0,0.0012749433517456055,0.0012750070309266448
"batch1_0_127|(0,2)",batch1_0_127,0,0,2,"(0,2)",0,1,0.02564102564102564,0.0006574621959237343,0.001956795807927847,0.016512049362063408,0,0.0012326240539550781,0.0012327198637649417
"batch1_0_127|(0,2)",batch1_0_127,0,0,2,"(0,2)",0,2,0.05128205128205128,0.0026298487836949372,0.0038764276541769505,0.032896850258111954,0,0.0011811256408691406,0.0011812346056103706
"batch1_0_127|(0,2)",batch1_0_127,0,0,2,"(0,2)",0,3,0.07692307692307693,0.00591715976331361,0.005750608164817095,0.04868488013744354,0,0.0011200904846191406,0.0011201663874089718
"batch1_0_127|(0,2)",batch1_0_127,0,0,2,"(0,2)",0,4,0.10256410256410256,0.010519395134779749,0.007582867052406073,0.06368575990200043,0,0.0010529756546020508,0.0010531730949878693
"batch1_0_127|(0,2)",batch1_0_127,0,0,2,"(0,2)",0,5,0.1282051282051282,0.016436554898093356,0.009375561960041523,0.07789787650108337,0,0.000996232032775879,0.0009962584590539336
"batch1_0_127|(0,2)",batch1_0_127,0,0,2,"(0,2)",0,6,0.15384615384615385,0.02366863905325444,0.011136534623801708,0.09118690341711044,0,0.0009386539459228516,0.0009387889876961708
"batch1_0_127|(0,2)",batch1_0_127,0,0,2,"(0,2)",0,7,0.1794871794871795,0.032215647600262985,0.012873537838459015,0.10361266881227493,0,0.0008767843246459961,0.0008770475396886468
"batch1_0_127|(0,2)",batch1_0_127,0,0,2,"(0,2)",0,8,0.20512820512820512,0.042077580539118996,0.014595748856663704,0.11533977836370468,0,0.0008122920989990234,0.000812423531897366
"batch1_0_127|(0,2)",batch1_0_127,0,0,2,"(0,2)",0,9,0.23076923076923078,0.053254437869822494,0.016310881823301315,0.12638168036937714,0,0.0007634162902832031,0.00076338741928339
"batch1_0_127|(0,2)",batch1_0_127,0,0,2,"(0,2)",0,10,0.2564102564102564,0.06574621959237342,0.018026288598775864,0.1370314508676529,0,0.0007196664810180664,0.000719638483133167
"batch1_0_127|(0,2)",batch1_0_127,0,0,2,"(0,2)",0,11,0.28205128205128205,0.07955292570677186,0.019747581332921982,0.14744870364665985,0,0.0006792545318603516,0.0006792301428504288
"batch1_0_127|(0,2)",batch1_0_127,0,0,2,"(0,2)",0,12,0.3076923076923077,0.09467455621301776,0.021477507427334785,0.15768972039222717,0,0.0006444454193115234,0.0006444550235755742
"batch1_0_127|(0,2)",batch1_0_127,0,0,2,"(0,2)",0,13,0.3333333333333333,0.1111111111111111,0.023215869441628456,0.16781462728977203,0,0.0005984306335449219,0.0005985104362480342
"batch1_0_127|(0,2)",batch1_0_127,0,0,2,"(0,2)",0,14,0.358974358974359,0.12886259040105194,0.024958986788988113,0.17778907716274261,0,0.0005488395690917969,0.0005487701273523271
"batch1_0_127|(0,2)",batch1_0_127,0,0,2,"(0,2)",0,15,0.38461538461538464,0.14792899408284024,0.026708368211984634,0.18756642937660217,0,0.0005087852478027344,0.0005087577155791223
"batch1_0_127|(0,2)",batch1_0_127,0,0,2,"(0,2)",0,16,0.41025641025641024,0.16831032215647598,0.028465084731578827,0.19714084267616272,0,0.0004658699035644531,0.0004659678088501096
"batch1_0_127|(0,2)",batch1_0_127,0,0,2,"(0,2)",0,17,0.4358974358974359,0.19000657462195925,0.030230116099119186,0.2065238058567047,0,0.0004284381866455078,0.00042838198714889586
"batch1_0_127|(0,2)",batch1_0_127,0,0,2,"(0,2)",0,18,0.46153846153846156,0.21301775147928997,0.03200448304414749,0.21584267914295197,0,0.0003974437713623047,0.0003976051229983568
"batch1_0_127|(0,2)",batch1_0_127,0,0,2,"(0,2)",0,19,0.48717948717948717,0.2373438527284681,0.03378736600279808,0.22504408657550812,0,0.0003560781478881836,0.00035589520120993257
"batch1_0_127|(0,2)",batch1_0_127,0,0,2,"(0,2)",0,20,0.5128205128205128,0.2629848783694937,0.03557420149445534,0.23409295082092285,0,0.00031447410583496094,0.0003144220099784434
"batch1_0_127|(0,2)",batch1_0_127,0,0,2,"(0,2)",0,21,0.5384615384615384,0.28994082840236685,0.03736463561654091,0.2429780662059784,0,0.00027179718017578125,0.0002716585004236549
"batch1_0_127|(0,2)",batch1_0_127,0,0,2,"(0,2)",0,22,0.5641025641025641,0.31821170282708744,0.03915732353925705,0.2516885995864868,0,0.0002206563949584961,0.00022067669488023967
"batch1_0_127|(0,2)",batch1_0_127,0,0,2,"(0,2)",0,23,0.5897435897435898,0.3477975016436555,0.04095157980918884,0.26020172238349915,0,0.00017499923706054688,0.00017492401821073145
"batch1_0_127|(0,2)",batch1_0_127,0,0,2,"(0,2)",0,24,0.6153846153846154,0.37869822485207105,0.042746637016534805,0.26852625608444214,0,0.00015079975128173828,0.000150794890942052
"batch1_0_127|(0,2)",batch1_0_127,0,0,2,"(0,2)",0,25,0.6410256410256411,0.4109138724523341,0.04453938454389572,0.27669739723205566,0,0.0001304149627685547,0.00013040918565820903
"batch1_0_127|(0,2)",batch1_0_127,0,0,2,"(0,2)",0,26,0.6666666666666666,0.4444444444444444,0.04632771760225296,0.28468719124794006,0,9.608268737792969e-05,9.611833229428157e-05
"batch1_0_127|(0,2)",batch1_0_127,0,0,2,"(0,2)",0,27,0.6923076923076923,0.4792899408284023,0.04811094328761101,0.2925049960613251,0,6.592273712158203e-05,6.600496999453753e-05
"batch1_0_127|(0,2)",batch1_0_127,0,0,2,"(0,2)",0,28,0.717948717948718,0.5154503616042078,0.04988676309585571,0.3001861274242401,0,3.910064697265625e-05,3.921087409253232e-05
"batch1_0_127|(0,2)",batch1_0_127,0,0,2,"(0,2)",0,29,0.7435897435897436,0.5529257067718607,0.051652442663908005,0.3077189326286316,0,1.71661376953125e-05,1.725324909784831e-05
"batch1_0_127|(0,2)",batch1_0_127,0,0,2,"(0,2)",0,30,0.7692307692307693,0.591715976331361,0.0534062422811985,0.31510892510414124,1,-1.1324882507324219e-05,-1.1342635843902826e-05
"batch1_0_127|(0,3)",batch1_0_127,0,0,3,"(0,3)",0,0,0.0,0.0,0.0,0.0,0,0.0011397600173950195,0.0011399216018617153
"batch1_0_127|(0,3)",batch1_0_127,0,0,3,"(0,3)",0,1,0.02564102564102564,0.0006574621959237343,0.0020399356726557016,0.015911439433693886,0,0.0010356903076171875,0.0010358281433582306
"batch1_0_127|(0,3)",batch1_0_127,0,0,3,"(0,3)",0,2,0.05128205128205128,0.0026298487836949372,0.004032992757856846,0.031212521716952324,0,0.0009489059448242188,0.0009489881340414286
"batch1_0_127|(0,3)",batch1_0_127,0,0,3,"(0,3)",0,3,0.07692307692307693,0.00591715976331361,0.005977816879749298,0.045830123126506805,0,0.0008702278137207031,0.0008702518534846604
"batch1_0_127|(0,3)",batch1_0_127,0,0,3,"(0,3)",0,4,0.10256410256410256,0.010519395134779749,0.007883808575570583,0.059825699776411057,0,0.0007882118225097656,0.0007882661884650588
"batch1_0_127|(0,3)",batch1_0_127,0,0,3,"(0,3)",0,5,0.1282051282051282,0.016436554898093356,0.009752769023180008,0.07316559553146362,0,0.000722050666809082,0.0007220972911454737
"batch1_0_127|(0,3)",batch1_0_127,0,0,3,"(0,3)",0,6,0.15384615384615385,0.02366863905325444,0.011596626602113247,0.08601880073547363,0,0.0006567239761352539,0.0006568125099875033
"batch1_0_127|(0,3)",batch1_0_127,0,0,3,"(0,3)",0,7,0.1794871794871795,0.032215647600262985,0.01341535896062851,0.09826108068227768,0,0.0006022453308105469,0.0006022442248649895
"batch1_0_127|(0,3)",batch1_0_127,0,0,3,"(0,3)",0,8,0.20512820512820512,0.042077580539118996,0.015218761749565601,0.10990682244300842,0,0.0005480051040649414,0.000548002659343183
"batch1_0_127|(0,3)",batch1_0_127,0,0,3,"(0,3)",0,9,0.23076923076923078,0.053254437869822494,0.01701267994940281,0.12110798060894012,0,0.0004976987838745117,0.0004975883639417589
"batch1_0_127|(0,3)",batch1_0_127,0,0,3,"(0,3)",0,10,0.2564102564102564,0.06574621959237342,0.01880262978374958,0.13187472522258759,0,0.00046056509017944336,0.00046050091623328626
"batch1_0_127|(0,3)",batch1_0_127,0,0,3,"(0,3)",0,11,0.28205128205128205,0.07955292570677186,0.02059326134622097,0.1423412412405014,0,0.0004165172576904297,0.00041646751924417913
"batch1_0_127|(0,3)",batch1_0_127,0,0,3,"(0,3)",0,12,0.3076923076923077,0.09467455621301776,0.02238464169204235,0.15247845649719238,0,0.0003758668899536133,0.0003760074614547193
"batch1_0_127|(0,3)",batch1_0_127,0,0,3,"(0,3)",0,13,0.3333333333333333,0.1111111111111111,0.02417892776429653,0.16245129704475403,0,0.0003489851951599121,0.00034895335556939244
"batch1_0_127|(0,3)",batch1_0_127,0,0,3,"(0,3)",0,14,0.358974358974359,0.12886259040105194,0.0259793009608984,0.17224223911762238,0,0.00031763315200805664,0.00031754624797031283
"batch1_0_127|(0,3)",batch1_0_127,0,0,3,"(0,3)",0,15,0.38461538461538464,0.14792899408284024,0.02778409607708454,0.18181388080120087,0,0.00027823448181152344,0.0002783134113997221
"batch1_0_127|(0,3)",batch1_0_127,0,0,3,"(0,3)",0,16,0.41025641025641024,0.16831032215647598,0.029591165482997894,0.1911817193031311,0,0.00024390220642089844,0.00024383096024394035
"batch1_0_127|(0,3)",batch1_0_127,0,0,3,"(0,3)",0,17,0.4358974358974359,0.19000657462195925,0.03140106424689293,0.20032815635204315,0,0.0002173781394958496,0.0002174444671254605
"batch1_0_127|(0,3)",batch1_0_127,0,0,3,"(0,3)",0,18,0.46153846153846156,0.21301775147928997,0.03321264311671257,0.2092185914516449,0,0.00018453598022460938,0.00018449194612912834
"batch1_0_127|(0,3)",batch1_0_127,0,0,3,"(0,3)",0,19,0.48717948717948717,0.2373438527284681,0.03502461686730385,0.21787291765213013,0,0.00015079975128173828,0.00015085098857525736
"batch1_0_127|(0,3)",batch1_0_127,0,0,3,"(0,3)",0,20,0.5128205128205128,0.2629848783694937,0.03683886304497719,0.22630146145820618,0,0.00012362003326416016,0.00012371058983262628
"batch1_0_127|(0,3)",batch1_0_127,0,0,3,"(0,3)",0,21,0.5384615384615384,0.28994082840236685,0.03865116089582443,0.23455259203910828,0,9.79304313659668e-05,9.796286030905321e-05
"batch1_0_127|(0,3)",batch1_0_127,0,0,3,"(0,3)",0,22,0.5641025641025641,0.31821170282708744,0.040463656187057495,0.24271012842655182,0,8.696317672729492e-05,8.704154606675729e-05
"batch1_0_127|(0,3)",batch1_0_127,0,0,3,"(0,3)",0,23,0.5897435897435898,0.3477975016436555,0.0422762855887413,0.2508002817630768,0,6.151199340820312e-05,6.155503069749102e-05
"batch1_0_127|(0,3)",batch1_0_127,0,0,3,"(0,3)",0,24,0.6153846153846154,0.37869822485207105,0.04408586025238037,0.2588076889514923,0,4.4405460357666016e-05,4.443452417035587e-05
"batch1_0_127|(0,3)",batch1_0_127,0,0,3,"(0,3)",0,25,0.6410256410256411,0.4109138724523341,0.04589099809527397,0.26678466796875,0,2.4318695068359375e-05,2.4480852516717277e-05
"batch1_0_127|(0,3)",batch1_0_127,0,0,3,"(0,3)",0,26,0.6666666666666666,0.4444444444444444,0.0476917028427124,0.27474886178970337,0,5.0067901611328125e-06,4.998948952561477e-06
"batch1_0_127|(0,3)",batch1_0_127,0,0,3,"(0,3)",0,27,0.6923076923076923,0.4792899408284023,0.049484021961688995,0.2826147675514221,1,-2.300739288330078e-05,-2.294732621521689e-05
"batch1_0_127|(0,4)",batch1_0_127,0,0,4,"(0,4)",0,0,0.0,0.0,0.0,0.0,0,0.0020308494567871094,0.0020312140695750713
"batch1_0_127|(0,4)",batch1_0_127,0,0,4,"(0,4)",0,1,0.02564102564102564,0.0006574621959237343,0.0020046092104166746,0.017009014263749123,0,0.0017719268798828125,0.001771997776813805
"batch1_0_127|(0,4)",batch1_0_127,0,0,4,"(0,4)",0,2,0.05128205128205128,0.0026298487836949372,0.00395789323374629,0.03353442624211311,0,0.0015592575073242188,0.0015593155985698104
"batch1_0_127|(0,4)",batch1_0_127,0,0,4,"(0,4)",0,3,0.07692307692307693,0.00591715976331361,0.005863824859261513,0.04944121092557907,0,0.001369476318359375,0.001369488425552845
"batch1_0_127|(0,4)",batch1_0_127,0,0,4,"(0,4)",0,4,0.10256410256410256,0.010519395134779749,0.007716691121459007,0.06457619369029999,0,0.0012195110321044922,0.001219556201249361
"batch1_0_127|(0,4)",batch1_0_127,0,0,4,"(0,4)",0,5,0.1282051282051282,0.016436554898093356,0.009529263712465763,0.0790257379412651,0,0.001085042953491211,0.0010851951083168387
"batch1_0_127|(0,4)",batch1_0_127,0,0,4,"(0,4)",0,6,0.15384615384615385,0.02366863905325444,0.011308850720524788,0.0924948900938034,0,0.0009813308715820312,0.000981386168859899
"batch1_0_127|(0,4)",batch1_0_127,0,0,4,"(0,4)",0,7,0.1794871794871795,0.032215647600262985,0.01306552067399025,0.10514998435974121,0,0.0008913278579711914,0.0008913909550756216
"batch1_0_127|(0,4)",batch1_0_127,0,0,4,"(0,4)",0,8,0.20512820512820512,0.042077580539118996,0.014808231964707375,0.11721242219209671,0,0.0008252859115600586,0.0008252114057540894
"batch1_0_127|(0,4)",batch1_0_127,0,0,4,"(0,4)",0,9,0.23076923076923078,0.053254437869822494,0.016549183055758476,0.1288089007139206,0,0.0007662773132324219,0.0007664428558200598
"batch1_0_127|(0,4)",batch1_0_127,0,0,4,"(0,4)",0,10,0.2564102564102564,0.06574621959237342,0.018298450857400894,0.140096053481102,0,0.0007038116455078125,0.0007037842879071832
"batch1_0_127|(0,4)",batch1_0_127,0,0,4,"(0,4)",0,11,0.28205128205128205,0.07955292570677186,0.020054379478096962,0.15100963413715363,0,0.0006395578384399414,0.0006395382806658745
"batch1_0_127|(0,4)",batch1_0_127,0,0,4,"(0,4)",0,12,0.3076923076923077,0.09467455621301776,0.02181890234351158,0.16154329478740692,0,0.0005705356597900391,0.0005708474200218916
"batch1_0_127|(0,4)",batch1_0_127,0,0,4,"(0,4)",0,13,0.3333333333333333,0.1111111111111111,0.02359255589544773,0.17165705561637878,0,0.0005118846893310547,0.0005120527348481119
"batch1_0_127|(0,4)",batch1_0_127,0,0,4,"(0,4)",0,14,0.358974358974359,0.12886259040105194,0.025380730628967285,0.1815008968114853,0,0.0004429817199707031,0.000442991207819432
"batch1_0_127|(0,4)",batch1_0_127,0,0,4,"(0,4)",0,15,0.38461538461538464,0.14792899408284024,0.027179574593901634,0.19106823205947876,0,0.0003972053527832031,0.0003974727587774396
"batch1_0_127|(0,4)",batch1_0_127,0,0,4,"(0,4)",0,16,0.41025641025641024,0.16831032215647598,0.028993787243962288,0.2004985809326172,0,0.0003465414047241211,0.0003465958870947361
"batch1_0_127|(0,4)",batch1_0_127,0,0,4,"(0,4)",0,17,0.4358974358974359,0.19000657462195925,0.030818741768598557,0.2097831517457962,0,0.0002932548522949219,0.0002931468188762665
"batch1_0_127|(0,4)",batch1_0_127,0,0,4,"(0,4)",0,18,0.46153846153846156,0.21301775147928997,0.03265447914600372,0.21891754865646362,0,0.0002448558807373047,0.0002447761071380228
"batch1_0_127|(0,4)",batch1_0_127,0,0,4,"(0,4)",0,19,0.48717948717948717,0.2373438527284681,0.03449844941496849,0.22793099284172058,0,0.0001938343048095703,0.00019374839030206203
"batch1_0_127|(0,4)",batch1_0_127,0,0,4,"(0,4)",0,20,0.5128205128205128,0.2629848783694937,0.03635261580348015,0.23680301010608673,0,0.0001423358917236328,0.00014239750453270972
"batch1_0_127|(0,4)",batch1_0_127,0,0,4,"(0,4)",0,21,0.5384615384615384,0.28994082840236685,0.03821874037384987,0.2455887347459793,0,9.369850158691406e-05,9.365610458189622e-05
"batch1_0_127|(0,4)",batch1_0_127,0,0,4,"(0,4)",0,22,0.5641025641025641,0.31821170282708744,0.040091484785079956,0.2542160153388977,0,5.602836608886719e-05,5.607776984106749e-05
"batch1_0_127|(0,4)",batch1_0_127,0,0,4,"(0,4)",0,23,0.5897435897435898,0.3477975016436555,0.04196825996041298,0.26270994544029236,0,1.3470649719238281e-05,1.361604608973721e-05
"batch1_0_127|(0,4)",batch1_0_127,0,0,4,"(0,4)",0,24,0.6153846153846154,0.37869822485207105,0.04384657368063927,0.27106180787086487,1,-1.7642974853515625e-05,-1.7647469576331787e-05
"batch1_0_127|(0,5)",batch1_0_127,0,0,5,"(0,5)",0,0,0.0,0.0,0.0,0.0,0,0.0008716583251953125,0.0008716590236872435
"batch1_0_127|(0,5)",batch1_0_127,0,0,5,"(0,5)",0,1,0.02564102564102564,0.0006574621959237343,0.0020103324204683304,0.017079152166843414,0,0.0008481740951538086,0.0008481995319016278
"batch1_0_127|(0,5)",batch1_0_127,0,0,5,"(0,5)",0,2,0.05128205128205128,0.0026298487836949372,0.003977816551923752,0.033676281571388245,0,0.0008293390274047852,0.0008294160361401737
"batch1_0_127|(0,5)",batch1_0_127,0,0,5,"(0,5)",0,3,0.07692307692307693,0.00591715976331361,0.005912541877478361,0.04973037540912628,0,0.0008065700531005859,0.0008066236041486263
"batch1_0_127|(0,5)",batch1_0_127,0,0,5,"(0,5)",0,4,0.10256410256410256,0.010519395134779749,0.007813449017703533,0.06506790965795517,0,0.0007788538932800293,0.0007789969677105546
"batch1_0_127|(0,5)",batch1_0_127,0,0,5,"(0,5)",0,5,0.1282051282051282,0.016436554898093356,0.009687903337180614,0.07978488504886627,0,0.0007459521293640137,0.0007459323387593031
"batch1_0_127|(0,5)",batch1_0_127,0,0,5,"(0,5)",0,6,0.15384615384615385,0.02366863905325444,0.01154317893087864,0.09365449100732803,0,0.0007051825523376465,0.0007051558350212872
"batch1_0_127|(0,5)",batch1_0_127,0,0,5,"(0,5)",0,7,0.1794871794871795,0.032215647600262985,0.013379308395087719,0.1066095307469368,0,0.0006540417671203613,0.0006540368194691837
"batch1_0_127|(0,5)",batch1_0_127,0,0,5,"(0,5)",0,8,0.20512820512820512,0.042077580539118996,0.015203127637505531,0.11888494342565536,0,0.0006082057952880859,0.0006081461906433105
"batch1_0_127|(0,5)",batch1_0_127,0,0,5,"(0,5)",0,9,0.23076923076923078,0.053254437869822494,0.01702377013862133,0.1305491179227829,0,0.0005669593811035156,0.0005670745740644634
"batch1_0_127|(0,5)",batch1_0_127,0,0,5,"(0,5)",0,10,0.2564102564102564,0.06574621959237342,0.01884468086063862,0.14177341759204865,0,0.000525355339050293,0.000525382929481566
"batch1_0_127|(0,5)",batch1_0_127,0,0,5,"(0,5)",0,11,0.28205128205128205,0.07955292570677186,0.020672209560871124,0.15260513126850128,0,0.0004844069480895996,0.00048433628398925066
"batch1_0_127|(0,5)",batch1_0_127,0,0,5,"(0,5)",0,12,0.3076923076923077,0.09467455621301776,0.02250825986266136,0.1631210893392563,0,0.0004356503486633301,0.0004357120778877288
"batch1_0_127|(0,5)",batch1_0_127,0,0,5,"(0,5)",0,13,0.3333333333333333,0.1111111111111111,0.02434837818145752,0.17329485714435577,0,0.00039637088775634766,0.00039638386806473136
"batch1_0_127|(0,5)",batch1_0_127,0,0,5,"(0,5)",0,14,0.358974358974359,0.12886259040105194,0.02619216777384281,0.1831303834915161,0,0.0003580451011657715,0.00035801008925773203
"batch1_0_127|(0,5)",batch1_0_127,0,0,5,"(0,5)",0,15,0.38461538461538464,0.14792899408284024,0.028042610734701157,0.1926383376121521,0,0.0003120899200439453,0.0003120930341538042
"batch1_0_127|(0,5)",batch1_0_127,0,0,5,"(0,5)",0,16,0.41025641025641024,0.16831032215647598,0.029896782711148262,0.20189045369625092,0,0.00027817487716674805,0.00027815497014671564
"batch1_0_127|(0,5)",batch1_0_127,0,0,5,"(0,5)",0,17,0.4358974358974359,0.19000657462195925,0.031752809882164,0.21099767088890076,0,0.000249326229095459,0.0002493419742677361
"batch1_0_127|(0,5)",batch1_0_127,0,0,5,"(0,5)",0,18,0.46153846153846156,0.21301775147928997,0.033611707389354706,0.2199980616569519,0,0.00022804737091064453,0.00022804562468081713
"batch1_0_127|(0,5)",batch1_0_127,0,0,5,"(0,5)",0,19,0.48717948717948717,0.2373438527284681,0.03547189012169838,0.2289097011089325,0,0.00020080804824829102,0.00020077111548744142
"batch1_0_127|(0,5)",batch1_0_127,0,0,5,"(0,5)",0,20,0.5128205128205128,0.2629848783694937,0.03733019158244133,0.23775464296340942,0,0.00016766786575317383,0.00016780693840701133
"batch1_0_127|(0,5)",batch1_0_127,0,0,5,"(0,5)",0,21,0.5384615384615384,0.28994082840236685,0.0391831174492836,0.24649785459041595,0,0.00014513731002807617,0.00014520989498123527
"batch1_0_127|(0,5)",batch1_0_127,0,0,5,"(0,5)",0,22,0.5641025641025641,0.31821170282708744,0.041028596460819244,0.2551434338092804,0,0.00011819601058959961,0.00011821602674899623
"batch1_0_127|(0,5)",batch1_0_127,0,0,5,"(0,5)",0,23,0.5897435897435898,0.3477975016436555,0.0428619347512722,0.2636590898036957,0,9.578466415405273e-05,9.58379459916614e-05
"batch1_0_127|(0,5)",batch1_0_127,0,0,5,"(0,5)",0,24,0.6153846153846154,0.37869822485207105,0.044681623578071594,0.2720566391944885,0,7.194280624389648e-05,7.190713949967176e-05
"batch1_0_127|(0,5)",batch1_0_127,0,0,5,"(0,5)",0,25,0.6410256410256411,0.4109138724523341,0.04648234695196152,0.28031066060066223,0,4.76837158203125e-05,4.7652112698415294e-05
"batch1_0_127|(0,5)",batch1_0_127,0,0,5,"(0,5)",0,26,0.6666666666666666,0.4444444444444444,0.048260271549224854,0.28845781087875366,0,2.276897430419922e-05,2.275253791594878e-05
"batch1_0_127|(0,5)",batch1_0_127,0,0,5,"(0,5)",0,27,0.6923076923076923,0.4792899408284023,0.050014570355415344,0.29646050930023193,1,-4.887580871582031e-06,-4.873527814197587e-06
"batch1_0_127|(0,6)",batch1_0_127,0,0,6,"(0,6)",0,0,0.0,0.0,0.0,0.0,0,0.0028192996978759766,0.002819846151396632
"batch1_0_127|(0,6)",batch1_0_127,0,0,6,"(0,6)",0,1,0.02564102564102564,0.0006574621959237343,0.0020257816649973392,0.015268456190824509,0,0.002415180206298828,0.0024156917352229357
"batch1_0_127|(0,6)",batch1_0_127,0,0,6,"(0,6)",0,2,0.05128205128205128,0.0026298487836949372,0.003994825296103954,0.030102688819169998,0,0.0020821094512939453,0.0020822423975914717
"batch1_0_127|(0,6)",batch1_0_127,0,0,6,"(0,6)",0,3,0.07692307692307693,0.00591715976331361,0.005911694839596748,0.04446154087781906,0,0.0018095970153808594,0.001809920882806182
"batch1_0_127|(0,6)",batch1_0_127,0,0,6,"(0,6)",0,4,0.10256410256410256,0.010519395134779749,0.007789624854922295,0.058387529104948044,0,0.0015728473663330078,0.0015729983570054173
"batch1_0_127|(0,6)",batch1_0_127,0,0,6,"(0,6)",0,5,0.1282051282051282,0.016436554898093356,0.00963336881250143,0.07187295705080032,0,0.0013766288757324219,0.0013768885983154178
"batch1_0_127|(0,6)",batch1_0_127,0,0,6,"(0,6)",0,6,0.15384615384615385,0.02366863905325444,0.011445981450378895,0.08492038398981094,0,0.0011924505233764648,0.0011926238657906651
"batch1_0_127|(0,6)",batch1_0_127,0,0,6,"(0,6)",0,7,0.1794871794871795,0.032215647600262985,0.013230567798018456,0.09753069281578064,0,0.0010510683059692383,0.0010513224406167865
"batch1_0_127|(0,6)",batch1_0_127,0,0,6,"(0,6)",0,8,0.20512820512820512,0.042077580539118996,0.014994989149272442,0.10980327427387238,0,0.0009255409240722656,0.0009257469209842384
"batch1_0_127|(0,6)",batch1_0_127,0,0,6,"(0,6)",0,9,0.23076923076923078,0.053254437869822494,0.016741136088967323,0.1217353567481041,0,0.0008208751678466797,0.0008211263339035213
"batch1_0_127|(0,6)",batch1_0_127,0,0,6,"(0,6)",0,10,0.2564102564102564,0.06574621959237342,0.018474675714969635,0.1332676112651825,0,0.0007331371307373047,0.0007330923690460622
"batch1_0_127|(0,6)",batch1_0_127,0,0,6,"(0,6)",0,11,0.28205128205128205,0.07955292570677186,0.020201196894049644,0.14448249340057373,0,0.0006616115570068359,0.0006617089966312051
"batch1_0_127|(0,6)",batch1_0_127,0,0,6,"(0,6)",0,12,0.3076923076923077,0.09467455621301776,0.021925317123532295,0.1553778499364853,0,0.0006015300750732422,0.0006014800746925175
"batch1_0_127|(0,6)",batch1_0_127,0,0,6,"(0,6)",0,13,0.3333333333333333,0.1111111111111111,0.023652303963899612,0.16607169806957245,0,0.0005459785461425781,0.0005459361709654331
"batch1_0_127|(0,6)",batch1_0_127,0,0,6,"(0,6)",0,14,0.358974358974359,0.12886259040105194,0.02538270503282547,0.1765037626028061,0,0.0004926919937133789,0.0004927064874209464
"batch1_0_127|(0,6)",batch1_0_127,0,0,6,"(0,6)",0,15,0.38461538461538464,0.14792899408284024,0.027119014412164688,0.18664558231830597,0,0.0004451274871826172,0.0004450592678040266
"batch1_0_127|(0,6)",batch1_0_127,0,0,6,"(0,6)",0,16,0.41025641025641024,0.16831032215647598,0.028860459104180336,0.19644585251808167,0,0.00040221214294433594,0.00040239139343611896
"batch1_0_127|(0,6)",batch1_0_127,0,0,6,"(0,6)",0,17,0.4358974358974359,0.19000657462195925,0.030610259622335434,0.2059846669435501,0,0.0003504753112792969,0.00035038357600569725
"batch1_0_127|(0,6)",batch1_0_127,0,0,6,"(0,6)",0,18,0.46153846153846156,0.21301775147928997,0.03236689791083336,0.2152273952960968,0,0.0003132820129394531,0.00031331347418017685
"batch1_0_127|(0,6)",batch1_0_127,0,0,6,"(0,6)",0,19,0.48717948717948717,0.2373438527284681,0.034132421016693115,0.22425484657287598,0,0.00027489662170410156,0.00027482770383358
"batch1_0_127|(0,6)",batch1_0_127,0,0,6,"(0,6)",0,20,0.5128205128205128,0.2629848783694937,0.035903118550777435,0.2330678552389145,0,0.0002422332763671875,0.0002424094855086878
"batch1_0_127|(0,6)",batch1_0_127,0,0,6,"(0,6)",0,21,0.5384615384615384,0.28994082840236685,0.03767988085746765,0.24168330430984497,0,0.00021028518676757812,0.00021044028108008206
"batch1_0_127|(0,6)",batch1_0_127,0,0,6,"(0,6)",0,22,0.5641025641025641,0.31821170282708744,0.039461057633161545,0.25010544061660767,0,0.00019073486328125,0.00019079152843914926
"batch1_0_127|(0,6)",batch1_0_127,0,0,6,"(0,6)",0,23,0.5897435897435898,0.3477975016436555,0.04124215245246887,0.2583763599395752,0,0.000171661376953125,0.00017173569358419627
"batch1_0_127|(0,6)",batch1_0_127,0,0,6,"(0,6)",0,24,0.6153846153846154,0.37869822485207105,0.0430227555334568,0.26653212308883667,0,0.00015079975128173828,0.00015076130512170494
"batch1_0_127|(0,6)",batch1_0_127,0,0,6,"(0,6)",0,25,0.6410256410256411,0.4109138724523341,0.04480130225419998,0.27456799149513245,0,0.0001323223114013672,0.00013238241081126034
"batch1_0_127|(0,6)",batch1_0_127,0,0,6,"(0,6)",0,26,0.6666666666666666,0.4444444444444444,0.04657592996954918,0.28249236941337585,0,0.00012028217315673828,0.00012030666403006762
"batch1_0_127|(0,6)",batch1_0_127,0,0,6,"(0,6)",0,27,0.6923076923076923,0.4792899408284023,0.04834378510713577,0.2902865409851074,0,0.00010800361633300781,0.00010794556874316186
"batch1_0_127|(0,6)",batch1_0_127,0,0,6,"(0,6)",0,28,0.717948717948718,0.5154503616042078,0.05010468512773514,0.29796871542930603,0,9.590387344360352e-05,9.615727321943268e-05
"batch1_0_127|(0,6)",batch1_0_127,0,0,6,"(0,6)",0,29,0.7435897435897436,0.5529257067718607,0.05185632407665253,0.305554062128067,0,8.940696716308594e-05,8.947675087256357e-05
"batch1_0_127|(0,6)",batch1_0_127,0,0,6,"(0,6)",0,30,0.7692307692307693,0.591715976331361,0.0535963773727417,0.31299903988838196,0,8.225440979003906e-05,8.228662773035467e-05
"batch1_0_127|(0,6)",batch1_0_127,0,0,6,"(0,6)",0,31,0.7948717948717948,0.6318211702827087,0.055322952568531036,0.32031378149986267,0,8.124113082885742e-05,8.126033208100125e-05
"batch1_0_127|(0,6)",batch1_0_127,0,0,6,"(0,6)",0,32,0.8205128205128205,0.6732412886259039,0.057035885751247406,0.32750600576400757,0,7.218122482299805e-05,7.230759365484118e-05
"batch1_0_127|(0,6)",batch1_0_127,0,0,6,"(0,6)",0,33,0.8461538461538461,0.7159763313609467,0.05873182415962219,0.33456408977508545,0,6.61015510559082e-05,6.630909774685279e-05
"batch1_0_127|(0,6)",batch1_0_127,0,0,6,"(0,6)",0,34,0.8717948717948718,0.760026298487837,0.060409072786569595,0.34147751331329346,0,5.888938903808594e-05,5.8982222981285304e-05
"batch1_0_127|(0,6)",batch1_0_127,0,0,6,"(0,6)",0,35,0.8974358974358975,0.8053911900065747,0.062064968049526215,0.3482538163661957,0,5.358457565307617e-05,5.3590840252581984e-05
"batch1_0_127|(0,6)",batch1_0_127,0,0,6,"(0,6)",0,36,0.9230769230769231,0.8520710059171599,0.06369715929031372,0.35488685965538025,0,4.7147274017333984e-05,4.723440360976383e-05
"batch1_0_127|(0,6)",batch1_0_127,0,0,6,"(0,6)",0,37,0.9487179487179487,0.9000657462195923,0.06530451774597168,0.3613680303096771,0,4.398822784423828e-05,4.410053588799201e-05
"batch1_0_127|(0,6)",batch1_0_127,0,0,6,"(0,6)",0,38,0.9743589743589743,0.9493754109138725,0.06688795983791351,0.36771026253700256,0,4.2557716369628906e-05,4.268200063961558e-05
"batch1_0_127|(0,6)",batch1_0_127,0,0,6,"(0,6)",0,39,1.0,1.0,0.06844441592693329,0.37391048669815063,0,3.820657730102539e-05,3.824785744654946e-05
"batch1_0_127|(0,7)",batch1_0_127,0,0,7,"(0,7)",1,0,0.0,0.0,0.0,0.0,0,0.0021393299102783203,0.002139776712283492
"batch1_0_127|(0,7)",batch1_0_127,0,0,7,"(0,7)",1,1,0.02564102564102564,0.0006574621959237343,0.002155325375497341,0.017117658630013466,0,0.0018957853317260742,0.0018960674060508609
"batch1_0_127|(0,7)",batch1_0_127,0,0,7,"(0,7)",1,2,0.05128205128205128,0.0026298487836949372,0.004248892888426781,0.03386351838707924,0,0.0017061233520507812,0.0017065154388546944
"batch1_0_127|(0,7)",batch1_0_127,0,0,7,"(0,7)",1,3,0.07692307692307693,0.00591715976331361,0.006276397034525871,0.05011574178934097,0,0.0015211105346679688,0.001521280617453158
"batch1_0_127|(0,7)",batch1_0_127,0,0,7,"(0,7)",1,4,0.10256410256410256,0.010519395134779749,0.00824014376848936,0.06562107056379318,0,0.0013328790664672852,0.0013328752247616649
"batch1_0_127|(0,7)",batch1_0_127,0,0,7,"(0,7)",1,5,0.1282051282051282,0.016436554898093356,0.01013327855616808,0.08020341396331787,0,0.0011764764785766602,0.0011765352683141828
"batch1_0_127|(0,7)",batch1_0_127,0,0,7,"(0,7)",1,6,0.15384615384615385,0.02366863905325444,0.011968658305704594,0.09387893229722977,0,0.0010466575622558594,0.0010468801483511925
"batch1_0_127|(0,7)",batch1_0_127,0,0,7,"(0,7)",1,7,0.1794871794871795,0.032215647600262985,0.013756719417870045,0.10669055581092834,0,0.0009350776672363281,0.000935182673856616
"batch1_0_127|(0,7)",batch1_0_127,0,0,7,"(0,7)",1,8,0.20512820512820512,0.042077580539118996,0.015510435216128826,0.11872848123311996,0,0.0008344650268554688,0.0008344578091055155
"batch1_0_127|(0,7)",batch1_0_127,0,0,7,"(0,7)",1,9,0.23076923076923078,0.053254437869822494,0.017238683998584747,0.13016214966773987,0,0.0007325410842895508,0.0007326652994379401
"batch1_0_127|(0,7)",batch1_0_127,0,0,7,"(0,7)",1,10,0.2564102564102564,0.06574621959237342,0.01894579455256462,0.1410665661096573,0,0.0006413459777832031,0.0006412558141164482
"batch1_0_127|(0,7)",batch1_0_127,0,0,7,"(0,7)",1,11,0.28205128205128205,0.07955292570677186,0.020638277754187584,0.15148714184761047,0,0.000550389289855957,0.0005504419677890837
"batch1_0_127|(0,7)",batch1_0_127,0,0,7,"(0,7)",1,12,0.3076923076923077,0.09467455621301776,0.02232229709625244,0.16146068274974823,0,0.0004668235778808594,0.00046682916581630707
"batch1_0_127|(0,7)",batch1_0_127,0,0,7,"(0,7)",1,13,0.3333333333333333,0.1111111111111111,0.024004390463232994,0.17109744250774384,0,0.0003927946090698242,0.0003929411177523434
"batch1_0_127|(0,7)",batch1_0_127,0,0,7,"(0,7)",1,14,0.358974358974359,0.12886259040105194,0.025689059868454933,0.18038681149482727,0,0.00032901763916015625,0.00032909816945903003
"batch1_0_127|(0,7)",batch1_0_127,0,0,7,"(0,7)",1,15,0.38461538461538464,0.14792899408284024,0.027379540726542473,0.189443439245224,0,0.00024437904357910156,0.00024447322357445955
"batch1_0_127|(0,7)",batch1_0_127,0,0,7,"(0,7)",1,16,0.41025641025641024,0.16831032215647598,0.029073234647512436,0.19816233217716217,0,0.00016868114471435547,0.0001688427582848817
"batch1_0_127|(0,7)",batch1_0_127,0,0,7,"(0,7)",1,17,0.4358974358974359,0.19000657462195925,0.030772630125284195,0.20658698678016663,0,0.00010347366333007812,0.00010335877595935017
"batch1_0_127|(0,7)",batch1_0_127,0,0,7,"(0,7)",1,18,0.46153846153846156,0.21301775147928997,0.03248339146375656,0.2148631364107132,0,2.9802322387695312e-05,2.986782965308521e-05
"batch1_0_127|(0,7)",batch1_0_127,0,0,7,"(0,7)",1,19,0.48717948717948717,0.2373438527284681,0.034203000366687775,0.22291800379753113,1,-1.9550323486328125e-05,-1.9519611669238657e-05
"batch1_0_127|(1,2)",batch1_0_127,0,1,2,"(1,2)",0,0,0.0,0.0,0.0,0.0,0,0.0010040998458862305,0.0010043022921308875
"batch1_0_127|(1,2)",batch1_0_127,0,1,2,"(1,2)",0,1,0.02564102564102564,0.0006574621959237343,0.001844664802774787,0.01616206020116806,0,0.0009261369705200195,0.0009262949461117387
"batch1_0_127|(1,2)",batch1_0_127,0,1,2,"(1,2)",0,2,0.05128205128205128,0.0026298487836949372,0.003638653317466378,0.03199654072523117,0,0.0008554458618164062,0.0008554847445338964
"batch1_0_127|(1,2)",batch1_0_127,0,1,2,"(1,2)",0,3,0.07692307692307693,0.00591715976331361,0.0053879208862781525,0.04724309965968132,0,0.0007936954498291016,0.0007939685019664466
"batch1_0_127|(1,2)",batch1_0_127,0,1,2,"(1,2)",0,4,0.10256410256410256,0.010519395134779749,0.007094630505889654,0.061782412230968475,0,0.0007472038269042969,0.0007473696023225784
"batch1_0_127|(1,2)",batch1_0_127,0,1,2,"(1,2)",0,5,0.1282051282051282,0.016436554898093356,0.00876997597515583,0.07574819773435593,0,0.0007139444351196289,0.0007140362286008894
"batch1_0_127|(1,2)",batch1_0_127,0,1,2,"(1,2)",0,6,0.15384615384615385,0.02366863905325444,0.010423779487609863,0.08924137055873871,0,0.0006927251815795898,0.0006927586509846151
"batch1_0_127|(1,2)",batch1_0_127,0,1,2,"(1,2)",0,7,0.1794871794871795,0.032215647600262985,0.012064878828823566,0.1024177074432373,0,0.0006721019744873047,0.0006722411490045488
"batch1_0_127|(1,2)",batch1_0_127,0,1,2,"(1,2)",0,8,0.20512820512820512,0.042077580539118996,0.013695080764591694,0.1151672750711441,0,0.0006530284881591797,0.0006532032275572419
"batch1_0_127|(1,2)",batch1_0_127,0,1,2,"(1,2)",0,9,0.23076923076923078,0.053254437869822494,0.015322631224989891,0.1275510936975479,0,0.0006316900253295898,0.0006317557999864221
"batch1_0_127|(1,2)",batch1_0_127,0,1,2,"(1,2)",0,10,0.2564102564102564,0.06574621959237342,0.016950104385614395,0.13960619270801544,0,0.0006119012832641602,0.0006118548917584121
"batch1_0_127|(1,2)",batch1_0_127,0,1,2,"(1,2)",0,11,0.28205128205128205,0.07955292570677186,0.018581384792923927,0.15137474238872528,0,0.0005960464477539062,0.0005961699644103646
"batch1_0_127|(1,2)",batch1_0_127,0,1,2,"(1,2)",0,12,0.3076923076923077,0.09467455621301776,0.020220207050442696,0.1629193127155304,0,0.0005754232406616211,0.0005753597943112254
"batch1_0_127|(1,2)",batch1_0_127,0,1,2,"(1,2)",0,13,0.3333333333333333,0.1111111111111111,0.021866891533136368,0.17419573664665222,0,0.0005435943603515625,0.0005436219507828355
"batch1_0_127|(1,2)",batch1_0_127,0,1,2,"(1,2)",0,14,0.358974358974359,0.12886259040105194,0.023521119728684425,0.1852906048297882,0,0.0005002021789550781,0.0005001644021831453
"batch1_0_127|(1,2)",batch1_0_127,0,1,2,"(1,2)",0,15,0.38461538461538464,0.14792899408284024,0.02518206089735031,0.19619229435920715,0,0.00046372413635253906,0.0004636092926375568
"batch1_0_127|(1,2)",batch1_0_127,0,1,2,"(1,2)",0,16,0.41025641025641024,0.16831032215647598,0.02684950642287731,0.2069362848997116,0,0.00040912628173828125,0.00040907514630816877
"batch1_0_127|(1,2)",batch1_0_127,0,1,2,"(1,2)",0,17,0.4358974358974359,0.19000657462195925,0.028521696105599403,0.21748006343841553,0,0.0003647804260253906,0.00036476884270086884
"batch1_0_127|(1,2)",batch1_0_127,0,1,2,"(1,2)",0,18,0.46153846153846156,0.21301775147928997,0.030195586383342743,0.2278512418270111,0,0.00031447410583496094,0.0003145532391499728
"batch1_0_127|(1,2)",batch1_0_127,0,1,2,"(1,2)",0,19,0.48717948717948717,0.2373438527284681,0.03186723217368126,0.23809029161930084,0,0.0002586841583251953,0.0002587496128398925
"batch1_0_127|(1,2)",batch1_0_127,0,1,2,"(1,2)",0,20,0.5128205128205128,0.2629848783694937,0.033531926572322845,0.24811430275440216,0,0.00019598007202148438,0.0001959525397978723
"batch1_0_127|(1,2)",batch1_0_127,0,1,2,"(1,2)",0,21,0.5384615384615384,0.28994082840236685,0.03518806770443916,0.2578328847885132,0,0.00012743473052978516,0.00012755098578054458
"batch1_0_127|(1,2)",batch1_0_127,0,1,2,"(1,2)",0,22,0.5641025641025641,0.31821170282708744,0.03683219105005264,0.2672709822654724,0,5.364418029785156e-05,5.367349513107911e-05
"batch1_0_127|(1,2)",batch1_0_127,0,1,2,"(1,2)",0,23,0.5897435897435898,0.3477975016436555,0.03846224769949913,0.27650392055511475,1,-1.919269561767578e-05,-1.9104574676021002e-05
"batch1_0_127|(1,3)",batch1_0_127,0,1,3,"(1,3)",0,0,0.0,0.0,0.0,0.0,0,0.000979304313659668,0.0009794537909328938
"batch1_0_127|(1,3)",batch1_0_127,0,1,3,"(1,3)",0,1,0.02564102564102564,0.0006574621959237343,0.0018868751358240843,0.015551160089671612,0,0.0008974075317382812,0.0008975260425359011
"batch1_0_127|(1,3)",batch1_0_127,0,1,3,"(1,3)",0,2,0.05128205128205128,0.0026298487836949372,0.003723623463883996,0.030701426789164543,0,0.0008434057235717773,0.0008435859926976264
"batch1_0_127|(1,3)",batch1_0_127,0,1,3,"(1,3)",0,3,0.07692307692307693,0.00591715976331361,0.005522649269551039,0.04557476565241814,0,0.0007939338684082031,0.0007940168725326657
"batch1_0_127|(1,3)",batch1_0_127,0,1,3,"(1,3)",0,4,0.10256410256410256,0.010519395134779749,0.0072863539680838585,0.06018538400530815,0,0.0007431507110595703,0.0007432781276293099
"batch1_0_127|(1,3)",batch1_0_127,0,1,3,"(1,3)",0,5,0.1282051282051282,0.016436554898093356,0.009016050957143307,0.07450901716947556,0,0.0007146596908569336,0.0007147861178964376
"batch1_0_127|(1,3)",batch1_0_127,0,1,3,"(1,3)",0,6,0.15384615384615385,0.02366863905325444,0.010722862556576729,0.08863695710897446,0,0.0006933212280273438,0.0006933474214747548
"batch1_0_127|(1,3)",batch1_0_127,0,1,3,"(1,3)",0,7,0.1794871794871795,0.032215647600262985,0.012411616742610931,0.10239597409963608,0,0.0006760954856872559,0.0006761514814570546
"batch1_0_127|(1,3)",batch1_0_127,0,1,3,"(1,3)",0,8,0.20512820512820512,0.042077580539118996,0.014086751267313957,0.11574112623929977,0,0.0006532669067382812,0.0006532866391353309
"batch1_0_127|(1,3)",batch1_0_127,0,1,3,"(1,3)",0,9,0.23076923076923078,0.053254437869822494,0.015752002596855164,0.12859869003295898,0,0.000630497932434082,0.0006304917042143643
"batch1_0_127|(1,3)",batch1_0_127,0,1,3,"(1,3)",0,10,0.2564102564102564,0.06574621959237342,0.017408909276127815,0.14111557602882385,0,0.0006035566329956055,0.0006036393460817635
"batch1_0_127|(1,3)",batch1_0_127,0,1,3,"(1,3)",0,11,0.28205128205128205,0.07955292570677186,0.019059719517827034,0.15323375165462494,0,0.0005893707275390625,0.0005895289941690862
"batch1_0_127|(1,3)",batch1_0_127,0,1,3,"(1,3)",0,12,0.3076923076923077,0.09467455621301776,0.02071053721010685,0.16505363583564758,0,0.000561833381652832,0.0005619117291644216
"batch1_0_127|(1,3)",batch1_0_127,0,1,3,"(1,3)",0,13,0.3333333333333333,0.1111111111111111,0.022358998656272888,0.17646166682243347,0,0.0005381107330322266,0.0005381739465519786
"batch1_0_127|(1,3)",batch1_0_127,0,1,3,"(1,3)",0,14,0.358974358974359,0.12886259040105194,0.024007633328437805,0.18759480118751526,0,0.0004965066909790039,0.0004965226398780942
"batch1_0_127|(1,3)",batch1_0_127,0,1,3,"(1,3)",0,15,0.38461538461538464,0.14792899408284024,0.025652481243014336,0.19840246438980103,0,0.00045692920684814453,0.0004569032753352076
"batch1_0_127|(1,3)",batch1_0_127,0,1,3,"(1,3)",0,16,0.41025641025641024,0.16831032215647598,0.027293246239423752,0.20885290205478668,0,0.0004317760467529297,0.0004318062274251133
"batch1_0_127|(1,3)",batch1_0_127,0,1,3,"(1,3)",0,17,0.4358974358974359,0.19000657462195925,0.028933003544807434,0.21909119188785553,0,0.0003829002380371094,0.0003829680208582431
"batch1_0_127|(1,3)",batch1_0_127,0,1,3,"(1,3)",0,18,0.46153846153846156,0.21301775147928997,0.030562138184905052,0.22904056310653687,0,0.0003097057342529297,0.00030990783125162125
"batch1_0_127|(1,3)",batch1_0_127,0,1,3,"(1,3)",0,19,0.48717948717948717,0.2373438527284681,0.03217807784676552,0.23865701258182526,0,0.0002605915069580078,0.00026061313110403717
"batch1_0_127|(1,3)",batch1_0_127,0,1,3,"(1,3)",0,20,0.5128205128205128,0.2629848783694937,0.033781711012125015,0.24803969264030457,0,0.00018966197967529297,0.000189639933523722
"batch1_0_127|(1,3)",batch1_0_127,0,1,3,"(1,3)",0,21,0.5384615384615384,0.28994082840236685,0.03537394106388092,0.25719112157821655,0,0.00012171268463134766,0.00012166574742877856
"batch1_0_127|(1,3)",batch1_0_127,0,1,3,"(1,3)",0,22,0.5641025641025641,0.31821170282708744,0.03695201873779297,0.2661687731742859,0,6.079673767089844e-05,6.0964524891460314e-05
"batch1_0_127|(1,3)",batch1_0_127,0,1,3,"(1,3)",0,23,0.5897435897435898,0.3477975016436555,0.038515280932188034,0.2749289274215698,1,-2.014636993408203e-05,-2.0107681848458014e-05
"batch1_0_127|(1,4)",batch1_0_127,0,1,4,"(1,4)",0,0,0.0,0.0,0.0,0.0,0,0.0017799139022827148,0.0017802909715101123
"batch1_0_127|(1,4)",batch1_0_127,0,1,4,"(1,4)",0,1,0.02564102564102564,0.0006574621959237343,0.001876308349892497,0.017655298113822937,0,0.0014181137084960938,0.0014182195300236344
"batch1_0_127|(1,4)",batch1_0_127,0,1,4,"(1,4)",0,2,0.05128205128205128,0.0026298487836949372,0.0036829605232924223,0.03481784462928772,0,0.0011485815048217773,0.0011485298164188862
"batch1_0_127|(1,4)",batch1_0_127,0,1,4,"(1,4)",0,3,0.07692307692307693,0.00591715976331361,0.00542124267667532,0.051152873784303665,0,0.0009300708770751953,0.000930196896661073
"batch1_0_127|(1,4)",batch1_0_127,0,1,4,"(1,4)",0,4,0.10256410256410256,0.010519395134779749,0.007098291534930468,0.0664251521229744,0,0.0007917881011962891,0.0007918868795968592
"batch1_0_127|(1,4)",batch1_0_127,0,1,4,"(1,4)",0,5,0.1282051282051282,0.016436554898093356,0.008740921504795551,0.08095566183328629,0,0.0006920099258422852,0.0006919901352375746
"batch1_0_127|(1,4)",batch1_0_127,0,1,4,"(1,4)",0,6,0.15384615384615385,0.02366863905325444,0.010362760163843632,0.0946430116891861,0,0.0006297826766967773,0.0006297210929915309
"batch1_0_127|(1,4)",batch1_0_127,0,1,4,"(1,4)",0,7,0.1794871794871795,0.032215647600262985,0.011982228606939316,0.10775024443864822,0,0.0005788803100585938,0.0005790179129689932
"batch1_0_127|(1,4)",batch1_0_127,0,1,4,"(1,4)",0,8,0.20512820512820512,0.042077580539118996,0.01360846497118473,0.12028790265321732,0,0.0005342960357666016,0.0005342793301679194
"batch1_0_127|(1,4)",batch1_0_127,0,1,4,"(1,4)",0,9,0.23076923076923078,0.053254437869822494,0.015245987102389336,0.13246764242649078,0,0.0004975795745849609,0.0004975807969458401
"batch1_0_127|(1,4)",batch1_0_127,0,1,4,"(1,4)",0,10,0.2564102564102564,0.06574621959237342,0.01689879782497883,0.14439286291599274,0,0.00046443939208984375,0.0004644082800950855
"batch1_0_127|(1,4)",batch1_0_127,0,1,4,"(1,4)",0,11,0.28205128205128205,0.07955292570677186,0.01856929436326027,0.15609538555145264,0,0.00044345855712890625,0.00044349138624966145
"batch1_0_127|(1,4)",batch1_0_127,0,1,4,"(1,4)",0,12,0.3076923076923077,0.09467455621301776,0.02026081643998623,0.1676906794309616,0,0.0004018545150756836,0.00040187573176808655
"batch1_0_127|(1,4)",batch1_0_127,0,1,4,"(1,4)",0,13,0.3333333333333333,0.1111111111111111,0.021967744454741478,0.1790361851453781,0,0.00034499168395996094,0.00034498979221098125
"batch1_0_127|(1,4)",batch1_0_127,0,1,4,"(1,4)",0,14,0.358974358974359,0.12886259040105194,0.023688776418566704,0.19011414051055908,0,0.00027549266815185547,0.0002754827437456697
"batch1_0_127|(1,4)",batch1_0_127,0,1,4,"(1,4)",0,15,0.38461538461538464,0.14792899408284024,0.02542022429406643,0.2008695900440216,0,0.0002048015594482422,0.0002049987087957561
"batch1_0_127|(1,4)",batch1_0_127,0,1,4,"(1,4)",0,16,0.41025641025641024,0.16831032215647598,0.02716127224266529,0.21134448051452637,0,0.00013816356658935547,0.00013818709703627974
"batch1_0_127|(1,4)",batch1_0_127,0,1,4,"(1,4)",0,17,0.4358974358974359,0.19000657462195925,0.028907310217618942,0.2216014266014099,0,5.6862831115722656e-05,5.682609116774984e-05
"batch1_0_127|(1,4)",batch1_0_127,0,1,4,"(1,4)",0,18,0.46153846153846156,0.21301775147928997,0.030658015981316566,0.23165296018123627,1,-2.5987625122070312e-05,-2.5921764972736128e-05
"batch1_0_127|(1,5)",batch1_0_127,0,1,5,"(1,5)",0,0,0.0,0.0,0.0,0.0,0,0.0005686283111572266,0.0005686775548383594
"batch1_0_127|(1,5)",batch1_0_127,0,1,5,"(1,5)",0,1,0.02564102564102564,0.0006574621959237343,0.0018459106795489788,0.017279911786317825,0,0.0005481243133544922,0.0005481107509694993
"batch1_0_127|(1,5)",batch1_0_127,0,1,5,"(1,5)",0,2,0.05128205128205128,0.0026298487836949372,0.003640888025984168,0.03409386798739433,0,0.0005312561988830566,0.0005313262809067965
"batch1_0_127|(1,5)",batch1_0_127,0,1,5,"(1,5)",0,3,0.07692307692307693,0.00591715976331361,0.005389601457864046,0.050490763038396835,0,0.0005183219909667969,0.0005183132598176599
"batch1_0_127|(1,5)",batch1_0_127,0,1,5,"(1,5)",0,4,0.10256410256410256,0.010519395134779749,0.00709210941568017,0.06617201119661331,0,0.0005155205726623535,0.0005155988619662821
"batch1_0_127|(1,5)",batch1_0_127,0,1,5,"(1,5)",0,5,0.1282051282051282,0.016436554898093356,0.008762959390878677,0.08117222040891647,0,0.0005156993865966797,0.0005158025305718184
"batch1_0_127|(1,5)",batch1_0_127,0,1,5,"(1,5)",0,6,0.15384615384615385,0.02366863905325444,0.010418549180030823,0.09564929455518723,0,0.0005027055740356445,0.0005027705919928849
"batch1_0_127|(1,5)",batch1_0_127,0,1,5,"(1,5)",0,7,0.1794871794871795,0.032215647600262985,0.012065933085978031,0.1095627099275589,0,0.0004924535751342773,0.0004925816901959479
"batch1_0_127|(1,5)",batch1_0_127,0,1,5,"(1,5)",0,8,0.20512820512820512,0.042077580539118996,0.01371458824723959,0.12308914214372635,0,0.0004735589027404785,0.0004735441762022674
"batch1_0_127|(1,5)",batch1_0_127,0,1,5,"(1,5)",0,9,0.23076923076923078,0.053254437869822494,0.015367694199085236,0.1361914426088333,0,0.00046712160110473633,0.00046717305667698383
"batch1_0_127|(1,5)",batch1_0_127,0,1,5,"(1,5)",0,10,0.2564102564102564,0.06574621959237342,0.017034299671649933,0.14897295832633972,0,0.0004557967185974121,0.00045582515303976834
"batch1_0_127|(1,5)",batch1_0_127,0,1,5,"(1,5)",0,11,0.28205128205128205,0.07955292570677186,0.018712161108851433,0.16144959628582,0,0.00042444467544555664,0.0004244532610755414
"batch1_0_127|(1,5)",batch1_0_127,0,1,5,"(1,5)",0,12,0.3076923076923077,0.09467455621301776,0.020398257300257683,0.17360427975654602,0,0.0003883242607116699,0.00038838983164168894
"batch1_0_127|(1,5)",batch1_0_127,0,1,5,"(1,5)",0,13,0.3333333333333333,0.1111111111111111,0.022089241072535515,0.18538588285446167,0,0.00034290552139282227,0.0003430055803619325
"batch1_0_127|(1,5)",batch1_0_127,0,1,5,"(1,5)",0,14,0.358974358974359,0.12886259040105194,0.023783454671502113,0.1967465877532959,0,0.0002823472023010254,0.0002823737158905715
"batch1_0_127|(1,5)",batch1_0_127,0,1,5,"(1,5)",0,15,0.38461538461538464,0.14792899408284024,0.025478119030594826,0.2076914757490158,0,0.00023245811462402344,0.00023244565818458796
"batch1_0_127|(1,5)",batch1_0_127,0,1,5,"(1,5)",0,16,0.41025641025641024,0.16831032215647598,0.027170291170477867,0.21830494701862335,0,0.00017559528350830078,0.00017557920364197344
"batch1_0_127|(1,5)",batch1_0_127,0,1,5,"(1,5)",0,17,0.4358974358974359,0.19000657462195925,0.02885640412569046,0.22859898209571838,0,0.00010907649993896484,0.00010909332922892645
"batch1_0_127|(1,5)",batch1_0_127,0,1,5,"(1,5)",0,18,0.46153846153846156,0.21301775147928997,0.03053177520632744,0.2385464608669281,0,4.9591064453125e-05,4.959155558026396e-05
"batch1_0_127|(1,5)",batch1_0_127,0,1,5,"(1,5)",0,19,0.48717948717948717,0.2373438527284681,0.03219303861260414,0.2481924593448639,1,-4.827976226806641e-06,-4.796598659595475e-06
"batch1_0_127|(1,6)",batch1_0_127,0,1,6,"(1,6)",0,0,0.0,0.0,0.0,0.0,0,0.0026068687438964844,0.0026072938926517963
"batch1_0_127|(1,6)",batch1_0_127,0,1,6,"(1,6)",0,1,0.02564102564102564,0.0006574621959237343,0.0019346860935911536,0.015450946986675262,0,0.002192258834838867,0.002192995510995388
"batch1_0_127|(1,6)",batch1_0_127,0,1,6,"(1,6)",0,2,0.05128205128205128,0.0026298487836949372,0.0038088050205260515,0.03066607378423214,0,0.0018520355224609375,0.0018521822057664394
"batch1_0_127|(1,6)",batch1_0_127,0,1,6,"(1,6)",0,3,0.07692307692307693,0.00591715976331361,0.005626618396490812,0.04571627080440521,0,0.0015540122985839844,0.001554251997731626
"batch1_0_127|(1,6)",batch1_0_127,0,1,6,"(1,6)",0,4,0.10256410256410256,0.010519395134779749,0.007390196900814772,0.06054602190852165,0,0.0013114213943481445,0.0013115311739966273
"batch1_0_127|(1,6)",batch1_0_127,0,1,6,"(1,6)",0,5,0.1282051282051282,0.016436554898093356,0.009108709171414375,0.07507015764713287,0,0.0011216402053833008,0.001121900393627584
"batch1_0_127|(1,6)",batch1_0_127,0,1,6,"(1,6)",0,6,0.15384615384615385,0.02366863905325444,0.010789457708597183,0.08921059966087341,0,0.0009779930114746094,0.000978078693151474
"batch1_0_127|(1,6)",batch1_0_127,0,1,6,"(1,6)",0,7,0.1794871794871795,0.032215647600262985,0.012440145015716553,0.1029338538646698,0,0.0008679628372192383,0.000868115748744458
"batch1_0_127|(1,6)",batch1_0_127,0,1,6,"(1,6)",0,8,0.20512820512820512,0.042077580539118996,0.014067291282117367,0.11626619845628738,0,0.0007780790328979492,0.0007782066240906715
"batch1_0_127|(1,6)",batch1_0_127,0,1,6,"(1,6)",0,9,0.23076923076923078,0.053254437869822494,0.015676913782954216,0.12921451032161713,0,0.0007109642028808594,0.0007112089660950005
"batch1_0_127|(1,6)",batch1_0_127,0,1,6,"(1,6)",0,10,0.2564102564102564,0.06574621959237342,0.017277132719755173,0.14191219210624695,0,0.0006623268127441406,0.0006624278030358255
"batch1_0_127|(1,6)",batch1_0_127,0,1,6,"(1,6)",0,11,0.28205128205128205,0.07955292570677186,0.01887240819633007,0.15438325703144073,0,0.0006115436553955078,0.000611713679973036
"batch1_0_127|(1,6)",batch1_0_127,0,1,6,"(1,6)",0,12,0.3076923076923077,0.09467455621301776,0.020461859181523323,0.16662169992923737,0,0.0005664825439453125,0.0005665991920977831
"batch1_0_127|(1,6)",batch1_0_127,0,1,6,"(1,6)",0,13,0.3333333333333333,0.1111111111111111,0.02204878069460392,0.17858178913593292,0,0.0005285739898681641,0.000528619100805372
"batch1_0_127|(1,6)",batch1_0_127,0,1,6,"(1,6)",0,14,0.358974358974359,0.12886259040105194,0.02363467402756214,0.1902533620595932,0,0.0004856586456298828,0.0004856113519053906
"batch1_0_127|(1,6)",batch1_0_127,0,1,6,"(1,6)",0,15,0.38461538461538464,0.14792899408284024,0.025221873074769974,0.20162256062030792,0,0.0004360079765319824,0.00043596370960585773
"batch1_0_127|(1,6)",batch1_0_127,0,1,6,"(1,6)",0,16,0.41025641025641024,0.16831032215647598,0.02680654264986515,0.21258069574832916,0,0.0003808736801147461,0.0003809028712566942
"batch1_0_127|(1,6)",batch1_0_127,0,1,6,"(1,6)",0,17,0.4358974358974359,0.19000657462195925,0.028386862948536873,0.2231445014476776,0,0.0003324747085571289,0.00033251047716476023
"batch1_0_127|(1,6)",batch1_0_127,0,1,6,"(1,6)",0,18,0.46153846153846156,0.21301775147928997,0.029961323365569115,0.23334389925003052,0,0.0002859830856323242,0.00028616306371986866
"batch1_0_127|(1,6)",batch1_0_127,0,1,6,"(1,6)",0,19,0.48717948717948717,0.2373438527284681,0.03152817487716675,0.24329127371311188,0,0.00023537874221801758,0.00023548712488263845
"batch1_0_127|(1,6)",batch1_0_127,0,1,6,"(1,6)",0,20,0.5128205128205128,0.2629848783694937,0.03308649733662605,0.2529875636100769,0,0.0001868605613708496,0.0001869350962806493
"batch1_0_127|(1,6)",batch1_0_127,0,1,6,"(1,6)",0,21,0.5384615384615384,0.28994082840236685,0.03463250771164894,0.2624299228191376,0,0.00013625621795654297,0.00013630247849505395
"batch1_0_127|(1,6)",batch1_0_127,0,1,6,"(1,6)",0,22,0.5641025641025641,0.31821170282708744,0.036164455115795135,0.27163925766944885,0,8.702278137207031e-05,8.705395885044709e-05
"batch1_0_127|(1,6)",batch1_0_127,0,1,6,"(1,6)",0,23,0.5897435897435898,0.3477975016436555,0.037676986306905746,0.2805963456630707,0,4.202127456665039e-05,4.2032865167129785e-05
"batch1_0_127|(1,6)",batch1_0_127,0,1,6,"(1,6)",0,24,0.6153846153846154,0.37869822485207105,0.039169080555438995,0.2892656624317169,1,-2.9206275939941406e-06,-2.8218769330123905e-06
"batch1_0_127|(1,7)",batch1_0_127,0,1,7,"(1,7)",1,0,0.0,0.0,0.0,0.0,0,0.0018222332000732422,0.001822607940994203
"batch1_0_127|(1,7)",batch1_0_127,0,1,7,"(1,7)",1,1,0.02564102564102564,0.0006574621959237343,0.002005163813009858,0.017349550500512123,0,0.001547098159790039,0.0015473703388124704
"batch1_0_127|(1,7)",batch1_0_127,0,1,7,"(1,7)",1,2,0.05128205128205128,0.0026298487836949372,0.003936412278562784,0.03430504724383354,0,0.001338958740234375,0.0013390384847298265
"batch1_0_127|(1,7)",batch1_0_127,0,1,7,"(1,7)",1,3,0.07692307692307693,0.00591715976331361,0.005798181518912315,0.050865571945905685,0,0.001143336296081543,0.0011435275664553046
"batch1_0_127|(1,7)",batch1_0_127,0,1,7,"(1,7)",1,4,0.10256410256410256,0.010519395134779749,0.007592254318296909,0.0667077898979187,0,0.0009779930114746094,0.0009780812542885542
"batch1_0_127|(1,7)",batch1_0_127,0,1,7,"(1,7)",1,5,0.1282051282051282,0.016436554898093356,0.00932861864566803,0.08178868889808655,0,0.0008386373519897461,0.0008387478301301599
"batch1_0_127|(1,7)",batch1_0_127,0,1,7,"(1,7)",1,6,0.15384615384615385,0.02366863905325444,0.011015230789780617,0.09594696015119553,0,0.0007139444351196289,0.0007140813395380974
"batch1_0_127|(1,7)",batch1_0_127,0,1,7,"(1,7)",1,7,0.1794871794871795,0.032215647600262985,0.012663237750530243,0.10915906727313995,0,0.0006138086318969727,0.0006139507167972624
"batch1_0_127|(1,7)",batch1_0_127,0,1,7,"(1,7)",1,8,0.20512820512820512,0.042077580539118996,0.014287712052464485,0.12164541333913803,0,0.0005267858505249023,0.0005268350359983742
"batch1_0_127|(1,7)",batch1_0_127,0,1,7,"(1,7)",1,9,0.23076923076923078,0.053254437869822494,0.01589863933622837,0.13355709612369537,0,0.00045239925384521484,0.0004524037358351052
"batch1_0_127|(1,7)",batch1_0_127,0,1,7,"(1,7)",1,10,0.2564102564102564,0.06574621959237342,0.017504913732409477,0.1449747234582901,0,0.0003904104232788086,0.00039043842116370797
"batch1_0_127|(1,7)",batch1_0_127,0,1,7,"(1,7)",1,11,0.28205128205128205,0.07955292570677186,0.019113169983029366,0.15599393844604492,0,0.00033551454544067383,0.00033550983062013984
"batch1_0_127|(1,7)",batch1_0_127,0,1,7,"(1,7)",1,12,0.3076923076923077,0.09467455621301776,0.020727934315800667,0.16676560044288635,0,0.00028133392333984375,0.00028136136825196445
"batch1_0_127|(1,7)",batch1_0_127,0,1,7,"(1,7)",1,13,0.3333333333333333,0.1111111111111111,0.02234901301562786,0.17723338305950165,0,0.0002232193946838379,0.00022326425823848695
"batch1_0_127|(1,7)",batch1_0_127,0,1,7,"(1,7)",1,14,0.358974358974359,0.12886259040105194,0.023975562304258347,0.18743038177490234,0,0.00017189979553222656,0.0001719267020234838
"batch1_0_127|(1,7)",batch1_0_127,0,1,7,"(1,7)",1,15,0.38461538461538464,0.14792899408284024,0.02560609020292759,0.19733840227127075,0,0.0001239776611328125,0.00012394315854180604
"batch1_0_127|(1,7)",batch1_0_127,0,1,7,"(1,7)",1,16,0.41025641025641024,0.16831032215647598,0.027235636487603188,0.2069455236196518,0,8.100271224975586e-05,8.097144745988771e-05
"batch1_0_127|(1,7)",batch1_0_127,0,1,7,"(1,7)",1,17,0.4358974358974359,0.19000657462195925,0.028866006061434746,0.21631117165088654,0,4.029273986816406e-05,4.028098555863835e-05
"batch1_0_127|(1,7)",batch1_0_127,0,1,7,"(1,7)",1,18,0.46153846153846156,0.21301775147928997,0.030493687838315964,0.22548425197601318,0,4.231929779052734e-06,4.217311925458489e-06
"batch1_0_127|(1,7)",batch1_0_127,0,1,7,"(1,7)",1,19,0.48717948717948717,0.2373438527284681,0.032117974013090134,0.23449604213237762,1,-2.7477741241455078e-05,-2.753128319454845e-05
"batch1_0_127|(2,3)",batch1_0_127,0,2,3,"(2,3)",0,0,0.0,0.0,0.0,0.0,0,0.0013270378112792969,0.0013273169752210379
"batch1_0_127|(2,3)",batch1_0_127,0,2,3,"(2,3)",0,1,0.02564102564102564,0.0006574621959237343,0.0019497907487675548,0.016878686845302582,0,0.00122833251953125,0.001228614361025393
"batch1_0_127|(2,3)",batch1_0_127,0,2,3,"(2,3)",0,2,0.05128205128205128,0.0026298487836949372,0.0038622987922281027,0.03339045122265816,0,0.0011265277862548828,0.0011266416404396296
"batch1_0_127|(2,3)",batch1_0_127,0,2,3,"(2,3)",0,3,0.07692307692307693,0.00591715976331361,0.005732160992920399,0.049215756356716156,0,0.0010387897491455078,0.0010390019742771983
"batch1_0_127|(2,3)",batch1_0_127,0,2,3,"(2,3)",0,4,0.10256410256410256,0.010519395134779749,0.007560948841273785,0.06421615183353424,0,0.0009541511535644531,0.0009540905011817813
"batch1_0_127|(2,3)",batch1_0_127,0,2,3,"(2,3)",0,5,0.1282051282051282,0.016436554898093356,0.009356135502457619,0.07831162214279175,0,0.000882267951965332,0.0008824836113490164
"batch1_0_127|(2,3)",batch1_0_127,0,2,3,"(2,3)",0,6,0.15384615384615385,0.02366863905325444,0.011125716380774975,0.09179770201444626,0,0.0008181333541870117,0.0008182033780030906
"batch1_0_127|(2,3)",batch1_0_127,0,2,3,"(2,3)",0,7,0.1794871794871795,0.032215647600262985,0.012875191867351532,0.1044960767030716,0,0.0007578134536743164,0.0007578075747005641
"batch1_0_127|(2,3)",batch1_0_127,0,2,3,"(2,3)",0,8,0.20512820512820512,0.042077580539118996,0.0146095659583807,0.1164899617433548,0,0.0007010698318481445,0.000701041950378567
"batch1_0_127|(2,3)",batch1_0_127,0,2,3,"(2,3)",0,9,0.23076923076923078,0.053254437869822494,0.01633756421506405,0.12790906429290771,0,0.0006494522094726562,0.0006494680419564247
"batch1_0_127|(2,3)",batch1_0_127,0,2,3,"(2,3)",0,10,0.2564102564102564,0.06574621959237342,0.018061727285385132,0.13883624970912933,0,0.000607609748840332,0.0006076827994547784
"batch1_0_127|(2,3)",batch1_0_127,0,2,3,"(2,3)",0,11,0.28205128205128205,0.07955292570677186,0.019786307588219643,0.1492874026298523,0,0.0005725622177124023,0.0005725233932025731
"batch1_0_127|(2,3)",batch1_0_127,0,2,3,"(2,3)",0,12,0.3076923076923077,0.09467455621301776,0.021515613421797752,0.1593426913022995,0,0.0005385875701904297,0.0005387016572058201
"batch1_0_127|(2,3)",batch1_0_127,0,2,3,"(2,3)",0,13,0.3333333333333333,0.1111111111111111,0.023252729326486588,0.16911281645298004,0,0.0005103349685668945,0.0005103761795908213
"batch1_0_127|(2,3)",batch1_0_127,0,2,3,"(2,3)",0,14,0.358974358974359,0.12886259040105194,0.024999679997563362,0.178681880235672,0,0.0004762411117553711,0.00047634923248551786
"batch1_0_127|(2,3)",batch1_0_127,0,2,3,"(2,3)",0,15,0.38461538461538464,0.14792899408284024,0.026754774153232574,0.18801936507225037,0,0.0004494190216064453,0.000449534913059324
"batch1_0_127|(2,3)",batch1_0_127,0,2,3,"(2,3)",0,16,0.41025641025641024,0.16831032215647598,0.02851909212768078,0.19711461663246155,0,0.0004143714904785156,0.0004145438433624804
"batch1_0_127|(2,3)",batch1_0_127,0,2,3,"(2,3)",0,17,0.4358974358974359,0.19000657462195925,0.030291248112916946,0.20594845712184906,0,0.00039005279541015625,0.00038997209048829973
"batch1_0_127|(2,3)",batch1_0_127,0,2,3,"(2,3)",0,18,0.46153846153846156,0.21301775147928997,0.032074276357889175,0.21456359326839447,0,0.00036454200744628906,0.00036454867222346365
"batch1_0_127|(2,3)",batch1_0_127,0,2,3,"(2,3)",0,19,0.48717948717948717,0.2373438527284681,0.033866554498672485,0.22303764522075653,0,0.0003484487533569336,0.0003485168854240328
"batch1_0_127|(2,3)",batch1_0_127,0,2,3,"(2,3)",0,20,0.5128205128205128,0.2629848783694937,0.03566914424300194,0.23144924640655518,0,0.0003159046173095703,0.00031602513627149165
"batch1_0_127|(2,3)",batch1_0_127,0,2,3,"(2,3)",0,21,0.5384615384615384,0.28994082840236685,0.03747926652431488,0.23980998992919922,0,0.0002918243408203125,0.0002919303369708359
"batch1_0_127|(2,3)",batch1_0_127,0,2,3,"(2,3)",0,22,0.5641025641025641,0.31821170282708744,0.039295706897974014,0.24818217754364014,0,0.00026154518127441406,0.00026158333639614284
"batch1_0_127|(2,3)",batch1_0_127,0,2,3,"(2,3)",0,23,0.5897435897435898,0.3477975016436555,0.041118308901786804,0.2565224766731262,0,0.0002461671829223633,0.0002462504489813
"batch1_0_127|(2,3)",batch1_0_127,0,2,3,"(2,3)",0,24,0.6153846153846154,0.37869822485207105,0.04294557496905327,0.26490944623947144,0,0.00022935867309570312,0.00022939725022297353
"batch1_0_127|(2,3)",batch1_0_127,0,2,3,"(2,3)",0,25,0.6410256410256411,0.4109138724523341,0.04477139189839363,0.27326110005378723,0,0.00021374225616455078,0.00021381981787271798
"batch1_0_127|(2,3)",batch1_0_127,0,2,3,"(2,3)",0,26,0.6666666666666666,0.4444444444444444,0.0465959757566452,0.28156840801239014,0,0.00016295909881591797,0.00016296310059260577
"batch1_0_127|(2,3)",batch1_0_127,0,2,3,"(2,3)",0,27,0.6923076923076923,0.4792899408284023,0.048414602875709534,0.2897711396217346,0,0.00013136863708496094,0.0001314183755312115
"batch1_0_127|(2,3)",batch1_0_127,0,2,3,"(2,3)",0,28,0.717948717948718,0.5154503616042078,0.05022701621055603,0.2978692054748535,0,0.00010097026824951172,0.00010096775804413483
"batch1_0_127|(2,3)",batch1_0_127,0,2,3,"(2,3)",0,29,0.7435897435897436,0.5529257067718607,0.05202993005514145,0.3058631420135498,0,6.818771362304688e-05,6.827363540651277e-05
"batch1_0_127|(2,3)",batch1_0_127,0,2,3,"(2,3)",0,30,0.7692307692307693,0.591715976331361,0.05382223799824715,0.31372949481010437,0,3.910064697265625e-05,3.9023921999614686e-05
"batch1_0_127|(2,3)",batch1_0_127,0,2,3,"(2,3)",0,31,0.7948717948717948,0.6318211702827087,0.0556027777493,0.32146233320236206,0,1.1920928955078125e-05,1.1809537681983784e-05
"batch1_0_127|(2,3)",batch1_0_127,0,2,3,"(2,3)",0,32,0.8205128205128205,0.6732412886259039,0.057369161397218704,0.3290908634662628,1,-3.5881996154785156e-05,-3.591076165321283e-05
"batch1_0_127|(2,4)",batch1_0_127,0,2,4,"(2,4)",0,0,0.0,0.0,0.0,0.0,0,0.0020380020141601562,0.0020385002717375755
"batch1_0_127|(2,4)",batch1_0_127,0,2,4,"(2,4)",0,1,0.02564102564102564,0.0006574621959237343,0.0018895086832344532,0.016771327704191208,0,0.0018177032470703125,0.0018179533071815968
"batch1_0_127|(2,4)",batch1_0_127,0,2,4,"(2,4)",0,2,0.05128205128205128,0.0026298487836949372,0.0037517095915973186,0.03345617279410362,0,0.001605987548828125,0.0016062733484432101
"batch1_0_127|(2,4)",batch1_0_127,0,2,4,"(2,4)",0,3,0.07692307692307693,0.00591715976331361,0.005574663635343313,0.04952247813344002,0,0.001430511474609375,0.0014306274242699146
"batch1_0_127|(2,4)",batch1_0_127,0,2,4,"(2,4)",0,4,0.10256410256410256,0.010519395134779749,0.007361538242548704,0.06478824466466904,0,0.0012568235397338867,0.0012569144601002336
"batch1_0_127|(2,4)",batch1_0_127,0,2,4,"(2,4)",0,5,0.1282051282051282,0.016436554898093356,0.009111070074141026,0.07890002429485321,0,0.0011229515075683594,0.0011230696691200137
"batch1_0_127|(2,4)",batch1_0_127,0,2,4,"(2,4)",0,6,0.15384615384615385,0.02366863905325444,0.010840397328138351,0.09204625338315964,0,0.001033782958984375,0.0010339405853301287
"batch1_0_127|(2,4)",batch1_0_127,0,2,4,"(2,4)",0,7,0.1794871794871795,0.032215647600262985,0.012569061480462551,0.10441387444734573,0,0.0009597539901733398,0.0009597304160706699
"batch1_0_127|(2,4)",batch1_0_127,0,2,4,"(2,4)",0,8,0.20512820512820512,0.042077580539118996,0.014305679127573967,0.11621387302875519,0,0.0008969306945800781,0.0008971219649538398
"batch1_0_127|(2,4)",batch1_0_127,0,2,4,"(2,4)",0,9,0.23076923076923078,0.053254437869822494,0.016057850793004036,0.12742522358894348,0,0.0008466243743896484,0.000846621987875551
"batch1_0_127|(2,4)",batch1_0_127,0,2,4,"(2,4)",0,10,0.2564102564102564,0.06574621959237342,0.01782839000225067,0.13824428617954254,0,0.0007947683334350586,0.0007949848077259958
"batch1_0_127|(2,4)",batch1_0_127,0,2,4,"(2,4)",0,11,0.28205128205128205,0.07955292570677186,0.019619565457105637,0.14859916269779205,0,0.0007550716400146484,0.0007552326424047351
"batch1_0_127|(2,4)",batch1_0_127,0,2,4,"(2,4)",0,12,0.3076923076923077,0.09467455621301776,0.021434525027871132,0.15865106880664825,0,0.0007277727127075195,0.0007280263816937804
"batch1_0_127|(2,4)",batch1_0_127,0,2,4,"(2,4)",0,13,0.3333333333333333,0.1111111111111111,0.023277493193745613,0.1684429943561554,0,0.0007011890411376953,0.0007013073191046715
"batch1_0_127|(2,4)",batch1_0_127,0,2,4,"(2,4)",0,14,0.358974358974359,0.12886259040105194,0.02514725551009178,0.17802444100379944,0,0.0006662607192993164,0.0006663451204076409
"batch1_0_127|(2,4)",batch1_0_127,0,2,4,"(2,4)",0,15,0.38461538461538464,0.14792899408284024,0.027040423825383186,0.18742735683918,0,0.0006352663040161133,0.0006354150245897472
"batch1_0_127|(2,4)",batch1_0_127,0,2,4,"(2,4)",0,16,0.41025641025641024,0.16831032215647598,0.028957389295101166,0.19670099020004272,0,0.0006216764450073242,0.0006217859918251634
"batch1_0_127|(2,4)",batch1_0_127,0,2,4,"(2,4)",0,17,0.4358974358974359,0.19000657462195925,0.03089718706905842,0.20594768226146698,0,0.0005913972854614258,0.0005913549102842808
"batch1_0_127|(2,4)",batch1_0_127,0,2,4,"(2,4)",0,18,0.46153846153846156,0.21301775147928997,0.03285878151655197,0.2151230126619339,0,0.0005630254745483398,0.0005630422383546829
"batch1_0_127|(2,4)",batch1_0_127,0,2,4,"(2,4)",0,19,0.48717948717948717,0.2373438527284681,0.0348396860063076,0.22426629066467285,0,0.0005419254302978516,0.0005419008084572852
"batch1_0_127|(2,4)",batch1_0_127,0,2,4,"(2,4)",0,20,0.5128205128205128,0.2629848783694937,0.036835115402936935,0.23335950076580048,0,0.00052642822265625,0.0005265112849883735
"batch1_0_127|(2,4)",batch1_0_127,0,2,4,"(2,4)",0,21,0.5384615384615384,0.28994082840236685,0.03884587064385414,0.24243159592151642,0,0.0005083084106445312,0.0005084127769805491
"batch1_0_127|(2,4)",batch1_0_127,0,2,4,"(2,4)",0,22,0.5641025641025641,0.31821170282708744,0.04086841642856598,0.2514445185661316,0,0.00048351287841796875,0.00048356971819885075
"batch1_0_127|(2,4)",batch1_0_127,0,2,4,"(2,4)",0,23,0.5897435897435898,0.3477975016436555,0.04289930313825607,0.26039212942123413,0,0.00045180320739746094,0.00045186944771558046
"batch1_0_127|(2,4)",batch1_0_127,0,2,4,"(2,4)",0,24,0.6153846153846154,0.37869822485207105,0.04493732750415802,0.26928940415382385,0,0.00043332576751708984,0.0004331506497692317
"batch1_0_127|(2,4)",batch1_0_127,0,2,4,"(2,4)",0,25,0.6410256410256411,0.4109138724523341,0.046980105340480804,0.27815350890159607,0,0.0004011392593383789,0.00040129219996742904
"batch1_0_127|(2,4)",batch1_0_127,0,2,4,"(2,4)",0,26,0.6666666666666666,0.4444444444444444,0.0490216426551342,0.28690388798713684,0,0.00036656856536865234,0.0003665739204734564
"batch1_0_127|(2,4)",batch1_0_127,0,2,4,"(2,4)",0,27,0.6923076923076923,0.4792899408284023,0.051061514765024185,0.29555460810661316,0,0.0003256797790527344,0.0003255582123529166
"batch1_0_127|(2,4)",batch1_0_127,0,2,4,"(2,4)",0,28,0.717948717948718,0.5154503616042078,0.05309448018670082,0.30407366156578064,0,0.00029671192169189453,0.000296812824672088
"batch1_0_127|(2,4)",batch1_0_127,0,2,4,"(2,4)",0,29,0.7435897435897436,0.5529257067718607,0.05511625111103058,0.31246012449264526,0,0.00027561187744140625,0.0002754938032012433
"batch1_0_127|(2,4)",batch1_0_127,0,2,4,"(2,4)",0,30,0.7692307692307693,0.591715976331361,0.0571238212287426,0.32070040702819824,0,0.0002186298370361328,0.00021874388039577752
"batch1_0_127|(2,4)",batch1_0_127,0,2,4,"(2,4)",0,31,0.7948717948717948,0.6318211702827087,0.05911482870578766,0.3287588953971863,0,0.00016450881958007812,0.00016449000395368785
"batch1_0_127|(2,4)",batch1_0_127,0,2,4,"(2,4)",0,32,0.8205128205128205,0.6732412886259039,0.061089351773262024,0.33667290210723877,0,0.0001462697982788086,0.00014630013902205974
"batch1_0_127|(2,4)",batch1_0_127,0,2,4,"(2,4)",0,33,0.8461538461538461,0.7159763313609467,0.0630398616194725,0.34442099928855896,0,0.00011754035949707031,0.00011779203487094492
"batch1_0_127|(2,4)",batch1_0_127,0,2,4,"(2,4)",0,34,0.8717948717948718,0.760026298487837,0.06496670097112656,0.3520144820213318,0,9.274482727050781e-05,9.272360330214724e-05
"batch1_0_127|(2,4)",batch1_0_127,0,2,4,"(2,4)",0,35,0.8974358974358975,0.8053911900065747,0.06686657667160034,0.35944610834121704,0,6.389617919921875e-05,6.398205005098134e-05
"batch1_0_127|(2,4)",batch1_0_127,0,2,4,"(2,4)",0,36,0.9230769230769231,0.8520710059171599,0.0687389150261879,0.3667042851448059,0,3.8623809814453125e-05,3.8673410017509013e-05
"batch1_0_127|(2,4)",batch1_0_127,0,2,4,"(2,4)",0,37,0.9487179487179487,0.9000657462195923,0.07058341801166534,0.3737848103046417,0,2.7418136596679688e-05,2.728693470999133e-05
"batch1_0_127|(2,4)",batch1_0_127,0,2,4,"(2,4)",0,38,0.9743589743589743,0.9493754109138725,0.07239668816328049,0.38068687915802,0,1.4781951904296875e-05,1.470048118790146e-05
"batch1_0_127|(2,4)",batch1_0_127,0,2,4,"(2,4)",0,39,1.0,1.0,0.07417501509189606,0.3874138593673706,1,-8.821487426757812e-06,-8.735183655517176e-06
"batch1_0_127|(2,5)",batch1_0_127,0,2,5,"(2,5)",0,0,0.0,0.0,0.0,0.0,0,0.0009922981262207031,0.0009925016202032566
"batch1_0_127|(2,5)",batch1_0_127,0,2,5,"(2,5)",0,1,0.02564102564102564,0.0006574621959237343,0.001960720168426633,0.016911029815673828,0,0.0009628534317016602,0.0009629688574932516
"batch1_0_127|(2,5)",batch1_0_127,0,2,5,"(2,5)",0,2,0.05128205128205128,0.0026298487836949372,0.003884321078658104,0.03379949927330017,0,0.0009332895278930664,0.0009333787020295858
"batch1_0_127|(2,5)",batch1_0_127,0,2,5,"(2,5)",0,3,0.07692307692307693,0.00591715976331361,0.005773106589913368,0.050514813512563705,0,0.0008999109268188477,0.0009001031285151839
"batch1_0_127|(2,5)",batch1_0_127,0,2,5,"(2,5)",0,4,0.10256410256410256,0.010519395134779749,0.0076174046844244,0.06662247329950333,0,0.0008624792098999023,0.0008626095950603485
"batch1_0_127|(2,5)",batch1_0_127,0,2,5,"(2,5)",0,5,0.1282051282051282,0.016436554898093356,0.009419645182788372,0.08210951834917068,0,0.0008296966552734375,0.0008299034088850021
"batch1_0_127|(2,5)",batch1_0_127,0,2,5,"(2,5)",0,6,0.15384615384615385,0.02366863905325444,0.011188043281435966,0.09688320755958557,0,0.0008029937744140625,0.000803206639830023
"batch1_0_127|(2,5)",batch1_0_127,0,2,5,"(2,5)",0,7,0.1794871794871795,0.032215647600262985,0.012934149242937565,0.11104803532361984,0,0.0007489919662475586,0.0007491151336580515
"batch1_0_127|(2,5)",batch1_0_127,0,2,5,"(2,5)",0,8,0.20512820512820512,0.042077580539118996,0.014657644554972649,0.12427293509244919,0,0.0007040500640869141,0.0007042691577225924
"batch1_0_127|(2,5)",batch1_0_127,0,2,5,"(2,5)",0,9,0.23076923076923078,0.053254437869822494,0.016377776861190796,0.13706877827644348,0,0.000662684440612793,0.0006628133123740554
"batch1_0_127|(2,5)",batch1_0_127,0,2,5,"(2,5)",0,10,0.2564102564102564,0.06574621959237342,0.018101081252098083,0.14955571293830872,0,0.0006287097930908203,0.0006288659642450511
"batch1_0_127|(2,5)",batch1_0_127,0,2,5,"(2,5)",0,11,0.28205128205128205,0.07955292570677186,0.019831998273730278,0.16171197593212128,0,0.0005964040756225586,0.0005965428426861763
"batch1_0_127|(2,5)",batch1_0_127,0,2,5,"(2,5)",0,12,0.3076923076923077,0.09467455621301776,0.021573038771748543,0.17365966737270355,0,0.000555872917175293,0.0005558812408708036
"batch1_0_127|(2,5)",batch1_0_127,0,2,5,"(2,5)",0,13,0.3333333333333333,0.1111111111111111,0.02332264371216297,0.18525181710720062,0,0.0005217790603637695,0.0005218439036980271
"batch1_0_127|(2,5)",batch1_0_127,0,2,5,"(2,5)",0,14,0.358974358974359,0.12886259040105194,0.025081703439354897,0.1966586709022522,0,0.00047469139099121094,0.00047490833094343543
"batch1_0_127|(2,5)",batch1_0_127,0,2,5,"(2,5)",0,15,0.38461538461538464,0.14792899408284024,0.026840757578611374,0.20784613490104675,0,0.0004507303237915039,0.00045067310566082597
"batch1_0_127|(2,5)",batch1_0_127,0,2,5,"(2,5)",0,16,0.41025641025641024,0.16831032215647598,0.02860387973487377,0.21885207295417786,0,0.00042051076889038086,0.00042053996003232896
"batch1_0_127|(2,5)",batch1_0_127,0,2,5,"(2,5)",0,17,0.4358974358974359,0.19000657462195925,0.030365927144885063,0.2297157198190689,0,0.00038230419158935547,0.0003823379229288548
"batch1_0_127|(2,5)",batch1_0_127,0,2,5,"(2,5)",0,18,0.46153846153846156,0.21301775147928997,0.032121751457452774,0.24045144021511078,0,0.0003364086151123047,0.0003364193835295737
"batch1_0_127|(2,5)",batch1_0_127,0,2,5,"(2,5)",0,19,0.48717948717948717,0.2373438527284681,0.03386867046356201,0.2511099874973297,0,0.00029653310775756836,0.00029657676350325346
"batch1_0_127|(2,5)",batch1_0_127,0,2,5,"(2,5)",0,20,0.5128205128205128,0.2629848783694937,0.03560308739542961,0.26156485080718994,0,0.0002512931823730469,0.00025133066810667515
"batch1_0_127|(2,5)",batch1_0_127,0,2,5,"(2,5)",0,21,0.5384615384615384,0.28994082840236685,0.037319399416446686,0.271727055311203,0,0.00020939111709594727,0.0002093913353746757
"batch1_0_127|(2,5)",batch1_0_127,0,2,5,"(2,5)",0,22,0.5641025641025641,0.31821170282708744,0.0390152782201767,0.28144967555999756,0,0.00017249584197998047,0.00017253015539608896
"batch1_0_127|(2,5)",batch1_0_127,0,2,5,"(2,5)",0,23,0.5897435897435898,0.3477975016436555,0.04069332033395767,0.29083895683288574,0,0.00014328956604003906,0.00014328770339488983
"batch1_0_127|(2,5)",batch1_0_127,0,2,5,"(2,5)",0,24,0.6153846153846154,0.37869822485207105,0.042350322008132935,0.2998771369457245,0,0.00011491775512695312,0.00011493659258121625
"batch1_0_127|(2,5)",batch1_0_127,0,2,5,"(2,5)",0,25,0.6410256410256411,0.4109138724523341,0.04398368299007416,0.30861997604370117,0,8.422136306762695e-05,8.422647806582972e-05
"batch1_0_127|(2,5)",batch1_0_127,0,2,5,"(2,5)",0,26,0.6666666666666666,0.4444444444444444,0.045592959970235825,0.3170551657676697,0,5.5909156799316406e-05,5.597736162599176e-05
"batch1_0_127|(2,5)",batch1_0_127,0,2,5,"(2,5)",0,27,0.6923076923076923,0.4792899408284023,0.0471767783164978,0.32520976662635803,0,2.6226043701171875e-05,2.6280538804712705e-05
"batch1_0_127|(2,5)",batch1_0_127,0,2,5,"(2,5)",0,28,0.717948717948718,0.5154503616042078,0.04873107001185417,0.3330819010734558,0,2.682209014892578e-06,2.6759307729662396e-06
"batch1_0_127|(2,5)",batch1_0_127,0,2,5,"(2,5)",0,29,0.7435897435897436,0.5529257067718607,0.050256382673978806,0.34068116545677185,1,-1.9848346710205078e-05,-1.982452886295505e-05
"batch1_0_127|(2,6)",batch1_0_127,0,2,6,"(2,6)",0,0,0.0,0.0,0.0,0.0,0,0.002801179885864258,0.0028021172620356083
"batch1_0_127|(2,6)",batch1_0_127,0,2,6,"(2,6)",0,1,0.02564102564102564,0.0006574621959237343,0.0019883413333445787,0.016142897307872772,0,0.00244903564453125,0.0024495453108102083
"batch1_0_127|(2,6)",batch1_0_127,0,2,6,"(2,6)",0,2,0.05128205128205128,0.0026298487836949372,0.00393314054235816,0.03193631395697594,0,0.002122640609741211,0.0021230392158031464
"batch1_0_127|(2,6)",batch1_0_127,0,2,6,"(2,6)",0,3,0.07692307692307693,0.00591715976331361,0.005830957554280758,0.04712354764342308,0,0.0018215179443359375,0.001821966958232224
"batch1_0_127|(2,6)",batch1_0_127,0,2,6,"(2,6)",0,4,0.10256410256410256,0.010519395134779749,0.007682413328438997,0.06151929497718811,0,0.0015747547149658203,0.0015748421428725123
"batch1_0_127|(2,6)",batch1_0_127,0,2,6,"(2,6)",0,5,0.1282051282051282,0.016436554898093356,0.009497097693383694,0.07512373477220535,0,0.00136566162109375,0.0013660351978614926
"batch1_0_127|(2,6)",batch1_0_127,0,2,6,"(2,6)",0,6,0.15384615384615385,0.02366863905325444,0.011283552274107933,0.08785734325647354,0,0.0011990070343017578,0.0011989579070359468
"batch1_0_127|(2,6)",batch1_0_127,0,2,6,"(2,6)",0,7,0.1794871794871795,0.032215647600262985,0.013056686148047447,0.0998789444565773,0,0.0010552406311035156,0.0010554131586104631
"batch1_0_127|(2,6)",batch1_0_127,0,2,6,"(2,6)",0,8,0.20512820512820512,0.042077580539118996,0.014825555495917797,0.11125922948122025,0,0.0009263753890991211,0.0009264505933970213
"batch1_0_127|(2,6)",batch1_0_127,0,2,6,"(2,6)",0,9,0.23076923076923078,0.053254437869822494,0.016595853492617607,0.1221160963177681,0,0.0008151531219482422,0.000815103470813483
"batch1_0_127|(2,6)",batch1_0_127,0,2,6,"(2,6)",0,10,0.2564102564102564,0.06574621959237342,0.018373912200331688,0.13253670930862427,0,0.0007281303405761719,0.0007280466961674392
"batch1_0_127|(2,6)",batch1_0_127,0,2,6,"(2,6)",0,11,0.28205128205128205,0.07955292570677186,0.020168783143162727,0.14268821477890015,0,0.0006492137908935547,0.0006492465035989881
"batch1_0_127|(2,6)",batch1_0_127,0,2,6,"(2,6)",0,12,0.3076923076923077,0.09467455621301776,0.02198244258761406,0.15264543890953064,0,0.000571131706237793,0.0005712546408176422
"batch1_0_127|(2,6)",batch1_0_127,0,2,6,"(2,6)",0,13,0.3333333333333333,0.1111111111111111,0.023819806054234505,0.16243143379688263,0,0.0004990100860595703,0.0004992858739569783
"batch1_0_127|(2,6)",batch1_0_127,0,2,6,"(2,6)",0,14,0.358974358974359,0.12886259040105194,0.025679176673293114,0.17211925983428955,0,0.00044143199920654297,0.0004415176808834076
"batch1_0_127|(2,6)",batch1_0_127,0,2,6,"(2,6)",0,15,0.38461538461538464,0.14792899408284024,0.027563458308577538,0.1817564219236374,0,0.00038743019104003906,0.0003873528621625155
"batch1_0_127|(2,6)",batch1_0_127,0,2,6,"(2,6)",0,16,0.41025641025641024,0.16831032215647598,0.02946784533560276,0.1913091242313385,0,0.0003407001495361328,0.0003407986368983984
"batch1_0_127|(2,6)",batch1_0_127,0,2,6,"(2,6)",0,17,0.4358974358974359,0.19000657462195925,0.031395480036735535,0.20079010725021362,0,0.00029921531677246094,0.00029922969406470656
"batch1_0_127|(2,6)",batch1_0_127,0,2,6,"(2,6)",0,18,0.46153846153846156,0.21301775147928997,0.03334491327404976,0.2102343738079071,0,0.0002617835998535156,0.0002619285660330206
"batch1_0_127|(2,6)",batch1_0_127,0,2,6,"(2,6)",0,19,0.48717948717948717,0.2373438527284681,0.03531564027070999,0.21960166096687317,0,0.00022983551025390625,0.00022979114146437496
"batch1_0_127|(2,6)",batch1_0_127,0,2,6,"(2,6)",0,20,0.5128205128205128,0.2629848783694937,0.037297360599040985,0.22887291014194489,0,0.00018012523651123047,0.0001802210317691788
"batch1_0_127|(2,6)",batch1_0_127,0,2,6,"(2,6)",0,21,0.5384615384615384,0.28994082840236685,0.039287615567445755,0.23801060020923615,0,0.000148773193359375,0.00014884216943755746
"batch1_0_127|(2,6)",batch1_0_127,0,2,6,"(2,6)",0,22,0.5641025641025641,0.31821170282708744,0.041286855936050415,0.24699483811855316,0,0.00011658668518066406,0.00011656856804620475
"batch1_0_127|(2,6)",batch1_0_127,0,2,6,"(2,6)",0,23,0.5897435897435898,0.3477975016436555,0.04329312965273857,0.2559070289134979,0,8.761882781982422e-05,8.762760262470692e-05
"batch1_0_127|(2,6)",batch1_0_127,0,2,6,"(2,6)",0,24,0.6153846153846154,0.37869822485207105,0.04530305042862892,0.26471763849258423,0,5.054473876953125e-05,5.057084490545094e-05
"batch1_0_127|(2,6)",batch1_0_127,0,2,6,"(2,6)",0,25,0.6410256410256411,0.4109138724523341,0.04731613025069237,0.27342602610588074,0,2.6106834411621094e-05,2.598775790829677e-05
"batch1_0_127|(2,6)",batch1_0_127,0,2,6,"(2,6)",0,26,0.6666666666666666,0.4444444444444444,0.04932371526956558,0.2819696068763733,0,3.5762786865234375e-07,3.2817422379594063e-07
"batch1_0_127|(2,6)",batch1_0_127,0,2,6,"(2,6)",0,27,0.6923076923076923,0.4792899408284023,0.05132513493299484,0.29036056995391846,1,-4.088878631591797e-05,-4.095280382898636e-05
"batch1_0_127|(2,7)",batch1_0_127,0,2,7,"(2,7)",1,0,0.0,0.0,0.0,0.0,0,0.002059459686279297,0.0020597444381564856
"batch1_0_127|(2,7)",batch1_0_127,0,2,7,"(2,7)",1,1,0.02564102564102564,0.0006574621959237343,0.002052503637969494,0.017152272164821625,0,0.0019254684448242188,0.0019255726365372539
"batch1_0_127|(2,7)",batch1_0_127,0,2,7,"(2,7)",1,2,0.05128205128205128,0.0026298487836949372,0.0040701767429709435,0.034324515610933304,0,0.0018033981323242188,0.001803763210773468
"batch1_0_127|(2,7)",batch1_0_127,0,2,7,"(2,7)",1,3,0.07692307692307693,0.00591715976331361,0.006049369461834431,0.05122968927025795,0,0.0017020702362060547,0.0017025477718561888
"batch1_0_127|(2,7)",batch1_0_127,0,2,7,"(2,7)",1,4,0.10256410256410256,0.010519395134779749,0.007988527417182922,0.06761373579502106,0,0.0015799999237060547,0.001580275478772819
"batch1_0_127|(2,7)",batch1_0_127,0,2,7,"(2,7)",1,5,0.1282051282051282,0.016436554898093356,0.009885144419968128,0.0831497386097908,0,0.001477956771850586,0.001478048856370151
"batch1_0_127|(2,7)",batch1_0_127,0,2,7,"(2,7)",1,6,0.15384615384615385,0.02366863905325444,0.011749201454222202,0.09783771634101868,0,0.0013737678527832031,0.0013738394482061267
"batch1_0_127|(2,7)",batch1_0_127,0,2,7,"(2,7)",1,7,0.1794871794871795,0.032215647600262985,0.013585860840976238,0.11158935725688934,0,0.0012629032135009766,0.0012629880802705884
"batch1_0_127|(2,7)",batch1_0_127,0,2,7,"(2,7)",1,8,0.20512820512820512,0.042077580539118996,0.015403701923787594,0.12439769506454468,0,0.0011515617370605469,0.0011518321698531508
"batch1_0_127|(2,7)",batch1_0_127,0,2,7,"(2,7)",1,9,0.23076923076923078,0.053254437869822494,0.017210548743605614,0.1363891214132309,0,0.0010445117950439453,0.0010443718638271093
"batch1_0_127|(2,7)",batch1_0_127,0,2,7,"(2,7)",1,10,0.2564102564102564,0.06574621959237342,0.019019873812794685,0.1477685421705246,0,0.0009360313415527344,0.0009363885619677603
"batch1_0_127|(2,7)",batch1_0_127,0,2,7,"(2,7)",1,11,0.28205128205128205,0.07955292570677186,0.02083875797688961,0.15862512588500977,0,0.0008282661437988281,0.0008284199284389615
"batch1_0_127|(2,7)",batch1_0_127,0,2,7,"(2,7)",1,12,0.3076923076923077,0.09467455621301776,0.0226726233959198,0.16914993524551392,0,0.0007126331329345703,0.0007128646248020232
"batch1_0_127|(2,7)",batch1_0_127,0,2,7,"(2,7)",1,13,0.3333333333333333,0.1111111111111111,0.024527965113520622,0.17930732667446136,0,0.0005772113800048828,0.000577249622438103
"batch1_0_127|(2,7)",batch1_0_127,0,2,7,"(2,7)",1,14,0.358974358974359,0.12886259040105194,0.026403134688735008,0.18913397192955017,0,0.00043201446533203125,0.00043217395432293415
"batch1_0_127|(2,7)",batch1_0_127,0,2,7,"(2,7)",1,15,0.38461538461538464,0.14792899408284024,0.028297841548919678,0.1986580193042755,0,0.00027680397033691406,0.0002767325786408037
"batch1_0_127|(2,7)",batch1_0_127,0,2,7,"(2,7)",1,16,0.41025641025641024,0.16831032215647598,0.030211230739951134,0.20791153609752655,0,0.000110626220703125,0.00011067263403674588
"batch1_0_127|(2,7)",batch1_0_127,0,2,7,"(2,7)",1,17,0.4358974358974359,0.19000657462195925,0.03214452415704727,0.21691858768463135,1,-8.082389831542969e-05,-8.079559484031051e-05
"batch1_0_127|(3,4)",batch1_0_127,0,3,4,"(3,4)",0,0,0.0,0.0,0.0,0.0,0,0.002012014389038086,0.0020124914590269327
"batch1_0_127|(3,4)",batch1_0_127,0,3,4,"(3,4)",0,1,0.02564102564102564,0.0006574621959237343,0.0019778709392994642,0.017142247408628464,0,0.0017955303192138672,0.0017959336983039975
"batch1_0_127|(3,4)",batch1_0_127,0,3,4,"(3,4)",0,2,0.05128205128205128,0.0026298487836949372,0.003920858725905418,0.03388316184282303,0,0.0015976428985595703,0.0015978201990947127
"batch1_0_127|(3,4)",batch1_0_127,0,3,4,"(3,4)",0,3,0.07692307692307693,0.00591715976331361,0.005824408493936062,0.05009050294756889,0,0.0014190673828125,0.0014193695969879627
"batch1_0_127|(3,4)",batch1_0_127,0,3,4,"(3,4)",0,4,0.10256410256410256,0.010519395134779749,0.007684946525841951,0.06548963487148285,0,0.0012524127960205078,0.001252590911462903
"batch1_0_127|(3,4)",batch1_0_127,0,3,4,"(3,4)",0,5,0.1282051282051282,0.016436554898093356,0.009506825357675552,0.07992930710315704,0,0.0011212825775146484,0.0011212985264137387
"batch1_0_127|(3,4)",batch1_0_127,0,3,4,"(3,4)",0,6,0.15384615384615385,0.02366863905325444,0.011304149404168129,0.09357843548059464,0,0.0010223388671875,0.0010224755387753248
"batch1_0_127|(3,4)",batch1_0_127,0,3,4,"(3,4)",0,7,0.1794871794871795,0.032215647600262985,0.013088987208902836,0.1064901202917099,0,0.0009436607360839844,0.0009438014240004122
"batch1_0_127|(3,4)",batch1_0_127,0,3,4,"(3,4)",0,8,0.20512820512820512,0.042077580539118996,0.014868666417896748,0.1188155859708786,0,0.0008792877197265625,0.0008793354500085115
"batch1_0_127|(3,4)",batch1_0_127,0,3,4,"(3,4)",0,9,0.23076923076923078,0.053254437869822494,0.01664663292467594,0.13062907755374908,0,0.0008186101913452148,0.0008188326610252261
"batch1_0_127|(3,4)",batch1_0_127,0,3,4,"(3,4)",0,10,0.2564102564102564,0.06574621959237342,0.018423864617943764,0.14193382859230042,0,0.0007717609405517578,0.0007718975539319217
"batch1_0_127|(3,4)",batch1_0_127,0,3,4,"(3,4)",0,11,0.28205128205128205,0.07955292570677186,0.02020438015460968,0.15282197296619415,0,0.0007349252700805664,0.0007349163643084466
"batch1_0_127|(3,4)",batch1_0_127,0,3,4,"(3,4)",0,12,0.3076923076923077,0.09467455621301776,0.021991372108459473,0.1633804440498352,0,0.0007010698318481445,0.0007011700654402375
"batch1_0_127|(3,4)",batch1_0_127,0,3,4,"(3,4)",0,13,0.3333333333333333,0.1111111111111111,0.023784281685948372,0.17366603016853333,0,0.0006619691848754883,0.0006620966014452279
"batch1_0_127|(3,4)",batch1_0_127,0,3,4,"(3,4)",0,14,0.358974358974359,0.12886259040105194,0.025584274902939796,0.18370814621448517,0,0.0006382465362548828,0.0006383141153492033
"batch1_0_127|(3,4)",batch1_0_127,0,3,4,"(3,4)",0,15,0.38461538461538464,0.14792899408284024,0.027392348274588585,0.19348934292793274,0,0.0006049871444702148,0.0006051979144103825
"batch1_0_127|(3,4)",batch1_0_127,0,3,4,"(3,4)",0,16,0.41025641025641024,0.16831032215647598,0.029206644743680954,0.20301923155784607,0,0.0005819797515869141,0.0005821040831506252
"batch1_0_127|(3,4)",batch1_0_127,0,3,4,"(3,4)",0,17,0.4358974358974359,0.19000657462195925,0.031026991084218025,0.212396040558815,0,0.0005526542663574219,0.0005528195761144161
"batch1_0_127|(3,4)",batch1_0_127,0,3,4,"(3,4)",0,18,0.46153846153846156,0.21301775147928997,0.03285173699259758,0.22161217033863068,0,0.0005241632461547852,0.0005242037586867809
"batch1_0_127|(3,4)",batch1_0_127,0,3,4,"(3,4)",0,19,0.48717948717948717,0.2373438527284681,0.03467973694205284,0.2306794822216034,0,0.0004949569702148438,0.000494752312079072
"batch1_0_127|(3,4)",batch1_0_127,0,3,4,"(3,4)",0,20,0.5128205128205128,0.2629848783694937,0.036511920392513275,0.23963801562786102,0,0.00046324729919433594,0.0004633015487343073
"batch1_0_127|(3,4)",batch1_0_127,0,3,4,"(3,4)",0,21,0.5384615384615384,0.28994082840236685,0.03834298625588417,0.24850104749202728,0,0.00042045116424560547,0.00042030238546431065
"batch1_0_127|(3,4)",batch1_0_127,0,3,4,"(3,4)",0,22,0.5641025641025641,0.31821170282708744,0.04017280414700508,0.257281631231308,0,0.00039327144622802734,0.0003934488049708307
"batch1_0_127|(3,4)",batch1_0_127,0,3,4,"(3,4)",0,23,0.5897435897435898,0.3477975016436555,0.042000968009233475,0.2659626007080078,0,0.0003609657287597656,0.0003608590050134808
"batch1_0_127|(3,4)",batch1_0_127,0,3,4,"(3,4)",0,24,0.6153846153846154,0.37869822485207105,0.04382601007819176,0.2745204269886017,0,0.0003261566162109375,0.0003263535618316382
"batch1_0_127|(3,4)",batch1_0_127,0,3,4,"(3,4)",0,25,0.6410256410256411,0.4109138724523341,0.04564526677131653,0.28297320008277893,0,0.00031435489654541016,0.00031460722675547004
"batch1_0_127|(3,4)",batch1_0_127,0,3,4,"(3,4)",0,26,0.6666666666666666,0.4444444444444444,0.047457288950681686,0.29128196835517883,0,0.0002608299255371094,0.0002606507914606482
"batch1_0_127|(3,4)",batch1_0_127,0,3,4,"(3,4)",0,27,0.6923076923076923,0.4792899408284023,0.04926420375704765,0.2994287610054016,0,0.00023984909057617188,0.00023985456209629774
"batch1_0_127|(3,4)",batch1_0_127,0,3,4,"(3,4)",0,28,0.717948717948718,0.5154503616042078,0.05106024071574211,0.30743134021759033,0,0.0002257823944091797,0.0002257135056424886
"batch1_0_127|(3,4)",batch1_0_127,0,3,4,"(3,4)",0,29,0.7435897435897436,0.5529257067718607,0.05284389480948448,0.3152701258659363,0,0.0002040863037109375,0.00020396239415276796
"batch1_0_127|(3,4)",batch1_0_127,0,3,4,"(3,4)",0,30,0.7692307692307693,0.591715976331361,0.054612673819065094,0.3229098618030548,0,0.00018715858459472656,0.00018757619545795023
"batch1_0_127|(3,4)",batch1_0_127,0,3,4,"(3,4)",0,31,0.7948717948717948,0.6318211702827087,0.0563662014901638,0.33039578795433044,0,0.00017380714416503906,0.00017409221618436277
"batch1_0_127|(3,4)",batch1_0_127,0,3,4,"(3,4)",0,32,0.8205128205128205,0.6732412886259039,0.05810357257723808,0.3377154767513275,0,0.00015592575073242188,0.00015631580026820302
"batch1_0_127|(3,4)",batch1_0_127,0,3,4,"(3,4)",0,33,0.8461538461538461,0.7159763313609467,0.05982028320431709,0.34487077593803406,0,0.00011014938354492188,0.00011032102338504046
"batch1_0_127|(3,4)",batch1_0_127,0,3,4,"(3,4)",0,34,0.8717948717948718,0.760026298487837,0.06151345744729042,0.3518350422382355,0,0.00010395050048828125,0.00010417027078801766
"batch1_0_127|(3,4)",batch1_0_127,0,3,4,"(3,4)",0,35,0.8974358974358975,0.8053911900065747,0.06318467855453491,0.3586201071739197,0,0.00011086463928222656,0.00011141870345454663
"batch1_0_127|(3,4)",batch1_0_127,0,3,4,"(3,4)",0,36,0.9230769230769231,0.8520710059171599,0.06483451277017593,0.3652578890323639,0,0.00012183189392089844,0.00012208332191221416
"batch1_0_127|(3,4)",batch1_0_127,0,3,4,"(3,4)",0,37,0.9487179487179487,0.9000657462195923,0.06646086275577545,0.37173768877983093,0,0.00011658668518066406,0.00011677813745336607
"batch1_0_127|(3,4)",batch1_0_127,0,3,4,"(3,4)",0,38,0.9743589743589743,0.9493754109138725,0.06806310266256332,0.37807950377464294,0,0.00010466575622558594,0.00010511225264053792
"batch1_0_127|(3,4)",batch1_0_127,0,3,4,"(3,4)",0,39,1.0,1.0,0.06963937729597092,0.38426798582077026,0,9.226799011230469e-05,9.258519276045263e-05
"batch1_0_127|(3,5)",batch1_0_127,0,3,5,"(3,5)",0,0,0.0,0.0,0.0,0.0,0,0.000986337661743164,0.0009864858584478498
"batch1_0_127|(3,5)",batch1_0_127,0,3,5,"(3,5)",0,1,0.02564102564102564,0.0006574621959237343,0.0019966342952102423,0.017188003286719322,0,0.0009188652038574219,0.000918814679607749
"batch1_0_127|(3,5)",batch1_0_127,0,3,5,"(3,5)",0,2,0.05128205128205128,0.0026298487836949372,0.003953692503273487,0.03393087536096573,0,0.0008688569068908691,0.0008689766982570291
"batch1_0_127|(3,5)",batch1_0_127,0,3,5,"(3,5)",0,3,0.07692307692307693,0.00591715976331361,0.005880187265574932,0.050448331981897354,0,0.0008162260055541992,0.0008162955637089908
"batch1_0_127|(3,5)",batch1_0_127,0,3,5,"(3,5)",0,4,0.10256410256410256,0.010519395134779749,0.00777043029665947,0.06648634374141693,0,0.0007612109184265137,0.0007613401394337416
"batch1_0_127|(3,5)",batch1_0_127,0,3,5,"(3,5)",0,5,0.1282051282051282,0.016436554898093356,0.009628714993596077,0.08203565329313278,0,0.0007152557373046875,0.0007152673788368702
"batch1_0_127|(3,5)",batch1_0_127,0,3,5,"(3,5)",0,6,0.15384615384615385,0.02366863905325444,0.01146018411964178,0.09694401174783707,0,0.0006765127182006836,0.0006766440928913653
"batch1_0_127|(3,5)",batch1_0_127,0,3,5,"(3,5)",0,7,0.1794871794871795,0.032215647600262985,0.013273081742227077,0.11105021089315414,0,0.0006300806999206543,0.0006301472312770784
"batch1_0_127|(3,5)",batch1_0_127,0,3,5,"(3,5)",0,8,0.20512820512820512,0.042077580539118996,0.01506986003369093,0.12435977905988693,0,0.0005755424499511719,0.0005755434394814074
"batch1_0_127|(3,5)",batch1_0_127,0,3,5,"(3,5)",0,9,0.23076923076923078,0.053254437869822494,0.016853248700499535,0.13691386580467224,0,0.0005267858505249023,0.000526844582054764
"batch1_0_127|(3,5)",batch1_0_127,0,3,5,"(3,5)",0,10,0.2564102564102564,0.06574621959237342,0.01862664334475994,0.14886781573295593,0,0.00047707557678222656,0.0004771130043081939
"batch1_0_127|(3,5)",batch1_0_127,0,3,5,"(3,5)",0,11,0.28205128205128205,0.07955292570677186,0.02039896324276924,0.16046051681041718,0,0.0004239678382873535,0.0004239845147822052
"batch1_0_127|(3,5)",batch1_0_127,0,3,5,"(3,5)",0,12,0.3076923076923077,0.09467455621301776,0.02216729149222374,0.17167018353939056,0,0.000372469425201416,0.0003725876158569008
"batch1_0_127|(3,5)",batch1_0_127,0,3,5,"(3,5)",0,13,0.3333333333333333,0.1111111111111111,0.023929709568619728,0.18240629136562347,0,0.0003247857093811035,0.0003247778513468802
"batch1_0_127|(3,5)",batch1_0_127,0,3,5,"(3,5)",0,14,0.358974358974359,0.12886259040105194,0.025687022134661674,0.19273170828819275,0,0.0002776980400085449,0.00027769964071922004
"batch1_0_127|(3,5)",batch1_0_127,0,3,5,"(3,5)",0,15,0.38461538461538464,0.14792899408284024,0.027439728379249573,0.20278291404247284,0,0.00023818016052246094,0.00023820735805202276
"batch1_0_127|(3,5)",batch1_0_127,0,3,5,"(3,5)",0,16,0.41025641025641024,0.16831032215647598,0.02918783761560917,0.2126588672399521,0,0.0002071857452392578,0.00020722976478282362
"batch1_0_127|(3,5)",batch1_0_127,0,3,5,"(3,5)",0,17,0.4358974358974359,0.19000657462195925,0.03092925064265728,0.22242499887943268,0,0.00016415119171142578,0.0001642322022235021
"batch1_0_127|(3,5)",batch1_0_127,0,3,5,"(3,5)",0,18,0.46153846153846156,0.21301775147928997,0.032660841941833496,0.23196057975292206,0,0.00012350082397460938,0.00012353871716186404
"batch1_0_127|(3,5)",batch1_0_127,0,3,5,"(3,5)",0,19,0.48717948717948717,0.2373438527284681,0.034378934651613235,0.24132727086544037,0,9.554624557495117e-05,9.557717567076907e-05
"batch1_0_127|(3,5)",batch1_0_127,0,3,5,"(3,5)",0,20,0.5128205128205128,0.2629848783694937,0.036086469888687134,0.2505839169025421,0,6.330013275146484e-05,6.321353430394083e-05
"batch1_0_127|(3,5)",batch1_0_127,0,3,5,"(3,5)",0,21,0.5384615384615384,0.28994082840236685,0.03777994215488434,0.2596518397331238,0,2.944469451904297e-05,2.943975050584413e-05
"batch1_0_127|(3,5)",batch1_0_127,0,3,5,"(3,5)",0,22,0.5641025641025641,0.31821170282708744,0.03945768252015114,0.26848429441452026,0,1.4007091522216797e-06,1.4016591194376815e-06
"batch1_0_127|(3,5)",batch1_0_127,0,3,5,"(3,5)",0,23,0.5897435897435898,0.3477975016436555,0.04112064838409424,0.2771305441856384,1,-2.3543834686279297e-05,-2.354005482629873e-05
"batch1_0_127|(3,6)",batch1_0_127,0,3,6,"(3,6)",0,0,0.0,0.0,0.0,0.0,0,0.0028357505798339844,0.002836786676198244
"batch1_0_127|(3,6)",batch1_0_127,0,3,6,"(3,6)",0,1,0.02564102564102564,0.0006574621959237343,0.002023831708356738,0.01611456274986267,0,0.002475738525390625,0.0024762917309999466
"batch1_0_127|(3,6)",batch1_0_127,0,3,6,"(3,6)",0,2,0.05128205128205128,0.0026298487836949372,0.004009046126157045,0.031815603375434875,0,0.0021550655364990234,0.0021555195562541485
"batch1_0_127|(3,6)",batch1_0_127,0,3,6,"(3,6)",0,3,0.07692307692307693,0.00591715976331361,0.005956854205578566,0.04702247679233551,0,0.0018436908721923828,0.001844424637965858
"batch1_0_127|(3,6)",batch1_0_127,0,3,6,"(3,6)",0,4,0.10256410256410256,0.010519395134779749,0.0078623928129673,0.06163483485579491,0,0.0015881061553955078,0.001588325947523117
"batch1_0_127|(3,6)",batch1_0_127,0,3,6,"(3,6)",0,5,0.1282051282051282,0.016436554898093356,0.00973246805369854,0.07558737695217133,0,0.0013719797134399414,0.0013721545692533255
"batch1_0_127|(3,6)",batch1_0_127,0,3,6,"(3,6)",0,6,0.15384615384615385,0.02366863905325444,0.01157335564494133,0.08890672773122787,0,0.0011930465698242188,0.0011932927882298827
"batch1_0_127|(3,6)",batch1_0_127,0,3,6,"(3,6)",0,7,0.1794871794871795,0.032215647600262985,0.01339157484471798,0.10166339576244354,0,0.0010246038436889648,0.0010246855672448874
"batch1_0_127|(3,6)",batch1_0_127,0,3,6,"(3,6)",0,8,0.20512820512820512,0.042077580539118996,0.015190440230071545,0.11380376666784286,0,0.0008786916732788086,0.0008786580292508006
"batch1_0_127|(3,6)",batch1_0_127,0,3,6,"(3,6)",0,9,0.23076923076923078,0.053254437869822494,0.016976159065961838,0.1253996342420578,0,0.0007550716400146484,0.0007550938171334565
"batch1_0_127|(3,6)",batch1_0_127,0,3,6,"(3,6)",0,10,0.2564102564102564,0.06574621959237342,0.01875736005604267,0.13655711710453033,0,0.0006471872329711914,0.000647127628326416
"batch1_0_127|(3,6)",batch1_0_127,0,3,6,"(3,6)",0,11,0.28205128205128205,0.07955292570677186,0.020537666976451874,0.14728622138500214,0,0.0005577802658081055,0.0005577756091952324
"batch1_0_127|(3,6)",batch1_0_127,0,3,6,"(3,6)",0,12,0.3076923076923077,0.09467455621301776,0.02231725864112377,0.1577760875225067,0,0.00047659873962402344,0.00047682097647339106
"batch1_0_127|(3,6)",batch1_0_127,0,3,6,"(3,6)",0,13,0.3333333333333333,0.1111111111111111,0.02410317026078701,0.1679806411266327,0,0.0004044771194458008,0.0004044960078317672
"batch1_0_127|(3,6)",batch1_0_127,0,3,6,"(3,6)",0,14,0.358974358974359,0.12886259040105194,0.025895504280924797,0.17794787883758545,0,0.00034356117248535156,0.00034362904261797667
"batch1_0_127|(3,6)",batch1_0_127,0,3,6,"(3,6)",0,15,0.38461538461538464,0.14792899408284024,0.027696965262293816,0.18770058453083038,0,0.0002846717834472656,0.00028474756982177496
"batch1_0_127|(3,6)",batch1_0_127,0,3,6,"(3,6)",0,16,0.41025641025641024,0.16831032215647598,0.02950683981180191,0.19722779095172882,0,0.00021886825561523438,0.0002188963844673708
"batch1_0_127|(3,6)",batch1_0_127,0,3,6,"(3,6)",0,17,0.4358974358974359,0.19000657462195925,0.031323354691267014,0.2065005749464035,0,0.00016689300537109375,0.00016706704627722502
"batch1_0_127|(3,6)",batch1_0_127,0,3,6,"(3,6)",0,18,0.46153846153846156,0.21301775147928997,0.03314586356282234,0.21550051867961884,0,0.00012028217315673828,0.00012030959624098614
"batch1_0_127|(3,6)",batch1_0_127,0,3,6,"(3,6)",0,19,0.48717948717948717,0.2373438527284681,0.0349767804145813,0.22423022985458374,0,7.832050323486328e-05,7.845064101275057e-05
"batch1_0_127|(3,6)",batch1_0_127,0,3,6,"(3,6)",0,20,0.5128205128205128,0.2629848783694937,0.03681575879454613,0.23273730278015137,0,4.1365623474121094e-05,4.142249599681236e-05
"batch1_0_127|(3,6)",batch1_0_127,0,3,6,"(3,6)",0,21,0.5384615384615384,0.28994082840236685,0.038661472499370575,0.24109433591365814,0,7.152557373046875e-06,7.225642548291944e-06
"batch1_0_127|(3,6)",batch1_0_127,0,3,6,"(3,6)",0,22,0.5641025641025641,0.31821170282708744,0.040512796491384506,0.24932576715946198,1,-2.4497509002685547e-05,-2.4513014068361372e-05
"batch1_0_127|(3,7)",batch1_0_127,0,3,7,"(3,7)",1,0,0.0,0.0,0.0,0.0,0,0.002141237258911133,0.0021417110692709684
"batch1_0_127|(3,7)",batch1_0_127,0,3,7,"(3,7)",1,1,0.02564102564102564,0.0006574621959237343,0.002125559840351343,0.017534278333187103,0,0.0019012689590454102,0.0019014182034879923
"batch1_0_127|(3,7)",batch1_0_127,0,3,7,"(3,7)",1,2,0.05128205128205128,0.0026298487836949372,0.004199244547635317,0.03474119305610657,0,0.0017108917236328125,0.0017109678592532873
"batch1_0_127|(3,7)",batch1_0_127,0,3,7,"(3,7)",1,3,0.07692307692307693,0.00591715976331361,0.006219298578798771,0.05148142948746681,0,0.0015091896057128906,0.001509378431364894
"batch1_0_127|(3,7)",batch1_0_127,0,3,7,"(3,7)",1,4,0.10256410256410256,0.010519395134779749,0.008179636672139168,0.06748787313699722,0,0.0013232231140136719,0.0013233767822384834
"batch1_0_127|(3,7)",batch1_0_127,0,3,7,"(3,7)",1,5,0.1282051282051282,0.016436554898093356,0.01008459459990263,0.08263189345598221,0,0.0011485815048217773,0.0011486734729260206
"batch1_0_127|(3,7)",batch1_0_127,0,3,7,"(3,7)",1,6,0.15384615384615385,0.02366863905325444,0.011938213370740414,0.09676870703697205,0,0.0010074377059936523,0.0010074788006022573
"batch1_0_127|(3,7)",batch1_0_127,0,3,7,"(3,7)",1,7,0.1794871794871795,0.032215647600262985,0.01375453919172287,0.10989633947610855,0,0.0008745193481445312,0.0008745332597754896
"batch1_0_127|(3,7)",batch1_0_127,0,3,7,"(3,7)",1,8,0.20512820512820512,0.042077580539118996,0.015541677363216877,0.12208590656518936,0,0.0007679462432861328,0.0007680987473577261
"batch1_0_127|(3,7)",batch1_0_127,0,3,7,"(3,7)",1,9,0.23076923076923078,0.053254437869822494,0.01731501892209053,0.1335896998643875,0,0.0006639957427978516,0.0006641633226536214
"batch1_0_127|(3,7)",batch1_0_127,0,3,7,"(3,7)",1,10,0.2564102564102564,0.06574621959237342,0.019078237935900688,0.1444915384054184,0,0.0005702972412109375,0.00057041528634727
"batch1_0_127|(3,7)",batch1_0_127,0,3,7,"(3,7)",1,11,0.28205128205128205,0.07955292570677186,0.02083832398056984,0.15486690402030945,0,0.0004885196685791016,0.0004887442919425666
"batch1_0_127|(3,7)",batch1_0_127,0,3,7,"(3,7)",1,12,0.3076923076923077,0.09467455621301776,0.022602295503020287,0.16484589874744415,0,0.00039649009704589844,0.00039649693644605577
"batch1_0_127|(3,7)",batch1_0_127,0,3,7,"(3,7)",1,13,0.3333333333333333,0.1111111111111111,0.024372925981879234,0.1745316982269287,0,0.00030732154846191406,0.00030746954143978655
"batch1_0_127|(3,7)",batch1_0_127,0,3,7,"(3,7)",1,14,0.358974358974359,0.12886259040105194,0.026152344420552254,0.18396912515163422,0,0.00021851062774658203,0.0002185784833272919
"batch1_0_127|(3,7)",batch1_0_127,0,3,7,"(3,7)",1,15,0.38461538461538464,0.14792899408284024,0.027941612526774406,0.19320358335971832,0,0.00011444091796875,0.00011453466868260875
"batch1_0_127|(3,7)",batch1_0_127,0,3,7,"(3,7)",1,16,0.41025641025641024,0.16831032215647598,0.029738232493400574,0.2021363228559494,0,7.033348083496094e-06,7.193294095486635e-06
"batch1_0_127|(3,7)",batch1_0_127,0,3,7,"(3,7)",1,17,0.4358974358974359,0.19000657462195925,0.031545426696538925,0.21078813076019287,1,-0.00010311603546142578,-0.00010287735494785011
"batch1_0_127|(4,5)",batch1_0_127,0,4,5,"(4,5)",0,0,0.0,0.0,0.0,0.0,0,0.0018044710159301758,0.001804803847335279
"batch1_0_127|(4,5)",batch1_0_127,0,4,5,"(4,5)",0,1,0.02564102564102564,0.0006574621959237343,0.001942586270160973,0.01740841194987297,0,0.0015920400619506836,0.0015923107275739312
"batch1_0_127|(4,5)",batch1_0_127,0,4,5,"(4,5)",0,2,0.05128205128205128,0.0026298487836949372,0.0038570051547139883,0.034552332013845444,0,0.0013976097106933594,0.0013977123890072107
"batch1_0_127|(4,5)",batch1_0_127,0,4,5,"(4,5)",0,3,0.07692307692307693,0.00591715976331361,0.0057396432384848595,0.05140666291117668,0,0.00121307373046875,0.0012132144765928388
"batch1_0_127|(4,5)",batch1_0_127,0,4,5,"(4,5)",0,4,0.10256410256410256,0.010519395134779749,0.007583838887512684,0.06753669679164886,0,0.0010695457458496094,0.0010696399258449674
"batch1_0_127|(4,5)",batch1_0_127,0,4,5,"(4,5)",0,5,0.1282051282051282,0.016436554898093356,0.009402166120707989,0.08294444531202316,0,0.0009412765502929688,0.000941356411203742
"batch1_0_127|(4,5)",batch1_0_127,0,4,5,"(4,5)",0,6,0.15384615384615385,0.02366863905325444,0.011198802851140499,0.09747988730669022,0,0.000836491584777832,0.0008365227258764207
"batch1_0_127|(4,5)",batch1_0_127,0,4,5,"(4,5)",0,7,0.1794871794871795,0.032215647600262985,0.012987490743398666,0.1112850159406662,0,0.0007498264312744141,0.0007499827770516276
"batch1_0_127|(4,5)",batch1_0_127,0,4,5,"(4,5)",0,8,0.20512820512820512,0.042077580539118996,0.014777954667806625,0.1244499459862709,0,0.0006806850433349609,0.000680839701090008
"batch1_0_127|(4,5)",batch1_0_127,0,4,5,"(4,5)",0,9,0.23076923076923078,0.053254437869822494,0.016573216766119003,0.13709305226802826,0,0.0006289482116699219,0.0006289531011134386
"batch1_0_127|(4,5)",batch1_0_127,0,4,5,"(4,5)",0,10,0.2564102564102564,0.06574621959237342,0.018381303176283836,0.14941594004631042,0,0.000571131706237793,0.0005712371203117073
"batch1_0_127|(4,5)",batch1_0_127,0,4,5,"(4,5)",0,11,0.28205128205128205,0.07955292570677186,0.020201392471790314,0.16150198876857758,0,0.0005294084548950195,0.0005293737631291151
"batch1_0_127|(4,5)",batch1_0_127,0,4,5,"(4,5)",0,12,0.3076923076923077,0.09467455621301776,0.022035494446754456,0.173381969332695,0,0.00047969818115234375,0.00047981078387238085
"batch1_0_127|(4,5)",batch1_0_127,0,4,5,"(4,5)",0,13,0.3333333333333333,0.1111111111111111,0.023878352716565132,0.18514204025268555,0,0.0004330873489379883,0.00043314494541846216
"batch1_0_127|(4,5)",batch1_0_127,0,4,5,"(4,5)",0,14,0.358974358974359,0.12886259040105194,0.025726478546857834,0.19667483866214752,0,0.0003930330276489258,0.0003930378588847816
"batch1_0_127|(4,5)",batch1_0_127,0,4,5,"(4,5)",0,15,0.38461538461538464,0.14792899408284024,0.027577057480812073,0.20806154608726501,0,0.0003434419631958008,0.0003434472600929439
"batch1_0_127|(4,5)",batch1_0_127,0,4,5,"(4,5)",0,16,0.41025641025641024,0.16831032215647598,0.02942419797182083,0.2192426323890686,0,0.00029146671295166016,0.00029150256887078285
"batch1_0_127|(4,5)",batch1_0_127,0,4,5,"(4,5)",0,17,0.4358974358974359,0.19000657462195925,0.03126361221075058,0.23016801476478577,0,0.0002537369728088379,0.00025386319612152874
"batch1_0_127|(4,5)",batch1_0_127,0,4,5,"(4,5)",0,18,0.46153846153846156,0.21301775147928997,0.033094409853219986,0.24072855710983276,0,0.00020956993103027344,0.00020958711684215814
"batch1_0_127|(4,5)",batch1_0_127,0,4,5,"(4,5)",0,19,0.48717948717948717,0.2373438527284681,0.03491555526852608,0.2510618269443512,0,0.00017273426055908203,0.00017284681962337345
"batch1_0_127|(4,5)",batch1_0_127,0,4,5,"(4,5)",0,20,0.5128205128205128,0.2629848783694937,0.0367230661213398,0.26108235120773315,0,0.0001410841941833496,0.00014107636525295675
"batch1_0_127|(4,5)",batch1_0_127,0,4,5,"(4,5)",0,21,0.5384615384615384,0.28994082840236685,0.03851604461669922,0.2707865834236145,0,0.00010955333709716797,0.00010959102655760944
"batch1_0_127|(4,5)",batch1_0_127,0,4,5,"(4,5)",0,22,0.5641025641025641,0.31821170282708744,0.040291059762239456,0.28013259172439575,0,8.26120376586914e-05,8.271922706626356e-05
"batch1_0_127|(4,5)",batch1_0_127,0,4,5,"(4,5)",0,23,0.5897435897435898,0.3477975016436555,0.04204777255654335,0.28916049003601074,0,5.233287811279297e-05,5.240075915935449e-05
"batch1_0_127|(4,5)",batch1_0_127,0,4,5,"(4,5)",0,24,0.6153846153846154,0.37869822485207105,0.04378311708569527,0.2979223430156708,0,3.0875205993652344e-05,3.089773599640466e-05
"batch1_0_127|(4,5)",batch1_0_127,0,4,5,"(4,5)",0,25,0.6410256410256411,0.4109138724523341,0.04549587890505791,0.30633825063705444,0,1.3887882232666016e-05,1.3917575415689498e-05
"batch1_0_127|(4,5)",batch1_0_127,0,4,5,"(4,5)",0,26,0.6666666666666666,0.4444444444444444,0.04718250408768654,0.31446611881256104,0,1.2814998626708984e-06,1.302344230680319e-06
"batch1_0_127|(4,5)",batch1_0_127,0,4,5,"(4,5)",0,27,0.6923076923076923,0.4792899408284023,0.048837270587682724,0.3223344087600708,1,-7.957220077514648e-06,-7.96065796748735e-06
"batch1_0_127|(4,6)",batch1_0_127,0,4,6,"(4,6)",0,0,0.0,0.0,0.0,0.0,0,0.0031859874725341797,0.0031868116930127144
"batch1_0_127|(4,6)",batch1_0_127,0,4,6,"(4,6)",0,1,0.02564102564102564,0.0006574621959237343,0.00193244859110564,0.016149071976542473,0,0.0028553009033203125,0.00285594561137259
"batch1_0_127|(4,6)",batch1_0_127,0,4,6,"(4,6)",0,2,0.05128205128205128,0.0026298487836949372,0.003847472369670868,0.03217649087309837,0,0.0025358200073242188,0.0025362425949424505
"batch1_0_127|(4,6)",batch1_0_127,0,4,6,"(4,6)",0,3,0.07692307692307693,0.00591715976331361,0.0057440707460045815,0.04796373471617699,0,0.0022292137145996094,0.002229532692581415
"batch1_0_127|(4,6)",batch1_0_127,0,4,6,"(4,6)",0,4,0.10256410256410256,0.010519395134779749,0.007618684321641922,0.06324215978384018,0,0.001941680908203125,0.0019418802112340927
"batch1_0_127|(4,6)",batch1_0_127,0,4,6,"(4,6)",0,5,0.1282051282051282,0.016436554898093356,0.009464506059885025,0.0776793360710144,0,0.0017223358154296875,0.0017225656192749739
"batch1_0_127|(4,6)",batch1_0_127,0,4,6,"(4,6)",0,6,0.15384615384615385,0.02366863905325444,0.011297374963760376,0.0914444550871849,0,0.001523733139038086,0.001523640239611268
"batch1_0_127|(4,6)",batch1_0_127,0,4,6,"(4,6)",0,7,0.1794871794871795,0.032215647600262985,0.013119985349476337,0.10446999222040176,0,0.0013494491577148438,0.00134953239466995
"batch1_0_127|(4,6)",batch1_0_127,0,4,6,"(4,6)",0,8,0.20512820512820512,0.042077580539118996,0.014938408508896828,0.11695680022239685,0,0.0012049674987792969,0.001205136184580624
"batch1_0_127|(4,6)",batch1_0_127,0,4,6,"(4,6)",0,9,0.23076923076923078,0.053254437869822494,0.016758516430854797,0.12899339199066162,0,0.001085519790649414,0.0010856897570192814
"batch1_0_127|(4,6)",batch1_0_127,0,4,6,"(4,6)",0,10,0.2564102564102564,0.06574621959237342,0.018584702163934708,0.14067324995994568,0,0.0009975433349609375,0.0009978387970477343
"batch1_0_127|(4,6)",batch1_0_127,0,4,6,"(4,6)",0,11,0.28205128205128205,0.07955292570677186,0.02042396552860737,0.1521284133195877,0,0.0009071826934814453,0.000907381356228143
"batch1_0_127|(4,6)",batch1_0_127,0,4,6,"(4,6)",0,12,0.3076923076923077,0.09467455621301776,0.0222752895206213,0.16339540481567383,0,0.0008276700973510742,0.0008279197500087321
"batch1_0_127|(4,6)",batch1_0_127,0,4,6,"(4,6)",0,13,0.3333333333333333,0.1111111111111111,0.024137962609529495,0.17434407770633698,0,0.0007333755493164062,0.0007335112313739955
"batch1_0_127|(4,6)",batch1_0_127,0,4,6,"(4,6)",0,14,0.358974358974359,0.12886259040105194,0.026014160364866257,0.1850259155035019,0,0.000640869140625,0.0006411272916011512
"batch1_0_127|(4,6)",batch1_0_127,0,4,6,"(4,6)",0,15,0.38461538461538464,0.14792899408284024,0.02790302038192749,0.19533781707286835,0,0.0005518198013305664,0.0005518985562957823
"batch1_0_127|(4,6)",batch1_0_127,0,4,6,"(4,6)",0,16,0.41025641025641024,0.16831032215647598,0.029801856726408005,0.20529630780220032,0,0.0004773139953613281,0.00047723817988298833
"batch1_0_127|(4,6)",batch1_0_127,0,4,6,"(4,6)",0,17,0.4358974358974359,0.19000657462195925,0.031714241951704025,0.21499750018119812,0,0.0004113912582397461,0.0004113813629373908
"batch1_0_127|(4,6)",batch1_0_127,0,4,6,"(4,6)",0,18,0.46153846153846156,0.21301775147928997,0.03363918885588646,0.22447989881038666,0,0.00034749507904052734,0.0003475059929769486
"batch1_0_127|(4,6)",batch1_0_127,0,4,6,"(4,6)",0,19,0.48717948717948717,0.2373438527284681,0.03557382896542549,0.2338142991065979,0,0.00027871131896972656,0.0002789886493701488
"batch1_0_127|(4,6)",batch1_0_127,0,4,6,"(4,6)",0,20,0.5128205128205128,0.2629848783694937,0.03752041235566139,0.24297484755516052,0,0.0002225637435913086,0.00022255568183027208
"batch1_0_127|(4,6)",batch1_0_127,0,4,6,"(4,6)",0,21,0.5384615384615384,0.28994082840236685,0.03947417438030243,0.25204914808273315,0,0.00017893314361572266,0.00017885200213640928
"batch1_0_127|(4,6)",batch1_0_127,0,4,6,"(4,6)",0,22,0.5641025641025641,0.31821170282708744,0.041430991142988205,0.26099687814712524,0,0.0001361370086669922,0.0001364166964776814
"batch1_0_127|(4,6)",batch1_0_127,0,4,6,"(4,6)",0,23,0.5897435897435898,0.3477975016436555,0.04338790103793144,0.26990020275115967,0,8.893013000488281e-05,8.89124785317108e-05
"batch1_0_127|(4,6)",batch1_0_127,0,4,6,"(4,6)",0,24,0.6153846153846154,0.37869822485207105,0.045343417674303055,0.2786853611469269,0,6.186962127685547e-05,6.199433119036257e-05
"batch1_0_127|(4,6)",batch1_0_127,0,4,6,"(4,6)",0,25,0.6410256410256411,0.4109138724523341,0.04729389771819115,0.2873747646808624,0,2.86102294921875e-05,2.8743363145622425e-05
"batch1_0_127|(4,6)",batch1_0_127,0,4,6,"(4,6)",0,26,0.6666666666666666,0.4444444444444444,0.04923423007130623,0.29594215750694275,0,4.0531158447265625e-06,4.059605089423712e-06
"batch1_0_127|(4,6)",batch1_0_127,0,4,6,"(4,6)",0,27,0.6923076923076923,0.4792899408284023,0.051160506904125214,0.3043763339519501,1,-2.2292137145996094e-05,-2.220098758698441e-05
"batch1_0_127|(4,7)",batch1_0_127,0,4,7,"(4,7)",1,0,0.0,0.0,0.0,0.0,0,0.0026569366455078125,0.0026573208160698414
"batch1_0_127|(4,7)",batch1_0_127,0,4,7,"(4,7)",1,1,0.02564102564102564,0.0006574621959237343,0.00200097169727087,0.018482282757759094,0,0.0022513866424560547,0.002251648809760809
"batch1_0_127|(4,7)",batch1_0_127,0,4,7,"(4,7)",1,2,0.05128205128205128,0.0026298487836949372,0.00397319532930851,0.03683330491185188,0,0.0019059181213378906,0.0019062026403844357
"batch1_0_127|(4,7)",batch1_0_127,0,4,7,"(4,7)",1,3,0.07692307692307693,0.00591715976331361,0.005909374449402094,0.05483175069093704,0,0.001592874526977539,0.0015932589303702116
"batch1_0_127|(4,7)",batch1_0_127,0,4,7,"(4,7)",1,4,0.10256410256410256,0.010519395134779749,0.007806359324604273,0.07203979045152664,0,0.0013115406036376953,0.0013116963673382998
"batch1_0_127|(4,7)",batch1_0_127,0,4,7,"(4,7)",1,5,0.1282051282051282,0.016436554898093356,0.009662431664764881,0.08795926719903946,0,0.0010967254638671875,0.0010966422269120812
"batch1_0_127|(4,7)",batch1_0_127,0,4,7,"(4,7)",1,6,0.15384615384615385,0.02366863905325444,0.011488519608974457,0.10273729264736176,0,0.0008920431137084961,0.0008921209955587983
"batch1_0_127|(4,7)",batch1_0_127,0,4,7,"(4,7)",1,7,0.1794871794871795,0.032215647600262985,0.013288441114127636,0.11628572642803192,0,0.000712275505065918,0.0007122672395780683
"batch1_0_127|(4,7)",batch1_0_127,0,4,7,"(4,7)",1,8,0.20512820512820512,0.042077580539118996,0.01507547590881586,0.1287449598312378,0,0.0005629062652587891,0.0005630027735605836
"batch1_0_127|(4,7)",batch1_0_127,0,4,7,"(4,7)",1,9,0.23076923076923078,0.053254437869822494,0.016862567514181137,0.14035391807556152,0,0.0004420280456542969,0.0004420408222358674
"batch1_0_127|(4,7)",batch1_0_127,0,4,7,"(4,7)",1,10,0.2564102564102564,0.06574621959237342,0.01865963824093342,0.15124717354774475,0,0.00032770633697509766,0.0003278190561104566
"batch1_0_127|(4,7)",batch1_0_127,0,4,7,"(4,7)",1,11,0.28205128205128205,0.07955292570677186,0.020474225282669067,0.16154421865940094,0,0.00021767616271972656,0.0002178588620154187
"batch1_0_127|(4,7)",batch1_0_127,0,4,7,"(4,7)",1,12,0.3076923076923077,0.09467455621301776,0.02230498567223549,0.17129316926002502,0,0.00011205673217773438,0.00011213288962608203
"batch1_0_127|(4,7)",batch1_0_127,0,4,7,"(4,7)",1,13,0.3333333333333333,0.1111111111111111,0.024158034473657608,0.18056544661521912,0,1.4066696166992188e-05,1.4076786101213656e-05
"batch1_0_127|(4,7)",batch1_0_127,0,4,7,"(4,7)",1,14,0.358974358974359,0.12886259040105194,0.02603481523692608,0.18949806690216064,1,-9.334087371826172e-05,-9.338548989035189e-05
"batch1_0_127|(5,6)",batch1_0_127,0,5,6,"(5,6)",0,0,0.0,0.0,0.0,0.0,0,0.0027523040771484375,0.002753115026280284
"batch1_0_127|(5,6)",batch1_0_127,0,5,6,"(5,6)",0,1,0.02564102564102564,0.0006574621959237343,0.0020575199741870165,0.016803449019789696,0,0.0023894309997558594,0.0023901318199932575
"batch1_0_127|(5,6)",batch1_0_127,0,5,6,"(5,6)",0,2,0.05128205128205128,0.0026298487836949372,0.0040665012784302235,0.03340927138924599,0,0.0020554065704345703,0.0020559816621243954
"batch1_0_127|(5,6)",batch1_0_127,0,5,6,"(5,6)",0,3,0.07692307692307693,0.00591715976331361,0.006026534829288721,0.04978417977690697,0,0.0017392635345458984,0.0017395311733707786
"batch1_0_127|(5,6)",batch1_0_127,0,5,6,"(5,6)",0,4,0.10256410256410256,0.010519395134779749,0.0079379603266716,0.06587458401918411,0,0.0014603137969970703,0.0014603974996134639
"batch1_0_127|(5,6)",batch1_0_127,0,5,6,"(5,6)",0,5,0.1282051282051282,0.016436554898093356,0.00980003084987402,0.08139801770448685,0,0.0012418031692504883,0.0012420988641679287
"batch1_0_127|(5,6)",batch1_0_127,0,5,6,"(5,6)",0,6,0.15384615384615385,0.02366863905325444,0.011627414263784885,0.09653210639953613,0,0.001039743423461914,0.0010399054735898972
"batch1_0_127|(5,6)",batch1_0_127,0,5,6,"(5,6)",0,7,0.1794871794871795,0.032215647600262985,0.013425336219370365,0.11111444234848022,0,0.0008727312088012695,0.0008727716631256044
"batch1_0_127|(5,6)",batch1_0_127,0,5,6,"(5,6)",0,8,0.20512820512820512,0.042077580539118996,0.015201311558485031,0.12516522407531738,0,0.0007314682006835938,0.0007317046984098852
"batch1_0_127|(5,6)",batch1_0_127,0,5,6,"(5,6)",0,9,0.23076923076923078,0.053254437869822494,0.016960345208644867,0.1387365609407425,0,0.0005993843078613281,0.0005994268576614559
"batch1_0_127|(5,6)",batch1_0_127,0,5,6,"(5,6)",0,10,0.2564102564102564,0.06574621959237342,0.01870277151465416,0.15176989138126373,0,0.0004950165748596191,0.0004951019654981792
"batch1_0_127|(5,6)",batch1_0_127,0,5,6,"(5,6)",0,11,0.28205128205128205,0.07955292570677186,0.020439617335796356,0.1642812192440033,0,0.0004143714904785156,0.00041437934851273894
"batch1_0_127|(5,6)",batch1_0_127,0,5,6,"(5,6)",0,12,0.3076923076923077,0.09467455621301776,0.022175662219524384,0.17636413872241974,0,0.000326693058013916,0.0003266975108999759
"batch1_0_127|(5,6)",batch1_0_127,0,5,6,"(5,6)",0,13,0.3333333333333333,0.1111111111111111,0.02391279675066471,0.18804366886615753,0,0.00026160478591918945,0.00026164494920521975
"batch1_0_127|(5,6)",batch1_0_127,0,5,6,"(5,6)",0,14,0.358974358974359,0.12886259040105194,0.025648795068264008,0.1991887092590332,0,0.00021022558212280273,0.0002102266444126144
"batch1_0_127|(5,6)",batch1_0_127,0,5,6,"(5,6)",0,15,0.38461538461538464,0.14792899408284024,0.027389056980609894,0.20997057855129242,0,0.00017029047012329102,0.00017036631470546126
"batch1_0_127|(5,6)",batch1_0_127,0,5,6,"(5,6)",0,16,0.41025641025641024,0.16831032215647598,0.02912912517786026,0.2204577773809433,0,0.00013524293899536133,0.00013525791291613132
"batch1_0_127|(5,6)",batch1_0_127,0,5,6,"(5,6)",0,17,0.4358974358974359,0.19000657462195925,0.030865509063005447,0.23071765899658203,0,0.00010916590690612793,0.00010916745668509975
"batch1_0_127|(5,6)",batch1_0_127,0,5,6,"(5,6)",0,18,0.46153846153846156,0.21301775147928997,0.03259832412004471,0.2407892644405365,0,8.71419906616211e-05,8.717986202100292e-05
"batch1_0_127|(5,6)",batch1_0_127,0,5,6,"(5,6)",0,19,0.48717948717948717,0.2373438527284681,0.03432079032063484,0.25068676471710205,0,7.265806198120117e-05,7.265910244314e-05
"batch1_0_127|(5,6)",batch1_0_127,0,5,6,"(5,6)",0,20,0.5128205128205128,0.2629848783694937,0.036027759313583374,0.2603212594985962,0,5.91278076171875e-05,5.917739690630697e-05
"batch1_0_127|(5,6)",batch1_0_127,0,5,6,"(5,6)",0,21,0.5384615384615384,0.28994082840236685,0.037719182670116425,0.2696699798107147,0,4.9680471420288086e-05,4.967839049641043e-05
"batch1_0_127|(5,6)",batch1_0_127,0,5,6,"(5,6)",0,22,0.5641025641025641,0.31821170282708744,0.03939364105463028,0.2786884307861328,0,4.106760025024414e-05,4.1087783756665885e-05
"batch1_0_127|(5,6)",batch1_0_127,0,5,6,"(5,6)",0,23,0.5897435897435898,0.3477975016436555,0.04104595258831978,0.2874225378036499,0,3.390014171600342e-05,3.392976941540837e-05
"batch1_0_127|(5,6)",batch1_0_127,0,5,6,"(5,6)",0,24,0.6153846153846154,0.37869822485207105,0.04267490282654762,0.29589658975601196,0,2.7954578399658203e-05,2.7957370548392646e-05
"batch1_0_127|(5,6)",batch1_0_127,0,5,6,"(5,6)",0,25,0.6410256410256411,0.4109138724523341,0.044276926666498184,0.3040945827960968,0,2.3752450942993164e-05,2.376049815211445e-05
"batch1_0_127|(5,6)",batch1_0_127,0,5,6,"(5,6)",0,26,0.6666666666666666,0.4444444444444444,0.0458526685833931,0.3120550811290741,0,1.895427703857422e-05,1.8969263692270033e-05
"batch1_0_127|(5,6)",batch1_0_127,0,5,6,"(5,6)",0,27,0.6923076923076923,0.4792899408284023,0.04740050807595253,0.31972736120224,0,1.545250415802002e-05,1.5460171198355965e-05
"batch1_0_127|(5,6)",batch1_0_127,0,5,6,"(5,6)",0,28,0.717948717948718,0.5154503616042078,0.04891876131296158,0.32711631059646606,0,1.2487173080444336e-05,1.2497556781454477e-05
"batch1_0_127|(5,6)",batch1_0_127,0,5,6,"(5,6)",0,29,0.7435897435897436,0.5529257067718607,0.05040588229894638,0.3342594504356384,0,9.059906005859375e-06,9.063701327249873e-06
"batch1_0_127|(5,6)",batch1_0_127,0,5,6,"(5,6)",0,30,0.7692307692307693,0.591715976331361,0.051859743893146515,0.34117093682289124,0,6.303191184997559e-06,6.305755505309207e-06
"batch1_0_127|(5,6)",batch1_0_127,0,5,6,"(5,6)",0,31,0.7948717948717948,0.6318211702827087,0.05327979475259781,0.3478761613368988,0,2.5033950805664062e-06,2.506285227354965e-06
"batch1_0_127|(5,6)",batch1_0_127,0,5,6,"(5,6)",0,32,0.8205128205128205,0.6732412886259039,0.05466073006391525,0.35431617498397827,0,4.76837158203125e-07,4.695189943504374e-07
"batch1_0_127|(5,6)",batch1_0_127,0,5,6,"(5,6)",0,33,0.8461538461538461,0.7159763313609467,0.05600665137171745,0.36053356528282166,1,-6.854534149169922e-07,-6.649546548942453e-07
"batch1_0_127|(5,7)",batch1_0_127,0,5,7,"(5,7)",1,0,0.0,0.0,0.0,0.0,0,0.0018093585968017578,0.0018096539424732327
"batch1_0_127|(5,7)",batch1_0_127,0,5,7,"(5,7)",1,1,0.02564102564102564,0.0006574621959237343,0.002157083712518215,0.01881047710776329,0,0.0015779733657836914,0.00157826766371727
"batch1_0_127|(5,7)",batch1_0_127,0,5,7,"(5,7)",1,2,0.05128205128205128,0.0026298487836949372,0.0042539737187325954,0.03743896260857582,0,0.0013952255249023438,0.0013954517198726535
"batch1_0_127|(5,7)",batch1_0_127,0,5,7,"(5,7)",1,3,0.07692307692307693,0.00591715976331361,0.006282764952629805,0.055527254939079285,0,0.0012146234512329102,0.0012146852677688003
"batch1_0_127|(5,7)",batch1_0_127,0,5,7,"(5,7)",1,4,0.10256410256410256,0.010519395134779749,0.00824230257421732,0.07276824861764908,0,0.0010429620742797852,0.0010430963011458516
"batch1_0_127|(5,7)",batch1_0_127,0,5,7,"(5,7)",1,5,0.1282051282051282,0.016436554898093356,0.010140429250895977,0.08895175904035568,0,0.0009024143218994141,0.0009024227038025856
"batch1_0_127|(5,7)",batch1_0_127,0,5,7,"(5,7)",1,6,0.15384615384615385,0.02366863905325444,0.011992077343165874,0.10408803075551987,0,0.000771641731262207,0.0007717654807493091
"batch1_0_127|(5,7)",batch1_0_127,0,5,7,"(5,7)",1,7,0.1794871794871795,0.032215647600262985,0.013809322379529476,0.11834759265184402,0,0.0006400346755981445,0.0006400881102308631
"batch1_0_127|(5,7)",batch1_0_127,0,5,7,"(5,7)",1,8,0.20512820512820512,0.042077580539118996,0.01559912133961916,0.1316458284854889,0,0.000518798828125,0.0005188778741285205
"batch1_0_127|(5,7)",batch1_0_127,0,5,7,"(5,7)",1,9,0.23076923076923078,0.053254437869822494,0.017375769093632698,0.1440785676240921,0,0.00042128562927246094,0.00042125891195610166
"batch1_0_127|(5,7)",batch1_0_127,0,5,7,"(5,7)",1,10,0.2564102564102564,0.06574621959237342,0.019154133275151253,0.15592752397060394,0,0.00032258033752441406,0.00032259232830256224
"batch1_0_127|(5,7)",batch1_0_127,0,5,7,"(5,7)",1,11,0.28205128205128205,0.07955292570677186,0.020939255133271217,0.16724100708961487,0,0.00023055076599121094,0.00023071760369930416
"batch1_0_127|(5,7)",batch1_0_127,0,5,7,"(5,7)",1,12,0.3076923076923077,0.09467455621301776,0.02273721806704998,0.1780456155538559,0,0.00014078617095947266,0.00014079903485253453
"batch1_0_127|(5,7)",batch1_0_127,0,5,7,"(5,7)",1,13,0.3333333333333333,0.1111111111111111,0.024549586698412895,0.18840374052524567,0,5.269050598144531e-05,5.267769665806554e-05
"batch1_0_127|(5,7)",batch1_0_127,0,5,7,"(5,7)",1,14,0.358974358974359,0.12886259040105194,0.026377353817224503,0.19832690060138702,1,-3.993511199951172e-05,-3.991127232438885e-05
"batch1_0_127|(6,7)",batch1_0_127,0,6,7,"(6,7)",1,0,0.0,0.0,0.0,0.0,0,0.003252267837524414,0.0032528582960367203
"batch1_0_127|(6,7)",batch1_0_127,0,6,7,"(6,7)",1,1,0.02564102564102564,0.0006574621959237343,0.002074955962598324,0.01730344071984291,0,0.0027823448181152344,0.002782723866403103
"batch1_0_127|(6,7)",batch1_0_127,0,6,7,"(6,7)",1,2,0.05128205128205128,0.0026298487836949372,0.004110127687454224,0.03429200127720833,0,0.0023839473724365234,0.0023844968527555466
"batch1_0_127|(6,7)",batch1_0_127,0,6,7,"(6,7)",1,3,0.07692307692307693,0.00591715976331361,0.006109294947236776,0.05081399902701378,0,0.002016305923461914,0.0020163985900580883
"batch1_0_127|(6,7)",batch1_0_127,0,6,7,"(6,7)",1,4,0.10256410256410256,0.010519395134779749,0.008071394637227058,0.0667685866355896,0,0.0017044544219970703,0.0017047650180757046
"batch1_0_127|(6,7)",batch1_0_127,0,6,7,"(6,7)",1,5,0.1282051282051282,0.016436554898093356,0.010001090355217457,0.08197090029716492,0,0.0014467239379882812,0.0014469343004748225
"batch1_0_127|(6,7)",batch1_0_127,0,6,7,"(6,7)",1,6,0.15384615384615385,0.02366863905325444,0.011908621527254581,0.09649591892957687,0,0.0012254714965820312,0.0012256598565727472
"batch1_0_127|(6,7)",batch1_0_127,0,6,7,"(6,7)",1,7,0.1794871794871795,0.032215647600262985,0.013799072243273258,0.11024972051382065,0,0.001039743423461914,0.0010398072190582752
"batch1_0_127|(6,7)",batch1_0_127,0,6,7,"(6,7)",1,8,0.20512820512820512,0.042077580539118996,0.015676524490118027,0.12336264550685883,0,0.0008740425109863281,0.0008741015917621553
"batch1_0_127|(6,7)",batch1_0_127,0,6,7,"(6,7)",1,9,0.23076923076923078,0.053254437869822494,0.017546862363815308,0.13580162823200226,0,0.0007152557373046875,0.0007152171456255019
"batch1_0_127|(6,7)",batch1_0_127,0,6,7,"(6,7)",1,10,0.2564102564102564,0.06574621959237342,0.01941484771668911,0.1476096212863922,0,0.0005894899368286133,0.000589643488638103
"batch1_0_127|(6,7)",batch1_0_127,0,6,7,"(6,7)",1,11,0.28205128205128205,0.07955292570677186,0.021287593990564346,0.1589873880147934,0,0.0004756450653076172,0.0004758131399285048
"batch1_0_127|(6,7)",batch1_0_127,0,6,7,"(6,7)",1,12,0.3076923076923077,0.09467455621301776,0.023164065554738045,0.16991069912910461,0,0.00036072731018066406,0.00036077399272471666
"batch1_0_127|(6,7)",batch1_0_127,0,6,7,"(6,7)",1,13,0.3333333333333333,0.1111111111111111,0.02504562959074974,0.18032240867614746,0,0.00024449825286865234,0.0002445056743454188
"batch1_0_127|(6,7)",batch1_0_127,0,6,7,"(6,7)",1,14,0.358974358974359,0.12886259040105194,0.026933597400784492,0.1902112066745758,0,0.00014662742614746094,0.00014646774798166007
"batch1_0_127|(6,7)",batch1_0_127,0,6,7,"(6,7)",1,15,0.38461538461538464,0.14792899408284024,0.02882848121225834,0.1996532529592514,0,4.947185516357422e-05,4.9511549150338396e-05
"batch1_0_127|(6,7)",batch1_0_127,0,6,7,"(6,7)",1,16,0.41025641025641024,0.16831032215647598,0.03073170967400074,0.2086438089609146,1,-2.2292137145996094e-05,-2.2305766833596863e-05
"batch2_128_255|(0,1)",batch2_128_255,1,0,1,"(0,1)",0,0,0.0,0.0,0.0,0.0,0,0.0007818341255187988,0.0007818823796696961
"batch2_128_255|(0,1)",batch2_128_255,1,0,1,"(0,1)",0,1,0.02564102564102564,0.0006574621959237343,0.0018053888343274593,0.012752636335790157,0,0.0007372498512268066,0.000737260386813432
"batch2_128_255|(0,1)",batch2_128_255,1,0,1,"(0,1)",0,2,0.05128205128205128,0.0026298487836949372,0.0035830067936331034,0.025310946628451347,0,0.000695347785949707,0.0006953016854822636
"batch2_128_255|(0,1)",batch2_128_255,1,0,1,"(0,1)",0,3,0.07692307692307693,0.00591715976331361,0.005337811075150967,0.03773722052574158,0,0.0006605982780456543,0.0006605454836972058
"batch2_128_255|(0,1)",batch2_128_255,1,0,1,"(0,1)",0,4,0.10256410256410256,0.010519395134779749,0.007071462459862232,0.050009939819574356,0,0.0006264448165893555,0.0006263713585212827
"batch2_128_255|(0,1)",batch2_128_255,1,0,1,"(0,1)",0,5,0.1282051282051282,0.016436554898093356,0.008785261772572994,0.0620916411280632,0,0.0005941390991210938,0.0005941210547462106
"batch2_128_255|(0,1)",batch2_128_255,1,0,1,"(0,1)",0,6,0.15384615384615385,0.02366863905325444,0.010478973388671875,0.07394510507583618,0,0.0005636215209960938,0.0005637623835355043
"batch2_128_255|(0,1)",batch2_128_255,1,0,1,"(0,1)",0,7,0.1794871794871795,0.032215647600262985,0.012160249054431915,0.08564701676368713,0,0.0005353093147277832,0.0005353398737497628
"batch2_128_255|(0,1)",batch2_128_255,1,0,1,"(0,1)",0,8,0.20512820512820512,0.042077580539118996,0.013829153962433338,0.09714020043611526,0,0.0005061030387878418,0.0005061982083134353
"batch2_128_255|(0,1)",batch2_128_255,1,0,1,"(0,1)",0,9,0.23076923076923078,0.053254437869822494,0.01548964623361826,0.10842747986316681,0,0.00047409534454345703,0.00047408719547092915
"batch2_128_255|(0,1)",batch2_128_255,1,0,1,"(0,1)",0,10,0.2564102564102564,0.06574621959237342,0.017141779884696007,0.1194784939289093,0,0.0004411935806274414,0.00044115481432527304
"batch2_128_255|(0,1)",batch2_128_255,1,0,1,"(0,1)",0,11,0.28205128205128205,0.07955292570677186,0.018785394728183746,0.1302371472120285,0,0.0004086494445800781,0.00040874406113289297
"batch2_128_255|(0,1)",batch2_128_255,1,0,1,"(0,1)",0,12,0.3076923076923077,0.09467455621301776,0.02042463794350624,0.14070095121860504,0,0.0003840923309326172,0.0003840154968202114
"batch2_128_255|(0,1)",batch2_128_255,1,0,1,"(0,1)",0,13,0.3333333333333333,0.1111111111111111,0.022065510973334312,0.15107209980487823,0,0.00034677982330322266,0.0003467416681814939
"batch2_128_255|(0,1)",batch2_128_255,1,0,1,"(0,1)",0,14,0.358974358974359,0.12886259040105194,0.023703906685113907,0.16118784248828888,0,0.0003088712692260742,0.0003088207740802318
"batch2_128_255|(0,1)",batch2_128_255,1,0,1,"(0,1)",0,15,0.38461538461538464,0.14792899408284024,0.025343934074044228,0.17103782296180725,0,0.0002770423889160156,0.00027706974651664495
"batch2_128_255|(0,1)",batch2_128_255,1,0,1,"(0,1)",0,16,0.41025641025641024,0.16831032215647598,0.026989486068487167,0.18075023591518402,0,0.00024139881134033203,0.00024142868642229587
"batch2_128_255|(0,1)",batch2_128_255,1,0,1,"(0,1)",0,17,0.4358974358974359,0.19000657462195925,0.02864166349172592,0.19032254815101624,0,0.00020968914031982422,0.00020976662926841527
"batch2_128_255|(0,1)",batch2_128_255,1,0,1,"(0,1)",0,18,0.46153846153846156,0.21301775147928997,0.030301963910460472,0.19977176189422607,0,0.00017911195755004883,0.00017916398064699024
"batch2_128_255|(0,1)",batch2_128_255,1,0,1,"(0,1)",0,19,0.48717948717948717,0.2373438527284681,0.03197247162461281,0.20912279188632965,0,0.00015270709991455078,0.00015268701827153563
"batch2_128_255|(0,1)",batch2_128_255,1,0,1,"(0,1)",0,20,0.5128205128205128,0.2629848783694937,0.033649545162916183,0.21840080618858337,0,0.00012350082397460938,0.0001234452793141827
"batch2_128_255|(0,1)",batch2_128_255,1,0,1,"(0,1)",0,21,0.5384615384615384,0.28994082840236685,0.03533544763922691,0.22776061296463013,0,9.804964065551758e-05,9.805880108615384e-05
"batch2_128_255|(0,1)",batch2_128_255,1,0,1,"(0,1)",0,22,0.5641025641025641,0.31821170282708744,0.03702918440103531,0.23701682686805725,0,7.75456428527832e-05,7.761712186038494e-05
"batch2_128_255|(0,1)",batch2_128_255,1,0,1,"(0,1)",0,23,0.5897435897435898,0.3477975016436555,0.03872932121157646,0.24616463482379913,0,5.614757537841797e-05,5.6235741794807836e-05
"batch2_128_255|(0,1)",batch2_128_255,1,0,1,"(0,1)",0,24,0.6153846153846154,0.37869822485207105,0.04043116047978401,0.25523313879966736,0,4.220008850097656e-05,4.22187295043841e-05
"batch2_128_255|(0,1)",batch2_128_255,1,0,1,"(0,1)",0,25,0.6410256410256411,0.4109138724523341,0.04213287681341171,0.2642330825328827,0,3.081560134887695e-05,3.0851049814373255e-05
"batch2_128_255|(0,1)",batch2_128_255,1,0,1,"(0,1)",0,26,0.6666666666666666,0.4444444444444444,0.043833035975694656,0.2731338441371918,0,1.823902130126953e-05,1.8244727471028455e-05
"batch2_128_255|(0,1)",batch2_128_255,1,0,1,"(0,1)",0,27,0.6923076923076923,0.4792899408284023,0.0455290861427784,0.281925231218338,0,7.748603820800781e-06,7.683353942411486e-06
"batch2_128_255|(0,1)",batch2_128_255,1,0,1,"(0,1)",0,28,0.717948717948718,0.5154503616042078,0.04721548780798912,0.2905704081058502,0,7.748603820800781e-07,8.470371994917514e-07
"batch2_128_255|(0,1)",batch2_128_255,1,0,1,"(0,1)",0,29,0.7435897435897436,0.5529257067718607,0.04888811334967613,0.2990434467792511,1,-4.410743713378906e-06,-4.286570856493199e-06
"batch2_128_255|(0,2)",batch2_128_255,1,0,2,"(0,2)",0,0,0.0,0.0,0.0,0.0,0,0.0012377500534057617,0.0012380062835291028
"batch2_128_255|(0,2)",batch2_128_255,1,0,2,"(0,2)",0,1,0.02564102564102564,0.0006574621959237343,0.0018964509945362806,0.014669980853796005,0,0.0011937618255615234,0.0011938493698835373
"batch2_128_255|(0,2)",batch2_128_255,1,0,2,"(0,2)",0,2,0.05128205128205128,0.0026298487836949372,0.0037653022445738316,0.029102636501193047,0,0.001154184341430664,0.0011542856227606535
"batch2_128_255|(0,2)",batch2_128_255,1,0,2,"(0,2)",0,3,0.07692307692307693,0.00591715976331361,0.005608593579381704,0.04335348680615425,0,0.0011136531829833984,0.0011139418929815292
"batch2_128_255|(0,2)",batch2_128_255,1,0,2,"(0,2)",0,4,0.10256410256410256,0.010519395134779749,0.007424193900078535,0.05733188986778259,0,0.001073598861694336,0.0010736766271293163
"batch2_128_255|(0,2)",batch2_128_255,1,0,2,"(0,2)",0,5,0.1282051282051282,0.016436554898093356,0.009212173521518707,0.07096580415964127,0,0.001036524772644043,0.0010366651695221663
"batch2_128_255|(0,2)",batch2_128_255,1,0,2,"(0,2)",0,6,0.15384615384615385,0.02366863905325444,0.010976220481097698,0.08422023057937622,0,0.0010029077529907227,0.001002893433906138
"batch2_128_255|(0,2)",batch2_128_255,1,0,2,"(0,2)",0,7,0.1794871794871795,0.032215647600262985,0.012716928496956825,0.09711811691522598,0,0.0009734630584716797,0.0009733629995025694
"batch2_128_255|(0,2)",batch2_128_255,1,0,2,"(0,2)",0,8,0.20512820512820512,0.042077580539118996,0.014436951838433743,0.10939761251211166,0,0.000939488410949707,0.0009396480745635927
"batch2_128_255|(0,2)",batch2_128_255,1,0,2,"(0,2)",0,9,0.23076923076923078,0.053254437869822494,0.016144538298249245,0.12124818563461304,0,0.0008955001831054688,0.0008956798119470477
"batch2_128_255|(0,2)",batch2_128_255,1,0,2,"(0,2)",0,10,0.2564102564102564,0.06574621959237342,0.017838487401604652,0.13250261545181274,0,0.000849604606628418,0.0008498023962602019
"batch2_128_255|(0,2)",batch2_128_255,1,0,2,"(0,2)",0,11,0.28205128205128205,0.07955292570677186,0.01952119916677475,0.143131285905838,0,0.0008066892623901367,0.0008067692979238927
"batch2_128_255|(0,2)",batch2_128_255,1,0,2,"(0,2)",0,12,0.3076923076923077,0.09467455621301776,0.021202219650149345,0.15348337590694427,0,0.0007624626159667969,0.0007625381695106626
"batch2_128_255|(0,2)",batch2_128_255,1,0,2,"(0,2)",0,13,0.3333333333333333,0.1111111111111111,0.022884467616677284,0.16352182626724243,0,0.0007290840148925781,0.0007289820350706577
"batch2_128_255|(0,2)",batch2_128_255,1,0,2,"(0,2)",0,14,0.358974358974359,0.12886259040105194,0.024570461362600327,0.1733606904745102,0,0.0006912946701049805,0.0006913098623044789
"batch2_128_255|(0,2)",batch2_128_255,1,0,2,"(0,2)",0,15,0.38461538461538464,0.14792899408284024,0.026260150596499443,0.1830064207315445,0,0.0006498098373413086,0.0006497723516076803
"batch2_128_255|(0,2)",batch2_128_255,1,0,2,"(0,2)",0,16,0.41025641025641024,0.16831032215647598,0.027955345809459686,0.19242651760578156,0,0.0006048679351806641,0.0006048165378160775
"batch2_128_255|(0,2)",batch2_128_255,1,0,2,"(0,2)",0,17,0.4358974358974359,0.19000657462195925,0.029656030237674713,0.20166738331317902,0,0.0005577802658081055,0.0005576742114499211
"batch2_128_255|(0,2)",batch2_128_255,1,0,2,"(0,2)",0,18,0.46153846153846156,0.21301775147928997,0.0313592366874218,0.21072295308113098,0,0.000504612922668457,0.0005047278245911002
"batch2_128_255|(0,2)",batch2_128_255,1,0,2,"(0,2)",0,19,0.48717948717948717,0.2373438527284681,0.03306734189391136,0.21958039700984955,0,0.0004436969757080078,0.000443694822024554
"batch2_128_255|(0,2)",batch2_128_255,1,0,2,"(0,2)",0,20,0.5128205128205128,0.2629848783694937,0.03477773070335388,0.22819864749908447,0,0.00041103363037109375,0.00041093191248364747
"batch2_128_255|(0,2)",batch2_128_255,1,0,2,"(0,2)",0,21,0.5384615384615384,0.28994082840236685,0.0364958718419075,0.23680318892002106,0,0.0003638267517089844,0.00036361312959343195
"batch2_128_255|(0,2)",batch2_128_255,1,0,2,"(0,2)",0,22,0.5641025641025641,0.31821170282708744,0.038221728056669235,0.24532105028629303,0,0.00030624866485595703,0.0003063228796236217
"batch2_128_255|(0,2)",batch2_128_255,1,0,2,"(0,2)",0,23,0.5897435897435898,0.3477975016436555,0.03995092213153839,0.25363853573799133,0,0.0002619028091430664,0.0002619984734337777
"batch2_128_255|(0,2)",batch2_128_255,1,0,2,"(0,2)",0,24,0.6153846153846154,0.37869822485207105,0.041683781892061234,0.2618351876735687,0,0.0002238750457763672,0.0002237991866422817
"batch2_128_255|(0,2)",batch2_128_255,1,0,2,"(0,2)",0,25,0.6410256410256411,0.4109138724523341,0.04342358931899071,0.2699013948440552,0,0.0001659393310546875,0.00016582578246016055
"batch2_128_255|(0,2)",batch2_128_255,1,0,2,"(0,2)",0,26,0.6666666666666666,0.4444444444444444,0.04516645148396492,0.27784696221351624,0,0.00011706352233886719,0.00011705096403602511
"batch2_128_255|(0,2)",batch2_128_255,1,0,2,"(0,2)",0,27,0.6923076923076923,0.4792899408284023,0.04690934717655182,0.2856281101703644,0,8.606910705566406e-05,8.600129513069987e-05
"batch2_128_255|(0,2)",batch2_128_255,1,0,2,"(0,2)",0,28,0.717948717948718,0.5154503616042078,0.0486493781208992,0.29326683282852173,0,7.259845733642578e-05,7.257513789227232e-05
"batch2_128_255|(0,2)",batch2_128_255,1,0,2,"(0,2)",0,29,0.7435897435897436,0.5529257067718607,0.05038904771208763,0.30082687735557556,0,2.9802322387695312e-05,3.0050892746658064e-05
"batch2_128_255|(0,2)",batch2_128_255,1,0,2,"(0,2)",0,30,0.7692307692307693,0.591715976331361,0.052126284688711166,0.30820149183273315,1,-2.2649765014648438e-05,-2.264592876599636e-05
"batch2_128_255|(0,3)",batch2_128_255,1,0,3,"(0,3)",0,0,0.0,0.0,0.0,0.0,0,0.001027822494506836,0.001027965801768005
"batch2_128_255|(0,3)",batch2_128_255,1,0,3,"(0,3)",0,1,0.02564102564102564,0.0006574621959237343,0.0019440562464296818,0.014074928127229214,0,0.000956416130065918,0.0009563287021592259
"batch2_128_255|(0,3)",batch2_128_255,1,0,3,"(0,3)",0,2,0.05128205128205128,0.0026298487836949372,0.0038620424456894398,0.027645906433463097,0,0.0008916854858398438,0.0008918365347199142
"batch2_128_255|(0,3)",batch2_128_255,1,0,3,"(0,3)",0,3,0.07692307692307693,0.00591715976331361,0.005757540464401245,0.040691010653972626,0,0.0008301734924316406,0.0008302935166284442
"batch2_128_255|(0,3)",batch2_128_255,1,0,3,"(0,3)",0,4,0.10256410256410256,0.010519395134779749,0.007633141707628965,0.053216781467199326,0,0.000765681266784668,0.0007657958776690066
"batch2_128_255|(0,3)",batch2_128_255,1,0,3,"(0,3)",0,5,0.1282051282051282,0.016436554898093356,0.009491757489740849,0.06532304733991623,0,0.0007050037384033203,0.0007049395935609937
"batch2_128_255|(0,3)",batch2_128_255,1,0,3,"(0,3)",0,6,0.15384615384615385,0.02366863905325444,0.011334680952131748,0.0769955962896347,0,0.0006532669067382812,0.0006534028216265142
"batch2_128_255|(0,3)",batch2_128_255,1,0,3,"(0,3)",0,7,0.1794871794871795,0.032215647600262985,0.013164571486413479,0.08830617368221283,0,0.0006049871444702148,0.0006051060045138001
"batch2_128_255|(0,3)",batch2_128_255,1,0,3,"(0,3)",0,8,0.20512820512820512,0.042077580539118996,0.014986497350037098,0.09927789121866226,0,0.0005581378936767578,0.0005581931909546256
"batch2_128_255|(0,3)",batch2_128_255,1,0,3,"(0,3)",0,9,0.23076923076923078,0.053254437869822494,0.016802627593278885,0.1099015399813652,0,0.0005249381065368652,0.0005250485264696181
"batch2_128_255|(0,3)",batch2_128_255,1,0,3,"(0,3)",0,10,0.2564102564102564,0.06574621959237342,0.018616635352373123,0.12033175677061081,0,0.0004891157150268555,0.0004889998817816377
"batch2_128_255|(0,3)",batch2_128_255,1,0,3,"(0,3)",0,11,0.28205128205128205,0.07955292570677186,0.020428378134965897,0.13060736656188965,0,0.00045740604400634766,0.000457525224192068
"batch2_128_255|(0,3)",batch2_128_255,1,0,3,"(0,3)",0,12,0.3076923076923077,0.09467455621301776,0.022239452227950096,0.14068906009197235,0,0.00042879581451416016,0.0004288487252779305
"batch2_128_255|(0,3)",batch2_128_255,1,0,3,"(0,3)",0,13,0.3333333333333333,0.1111111111111111,0.024050040170550346,0.15054655075073242,0,0.0004056692123413086,0.0004056990728713572
"batch2_128_255|(0,3)",batch2_128_255,1,0,3,"(0,3)",0,14,0.358974358974359,0.12886259040105194,0.025862455368041992,0.16024638712406158,0,0.0003860592842102051,0.0003860297438222915
"batch2_128_255|(0,3)",batch2_128_255,1,0,3,"(0,3)",0,15,0.38461538461538464,0.14792899408284024,0.02767447754740715,0.1698032170534134,0,0.00036334991455078125,0.0003633829182945192
"batch2_128_255|(0,3)",batch2_128_255,1,0,3,"(0,3)",0,16,0.41025641025641024,0.16831032215647598,0.029488112777471542,0.17918165028095245,0,0.0003516674041748047,0.0003516766882967204
"batch2_128_255|(0,3)",batch2_128_255,1,0,3,"(0,3)",0,17,0.4358974358974359,0.19000657462195925,0.031305450946092606,0.18847285211086273,0,0.0003427863121032715,0.00034279999090358615
"batch2_128_255|(0,3)",batch2_128_255,1,0,3,"(0,3)",0,18,0.46153846153846156,0.21301775147928997,0.033125605434179306,0.19764767587184906,0,0.00032389163970947266,0.000323995656799525
"batch2_128_255|(0,3)",batch2_128_255,1,0,3,"(0,3)",0,19,0.48717948717948717,0.2373438527284681,0.03494759276509285,0.2066822052001953,0,0.00031495094299316406,0.00031492466223426163
"batch2_128_255|(0,3)",batch2_128_255,1,0,3,"(0,3)",0,20,0.5128205128205128,0.2629848783694937,0.036771658807992935,0.21562951803207397,0,0.0002976059913635254,0.0002976174873765558
"batch2_128_255|(0,3)",batch2_128_255,1,0,3,"(0,3)",0,21,0.5384615384615384,0.28994082840236685,0.038598861545324326,0.22449293732643127,0,0.00028526782989501953,0.00028525778907351196
"batch2_128_255|(0,3)",batch2_128_255,1,0,3,"(0,3)",0,22,0.5641025641025641,0.31821170282708744,0.04042983800172806,0.23327745497226715,0,0.0002655982971191406,0.00026570670888759196
"batch2_128_255|(0,3)",batch2_128_255,1,0,3,"(0,3)",0,23,0.5897435897435898,0.3477975016436555,0.04226181283593178,0.2419503927230835,0,0.0002549886703491211,0.00025506815291009843
"batch2_128_255|(0,3)",batch2_128_255,1,0,3,"(0,3)",0,24,0.6153846153846154,0.37869822485207105,0.04409664124250412,0.2505485415458679,0,0.0002532005310058594,0.00025318487314507365
"batch2_128_255|(0,3)",batch2_128_255,1,0,3,"(0,3)",0,25,0.6410256410256411,0.4109138724523341,0.04593291133642197,0.25906094908714294,0,0.00024211406707763672,0.00024221643980126828
"batch2_128_255|(0,3)",batch2_128_255,1,0,3,"(0,3)",0,26,0.6666666666666666,0.4444444444444444,0.047769274562597275,0.26742419600486755,0,0.00023937225341796875,0.00023941222752910107
"batch2_128_255|(0,3)",batch2_128_255,1,0,3,"(0,3)",0,27,0.6923076923076923,0.4792899408284023,0.04960582032799721,0.2757074236869812,0,0.0002338886260986328,0.0002338269114261493
"batch2_128_255|(0,3)",batch2_128_255,1,0,3,"(0,3)",0,28,0.717948717948718,0.5154503616042078,0.051441874355077744,0.2838917374610901,0,0.0002193450927734375,0.0002194340486312285
"batch2_128_255|(0,3)",batch2_128_255,1,0,3,"(0,3)",0,29,0.7435897435897436,0.5529257067718607,0.053276266902685165,0.2920036315917969,0,0.0002071857452392578,0.00020720383326988667
"batch2_128_255|(0,3)",batch2_128_255,1,0,3,"(0,3)",0,30,0.7692307692307693,0.591715976331361,0.05510708689689636,0.3000558614730835,0,0.00019562244415283203,0.00019575891201384366
"batch2_128_255|(0,3)",batch2_128_255,1,0,3,"(0,3)",0,31,0.7948717948717948,0.6318211702827087,0.0569336861371994,0.3080208897590637,0,0.00018548965454101562,0.00018559466116130352
"batch2_128_255|(0,3)",batch2_128_255,1,0,3,"(0,3)",0,32,0.8205128205128205,0.6732412886259039,0.05875386670231819,0.31588563323020935,0,0.0001647472381591797,0.0001647957687964663
"batch2_128_255|(0,3)",batch2_128_255,1,0,3,"(0,3)",0,33,0.8461538461538461,0.7159763313609467,0.060566168278455734,0.3236166834831238,0,0.00015354156494140625,0.00015349153545685112
"batch2_128_255|(0,3)",batch2_128_255,1,0,3,"(0,3)",0,34,0.8717948717948718,0.760026298487837,0.062370169907808304,0.3312601149082184,0,0.0001392364501953125,0.00013930130808148533
"batch2_128_255|(0,3)",batch2_128_255,1,0,3,"(0,3)",0,35,0.8974358974358975,0.8053911900065747,0.06416118144989014,0.33875772356987,0,0.0001347064971923828,0.00013480294728651643
"batch2_128_255|(0,3)",batch2_128_255,1,0,3,"(0,3)",0,36,0.9230769230769231,0.8520710059171599,0.06594060361385345,0.3461475074291229,0,0.00012695789337158203,0.0001269362837774679
"batch2_128_255|(0,3)",batch2_128_255,1,0,3,"(0,3)",0,37,0.9487179487179487,0.9000657462195923,0.06770676374435425,0.35343825817108154,0,0.00015270709991455078,0.00015271494339685887
"batch2_128_255|(0,3)",batch2_128_255,1,0,3,"(0,3)",0,38,0.9743589743589743,0.9493754109138725,0.06945821642875671,0.36060142517089844,0,0.00012755393981933594,0.00012748103472404182
"batch2_128_255|(0,3)",batch2_128_255,1,0,3,"(0,3)",0,39,1.0,1.0,0.0711931437253952,0.36761772632598877,0,0.00012993812561035156,0.00012999294267501682
"batch2_128_255|(0,4)",batch2_128_255,1,0,4,"(0,4)",0,0,0.0,0.0,0.0,0.0,0,0.0017597675323486328,0.0017600490245968103
"batch2_128_255|(0,4)",batch2_128_255,1,0,4,"(0,4)",0,1,0.02564102564102564,0.0006574621959237343,0.0019057929748669267,0.014279192313551903,0,0.0015964508056640625,0.0015964555786922574
"batch2_128_255|(0,4)",batch2_128_255,1,0,4,"(0,4)",0,2,0.05128205128205128,0.0026298487836949372,0.0037862586323171854,0.02831757813692093,0,0.0014591217041015625,0.0014593027299270034
"batch2_128_255|(0,4)",batch2_128_255,1,0,4,"(0,4)",0,3,0.07692307692307693,0.00591715976331361,0.005642665084451437,0.042142968624830246,0,0.001348257064819336,0.0013484013034030795
"batch2_128_255|(0,4)",batch2_128_255,1,0,4,"(0,4)",0,4,0.10256410256410256,0.010519395134779749,0.007477882318198681,0.05581308528780937,0,0.0012462139129638672,0.0012463114690035582
"batch2_128_255|(0,4)",batch2_128_255,1,0,4,"(0,4)",0,5,0.1282051282051282,0.016436554898093356,0.00929291732609272,0.06919641047716141,0,0.0011534690856933594,0.0011535240337252617
"batch2_128_255|(0,4)",batch2_128_255,1,0,4,"(0,4)",0,6,0.15384615384615385,0.02366863905325444,0.011089975014328957,0.08220187574625015,0,0.0010695457458496094,0.0010697691468521953
"batch2_128_255|(0,4)",batch2_128_255,1,0,4,"(0,4)",0,7,0.1794871794871795,0.032215647600262985,0.012872609309852123,0.09479808807373047,0,0.0009971857070922852,0.0009973094565793872
"batch2_128_255|(0,4)",batch2_128_255,1,0,4,"(0,4)",0,8,0.20512820512820512,0.042077580539118996,0.01464694645255804,0.10693129897117615,0,0.0009361505508422852,0.0009362422279082239
"batch2_128_255|(0,4)",batch2_128_255,1,0,4,"(0,4)",0,9,0.23076923076923078,0.053254437869822494,0.016414254903793335,0.11868276447057724,0,0.0008739233016967773,0.0008740178891457617
"batch2_128_255|(0,4)",batch2_128_255,1,0,4,"(0,4)",0,10,0.2564102564102564,0.06574621959237342,0.018175635486841202,0.13010352849960327,0,0.0008077621459960938,0.0008077354868873954
"batch2_128_255|(0,4)",batch2_128_255,1,0,4,"(0,4)",0,11,0.28205128205128205,0.07955292570677186,0.019931770861148834,0.14116832613945007,0,0.0007560253143310547,0.0007561114034615457
"batch2_128_255|(0,4)",batch2_128_255,1,0,4,"(0,4)",0,12,0.3076923076923077,0.09467455621301776,0.021686231717467308,0.15190492570400238,0,0.0006957054138183594,0.000695511233061552
"batch2_128_255|(0,4)",batch2_128_255,1,0,4,"(0,4)",0,13,0.3333333333333333,0.1111111111111111,0.023440256714820862,0.16232731938362122,0,0.0006356239318847656,0.0006357926758937538
"batch2_128_255|(0,4)",batch2_128_255,1,0,4,"(0,4)",0,14,0.358974358974359,0.12886259040105194,0.02519540674984455,0.17248669266700745,0,0.0005592107772827148,0.0005593353998847306
"batch2_128_255|(0,4)",batch2_128_255,1,0,4,"(0,4)",0,15,0.38461538461538464,0.14792899408284024,0.026951799169182777,0.18239295482635498,0,0.0005078315734863281,0.0005078692338429391
"batch2_128_255|(0,4)",batch2_128_255,1,0,4,"(0,4)",0,16,0.41025641025641024,0.16831032215647598,0.028716163709759712,0.19219563901424408,0,0.0004718303680419922,0.0004717665142379701
"batch2_128_255|(0,4)",batch2_128_255,1,0,4,"(0,4)",0,17,0.4358974358974359,0.19000657462195925,0.03049149177968502,0.20195148885250092,0,0.0004101991653442383,0.0004103018145542592
"batch2_128_255|(0,4)",batch2_128_255,1,0,4,"(0,4)",0,18,0.46153846153846156,0.21301775147928997,0.032272789627313614,0.2114914506673813,0,0.000362396240234375,0.0003624054661486298
"batch2_128_255|(0,4)",batch2_128_255,1,0,4,"(0,4)",0,19,0.48717948717948717,0.2373438527284681,0.03406644985079765,0.2210105061531067,0,0.00032806396484375,0.000328126858221367
"batch2_128_255|(0,4)",batch2_128_255,1,0,4,"(0,4)",0,20,0.5128205128205128,0.2629848783694937,0.03586845472455025,0.23045967519283295,0,0.00024771690368652344,0.000247684249188751
"batch2_128_255|(0,4)",batch2_128_255,1,0,4,"(0,4)",0,21,0.5384615384615384,0.28994082840236685,0.03767552226781845,0.23974637687206268,0,0.00021255016326904297,0.00021253906015772372
"batch2_128_255|(0,4)",batch2_128_255,1,0,4,"(0,4)",0,22,0.5641025641025641,0.31821170282708744,0.0394887775182724,0.24891670048236847,0,0.00018477439880371094,0.00018492862000130117
"batch2_128_255|(0,4)",batch2_128_255,1,0,4,"(0,4)",0,23,0.5897435897435898,0.3477975016436555,0.041310448199510574,0.2579185366630554,0,0.0001455545425415039,0.00014555476082023233
"batch2_128_255|(0,4)",batch2_128_255,1,0,4,"(0,4)",0,24,0.6153846153846154,0.37869822485207105,0.04313741996884346,0.2667492628097534,0,0.00012624263763427734,0.00012622123176697642
"batch2_128_255|(0,4)",batch2_128_255,1,0,4,"(0,4)",0,25,0.6410256410256411,0.4109138724523341,0.044969696551561356,0.27538856863975525,0,9.942054748535156e-05,9.952014806913212e-05
"batch2_128_255|(0,4)",batch2_128_255,1,0,4,"(0,4)",0,26,0.6666666666666666,0.4444444444444444,0.04680347070097923,0.28384673595428467,0,6.496906280517578e-05,6.488285725936294e-05
"batch2_128_255|(0,4)",batch2_128_255,1,0,4,"(0,4)",0,27,0.6923076923076923,0.4792899408284023,0.04863525182008743,0.2921212911605835,0,3.707408905029297e-05,3.7154837627895176e-05
"batch2_128_255|(0,4)",batch2_128_255,1,0,4,"(0,4)",0,28,0.717948717948718,0.5154503616042078,0.05046436935663223,0.3002195358276367,0,1.4662742614746094e-05,1.468210120947333e-05
"batch2_128_255|(0,4)",batch2_128_255,1,0,4,"(0,4)",0,29,0.7435897435897436,0.5529257067718607,0.05228905379772186,0.3081739842891693,1,-9.417533874511719e-06,-9.302782018494327e-06
"batch2_128_255|(0,5)",batch2_128_255,1,0,5,"(0,5)",0,0,0.0,0.0,0.0,0.0,0,0.0007971525192260742,0.0007971777813509107
"batch2_128_255|(0,5)",batch2_128_255,1,0,5,"(0,5)",0,1,0.02564102564102564,0.0006574621959237343,0.0019043807405978441,0.014628833159804344,0,0.0007804632186889648,0.0007806061184965074
"batch2_128_255|(0,5)",batch2_128_255,1,0,5,"(0,5)",0,2,0.05128205128205128,0.0026298487836949372,0.003788325935602188,0.028964916244149208,0,0.0007646083831787109,0.0007646745652891695
"batch2_128_255|(0,5)",batch2_128_255,1,0,5,"(0,5)",0,3,0.07692307692307693,0.00591715976331361,0.005654390435665846,0.043072473257780075,0,0.0007383823394775391,0.0007384652853943408
"batch2_128_255|(0,5)",batch2_128_255,1,0,5,"(0,5)",0,4,0.10256410256410256,0.010519395134779749,0.007505920249968767,0.056958213448524475,0,0.0007146596908569336,0.0007147379219532013
"batch2_128_255|(0,5)",batch2_128_255,1,0,5,"(0,5)",0,5,0.1282051282051282,0.016436554898093356,0.009340395219624043,0.07049308717250824,0,0.000680387020111084,0.0006804520962759852
"batch2_128_255|(0,5)",batch2_128_255,1,0,5,"(0,5)",0,6,0.15384615384615385,0.02366863905325444,0.011159397661685944,0.08358519524335861,0,0.000634312629699707,0.0006343569839373231
"batch2_128_255|(0,5)",batch2_128_255,1,0,5,"(0,5)",0,7,0.1794871794871795,0.032215647600262985,0.01295932661741972,0.09604737907648087,0,0.0005930066108703613,0.0005930715706199408
"batch2_128_255|(0,5)",batch2_128_255,1,0,5,"(0,5)",0,8,0.20512820512820512,0.042077580539118996,0.014744210988283157,0.10788778215646744,0,0.000547945499420166,0.0005479404935613275
"batch2_128_255|(0,5)",batch2_128_255,1,0,5,"(0,5)",0,9,0.23076923076923078,0.053254437869822494,0.01651955582201481,0.11926811188459396,0,0.000497281551361084,0.0004973518662154675
"batch2_128_255|(0,5)",batch2_128_255,1,0,5,"(0,5)",0,10,0.2564102564102564,0.06574621959237342,0.01828603260219097,0.13010339438915253,0,0.00045228004455566406,0.0004523996904026717
"batch2_128_255|(0,5)",batch2_128_255,1,0,5,"(0,5)",0,11,0.28205128205128205,0.07955292570677186,0.02004982903599739,0.14055012166500092,0,0.00040650367736816406,0.0004065052780788392
"batch2_128_255|(0,5)",batch2_128_255,1,0,5,"(0,5)",0,12,0.3076923076923077,0.09467455621301776,0.02181662805378437,0.15062099695205688,0,0.00036984682083129883,0.00036990270018577576
"batch2_128_255|(0,5)",batch2_128_255,1,0,5,"(0,5)",0,13,0.3333333333333333,0.1111111111111111,0.02358907088637352,0.16045290231704712,0,0.00033402442932128906,0.00033408301533199847
"batch2_128_255|(0,5)",batch2_128_255,1,0,5,"(0,5)",0,14,0.358974358974359,0.12886259040105194,0.025368640199303627,0.17008982598781586,0,0.0003083944320678711,0.0003084272029809654
"batch2_128_255|(0,5)",batch2_128_255,1,0,5,"(0,5)",0,15,0.38461538461538464,0.14792899408284024,0.027157004922628403,0.1796078234910965,0,0.0002764463424682617,0.00027648668037727475
"batch2_128_255|(0,5)",batch2_128_255,1,0,5,"(0,5)",0,16,0.41025641025641024,0.16831032215647598,0.02895282208919525,0.1890418976545334,0,0.0002364516258239746,0.00023639414575882256
"batch2_128_255|(0,5)",batch2_128_255,1,0,5,"(0,5)",0,17,0.4358974358974359,0.19000657462195925,0.0307575985789299,0.19845618307590485,0,0.00021195411682128906,0.00021193244901951402
"batch2_128_255|(0,5)",batch2_128_255,1,0,5,"(0,5)",0,18,0.46153846153846156,0.21301775147928997,0.03257253021001816,0.20790594816207886,0,0.00018453598022460938,0.00018461031140759587
"batch2_128_255|(0,5)",batch2_128_255,1,0,5,"(0,5)",0,19,0.48717948717948717,0.2373438527284681,0.034394051879644394,0.21736665070056915,0,0.0001666545867919922,0.00016659630637150258
"batch2_128_255|(0,5)",batch2_128_255,1,0,5,"(0,5)",0,20,0.5128205128205128,0.2629848783694937,0.036220259964466095,0.22687269747257233,0,0.00014793872833251953,0.0001479440979892388
"batch2_128_255|(0,5)",batch2_128_255,1,0,5,"(0,5)",0,21,0.5384615384615384,0.28994082840236685,0.03804556652903557,0.23626849055290222,0,0.00012505054473876953,0.00012499623699113727
"batch2_128_255|(0,5)",batch2_128_255,1,0,5,"(0,5)",0,22,0.5641025641025641,0.31821170282708744,0.03986916318535805,0.24556604027748108,0,0.00010460615158081055,0.00010467375250300393
"batch2_128_255|(0,5)",batch2_128_255,1,0,5,"(0,5)",0,23,0.5897435897435898,0.3477975016436555,0.041687313467264175,0.2547112703323364,0,9.769201278686523e-05,9.762054833117872e-05
"batch2_128_255|(0,5)",batch2_128_255,1,0,5,"(0,5)",0,24,0.6153846153846154,0.37869822485207105,0.04350052401423454,0.26376092433929443,0,9.08970832824707e-05,9.085714555112645e-05
"batch2_128_255|(0,5)",batch2_128_255,1,0,5,"(0,5)",0,25,0.6410256410256411,0.4109138724523341,0.045304588973522186,0.2726774215698242,0,9.578466415405273e-05,9.578079334460199e-05
"batch2_128_255|(0,5)",batch2_128_255,1,0,5,"(0,5)",0,26,0.6666666666666666,0.4444444444444444,0.047097157686948776,0.2813962996006012,0,9.065866470336914e-05,9.054025576915592e-05
"batch2_128_255|(0,5)",batch2_128_255,1,0,5,"(0,5)",0,27,0.6923076923076923,0.4792899408284023,0.04887576028704643,0.28995728492736816,0,8.64267349243164e-05,8.628633077023551e-05
"batch2_128_255|(0,5)",batch2_128_255,1,0,5,"(0,5)",0,28,0.717948717948718,0.5154503616042078,0.05064147338271141,0.2983914911746979,0,7.236003875732422e-05,7.225557055789977e-05
"batch2_128_255|(0,5)",batch2_128_255,1,0,5,"(0,5)",0,29,0.7435897435897436,0.5529257067718607,0.05238848179578781,0.30664491653442383,0,5.555152893066406e-05,5.559533019550145e-05
"batch2_128_255|(0,5)",batch2_128_255,1,0,5,"(0,5)",0,30,0.7692307692307693,0.591715976331361,0.05411577969789505,0.3147194981575012,0,4.13060188293457e-05,4.132850517635234e-05
"batch2_128_255|(0,5)",batch2_128_255,1,0,5,"(0,5)",0,31,0.7948717948717948,0.6318211702827087,0.055818915367126465,0.32265177369117737,0,4.404783248901367e-05,4.401242404128425e-05
"batch2_128_255|(0,5)",batch2_128_255,1,0,5,"(0,5)",0,32,0.8205128205128205,0.6732412886259039,0.05749788507819176,0.3304627537727356,0,4.494190216064453e-05,4.492865991778672e-05
"batch2_128_255|(0,5)",batch2_128_255,1,0,5,"(0,5)",0,33,0.8461538461538461,0.7159763313609467,0.05914921313524246,0.33813291788101196,0,4.023313522338867e-05,4.019620246253908e-05
"batch2_128_255|(0,5)",batch2_128_255,1,0,5,"(0,5)",0,34,0.8717948717948718,0.760026298487837,0.060771387070417404,0.3456710875034332,0,3.8623809814453125e-05,3.8619145925622433e-05
"batch2_128_255|(0,5)",batch2_128_255,1,0,5,"(0,5)",0,35,0.8974358974358975,0.8053911900065747,0.062361981719732285,0.35306018590927124,0,3.516674041748047e-05,3.5233806556789204e-05
"batch2_128_255|(0,5)",batch2_128_255,1,0,5,"(0,5)",0,36,0.9230769230769231,0.8520710059171599,0.06391985714435577,0.3602851927280426,0,3.701448440551758e-05,3.7019981391495094e-05
"batch2_128_255|(0,5)",batch2_128_255,1,0,5,"(0,5)",0,37,0.9487179487179487,0.9000657462195923,0.06544233113527298,0.36733871698379517,0,3.504753112792969e-05,3.509844100335613e-05
"batch2_128_255|(0,5)",batch2_128_255,1,0,5,"(0,5)",0,38,0.9743589743589743,0.9493754109138725,0.06693146377801895,0.3742164969444275,0,3.0875205993652344e-05,3.0791394237894565e-05
"batch2_128_255|(0,5)",batch2_128_255,1,0,5,"(0,5)",0,39,1.0,1.0,0.0683840960264206,0.3809172809123993,0,2.759695053100586e-05,2.7568908990360796e-05
"batch2_128_255|(0,6)",batch2_128_255,1,0,6,"(0,6)",0,0,0.0,0.0,0.0,0.0,0,0.0025408267974853516,0.0025413779076188803
"batch2_128_255|(0,6)",batch2_128_255,1,0,6,"(0,6)",0,1,0.02564102564102564,0.0006574621959237343,0.0019295822130516171,0.01322538685053587,0,0.0022377967834472656,0.0022380007430911064
"batch2_128_255|(0,6)",batch2_128_255,1,0,6,"(0,6)",0,2,0.05128205128205128,0.0026298487836949372,0.0038238384295254946,0.026109881699085236,0,0.001975536346435547,0.0019758841954171658
"batch2_128_255|(0,6)",batch2_128_255,1,0,6,"(0,6)",0,3,0.07692307692307693,0.00591715976331361,0.005687620956450701,0.03870450705289841,0,0.001752614974975586,0.0017527249874547124
"batch2_128_255|(0,6)",batch2_128_255,1,0,6,"(0,6)",0,4,0.10256410256410256,0.010519395134779749,0.0075245811603963375,0.05102357268333435,0,0.0015540122985839844,0.0015541762113571167
"batch2_128_255|(0,6)",batch2_128_255,1,0,6,"(0,6)",0,5,0.1282051282051282,0.016436554898093356,0.009339972399175167,0.0630677342414856,0,0.0013728141784667969,0.0013729528291150928
"batch2_128_255|(0,6)",batch2_128_255,1,0,6,"(0,6)",0,6,0.15384615384615385,0.02366863905325444,0.011133352294564247,0.07484263926744461,0,0.0012202262878417969,0.0012203045189380646
"batch2_128_255|(0,6)",batch2_128_255,1,0,6,"(0,6)",0,7,0.1794871794871795,0.032215647600262985,0.012910012155771255,0.08632296323776245,0,0.001081228256225586,0.0010812171967700124
"batch2_128_255|(0,6)",batch2_128_255,1,0,6,"(0,6)",0,8,0.20512820512820512,0.042077580539118996,0.01467204187065363,0.09751923382282257,0,0.0009706020355224609,0.0009704596595838666
"batch2_128_255|(0,6)",batch2_128_255,1,0,6,"(0,6)",0,9,0.23076923076923078,0.053254437869822494,0.01642322726547718,0.1084550991654396,0,0.0008646249771118164,0.0008645756170153618
"batch2_128_255|(0,6)",batch2_128_255,1,0,6,"(0,6)",0,10,0.2564102564102564,0.06574621959237342,0.018163446336984634,0.11918600648641586,0,0.0007855892181396484,0.0007858214667066932
"batch2_128_255|(0,6)",batch2_128_255,1,0,6,"(0,6)",0,11,0.28205128205128205,0.07955292570677186,0.019900504499673843,0.1297861933708191,0,0.0006963014602661133,0.0006963066407479346
"batch2_128_255|(0,6)",batch2_128_255,1,0,6,"(0,6)",0,12,0.3076923076923077,0.09467455621301776,0.021632837131619453,0.1401425004005432,0,0.0006189346313476562,0.0006192049477249384
"batch2_128_255|(0,6)",batch2_128_255,1,0,6,"(0,6)",0,13,0.3333333333333333,0.1111111111111111,0.023363100364804268,0.1502588987350464,0,0.0005539655685424805,0.0005538916448131204
"batch2_128_255|(0,6)",batch2_128_255,1,0,6,"(0,6)",0,14,0.358974358974359,0.12886259040105194,0.02509564347565174,0.16020120680332184,0,0.0004951953887939453,0.0004951949813403189
"batch2_128_255|(0,6)",batch2_128_255,1,0,6,"(0,6)",0,15,0.38461538461538464,0.14792899408284024,0.02683185413479805,0.1699373424053192,0,0.0004513263702392578,0.00045122532173991203
"batch2_128_255|(0,6)",batch2_128_255,1,0,6,"(0,6)",0,16,0.41025641025641024,0.16831032215647598,0.028571682050824165,0.17946162819862366,0,0.0004062652587890625,0.00040624564280733466
"batch2_128_255|(0,6)",batch2_128_255,1,0,6,"(0,6)",0,17,0.4358974358974359,0.19000657462195925,0.03031761944293976,0.18881718814373016,0,0.00036525726318359375,0.00036538412678055465
"batch2_128_255|(0,6)",batch2_128_255,1,0,6,"(0,6)",0,18,0.46153846153846156,0.21301775147928997,0.032069310545921326,0.19803568720817566,0,0.0003178119659423828,0.0003177707549184561
"batch2_128_255|(0,6)",batch2_128_255,1,0,6,"(0,6)",0,19,0.48717948717948717,0.2373438527284681,0.03382660821080208,0.2071121633052826,0,0.00028455257415771484,0.00028464419301599264
"batch2_128_255|(0,6)",batch2_128_255,1,0,6,"(0,6)",0,20,0.5128205128205128,0.2629848783694937,0.03559211641550064,0.21607713401317596,0,0.00025784969329833984,0.0002578737330622971
"batch2_128_255|(0,6)",batch2_128_255,1,0,6,"(0,6)",0,21,0.5384615384615384,0.28994082840236685,0.03736390545964241,0.2249881774187088,0,0.000232696533203125,0.000232750186114572
"batch2_128_255|(0,6)",batch2_128_255,1,0,6,"(0,6)",0,22,0.5641025641025641,0.31821170282708744,0.03914131969213486,0.23383928835391998,0,0.0002008676528930664,0.00020076199143659323
"batch2_128_255|(0,6)",batch2_128_255,1,0,6,"(0,6)",0,23,0.5897435897435898,0.3477975016436555,0.04092351719737053,0.24261024594306946,0,0.0001748800277709961,0.0001749926304910332
"batch2_128_255|(0,6)",batch2_128_255,1,0,6,"(0,6)",0,24,0.6153846153846154,0.37869822485207105,0.042708516120910645,0.25127461552619934,0,0.00016891956329345703,0.00016905207303352654
"batch2_128_255|(0,6)",batch2_128_255,1,0,6,"(0,6)",0,25,0.6410256410256411,0.4109138724523341,0.04449688270688057,0.259914368391037,0,0.00014495849609375,0.000145088488352485
"batch2_128_255|(0,6)",batch2_128_255,1,0,6,"(0,6)",0,26,0.6666666666666666,0.4444444444444444,0.046285077929496765,0.2684226632118225,0,0.0001385211944580078,0.0001385455543641001
"batch2_128_255|(0,6)",batch2_128_255,1,0,6,"(0,6)",0,27,0.6923076923076923,0.4792899408284023,0.048075176775455475,0.2768324315547943,0,0.00013434886932373047,0.00013439441681839526
"batch2_128_255|(0,6)",batch2_128_255,1,0,6,"(0,6)",0,28,0.717948717948718,0.5154503616042078,0.049862898886203766,0.28512805700302124,0,0.0001327991485595703,0.00013278766709845513
"batch2_128_255|(0,6)",batch2_128_255,1,0,6,"(0,6)",0,29,0.7435897435897436,0.5529257067718607,0.05164815112948418,0.29328447580337524,0,0.00013375282287597656,0.00013384134217631072
"batch2_128_255|(0,6)",batch2_128_255,1,0,6,"(0,6)",0,30,0.7692307692307693,0.591715976331361,0.05342961475253105,0.3012721836566925,0,0.0001361370086669922,0.0001362055045319721
"batch2_128_255|(0,6)",batch2_128_255,1,0,6,"(0,6)",0,31,0.7948717948717948,0.6318211702827087,0.05520544573664665,0.3091726005077362,0,0.00013685226440429688,0.00013668414612766355
"batch2_128_255|(0,6)",batch2_128_255,1,0,6,"(0,6)",0,32,0.8205128205128205,0.6732412886259039,0.05697367340326309,0.3169387876987457,0,0.00014030933380126953,0.0001401297195116058
"batch2_128_255|(0,6)",batch2_128_255,1,0,6,"(0,6)",0,33,0.8461538461538461,0.7159763313609467,0.05873062461614609,0.3245621919631958,0,0.00014019012451171875,0.00014020135859027505
"batch2_128_255|(0,6)",batch2_128_255,1,0,6,"(0,6)",0,34,0.8717948717948718,0.760026298487837,0.060475919395685196,0.3320518434047699,0,0.00015628337860107422,0.00015620089834555984
"batch2_128_255|(0,6)",batch2_128_255,1,0,6,"(0,6)",0,35,0.8974358974358975,0.8053911900065747,0.062206923961639404,0.3394140899181366,0,0.00016248226165771484,0.00016258588584605604
"batch2_128_255|(0,6)",batch2_128_255,1,0,6,"(0,6)",0,36,0.9230769230769231,0.8520710059171599,0.06392236053943634,0.34664785861968994,0,0.00017011165618896484,0.00017022297834046185
"batch2_128_255|(0,6)",batch2_128_255,1,0,6,"(0,6)",0,37,0.9487179487179487,0.9000657462195923,0.06562033295631409,0.3537536859512329,0,0.00018525123596191406,0.00018527801148593426
"batch2_128_255|(0,6)",batch2_128_255,1,0,6,"(0,6)",0,38,0.9743589743589743,0.9493754109138725,0.06730005890130997,0.3607189953327179,0,0.00018978118896484375,0.00018974624981638044
"batch2_128_255|(0,6)",batch2_128_255,1,0,6,"(0,6)",0,39,1.0,1.0,0.06896043568849564,0.3675660490989685,0,0.00019180774688720703,0.00019188741862308234
"batch2_128_255|(0,7)",batch2_128_255,1,0,7,"(0,7)",1,0,0.0,0.0,0.0,0.0,0,0.0017368793487548828,0.0017370629357174039
"batch2_128_255|(0,7)",batch2_128_255,1,0,7,"(0,7)",1,1,0.02564102564102564,0.0006574621959237343,0.0019728601910173893,0.013776768930256367,0,0.0015832185745239258,0.001583338133059442
"batch2_128_255|(0,7)",batch2_128_255,1,0,7,"(0,7)",1,2,0.05128205128205128,0.0026298487836949372,0.003911408130079508,0.027307040989398956,0,0.001440286636352539,0.0014404308749362826
"batch2_128_255|(0,7)",batch2_128_255,1,0,7,"(0,7)",1,3,0.07692307692307693,0.00591715976331361,0.005817183759063482,0.04061966761946678,0,0.001320958137512207,0.001321089337579906
"batch2_128_255|(0,7)",batch2_128_255,1,0,7,"(0,7)",1,4,0.10256410256410256,0.010519395134779749,0.0076933917589485645,0.05373169481754303,0,0.0012019872665405273,0.0012020913418382406
"batch2_128_255|(0,7)",batch2_128_255,1,0,7,"(0,7)",1,5,0.1282051282051282,0.016436554898093356,0.009541851468384266,0.06649830937385559,0,0.0010956525802612305,0.0010956060141324997
"batch2_128_255|(0,7)",batch2_128_255,1,0,7,"(0,7)",1,6,0.15384615384615385,0.02366863905325444,0.011365266516804695,0.07899501174688339,0,0.0009799003601074219,0.000980095355771482
"batch2_128_255|(0,7)",batch2_128_255,1,0,7,"(0,7)",1,7,0.1794871794871795,0.032215647600262985,0.013162985444068909,0.09110664576292038,0,0.0008852481842041016,0.0008854269981384277
"batch2_128_255|(0,7)",batch2_128_255,1,0,7,"(0,7)",1,8,0.20512820512820512,0.042077580539118996,0.014942798763513565,0.10295086354017258,0,0.0007932186126708984,0.0007933445740491152
"batch2_128_255|(0,7)",batch2_128_255,1,0,7,"(0,7)",1,9,0.23076923076923078,0.053254437869822494,0.016706416383385658,0.11444459855556488,0,0.0007112026214599609,0.0007112218299880624
"batch2_128_255|(0,7)",batch2_128_255,1,0,7,"(0,7)",1,10,0.2564102564102564,0.06574621959237342,0.018458383157849312,0.12560401856899261,0,0.0006301403045654297,0.0006302074179984629
"batch2_128_255|(0,7)",batch2_128_255,1,0,7,"(0,7)",1,11,0.28205128205128205,0.07955292570677186,0.020201144739985466,0.13640306890010834,0,0.0005490779876708984,0.0005490386392921209
"batch2_128_255|(0,7)",batch2_128_255,1,0,7,"(0,7)",1,12,0.3076923076923077,0.09467455621301776,0.021934743970632553,0.14684359729290009,0,0.0004901885986328125,0.0004902982618659735
"batch2_128_255|(0,7)",batch2_128_255,1,0,7,"(0,7)",1,13,0.3333333333333333,0.1111111111111111,0.023666858673095703,0.1570264995098114,0,0.0004254579544067383,0.0004255913372617215
"batch2_128_255|(0,7)",batch2_128_255,1,0,7,"(0,7)",1,14,0.358974358974359,0.12886259040105194,0.02539820969104767,0.1669493168592453,0,0.00036525726318359375,0.000365319661796093
"batch2_128_255|(0,7)",batch2_128_255,1,0,7,"(0,7)",1,15,0.38461538461538464,0.14792899408284024,0.02713022381067276,0.17663125693798065,0,0.00029969215393066406,0.00029980367980897427
"batch2_128_255|(0,7)",batch2_128_255,1,0,7,"(0,7)",1,16,0.41025641025641024,0.16831032215647598,0.0288628451526165,0.18613021075725555,0,0.00024235248565673828,0.0002423518744762987
"batch2_128_255|(0,7)",batch2_128_255,1,0,7,"(0,7)",1,17,0.4358974358974359,0.19000657462195925,0.03060116432607174,0.19542038440704346,0,0.00018525123596191406,0.00018518799333833158
"batch2_128_255|(0,7)",batch2_128_255,1,0,7,"(0,7)",1,18,0.46153846153846156,0.21301775147928997,0.032345905900001526,0.20469333231449127,0,0.0001456737518310547,0.0001457228063372895
"batch2_128_255|(0,7)",batch2_128_255,1,0,7,"(0,7)",1,19,0.48717948717948717,0.2373438527284681,0.03410055860877037,0.21387000381946564,0,0.00010216236114501953,0.00010208007734036073
"batch2_128_255|(0,7)",batch2_128_255,1,0,7,"(0,7)",1,20,0.5128205128205128,0.2629848783694937,0.03586184233427048,0.22293440997600555,0,5.602836608886719e-05,5.6031232816167176e-05
"batch2_128_255|(0,7)",batch2_128_255,1,0,7,"(0,7)",1,21,0.5384615384615384,0.28994082840236685,0.037630148231983185,0.23181965947151184,0,2.6226043701171875e-06,2.575519829406403e-06
"batch2_128_255|(0,7)",batch2_128_255,1,0,7,"(0,7)",1,22,0.5641025641025641,0.31821170282708744,0.039401669055223465,0.24051989614963531,1,-3.838539123535156e-05,-3.851057044812478e-05
"batch2_128_255|(1,2)",batch2_128_255,1,1,2,"(1,2)",0,0,0.0,0.0,0.0,0.0,0,0.0010410547256469727,0.001041223295032978
"batch2_128_255|(1,2)",batch2_128_255,1,1,2,"(1,2)",0,1,0.02564102564102564,0.0006574621959237343,0.0018793821800500154,0.015303310938179493,0,0.0009512901306152344,0.0009514138801023364
"batch2_128_255|(1,2)",batch2_128_255,1,1,2,"(1,2)",0,2,0.05128205128205128,0.0026298487836949372,0.0037074272986501455,0.03046022728085518,0,0.0008689165115356445,0.0008690006798133254
"batch2_128_255|(1,2)",batch2_128_255,1,1,2,"(1,2)",0,3,0.07692307692307693,0.00591715976331361,0.0054826755076646805,0.045324862003326416,0,0.0008082389831542969,0.0008083610446192324
"batch2_128_255|(1,2)",batch2_128_255,1,1,2,"(1,2)",0,4,0.10256410256410256,0.010519395134779749,0.007214767392724752,0.05994134396314621,0,0.0007537603378295898,0.000753789150621742
"batch2_128_255|(1,2)",batch2_128_255,1,1,2,"(1,2)",0,5,0.1282051282051282,0.016436554898093356,0.00890491995960474,0.07421382516622543,0,0.0007085800170898438,0.0007086258265189826
"batch2_128_255|(1,2)",batch2_128_255,1,1,2,"(1,2)",0,6,0.15384615384615385,0.02366863905325444,0.010559160262346268,0.08814740926027298,0,0.0006657838821411133,0.0006658147322013974
"batch2_128_255|(1,2)",batch2_128_255,1,1,2,"(1,2)",0,7,0.1794871794871795,0.032215647600262985,0.012179887853562832,0.10164632648229599,0,0.0006215572357177734,0.0006215896573849022
"batch2_128_255|(1,2)",batch2_128_255,1,1,2,"(1,2)",0,8,0.20512820512820512,0.042077580539118996,0.01377011463046074,0.11474218219518661,0,0.0005812644958496094,0.0005812895251438022
"batch2_128_255|(1,2)",batch2_128_255,1,1,2,"(1,2)",0,9,0.23076923076923078,0.053254437869822494,0.015335727483034134,0.12729457020759583,0,0.0005469322204589844,0.0005467956070788205
"batch2_128_255|(1,2)",batch2_128_255,1,1,2,"(1,2)",0,10,0.2564102564102564,0.06574621959237342,0.016887882724404335,0.13929273188114166,0,0.0005047321319580078,0.0005046950536780059
"batch2_128_255|(1,2)",batch2_128_255,1,1,2,"(1,2)",0,11,0.28205128205128205,0.07955292570677186,0.018430111929774284,0.150729238986969,0,0.0004608631134033203,0.00046079224557615817
"batch2_128_255|(1,2)",batch2_128_255,1,1,2,"(1,2)",0,12,0.3076923076923077,0.09467455621301776,0.019965460523962975,0.1615886688232422,0,0.00042426586151123047,0.0004242940922267735
"batch2_128_255|(1,2)",batch2_128_255,1,1,2,"(1,2)",0,13,0.3333333333333333,0.1111111111111111,0.021504197269678116,0.17196927964687347,0,0.00037980079650878906,0.00037984029040671885
"batch2_128_255|(1,2)",batch2_128_255,1,1,2,"(1,2)",0,14,0.358974358974359,0.12886259040105194,0.023047437891364098,0.18195343017578125,0,0.00034630298614501953,0.0003463954490143806
"batch2_128_255|(1,2)",batch2_128_255,1,1,2,"(1,2)",0,15,0.38461538461538464,0.14792899408284024,0.02460106462240219,0.19162969291210175,0,0.0003110170364379883,0.0003109732933808118
"batch2_128_255|(1,2)",batch2_128_255,1,1,2,"(1,2)",0,16,0.41025641025641024,0.16831032215647598,0.02616616152226925,0.20106448233127594,0,0.00028061866760253906,0.0002807800774462521
"batch2_128_255|(1,2)",batch2_128_255,1,1,2,"(1,2)",0,17,0.4358974358974359,0.19000657462195925,0.02774268388748169,0.21034923195838928,0,0.0002455711364746094,0.0002457298105582595
"batch2_128_255|(1,2)",batch2_128_255,1,1,2,"(1,2)",0,18,0.46153846153846156,0.21301775147928997,0.029331723228096962,0.21945801377296448,0,0.0002218484878540039,0.00022169061412569135
"batch2_128_255|(1,2)",batch2_128_255,1,1,2,"(1,2)",0,19,0.48717948717948717,0.2373438527284681,0.030932258814573288,0.22842730581760406,0,0.00019347667694091797,0.00019342574523761868
"batch2_128_255|(1,2)",batch2_128_255,1,1,2,"(1,2)",0,20,0.5128205128205128,0.2629848783694937,0.03254164382815361,0.23728173971176147,0,0.0001895427703857422,0.00018945634656120092
"batch2_128_255|(1,2)",batch2_128_255,1,1,2,"(1,2)",0,21,0.5384615384615384,0.28994082840236685,0.03416082635521889,0.24607710540294647,0,0.0001609325408935547,0.0001609842584002763
"batch2_128_255|(1,2)",batch2_128_255,1,1,2,"(1,2)",0,22,0.5641025641025641,0.31821170282708744,0.035786982625722885,0.25476738810539246,0,0.00013494491577148438,0.00013506264076568186
"batch2_128_255|(1,2)",batch2_128_255,1,1,2,"(1,2)",0,23,0.5897435897435898,0.3477975016436555,0.03741711005568504,0.2633892595767975,0,0.00010347366333007812,0.00010340151493437588
"batch2_128_255|(1,2)",batch2_128_255,1,1,2,"(1,2)",0,24,0.6153846153846154,0.37869822485207105,0.03904742747545242,0.2719293534755707,0,6.377696990966797e-05,6.389967165887356e-05
"batch2_128_255|(1,2)",batch2_128_255,1,1,2,"(1,2)",0,25,0.6410256410256411,0.4109138724523341,0.040680721402168274,0.28039124608039856,0,2.682209014892578e-05,2.6928270017378964e-05
"batch2_128_255|(1,2)",batch2_128_255,1,1,2,"(1,2)",0,26,0.6666666666666666,0.4444444444444444,0.04230990633368492,0.28877314925193787,1,-1.919269561767578e-05,-1.9088762201135978e-05
"batch2_128_255|(1,3)",batch2_128_255,1,1,3,"(1,3)",0,0,0.0,0.0,0.0,0.0,0,0.0008668899536132812,0.0008670272072777152
"batch2_128_255|(1,3)",batch2_128_255,1,1,3,"(1,3)",0,1,0.02564102564102564,0.0006574621959237343,0.0018340008100494742,0.014018877409398556,0,0.0007873177528381348,0.0007873995346017182
"batch2_128_255|(1,3)",batch2_128_255,1,1,3,"(1,3)",0,2,0.05128205128205128,0.0026298487836949372,0.003622095100581646,0.02764469012618065,0,0.0007264018058776855,0.0007264699088409543
"batch2_128_255|(1,3)",batch2_128_255,1,1,3,"(1,3)",0,3,0.07692307692307693,0.00591715976331361,0.005372898653149605,0.040902938693761826,0,0.000671088695526123,0.0006711782771162689
"batch2_128_255|(1,3)",batch2_128_255,1,1,3,"(1,3)",0,4,0.10256410256410256,0.010519395134779749,0.007087930105626583,0.05383610725402832,0,0.0006270408630371094,0.0006270335870794952
"batch2_128_255|(1,3)",batch2_128_255,1,1,3,"(1,3)",0,5,0.1282051282051282,0.016436554898093356,0.008774830959737301,0.06654196232557297,0,0.0005887746810913086,0.0005887345178052783
"batch2_128_255|(1,3)",batch2_128_255,1,1,3,"(1,3)",0,6,0.15384615384615385,0.02366863905325444,0.010436315089464188,0.07898806780576706,0,0.0005499124526977539,0.00054992112563923
"batch2_128_255|(1,3)",batch2_128_255,1,1,3,"(1,3)",0,7,0.1794871794871795,0.032215647600262985,0.012075187638401985,0.09119004011154175,0,0.0005230903625488281,0.0005231222603470087
"batch2_128_255|(1,3)",batch2_128_255,1,1,3,"(1,3)",0,8,0.20512820512820512,0.042077580539118996,0.013698280788958073,0.10314341634511948,0,0.0004960298538208008,0.0004960977821610868
"batch2_128_255|(1,3)",batch2_128_255,1,1,3,"(1,3)",0,9,0.23076923076923078,0.053254437869822494,0.015310053713619709,0.1148892268538475,0,0.00046956539154052734,0.00046957400627434254
"batch2_128_255|(1,3)",batch2_128_255,1,1,3,"(1,3)",0,10,0.2564102564102564,0.06574621959237342,0.016912739723920822,0.1263868510723114,0,0.0004438161849975586,0.0004438025353010744
"batch2_128_255|(1,3)",batch2_128_255,1,1,3,"(1,3)",0,11,0.28205128205128205,0.07955292570677186,0.018507812172174454,0.13760817050933838,0,0.00042617321014404297,0.00042626706999726593
"batch2_128_255|(1,3)",batch2_128_255,1,1,3,"(1,3)",0,12,0.3076923076923077,0.09467455621301776,0.020099442452192307,0.14861354231834412,0,0.00039893388748168945,0.00039886211743578315
"batch2_128_255|(1,3)",batch2_128_255,1,1,3,"(1,3)",0,13,0.3333333333333333,0.1111111111111111,0.021687321364879608,0.15929093956947327,0,0.0003699660301208496,0.0003698932705447078
"batch2_128_255|(1,3)",batch2_128_255,1,1,3,"(1,3)",0,14,0.358974358974359,0.12886259040105194,0.023276515305042267,0.16968275606632233,0,0.00034689903259277344,0.00034689964377321303
"batch2_128_255|(1,3)",batch2_128_255,1,1,3,"(1,3)",0,15,0.38461538461538464,0.14792899408284024,0.024868538603186607,0.17991968989372253,0,0.0003255605697631836,0.0003256750642322004
"batch2_128_255|(1,3)",batch2_128_255,1,1,3,"(1,3)",0,16,0.41025641025641024,0.16831032215647598,0.026465479284524918,0.18997372686862946,0,0.00030541419982910156,0.0003053517430089414
"batch2_128_255|(1,3)",batch2_128_255,1,1,3,"(1,3)",0,17,0.4358974358974359,0.19000657462195925,0.02806372009217739,0.19980013370513916,0,0.0002789497375488281,0.0002788209239952266
"batch2_128_255|(1,3)",batch2_128_255,1,1,3,"(1,3)",0,18,0.46153846153846156,0.21301775147928997,0.02966458722949028,0.20952242612838745,0,0.00025331974029541016,0.00025331188226118684
"batch2_128_255|(1,3)",batch2_128_255,1,1,3,"(1,3)",0,19,0.48717948717948717,0.2373438527284681,0.03127025440335274,0.21916931867599487,0,0.00022721290588378906,0.00022721155255567282
"batch2_128_255|(1,3)",batch2_128_255,1,1,3,"(1,3)",0,20,0.5128205128205128,0.2629848783694937,0.03288007155060768,0.22875307500362396,0,0.00020396709442138672,0.0002039838145719841
"batch2_128_255|(1,3)",batch2_128_255,1,1,3,"(1,3)",0,21,0.5384615384615384,0.28994082840236685,0.03449256345629692,0.23821629583835602,0,0.00018215179443359375,0.00018211276619695127
"batch2_128_255|(1,3)",batch2_128_255,1,1,3,"(1,3)",0,22,0.5641025641025641,0.31821170282708744,0.03610784932971001,0.24755331873893738,0,0.00015473365783691406,0.00015473882376682013
"batch2_128_255|(1,3)",batch2_128_255,1,1,3,"(1,3)",0,23,0.5897435897435898,0.3477975016436555,0.03772494196891785,0.25677528977394104,0,0.00011289119720458984,0.00011295358854113147
"batch2_128_255|(1,3)",batch2_128_255,1,1,3,"(1,3)",0,24,0.6153846153846154,0.37869822485207105,0.03934114798903465,0.2658592462539673,0,7.617473602294922e-05,7.6090291258879e-05
"batch2_128_255|(1,3)",batch2_128_255,1,1,3,"(1,3)",0,25,0.6410256410256411,0.4109138724523341,0.04095597565174103,0.2748083770275116,0,4.649162292480469e-05,4.6596262109233066e-05
"batch2_128_255|(1,3)",batch2_128_255,1,1,3,"(1,3)",0,26,0.6666666666666666,0.4444444444444444,0.04256674647331238,0.2836367189884186,0,7.748603820800781e-06,7.753837962809484e-06
"batch2_128_255|(1,3)",batch2_128_255,1,1,3,"(1,3)",0,27,0.6923076923076923,0.4792899408284023,0.04417227953672409,0.29232820868492126,1,-4.971027374267578e-05,-4.957715282216668e-05
"batch2_128_255|(1,4)",batch2_128_255,1,1,4,"(1,4)",0,0,0.0,0.0,0.0,0.0,0,0.0015794038772583008,0.0015798738459125161
"batch2_128_255|(1,4)",batch2_128_255,1,1,4,"(1,4)",0,1,0.02564102564102564,0.0006574621959237343,0.0018413220532238483,0.014689033851027489,0,0.0013241767883300781,0.0013244330184534192
"batch2_128_255|(1,4)",batch2_128_255,1,1,4,"(1,4)",0,2,0.05128205128205128,0.0026298487836949372,0.0036335824988782406,0.02906070277094841,0,0.0011246204376220703,0.0011246111243963242
"batch2_128_255|(1,4)",batch2_128_255,1,1,4,"(1,4)",0,3,0.07692307692307693,0.00591715976331361,0.005382663104683161,0.04306970536708832,0,0.0009615421295166016,0.0009616970201022923
"batch2_128_255|(1,4)",batch2_128_255,1,1,4,"(1,4)",0,4,0.10256410256410256,0.010519395134779749,0.007092723622918129,0.05687553808093071,0,0.0008329153060913086,0.0008329886477440596
"batch2_128_255|(1,4)",batch2_128_255,1,1,4,"(1,4)",0,5,0.1282051282051282,0.016436554898093356,0.008765988051891327,0.07031285762786865,0,0.0007183551788330078,0.0007186409784480929
"batch2_128_255|(1,4)",batch2_128_255,1,1,4,"(1,4)",0,6,0.15384615384615385,0.02366863905325444,0.010404659435153008,0.08326542377471924,0,0.0006306171417236328,0.0006305936840362847
"batch2_128_255|(1,4)",batch2_128_255,1,1,4,"(1,4)",0,7,0.1794871794871795,0.032215647600262985,0.012018676847219467,0.09579738974571228,0,0.0005545616149902344,0.0005547805340029299
"batch2_128_255|(1,4)",batch2_128_255,1,1,4,"(1,4)",0,8,0.20512820512820512,0.042077580539118996,0.013616998679935932,0.10791858285665512,0,0.0004911422729492188,0.0004911682335659862
"batch2_128_255|(1,4)",batch2_128_255,1,1,4,"(1,4)",0,9,0.23076923076923078,0.053254437869822494,0.01520536933094263,0.119635209441185,0,0.0004311800003051758,0.0004310884978622198
"batch2_128_255|(1,4)",batch2_128_255,1,1,4,"(1,4)",0,10,0.2564102564102564,0.06574621959237342,0.016791097819805145,0.13098186254501343,0,0.00037300586700439453,0.00037307097227312624
"batch2_128_255|(1,4)",batch2_128_255,1,1,4,"(1,4)",0,11,0.28205128205128205,0.07955292570677186,0.018376588821411133,0.14201411604881287,0,0.00031638145446777344,0.0003163439396303147
"batch2_128_255|(1,4)",batch2_128_255,1,1,4,"(1,4)",0,12,0.3076923076923077,0.09467455621301776,0.019967099651694298,0.1527239829301834,0,0.0002669095993041992,0.00026683678152039647
"batch2_128_255|(1,4)",batch2_128_255,1,1,4,"(1,4)",0,13,0.3333333333333333,0.1111111111111111,0.021565724164247513,0.1632837951183319,0,0.00022971630096435547,0.00022973434533923864
"batch2_128_255|(1,4)",batch2_128_255,1,1,4,"(1,4)",0,14,0.358974358974359,0.12886259040105194,0.023177599534392357,0.1738496720790863,0,0.00018465518951416016,0.0001846832747105509
"batch2_128_255|(1,4)",batch2_128_255,1,1,4,"(1,4)",0,15,0.38461538461538464,0.14792899408284024,0.02480638399720192,0.18435195088386536,0,0.00013172626495361328,0.0001316817506449297
"batch2_128_255|(1,4)",batch2_128_255,1,1,4,"(1,4)",0,16,0.41025641025641024,0.16831032215647598,0.02645488828420639,0.19476807117462158,0,8.130073547363281e-05,8.13154547358863e-05
"batch2_128_255|(1,4)",batch2_128_255,1,1,4,"(1,4)",0,17,0.4358974358974359,0.19000657462195925,0.028122225776314735,0.2051485925912857,0,2.5153160095214844e-05,2.525653508200776e-05
"batch2_128_255|(1,4)",batch2_128_255,1,1,4,"(1,4)",0,18,0.46153846153846156,0.21301775147928997,0.02980482019484043,0.21545445919036865,1,-4.5299530029296875e-05,-4.5310611312743276e-05
"batch2_128_255|(1,5)",batch2_128_255,1,1,5,"(1,5)",0,0,0.0,0.0,0.0,0.0,0,0.00048220157623291016,0.00048220634926110506
"batch2_128_255|(1,5)",batch2_128_255,1,1,5,"(1,5)",0,1,0.02564102564102564,0.0006574621959237343,0.001726397662423551,0.014938329346477985,0,0.0004571080207824707,0.00045717888860963285
"batch2_128_255|(1,5)",batch2_128_255,1,1,5,"(1,5)",0,2,0.05128205128205128,0.0026298487836949372,0.0034163743257522583,0.029536310583353043,0,0.00043714046478271484,0.00043730513425543904
"batch2_128_255|(1,5)",batch2_128_255,1,1,5,"(1,5)",0,3,0.07692307692307693,0.00591715976331361,0.005076277535408735,0.043828334659338,0,0.0004172325134277344,0.0004172185726929456
"batch2_128_255|(1,5)",batch2_128_255,1,1,5,"(1,5)",0,4,0.10256410256410256,0.010519395134779749,0.006707870401442051,0.05792281776666641,0,0.00040012598037719727,0.0004001114866696298
"batch2_128_255|(1,5)",batch2_128_255,1,1,5,"(1,5)",0,5,0.1282051282051282,0.016436554898093356,0.008314735256135464,0.07169206440448761,0,0.0003821849822998047,0.00038224461604841053
"batch2_128_255|(1,5)",batch2_128_255,1,1,5,"(1,5)",0,6,0.15384615384615385,0.02366863905325444,0.009901115670800209,0.08511827886104584,0,0.0003681182861328125,0.00036814616760239005
"batch2_128_255|(1,5)",batch2_128_255,1,1,5,"(1,5)",0,7,0.1794871794871795,0.032215647600262985,0.01147554162889719,0.09822966903448105,0,0.0003514885902404785,0.00035150491748936474
"batch2_128_255|(1,5)",batch2_128_255,1,1,5,"(1,5)",0,8,0.20512820512820512,0.042077580539118996,0.013038231059908867,0.11100272834300995,0,0.00032830238342285156,0.0003282692050561309
"batch2_128_255|(1,5)",batch2_128_255,1,1,5,"(1,5)",0,9,0.23076923076923078,0.053254437869822494,0.014595034532248974,0.123480424284935,0,0.00029671192169189453,0.00029679006547667086
"batch2_128_255|(1,5)",batch2_128_255,1,1,5,"(1,5)",0,10,0.2564102564102564,0.06574621959237342,0.016142524778842926,0.13550399243831635,0,0.00026732683181762695,0.000267444527707994
"batch2_128_255|(1,5)",batch2_128_255,1,1,5,"(1,5)",0,11,0.28205128205128205,0.07955292570677186,0.017687959596514702,0.1473401039838791,0,0.0002357959747314453,0.0002357207122258842
"batch2_128_255|(1,5)",batch2_128_255,1,1,5,"(1,5)",0,12,0.3076923076923077,0.09467455621301776,0.019233960658311844,0.15886752307415009,0,0.00019979476928710938,0.0001997731887968257
"batch2_128_255|(1,5)",batch2_128_255,1,1,5,"(1,5)",0,13,0.3333333333333333,0.1111111111111111,0.020784160122275352,0.17010515928268433,0,0.00017559528350830078,0.000175581852090545
"batch2_128_255|(1,5)",batch2_128_255,1,1,5,"(1,5)",0,14,0.358974358974359,0.12886259040105194,0.022340824827551842,0.18123814463615417,0,0.00013434886932373047,0.00013430850231088698
"batch2_128_255|(1,5)",batch2_128_255,1,1,5,"(1,5)",0,15,0.38461538461538464,0.14792899408284024,0.023903999477624893,0.19202753901481628,0,9.703636169433594e-05,9.699117072159424e-05
"batch2_128_255|(1,5)",batch2_128_255,1,1,5,"(1,5)",0,16,0.41025641025641024,0.16831032215647598,0.025473371148109436,0.20248259603977203,0,6.651878356933594e-05,6.660148210357875e-05
"batch2_128_255|(1,5)",batch2_128_255,1,1,5,"(1,5)",0,17,0.4358974358974359,0.19000657462195925,0.027051612734794617,0.21271079778671265,0,4.6372413635253906e-05,4.63638425571844e-05
"batch2_128_255|(1,5)",batch2_128_255,1,1,5,"(1,5)",0,18,0.46153846153846156,0.21301775147928997,0.028640057891607285,0.22280941903591156,0,1.4424324035644531e-05,1.4431778254220262e-05
"batch2_128_255|(1,5)",batch2_128_255,1,1,5,"(1,5)",0,19,0.48717948717948717,0.2373438527284681,0.03022874891757965,0.23271043598651886,1,-1.0609626770019531e-05,-1.0610289791657124e-05
"batch2_128_255|(1,6)",batch2_128_255,1,1,6,"(1,6)",0,0,0.0,0.0,0.0,0.0,0,0.0024673938751220703,0.0024682965595275164
"batch2_128_255|(1,6)",batch2_128_255,1,1,6,"(1,6)",0,1,0.02564102564102564,0.0006574621959237343,0.001902035204693675,0.014060803689062595,0,0.0020940303802490234,0.002094525843858719
"batch2_128_255|(1,6)",batch2_128_255,1,1,6,"(1,6)",0,2,0.05128205128205128,0.0026298487836949372,0.003747784998267889,0.027908705174922943,0,0.0017790794372558594,0.001779360813088715
"batch2_128_255|(1,6)",batch2_128_255,1,1,6,"(1,6)",0,3,0.07692307692307693,0.00591715976331361,0.0055442494340240955,0.041580889374017715,0,0.0015175342559814453,0.001517805620096624
"batch2_128_255|(1,6)",batch2_128_255,1,1,6,"(1,6)",0,4,0.10256410256410256,0.010519395134779749,0.007295367773622274,0.05512407049536705,0,0.001274704933166504,0.0012750400928780437
"batch2_128_255|(1,6)",batch2_128_255,1,1,6,"(1,6)",0,5,0.1282051282051282,0.016436554898093356,0.008999506011605263,0.06843814253807068,0,0.0010699033737182617,0.001070096855983138
"batch2_128_255|(1,6)",batch2_128_255,1,1,6,"(1,6)",0,6,0.15384615384615385,0.02366863905325444,0.010661056265234947,0.08148414641618729,0,0.0008925199508666992,0.0008925822912715375
"batch2_128_255|(1,6)",batch2_128_255,1,1,6,"(1,6)",0,7,0.1794871794871795,0.032215647600262985,0.012285646051168442,0.09424465149641037,0,0.000751495361328125,0.000751508167013526
"batch2_128_255|(1,6)",batch2_128_255,1,1,6,"(1,6)",0,8,0.20512820512820512,0.042077580539118996,0.013874958269298077,0.10671690851449966,0,0.0006414651870727539,0.0006415309617295861
"batch2_128_255|(1,6)",batch2_128_255,1,1,6,"(1,6)",0,9,0.23076923076923078,0.053254437869822494,0.015437748283147812,0.11892266571521759,0,0.0005474090576171875,0.0005473822820931673
"batch2_128_255|(1,6)",batch2_128_255,1,1,6,"(1,6)",0,10,0.2564102564102564,0.06574621959237342,0.016973748803138733,0.1307571530342102,0,0.00046622753143310547,0.0004662793653551489
"batch2_128_255|(1,6)",batch2_128_255,1,1,6,"(1,6)",0,11,0.28205128205128205,0.07955292570677186,0.01849047839641571,0.14223229885101318,0,0.0004068613052368164,0.00040681936661712825
"batch2_128_255|(1,6)",batch2_128_255,1,1,6,"(1,6)",0,12,0.3076923076923077,0.09467455621301776,0.01999525912106037,0.15331605076789856,0,0.00035583972930908203,0.0003558283788152039
"batch2_128_255|(1,6)",batch2_128_255,1,1,6,"(1,6)",0,13,0.3333333333333333,0.1111111111111111,0.021493131294846535,0.16404177248477936,0,0.0003139972686767578,0.00031404709443449974
"batch2_128_255|(1,6)",batch2_128_255,1,1,6,"(1,6)",0,14,0.358974358974359,0.12886259040105194,0.022987229749560356,0.1744576245546341,0,0.00028020143508911133,0.0002802348753903061
"batch2_128_255|(1,6)",batch2_128_255,1,1,6,"(1,6)",0,15,0.38461538461538464,0.14792899408284024,0.024483641609549522,0.184632807970047,0,0.00025177001953125,0.00025184074183925986
"batch2_128_255|(1,6)",batch2_128_255,1,1,6,"(1,6)",0,16,0.41025641025641024,0.16831032215647598,0.02598472125828266,0.19471599161624908,0,0.00023353099822998047,0.00023355970915872604
"batch2_128_255|(1,6)",batch2_128_255,1,1,6,"(1,6)",0,17,0.4358974358974359,0.19000657462195925,0.027492975816130638,0.20470786094665527,0,0.0002034902572631836,0.00020359057816676795
"batch2_128_255|(1,6)",batch2_128_255,1,1,6,"(1,6)",0,18,0.46153846153846156,0.21301775147928997,0.029006151482462883,0.21454192698001862,0,0.00018346309661865234,0.00018344310228712857
"batch2_128_255|(1,6)",batch2_128_255,1,1,6,"(1,6)",0,19,0.48717948717948717,0.2373438527284681,0.0305262953042984,0.2242405265569687,0,0.00016188621520996094,0.00016188179142773151
"batch2_128_255|(1,6)",batch2_128_255,1,1,6,"(1,6)",0,20,0.5128205128205128,0.2629848783694937,0.032050721347332,0.23384153842926025,0,0.00013524293899536133,0.00013524465612135828
"batch2_128_255|(1,6)",batch2_128_255,1,1,6,"(1,6)",0,21,0.5384615384615384,0.28994082840236685,0.03358091413974762,0.24322816729545593,0,0.00011652708053588867,0.00011658442963380367
"batch2_128_255|(1,6)",batch2_128_255,1,1,6,"(1,6)",0,22,0.5641025641025641,0.31821170282708744,0.03511454164981842,0.25241929292678833,0,9.66787338256836e-05,9.664584649726748e-05
"batch2_128_255|(1,6)",batch2_128_255,1,1,6,"(1,6)",0,23,0.5897435897435898,0.3477975016436555,0.03665025532245636,0.26144418120384216,0,7.104873657226562e-05,7.117940549505875e-05
"batch2_128_255|(1,6)",batch2_128_255,1,1,6,"(1,6)",0,24,0.6153846153846154,0.37869822485207105,0.03818366676568985,0.27026864886283875,0,5.066394805908203e-05,5.0696027756202966e-05
"batch2_128_255|(1,6)",batch2_128_255,1,1,6,"(1,6)",0,25,0.6410256410256411,0.4109138724523341,0.03971549868583679,0.2789630591869354,0,2.682209014892578e-05,2.6858950150199234e-05
"batch2_128_255|(1,6)",batch2_128_255,1,1,6,"(1,6)",0,26,0.6666666666666666,0.4444444444444444,0.041243329644203186,0.28752806782722473,0,2.1219253540039062e-05,2.1260118955979124e-05
"batch2_128_255|(1,6)",batch2_128_255,1,1,6,"(1,6)",0,27,0.6923076923076923,0.4792899408284023,0.04276653006672859,0.29593682289123535,0,9.238719940185547e-06,9.271485396311618e-06
"batch2_128_255|(1,6)",batch2_128_255,1,1,6,"(1,6)",0,28,0.717948717948718,0.5154503616042078,0.04428037256002426,0.3042021691799164,1,-1.1146068572998047e-05,-1.1066073057008907e-05
"batch2_128_255|(1,7)",batch2_128_255,1,1,7,"(1,7)",1,0,0.0,0.0,0.0,0.0,0,0.0014990568161010742,0.0014991674106568098
"batch2_128_255|(1,7)",batch2_128_255,1,1,7,"(1,7)",1,1,0.02564102564102564,0.0006574621959237343,0.001893729087896645,0.014379526488482952,0,0.0012996196746826172,0.001299691735766828
"batch2_128_255|(1,7)",batch2_128_255,1,1,7,"(1,7)",1,2,0.05128205128205128,0.0026298487836949372,0.003738313913345337,0.02843991108238697,0,0.0011326074600219727,0.0011326384264975786
"batch2_128_255|(1,7)",batch2_128_255,1,1,7,"(1,7)",1,3,0.07692307692307693,0.00591715976331361,0.005536846350878477,0.04220147430896759,0,0.0010019540786743164,0.0010021307971328497
"batch2_128_255|(1,7)",batch2_128_255,1,1,7,"(1,7)",1,4,0.10256410256410256,0.010519395134779749,0.0072990646585822105,0.05580770969390869,0,0.0008704662322998047,0.0008705236832611263
"batch2_128_255|(1,7)",batch2_128_255,1,1,7,"(1,7)",1,5,0.1282051282051282,0.016436554898093356,0.009019586257636547,0.06914731860160828,0,0.0007593631744384766,0.0007593528716824949
"batch2_128_255|(1,7)",batch2_128_255,1,1,7,"(1,7)",1,6,0.15384615384615385,0.02366863905325444,0.010708697140216827,0.0821985974907875,0,0.0006635189056396484,0.0006634261808358133
"batch2_128_255|(1,7)",batch2_128_255,1,1,7,"(1,7)",1,7,0.1794871794871795,0.032215647600262985,0.012371988035738468,0.09502534568309784,0,0.0005810260772705078,0.0005812043673358858
"batch2_128_255|(1,7)",batch2_128_255,1,1,7,"(1,7)",1,8,0.20512820512820512,0.042077580539118996,0.014009945094585419,0.10752910375595093,0,0.0005006790161132812,0.0005007631843909621
"batch2_128_255|(1,7)",batch2_128_255,1,1,7,"(1,7)",1,9,0.23076923076923078,0.053254437869822494,0.01562422327697277,0.11960604041814804,0,0.0004273653030395508,0.0004274651873856783
"batch2_128_255|(1,7)",batch2_128_255,1,1,7,"(1,7)",1,10,0.2564102564102564,0.06574621959237342,0.017220834270119667,0.1312071830034256,0,0.0003540515899658203,0.00035401334753260016
"batch2_128_255|(1,7)",batch2_128_255,1,1,7,"(1,7)",1,11,0.28205128205128205,0.07955292570677186,0.0187995508313179,0.14234595000743866,0,0.00029581785202026367,0.0002958765544462949
"batch2_128_255|(1,7)",batch2_128_255,1,1,7,"(1,7)",1,12,0.3076923076923077,0.09467455621301776,0.020369671285152435,0.15319466590881348,0,0.00024443864822387695,0.0002444351266603917
"batch2_128_255|(1,7)",batch2_128_255,1,1,7,"(1,7)",1,13,0.3333333333333333,0.1111111111111111,0.021935533732175827,0.16367849707603455,0,0.0002034902572631836,0.00020353044965304434
"batch2_128_255|(1,7)",batch2_128_255,1,1,7,"(1,7)",1,14,0.358974358974359,0.12886259040105194,0.02350538969039917,0.17391568422317505,0,0.0001614093780517578,0.00016145428526215255
"batch2_128_255|(1,7)",batch2_128_255,1,1,7,"(1,7)",1,15,0.38461538461538464,0.14792899408284024,0.02508004941046238,0.1839589625597,0,0.00012302398681640625,0.0001229502959176898
"batch2_128_255|(1,7)",batch2_128_255,1,1,7,"(1,7)",1,16,0.41025641025641024,0.16831032215647598,0.02666051685810089,0.19377100467681885,0,8.83340835571289e-05,8.839360816637054e-05
"batch2_128_255|(1,7)",batch2_128_255,1,1,7,"(1,7)",1,17,0.4358974358974359,0.19000657462195925,0.028245192021131516,0.20335032045841217,0,5.8770179748535156e-05,5.86866881349124e-05
"batch2_128_255|(1,7)",batch2_128_255,1,1,7,"(1,7)",1,18,0.46153846153846156,0.21301775147928997,0.029836326837539673,0.21275635063648224,0,3.4809112548828125e-05,3.494763222988695e-05
"batch2_128_255|(1,7)",batch2_128_255,1,1,7,"(1,7)",1,19,0.48717948717948717,0.2373438527284681,0.03143124282360077,0.2219996303319931,0,1.1920928955078125e-05,1.1940298463741783e-05
"batch2_128_255|(1,7)",batch2_128_255,1,1,7,"(1,7)",1,20,0.5128205128205128,0.2629848783694937,0.033032048493623734,0.23119652271270752,1,-4.5299530029296875e-06,-4.517248726187972e-06
"batch2_128_255|(2,3)",batch2_128_255,1,2,3,"(2,3)",0,0,0.0,0.0,0.0,0.0,0,0.0013418197631835938,0.0013420243049040437
"batch2_128_255|(2,3)",batch2_128_255,1,2,3,"(2,3)",0,1,0.02564102564102564,0.0006574621959237343,0.001916250097565353,0.015170707367360592,0,0.0012409687042236328,0.001241070800460875
"batch2_128_255|(2,3)",batch2_128_255,1,2,3,"(2,3)",0,2,0.05128205128205128,0.0026298487836949372,0.0038036389742046595,0.029984313994646072,0,0.001143336296081543,0.0011435061460360885
"batch2_128_255|(2,3)",batch2_128_255,1,2,3,"(2,3)",0,3,0.07692307692307693,0.00591715976331361,0.005660373717546463,0.044379863888025284,0,0.0010437965393066406,0.0010439513716846704
"batch2_128_255|(2,3)",batch2_128_255,1,2,3,"(2,3)",0,4,0.10256410256410256,0.010519395134779749,0.0074846199713647366,0.058333612978458405,0,0.0009553432464599609,0.0009555431315675378
"batch2_128_255|(2,3)",batch2_128_255,1,2,3,"(2,3)",0,5,0.1282051282051282,0.016436554898093356,0.009275410324335098,0.07179220765829086,0,0.0008792877197265625,0.0008795695030130446
"batch2_128_255|(2,3)",batch2_128_255,1,2,3,"(2,3)",0,6,0.15384615384615385,0.02366863905325444,0.011040547862648964,0.0848516896367073,0,0.0008113384246826172,0.0008113870862871408
"batch2_128_255|(2,3)",batch2_128_255,1,2,3,"(2,3)",0,7,0.1794871794871795,0.032215647600262985,0.012782012112438679,0.09744322299957275,0,0.0007605552673339844,0.0007604279089719057
"batch2_128_255|(2,3)",batch2_128_255,1,2,3,"(2,3)",0,8,0.20512820512820512,0.042077580539118996,0.014509296976029873,0.10960901528596878,0,0.0007023811340332031,0.0007025000522844493
"batch2_128_255|(2,3)",batch2_128_255,1,2,3,"(2,3)",0,9,0.23076923076923078,0.053254437869822494,0.016222048550844193,0.12124377489089966,0,0.0006660223007202148,0.000666080683004111
"batch2_128_255|(2,3)",batch2_128_255,1,2,3,"(2,3)",0,10,0.2564102564102564,0.06574621959237342,0.017929663881659508,0.13247095048427582,0,0.0006111860275268555,0.0006112270057201385
"batch2_128_255|(2,3)",batch2_128_255,1,2,3,"(2,3)",0,11,0.28205128205128205,0.07955292570677186,0.019631817936897278,0.14322856068611145,0,0.0005595684051513672,0.000559572537895292
"batch2_128_255|(2,3)",batch2_128_255,1,2,3,"(2,3)",0,12,0.3076923076923077,0.09467455621301776,0.021333444863557816,0.153615802526474,0,0.0005108118057250977,0.0005108414334245026
"batch2_128_255|(2,3)",batch2_128_255,1,2,3,"(2,3)",0,13,0.3333333333333333,0.1111111111111111,0.023038698360323906,0.16375304758548737,0,0.0004595518112182617,0.00045961179421283305
"batch2_128_255|(2,3)",batch2_128_255,1,2,3,"(2,3)",0,14,0.358974358974359,0.12886259040105194,0.02474856749176979,0.17362722754478455,0,0.000413358211517334,0.00041341278119944036
"batch2_128_255|(2,3)",batch2_128_255,1,2,3,"(2,3)",0,15,0.38461538461538464,0.14792899408284024,0.026469459757208824,0.18330737948417664,0,0.0003681182861328125,0.00036815981729887426
"batch2_128_255|(2,3)",batch2_128_255,1,2,3,"(2,3)",0,16,0.41025641025641024,0.16831032215647598,0.028204219415783882,0.1927732527256012,0,0.00032591819763183594,0.0003258872893638909
"batch2_128_255|(2,3)",batch2_128_255,1,2,3,"(2,3)",0,17,0.4358974358974359,0.19000657462195925,0.02995431236922741,0.20203492045402527,0,0.0002918243408203125,0.0002919039689004421
"batch2_128_255|(2,3)",batch2_128_255,1,2,3,"(2,3)",0,18,0.46153846153846156,0.21301775147928997,0.031723227351903915,0.2111666351556778,0,0.0002537965774536133,0.0002537736436352134
"batch2_128_255|(2,3)",batch2_128_255,1,2,3,"(2,3)",0,19,0.48717948717948717,0.2373438527284681,0.03351195529103279,0.22021549940109253,0,0.0002396106719970703,0.0002396184572717175
"batch2_128_255|(2,3)",batch2_128_255,1,2,3,"(2,3)",0,20,0.5128205128205128,0.2629848783694937,0.03532491251826286,0.22922483086585999,0,0.00020629167556762695,0.00020640602451749146
"batch2_128_255|(2,3)",batch2_128_255,1,2,3,"(2,3)",0,21,0.5384615384615384,0.28994082840236685,0.03715785592794418,0.23818504810333252,0,0.00015842914581298828,0.00015857603284530342
"batch2_128_255|(2,3)",batch2_128_255,1,2,3,"(2,3)",0,22,0.5641025641025641,0.31821170282708744,0.039004627615213394,0.24692760407924652,0,0.00012576580047607422,0.00012590605183504522
"batch2_128_255|(2,3)",batch2_128_255,1,2,3,"(2,3)",0,23,0.5897435897435898,0.3477975016436555,0.040866125375032425,0.25556480884552,0,9.97781753540039e-05,9.983530617319047e-05
"batch2_128_255|(2,3)",batch2_128_255,1,2,3,"(2,3)",0,24,0.6153846153846154,0.37869822485207105,0.042745545506477356,0.26411280035972595,0,5.638599395751953e-05,5.635549678117968e-05
"batch2_128_255|(2,3)",batch2_128_255,1,2,3,"(2,3)",0,25,0.6410256410256411,0.4109138724523341,0.04464301839470863,0.27256304025650024,0,1.8477439880371094e-05,1.851480919867754e-05
"batch2_128_255|(2,3)",batch2_128_255,1,2,3,"(2,3)",0,26,0.6666666666666666,0.4444444444444444,0.04655499383807182,0.2808859348297119,1,-3.063678741455078e-05,-3.056916830246337e-05
"batch2_128_255|(2,4)",batch2_128_255,1,2,4,"(2,4)",0,0,0.0,0.0,0.0,0.0,0,0.0018889904022216797,0.0018891229992732406
"batch2_128_255|(2,4)",batch2_128_255,1,2,4,"(2,4)",0,1,0.02564102564102564,0.0006574621959237343,0.0018430184572935104,0.01445062831044197,0,0.0017576217651367188,0.0017577691469341516
"batch2_128_255|(2,4)",batch2_128_255,1,2,4,"(2,4)",0,2,0.05128205128205128,0.0026298487836949372,0.0036705334205180407,0.028812000527977943,0,0.0016388893127441406,0.0016393273836001754
"batch2_128_255|(2,4)",batch2_128_255,1,2,4,"(2,4)",0,3,0.07692307692307693,0.00591715976331361,0.005482592154294252,0.043093349784612656,0,0.001543283462524414,0.0015433968510478735
"batch2_128_255|(2,4)",batch2_128_255,1,2,4,"(2,4)",0,4,0.10256410256410256,0.010519395134779749,0.007278183475136757,0.05731968954205513,0,0.001447439193725586,0.0014475991483777761
"batch2_128_255|(2,4)",batch2_128_255,1,2,4,"(2,4)",0,5,0.1282051282051282,0.016436554898093356,0.009054727852344513,0.07140558958053589,0,0.0013577938079833984,0.00135802011936903
"batch2_128_255|(2,4)",batch2_128_255,1,2,4,"(2,4)",0,6,0.15384615384615385,0.02366863905325444,0.010810120962560177,0.08523900806903839,0,0.001270294189453125,0.0012703057145699859
"batch2_128_255|(2,4)",batch2_128_255,1,2,4,"(2,4)",0,7,0.1794871794871795,0.032215647600262985,0.012547600083053112,0.09872181713581085,0,0.0011982917785644531,0.0011985339224338531
"batch2_128_255|(2,4)",batch2_128_255,1,2,4,"(2,4)",0,8,0.20512820512820512,0.042077580539118996,0.014270395040512085,0.11179284751415253,0,0.0011404752731323242,0.0011404934339225292
"batch2_128_255|(2,4)",batch2_128_255,1,2,4,"(2,4)",0,9,0.23076923076923078,0.053254437869822494,0.015982087701559067,0.12434805184602737,0,0.0010679960250854492,0.001068095094524324
"batch2_128_255|(2,4)",batch2_128_255,1,2,4,"(2,4)",0,10,0.2564102564102564,0.06574621959237342,0.01768760196864605,0.1364280879497528,0,0.0009946823120117188,0.0009949073428288102
"batch2_128_255|(2,4)",batch2_128_255,1,2,4,"(2,4)",0,11,0.28205128205128205,0.07955292570677186,0.01939081959426403,0.14796529710292816,0,0.0009390115737915039,0.000939109711907804
"batch2_128_255|(2,4)",batch2_128_255,1,2,4,"(2,4)",0,12,0.3076923076923077,0.09467455621301776,0.021102173253893852,0.15905453264713287,0,0.0008680820465087891,0.0008682245970703661
"batch2_128_255|(2,4)",batch2_128_255,1,2,4,"(2,4)",0,13,0.3333333333333333,0.1111111111111111,0.02282136306166649,0.1696612387895584,0,0.0008161067962646484,0.000816138053778559
"batch2_128_255|(2,4)",batch2_128_255,1,2,4,"(2,4)",0,14,0.358974358974359,0.12886259040105194,0.02455444261431694,0.17980830371379852,0,0.0007499456405639648,0.0007499914499931037
"batch2_128_255|(2,4)",batch2_128_255,1,2,4,"(2,4)",0,15,0.38461538461538464,0.14792899408284024,0.026304179802536964,0.18959704041481018,0,0.000674128532409668,0.0006742124678567052
"batch2_128_255|(2,4)",batch2_128_255,1,2,4,"(2,4)",0,16,0.41025641025641024,0.16831032215647598,0.02807016670703888,0.1991346776485443,0,0.00061798095703125,0.000617755635175854
"batch2_128_255|(2,4)",batch2_128_255,1,2,4,"(2,4)",0,17,0.4358974358974359,0.19000657462195925,0.029860613867640495,0.2086305171251297,0,0.0005551576614379883,0.0005553927621804178
"batch2_128_255|(2,4)",batch2_128_255,1,2,4,"(2,4)",0,18,0.46153846153846156,0.21301775147928997,0.0316716730594635,0.21796099841594696,0,0.0005035400390625,0.0005035800859332085
"batch2_128_255|(2,4)",batch2_128_255,1,2,4,"(2,4)",0,19,0.48717948717948717,0.2373438527284681,0.033506229519844055,0.22717754542827606,0,0.00046896934509277344,0.00046893482794985175
"batch2_128_255|(2,4)",batch2_128_255,1,2,4,"(2,4)",0,20,0.5128205128205128,0.2629848783694937,0.03536631911993027,0.2362973839044571,0,0.00037598609924316406,0.0003758212842512876
"batch2_128_255|(2,4)",batch2_128_255,1,2,4,"(2,4)",0,21,0.5384615384615384,0.28994082840236685,0.0372471921145916,0.24529075622558594,0,0.00031256675720214844,0.0003124790091533214
"batch2_128_255|(2,4)",batch2_128_255,1,2,4,"(2,4)",0,22,0.5641025641025641,0.31821170282708744,0.03915166109800339,0.25432872772216797,0,0.00021076202392578125,0.00021083024330437183
"batch2_128_255|(2,4)",batch2_128_255,1,2,4,"(2,4)",0,23,0.5897435897435898,0.3477975016436555,0.04107946529984474,0.2633053958415985,0,0.0001590251922607422,0.00015887338668107986
"batch2_128_255|(2,4)",batch2_128_255,1,2,4,"(2,4)",0,24,0.6153846153846154,0.37869822485207105,0.043027762323617935,0.2721751630306244,0,9.679794311523438e-05,9.714464249555022e-05
"batch2_128_255|(2,4)",batch2_128_255,1,2,4,"(2,4)",0,25,0.6410256410256411,0.4109138724523341,0.0449930764734745,0.28090816736221313,0,2.574920654296875e-05,2.5708697648951784e-05
"batch2_128_255|(2,4)",batch2_128_255,1,2,4,"(2,4)",0,26,0.6666666666666666,0.4444444444444444,0.046973295509815216,0.28959858417510986,1,-4.673004150390625e-05,-4.65987432107795e-05
"batch2_128_255|(2,5)",batch2_128_255,1,2,5,"(2,5)",0,0,0.0,0.0,0.0,0.0,0,0.0010662078857421875,0.0010665026493370533
"batch2_128_255|(2,5)",batch2_128_255,1,2,5,"(2,5)",0,1,0.02564102564102564,0.0006574621959237343,0.001957639819011092,0.015572022646665573,0,0.001033782958984375,0.0010340138105675578
"batch2_128_255|(2,5)",batch2_128_255,1,2,5,"(2,5)",0,2,0.05128205128205128,0.0026298487836949372,0.0038905206602066755,0.031203575432300568,0,0.0010008811950683594,0.001001079217530787
"batch2_128_255|(2,5)",batch2_128_255,1,2,5,"(2,5)",0,3,0.07692307692307693,0.00591715976331361,0.005795418284833431,0.046906404197216034,0,0.0009672641754150391,0.0009673088206909597
"batch2_128_255|(2,5)",batch2_128_255,1,2,5,"(2,5)",0,4,0.10256410256410256,0.010519395134779749,0.0076657868921756744,0.06257352232933044,0,0.0009393692016601562,0.0009394403896294534
"batch2_128_255|(2,5)",batch2_128_255,1,2,5,"(2,5)",0,5,0.1282051282051282,0.016436554898093356,0.009498120285570621,0.07801444828510284,0,0.0009075403213500977,0.0009076870628632605
"batch2_128_255|(2,5)",batch2_128_255,1,2,5,"(2,5)",0,6,0.15384615384615385,0.02366863905325444,0.011289925314486027,0.09299415349960327,0,0.0008705854415893555,0.0008707342203706503
"batch2_128_255|(2,5)",batch2_128_255,1,2,5,"(2,5)",0,7,0.1794871794871795,0.032215647600262985,0.013043154962360859,0.10725685209035873,0,0.0008078813552856445,0.000807920063380152
"batch2_128_255|(2,5)",batch2_128_255,1,2,5,"(2,5)",0,8,0.20512820512820512,0.042077580539118996,0.014754880219697952,0.12066654860973358,0,0.0007483959197998047,0.0007485077367164195
"batch2_128_255|(2,5)",batch2_128_255,1,2,5,"(2,5)",0,9,0.23076923076923078,0.053254437869822494,0.016441933810710907,0.1333700567483902,0,0.0006943941116333008,0.0006945845088921487
"batch2_128_255|(2,5)",batch2_128_255,1,2,5,"(2,5)",0,10,0.2564102564102564,0.06574621959237342,0.01811954379081726,0.14557231962680817,0,0.0006288290023803711,0.0006286991992965341
"batch2_128_255|(2,5)",batch2_128_255,1,2,5,"(2,5)",0,11,0.28205128205128205,0.07955292570677186,0.019792398437857628,0.15730048716068268,0,0.0005658864974975586,0.000565845868550241
"batch2_128_255|(2,5)",batch2_128_255,1,2,5,"(2,5)",0,12,0.3076923076923077,0.09467455621301776,0.021469438448548317,0.16890065371990204,0,0.0004979372024536133,0.000497956236358732
"batch2_128_255|(2,5)",batch2_128_255,1,2,5,"(2,5)",0,13,0.3333333333333333,0.1111111111111111,0.023157335817813873,0.18016846477985382,0,0.00042748451232910156,0.00042748142732307315
"batch2_128_255|(2,5)",batch2_128_255,1,2,5,"(2,5)",0,14,0.358974358974359,0.12886259040105194,0.024865124374628067,0.19102659821510315,0,0.00036013126373291016,0.0003601903736125678
"batch2_128_255|(2,5)",batch2_128_255,1,2,5,"(2,5)",0,15,0.38461538461538464,0.14792899408284024,0.026593131944537163,0.2015376091003418,0,0.00029528141021728516,0.000295332312816754
"batch2_128_255|(2,5)",batch2_128_255,1,2,5,"(2,5)",0,16,0.41025641025641024,0.16831032215647598,0.028343554586172104,0.21168000996112823,0,0.00023114681243896484,0.0002311402204213664
"batch2_128_255|(2,5)",batch2_128_255,1,2,5,"(2,5)",0,17,0.4358974358974359,0.19000657462195925,0.030126497149467468,0.2216927856206894,0,0.0001964569091796875,0.00019631159375421703
"batch2_128_255|(2,5)",batch2_128_255,1,2,5,"(2,5)",0,18,0.46153846153846156,0.21301775147928997,0.03193720802664757,0.2316005825996399,0,0.0001582503318786621,0.00015838844410609454
"batch2_128_255|(2,5)",batch2_128_255,1,2,5,"(2,5)",0,19,0.48717948717948717,0.2373438527284681,0.033772874623537064,0.24131639301776886,0,0.00012171268463134766,0.00012176132440799847
"batch2_128_255|(2,5)",batch2_128_255,1,2,5,"(2,5)",0,20,0.5128205128205128,0.2629848783694937,0.03562942519783974,0.25080716609954834,0,8.976459503173828e-05,8.966594032244757e-05
"batch2_128_255|(2,5)",batch2_128_255,1,2,5,"(2,5)",0,21,0.5384615384615384,0.28994082840236685,0.03749982267618179,0.2601495087146759,0,6.973743438720703e-05,6.976900476729497e-05
"batch2_128_255|(2,5)",batch2_128_255,1,2,5,"(2,5)",0,22,0.5641025641025641,0.31821170282708744,0.03937312215566635,0.26938897371292114,0,5.614757537841797e-05,5.6225548178190365e-05
"batch2_128_255|(2,5)",batch2_128_255,1,2,5,"(2,5)",0,23,0.5897435897435898,0.3477975016436555,0.04124750941991806,0.2783845365047455,0,5.0187110900878906e-05,5.021607285016216e-05
"batch2_128_255|(2,5)",batch2_128_255,1,2,5,"(2,5)",0,24,0.6153846153846154,0.37869822485207105,0.04311569407582283,0.28714293241500854,0,2.6941299438476562e-05,2.7023748771171086e-05
"batch2_128_255|(2,5)",batch2_128_255,1,2,5,"(2,5)",0,25,0.6410256410256411,0.4109138724523341,0.04497804120182991,0.29565659165382385,0,1.3232231140136719e-05,1.325069933955092e-05
"batch2_128_255|(2,5)",batch2_128_255,1,2,5,"(2,5)",0,26,0.6666666666666666,0.4444444444444444,0.04682827740907669,0.303992360830307,1,-1.3113021850585938e-05,-1.3116120499034878e-05
"batch2_128_255|(2,6)",batch2_128_255,1,2,6,"(2,6)",0,0,0.0,0.0,0.0,0.0,0,0.0025899410247802734,0.002590695396065712
"batch2_128_255|(2,6)",batch2_128_255,1,2,6,"(2,6)",0,1,0.02564102564102564,0.0006574621959237343,0.0018757630605250597,0.013753035105764866,0,0.002363443374633789,0.0023639239370822906
"batch2_128_255|(2,6)",batch2_128_255,1,2,6,"(2,6)",0,2,0.05128205128205128,0.0026298487836949372,0.0037337541580200195,0.0274024847894907,0,0.002128124237060547,0.002128421328961849
"batch2_128_255|(2,6)",batch2_128_255,1,2,6,"(2,6)",0,3,0.07692307692307693,0.00591715976331361,0.00557413836941123,0.040984202176332474,0,0.0019390583038330078,0.0019395144190639257
"batch2_128_255|(2,6)",batch2_128_255,1,2,6,"(2,6)",0,4,0.10256410256410256,0.010519395134779749,0.007399811875075102,0.054531488567590714,0,0.0017447471618652344,0.0017449703300371766
"batch2_128_255|(2,6)",batch2_128_255,1,2,6,"(2,6)",0,5,0.1282051282051282,0.016436554898093356,0.009206414222717285,0.06791546195745468,0,0.00154876708984375,0.0015492375241592526
"batch2_128_255|(2,6)",batch2_128_255,1,2,6,"(2,6)",0,6,0.15384615384615385,0.02366863905325444,0.010993720963597298,0.0810612365603447,0,0.001377105712890625,0.0013771683443337679
"batch2_128_255|(2,6)",batch2_128_255,1,2,6,"(2,6)",0,7,0.1794871794871795,0.032215647600262985,0.012764720246195793,0.0939384251832962,0,0.0012183189392089844,0.0012182954233139753
"batch2_128_255|(2,6)",batch2_128_255,1,2,6,"(2,6)",0,8,0.20512820512820512,0.042077580539118996,0.01451821718364954,0.10656610876321793,0,0.001076817512512207,0.0010768529027700424
"batch2_128_255|(2,6)",batch2_128_255,1,2,6,"(2,6)",0,9,0.23076923076923078,0.053254437869822494,0.016259299591183662,0.11885213851928711,0,0.0009486675262451172,0.0009488399955444038
"batch2_128_255|(2,6)",batch2_128_255,1,2,6,"(2,6)",0,10,0.2564102564102564,0.06574621959237342,0.017993569374084473,0.13075761497020721,0,0.0008219480514526367,0.0008220248855650425
"batch2_128_255|(2,6)",batch2_128_255,1,2,6,"(2,6)",0,11,0.28205128205128205,0.07955292570677186,0.019722314551472664,0.14223913848400116,0,0.0007082223892211914,0.0007081952062435448
"batch2_128_255|(2,6)",batch2_128_255,1,2,6,"(2,6)",0,12,0.3076923076923077,0.09467455621301776,0.02145271934568882,0.15326306223869324,0,0.0006031990051269531,0.0006034303805790842
"batch2_128_255|(2,6)",batch2_128_255,1,2,6,"(2,6)",0,13,0.3333333333333333,0.1111111111111111,0.023189207538962364,0.16388839483261108,0,0.000512242317199707,0.000512277998495847
"batch2_128_255|(2,6)",batch2_128_255,1,2,6,"(2,6)",0,14,0.358974358974359,0.12886259040105194,0.024937694892287254,0.17400069534778595,0,0.0004284381866455078,0.0004283952875994146
"batch2_128_255|(2,6)",batch2_128_255,1,2,6,"(2,6)",0,15,0.38461538461538464,0.14792899408284024,0.026703881099820137,0.1836961805820465,0,0.0003719329833984375,0.00037189637077972293
"batch2_128_255|(2,6)",batch2_128_255,1,2,6,"(2,6)",0,16,0.41025641025641024,0.16831032215647598,0.028491783887147903,0.19313468039035797,0,0.0003025531768798828,0.00030260448693297803
"batch2_128_255|(2,6)",batch2_128_255,1,2,6,"(2,6)",0,17,0.4358974358974359,0.19000657462195925,0.030303454026579857,0.20228613913059235,0,0.00023794174194335938,0.000237933752941899
"batch2_128_255|(2,6)",batch2_128_255,1,2,6,"(2,6)",0,18,0.46153846153846156,0.21301775147928997,0.03213753178715706,0.21116852760314941,0,0.00018835067749023438,0.00018831752822734416
"batch2_128_255|(2,6)",batch2_128_255,1,2,6,"(2,6)",0,19,0.48717948717948717,0.2373438527284681,0.033995840698480606,0.21989832818508148,0,0.0001480579376220703,0.00014802590885665268
"batch2_128_255|(2,6)",batch2_128_255,1,2,6,"(2,6)",0,20,0.5128205128205128,0.2629848783694937,0.03587738052010536,0.2284940630197525,0,0.00013577938079833984,0.00013584231783170253
"batch2_128_255|(2,6)",batch2_128_255,1,2,6,"(2,6)",0,21,0.5384615384615384,0.28994082840236685,0.03778905048966408,0.2371133714914322,0,8.344650268554688e-05,8.339384658029303e-05
"batch2_128_255|(2,6)",batch2_128_255,1,2,6,"(2,6)",0,22,0.5641025641025641,0.31821170282708744,0.03972015157341957,0.24562059342861176,0,4.5180320739746094e-05,4.5217257138574496e-05
"batch2_128_255|(2,6)",batch2_128_255,1,2,6,"(2,6)",0,23,0.5897435897435898,0.3477975016436555,0.04167154058814049,0.25403130054473877,0,1.2576580047607422e-05,1.2645358765439596e-05
"batch2_128_255|(2,6)",batch2_128_255,1,2,6,"(2,6)",0,24,0.6153846153846154,0.37869822485207105,0.04364483430981636,0.2623788118362427,1,-3.8504600524902344e-05,-3.847391053568572e-05
"batch2_128_255|(2,7)",batch2_128_255,1,2,7,"(2,7)",1,0,0.0,0.0,0.0,0.0,0,0.0018463134765625,0.0018463939195498824
"batch2_128_255|(2,7)",batch2_128_255,1,2,7,"(2,7)",1,1,0.02564102564102564,0.0006574621959237343,0.0019375889096409082,0.014964018948376179,0,0.001783132553100586,0.0017833957681432366
"batch2_128_255|(2,7)",batch2_128_255,1,2,7,"(2,7)",1,2,0.05128205128205128,0.0026298487836949372,0.0038535743951797485,0.02978520654141903,0,0.0017156600952148438,0.0017160555580630898
"batch2_128_255|(2,7)",batch2_128_255,1,2,7,"(2,7)",1,3,0.07692307692307693,0.00591715976331361,0.005744774825870991,0.04441600292921066,0,0.0016560554504394531,0.0016564632533118129
"batch2_128_255|(2,7)",batch2_128_255,1,2,7,"(2,7)",1,4,0.10256410256410256,0.010519395134779749,0.007614562753587961,0.05893717333674431,0,0.0015823841094970703,0.0015824510483071208
"batch2_128_255|(2,7)",batch2_128_255,1,2,7,"(2,7)",1,5,0.1282051282051282,0.016436554898093356,0.009460924193263054,0.0731806829571724,0,0.0015039443969726562,0.001504032756201923
"batch2_128_255|(2,7)",batch2_128_255,1,2,7,"(2,7)",1,6,0.15384615384615385,0.02366863905325444,0.011285222135484219,0.0871909037232399,0,0.001422882080078125,0.0014232180546969175
"batch2_128_255|(2,7)",batch2_128_255,1,2,7,"(2,7)",1,7,0.1794871794871795,0.032215647600262985,0.013087292201817036,0.10086073726415634,0,0.0013408660888671875,0.001341121969744563
"batch2_128_255|(2,7)",batch2_128_255,1,2,7,"(2,7)",1,8,0.20512820512820512,0.042077580539118996,0.014870937913656235,0.11412055045366287,0,0.0012476444244384766,0.0012476701522246003
"batch2_128_255|(2,7)",batch2_128_255,1,2,7,"(2,7)",1,9,0.23076923076923078,0.053254437869822494,0.016639672219753265,0.12692922353744507,0,0.0011303424835205078,0.001130415010266006
"batch2_128_255|(2,7)",batch2_128_255,1,2,7,"(2,7)",1,10,0.2564102564102564,0.06574621959237342,0.01839509792625904,0.13926319777965546,0,0.0010039806365966797,0.0010039809858426452
"batch2_128_255|(2,7)",batch2_128_255,1,2,7,"(2,7)",1,11,0.28205128205128205,0.07955292570677186,0.020143825560808182,0.1510484516620636,0,0.0008554458618164062,0.000855462858453393
"batch2_128_255|(2,7)",batch2_128_255,1,2,7,"(2,7)",1,12,0.3076923076923077,0.09467455621301776,0.02188844047486782,0.16237416863441467,0,0.0007131099700927734,0.0007129917503334582
"batch2_128_255|(2,7)",batch2_128_255,1,2,7,"(2,7)",1,13,0.3333333333333333,0.1111111111111111,0.023638352751731873,0.17328017950057983,0,0.0005266666412353516,0.0005265067447908223
"batch2_128_255|(2,7)",batch2_128_255,1,2,7,"(2,7)",1,14,0.358974358974359,0.12886259040105194,0.025394214317202568,0.18371376395225525,0,0.00038623809814453125,0.000386244646506384
"batch2_128_255|(2,7)",batch2_128_255,1,2,7,"(2,7)",1,15,0.38461538461538464,0.14792899408284024,0.02716975286602974,0.19387376308441162,0,0.00024366378784179688,0.00024366828438360244
"batch2_128_255|(2,7)",batch2_128_255,1,2,7,"(2,7)",1,16,0.41025641025641024,0.16831032215647598,0.028966359794139862,0.20381487905979156,0,6.008148193359375e-05,6.034516263753176e-05
"batch2_128_255|(2,7)",batch2_128_255,1,2,7,"(2,7)",1,17,0.4358974358974359,0.19000657462195925,0.03078473173081875,0.21339885890483856,1,-0.00010824203491210938,-0.00010820739407790825
"batch2_128_255|(3,4)",batch2_128_255,1,3,4,"(3,4)",0,0,0.0,0.0,0.0,0.0,0,0.0017511844635009766,0.0017515587387606502
"batch2_128_255|(3,4)",batch2_128_255,1,3,4,"(3,4)",0,1,0.02564102564102564,0.0006574621959237343,0.0018973626429215074,0.014241388067603111,0,0.001598358154296875,0.001598903676494956
"batch2_128_255|(3,4)",batch2_128_255,1,3,4,"(3,4)",0,2,0.05128205128205128,0.0026298487836949372,0.0037711355835199356,0.028199879452586174,0,0.0014595985412597656,0.0014596966793760657
"batch2_128_255|(3,4)",batch2_128_255,1,3,4,"(3,4)",0,3,0.07692307692307693,0.00591715976331361,0.005625008139759302,0.04186103865504265,0,0.001339554786682129,0.0013399001909419894
"batch2_128_255|(3,4)",batch2_128_255,1,3,4,"(3,4)",0,4,0.10256410256410256,0.010519395134779749,0.00745643163099885,0.055294062942266464,0,0.0012254714965820312,0.0012255462352186441
"batch2_128_255|(3,4)",batch2_128_255,1,3,4,"(3,4)",0,5,0.1282051282051282,0.016436554898093356,0.009264009073376656,0.06840392202138901,0,0.0011129379272460938,0.0011130941566079855
"batch2_128_255|(3,4)",batch2_128_255,1,3,4,"(3,4)",0,6,0.15384615384615385,0.02366863905325444,0.011049436405301094,0.08104410767555237,0,0.0010200738906860352,0.0010201999684795737
"batch2_128_255|(3,4)",batch2_128_255,1,3,4,"(3,4)",0,7,0.1794871794871795,0.032215647600262985,0.01282244361937046,0.09323643147945404,0,0.0009285211563110352,0.0009287333814427257
"batch2_128_255|(3,4)",batch2_128_255,1,3,4,"(3,4)",0,8,0.20512820512820512,0.042077580539118996,0.014584347605705261,0.10485142469406128,0,0.0008566379547119141,0.0008566160104237497
"batch2_128_255|(3,4)",batch2_128_255,1,3,4,"(3,4)",0,9,0.23076923076923078,0.053254437869822494,0.016341358423233032,0.1160421222448349,0,0.0007913112640380859,0.0007914319867268205
"batch2_128_255|(3,4)",batch2_128_255,1,3,4,"(3,4)",0,10,0.2564102564102564,0.06574621959237342,0.018096767365932465,0.12687081098556519,0,0.0007388591766357422,0.0007388732628896832
"batch2_128_255|(3,4)",batch2_128_255,1,3,4,"(3,4)",0,11,0.28205128205128205,0.07955292570677186,0.019855648279190063,0.13740989565849304,0,0.0006920099258422852,0.0006920567248016596
"batch2_128_255|(3,4)",batch2_128_255,1,3,4,"(3,4)",0,12,0.3076923076923077,0.09467455621301776,0.021616214886307716,0.14767354726791382,0,0.0006479024887084961,0.0006479800213128328
"batch2_128_255|(3,4)",batch2_128_255,1,3,4,"(3,4)",0,13,0.3333333333333333,0.1111111111111111,0.023382483050227165,0.15770576894283295,0,0.0006296634674072266,0.0006298237130977213
"batch2_128_255|(3,4)",batch2_128_255,1,3,4,"(3,4)",0,14,0.358974358974359,0.12886259040105194,0.025158053264021873,0.16768428683280945,0,0.0005905628204345703,0.0005905432044528425
"batch2_128_255|(3,4)",batch2_128_255,1,3,4,"(3,4)",0,15,0.38461538461538464,0.14792899408284024,0.026940347626805305,0.17751316726207733,0,0.0005505084991455078,0.0005502630374394357
"batch2_128_255|(3,4)",batch2_128_255,1,3,4,"(3,4)",0,16,0.41025641025641024,0.16831032215647598,0.028727922588586807,0.18719811737537384,0,0.0005090236663818359,0.0005091098137199879
"batch2_128_255|(3,4)",batch2_128_255,1,3,4,"(3,4)",0,17,0.4358974358974359,0.19000657462195925,0.03052162379026413,0.19678954780101776,0,0.00046563148498535156,0.0004656313976738602
"batch2_128_255|(3,4)",batch2_128_255,1,3,4,"(3,4)",0,18,0.46153846153846156,0.21301775147928997,0.03232377767562866,0.20629990100860596,0,0.0004267692565917969,0.00042689000838436186
"batch2_128_255|(3,4)",batch2_128_255,1,3,4,"(3,4)",0,19,0.48717948717948717,0.2373438527284681,0.03413740172982216,0.2157430499792099,0,0.0004025697708129883,0.0004025220114272088
"batch2_128_255|(3,4)",batch2_128_255,1,3,4,"(3,4)",0,20,0.5128205128205128,0.2629848783694937,0.03596028313040733,0.22514556348323822,0,0.0003688335418701172,0.0003690345329232514
"batch2_128_255|(3,4)",batch2_128_255,1,3,4,"(3,4)",0,21,0.5384615384615384,0.28994082840236685,0.037791527807712555,0.23445552587509155,0,0.0003273487091064453,0.00032750453101471066
"batch2_128_255|(3,4)",batch2_128_255,1,3,4,"(3,4)",0,22,0.5641025641025641,0.31821170282708744,0.03962880000472069,0.2436247617006302,0,0.0002912282943725586,0.0002914096985477954
"batch2_128_255|(3,4)",batch2_128_255,1,3,4,"(3,4)",0,23,0.5897435897435898,0.3477975016436555,0.0414760522544384,0.2527800500392914,0,0.00025200843811035156,0.00025206984719261527
"batch2_128_255|(3,4)",batch2_128_255,1,3,4,"(3,4)",0,24,0.6153846153846154,0.37869822485207105,0.04332985728979111,0.26182231307029724,0,0.0002143383026123047,0.00021432813082356006
"batch2_128_255|(3,4)",batch2_128_255,1,3,4,"(3,4)",0,25,0.6410256410256411,0.4109138724523341,0.045189645141363144,0.270770788192749,0,0.00017499923706054688,0.0001750620431266725
"batch2_128_255|(3,4)",batch2_128_255,1,3,4,"(3,4)",0,26,0.6666666666666666,0.4444444444444444,0.0470544695854187,0.27965736389160156,0,0.00014162063598632812,0.00014168050256557763
"batch2_128_255|(3,4)",batch2_128_255,1,3,4,"(3,4)",0,27,0.6923076923076923,0.4792899408284023,0.04892420768737793,0.28844961524009705,0,0.00011968612670898438,0.00011961502605117857
"batch2_128_255|(3,4)",batch2_128_255,1,3,4,"(3,4)",0,28,0.717948717948718,0.5154503616042078,0.05079568922519684,0.2971801161766052,0,9.369850158691406e-05,9.384022996528074e-05
"batch2_128_255|(3,4)",batch2_128_255,1,3,4,"(3,4)",0,29,0.7435897435897436,0.5529257067718607,0.052667852491140366,0.305813193321228,0,7.390975952148438e-05,7.396786531899124e-05
"batch2_128_255|(3,4)",batch2_128_255,1,3,4,"(3,4)",0,30,0.7692307692307693,0.591715976331361,0.05453820154070854,0.31431788206100464,0,6.449222564697266e-05,6.463140744017437e-05
"batch2_128_255|(3,4)",batch2_128_255,1,3,4,"(3,4)",0,31,0.7948717948717948,0.6318211702827087,0.05640286207199097,0.322657972574234,0,5.1140785217285156e-05,5.143665839568712e-05
"batch2_128_255|(3,4)",batch2_128_255,1,3,4,"(3,4)",0,32,0.8205128205128205,0.6732412886259039,0.058264002203941345,0.33093851804733276,0,4.1484832763671875e-05,4.156652357778512e-05
"batch2_128_255|(3,4)",batch2_128_255,1,3,4,"(3,4)",0,33,0.8461538461538461,0.7159763313609467,0.060116738080978394,0.3390398323535919,0,3.838539123535156e-05,3.8423338992288336e-05
"batch2_128_255|(3,4)",batch2_128_255,1,3,4,"(3,4)",0,34,0.8717948717948718,0.760026298487837,0.06195627897977829,0.3469844162464142,0,4.00543212890625e-05,4.01319884986151e-05
"batch2_128_255|(3,4)",batch2_128_255,1,3,4,"(3,4)",0,35,0.8974358974358975,0.8053911900065747,0.06377921253442764,0.35473108291625977,0,2.86102294921875e-05,2.8865501008112915e-05
"batch2_128_255|(3,4)",batch2_128_255,1,3,4,"(3,4)",0,36,0.9230769230769231,0.8520710059171599,0.06558507680892944,0.36233144998550415,0,3.266334533691406e-05,3.289286541985348e-05
"batch2_128_255|(3,4)",batch2_128_255,1,3,4,"(3,4)",0,37,0.9487179487179487,0.9000657462195923,0.0673721507191658,0.36979544162750244,0,4.792213439941406e-05,4.8016485379775986e-05
"batch2_128_255|(3,4)",batch2_128_255,1,3,4,"(3,4)",0,38,0.9743589743589743,0.9493754109138725,0.06913609057664871,0.37710148096084595,0,4.982948303222656e-05,4.981629899702966e-05
"batch2_128_255|(3,4)",batch2_128_255,1,3,4,"(3,4)",0,39,1.0,1.0,0.07087725400924683,0.38424357771873474,0,5.91278076171875e-05,5.9491325373528525e-05
"batch2_128_255|(3,5)",batch2_128_255,1,3,5,"(3,5)",0,0,0.0,0.0,0.0,0.0,0,0.0009125471115112305,0.0009126715594902635
"batch2_128_255|(3,5)",batch2_128_255,1,3,5,"(3,5)",0,1,0.02564102564102564,0.0006574621959237343,0.0019520658534020185,0.015170506201684475,0,0.0008385181427001953,0.0008386099361814559
"batch2_128_255|(3,5)",batch2_128_255,1,3,5,"(3,5)",0,2,0.05128205128205128,0.0026298487836949372,0.0038695093244314194,0.029964381828904152,0,0.0007673501968383789,0.000767481338698417
"batch2_128_255|(3,5)",batch2_128_255,1,3,5,"(3,5)",0,3,0.07692307692307693,0.00591715976331361,0.00575164845213294,0.04429350793361664,0,0.0006955265998840332,0.0006955887656658888
"batch2_128_255|(3,5)",batch2_128_255,1,3,5,"(3,5)",0,4,0.10256410256410256,0.010519395134779749,0.00759876798838377,0.05818039923906326,0,0.0006348490715026855,0.0006348193273879588
"batch2_128_255|(3,5)",batch2_128_255,1,3,5,"(3,5)",0,5,0.1282051282051282,0.016436554898093356,0.009415674023330212,0.07162658870220184,0,0.0005721449851989746,0.0005721800262108445
"batch2_128_255|(3,5)",batch2_128_255,1,3,5,"(3,5)",0,6,0.15384615384615385,0.02366863905325444,0.01120582316070795,0.08449024707078934,0,0.0005156397819519043,0.0005156184197403491
"batch2_128_255|(3,5)",batch2_128_255,1,3,5,"(3,5)",0,7,0.1794871794871795,0.032215647600262985,0.012976634316146374,0.09678753465414047,0,0.0004678964614868164,0.00046790335909463465
"batch2_128_255|(3,5)",batch2_128_255,1,3,5,"(3,5)",0,8,0.20512820512820512,0.042077580539118996,0.014730500988662243,0.10864211618900299,0,0.00042384862899780273,0.00042377275531180203
"batch2_128_255|(3,5)",batch2_128_255,1,3,5,"(3,5)",0,9,0.23076923076923078,0.053254437869822494,0.016476400196552277,0.1201310083270073,0,0.0003800392150878906,0.0003800963459070772
"batch2_128_255|(3,5)",batch2_128_255,1,3,5,"(3,5)",0,10,0.2564102564102564,0.06574621959237342,0.01821877248585224,0.13133911788463593,0,0.0003355741500854492,0.00033562391763553023
"batch2_128_255|(3,5)",batch2_128_255,1,3,5,"(3,5)",0,11,0.28205128205128205,0.07955292570677186,0.01995515078306198,0.14221137762069702,0,0.0003095269203186035,0.0003095674910582602
"batch2_128_255|(3,5)",batch2_128_255,1,3,5,"(3,5)",0,12,0.3076923076923077,0.09467455621301776,0.02168874442577362,0.15299466252326965,0,0.00026738643646240234,0.00026734935818240047
"batch2_128_255|(3,5)",batch2_128_255,1,3,5,"(3,5)",0,13,0.3333333333333333,0.1111111111111111,0.023418739438056946,0.16357673704624176,0,0.00022643804550170898,0.00022643392730969936
"batch2_128_255|(3,5)",batch2_128_255,1,3,5,"(3,5)",0,14,0.358974358974359,0.12886259040105194,0.025143608450889587,0.17398500442504883,0,0.0001957416534423828,0.00019573919416870922
"batch2_128_255|(3,5)",batch2_128_255,1,3,5,"(3,5)",0,15,0.38461538461538464,0.14792899408284024,0.026869188994169235,0.18436852097511292,0,0.00016075372695922852,0.0001607719750609249
"batch2_128_255|(3,5)",batch2_128_255,1,3,5,"(3,5)",0,16,0.41025641025641024,0.16831032215647598,0.028592359274625778,0.19444410502910614,0,0.00014090538024902344,0.00014090082549955696
"batch2_128_255|(3,5)",batch2_128_255,1,3,5,"(3,5)",0,17,0.4358974358974359,0.19000657462195925,0.030316360294818878,0.20451892912387848,0,0.00011920928955078125,0.0001192720010294579
"batch2_128_255|(3,5)",batch2_128_255,1,3,5,"(3,5)",0,18,0.46153846153846156,0.21301775147928997,0.03204098716378212,0.2145373374223709,0,9.28044319152832e-05,9.278100333176553e-05
"batch2_128_255|(3,5)",batch2_128_255,1,3,5,"(3,5)",0,19,0.48717948717948717,0.2373438527284681,0.03376392647624016,0.224461629986763,0,6.890296936035156e-05,6.883636524435133e-05
"batch2_128_255|(3,5)",batch2_128_255,1,3,5,"(3,5)",0,20,0.5128205128205128,0.2629848783694937,0.03548382967710495,0.23425154387950897,0,5.0187110900878906e-05,5.0199785619042814e-05
"batch2_128_255|(3,5)",batch2_128_255,1,3,5,"(3,5)",0,21,0.5384615384615384,0.28994082840236685,0.0372011698782444,0.24389581382274628,0,3.081560134887695e-05,3.0837265512673184e-05
"batch2_128_255|(3,5)",batch2_128_255,1,3,5,"(3,5)",0,22,0.5641025641025641,0.31821170282708744,0.038914069533348083,0.2534061074256897,0,1.4334917068481445e-05,1.4334091247292235e-05
"batch2_128_255|(3,5)",batch2_128_255,1,3,5,"(3,5)",0,23,0.5897435897435898,0.3477975016436555,0.04061788320541382,0.26274606585502625,0,1.7583370208740234e-06,1.791144541130052e-06
"batch2_128_255|(3,5)",batch2_128_255,1,3,5,"(3,5)",0,24,0.6153846153846154,0.37869822485207105,0.04231293126940727,0.27188369631767273,1,-1.0251998901367188e-05,-1.0242229109280743e-05
"batch2_128_255|(3,6)",batch2_128_255,1,3,6,"(3,6)",0,0,0.0,0.0,0.0,0.0,0,0.002617359161376953,0.0026182790752500296
"batch2_128_255|(3,6)",batch2_128_255,1,3,6,"(3,6)",0,1,0.02564102564102564,0.0006574621959237343,0.0019439924508333206,0.014091718941926956,0,0.0023190975189208984,0.002319678431376815
"batch2_128_255|(3,6)",batch2_128_255,1,3,6,"(3,6)",0,2,0.05128205128205128,0.0026298487836949372,0.0038582412526011467,0.02787254936993122,0,0.002044200897216797,0.002044439082965255
"batch2_128_255|(3,6)",batch2_128_255,1,3,6,"(3,6)",0,3,0.07692307692307693,0.00591715976331361,0.00574551522731781,0.041341107338666916,0,0.0017867088317871094,0.0017866342095658183
"batch2_128_255|(3,6)",batch2_128_255,1,3,6,"(3,6)",0,4,0.10256410256410256,0.010519395134779749,0.007603483274579048,0.05445343255996704,0,0.001547098159790039,0.0015473138773813844
"batch2_128_255|(3,6)",batch2_128_255,1,3,6,"(3,6)",0,5,0.1282051282051282,0.016436554898093356,0.009436347521841526,0.06720060110092163,0,0.0013468265533447266,0.0013469801051542163
"batch2_128_255|(3,6)",batch2_128_255,1,3,6,"(3,6)",0,6,0.15384615384615385,0.02366863905325444,0.011249063536524773,0.07969069480895996,0,0.0011553764343261719,0.0011554836528375745
"batch2_128_255|(3,6)",batch2_128_255,1,3,6,"(3,6)",0,7,0.1794871794871795,0.032215647600262985,0.0130428746342659,0.09172791987657547,0,0.0009800195693969727,0.0009800445986911654
"batch2_128_255|(3,6)",batch2_128_255,1,3,6,"(3,6)",0,8,0.20512820512820512,0.042077580539118996,0.014823012053966522,0.10331393033266068,0,0.0008245706558227539,0.0008247181540355086
"batch2_128_255|(3,6)",batch2_128_255,1,3,6,"(3,6)",0,9,0.23076923076923078,0.053254437869822494,0.01659582369029522,0.11448948830366135,0,0.0006965398788452148,0.0006965618231333792
"batch2_128_255|(3,6)",batch2_128_255,1,3,6,"(3,6)",0,10,0.2564102564102564,0.06574621959237342,0.01836438849568367,0.12533628940582275,0,0.000586390495300293,0.0005865651764906943
"batch2_128_255|(3,6)",batch2_128_255,1,3,6,"(3,6)",0,11,0.28205128205128205,0.07955292570677186,0.020133621990680695,0.13587069511413574,0,0.0004906654357910156,0.0004905855166725814
"batch2_128_255|(3,6)",batch2_128_255,1,3,6,"(3,6)",0,12,0.3076923076923077,0.09467455621301776,0.02190335839986801,0.14608146250247955,0,0.0004025697708129883,0.0004026015812996775
"batch2_128_255|(3,6)",batch2_128_255,1,3,6,"(3,6)",0,13,0.3333333333333333,0.1111111111111111,0.023676587268710136,0.15600883960723877,0,0.0003255605697631836,0.0003255392948631197
"batch2_128_255|(3,6)",batch2_128_255,1,3,6,"(3,6)",0,14,0.358974358974359,0.12886259040105194,0.025457056239247322,0.16560445725917816,0,0.00025212764739990234,0.0002521617861930281
"batch2_128_255|(3,6)",batch2_128_255,1,3,6,"(3,6)",0,15,0.38461538461538464,0.14792899408284024,0.027246685698628426,0.1748427301645279,0,0.00019633769989013672,0.00019628940208349377
"batch2_128_255|(3,6)",batch2_128_255,1,3,6,"(3,6)",0,16,0.41025641025641024,0.16831032215647598,0.029048625379800797,0.18385080993175507,0,0.0001455545425415039,0.00014557452232111245
"batch2_128_255|(3,6)",batch2_128_255,1,3,6,"(3,6)",0,17,0.4358974358974359,0.19000657462195925,0.030864687636494637,0.1926594078540802,0,9.673833847045898e-05,9.662312368163839e-05
"batch2_128_255|(3,6)",batch2_128_255,1,3,6,"(3,6)",0,18,0.46153846153846156,0.21301775147928997,0.03269374370574951,0.2012709230184555,0,5.364418029785156e-05,5.374165266402997e-05
"batch2_128_255|(3,6)",batch2_128_255,1,3,6,"(3,6)",0,19,0.48717948717948717,0.2373438527284681,0.03453705087304115,0.20969735085964203,0,2.09808349609375e-05,2.1061407096567564e-05
"batch2_128_255|(3,6)",batch2_128_255,1,3,6,"(3,6)",0,20,0.5128205128205128,0.2629848783694937,0.036395296454429626,0.21806266903877258,1,-1.2755393981933594e-05,-1.2665812391787767e-05
"batch2_128_255|(3,7)",batch2_128_255,1,3,7,"(3,7)",1,0,0.0,0.0,0.0,0.0,0,0.001811981201171875,0.001812142669223249
"batch2_128_255|(3,7)",batch2_128_255,1,3,7,"(3,7)",1,1,0.02564102564102564,0.0006574621959237343,0.002021395368501544,0.014573603868484497,0,0.0016603469848632812,0.0016604181146249175
"batch2_128_255|(3,7)",batch2_128_255,1,3,7,"(3,7)",1,2,0.05128205128205128,0.0026298487836949372,0.004009606316685677,0.02876362018287182,0,0.0015130043029785156,0.0015132230473682284
"batch2_128_255|(3,7)",batch2_128_255,1,3,7,"(3,7)",1,3,0.07692307692307693,0.00591715976331361,0.005963852629065514,0.04256182909011841,0,0.0013740062713623047,0.0013741409638896585
"batch2_128_255|(3,7)",batch2_128_255,1,3,7,"(3,7)",1,4,0.10256410256410256,0.010519395134779749,0.007884720340371132,0.0559353344142437,0,0.0012385845184326172,0.0012385629815980792
"batch2_128_255|(3,7)",batch2_128_255,1,3,7,"(3,7)",1,5,0.1282051282051282,0.016436554898093356,0.009774493053555489,0.06897486001253128,0,0.0011138916015625,0.0011140541173517704
"batch2_128_255|(3,7)",batch2_128_255,1,3,7,"(3,7)",1,6,0.15384615384615385,0.02366863905325444,0.01163550466299057,0.08157330751419067,0,0.0009930133819580078,0.0009932030225172639
"batch2_128_255|(3,7)",batch2_128_255,1,3,7,"(3,7)",1,7,0.1794871794871795,0.032215647600262985,0.01347186230123043,0.09372808784246445,0,0.0008739233016967773,0.0008740382036194205
"batch2_128_255|(3,7)",batch2_128_255,1,3,7,"(3,7)",1,8,0.20512820512820512,0.042077580539118996,0.015287552028894424,0.10539551079273224,0,0.0007702112197875977,0.0007703207666054368
"batch2_128_255|(3,7)",batch2_128_255,1,3,7,"(3,7)",1,9,0.23076923076923078,0.053254437869822494,0.017089055851101875,0.1166503056883812,0,0.0006744861602783203,0.0006745874998159707
"batch2_128_255|(3,7)",batch2_128_255,1,3,7,"(3,7)",1,10,0.2564102564102564,0.06574621959237342,0.018881088122725487,0.1275773048400879,0,0.0006060600280761719,0.0006058748695068061
"batch2_128_255|(3,7)",batch2_128_255,1,3,7,"(3,7)",1,11,0.28205128205128205,0.07955292570677186,0.020671790465712547,0.1383090764284134,0,0.0005129575729370117,0.0005129622295498848
"batch2_128_255|(3,7)",batch2_128_255,1,3,7,"(3,7)",1,12,0.3076923076923077,0.09467455621301776,0.022463008761405945,0.1486777514219284,0,0.0004191398620605469,0.0004192587221041322
"batch2_128_255|(3,7)",batch2_128_255,1,3,7,"(3,7)",1,13,0.3333333333333333,0.1111111111111111,0.024253711104393005,0.15873414278030396,0,0.0003535747528076172,0.00035366081283427775
"batch2_128_255|(3,7)",batch2_128_255,1,3,7,"(3,7)",1,14,0.358974358974359,0.12886259040105194,0.026052681729197502,0.16857050359249115,0,0.0002608299255371094,0.0002608932845760137
"batch2_128_255|(3,7)",batch2_128_255,1,3,7,"(3,7)",1,15,0.38461538461538464,0.14792899408284024,0.027856910601258278,0.17816630005836487,0,0.0001760721206665039,0.00017601056606508791
"batch2_128_255|(3,7)",batch2_128_255,1,3,7,"(3,7)",1,16,0.41025641025641024,0.16831032215647598,0.02966977469623089,0.1875961869955063,0,7.56978988647461e-05,7.574367191409692e-05
"batch2_128_255|(3,7)",batch2_128_255,1,3,7,"(3,7)",1,17,0.4358974358974359,0.19000657462195925,0.031492117792367935,0.1968064159154892,1,-6.9141387939453125e-06,-6.889148153277347e-06
"batch2_128_255|(4,5)",batch2_128_255,1,4,5,"(4,5)",0,0,0.0,0.0,0.0,0.0,0,0.0016658306121826172,0.0016662226989865303
"batch2_128_255|(4,5)",batch2_128_255,1,4,5,"(4,5)",0,1,0.02564102564102564,0.0006574621959237343,0.0019088065018877387,0.015002991072833538,0,0.0014905929565429688,0.0014907682780176401
"batch2_128_255|(4,5)",batch2_128_255,1,4,5,"(4,5)",0,2,0.05128205128205128,0.0026298487836949372,0.0037908402737230062,0.02989255264401436,0,0.0013314485549926758,0.0013315618271008134
"batch2_128_255|(4,5)",batch2_128_255,1,4,5,"(4,5)",0,3,0.07692307692307693,0.00591715976331361,0.005646279081702232,0.04464036971330643,0,0.0011795759201049805,0.0011796061880886555
"batch2_128_255|(4,5)",batch2_128_255,1,4,5,"(4,5)",0,4,0.10256410256410256,0.010519395134779749,0.0074692340567708015,0.05909499526023865,0,0.0010638236999511719,0.0010639068204909563
"batch2_128_255|(4,5)",batch2_128_255,1,4,5,"(4,5)",0,5,0.1282051282051282,0.016436554898093356,0.009266279637813568,0.07322866469621658,0,0.000941157341003418,0.0009412378421984613
"batch2_128_255|(4,5)",batch2_128_255,1,4,5,"(4,5)",0,6,0.15384615384615385,0.02366863905325444,0.011040315963327885,0.08686644583940506,0,0.0008363723754882812,0.0008365515386685729
"batch2_128_255|(4,5)",batch2_128_255,1,4,5,"(4,5)",0,7,0.1794871794871795,0.032215647600262985,0.01279454119503498,0.10007824748754501,0,0.0007460117340087891,0.0007460525957867503
"batch2_128_255|(4,5)",batch2_128_255,1,4,5,"(4,5)",0,8,0.20512820512820512,0.042077580539118996,0.014535549096763134,0.1128753125667572,0,0.0006707906723022461,0.0006708375876769423
"batch2_128_255|(4,5)",batch2_128_255,1,4,5,"(4,5)",0,9,0.23076923076923078,0.053254437869822494,0.01626664400100708,0.12543880939483643,0,0.0006024837493896484,0.000602582236751914
"batch2_128_255|(4,5)",batch2_128_255,1,4,5,"(4,5)",0,10,0.2564102564102564,0.06574621959237342,0.017986956983804703,0.1377284824848175,0,0.0005453824996948242,0.0005454482743516564
"batch2_128_255|(4,5)",batch2_128_255,1,4,5,"(4,5)",0,11,0.28205128205128205,0.07955292570677186,0.01970396563410759,0.1499151885509491,0,0.0004819631576538086,0.0004819236637558788
"batch2_128_255|(4,5)",batch2_128_255,1,4,5,"(4,5)",0,12,0.3076923076923077,0.09467455621301776,0.02141653746366501,0.1618964523077011,0,0.0004342794418334961,0.00043427516357041895
"batch2_128_255|(4,5)",batch2_128_255,1,4,5,"(4,5)",0,13,0.3333333333333333,0.1111111111111111,0.02313034050166607,0.1738792359828949,0,0.0003885626792907715,0.00038859076448716223
"batch2_128_255|(4,5)",batch2_128_255,1,4,5,"(4,5)",0,14,0.358974358974359,0.12886259040105194,0.02484952099621296,0.18574541807174683,0,0.00032961368560791016,0.0003296602226328105
"batch2_128_255|(4,5)",batch2_128_255,1,4,5,"(4,5)",0,15,0.38461538461538464,0.14792899408284024,0.026562189683318138,0.1970563530921936,0,0.0002662539482116699,0.0002663457707967609
"batch2_128_255|(4,5)",batch2_128_255,1,4,5,"(4,5)",0,16,0.41025641025641024,0.16831032215647598,0.028277672827243805,0.20791563391685486,0,0.00022017955780029297,0.0002202304603997618
"batch2_128_255|(4,5)",batch2_128_255,1,4,5,"(4,5)",0,17,0.4358974358974359,0.19000657462195925,0.030005959793925285,0.21848703920841217,0,0.00017970800399780273,0.00017977177049033344
"batch2_128_255|(4,5)",batch2_128_255,1,4,5,"(4,5)",0,18,0.46153846153846156,0.21301775147928997,0.03174629434943199,0.22876352071762085,0,0.00014579296112060547,0.00014575976820196956
"batch2_128_255|(4,5)",batch2_128_255,1,4,5,"(4,5)",0,19,0.48717948717948717,0.2373438527284681,0.03349679335951805,0.23886433243751526,0,0.00011289119720458984,0.00011288793757557869
"batch2_128_255|(4,5)",batch2_128_255,1,4,5,"(4,5)",0,20,0.5128205128205128,0.2629848783694937,0.035256363451480865,0.24881641566753387,0,8.7738037109375e-05,8.777814218774438e-05
"batch2_128_255|(4,5)",batch2_128_255,1,4,5,"(4,5)",0,21,0.5384615384615384,0.28994082840236685,0.037026915699243546,0.25868645310401917,0,6.103515625e-05,6.1009042838122696e-05
"batch2_128_255|(4,5)",batch2_128_255,1,4,5,"(4,5)",0,22,0.5641025641025641,0.31821170282708744,0.038801733404397964,0.2684328258037567,0,4.011392593383789e-05,4.013703073724173e-05
"batch2_128_255|(4,5)",batch2_128_255,1,4,5,"(4,5)",0,23,0.5897435897435898,0.3477975016436555,0.04057827219367027,0.2780752182006836,0,1.6748905181884766e-05,1.679256274655927e-05
"batch2_128_255|(4,5)",batch2_128_255,1,4,5,"(4,5)",0,24,0.6153846153846154,0.37869822485207105,0.04235120117664337,0.2876620590686798,1,-4.0531158447265625e-06,-4.094273208465893e-06
"batch2_128_255|(4,6)",batch2_128_255,1,4,6,"(4,6)",0,0,0.0,0.0,0.0,0.0,0,0.0029065608978271484,0.0029072188772261143
"batch2_128_255|(4,6)",batch2_128_255,1,4,6,"(4,6)",0,1,0.02564102564102564,0.0006574621959237343,0.0018461905419826508,0.013956846669316292,0,0.002651214599609375,0.0026516704820096493
"batch2_128_255|(4,6)",batch2_128_255,1,4,6,"(4,6)",0,2,0.05128205128205128,0.0026298487836949372,0.0036842452827841043,0.02778228558599949,0,0.0024154186248779297,0.002415793016552925
"batch2_128_255|(4,6)",batch2_128_255,1,4,6,"(4,6)",0,3,0.07692307692307693,0.00591715976331361,0.005516308359801769,0.04139723256230354,0,0.002197265625,0.002197644207626581
"batch2_128_255|(4,6)",batch2_128_255,1,4,6,"(4,6)",0,4,0.10256410256410256,0.010519395134779749,0.007337764371186495,0.05481318384408951,0,0.001982450485229492,0.001982584362849593
"batch2_128_255|(4,6)",batch2_128_255,1,4,6,"(4,6)",0,5,0.1282051282051282,0.016436554898093356,0.009152641519904137,0.06790165603160858,0,0.00177764892578125,0.0017779484624043107
"batch2_128_255|(4,6)",batch2_128_255,1,4,6,"(4,6)",0,6,0.15384615384615385,0.02366863905325444,0.010959431529045105,0.08061186969280243,0,0.0015926361083984375,0.0015927420463413
"batch2_128_255|(4,6)",batch2_128_255,1,4,6,"(4,6)",0,7,0.1794871794871795,0.032215647600262985,0.01276059914380312,0.0928935632109642,0,0.0014231204986572266,0.0014232987305149436
"batch2_128_255|(4,6)",batch2_128_255,1,4,6,"(4,6)",0,8,0.20512820512820512,0.042077580539118996,0.014558608643710613,0.10478834807872772,0,0.001270294189453125,0.0012704131659120321
"batch2_128_255|(4,6)",batch2_128_255,1,4,6,"(4,6)",0,9,0.23076923076923078,0.053254437869822494,0.016356132924556732,0.11634567379951477,0,0.0011203289031982422,0.0011204970069229603
"batch2_128_255|(4,6)",batch2_128_255,1,4,6,"(4,6)",0,10,0.2564102564102564,0.06574621959237342,0.018154533579945564,0.1274760216474533,0,0.0009911060333251953,0.000991083332337439
"batch2_128_255|(4,6)",batch2_128_255,1,4,6,"(4,6)",0,11,0.28205128205128205,0.07955292570677186,0.019958458840847015,0.13832849264144897,0,0.0008664131164550781,0.0008667985093779862
"batch2_128_255|(4,6)",batch2_128_255,1,4,6,"(4,6)",0,12,0.3076923076923077,0.09467455621301776,0.02177005633711815,0.14891023933887482,0,0.0007572174072265625,0.0007572489557787776
"batch2_128_255|(4,6)",batch2_128_255,1,4,6,"(4,6)",0,13,0.3333333333333333,0.1111111111111111,0.023590704426169395,0.15920838713645935,0,0.0006426572799682617,0.0006426260806620121
"batch2_128_255|(4,6)",batch2_128_255,1,4,6,"(4,6)",0,14,0.358974358974359,0.12886259040105194,0.025423087179660797,0.1693296879529953,0,0.0005311965942382812,0.000531329307705164
"batch2_128_255|(4,6)",batch2_128_255,1,4,6,"(4,6)",0,15,0.38461538461538464,0.14792899408284024,0.02726643905043602,0.17923906445503235,0,0.0004436969757080078,0.0004438438336364925
"batch2_128_255|(4,6)",batch2_128_255,1,4,6,"(4,6)",0,16,0.41025641025641024,0.16831032215647598,0.029126474633812904,0.18897445499897003,0,0.00035512447357177734,0.00035509394365362823
"batch2_128_255|(4,6)",batch2_128_255,1,4,6,"(4,6)",0,17,0.4358974358974359,0.19000657462195925,0.031005455181002617,0.1985783725976944,0,0.00026726722717285156,0.00026735442224889994
"batch2_128_255|(4,6)",batch2_128_255,1,4,6,"(4,6)",0,18,0.46153846153846156,0.21301775147928997,0.03289841115474701,0.20802944898605347,0,0.0001844167709350586,0.0001844522776082158
"batch2_128_255|(4,6)",batch2_128_255,1,4,6,"(4,6)",0,19,0.48717948717948717,0.2373438527284681,0.03480863571166992,0.2174549400806427,0,0.00010800361633300781,0.0001079775465768762
"batch2_128_255|(4,6)",batch2_128_255,1,4,6,"(4,6)",0,20,0.5128205128205128,0.2629848783694937,0.03673189878463745,0.2267671525478363,0,3.635883331298828e-05,3.6458648537518457e-05
"batch2_128_255|(4,6)",batch2_128_255,1,4,6,"(4,6)",0,21,0.5384615384615384,0.28994082840236685,0.0386701263487339,0.2359713762998581,1,-2.86102294921875e-05,-2.8401469535310753e-05
"batch2_128_255|(4,7)",batch2_128_255,1,4,7,"(4,7)",1,0,0.0,0.0,0.0,0.0,0,0.0022077560424804688,0.0022082538343966007
"batch2_128_255|(4,7)",batch2_128_255,1,4,7,"(4,7)",1,1,0.02564102564102564,0.0006574621959237343,0.0018801175756379962,0.014883398078382015,0,0.0019469261169433594,0.001947055454365909
"batch2_128_255|(4,7)",batch2_128_255,1,4,7,"(4,7)",1,2,0.05128205128205128,0.0026298487836949372,0.003738073632121086,0.029608184471726418,0,0.0017018318176269531,0.0017019436927512288
"batch2_128_255|(4,7)",batch2_128_255,1,4,7,"(4,7)",1,3,0.07692307692307693,0.00591715976331361,0.0055746277794241905,0.04406532272696495,0,0.001508474349975586,0.0015085932100191712
"batch2_128_255|(4,7)",batch2_128_255,1,4,7,"(4,7)",1,4,0.10256410256410256,0.010519395134779749,0.007393649313598871,0.058373212814331055,0,0.0013217926025390625,0.0013218381209298968
"batch2_128_255|(4,7)",batch2_128_255,1,4,7,"(4,7)",1,5,0.1282051282051282,0.016436554898093356,0.00919648353010416,0.07235351949930191,0,0.0011439323425292969,0.0011440059170126915
"batch2_128_255|(4,7)",batch2_128_255,1,4,7,"(4,7)",1,6,0.15384615384615385,0.02366863905325444,0.010985054075717926,0.0858859270811081,0,0.0009959936141967773,0.0009961200412362814
"batch2_128_255|(4,7)",batch2_128_255,1,4,7,"(4,7)",1,7,0.1794871794871795,0.032215647600262985,0.012765590101480484,0.09901568293571472,0,0.0008528232574462891,0.0008529977058060467
"batch2_128_255|(4,7)",batch2_128_255,1,4,7,"(4,7)",1,8,0.20512820512820512,0.042077580539118996,0.014540910720825195,0.11166267842054367,0,0.0007359981536865234,0.0007359870942309499
"batch2_128_255|(4,7)",batch2_128_255,1,4,7,"(4,7)",1,9,0.23076923076923078,0.053254437869822494,0.01631813310086727,0.12387510389089584,0,0.0006109476089477539,0.0006109692621976137
"batch2_128_255|(4,7)",batch2_128_255,1,4,7,"(4,7)",1,10,0.2564102564102564,0.06574621959237342,0.01809861697256565,0.13556167483329773,0,0.00047600269317626953,0.00047607021406292915
"batch2_128_255|(4,7)",batch2_128_255,1,4,7,"(4,7)",1,11,0.28205128205128205,0.07955292570677186,0.01988663151860237,0.1467025727033615,0,0.00035953521728515625,0.0003594851878006011
"batch2_128_255|(4,7)",batch2_128_255,1,4,7,"(4,7)",1,12,0.3076923076923077,0.09467455621301776,0.021685760468244553,0.15737687051296234,0,0.0002537965774536133,0.00025380851002410054
"batch2_128_255|(4,7)",batch2_128_255,1,4,7,"(4,7)",1,13,0.3333333333333333,0.1111111111111111,0.023507118225097656,0.16771458089351654,0,0.00015211105346679688,0.00015228663687594235
"batch2_128_255|(4,7)",batch2_128_255,1,4,7,"(4,7)",1,14,0.358974358974359,0.12886259040105194,0.025355476886034012,0.17782309651374817,0,2.47955322265625e-05,2.4811310140648857e-05
"batch2_128_255|(4,7)",batch2_128_255,1,4,7,"(4,7)",1,15,0.38461538461538464,0.14792899408284024,0.02723039872944355,0.18763677775859833,1,-4.8160552978515625e-05,-4.8111909563886e-05
"batch2_128_255|(5,6)",batch2_128_255,1,5,6,"(5,6)",0,0,0.0,0.0,0.0,0.0,0,0.002643585205078125,0.0026443800888955593
"batch2_128_255|(5,6)",batch2_128_255,1,5,6,"(5,6)",0,1,0.02564102564102564,0.0006574621959237343,0.0020054562482982874,0.014916026964783669,0,0.0023636817932128906,0.0023643518798053265
"batch2_128_255|(5,6)",batch2_128_255,1,5,6,"(5,6)",0,2,0.05128205128205128,0.0026298487836949372,0.003973863553255796,0.029637834057211876,0,0.0020842552185058594,0.002084827283397317
"batch2_128_255|(5,6)",batch2_128_255,1,5,6,"(5,6)",0,3,0.07692307692307693,0.00591715976331361,0.005904759746044874,0.04418826475739479,0,0.0018188953399658203,0.0018190270056948066
"batch2_128_255|(5,6)",batch2_128_255,1,5,6,"(5,6)",0,4,0.10256410256410256,0.010519395134779749,0.007798362988978624,0.05849118158221245,0,0.0015546083450317383,0.0015549066010862589
"batch2_128_255|(5,6)",batch2_128_255,1,5,6,"(5,6)",0,5,0.1282051282051282,0.016436554898093356,0.00965477991849184,0.07242538034915924,0,0.0013298988342285156,0.0013300466816872358
"batch2_128_255|(5,6)",batch2_128_255,1,5,6,"(5,6)",0,6,0.15384615384615385,0.02366863905325444,0.011480452492833138,0.08602439612150192,0,0.001134037971496582,0.001134057529270649
"batch2_128_255|(5,6)",batch2_128_255,1,5,6,"(5,6)",0,7,0.1794871794871795,0.032215647600262985,0.013277719728648663,0.0993368998169899,0,0.0009528398513793945,0.0009529218077659607
"batch2_128_255|(5,6)",batch2_128_255,1,5,6,"(5,6)",0,8,0.20512820512820512,0.042077580539118996,0.01505169179290533,0.11236898601055145,0,0.0007977485656738281,0.0007978184730745852
"batch2_128_255|(5,6)",batch2_128_255,1,5,6,"(5,6)",0,9,0.23076923076923078,0.053254437869822494,0.016805486753582954,0.12513698637485504,0,0.000655055046081543,0.0006551641854457557
"batch2_128_255|(5,6)",batch2_128_255,1,5,6,"(5,6)",0,10,0.2564102564102564,0.06574621959237342,0.018542751669883728,0.1375681757926941,0,0.0005306005477905273,0.0005306791863404214
"batch2_128_255|(5,6)",batch2_128_255,1,5,6,"(5,6)",0,11,0.28205128205128205,0.07955292570677186,0.020262975245714188,0.14971204102039337,0,0.00042307376861572266,0.0004230572667438537
"batch2_128_255|(5,6)",batch2_128_255,1,5,6,"(5,6)",0,12,0.3076923076923077,0.09467455621301776,0.02196880616247654,0.16151683032512665,0,0.00030541419982910156,0.00030545995105057955
"batch2_128_255|(5,6)",batch2_128_255,1,5,6,"(5,6)",0,13,0.3333333333333333,0.1111111111111111,0.023660723119974136,0.17305271327495575,0,0.00022596120834350586,0.00022592779714614153
"batch2_128_255|(5,6)",batch2_128_255,1,5,6,"(5,6)",0,14,0.358974358974359,0.12886259040105194,0.025344595313072205,0.18440403044223785,0,0.0001614093780517578,0.00016141954984050244
"batch2_128_255|(5,6)",batch2_128_255,1,5,6,"(5,6)",0,15,0.38461538461538464,0.14792899408284024,0.027020016685128212,0.19547812640666962,0,0.00010782480239868164,0.0001078859277185984
"batch2_128_255|(5,6)",batch2_128_255,1,5,6,"(5,6)",0,16,0.41025641025641024,0.16831032215647598,0.028689276427030563,0.20608307421207428,0,6.73532485961914e-05,6.731694156769663e-05
"batch2_128_255|(5,6)",batch2_128_255,1,5,6,"(5,6)",0,17,0.4358974358974359,0.19000657462195925,0.030353078618645668,0.21630443632602692,0,4.1365623474121094e-05,4.1330633393954486e-05
"batch2_128_255|(5,6)",batch2_128_255,1,5,6,"(5,6)",0,18,0.46153846153846156,0.21301775147928997,0.03201844543218613,0.2262462079524994,0,2.5600194931030273e-05,2.558162304922007e-05
"batch2_128_255|(5,6)",batch2_128_255,1,5,6,"(5,6)",0,19,0.48717948717948717,0.2373438527284681,0.03368415683507919,0.23595461249351501,0,1.3053417205810547e-05,1.3094072528474499e-05
"batch2_128_255|(5,6)",batch2_128_255,1,5,6,"(5,6)",0,20,0.5128205128205128,0.2629848783694937,0.03535075485706329,0.24546164274215698,0,7.68899917602539e-06,7.736452062090393e-06
"batch2_128_255|(5,6)",batch2_128_255,1,5,6,"(5,6)",0,21,0.5384615384615384,0.28994082840236685,0.03701508790254593,0.25478705763816833,0,8.285045623779297e-06,8.266278200608213e-06
"batch2_128_255|(5,6)",batch2_128_255,1,5,6,"(5,6)",0,22,0.5641025641025641,0.31821170282708744,0.03867441043257713,0.26389259099960327,0,5.5730342864990234e-06,5.580329798249295e-06
"batch2_128_255|(5,6)",batch2_128_255,1,5,6,"(5,6)",0,23,0.5897435897435898,0.3477975016436555,0.04032464325428009,0.27279913425445557,0,6.67572021484375e-06,6.70310873829294e-06
"batch2_128_255|(5,6)",batch2_128_255,1,5,6,"(5,6)",0,24,0.6153846153846154,0.37869822485207105,0.041966795921325684,0.281539648771286,0,5.125999450683594e-06,5.117583441460738e-06
"batch2_128_255|(5,6)",batch2_128_255,1,5,6,"(5,6)",0,25,0.6410256410256411,0.4109138724523341,0.043597884476184845,0.2901290953159332,0,4.678964614868164e-06,4.686145985033363e-06
"batch2_128_255|(5,6)",batch2_128_255,1,5,6,"(5,6)",0,26,0.6666666666666666,0.4444444444444444,0.04521547630429268,0.2985706627368927,0,4.76837158203125e-06,4.765150606544921e-06
"batch2_128_255|(5,6)",batch2_128_255,1,5,6,"(5,6)",0,27,0.6923076923076923,0.4792899408284023,0.0468188151717186,0.306804895401001,0,3.0100345611572266e-06,2.9993746011314215e-06
"batch2_128_255|(5,6)",batch2_128_255,1,5,6,"(5,6)",0,28,0.717948717948718,0.5154503616042078,0.04840611666440964,0.31486520171165466,0,3.2633543014526367e-06,3.278182020949316e-06
"batch2_128_255|(5,6)",batch2_128_255,1,5,6,"(5,6)",0,29,0.7435897435897436,0.5529257067718607,0.04997122660279274,0.3227149248123169,0,4.51505184173584e-06,4.513633484748425e-06
"batch2_128_255|(5,6)",batch2_128_255,1,5,6,"(5,6)",0,30,0.7692307692307693,0.591715976331361,0.051516007632017136,0.3303545117378235,0,3.427267074584961e-06,3.439942474869895e-06
"batch2_128_255|(5,6)",batch2_128_255,1,5,6,"(5,6)",0,31,0.7948717948717948,0.6318211702827087,0.05303555727005005,0.33774712681770325,0,2.2798776626586914e-06,2.281254865010851e-06
"batch2_128_255|(5,6)",batch2_128_255,1,5,6,"(5,6)",0,32,0.8205128205128205,0.6732412886259039,0.05452951788902283,0.34491780400276184,0,9.5367431640625e-07,9.561795195622835e-07
"batch2_128_255|(5,6)",batch2_128_255,1,5,6,"(5,6)",0,33,0.8461538461538461,0.7159763313609467,0.05599617958068848,0.3518722951412201,1,-3.129243850708008e-07,-3.111588284809841e-07
"batch2_128_255|(5,7)",batch2_128_255,1,5,7,"(5,7)",1,0,0.0,0.0,0.0,0.0,0,0.0015416145324707031,0.0015417305985465646
"batch2_128_255|(5,7)",batch2_128_255,1,5,7,"(5,7)",1,1,0.02564102564102564,0.0006574621959237343,0.002027213340625167,0.015802539885044098,0,0.0013911724090576172,0.001391321886330843
"batch2_128_255|(5,7)",batch2_128_255,1,5,7,"(5,7)",1,2,0.05128205128205128,0.0026298487836949372,0.004012817516922951,0.03136160224676132,0,0.001260519027709961,0.0012605703668668866
"batch2_128_255|(5,7)",batch2_128_255,1,5,7,"(5,7)",1,3,0.07692307692307693,0.00591715976331361,0.005962733179330826,0.046710673719644547,0,0.0011279582977294922,0.0011281955521553755
"batch2_128_255|(5,7)",batch2_128_255,1,5,7,"(5,7)",1,4,0.10256410256410256,0.010519395134779749,0.007869880646467209,0.061637721955776215,0,0.0009933710098266602,0.0009934216504916549
"batch2_128_255|(5,7)",batch2_128_255,1,5,7,"(5,7)",1,5,0.1282051282051282,0.016436554898093356,0.00974081177264452,0.07605773210525513,0,0.0008640289306640625,0.0008640834130346775
"batch2_128_255|(5,7)",batch2_128_255,1,5,7,"(5,7)",1,6,0.15384615384615385,0.02366863905325444,0.011578403413295746,0.0899571105837822,0,0.0007506608963012695,0.000750770908780396
"batch2_128_255|(5,7)",batch2_128_255,1,5,7,"(5,7)",1,7,0.1794871794871795,0.032215647600262985,0.013390341773629189,0.1033574640750885,0,0.0006456375122070312,0.0006458056159317493
"batch2_128_255|(5,7)",batch2_128_255,1,5,7,"(5,7)",1,8,0.20512820512820512,0.042077580539118996,0.0151831628754735,0.11628653109073639,0,0.0005304813385009766,0.0005305602098815143
"batch2_128_255|(5,7)",batch2_128_255,1,5,7,"(5,7)",1,9,0.23076923076923078,0.053254437869822494,0.016958048567175865,0.12865854799747467,0,0.0004328489303588867,0.00043283303966745734
"batch2_128_255|(5,7)",batch2_128_255,1,5,7,"(5,7)",1,10,0.2564102564102564,0.06574621959237342,0.01872701197862625,0.14056451618671417,0,0.00033354759216308594,0.0003334484063088894
"batch2_128_255|(5,7)",batch2_128_255,1,5,7,"(5,7)",1,11,0.28205128205128205,0.07955292570677186,0.02049378491938114,0.15200713276863098,0,0.00026607513427734375,0.00026603697915561497
"batch2_128_255|(5,7)",batch2_128_255,1,5,7,"(5,7)",1,12,0.3076923076923077,0.09467455621301776,0.022272637113928795,0.16322262585163116,0,0.0001875162124633789,0.00018767535220831633
"batch2_128_255|(5,7)",batch2_128_255,1,5,7,"(5,7)",1,13,0.3333333333333333,0.1111111111111111,0.024060441181063652,0.17422766983509064,0,0.00010716915130615234,0.00010710478090913966
"batch2_128_255|(5,7)",batch2_128_255,1,5,7,"(5,7)",1,14,0.358974358974359,0.12886259040105194,0.025858532637357712,0.18486328423023224,0,3.2901763916015625e-05,3.297967850812711e-05
"batch2_128_255|(5,7)",batch2_128_255,1,5,7,"(5,7)",1,15,0.38461538461538464,0.14792899408284024,0.02766823209822178,0.19513267278671265,1,-3.421306610107422e-05,-3.41707345796749e-05
"batch2_128_255|(6,7)",batch2_128_255,1,6,7,"(6,7)",1,0,0.0,0.0,0.0,0.0,0,0.0029633045196533203,0.0029643396846950054
"batch2_128_255|(6,7)",batch2_128_255,1,6,7,"(6,7)",1,1,0.02564102564102564,0.0006574621959237343,0.0019470086554065347,0.014626082964241505,0,0.0026023387908935547,0.002602851018309593
"batch2_128_255|(6,7)",batch2_128_255,1,6,7,"(6,7)",1,2,0.05128205128205128,0.0026298487836949372,0.0038668112829327583,0.029006188735365868,0,0.0022821426391601562,0.002282368950545788
"batch2_128_255|(6,7)",batch2_128_255,1,6,7,"(6,7)",1,3,0.07692307692307693,0.00591715976331361,0.00576402060687542,0.04311905428767204,0,0.0019805431365966797,0.0019809093791991472
"batch2_128_255|(6,7)",batch2_128_255,1,6,7,"(6,7)",1,4,0.10256410256410256,0.010519395134779749,0.007635721005499363,0.05696815997362137,0,0.0016989707946777344,0.0016990788280963898
"batch2_128_255|(6,7)",batch2_128_255,1,6,7,"(6,7)",1,5,0.1282051282051282,0.016436554898093356,0.009485634975135326,0.07040979713201523,0,0.0014383792877197266,0.0014387140981853008
"batch2_128_255|(6,7)",batch2_128_255,1,6,7,"(6,7)",1,6,0.15384615384615385,0.02366863905325444,0.011315415613353252,0.08337002992630005,0,0.0012159347534179688,0.001216328819282353
"batch2_128_255|(6,7)",batch2_128_255,1,6,7,"(6,7)",1,7,0.1794871794871795,0.032215647600262985,0.013129644095897675,0.09583710879087448,0,0.0010232925415039062,0.0010233712382614613
"batch2_128_255|(6,7)",batch2_128_255,1,6,7,"(6,7)",1,8,0.20512820512820512,0.042077580539118996,0.014932348392903805,0.10791350156068802,0,0.0008571147918701172,0.0008571604848839343
"batch2_128_255|(6,7)",batch2_128_255,1,6,7,"(6,7)",1,9,0.23076923076923078,0.053254437869822494,0.01673116162419319,0.11954490840435028,0,0.0007121562957763672,0.0007121347007341683
"batch2_128_255|(6,7)",batch2_128_255,1,6,7,"(6,7)",1,10,0.2564102564102564,0.06574621959237342,0.018529655411839485,0.13077381253242493,0,0.0005856752395629883,0.0005856679053977132
"batch2_128_255|(6,7)",batch2_128_255,1,6,7,"(6,7)",1,11,0.28205128205128205,0.07955292570677186,0.02033303678035736,0.14168734848499298,0,0.0004718303680419922,0.0004718941927421838
"batch2_128_255|(6,7)",batch2_128_255,1,6,7,"(6,7)",1,12,0.3076923076923077,0.09467455621301776,0.022142672911286354,0.15230022370815277,0,0.0003625154495239258,0.0003626687393989414
"batch2_128_255|(6,7)",batch2_128_255,1,6,7,"(6,7)",1,13,0.3333333333333333,0.1111111111111111,0.023961102589964867,0.16263355314731598,0,0.00026988983154296875,0.00027000982663594186
"batch2_128_255|(6,7)",batch2_128_255,1,6,7,"(6,7)",1,14,0.358974358974359,0.12886259040105194,0.025791607797145844,0.1726909726858139,0,0.0001819133758544922,0.00018204421212431043
"batch2_128_255|(6,7)",batch2_128_255,1,6,7,"(6,7)",1,15,0.38461538461538464,0.14792899408284024,0.027634693309664726,0.18250836431980133,0,0.00011420249938964844,0.0001141740067396313
"batch2_128_255|(6,7)",batch2_128_255,1,6,7,"(6,7)",1,16,0.41025641025641024,0.16831032215647598,0.02949529141187668,0.19219307601451874,0,5.173683166503906e-05,5.173289537196979e-05
"batch2_128_255|(6,7)",batch2_128_255,1,6,7,"(6,7)",1,17,0.4358974358974359,0.19000657462195925,0.0313740000128746,0.2017253339290619,1,-1.1205673217773438e-05,-1.1111497769888956e-05
