state,incoming_task,batch,pair_i,pair_j,pair,contains_7,k,hg_source,loss_source,loss,mu_norm,DeltaA_1st,DeltaA_finite,absolute_error,relative_abs_error,positive_finite,nonpositive_finite,pair_delta_theta_cum_pre,full_delta_theta_cum_pre,pair_delta_theta_cum_post,full_delta_theta_cum_post,pair_delta_theta_step,full_delta_theta_step,pair_theta_path_length,full_theta_path_length,A_before,A_after
theta3,T4,batch1_0_127,0,1,"(0, 1)",0,0,exact_replay_715_45760_tokens,T4_batch_128,7.913600921630859,8.241799354553223,0.0008672008407302201,0.0008671283721923828,7.246853783726692e-08,8.357302120566401e-05,1,0,0.0,0.0,0.0018638892797753215,0.014925841242074966,0.0018638892797753215,0.014925841242074966,0.0018638892797753215,0.014925841242074966,-0.9807305335998535,-0.9798634052276611
theta3,T4,batch1_0_127,0,1,"(0, 1)",0,1,exact_replay_715_45760_tokens,T4_batch_128,7.6865434646606445,8.15416145324707,0.000809594988822937,0.0008094906806945801,1.043081283569336e-07,0.00012885649068551653,1,0,0.0018638892797753215,0.014925841242074966,0.003694560145959258,0.029445437714457512,0.0018346955766901374,0.014542371034622192,0.003698584856465459,0.02946821227669716,-0.9660128951072693,-0.9652034044265747
theta3,T4,batch1_0_127,0,1,"(0, 1)",0,2,exact_replay_715_45760_tokens,T4_batch_128,7.474729537963867,8.046233177185059,0.0007593831978738308,0.0007593631744384766,2.0023435354232788e-08,2.6368720565149136e-05,1,0,0.003694560145959258,0.029445437714457512,0.005491336341947317,0.043407320976257324,0.001807600725442171,0.014016909524798393,0.00550618558190763,0.04348512180149555,-0.9567000865936279,-0.9559407234191895
theta3,T4,batch1_0_127,0,1,"(0, 1)",0,3,exact_replay_715_45760_tokens,T4_batch_128,7.276731491088867,7.946045875549316,0.0007165394490584731,0.0007165670394897461,2.759043127298355e-08,3.850362876393279e-05,1,0,0.005491336341947317,0.043407320976257324,0.007263782434165478,0.05697731673717499,0.0017918183002620935,0.01366452593356371,0.0072980038821697235,0.05714964773505926,-0.9520038366317749,-0.9512872695922852
theta3,T4,batch1_0_127,0,1,"(0, 1)",0,4,exact_replay_715_45760_tokens,T4_batch_128,7.101133823394775,7.86146354675293,0.0006720242090523243,0.0006719827651977539,4.1443854570388794e-08,6.167398438885932e-05,1,0,0.007263782434165478,0.05697731673717499,0.009014409966766834,0.0701916441321373,0.001781155471689999,0.01335932221263647,0.009079159353859723,0.07050896994769573,-0.9518144130706787,-0.951142430305481
theta3,T4,batch1_0_127,0,1,"(0, 1)",0,5,exact_replay_715_45760_tokens,T4_batch_128,6.927945613861084,7.778955936431885,0.0006370522314682603,0.0006371140480041504,6.181653589010239e-08,9.70258560202077e-05,1,0,0.009014409966766834,0.0701916441321373,0.010747874155640602,0.0829409658908844,0.0017762185307219625,0.012957046739757061,0.010855377884581685,0.0834660166874528,-0.9477076530456543,-0.9470705389976501
theta3,T4,batch1_0_127,0,1,"(0, 1)",0,6,exact_replay_715_45760_tokens,T4_batch_128,6.755712509155273,7.692422866821289,0.0006022677989676595,0.0006021857261657715,8.207280188798904e-08,0.00013629150994754033,1,0,0.010747874155640602,0.0829409658908844,0.012467162683606148,0.09530257433652878,0.0017767631215974689,0.012616164982318878,0.012632141006179154,0.09608218166977167,-0.9478142261505127,-0.9472120404243469
theta3,T4,batch1_0_127,0,1,"(0, 1)",0,7,exact_replay_715_45760_tokens,T4_batch_128,6.592895984649658,7.618670463562012,0.0005717098829336464,0.0005716681480407715,4.173489287495613e-08,7.300545433218643e-05,1,0,0.012467162683606148,0.09530257433652878,0.014179565012454987,0.1072891503572464,0.0017840479267761111,0.012303953059017658,0.014416188932955265,0.10838613472878933,-0.959509015083313,-0.9589373469352722
theta3,T4,batch1_0_127,0,1,"(0, 1)",0,8,exact_replay_715_45760_tokens,T4_batch_128,6.4376373291015625,7.548240661621094,0.0005330585991032422,0.000532984733581543,7.386552169919014e-08,0.00013858843798926414,1,0,0.014179565012454987,0.1072891503572464,0.01588698849081993,0.11892623454332352,0.0017951212357729673,0.012020361609756947,0.016211310168728232,0.12040649633854628,-0.9695979356765747,-0.9690649509429932
theta3,T4,batch1_0_127,0,1,"(0, 1)",0,9,exact_replay_715_45760_tokens,T4_batch_128,6.289098262786865,7.474396705627441,0.0004996423376724124,0.0004995465278625488,9.580980986356735e-08,0.00019179356580360338,1,0,0.01588698849081993,0.11892623454332352,0.017595995217561722,0.13025251030921936,0.0018114742124453187,0.011775764636695385,0.01802278438117355,0.13218226097524166,-0.9787274599075317,-0.9782279133796692
theta3,T4,batch1_0_127,0,1,"(0, 1)",0,10,exact_replay_715_45760_tokens,T4_batch_128,6.149105072021484,7.397614002227783,0.0004624506982509047,0.00046241283416748047,3.786408342421055e-08,8.188372083655581e-05,1,0,0.017595995217561722,0.13025251030921936,0.019308632239699364,0.14140933752059937,0.0018278524512425065,0.011645323596894741,0.019850636832416058,0.1438275845721364,-0.9874446392059326,-0.9869822263717651
theta3,T4,batch1_0_127,0,1,"(0, 1)",0,11,exact_replay_715_45760_tokens,T4_batch_128,6.014682769775391,7.330737590789795,0.00042915315134450793,0.0004290938377380371,5.931360647082329e-08,0.00013822991908598415,1,0,0.019308632239699364,0.14140933752059937,0.021028997376561165,0.1524144858121872,0.0018478300189599395,0.011544080451130867,0.021698466851375997,0.15537166502326727,-0.9927809238433838,-0.9923518300056458
theta3,T4,batch1_0_127,0,1,"(0, 1)",0,12,exact_replay_715_45760_tokens,T4_batch_128,5.877623081207275,7.263777256011963,0.0003963580820709467,0.00039637088775634766,1.280568540096283e-08,3.2307330827067666e-05,1,0,0.021028997376561165,0.1524144858121872,0.022755278274416924,0.1632174402475357,0.0018663950031623244,0.01139617245644331,0.02356486185453832,0.16676783747971058,-1.007151484489441,-1.0067551136016846
theta3,T4,batch1_0_127,0,1,"(0, 1)",0,13,exact_replay_715_45760_tokens,T4_batch_128,5.734676361083984,7.192894458770752,0.00035886483965441585,0.00035893917083740234,7.433118298649788e-08,0.00020708573771172369,1,0,0.022755278274416924,0.1632174402475357,0.02448447048664093,0.17383092641830444,0.0018827745225280523,0.011286410503089428,0.025447636377066374,0.1780542479828,-1.013258934020996,-1.0128999948501587
theta3,T4,batch1_0_127,0,1,"(0, 1)",0,14,exact_replay_715_45760_tokens,T4_batch_128,5.6021223068237305,7.132388591766357,0.00032192631624639034,0.00032198429107666016,5.797483026981354e-08,0.0001800548407997038,1,0,0.02448447048664093,0.17383092641830444,0.026216672733426094,0.18422812223434448,0.0018968236399814487,0.011122049763798714,0.027344460017047822,0.18917629774659872,-1.0205687284469604,-1.0202467441558838
theta3,T4,batch1_0_127,0,1,"(0, 1)",0,15,exact_replay_715_45760_tokens,T4_batch_128,5.475034713745117,7.074212074279785,0.00029095992795191705,0.00029098987579345703,2.994784153997898e-08,0.00010291712540966817,1,0,0.026216672733426094,0.18422812223434448,0.02795180305838585,0.19445115327835083,0.0019091690191999078,0.010974540375173092,0.02925362903624773,0.2001508381217718,-1.0340245962142944,-1.033733606338501
theta3,T4,batch1_0_127,0,1,"(0, 1)",0,16,exact_replay_715_45760_tokens,T4_batch_128,5.354169845581055,7.024378776550293,0.0002513036597520113,0.0002511739730834961,1.2968666851520538e-07,0.0005163220811580446,1,0,0.02795180305838585,0.19445115327835083,0.02968953549861908,0.20442849397659302,0.0019211764447391033,0.010780999436974525,0.031174805480986834,0.21093183755874634,-1.050145149230957,-1.0498939752578735
theta3,T4,batch1_0_127,0,1,"(0, 1)",0,17,exact_replay_715_45760_tokens,T4_batch_128,5.235811710357666,6.969851970672607,0.0002144806639989838,0.0002143383026123047,1.423613866791129e-07,0.0006641901374791435,1,0,0.02968953549861908,0.20442849397659302,0.03142732009291649,0.21424570679664612,0.0019276903476566076,0.010663236491382122,0.03310249582864344,0.22159507405012846,-1.0616381168365479,-1.0614237785339355
theta3,T4,batch1_0_127,0,1,"(0, 1)",0,18,exact_replay_715_45760_tokens,T4_batch_128,5.120977878570557,6.927832126617432,0.00017369622946716845,0.0001735687255859375,1.2750388123095036e-07,0.0007346017020089286,1,0,0.03142732009291649,0.21424570679664612,0.033162541687488556,0.22385939955711365,0.0019314030651003122,0.010507684201002121,0.03503389889374375,0.23210275825113058,-1.0727016925811768,-1.0725281238555908
theta3,T4,batch1_0_127,0,1,"(0, 1)",0,19,exact_replay_715_45760_tokens,T4_batch_128,5.01102352142334,6.88847017288208,0.00013876290176995099,0.00013875961303710938,3.2887328416109085e-09,2.370093696305842e-05,1,0,0.033162541687488556,0.22385939955711365,0.03489142656326294,0.2333274781703949,0.001928473822772503,0.010380410589277744,0.036962372716516256,0.24248316884040833,-1.0910630226135254,-1.0909242630004883
theta3,T4,batch1_0_127,0,1,"(0, 1)",0,20,exact_replay_715_45760_tokens,T4_batch_128,4.90197229385376,6.861636161804199,0.0001072052400559187,0.00010704994201660156,1.5529803931713104e-07,0.0014507064309576838,1,0,0.03489142656326294,0.2333274781703949,0.036611225455999374,0.24260669946670532,0.0019208912272006273,0.010203242301940918,0.038883263943716884,0.25268641114234924,-1.1114351749420166,-1.111328125
theta3,T4,batch1_0_127,0,1,"(0, 1)",0,21,exact_replay_715_45760_tokens,T4_batch_128,4.7983198165893555,6.825624465942383,7.170728349592537e-05,7.176399230957031e-05,5.670881364494562e-08,0.0007902126375622923,1,0,0.036611225455999374,0.24260669946670532,0.03831963241100311,0.2516751289367676,0.0019117222400382161,0.010008838027715683,0.0407949861837551,0.2626952491700649,-1.1339161396026611,-1.1338443756103516
theta3,T4,batch1_0_127,0,1,"(0, 1)",0,22,exact_replay_715_45760_tokens,T4_batch_128,4.700660705566406,6.800604820251465,3.582353383535519e-05,3.5762786865234375e-05,6.074697012081742e-08,0.0016986083984375,1,0,0.03831963241100311,0.2516751289367676,0.04001528397202492,0.26060178875923157,0.00190022774040699,0.009861002676188946,0.04269521392416209,0.27255625184625387,-1.156241774559021,-1.1562060117721558
theta3,T4,batch1_0_127,0,1,"(0, 1)",0,23,exact_replay_715_45760_tokens,T4_batch_128,4.6031293869018555,6.779016017913818,3.1359791137219872e-06,3.0994415283203125e-06,3.653758540167473e-08,0.011788441584660457,1,0,0.04001528397202492,0.26060178875923157,0.04169308394193649,0.26932233572006226,0.0018832107307389379,0.009666140191257,0.04457842465490103,0.28222239203751087,-1.176864504814148,-1.1768614053726196
theta3,T4,batch1_0_127,0,1,"(0, 1)",0,24,exact_replay_715_45760_tokens,T4_batch_128,4.508078575134277,6.7541184425354,-3.310031024739146e-05,-3.325939178466797e-05,1.5908153727650642e-07,0.0047830561155913975,0,1,0.04169308394193649,0.26932233572006226,0.04335165396332741,0.27787524461746216,0.0018644070951268077,0.009497720748186111,0.046442831750027835,0.291720112785697,-1.199728012084961,-1.1997612714767456
theta3,T4,batch1_0_127,0,1,"(0, 1)",0,25,exact_replay_715_45760_tokens,T4_batch_128,4.416295528411865,6.732609748840332,-7.391705003101379e-05,-7.414817810058594e-05,2.311280695721507e-07,0.003117110568227492,0,1,0.04335165396332741,0.27787524461746216,0.04498719796538353,0.28616470098495483,0.0018415739759802818,0.009244713000953197,0.04828440572600812,0.3009648257866502,-1.216164469718933,-1.2162386178970337
theta3,T4,batch1_0_127,0,1,"(0, 1)",0,26,exact_replay_715_45760_tokens,T4_batch_128,4.327182292938232,6.716779708862305,-0.00011183663445990533,-0.0001119375228881836,1.0088842827826738e-07,0.0009012923073083067,0,1,0.04498719796538353,0.28616470098495483,0.04659847915172577,0.29424527287483215,0.0018166752997785807,0.009035683237016201,0.0501010810257867,0.3100005090236664,-1.233773946762085,-1.2338858842849731
theta3,T4,batch1_0_127,0,1,"(0, 1)",0,27,exact_replay_715_45760_tokens,T4_batch_128,4.2455549240112305,6.708957195281982,-0.0001462801155867055,-0.00014638900756835938,1.0889198165386915e-07,0.0007438535410728827,0,1,0.04659847915172577,0.29424527287483215,0.04818335920572281,0.30211272835731506,0.0017883062828332186,0.008816003799438477,0.051889387308619916,0.31881651282310486,-1.2520312070846558,-1.2521775960922241
theta3,T4,batch1_0_127,0,1,"(0, 1)",0,28,exact_replay_715_45760_tokens,T4_batch_128,4.167324542999268,6.710396766662598,-0.0001840654731495306,-0.00018417835235595703,1.1287920642644167e-07,0.0006128798796521035,0,1,0.04818335920572281,0.30211272835731506,0.04973995313048363,0.3097652494907379,0.0017581748543307185,0.008602311834692955,0.053647562162950635,0.3274188246577978,-1.2716940641403198,-1.2718782424926758
theta3,T4,batch1_0_127,0,1,"(0, 1)",0,29,exact_replay_715_45760_tokens,T4_batch_128,4.092643737792969,6.709693431854248,-0.00021425957675091922,-0.0002143383026123047,7.872586138546467e-08,0.0003672972139182425,0,1,0.04973995313048363,0.3097652494907379,0.05126631259918213,0.31722381711006165,0.0017247911309823394,0.008396211080253124,0.055372353293932974,0.33581503573805094,-1.2923378944396973,-1.2925522327423096
theta3,T4,batch1_0_127,0,1,"(0, 1)",0,30,exact_replay_715_45760_tokens,T4_batch_128,4.021842002868652,6.705949783325195,-0.0002475587243679911,-0.00024771690368652344,1.5817931853234768e-07,0.0006385487472930703,0,1,0.05126631259918213,0.31722381711006165,0.05276184901595116,0.3244573771953583,0.0016912578139454126,0.008160357363522053,0.05706361110787839,0.343975393101573,-1.3097331523895264,-1.309980869293213
theta3,T4,batch1_0_127,0,1,"(0, 1)",0,31,exact_replay_715_45760_tokens,T4_batch_128,3.954444408416748,6.706765174865723,-0.00027548865182325244,-0.00027561187744140625,1.232256181538105e-07,0.0004470983591046713,0,1,0.05276184901595116,0.3244573771953583,0.054225821048021317,0.3314721882343292,0.001656522392295301,0.007928997278213501,0.05872013350017369,0.3519043903797865,-1.3245322704315186,-1.32480788230896
theta3,T4,batch1_0_127,0,1,"(0, 1)",0,32,exact_replay_715_45760_tokens,T4_batch_128,3.894613742828369,6.708491802215576,-0.00029772636480629444,-0.00029790401458740234,1.7764978110790253e-07,0.0005963322829131653,0,1,0.054225821048021317,0.3314721882343292,0.055658236145973206,0.33828672766685486,0.001620838651433587,0.007711456622928381,0.060340972151607275,0.3596158470027149,-1.3420711755752563,-1.3423690795898438
theta3,T4,batch1_0_127,0,1,"(0, 1)",0,33,exact_replay_715_45760_tokens,T4_batch_128,3.834097385406494,6.705471515655518,-0.00032139717950485647,-0.00032150745391845703,1.10274413600564e-07,0.00034299177906006674,0,1,0.055658236145973206,0.33828672766685486,0.057058047503232956,0.3448925316333771,0.001584930345416069,0.007491832133382559,0.061925902497023344,0.36710767913609743,-1.3620738983154297,-1.3623954057693481
theta3,T4,batch1_0_127,0,1,"(0, 1)",0,34,exact_replay_715_45760_tokens,T4_batch_128,3.7763495445251465,6.711202144622803,-0.00034630237496457994,-0.00034630298614501953,6.111804395914078e-10,1.7648719879518073e-06,0,1,0.057058047503232956,0.3448925316333771,0.05842599272727966,0.3512992858886719,0.001549741718918085,0.0072822244837880135,0.06347564421594143,0.37438990361988544,-1.3786073923110962,-1.3789536952972412
theta3,T4,batch1_0_127,0,1,"(0, 1)",0,35,exact_replay_715_45760_tokens,T4_batch_128,3.7232866287231445,6.715214252471924,-0.00036368993460200727,-0.0003638267517089844,1.3681710697710514e-07,0.0003760501566595675,0,1,0.05842599272727966,0.3512992858886719,0.059761274605989456,0.35750043392181396,0.0015135789290070534,0.007066220976412296,0.06498922314494848,0.38145612459629774,-1.3952314853668213,-1.3955953121185303
theta3,T4,batch1_0_127,0,1,"(0, 1)",0,36,exact_replay_715_45760_tokens,T4_batch_128,3.6737060546875,6.722543239593506,-0.0003775434161070734,-0.000377655029296875,1.1161318980157375e-07,0.00029554270734690656,0,1,0.059761274605989456,0.35750043392181396,0.06106417998671532,0.3635159134864807,0.0014771594433113933,0.006860865280032158,0.06646638258825988,0.3883169898763299,-1.4131819009780884,-1.4135595560073853
theta3,T4,batch1_0_127,0,1,"(0, 1)",0,37,exact_replay_715_45760_tokens,T4_batch_128,3.6271088123321533,6.7293381690979,-0.00038599150138907135,-0.0003859996795654297,8.17817635834217e-09,2.1187002972513897e-05,0,1,0.06106417998671532,0.3635159134864807,0.06233435496687889,0.3693513572216034,0.0014402928063645959,0.006662602536380291,0.06790667539462447,0.3949795924127102,-1.4314937591552734,-1.4318797588348389
theta3,T4,batch1_0_127,0,1,"(0, 1)",0,38,exact_replay_715_45760_tokens,T4_batch_128,3.583679676055908,6.737657070159912,-0.0004014864971395582,-0.00040161609649658203,1.2959935702383518e-07,0.0003226946284134758,0,1,0.06233435496687889,0.3693513572216034,0.0635727047920227,0.37501150369644165,0.0014049723977223039,0.0064726779237389565,0.06931164779234678,0.40145227033644915,-1.4462727308273315,-1.4466743469238281
theta3,T4,batch1_0_127,0,1,"(0, 1)",0,39,exact_replay_715_45760_tokens,T4_batch_128,3.542707920074463,6.744570255279541,-0.00041153383790515363,-0.00041162967681884766,9.583891369402409e-08,0.00023282799829858094,0,1,0.0635727047920227,0.37501150369644165,0.06478020548820496,0.38049766421318054,0.0013705785386264324,0.006286339834332466,0.07068222633097321,0.4077386101707816,-1.4630934000015259,-1.4635050296783447
theta3,T4,batch1_0_127,0,2,"(0, 2)",0,0,exact_replay_715_45760_tokens,T4_batch_128,8.48118782043457,8.241799354553223,0.0012750070309266448,0.0012749433517456055,6.367918103933334e-08,4.994667484805984e-05,1,0,0.0,0.0,0.001956795807927847,0.016512049362063408,0.001956795807927847,0.016512049362063408,0.001956795807927847,0.016512049362063408,-1.5370665788650513,-1.5357916355133057
theta3,T4,batch1_0_127,0,2,"(0, 2)",0,1,exact_replay_715_45760_tokens,T4_batch_128,8.200684547424316,8.090453147888184,0.0012327198637649417,0.0012326240539550781,9.580980986356735e-08,7.772833051257254e-05,1,0,0.001956795807927847,0.016512049362063408,0.0038764276541769505,0.032896850258111954,0.0019245647126808763,0.016413385048508644,0.003881360520608723,0.03292543441057205,-1.5362833738327026,-1.5350507497787476
theta3,T4,batch1_0_127,0,2,"(0, 2)",0,2,exact_replay_715_45760_tokens,T4_batch_128,7.936361312866211,7.913979530334473,0.0011812346056103706,0.0011811256408691406,1.0896474123001099e-07,9.22549959628583e-05,1,0,0.0038764276541769505,0.032896850258111954,0.005750608164817095,0.04868488013744354,0.001887570833787322,0.01585543528199196,0.005768931354396045,0.04878086969256401,-1.5322718620300293,-1.5310907363891602
theta3,T4,batch1_0_127,0,2,"(0, 2)",0,3,exact_replay_715_45760_tokens,T4_batch_128,7.6919050216674805,7.758634567260742,0.0011201663874089718,0.0011200904846191406,7.59027898311615e-08,6.776487335036186e-05,1,0,0.005750608164817095,0.04868488013744354,0.007582867052406073,0.06368575990200043,0.0018576245056465268,0.01512586884200573,0.007626555860042572,0.06390673853456974,-1.5316898822784424,-1.5305697917938232
theta3,T4,batch1_0_127,0,2,"(0, 2)",0,4,exact_replay_715_45760_tokens,T4_batch_128,7.475616455078125,7.623704433441162,0.0010531730949878693,0.0010529756546020508,1.9744038581848145e-07,0.00018750707573870711,1,0,0.007582867052406073,0.06368575990200043,0.009375561960041523,0.07789787650108337,0.001833536196500063,0.014414732344448566,0.009460092056542635,0.0783214708790183,-1.528865933418274,-1.5278129577636719
theta3,T4,batch1_0_127,0,2,"(0, 2)",0,5,exact_replay_715_45760_tokens,T4_batch_128,7.274421691894531,7.5044684410095215,0.0009962584590539336,0.000996232032775879,2.6426278054714203e-08,2.6526228012444656e-05,1,0,0.009375561960041523,0.07789787650108337,0.011136534623801708,0.09118690341711044,0.001818365417420864,0.013584942556917667,0.011278457473963499,0.09190641343593597,-1.5237735509872437,-1.5227773189544678
theta3,T4,batch1_0_127,0,2,"(0, 2)",0,6,exact_replay_715_45760_tokens,T4_batch_128,7.086514472961426,7.373804569244385,0.0009387889876961708,0.0009386539459228516,1.3504177331924438e-07,0.00014386747523495048,1,0,0.011136534623801708,0.09118690341711044,0.012873537838459015,0.10361266881227493,0.0018108311342075467,0.01282736286520958,0.013089288608171046,0.10473377630114555,-1.517943024635315,-1.517004370689392
theta3,T4,batch1_0_127,0,2,"(0, 2)",0,7,exact_replay_715_45760_tokens,T4_batch_128,6.924032211303711,7.24884033203125,0.0008770475396886468,0.0008767843246459961,2.632150426506996e-07,0.0003002050050985724,1,0,0.012873537838459015,0.10361266881227493,0.014595748856663704,0.11533977836370468,0.0018112023826688528,0.012234856374561787,0.014900490990839899,0.11696863267570734,-1.504395604133606,-1.50351881980896
theta3,T4,batch1_0_127,0,2,"(0, 2)",0,8,exact_replay_715_45760_tokens,T4_batch_128,6.772844314575195,7.146859645843506,0.000812423531897366,0.0008122920989990234,1.314328983426094e-07,0.00016180496954798943,1,0,0.014595748856663704,0.11533977836370468,0.016310881823301315,0.12638168036937714,0.001819428987801075,0.011715447530150414,0.016719919978640974,0.12868408020585775,-1.4808259010314941,-1.4800136089324951
theta3,T4,batch1_0_127,0,2,"(0, 2)",0,9,exact_replay_715_45760_tokens,T4_batch_128,6.6336140632629395,7.050069332122803,0.00076338741928339,0.0007634162902832031,2.8870999813079834e-08,3.781816052467208e-05,1,0,0.016310881823301315,0.12638168036937714,0.018026288598775864,0.1370314508676529,0.0018302109092473984,0.01141331996768713,0.018550130887888372,0.14009740017354488,-1.4650654792785645,-1.4643020629882812
theta3,T4,batch1_0_127,0,2,"(0, 2)",0,10,exact_replay_715_45760_tokens,T4_batch_128,6.503872871398926,6.972764492034912,0.000719638483133167,0.0007196664810180664,2.7997884899377823e-08,3.89039723786649e-05,1,0,0.018026288598775864,0.1370314508676529,0.019747581332921982,0.14744870364665985,0.0018447904149070382,0.011230731382966042,0.02039492130279541,0.15132813155651093,-1.4541383981704712,-1.4534187316894531
theta3,T4,batch1_0_127,0,2,"(0, 2)",0,11,exact_replay_715_45760_tokens,T4_batch_128,6.375743865966797,6.899325370788574,0.0006792301428504288,0.0006792545318603516,2.4389009922742844e-08,3.590555348367848e-05,1,0,0.019747581332921982,0.14744870364665985,0.021477507427334785,0.15768972039222717,0.0018613670254126191,0.011080501601099968,0.02225628832820803,0.1624086331576109,-1.4385817050933838,-1.4379024505615234
theta3,T4,batch1_0_127,0,2,"(0, 2)",0,12,exact_replay_715_45760_tokens,T4_batch_128,6.251092433929443,6.820227146148682,0.0006444550235755742,0.0006444454193115234,9.604264050722122e-09,1.4903145810210876e-05,1,0,0.021477507427334785,0.15768972039222717,0.023215869441628456,0.16781462728977203,0.001876787398941815,0.010966453701257706,0.024133075727149844,0.1733750868588686,-1.4193556308746338,-1.4187111854553223
theta3,T4,batch1_0_127,0,2,"(0, 2)",0,13,exact_replay_715_45760_tokens,T4_batch_128,6.1276750564575195,6.7554030418396,0.0005985104362480342,0.0005984306335449219,7.980270311236382e-08,0.00013335330552788845,1,0,0.023215869441628456,0.16781462728977203,0.024958986788988113,0.17778907716274261,0.0018906885525211692,0.010840091854333878,0.026023764279671013,0.18421517871320248,-1.4098520278930664,-1.4092535972595215
theta3,T4,batch1_0_127,0,2,"(0, 2)",0,14,exact_replay_715_45760_tokens,T4_batch_128,6.007465362548828,6.687478542327881,0.0005487701273523271,0.0005488395690917969,6.944173946976662e-08,0.00012652465926368375,1,0,0.024958986788988113,0.17778907716274261,0.026708368211984634,0.18756642937660217,0.0019074146402999759,0.010675014927983284,0.02793117891997099,0.19489019364118576,-1.3912253379821777,-1.390676498413086
theta3,T4,batch1_0_127,0,2,"(0, 2)",0,15,exact_replay_715_45760_tokens,T4_batch_128,5.894698143005371,6.627821922302246,0.0005087577155791223,0.0005087852478027344,2.7532223612070084e-08,5.411364368556701e-05,1,0,0.026708368211984634,0.18756642937660217,0.028465084731578827,0.19714084267616272,0.001922307419590652,0.01047888770699501,0.02985348633956164,0.20536908134818077,-1.3813503980636597,-1.380841612815857
theta3,T4,batch1_0_127,0,2,"(0, 2)",0,16,exact_replay_715_45760_tokens,T4_batch_128,5.789640426635742,6.571871280670166,0.0004659678088501096,0.0004658699035644531,9.790528565645218e-08,0.00021015585017911974,1,0,0.028465084731578827,0.19714084267616272,0.030230116099119186,0.2065238058567047,0.001938413130119443,0.010317307896912098,0.031791899469681084,0.21568638924509287,-1.376110315322876,-1.3756444454193115
theta3,T4,batch1_0_127,0,2,"(0, 2)",0,17,exact_replay_715_45760_tokens,T4_batch_128,5.685861587524414,6.522767543792725,0.00042838198714889586,0.0004284381866455078,5.619949661195278e-08,0.0001311729401432944,1,0,0.030230116099119186,0.2065238058567047,0.03200448304414749,0.21584267914295197,0.0019559203647077084,0.010278607718646526,0.03374781983438879,0.2259649969637394,-1.3702325820922852,-1.3698041439056396
theta3,T4,batch1_0_127,0,2,"(0, 2)",0,18,exact_replay_715_45760_tokens,T4_batch_128,5.577202796936035,6.472636699676514,0.0003976051229983568,0.0003974437713623047,1.6135163605213165e-07,0.0004059734928014397,1,0,0.03200448304414749,0.21584267914295197,0.03378736600279808,0.22504408657550812,0.001971140969544649,0.010171578265726566,0.03571896080393344,0.23613657522946596,-1.3635733127593994,-1.363175868988037
theta3,T4,batch1_0_127,0,2,"(0, 2)",0,19,exact_replay_715_45760_tokens,T4_batch_128,5.470733642578125,6.427639961242676,0.00035589520120993257,0.0003560781478881836,1.8294667825102806e-07,0.000513782379896217,1,0,0.03378736600279808,0.22504408657550812,0.03557420149445534,0.23409295082092285,0.001982717076316476,0.010040677152574062,0.03770167788024992,0.24617725238204002,-1.3645358085632324,-1.3641797304153442
theta3,T4,batch1_0_127,0,2,"(0, 2)",0,20,exact_replay_715_45760_tokens,T4_batch_128,5.367082118988037,6.38350772857666,0.0003144220099784434,0.00031447410583496094,5.209585651755333e-08,0.00016566024213419256,1,0,0.03557420149445534,0.23409295082092285,0.03736463561654091,0.2429780662059784,0.001993376761674881,0.009915334172546864,0.0396950546419248,0.2560925865545869,-1.367095708847046,-1.366781234741211
theta3,T4,batch1_0_127,0,2,"(0, 2)",0,21,exact_replay_715_45760_tokens,T4_batch_128,5.266878604888916,6.346317291259766,0.0002716585004236549,0.00027179718017578125,1.386797521263361e-07,0.0005102324904057017,1,0,0.03736463561654091,0.2429780662059784,0.03915732353925705,0.2516885995864868,0.0020012736786156893,0.009776663966476917,0.04169632832054049,0.2658692505210638,-1.372955560684204,-1.3726837635040283
theta3,T4,batch1_0_127,0,2,"(0, 2)",0,22,exact_replay_715_45760_tokens,T4_batch_128,5.169195175170898,6.319998741149902,0.00022067669488023967,0.0002206563949584961,2.0299921743571758e-08,9.199788543354943e-05,1,0,0.03915732353925705,0.2516885995864868,0.04095157980918884,0.26020172238349915,0.0020092951599508524,0.009646452032029629,0.04370562348049134,0.27551570255309343,-1.385452151298523,-1.3852314949035645
theta3,T4,batch1_0_127,0,2,"(0, 2)",0,23,exact_replay_715_45760_tokens,T4_batch_128,5.080460548400879,6.297231197357178,0.00017492401821073145,0.00017499923706054688,7.521884981542826e-08,0.0004298238728286785,1,0,0.04095157980918884,0.26020172238349915,0.042746637016534805,0.26852625608444214,0.002015633275732398,0.009501942433416843,0.04572125675622374,0.2850176449865103,-1.400761604309082,-1.4005866050720215
theta3,T4,batch1_0_127,0,2,"(0, 2)",0,24,exact_replay_715_45760_tokens,T4_batch_128,4.990483283996582,6.27907657623291,0.000150794890942052,0.00015079975128173828,4.8603396862745285e-09,3.2230422430830036e-05,1,0,0.042746637016534805,0.26852625608444214,0.04453938454389572,0.27669739723205566,0.0020146016031503677,0.009359852410852909,0.047735858359374106,0.2943774973973632,-1.417894721031189,-1.4177439212799072
theta3,T4,batch1_0_127,0,2,"(0, 2)",0,25,exact_replay_715_45760_tokens,T4_batch_128,4.901796340942383,6.27117919921875,0.00013040918565820903,0.0001304149627685547,5.77711034566164e-09,4.429791047760512e-05,1,0,0.04453938454389572,0.27669739723205566,0.04632771760225296,0.28468719124794006,0.0020109249744564295,0.009195751510560513,0.049746783333830535,0.3035732489079237,-1.4453125,-1.4451820850372314
theta3,T4,batch1_0_127,0,2,"(0, 2)",0,26,exact_replay_715_45760_tokens,T4_batch_128,4.817958354949951,6.259140491485596,9.611833229428157e-05,9.608268737792969e-05,3.5644916351884604e-08,0.00037098167551954096,1,0,0.04632771760225296,0.28468719124794006,0.04811094328761101,0.2925049960613251,0.002006620867177844,0.009047232568264008,0.05175340420100838,0.3126204814761877,-1.4745144844055176,-1.4744184017181396
theta3,T4,batch1_0_127,0,2,"(0, 2)",0,27,exact_replay_715_45760_tokens,T4_batch_128,4.733891010284424,6.254894733428955,6.600496999453753e-05,6.592273712158203e-05,8.223287295550108e-08,0.001247412904046112,1,0,0.04811094328761101,0.2925049960613251,0.04988676309585571,0.3001861274242401,0.001999413361772895,0.008915199898183346,0.053752817562781274,0.32153568137437105,-1.504787802696228,-1.5047218799591064
theta3,T4,batch1_0_127,0,2,"(0, 2)",0,28,exact_replay_715_45760_tokens,T4_batch_128,4.651544094085693,6.242541790008545,3.921087409253232e-05,3.910064697265625e-05,1.1022711987607181e-07,0.002819061279296875,1,0,0.04988676309585571,0.3001861274242401,0.051652442663908005,0.3077189326286316,0.0019887317903339863,0.008777954615652561,0.05574154935311526,0.3303136359900236,-1.5341253280639648,-1.5340862274169922
theta3,T4,batch1_0_127,0,2,"(0, 2)",0,29,exact_replay_715_45760_tokens,T4_batch_128,4.577775001525879,6.237667560577393,1.725324909784831e-05,1.71661376953125e-05,8.711140253581107e-08,0.0050746070014105905,1,0,0.051652442663908005,0.3077189326286316,0.0534062422811985,0.31510892510414124,0.001975895604118705,0.008642246015369892,0.057717444957233965,0.3389558820053935,-1.56625497341156,-1.5662378072738647
theta3,T4,batch1_0_127,0,2,"(0, 2)",0,30,exact_replay_715_45760_tokens,T4_batch_128,4.502038955688477,6.230456829071045,-1.1342635843902826e-05,-1.1324882507324219e-05,1.775333657860756e-08,0.001567639802631579,0,1,0.0534062422811985,0.31510892510414124,0.055146269500255585,0.3223583698272705,0.001960612600669265,0.008505009114742279,0.05967805755790323,0.3474608911201358,-1.604121446609497,-1.6041327714920044
theta3,T4,batch1_0_127,0,2,"(0, 2)",0,31,exact_replay_715_45760_tokens,T4_batch_128,4.431814670562744,6.225053310394287,-2.9917326173745096e-05,-3.0040740966796875e-05,1.2341479305177927e-07,0.004108247302827381,0,1,0.055146269500255585,0.3223583698272705,0.05687042325735092,0.3295055031776428,0.0019421553006395698,0.008382673375308514,0.0616202128585428,0.3558435644954443,-1.6372997760772705,-1.6373298168182373
theta3,T4,batch1_0_127,0,2,"(0, 2)",0,32,exact_replay_715_45760_tokens,T4_batch_128,4.361098289489746,6.22391414642334,-6.918694998603314e-05,-6.937980651855469e-05,1.928565325215459e-07,0.002779721394437285,0,1,0.05687042325735092,0.3295055031776428,0.058576397597789764,0.3365280330181122,0.001922906143590808,0.008247271180152893,0.06354311900213361,0.3640908356755972,-1.669177770614624,-1.6692471504211426
theta3,T4,batch1_0_127,0,2,"(0, 2)",0,33,exact_replay_715_45760_tokens,T4_batch_128,4.293546199798584,6.223536491394043,-8.737981988815591e-05,-8.749961853027344e-05,1.197986421175301e-07,0.0013691333074335832,0,1,0.058576397597789764,0.3365280330181122,0.060262296348810196,0.3434261083602905,0.0018999554449692369,0.008117912337183952,0.06544307444710284,0.37220874801278114,-1.697474479675293,-1.6975619792938232
theta3,T4,batch1_0_127,0,2,"(0, 2)",0,34,exact_replay_715_45760_tokens,T4_batch_128,4.228034973144531,6.226274490356445,-0.00011909694876521826,-0.00011932849884033203,2.3155007511377335e-07,0.0019404423701298702,0,1,0.060262296348810196,0.3434261083602905,0.06192605197429657,0.35017839074134827,0.0018741288222372532,0.007961218245327473,0.0673172032693401,0.3801699662581086,-1.7338656187057495,-1.7339849472045898
theta3,T4,batch1_0_127,0,2,"(0, 2)",0,35,exact_replay_715_45760_tokens,T4_batch_128,4.163663864135742,6.2350592613220215,-0.00014996554818935692,-0.0001499652862548828,2.6193447411060333e-10,1.7466340421303657e-06,0,1,0.06192605197429657,0.35017839074134827,0.0635671466588974,0.3568095266819,0.0018480108119547367,0.007818670012056828,0.06916521408129483,0.38798863627016544,-1.7845852375030518,-1.7847352027893066
theta3,T4,batch1_0_127,0,2,"(0, 2)",0,36,exact_replay_715_45760_tokens,T4_batch_128,4.101567268371582,6.248331069946289,-0.00016686729213688523,-0.00016677379608154297,9.349605534225702e-08,0.0005606159812812724,0,1,0.0635671466588974,0.3568095266819,0.06518391519784927,0.3633078336715698,0.0018198532052338123,0.007664555683732033,0.07098506728652865,0.3956531919538975,-1.830790400505066,-1.8309571743011475
theta3,T4,batch1_0_127,0,2,"(0, 2)",0,37,exact_replay_715_45760_tokens,T4_batch_128,4.043292045593262,6.262085437774658,-0.0001909757120301947,-0.00019097328186035156,2.4301698431372643e-09,1.2725182389201e-05,0,1,0.06518391519784927,0.3633078336715698,0.06677547097206116,0.3696807026863098,0.0017912328476086259,0.007518201135098934,0.07277630013413727,0.4031713930889964,-1.8764407634735107,-1.876631736755371
theta3,T4,batch1_0_127,0,2,"(0, 2)",0,38,exact_replay_715_45760_tokens,T4_batch_128,3.9860191345214844,6.278083324432373,-0.0002120959252351895,-0.0002124309539794922,3.3502874430269003e-07,0.0015771182966820988,0,1,0.06677547097206116,0.3696807026863098,0.06834088265895844,0.37591952085494995,0.0017611730145290494,0.007363586686551571,0.07453747314866632,0.410534979775548,-1.927490234375,-1.9277026653289795
theta3,T4,batch1_0_127,0,2,"(0, 2)",0,39,exact_replay_715_45760_tokens,T4_batch_128,3.931546688079834,6.289238929748535,-0.00024128553923219442,-0.00024139881134033203,1.1327210813760757e-07,0.00046923225308641975,0,1,0.06834088265895844,0.37591952085494995,0.06987974792718887,0.38204047083854675,0.0017307031666859984,0.007219553459435701,0.07626817631535232,0.4177545332349837,-1.9699757099151611,-1.9702171087265015
theta3,T4,batch1_0_127,0,3,"(0, 3)",0,0,exact_replay_715_45760_tokens,T4_batch_128,8.401613235473633,8.241799354553223,0.0011399216018617153,0.0011397600173950195,1.6158446669578552e-07,0.00014177060453927413,1,0,0.0,0.0,0.0020399356726557016,0.015911439433693886,0.0020399356726557016,0.015911439433693886,0.0020399356726557016,0.015911439433693886,-1.2482247352600098,-1.2470849752426147
theta3,T4,batch1_0_127,0,3,"(0, 3)",0,1,exact_replay_715_45760_tokens,T4_batch_128,8.141677856445312,8.10769271850586,0.0010358281433582306,0.0010356903076171875,1.3783574104309082e-07,0.0001330858655616943,1,0,0.0020399356726557016,0.015911439433693886,0.004032992757856846,0.031212521716952324,0.0019981618970632553,0.015326447784900665,0.004038097569718957,0.03123788721859455,-1.2069222927093506,-1.2058866024017334
theta3,T4,batch1_0_127,0,3,"(0, 3)",0,2,exact_replay_715_45760_tokens,T4_batch_128,7.898940563201904,7.961578845977783,0.0009489881340414286,0.0009489059448242188,8.218921720981598e-08,8.66147141959799e-05,1,0,0.004032992757856846,0.031212521716952324,0.005977816879749298,0.045830123126506805,0.001958901295438409,0.01468017790466547,0.005996998865157366,0.04591806512326002,-1.1687695980072021,-1.167820692062378
theta3,T4,batch1_0_127,0,3,"(0, 3)",0,3,exact_replay_715_45760_tokens,T4_batch_128,7.691432952880859,7.824443340301514,0.0008702518534846604,0.0008702278137207031,2.403976395726204e-08,2.7624678938356163e-05,1,0,0.005977816879749298,0.045830123126506805,0.007883808575570583,0.059825699776411057,0.0019312878139317036,0.01410781592130661,0.00792828667908907,0.06002588104456663,-1.1308488845825195,-1.1299786567687988
theta3,T4,batch1_0_127,0,3,"(0, 3)",0,4,exact_replay_715_45760_tokens,T4_batch_128,7.485502243041992,7.7054762840271,0.0007882661884650588,0.0007882118225097656,5.436595529317856e-08,6.897378818814277e-05,1,0,0.007883808575570583,0.059825699776411057,0.009752769023180008,0.07316559553146362,0.0019085579551756382,0.013516193255782127,0.009836844634264708,0.07354207430034876,-1.0932602882385254,-1.0924720764160156
theta3,T4,batch1_0_127,0,3,"(0, 3)",0,5,exact_replay_715_45760_tokens,T4_batch_128,7.306729316711426,7.590768337249756,0.0007220972911454737,0.000722050666809082,4.662433639168739e-08,6.45721118127786e-05,1,0,0.009752769023180008,0.07316559553146362,0.011596626602113247,0.08601880073547363,0.0018983829068019986,0.013102477416396141,0.011735227541066706,0.0866445517167449,-1.069377064704895,-1.068655014038086
theta3,T4,batch1_0_127,0,3,"(0, 3)",0,6,exact_replay_715_45760_tokens,T4_batch_128,7.132212162017822,7.492703437805176,0.0006568125099875033,0.0006567239761352539,8.853385224938393e-08,0.00013481135982029406,1,0,0.011596626602113247,0.08601880073547363,0.01341535896062851,0.09826108068227768,0.0018895836547017097,0.012573064304888248,0.013624811195768416,0.09921761602163315,-1.0479587316513062,-1.047302007675171
theta3,T4,batch1_0_127,0,3,"(0, 3)",0,7,exact_replay_715_45760_tokens,T4_batch_128,6.977078437805176,7.397669315338135,0.0006022442248649895,0.0006022453308105469,1.1059455573558807e-09,1.8363704968329375e-06,1,0,0.01341535896062851,0.09826108068227768,0.015218761749565601,0.10990682244300842,0.0018892715452238917,0.012080629356205463,0.015514082740992308,0.11129824537783861,-1.024674892425537,-1.0240726470947266
theta3,T4,batch1_0_127,0,3,"(0, 3)",0,8,exact_replay_715_45760_tokens,T4_batch_128,6.828598976135254,7.311099529266357,0.000548002659343183,0.0005480051040649414,2.444721758365631e-09,4.461129541005003e-06,1,0,0.015218761749565601,0.10990682244300842,0.01701267994940281,0.12110798060894012,0.0018961295718327165,0.011743430979549885,0.017410212312825024,0.1230416763573885,-1.0083060264587402,-1.0077580213546753
theta3,T4,batch1_0_127,0,3,"(0, 3)",0,9,exact_replay_715_45760_tokens,T4_batch_128,6.687458038330078,7.234424114227295,0.0004975883639417589,0.0004976987838745117,1.1041993275284767e-07,0.00022186096556886227,1,0,0.01701267994940281,0.12110798060894012,0.01880262978374958,0.13187472522258759,0.001907074823975563,0.011410140432417393,0.019317287136800587,0.1344518167898059,-0.9949241876602173,-0.9944264888763428
theta3,T4,batch1_0_127,0,3,"(0, 3)",0,10,exact_replay_715_45760_tokens,T4_batch_128,6.554739952087402,7.154840469360352,0.00046050091623328626,0.00046056509017944336,6.417394615709782e-08,0.00013933740859971527,1,0,0.01880262978374958,0.13187472522258759,0.02059326134622097,0.1423412412405014,0.0019189887680113316,0.01118507981300354,0.02123627590481192,0.14563689660280943,-0.9796901345252991,-0.9792295694351196
theta3,T4,batch1_0_127,0,3,"(0, 3)",0,11,exact_replay_715_45760_tokens,T4_batch_128,6.420001983642578,7.089835166931152,0.00041646751924417913,0.0004165172576904297,4.97384462505579e-08,0.00011941509104894105,1,0,0.02059326134622097,0.1423412412405014,0.02238464169204235,0.15247845649719238,0.001932153245434165,0.010938078165054321,0.023168429150246084,0.15657497476786375,-0.9630649089813232,-0.9626483917236328
theta3,T4,batch1_0_127,0,3,"(0, 3)",0,12,exact_replay_715_45760_tokens,T4_batch_128,6.2977495193481445,7.033291339874268,0.0003760074614547193,0.0003758668899536133,1.405715011060238e-07,0.0003739927747383444,1,0,0.02238464169204235,0.15247845649719238,0.02417892776429653,0.16245129704475403,0.0019462609197944403,0.010863082483410835,0.025114690070040524,0.16743805725127459,-0.9506819248199463,-0.9503060579299927
theta3,T4,batch1_0_127,0,3,"(0, 3)",0,13,exact_replay_715_45760_tokens,T4_batch_128,6.176955699920654,6.976310729980469,0.00034895335556939244,0.0003489851951599121,3.183959051966667e-08,9.123478864218617e-05,1,0,0.02417892776429653,0.16245129704475403,0.0259793009608984,0.17224223911762238,0.0019605644047260284,0.010717547498643398,0.027075254474766552,0.17815560474991798,-0.945678174495697,-0.9453291893005371
theta3,T4,batch1_0_127,0,3,"(0, 3)",0,14,exact_replay_715_45760_tokens,T4_batch_128,6.055740833282471,6.9116950035095215,0.00031754624797031283,0.00031763315200805664,8.690403774380684e-08,0.0002735987638393695,1,0,0.0259793009608984,0.17224223911762238,0.02778409607708454,0.18181388080120087,0.0019730699714273214,0.010539364069700241,0.029048324446193874,0.18869496881961823,-0.93733811378479,-0.937020480632782
theta3,T4,batch1_0_127,0,3,"(0, 3)",0,15,exact_replay_715_45760_tokens,T4_batch_128,5.941536903381348,6.861243724822998,0.0002783134113997221,0.00027823448181152344,7.89295881986618e-08,0.0002836801092544987,1,0,0.02778409607708454,0.18181388080120087,0.029591165482997894,0.1911817193031311,0.0019863934721797705,0.01039707288146019,0.031034717918373644,0.19909204170107841,-0.9314267039299011,-0.9311484694480896
theta3,T4,batch1_0_127,0,3,"(0, 3)",0,16,exact_replay_715_45760_tokens,T4_batch_128,5.830913066864014,6.804224491119385,0.00024383096024394035,0.00024390220642089844,7.12461769580841e-08,0.00029210960410557186,1,0,0.029591165482997894,0.1911817193031311,0.03140106424689293,0.20032815635204315,0.0019975423347204924,0.010208365507423878,0.03303226025309414,0.2093004072085023,-0.9284267425537109,-0.92818284034729
theta3,T4,batch1_0_127,0,3,"(0, 3)",0,17,exact_replay_715_45760_tokens,T4_batch_128,5.725176811218262,6.756407260894775,0.0002174444671254605,0.0002173781394958496,6.632762961089611e-08,0.0003051255741020016,1,0,0.03140106424689293,0.20032815635204315,0.03321264311671257,0.2092185914516449,0.0020058189984411,0.009986895136535168,0.03503807925153524,0.21928730234503746,-0.9263438582420349,-0.9261264801025391
theta3,T4,batch1_0_127,0,3,"(0, 3)",0,18,exact_replay_715_45760_tokens,T4_batch_128,5.62841796875,6.71816349029541,0.00018449194612912834,0.00018453598022460938,4.4034095481038094e-08,0.00023862064962855298,1,0,0.03321264311671257,0.2092185914516449,0.03502461686730385,0.21787291765213013,0.0020144518930464983,0.009803916327655315,0.037052531144581735,0.22909121867269278,-0.9268805980682373,-0.9266960620880127
theta3,T4,batch1_0_127,0,3,"(0, 3)",0,19,exact_replay_715_45760_tokens,T4_batch_128,5.529086589813232,6.679609775543213,0.00015085098857525736,0.00015079975128173828,5.1237293519079685e-08,0.00033977041131422924,1,0,0.03502461686730385,0.21787291765213013,0.03683886304497719,0.22630146145820618,0.002024028915911913,0.009624496102333069,0.03907656006049365,0.23871571477502584,-0.9322712421417236,-0.9321204423904419
theta3,T4,batch1_0_127,0,3,"(0, 3)",0,20,exact_replay_715_45760_tokens,T4_batch_128,5.431928634643555,6.646841526031494,0.00012371058983262628,0.00012362003326416016,9.055656846612692e-08,0.0007325395898625844,1,0,0.03683886304497719,0.22630146145820618,0.03865116089582443,0.23455259203910828,0.0020274987909942865,0.009484846144914627,0.041104058851487935,0.24820056091994047,-0.939684271812439,-0.9395606517791748
theta3,T4,batch1_0_127,0,3,"(0, 3)",0,21,exact_replay_715_45760_tokens,T4_batch_128,5.341082572937012,6.6200032234191895,9.796286030905321e-05,9.79304313659668e-05,3.242894308641553e-08,0.0003311426553940962,1,0,0.03865116089582443,0.23455259203910828,0.040463656187057495,0.24271012842655182,0.0020314359571784735,0.009399468079209328,0.04313549480866641,0.2576000289991498,-0.9479102492332458,-0.9478123188018799
theta3,T4,batch1_0_127,0,3,"(0, 3)",0,22,exact_replay_715_45760_tokens,T4_batch_128,5.255316734313965,6.59522008895874,8.704154606675729e-05,8.696317672729492e-05,7.836933946236968e-08,0.0009011784345013708,1,0,0.040463656187057495,0.24271012842655182,0.0422762855887413,0.2508002817630768,0.0020327104721218348,0.009332546032965183,0.04516820528078824,0.266932575032115,-0.9567838311195374,-0.9566968679428101
theta3,T4,batch1_0_127,0,3,"(0, 3)",0,23,exact_replay_715_45760_tokens,T4_batch_128,5.1639227867126465,6.574510097503662,6.155503069749102e-05,6.151199340820312e-05,4.3037289287894964e-08,0.0006996568783309108,1,0,0.0422762855887413,0.2508002817630768,0.04408586025238037,0.2588076889514923,0.002033042022958398,0.009259700775146484,0.04720124730374664,0.27619227580726147,-0.9702978134155273,-0.9702363014221191
theta3,T4,batch1_0_127,0,3,"(0, 3)",0,24,exact_replay_715_45760_tokens,T4_batch_128,5.076961994171143,6.554403305053711,4.443452417035587e-05,4.4405460357666016e-05,2.9063812689855695e-08,0.0006545098835989933,1,0,0.04408586025238037,0.2588076889514923,0.04589099809527397,0.26678466796875,0.002030583331361413,0.009214268997311592,0.049231830635108054,0.28540654480457306,-0.9848035573959351,-0.9847591519355774
theta3,T4,batch1_0_127,0,3,"(0, 3)",0,25,exact_replay_715_45760_tokens,T4_batch_128,4.99501895904541,6.542683124542236,2.4480852516717277e-05,2.4318695068359375e-05,1.6215744835790247e-07,0.0066680160223269,1,0,0.04589099809527397,0.26678466796875,0.0476917028427124,0.27474886178970337,0.0020281169563531876,0.009193368256092072,0.05125994759146124,0.29459991306066513,-1.003250002861023,-1.0032256841659546
theta3,T4,batch1_0_127,0,3,"(0, 3)",0,26,exact_replay_715_45760_tokens,T4_batch_128,4.90949821472168,6.536454677581787,4.998948952561477e-06,5.0067901611328125e-06,7.8412085713353e-09,0.0015661148797898065,1,0,0.0476917028427124,0.27474886178970337,0.049484021961688995,0.2826147675514221,0.0020216493867337704,0.00909473653882742,0.05328159697819501,0.30369464959949255,-1.0222586393356323,-1.0222536325454712
theta3,T4,batch1_0_127,0,3,"(0, 3)",0,27,exact_replay_715_45760_tokens,T4_batch_128,4.826708793640137,6.524096488952637,-2.294732621521689e-05,-2.300739288330078e-05,6.006666808389127e-08,0.0026107550902687822,0,1,0.049484021961688995,0.2826147675514221,0.0512668751180172,0.29035618901252747,0.0020155017264187336,0.00898130051791668,0.055297098704613745,0.31267595011740923,-1.0427724123001099,-1.0427954196929932
theta3,T4,batch1_0_127,0,3,"(0, 3)",0,28,exact_replay_715_45760_tokens,T4_batch_128,4.744183540344238,6.518486499786377,-3.757316153496504e-05,-3.7550926208496094e-05,2.223532646894455e-08,0.0005921378968253968,0,1,0.0512668751180172,0.29035618901252747,0.05303702875971794,0.29797083139419556,0.0020040906965732574,0.008856750093400478,0.057301189401187,0.3215327002108097,-1.0664619207382202,-1.0664994716644287
theta3,T4,batch1_0_127,0,3,"(0, 3)",0,29,exact_replay_715_45760_tokens,T4_batch_128,4.665149211883545,6.513453006744385,-5.581026925938204e-05,-5.602836608886719e-05,2.180968294851482e-07,0.003892614486369681,0,1,0.05303702875971794,0.29797083139419556,0.054793551564216614,0.3054707646369934,0.0019914908334612846,0.008740106597542763,0.05929268023464829,0.33027280680835247,-1.086735725402832,-1.086791753768921
theta3,T4,batch1_0_127,0,3,"(0, 3)",0,30,exact_replay_715_45760_tokens,T4_batch_128,4.588222503662109,6.513309001922607,-7.452756108250469e-05,-7.450580596923828e-05,2.1755113266408443e-08,0.0002919921875,0,1,0.054793551564216614,0.3054707646369934,0.05653553456068039,0.3128468990325928,0.0019772115629166365,0.0086106201633811,0.061269891797564924,0.33888342697173357,-1.1072698831558228,-1.107344388961792
theta3,T4,batch1_0_127,0,3,"(0, 3)",0,31,exact_replay_715_45760_tokens,T4_batch_128,4.516354084014893,6.514199256896973,-9.742779366206378e-05,-9.739398956298828e-05,3.38040990754962e-08,0.000347086090498776,0,1,0.05653553456068039,0.3128468990325928,0.058263398706912994,0.32010018825531006,0.001964009366929531,0.008489285595715046,0.06323390116449445,0.3473727125674486,-1.1295510530471802,-1.1296484470367432
theta3,T4,batch1_0_127,0,3,"(0, 3)",0,32,exact_replay_715_45760_tokens,T4_batch_128,4.44276237487793,6.517992973327637,-0.0001160939791589044,-0.00011622905731201172,1.350781531073153e-07,0.0011621719751602564,0,1,0.058263398706912994,0.32010018825531006,0.05997283011674881,0.3272150158882141,0.0019454533467069268,0.00834572035819292,0.06517935451120138,0.35571843292564154,-1.15156888961792,-1.151685118675232
theta3,T4,batch1_0_127,0,3,"(0, 3)",0,33,exact_replay_715_45760_tokens,T4_batch_128,4.371162414550781,6.525999069213867,-0.00013478132314048707,-0.00013506412506103516,2.828019205480814e-07,0.0020938344687775816,0,1,0.05997283011674881,0.3272150158882141,0.06166200339794159,0.33420827984809875,0.0019239519024267793,0.0082109235227108,0.06710330641362816,0.36392935644835234,-1.1767245531082153,-1.1768596172332764
theta3,T4,batch1_0_127,0,3,"(0, 3)",0,34,exact_replay_715_45760_tokens,T4_batch_128,4.302051544189453,6.529806137084961,-0.0001617531816009432,-0.00016176700592041016,1.382431946694851e-08,8.545821435151068e-05,0,1,0.06166200339794159,0.33420827984809875,0.06332962214946747,0.3410820960998535,0.0019018425373360515,0.008076314814388752,0.06900514895096421,0.3720056712627411,-1.2007454633712769,-1.2009072303771973
theta3,T4,batch1_0_127,0,3,"(0, 3)",0,35,exact_replay_715_45760_tokens,T4_batch_128,4.237288475036621,6.543952941894531,-0.00018138127052225173,-0.00018143653869628906,5.52681740373373e-08,0.0003046143540571616,0,1,0.06332962214946747,0.3410820960998535,0.06497547030448914,0.3478212058544159,0.0018792900955304503,0.007933706976473331,0.07088443904649466,0.3799393782392144,-1.2264891862869263,-1.2266706228256226
theta3,T4,batch1_0_127,0,3,"(0, 3)",0,36,exact_replay_715_45760_tokens,T4_batch_128,4.173312187194824,6.561033248901367,-0.0002064423606498167,-0.00020635128021240234,9.108043741434813e-08,0.0004413853760470826,0,1,0.06497547030448914,0.3478212058544159,0.06659839302301407,0.354428231716156,0.001854914822615683,0.007789810188114643,0.07273935386911035,0.38772918842732906,-1.2508667707443237,-1.2510731220245361
theta3,T4,batch1_0_127,0,3,"(0, 3)",0,37,exact_replay_715_45760_tokens,T4_batch_128,4.113278865814209,6.573848724365234,-0.00021986907813698053,-0.0002199411392211914,7.206108421087265e-08,0.0003276380420054201,0,1,0.06659839302301407,0.354428231716156,0.06819795072078705,0.36091455817222595,0.0018287480343133211,0.0076460689306259155,0.07456810190342367,0.395375257357955,-1.2758910655975342,-1.2761110067367554
theta3,T4,batch1_0_127,0,3,"(0, 3)",0,38,exact_replay_715_45760_tokens,T4_batch_128,4.054852485656738,6.5946431159973145,-0.00023371013230644166,-0.00023376941680908203,5.9284502640366554e-08,0.00025360247482151963,0,1,0.06819795072078705,0.36091455817222595,0.06977270543575287,0.3672737181186676,0.001801050966605544,0.007498528342694044,0.07636915287002921,0.402873785700649,-1.304695725440979,-1.304929494857788
theta3,T4,batch1_0_127,0,3,"(0, 3)",0,39,exact_replay_715_45760_tokens,T4_batch_128,3.9947943687438965,6.614873886108398,-0.00024511676747351885,-0.0002453327178955078,2.1595042198896408e-07,0.000880234906462585,0,1,0.06977270543575287,0.3672737181186676,0.07132089883089066,0.3734992742538452,0.0017717141890898347,0.00733919395133853,0.07814086705911905,0.41021297965198755,-1.3299616575241089,-1.3302069902420044
theta3,T4,batch1_0_127,0,4,"(0, 4)",0,0,exact_replay_715_45760_tokens,T4_batch_128,8.508243560791016,8.241799354553223,0.0020312140695750713,0.0020308494567871094,3.6461278796195984e-07,0.0001795370832355013,1,0,0.0,0.0,0.0020046092104166746,0.017009014263749123,0.0020046092104166746,0.017009014263749123,0.0020046092104166746,0.017009014263749123,-2.1568667888641357,-2.1548359394073486
theta3,T4,batch1_0_127,0,4,"(0, 4)",0,1,exact_replay_715_45760_tokens,T4_batch_128,8.20109748840332,8.06762409210205,0.001771997776813805,0.0017719268798828125,7.08969309926033e-08,4.001120576560818e-05,1,0,0.0020046092104166746,0.017009014263749123,0.00395789323374629,0.03353442624211311,0.001960132271051407,0.016555622220039368,0.0039647414814680815,0.03356463648378849,-2.0492334365844727,-2.04746150970459
theta3,T4,batch1_0_127,0,4,"(0, 4)",0,2,exact_replay_715_45760_tokens,T4_batch_128,7.931257247924805,7.898820400238037,0.0015593155985698104,0.0015592575073242188,5.809124559164047e-08,3.725571005351682e-05,1,0,0.00395789323374629,0.03353442624211311,0.005863824859261513,0.04944121092557907,0.001924381940625608,0.0159753505140543,0.0058891234220936894,0.04953998699784279,-1.9472062587738037,-1.9456470012664795
theta3,T4,batch1_0_127,0,4,"(0, 4)",0,3,exact_replay_715_45760_tokens,T4_batch_128,7.677151203155518,7.735956192016602,0.001369488425552845,0.001369476318359375,1.210719347000122e-08,8.840746866295265e-06,1,0,0.005863824859261513,0.04944121092557907,0.007716691121459007,0.06457619369029999,0.00188938167411834,0.015259280800819397,0.0077785050962120295,0.06479926779866219,-1.8655366897583008,-1.8641672134399414
theta3,T4,batch1_0_127,0,4,"(0, 4)",0,4,exact_replay_715_45760_tokens,T4_batch_128,7.453064918518066,7.594635963439941,0.001219556201249361,0.0012195110321044922,4.516914486885071e-08,3.703873411534702e-05,1,0,0.007716691121459007,0.06457619369029999,0.009529263712465763,0.0790257379412651,0.0018677328480407596,0.014637436717748642,0.009646237944252789,0.07943670451641083,-1.8000564575195312,-1.7988369464874268
theta3,T4,batch1_0_127,0,4,"(0, 4)",0,5,exact_replay_715_45760_tokens,T4_batch_128,7.240732669830322,7.4610090255737305,0.0010851951083168387,0.001085042953491211,1.521548256278038e-07,0.00014022931086574378,1,0,0.009529263712465763,0.0790257379412651,0.011308850720524788,0.0924948900938034,0.0018570946995168924,0.013741993345320225,0.011503332643769681,0.09317869786173105,-1.7426072359085083,-1.741522192955017
theta3,T4,batch1_0_127,0,4,"(0, 4)",0,6,exact_replay_715_45760_tokens,T4_batch_128,7.049338340759277,7.350584983825684,0.000981386168859899,0.0009813308715820312,5.529727786779404e-08,5.634926961856171e-05,1,0,0.011308850720524788,0.0924948900938034,0.01306552067399025,0.10514998435974121,0.0018548506777733564,0.013029440306127071,0.013358183321543038,0.10620813816785812,-1.7019004821777344,-1.7009191513061523
theta3,T4,batch1_0_127,0,4,"(0, 4)",0,7,exact_replay_715_45760_tokens,T4_batch_128,6.884219169616699,7.246319770812988,0.0008913909550756216,0.0008913278579711914,6.309710443019867e-08,7.07900060184566e-05,1,0,0.01306552067399025,0.10514998435974121,0.014808231964707375,0.11721242219209671,0.0018603381467983127,0.012547408230602741,0.01521852146834135,0.11875554639846087,-1.6542730331420898,-1.6533817052841187
theta3,T4,batch1_0_127,0,4,"(0, 4)",0,8,exact_replay_715_45760_tokens,T4_batch_128,6.723060607910156,7.152635097503662,0.0008252114057540894,0.0008252859115600586,7.450580596923828e-08,9.027878087534306e-05,1,0,0.014808231964707375,0.11721242219209671,0.016549183055758476,0.1288089007139206,0.0018734954064711928,0.01215748954564333,0.017092016874812543,0.1309130359441042,-1.621713638305664,-1.620888352394104
theta3,T4,batch1_0_127,0,4,"(0, 4)",0,9,exact_replay_715_45760_tokens,T4_batch_128,6.5789079666137695,7.0638203620910645,0.0007664428558200598,0.0007662773132324219,1.655425876379013e-07,0.00021603482809583074,1,0,0.016549183055758476,0.1288089007139206,0.018298450857400894,0.140096053481102,0.0018937855493277311,0.011897780001163483,0.018985802424140275,0.14281081594526768,-1.5898494720458984,-1.589083194732666
theta3,T4,batch1_0_127,0,4,"(0, 4)",0,10,exact_replay_715_45760_tokens,T4_batch_128,6.437290191650391,6.977170467376709,0.0007037842879071832,0.0007038116455078125,2.735760062932968e-08,3.887062796409214e-05,1,0,0.018298450857400894,0.140096053481102,0.020054379478096962,0.15100963413715363,0.0019155864138156176,0.011600440368056297,0.020901388837955892,0.15441125631332397,-1.5622608661651611,-1.5615570545196533
theta3,T4,batch1_0_127,0,4,"(0, 4)",0,11,exact_replay_715_45760_tokens,T4_batch_128,6.2945404052734375,6.914145469665527,0.0006395382806658745,0.0006395578384399414,1.955777406692505e-08,3.058014911463187e-05,1,0,0.020054379478096962,0.15100963413715363,0.02181890234351158,0.16154329478740692,0.001938811969012022,0.01128553319722414,0.022840200806967914,0.16569678951054811,-1.538993239402771,-1.538353681564331
theta3,T4,batch1_0_127,0,4,"(0, 4)",0,12,exact_replay_715_45760_tokens,T4_batch_128,6.162432670593262,6.846837997436523,0.0005708474200218916,0.0005705356597900391,3.1176023185253143e-07,0.0005464342613873799,1,0,0.02181890234351158,0.16154329478740692,0.02359255589544773,0.17165705561637878,0.001961184199899435,0.010935097932815552,0.02480138500686735,0.17663188744336367,-1.5125727653503418,-1.5120022296905518
theta3,T4,batch1_0_127,0,4,"(0, 4)",0,13,exact_replay_715_45760_tokens,T4_batch_128,6.04797887802124,6.788706302642822,0.0005120527348481119,0.0005118846893310547,1.680455170571804e-07,0.00032828783622496506,1,0,0.02359255589544773,0.17165705561637878,0.025380730628967285,0.1815008968114853,0.0019853776320815086,0.010738581418991089,0.026786762638948858,0.18737046886235476,-1.4864683151245117,-1.4859564304351807
theta3,T4,batch1_0_127,0,4,"(0, 4)",0,14,exact_replay_715_45760_tokens,T4_batch_128,5.932997703552246,6.734553813934326,0.000442991207819432,0.0004429817199707031,9.487848728895187e-09,2.1418149555974166e-05,1,0,0.025380730628967285,0.1815008968114853,0.027179574593901634,0.19106823205947876,0.0020066043362021446,0.010540795512497425,0.028793366975151002,0.19791126437485218,-1.4570667743682861,-1.4566237926483154
theta3,T4,batch1_0_127,0,4,"(0, 4)",0,15,exact_replay_715_45760_tokens,T4_batch_128,5.81962776184082,6.685450553894043,0.0003974727587774396,0.0003972053527832031,2.6740599423646927e-07,0.0006732185061524609,1,0,0.027179574593901634,0.19106823205947876,0.028993787243962288,0.2004985809326172,0.0020261004101485014,0.0104420967400074,0.030819467385299504,0.20835336111485958,-1.4341599941253662,-1.433762788772583
theta3,T4,batch1_0_127,0,4,"(0, 4)",0,16,exact_replay_715_45760_tokens,T4_batch_128,5.709073543548584,6.64578104019165,0.0003465958870947361,0.0003465414047241211,5.448237061500549e-08,0.00015721749226006192,1,0,0.028993787243962288,0.2004985809326172,0.030818741768598557,0.2097831517457962,0.002043133368715644,0.010352632962167263,0.03286260075401515,0.21870599407702684,-1.416372299194336,-1.4160257577896118
theta3,T4,batch1_0_127,0,4,"(0, 4)",0,17,exact_replay_715_45760_tokens,T4_batch_128,5.599137306213379,6.608040809631348,0.0002931468188762665,0.0002932548522949219,1.0803341865539551e-07,0.00036839430894308945,1,0,0.030818741768598557,0.2097831517457962,0.03265447914600372,0.21891754865646362,0.0020594880916178226,0.010249310173094273,0.03492208884563297,0.22895530425012112,-1.3986258506774902,-1.3983325958251953
theta3,T4,batch1_0_127,0,4,"(0, 4)",0,18,exact_replay_715_45760_tokens,T4_batch_128,5.489962100982666,6.577609539031982,0.0002447761071380228,0.0002448558807373047,7.977359928190708e-08,0.000325798175815482,1,0,0.03265447914600372,0.21891754865646362,0.03449844941496849,0.22793099284172058,0.0020720944739878178,0.010146421380341053,0.03699418331962079,0.23910172563046217,-1.384063959121704,-1.3838191032409668
theta3,T4,batch1_0_127,0,4,"(0, 4)",0,19,exact_replay_715_45760_tokens,T4_batch_128,5.38720178604126,6.554895401000977,0.00019374839030206203,0.0001938343048095703,8.591450750827789e-08,0.00044323685424354245,1,0,0.03449844941496849,0.22793099284172058,0.03635261580348015,0.23680301010608673,0.0020865073893219233,0.010045221075415611,0.03908069070894271,0.24914694670587778,-1.3704497814178467,-1.370255947113037
theta3,T4,batch1_0_127,0,4,"(0, 4)",0,20,exact_replay_715_45760_tokens,T4_batch_128,5.2879791259765625,6.547111988067627,0.00014239750453270972,0.0001423358917236328,6.161280907690525e-08,0.0004328690980946399,1,0,0.03635261580348015,0.23680301010608673,0.03821874037384987,0.2455887347459793,0.002104786690324545,0.009998387657105923,0.041185477399267256,0.2591453343629837,-1.3560097217559814,-1.3558673858642578
theta3,T4,batch1_0_127,0,4,"(0, 4)",0,21,exact_replay_715_45760_tokens,T4_batch_128,5.183320045471191,6.539730072021484,9.365610458189622e-05,9.369850158691406e-05,4.239700501784682e-08,0.000452483276677799,1,0,0.03821874037384987,0.2455887347459793,0.040091484785079956,0.2542160153388977,0.002114988397806883,0.00985595304518938,0.04330046579707414,0.2690012874081731,-1.3453779220581055,-1.3452842235565186
theta3,T4,batch1_0_127,0,4,"(0, 4)",0,22,exact_replay_715_45760_tokens,T4_batch_128,5.0840911865234375,6.536320209503174,5.607776984106749e-05,5.602836608886719e-05,4.940375220030546e-08,0.0008817632147606383,1,0,0.040091484785079956,0.2542160153388977,0.04196825996041298,0.26270994544029236,0.0021209227852523327,0.009727874770760536,0.04542138858232647,0.2787291621789336,-1.3318238258361816,-1.3317677974700928
theta3,T4,batch1_0_127,0,4,"(0, 4)",0,23,exact_replay_715_45760_tokens,T4_batch_128,4.984493255615234,6.536468982696533,1.361604608973721e-05,1.3470649719238281e-05,1.4539637049892917e-07,0.010793567758745851,1,0,0.04196825996041298,0.26270994544029236,0.04384657368063927,0.27106180787086487,0.002123835263773799,0.009590230882167816,0.04754522384610027,0.28831939306110144,-1.322901964187622,-1.3228884935379028
theta3,T4,batch1_0_127,0,4,"(0, 4)",0,24,exact_replay_715_45760_tokens,T4_batch_128,4.8890275955200195,6.537468433380127,-1.7647469576331787e-05,-1.7642974853515625e-05,4.494722816161811e-09,0.00025475991738809124,0,1,0.04384657368063927,0.27106180787086487,0.045723870396614075,0.27930957078933716,0.002121179597452283,0.009472496807575226,0.049666403443552554,0.29779188986867666,-1.3122930526733398,-1.3123106956481934
theta3,T4,batch1_0_127,0,4,"(0, 4)",0,25,exact_replay_715_45760_tokens,T4_batch_128,4.796726226806641,6.551158428192139,-5.339995550457388e-05,-5.316734313964844e-05,2.3261236492544413e-07,0.004375098532090807,0,1,0.045723870396614075,0.27930957078933716,0.04759502410888672,0.28738752007484436,0.002115390030667186,0.009305929765105247,0.05178179347421974,0.3070978196337819,-1.3032841682434082,-1.3033373355865479
theta3,T4,batch1_0_127,0,4,"(0, 4)",0,26,exact_replay_715_45760_tokens,T4_batch_128,4.708091735839844,6.571476459503174,-7.779329462209716e-05,-7.796287536621094e-05,1.695807441137731e-07,0.002175147380303899,0,1,0.04759502410888672,0.28738752007484436,0.04945803061127663,0.29531213641166687,0.0021050411742180586,0.009147378616034985,0.0538868346484378,0.3162451982498169,-1.298841953277588,-1.298919916152954
theta3,T4,batch1_0_127,0,4,"(0, 4)",0,27,exact_replay_715_45760_tokens,T4_batch_128,4.622369766235352,6.593921661376953,-8.940976113080978e-05,-8.952617645263672e-05,1.1641532182693481e-07,0.0013003495339547271,0,1,0.04945803061127663,0.29531213641166687,0.05131042003631592,0.3030567169189453,0.0020912198815494776,0.008961103856563568,0.055978054529987276,0.32520630210638046,-1.2923578023910522,-1.2924473285675049
theta3,T4,batch1_0_127,0,4,"(0, 4)",0,28,exact_replay_715_45760_tokens,T4_batch_128,4.538556098937988,6.62352180480957,-0.00011840110528282821,-0.000118255615234375,1.4549004845321178e-07,0.0012303013955393145,0,1,0.05131042003631592,0.3030567169189453,0.05315060913562775,0.3106261193752289,0.002075525466352701,0.008779184892773628,0.05805357999633998,0.3339854869991541,-1.2846143245697021,-1.2847325801849365
theta3,T4,batch1_0_127,0,4,"(0, 4)",0,29,exact_replay_715_45760_tokens,T4_batch_128,4.460237979888916,6.653315544128418,-0.00013849110109731555,-0.0001385211944580078,3.009336069226265e-08,0.0002172473375645439,0,1,0.05315060913562775,0.3106261193752289,0.05497562512755394,0.31801584362983704,0.002057730220258236,0.008599364198744297,0.06011131021659821,0.3425848511978984,-1.2770318984985352,-1.2771704196929932
theta3,T4,batch1_0_127,0,4,"(0, 4)",0,30,exact_replay_715_45760_tokens,T4_batch_128,4.385156631469727,6.680944919586182,-0.00015096670540515333,-0.00015103816986083984,7.146445568650961e-08,0.00047315493661207576,0,1,0.05497562512755394,0.31801584362983704,0.05678321793675423,0.3252510726451874,0.0020352578721940517,0.00842342060059309,0.062146568088792264,0.3510082717984915,-1.2723578214645386,-1.2725088596343994
theta3,T4,batch1_0_127,0,4,"(0, 4)",0,31,exact_replay_715_45760_tokens,T4_batch_128,4.313564777374268,6.708176612854004,-0.0001638777757762,-0.00016391277313232422,3.499735612422228e-08,0.00021351207386363636,0,1,0.05678321793675423,0.3252510726451874,0.05857134982943535,0.3323415517807007,0.002010463271290064,0.008258297108113766,0.06415703136008233,0.35926656890660524,-1.2637237310409546,-1.263887643814087
theta3,T4,batch1_0_127,0,4,"(0, 4)",0,32,exact_replay_715_45760_tokens,T4_batch_128,4.2453813552856445,6.739406585693359,-0.00018015704699791968,-0.00018024444580078125,8.739880286157131e-08,0.0004848904079861111,0,1,0.05857134982943535,0.3323415517807007,0.06033850088715553,0.33926087617874146,0.001985051203519106,0.00807665940374136,0.06614208256360143,0.3673432283103466,-1.2583158016204834,-1.2584960460662842
theta3,T4,batch1_0_127,0,4,"(0, 4)",0,33,exact_replay_715_45760_tokens,T4_batch_128,4.180897235870361,6.769121170043945,-0.000196122084162198,-0.00019609928131103516,2.2802851162850857e-08,0.00011628217610182371,0,1,0.06033850088715553,0.33926087617874146,0.06208229437470436,0.34605085849761963,0.001956828171387315,0.007919873110949993,0.06809891073498875,0.3752631014212966,-1.2519774436950684,-1.2521735429763794
theta3,T4,batch1_0_127,0,4,"(0, 4)",0,34,exact_replay_715_45760_tokens,T4_batch_128,4.117168426513672,6.801772594451904,-0.00020073362975381315,-0.0002008676528930664,1.340231392532587e-07,0.0006672211146142433,0,1,0.06208229437470436,0.34605085849761963,0.06379948556423187,0.35269203782081604,0.0019249747274443507,0.0077410051599144936,0.0700238854624331,0.3830041065812111,-1.244436502456665,-1.244637370109558
theta3,T4,batch1_0_127,0,4,"(0, 4)",0,35,exact_replay_715_45760_tokens,T4_batch_128,4.058025360107422,6.837671756744385,-0.00020865187980234623,-0.0002086162567138672,3.562308847904205e-08,0.00017075892857142856,0,1,0.06379948556423187,0.35269203782081604,0.06549018621444702,0.35918548703193665,0.0018930536461994052,0.0075734276324510574,0.0719169391086325,0.39057753421366215,-1.2343770265579224,-1.2345856428146362
theta3,T4,batch1_0_127,0,4,"(0, 4)",0,36,exact_replay_715_45760_tokens,T4_batch_128,4.000536918640137,6.873298645019531,-0.0002166602062061429,-0.0002167224884033203,6.228219717741013e-08,0.00028738225385038503,0,1,0.06549018621444702,0.35918548703193665,0.06715387105941772,0.36555686593055725,0.0018608379177749157,0.0074257440865039825,0.07377777702640742,0.39800327830016613,-1.2307201623916626,-1.230936884880066
theta3,T4,batch1_0_127,0,4,"(0, 4)",0,37,exact_replay_715_45760_tokens,T4_batch_128,3.9458274841308594,6.906336307525635,-0.00022142867965158075,-0.00022137165069580078,5.702895577996969e-08,0.00025761634608912227,0,1,0.06715387105941772,0.36555686593055725,0.06878849118947983,0.37179750204086304,0.0018266773549839854,0.007271053735166788,0.0756044543813914,0.4052743320353329,-1.226081371307373,-1.2263027429580688
theta3,T4,batch1_0_127,0,4,"(0, 4)",0,38,exact_replay_715_45760_tokens,T4_batch_128,3.8935718536376953,6.942672252655029,-0.00022633030312135816,-0.0002262592315673828,7.10715539753437e-08,0.0003141155986564805,0,1,0.06878849118947983,0.37179750204086304,0.07039374858140945,0.37789493799209595,0.0017923512496054173,0.007111371029168367,0.07739680563099682,0.4123857030645013,-1.2268316745758057,-1.227057933807373
theta3,T4,batch1_0_127,0,4,"(0, 4)",0,39,exact_replay_715_45760_tokens,T4_batch_128,3.843595027923584,6.977581977844238,-0.00022945045202504843,-0.0002295970916748047,1.4663964975625277e-07,0.0006386825228777258,0,1,0.07039374858140945,0.37789493799209595,0.07196873426437378,0.3838695287704468,0.001757563790306449,0.006966077256947756,0.07915436942130327,0.41935178032144904,-1.2241568565368652,-1.22438645362854
theta3,T4,batch1_0_127,0,5,"(0, 5)",0,0,exact_replay_715_45760_tokens,T4_batch_128,8.423693656921387,8.241799354553223,0.0008716590236872435,0.0008716583251953125,6.984919309616089e-10,8.013368435448577e-07,1,0,0.0,0.0,0.0020103324204683304,0.017079152166843414,0.0020103324204683304,0.017079152166843414,0.0020103324204683304,0.017079152166843414,-1.0431175231933594,-1.042245864868164
theta3,T4,batch1_0_127,0,5,"(0, 5)",0,1,exact_replay_715_45760_tokens,T4_batch_128,8.1217622756958,8.09140396118164,0.0008481995319016278,0.0008481740951538086,2.5436747819185257e-08,2.9990007905832746e-05,1,0,0.0020103324204683304,0.017079152166843414,0.003977816551923752,0.033676281571388245,0.001973789418116212,0.016626553609967232,0.003984121838584542,0.033705705776810646,-1.0279159545898438,-1.02706778049469
theta3,T4,batch1_0_127,0,5,"(0, 5)",0,2,exact_replay_715_45760_tokens,T4_batch_128,7.845624923706055,7.946292400360107,0.0008294160361401737,0.0008293390274047852,7.700873538851738e-08,9.285555465717982e-05,1,0,0.003977816551923752,0.033676281571388245,0.005912541877478361,0.04973037540912628,0.0019510865677148104,0.01611984334886074,0.005935208406299353,0.04982554912567139,-1.008291482925415,-1.0074621438980103
theta3,T4,batch1_0_127,0,5,"(0, 5)",0,3,exact_replay_715_45760_tokens,T4_batch_128,7.588940620422363,7.807039737701416,0.0008066236041486263,0.0008065700531005859,5.3551048040390015e-08,6.639354862548034e-05,1,0,0.005912541877478361,0.04973037540912628,0.007813449017703533,0.06506790965795517,0.0019326925976201892,0.015462729148566723,0.007867901003919542,0.06528827827423811,-0.9898192882537842,-0.9890127182006836
theta3,T4,batch1_0_127,0,5,"(0, 5)",0,4,exact_replay_715_45760_tokens,T4_batch_128,7.3607916831970215,7.671741008758545,0.0007789969677105546,0.0007788538932800293,1.430744305253029e-07,0.0001836986779673988,1,0,0.007813449017703533,0.06506790965795517,0.009687903337180614,0.07978488504886627,0.0019234223291277885,0.014906995929777622,0.00979132333304733,0.08019527420401573,-0.9712069630622864,-0.9704281091690063
theta3,T4,batch1_0_127,0,5,"(0, 5)",0,5,exact_replay_715_45760_tokens,T4_batch_128,7.135433197021484,7.546370506286621,0.0007459323387593031,0.0007459521293640137,1.979060471057892e-08,2.6530663204155014e-05,1,0,0.009687903337180614,0.07978488504886627,0.01154317893087864,0.09365449100732803,0.00192224548663944,0.014143469743430614,0.01171356881968677,0.09433874394744635,-0.9537640810012817,-0.9530181288719177
theta3,T4,batch1_0_127,0,5,"(0, 5)",0,6,exact_replay_715_45760_tokens,T4_batch_128,6.933971405029297,7.4380998611450195,0.0007051558350212872,0.0007051825523376465,2.671731635928154e-08,3.7887092173104556e-05,1,0,0.01154317893087864,0.09365449100732803,0.013379308395087719,0.1066095307469368,0.0019230482866987586,0.013338448479771614,0.013636617106385529,0.10767719242721796,-0.9359301924705505,-0.9352250099182129
theta3,T4,batch1_0_127,0,5,"(0, 5)",0,7,exact_replay_715_45760_tokens,T4_batch_128,6.75881814956665,7.344142913818359,0.0006540368194691837,0.0006540417671203613,4.94765117764473e-09,7.564732753121298e-06,1,0,0.013379308395087719,0.1066095307469368,0.015203127637505531,0.11888494342565536,0.001931363483890891,0.012779607437551022,0.01556798059027642,0.12045679986476898,-0.9261466860771179,-0.9254926443099976
theta3,T4,batch1_0_127,0,5,"(0, 5)",0,8,exact_replay_715_45760_tokens,T4_batch_128,6.594111442565918,7.240673065185547,0.0006081461906433105,0.0006082057952880859,5.960464477539063e-08,9.800078400627205e-05,1,0,0.015203127637505531,0.11888494342565536,0.01702377013862133,0.1305491179227829,0.0019456795416772366,0.012281597591936588,0.017513660131953657,0.13273839745670557,-0.9180842638015747,-0.9174760580062866
theta3,T4,batch1_0_127,0,5,"(0, 5)",0,9,exact_replay_715_45760_tokens,T4_batch_128,6.435576438903809,7.154720306396484,0.0005670745740644634,0.0005669593811035156,1.15192960947752e-07,0.00020317674384987385,1,0,0.01702377013862133,0.1305491179227829,0.01884468086063862,0.14177341759204865,0.001960718771442771,0.01194114238023758,0.019474378903396428,0.14467953983694315,-0.9154043197631836,-0.9148373603820801
theta3,T4,batch1_0_127,0,5,"(0, 5)",0,10,exact_replay_715_45760_tokens,T4_batch_128,6.285824775695801,7.074204921722412,0.000525382929481566,0.000525355339050293,2.759043127298355e-08,5.2517656569094624e-05,1,0,0.01884468086063862,0.14177341759204865,0.020672209560871124,0.15260513126850128,0.0019821005407720804,0.011656495742499828,0.021456479444168508,0.15633603557944298,-0.9147520661354065,-0.9142267107963562
theta3,T4,batch1_0_127,0,5,"(0, 5)",0,11,exact_replay_715_45760_tokens,T4_batch_128,6.147611618041992,6.9921746253967285,0.00048433628398925066,0.0004844069480895996,7.066410034894943e-08,0.0001458775532176695,1,0,0.020672209560871124,0.15260513126850128,0.02250825986266136,0.1631210893392563,0.0020011363085359335,0.011426654644310474,0.02345761575270444,0.16776269022375345,-0.9100245237350464,-0.9095401167869568
theta3,T4,batch1_0_127,0,5,"(0, 5)",0,12,exact_replay_715_45760_tokens,T4_batch_128,6.011814117431641,6.919748306274414,0.0004357120778877288,0.0004356503486633301,6.172922439873219e-08,0.0001416944221165686,1,0,0.02250825986266136,0.1631210893392563,0.02434837818145752,0.17329485714435577,0.0020177748519927263,0.011178318411111832,0.025475390604697168,0.17894100863486528,-0.911199152469635,-0.9107635021209717
theta3,T4,batch1_0_127,0,5,"(0, 5)",0,13,exact_replay_715_45760_tokens,T4_batch_128,5.884964942932129,6.862229347229004,0.00039638386806473136,0.00039637088775634766,1.2980308383703232e-08,3.2747885338345865e-05,1,0,0.02434837818145752,0.17329485714435577,0.02619216777384281,0.1831303834915161,0.0020275569986552,0.010918600484728813,0.027502947603352368,0.1898596091195941,-0.9181298017501831,-0.9177334308624268
theta3,T4,batch1_0_127,0,5,"(0, 5)",0,14,exact_replay_715_45760_tokens,T4_batch_128,5.772062301635742,6.79343843460083,0.00035801008925773203,0.0003580451011657715,3.5011908039450645e-08,9.77863066006326e-05,1,0,0.02619216777384281,0.1831303834915161,0.028042610734701157,0.1926383376121521,0.0020418567582964897,0.010633476078510284,0.029544804361648858,0.20049308519810438,-0.9242726564407349,-0.9239146113395691
theta3,T4,batch1_0_127,0,5,"(0, 5)",0,15,exact_replay_715_45760_tokens,T4_batch_128,5.6559929847717285,6.732171535491943,0.0003120930341538042,0.0003120899200439453,3.1141098588705063e-09,9.978245559587472e-06,1,0,0.028042610734701157,0.1926383376121521,0.029896782711148262,0.20189045369625092,0.0020534072536975145,0.010439228266477585,0.03159821161534637,0.21093231346458197,-0.9289463758468628,-0.9286342859268188
theta3,T4,batch1_0_127,0,5,"(0, 5)",0,16,exact_replay_715_45760_tokens,T4_batch_128,5.542377471923828,6.681368827819824,0.00027815497014671564,0.00027817487716674805,1.9907020032405853e-08,7.156296871652025e-05,1,0,0.029896782711148262,0.20189045369625092,0.031752809882164,0.21099767088890076,0.0020605323370546103,0.010319608263671398,0.03365874395240098,0.22125192172825336,-0.9354568719863892,-0.9351786971092224
theta3,T4,batch1_0_127,0,5,"(0, 5)",0,17,exact_replay_715_45760_tokens,T4_batch_128,5.435394287109375,6.628346920013428,0.0002493419742677361,0.000249326229095459,1.5745172277092934e-08,6.315088602677504e-05,1,0,0.031752809882164,0.21099767088890076,0.033611707389354706,0.2199980616569519,0.002066779648885131,0.010223787277936935,0.03572552360128611,0.2314757090061903,-0.9402813911437988,-0.9400320649147034
theta3,T4,batch1_0_127,0,5,"(0, 5)",0,18,exact_replay_715_45760_tokens,T4_batch_128,5.3308491706848145,6.587151527404785,0.00022804562468081713,0.00022804737091064453,1.7462298274040222e-09,7.65731181390486e-06,1,0,0.033611707389354706,0.2199980616569519,0.03547189012169838,0.2289097011089325,0.002069487003609538,0.01012102048844099,0.03779501060489565,0.2415967294946313,-0.9530114531517029,-0.9527834057807922
theta3,T4,batch1_0_127,0,5,"(0, 5)",0,19,exact_replay_715_45760_tokens,T4_batch_128,5.229540824890137,6.54401969909668,0.00020077111548744142,0.00020080804824829102,3.693276084959507e-08,0.00018392072016918968,1,0,0.03547189012169838,0.2289097011089325,0.03733019158244133,0.23775464296340942,0.002071148483082652,0.010060586966574192,0.0398661590879783,0.2516573164612055,-0.9615731835365295,-0.9613723754882812
theta3,T4,batch1_0_127,0,5,"(0, 5)",0,20,exact_replay_715_45760_tokens,T4_batch_128,5.127852439880371,6.519399166107178,0.00016780693840701133,0.00016766786575317383,1.39072653837502e-07,0.0008294532360913615,1,0,0.03733019158244133,0.23775464296340942,0.0391831174492836,0.24649785459041595,0.0020697691943496466,0.009975290857255459,0.04193592828232795,0.26163260731846094,-0.9724417328834534,-0.9722740650177002
theta3,T4,batch1_0_127,0,5,"(0, 5)",0,21,exact_replay_715_45760_tokens,T4_batch_128,5.029285430908203,6.49719762802124,0.00014520989498123527,0.00014513731002807617,7.258495315909386e-08,0.000500112294661191,1,0,0.0391831174492836,0.24649785459041595,0.041028596460819244,0.2551434338092804,0.0020642189774662256,0.009877308271825314,0.044000147259794176,0.27150991559028625,-0.9844889044761658,-0.9843437671661377
theta3,T4,batch1_0_127,0,5,"(0, 5)",0,22,exact_replay_715_45760_tokens,T4_batch_128,4.930359840393066,6.470417022705078,0.00011821602674899623,0.00011819601058959961,2.0016159396618605e-08,0.0001693471657526475,1,0,0.041028596460819244,0.2551434338092804,0.0428619347512722,0.2636590898036957,0.0020539199467748404,0.009746808558702469,0.046054067206569016,0.2812567241489887,-0.9890870451927185,-0.9889688491821289
theta3,T4,batch1_0_127,0,5,"(0, 5)",0,23,exact_replay_715_45760_tokens,T4_batch_128,4.836857795715332,6.453751087188721,9.58379459916614e-05,9.578466415405273e-05,5.328183760866523e-08,0.0005562668938627879,1,0,0.0428619347512722,0.2636590898036957,0.044681623578071594,0.2720566391944885,0.002041064901277423,0.009613806381821632,0.04809513210784644,0.29087053053081036,-0.9948906302452087,-0.9947948455810547
theta3,T4,batch1_0_127,0,5,"(0, 5)",0,24,exact_replay_715_45760_tokens,T4_batch_128,4.740962028503418,6.437772274017334,7.190713949967176e-05,7.194280624389648e-05,3.5666744224727154e-08,0.0004957652625310687,1,0,0.044681623578071594,0.2720566391944885,0.04648234695196152,0.28031066060066223,0.0020231364760547876,0.009465587325394154,0.050118268583901227,0.3003361178562045,-0.999518096446991,-0.9994461536407471
theta3,T4,batch1_0_127,0,5,"(0, 5)",0,25,exact_replay_715_45760_tokens,T4_batch_128,4.649950981140137,6.427847862243652,4.7652112698415294e-05,4.76837158203125e-05,3.160312189720571e-08,0.0006627655029296875,1,0,0.04648234695196152,0.28031066060066223,0.048260271549224854,0.28845781087875366,0.0020004769321531057,0.009346546605229378,0.05211874551605433,0.3096826644614339,-1.009216547012329,-1.0091688632965088
theta3,T4,batch1_0_127,0,5,"(0, 5)",0,26,exact_replay_715_45760_tokens,T4_batch_128,4.5598015785217285,6.425257205963135,2.275253791594878e-05,2.276897430419922e-05,1.643638825044036e-08,0.0007218765338678011,1,0,0.048260271549224854,0.28845781087875366,0.050014570355415344,0.29646050930023193,0.001977927051484585,0.009198473766446114,0.05409667256753892,0.31888113822788,-1.011708378791809,-1.0116856098175049
theta3,T4,batch1_0_127,0,5,"(0, 5)",0,27,exact_replay_715_45760_tokens,T4_batch_128,4.472498893737793,6.422629356384277,-4.873527814197587e-06,-4.887580871582031e-06,1.40530573844444e-08,0.002875258282917302,0,1,0.050014570355415344,0.29646050930023193,0.051742713898420334,0.3043361008167267,0.0019515088060870767,0.00907444953918457,0.056048181373625994,0.32795558776706457,-1.010347843170166,-1.0103527307510376
theta3,T4,batch1_0_127,0,5,"(0, 5)",0,28,exact_replay_715_45760_tokens,T4_batch_128,4.385315895080566,6.422994136810303,-2.6337946110288613e-05,-2.6345252990722656e-05,7.3068804340437055e-09,0.00027735093060661764,0,1,0.051742713898420334,0.3043361008167267,0.053441114723682404,0.31202778220176697,0.0019208835437893867,0.00887810904532671,0.05796906491741538,0.3368336968123913,-1.0087919235229492,-1.00881826877594
theta3,T4,batch1_0_127,0,5,"(0, 5)",0,29,exact_replay_715_45760_tokens,T4_batch_128,4.301948070526123,6.428036212921143,-4.543798422673717e-05,-4.553794860839844e-05,9.996438166126609e-08,0.0021951885123527486,0,1,0.053441114723682404,0.31202778220176697,0.055109258741140366,0.3195743262767792,0.0018900337163358927,0.00872960314154625,0.05985909863375127,0.34556329995393753,-1.0041534900665283,-1.0041990280151367
theta3,T4,batch1_0_127,0,5,"(0, 5)",0,30,exact_replay_715_45760_tokens,T4_batch_128,4.22642183303833,6.438467502593994,-6.031956218066625e-05,-6.014108657836914e-05,1.7847560229711235e-07,0.002967615193725223,0,1,0.055109258741140366,0.3195743262767792,0.05674319341778755,0.3269473910331726,0.0018536682473495603,0.008533461019396782,0.06171276688110083,0.3540967609733343,-0.9980770945549011,-0.9981372356414795
theta3,T4,batch1_0_127,0,5,"(0, 5)",0,31,exact_replay_715_45760_tokens,T4_batch_128,4.153604984283447,6.4460954666137695,-7.116646156646311e-05,-7.110834121704102e-05,5.8120349422097206e-08,0.000817349250838223,0,1,0.05674319341778755,0.3269473910331726,0.058342959731817245,0.33413881063461304,0.0018160281470045447,0.008330044336616993,0.06352879502810538,0.3624268053099513,-0.984573245048523,-0.98464435338974
theta3,T4,batch1_0_127,0,5,"(0, 5)",0,32,exact_replay_715_45760_tokens,T4_batch_128,4.084124565124512,6.459771156311035,-7.083917444106191e-05,-7.086992263793945e-05,3.074819687753916e-08,0.00043386807453742643,0,1,0.058342959731817245,0.33413881063461304,0.05990783870220184,0.3411690592765808,0.0017773436848074198,0.008151073940098286,0.0653061387129128,0.3705778792500496,-0.9697189927101135,-0.9697898626327515
theta3,T4,batch1_0_127,0,5,"(0, 5)",0,33,exact_replay_715_45760_tokens,T4_batch_128,4.018551826477051,6.464550018310547,-8.212136890506372e-05,-8.219480514526367e-05,7.343624019995332e-08,0.0008934413807559825,0,1,0.05990783870220184,0.3411690592765808,0.06143525615334511,0.3480033874511719,0.0017363259103149176,0.007934261113405228,0.06704246462322772,0.3785121403634548,-0.9545740485191345,-0.9546562433242798
theta3,T4,batch1_0_127,0,5,"(0, 5)",0,34,exact_replay_715_45760_tokens,T4_batch_128,3.9552807807922363,6.473673343658447,-8.957049431046471e-05,-8.958578109741211e-05,1.5286786947399378e-08,0.00017063854062707918,0,1,0.06143525615334511,0.3480033874511719,0.0629253089427948,0.35465237498283386,0.0016946903197094798,0.007731390651315451,0.0687371549429372,0.38624353101477027,-0.944103479385376,-0.9441930651664734
theta3,T4,batch1_0_127,0,5,"(0, 5)",0,35,exact_replay_715_45760_tokens,T4_batch_128,3.894334316253662,6.485949516296387,-9.328289161203429e-05,-9.322166442871094e-05,6.122718332335353e-08,0.000656791355298913,0,1,0.0629253089427948,0.35465237498283386,0.06437648087739944,0.3611043691635132,0.001650970778428018,0.007509542163461447,0.07038812572136521,0.3937530731782317,-0.9320769906044006,-0.9321702122688293
theta3,T4,batch1_0_127,0,5,"(0, 5)",0,36,exact_replay_715_45760_tokens,T4_batch_128,3.8392977714538574,6.498668193817139,-9.488569776294753e-05,-9.47713851928711e-05,1.143125700764358e-07,0.0012061928803066037,0,1,0.06437648087739944,0.3611043691635132,0.0657908096909523,0.3673848509788513,0.0016098679043352604,0.007312181405723095,0.07199799362570047,0.4010652545839548,-0.9185582399368286,-0.9186530113220215
theta3,T4,batch1_0_127,0,5,"(0, 5)",0,37,exact_replay_715_45760_tokens,T4_batch_128,3.787238121032715,6.514374256134033,-9.845271415542811e-05,-9.85264778137207e-05,7.376365829259157e-08,0.0007486683775710829,0,1,0.0657908096909523,0.3673848509788513,0.06716806441545486,0.3734978139400482,0.001569060841575265,0.007122988346964121,0.07356705446727574,0.40818824293091893,-0.9049965143203735,-0.9050950407981873
theta3,T4,batch1_0_127,0,5,"(0, 5)",0,38,exact_replay_715_45760_tokens,T4_batch_128,3.7372679710388184,6.528815746307373,-0.00010774258407764137,-0.00010782480239868164,8.221832104027271e-08,0.0007625177066058596,0,1,0.06716806441545486,0.3734978139400482,0.06850703060626984,0.37942835688591003,0.0015278654173016548,0.0069274683482944965,0.0750949198845774,0.41511571127921343,-0.8864639401435852,-0.8865717649459839
theta3,T4,batch1_0_127,0,5,"(0, 5)",0,39,exact_replay_715_45760_tokens,T4_batch_128,3.6893858909606934,6.546696662902832,-0.0001077919514500536,-0.00010770559310913086,8.635834092274308e-08,0.0008017999662769784,0,1,0.06850703060626984,0.37942835688591003,0.06980843096971512,0.38518181443214417,0.0014863323885947466,0.006729925982654095,0.07658125227317214,0.4218456372618675,-0.8728992342948914,-0.8730069398880005
theta3,T4,batch1_0_127,0,6,"(0, 6)",0,0,exact_replay_715_45760_tokens,T4_batch_128,8.231931686401367,8.241799354553223,0.002819846151396632,0.0028192996978759766,5.46453520655632e-07,0.0001938259778012685,1,0,0.0,0.0,0.0020257816649973392,0.015268456190824509,0.0020257816649973392,0.015268456190824509,0.0020257816649973392,0.015268456190824509,-2.7050023078918457,-2.7021830081939697
theta3,T4,batch1_0_127,0,6,"(0, 6)",0,1,exact_replay_715_45760_tokens,T4_batch_128,7.994431018829346,8.068086624145508,0.0024156917352229357,0.002415180206298828,5.115289241075516e-07,0.0002117974148568608,1,0,0.0020257816649973392,0.015268456190824509,0.003994825296103954,0.030102688819169998,0.0019736995454877615,0.014856887981295586,0.003999481210485101,0.030125344172120094,-2.540334701538086,-2.537919521331787
theta3,T4,batch1_0_127,0,6,"(0, 6)",0,2,exact_replay_715_45760_tokens,T4_batch_128,7.773777008056641,7.903504848480225,0.0020822423975914717,0.0020821094512939453,1.3294629752635956e-07,6.385173336768579e-05,1,0,0.003994825296103954,0.030102688819169998,0.005911694839596748,0.04446154087781906,0.00192907580640167,0.014415988698601723,0.005928557016886771,0.04454133287072182,-2.3858461380004883,-2.3837640285491943
theta3,T4,batch1_0_127,0,6,"(0, 6)",0,3,exact_replay_715_45760_tokens,T4_batch_128,7.566196918487549,7.753270149230957,0.001809920882806182,0.0018095970153808594,3.2386742532253265e-07,0.00017897212615283268,1,0,0.005911694839596748,0.04446154087781906,0.007789624854922295,0.058387529104948044,0.0019002800108864903,0.014022555202245712,0.007828837027773261,0.05856388807296753,-2.234927177429199,-2.2331175804138184
theta3,T4,batch1_0_127,0,6,"(0, 6)",0,4,exact_replay_715_45760_tokens,T4_batch_128,7.377092361450195,7.611248016357422,0.0015729983570054173,0.0015728473663330078,1.5099067240953445e-07,9.599829941640139e-05,1,0,0.007789624854922295,0.058387529104948044,0.00963336881250143,0.07187295705080032,0.0018784725107252598,0.013630246743559837,0.00970730953849852,0.07219413481652737,-2.094921588897705,-2.093348741531372
theta3,T4,batch1_0_127,0,6,"(0, 6)",0,5,exact_replay_715_45760_tokens,T4_batch_128,7.194669246673584,7.48258638381958,0.0013768885983154178,0.0013766288757324219,2.5972258299589157e-07,0.00018866565097852442,1,0,0.00963336881250143,0.07187295705080032,0.011445981450378895,0.08492038398981094,0.0018616830930113792,0.013252543285489082,0.0115689926315099,0.08544667810201645,-1.9729487895965576,-1.9715721607208252
theta3,T4,batch1_0_127,0,6,"(0, 6)",0,6,exact_replay_715_45760_tokens,T4_batch_128,7.023456573486328,7.373960971832275,0.0011926238657906651,0.0011924505233764648,1.7334241420030594e-07,0.00014536654628611415,1,0,0.011445981450378895,0.08492038398981094,0.013230567798018456,0.09753069281578064,0.0018490941729396582,0.012899749912321568,0.013418086804449558,0.09834642801433802,-1.8577406406402588,-1.8565481901168823
theta3,T4,batch1_0_127,0,6,"(0, 6)",0,7,exact_replay_715_45760_tokens,T4_batch_128,6.857732772827148,7.282472610473633,0.0010513224406167865,0.0010510683059692383,2.541346475481987e-07,0.0002417869952931836,1,0,0.013230567798018456,0.09753069281578064,0.014994989149272442,0.10980327427387238,0.0018449112540110946,0.012641964480280876,0.015262998058460653,0.11098839249461889,-1.7614473104476929,-1.7603962421417236
theta3,T4,batch1_0_127,0,6,"(0, 6)",0,8,exact_replay_715_45760_tokens,T4_batch_128,6.695348739624023,7.202580451965332,0.0009257469209842384,0.0009255409240722656,2.0599691197276115e-07,0.00022256920965352912,1,0,0.014994989149272442,0.10980327427387238,0.016741136088967323,0.1217353567481041,0.001843897276557982,0.012392081320285797,0.017106895335018635,0.12338047381490469,-1.6750385761260986,-1.6741130352020264
theta3,T4,batch1_0_127,0,6,"(0, 6)",0,9,exact_replay_715_45760_tokens,T4_batch_128,6.54236364364624,7.12727165222168,0.0008211263339035213,0.0008208751678466797,2.5116605684161186e-07,0.0003059735105649143,1,0,0.016741136088967323,0.1217353567481041,0.018474675714969635,0.1332676112651825,0.001848870306275785,0.012087071314454079,0.01895576564129442,0.13546754512935877,-1.5971360206604004,-1.5963151454925537
theta3,T4,batch1_0_127,0,6,"(0, 6)",0,10,exact_replay_715_45760_tokens,T4_batch_128,6.39353084564209,7.067304611206055,0.0007330923690460622,0.0007331371307373047,4.4761691242456436e-08,6.105500508130081e-05,1,0,0.018474675714969635,0.1332676112651825,0.020201196894049644,0.14448249340057373,0.0018580816686153412,0.01185156311839819,0.02081384730990976,0.14731910824775696,-1.5271360874176025,-1.5264029502868652
theta3,T4,batch1_0_127,0,6,"(0, 6)",0,11,exact_replay_715_45760_tokens,T4_batch_128,6.250111103057861,7.007237434387207,0.0006617089966312051,0.0006616115570068359,9.743962436914444e-08,0.00014727618243243242,1,0,0.020201196894049644,0.14448249340057373,0.021925317123532295,0.1553778499364853,0.0018706180853769183,0.011621078476309776,0.02268446539528668,0.15894018672406673,-1.467895269393921,-1.467233657836914
theta3,T4,batch1_0_127,0,6,"(0, 6)",0,12,exact_replay_715_45760_tokens,T4_batch_128,6.1140947341918945,6.959437847137451,0.0006014800746925175,0.0006015300750732422,5.00003807246685e-08,8.312199638327388e-05,1,0,0.021925317123532295,0.1553778499364853,0.023652303963899612,0.16607169806957245,0.0018872411455959082,0.011484891176223755,0.024571706540882587,0.1704250779002905,-1.412639856338501,-1.4120383262634277
theta3,T4,batch1_0_127,0,6,"(0, 6)",0,13,exact_replay_715_45760_tokens,T4_batch_128,5.97998046875,6.917917251586914,0.0005459361709654331,0.0005459785461425781,4.237517714500427e-08,7.761326419213974e-05,1,0,0.023652303963899612,0.16607169806957245,0.02538270503282547,0.1765037626028061,0.0019041163614019752,0.011272641830146313,0.026475822902284563,0.1816977197304368,-1.3676302433013916,-1.367084264755249
theta3,T4,batch1_0_127,0,6,"(0, 6)",0,14,exact_replay_715_45760_tokens,T4_batch_128,5.8512797355651855,6.877669811248779,0.0004927064874209464,0.0004926919937133789,1.4493707567453384e-08,2.941737992983305e-05,1,0,0.02538270503282547,0.1765037626028061,0.027119014412164688,0.18664558231830597,0.0019236324587836862,0.011035599745810032,0.02839945536106825,0.19273331947624683,-1.3193484544754028,-1.3188557624816895
theta3,T4,batch1_0_127,0,6,"(0, 6)",0,15,exact_replay_715_45760_tokens,T4_batch_128,5.7262864112854,6.838614463806152,0.0004450592678040266,0.0004451274871826172,6.82193785905838e-08,0.0001532580677557579,1,0,0.027119014412164688,0.18664558231830597,0.028860459104180336,0.19644585251808167,0.0019392201211303473,0.010731694288551807,0.030338675482198596,0.20346501376479864,-1.2767553329467773,-1.2763102054595947
theta3,T4,batch1_0_127,0,6,"(0, 6)",0,16,exact_replay_715_45760_tokens,T4_batch_128,5.610457897186279,6.8001885414123535,0.00040239139343611896,0.00040221214294433594,1.7925049178302288e-07,0.0004456615617590397,1,0,0.028860459104180336,0.19644585251808167,0.030610259622335434,0.2059846669435501,0.001959217246621847,0.010513940826058388,0.03229789272882044,0.21397895459085703,-1.2379543781280518,-1.2375521659851074
theta3,T4,batch1_0_127,0,6,"(0, 6)",0,17,exact_replay_715_45760_tokens,T4_batch_128,5.501194000244141,6.772095203399658,0.00035038357600569725,0.0003504753112792969,9.173527359962463e-08,0.0002617453231292517,1,0,0.030610259622335434,0.2059846669435501,0.03236689791083336,0.2152273952960968,0.0019756252877414227,0.01026361994445324,0.034273518016561866,0.22424257453531027,-1.198740005493164,-1.1983895301818848
theta3,T4,batch1_0_127,0,6,"(0, 6)",0,18,exact_replay_715_45760_tokens,T4_batch_128,5.4023261070251465,6.756693363189697,0.00031331347418017685,0.0003132820129394531,3.1461240723729134e-08,0.00010042466347983257,1,0,0.03236689791083336,0.2152273952960968,0.034132421016693115,0.22425484657287598,0.001991649391129613,0.010075840167701244,0.03626516740769148,0.2343184147030115,-1.1747316122055054,-1.174418330192566
theta3,T4,batch1_0_127,0,6,"(0, 6)",0,19,exact_replay_715_45760_tokens,T4_batch_128,5.304295539855957,6.738956451416016,0.00027482770383358,0.00027489662170410156,6.891787052154541e-08,0.00025070468343451864,1,0,0.034132421016693115,0.22425484657287598,0.035903118550777435,0.2330678552389145,0.002004380337893963,0.009897314943373203,0.03826954774558544,0.24421572964638472,-1.148451566696167,-1.148176670074463
theta3,T4,batch1_0_127,0,6,"(0, 6)",0,20,exact_replay_715_45760_tokens,T4_batch_128,5.207940101623535,6.72815465927124,0.0002424094855086878,0.0002422332763671875,1.762091415002942e-07,0.0007274357352669784,1,0,0.035903118550777435,0.2330678552389145,0.03767988085746765,0.24168330430984497,0.002015375765040517,0.009719019755721092,0.04028492351062596,0.2539347494021058,-1.119938611984253,-1.1196963787078857
theta3,T4,batch1_0_127,0,6,"(0, 6)",0,21,exact_replay_715_45760_tokens,T4_batch_128,5.113601207733154,6.717358589172363,0.00021044028108008206,0.00021028518676757812,1.550943125039339e-07,0.0007375427384495465,1,0,0.03767988085746765,0.24168330430984497,0.039461057633161545,0.25010544061660767,0.002024011453613639,0.009549189358949661,0.0423089349642396,0.26348393876105547,-1.0902819633483887,-1.090071678161621
theta3,T4,batch1_0_127,0,6,"(0, 6)",0,22,exact_replay_715_45760_tokens,T4_batch_128,5.019012451171875,6.708631992340088,0.00019079152843914926,0.00019073486328125,5.666515789926052e-08,0.000297088623046875,1,0,0.039461057633161545,0.25010544061660767,0.04124215245246887,0.2583763599395752,0.0020250810775905848,0.009400193579494953,0.04433401604183018,0.2728841323405504,-1.0655081272125244,-1.0653173923492432
theta3,T4,batch1_0_127,0,6,"(0, 6)",0,23,exact_replay_715_45760_tokens,T4_batch_128,4.928570747375488,6.706779479980469,0.00017173569358419627,0.000171661376953125,7.431663107126951e-08,0.0004329257541232639,1,0,0.04124215245246887,0.2583763599395752,0.0430227555334568,0.26653212308883667,0.0020262058824300766,0.0092738326638937,0.04636022192426026,0.2821579650044441,-1.044834852218628,-1.0446631908416748
theta3,T4,batch1_0_127,0,6,"(0, 6)",0,24,exact_replay_715_45760_tokens,T4_batch_128,4.840187072753906,6.70961332321167,0.00015076130512170494,0.00015079975128173828,3.844616003334522e-08,0.00025494843132411066,1,0,0.0430227555334568,0.26653212308883667,0.04480130225419998,0.27456799149513245,0.0020260047167539597,0.009152119979262352,0.04838622664101422,0.2913100849837065,-1.0266032218933105,-1.0264524221420288
theta3,T4,batch1_0_127,0,6,"(0, 6)",0,25,exact_replay_715_45760_tokens,T4_batch_128,4.757052421569824,6.717045307159424,0.00013238241081126034,0.0001323223114013672,6.00994098931551e-08,0.0004541895411036036,1,0,0.04480130225419998,0.27456799149513245,0.04657592996954918,0.28249236941337585,0.0020232563838362694,0.009032356552779675,0.05040948302485049,0.30034244153648615,-1.0102741718292236,-1.0101418495178223
theta3,T4,batch1_0_127,0,6,"(0, 6)",0,26,exact_replay_715_45760_tokens,T4_batch_128,4.672249794006348,6.728702068328857,0.00012030666403006762,0.00012028217315673828,2.449087332934141e-08,0.00020361182947224976,1,0,0.04657592996954918,0.28249236941337585,0.04834378510713577,0.2902865409851074,0.0020166391041129827,0.008891882374882698,0.05242612212896347,0.30923432391136885,-0.9985126256942749,-0.9983923435211182
theta3,T4,batch1_0_127,0,6,"(0, 6)",0,27,exact_replay_715_45760_tokens,T4_batch_128,4.5936279296875,6.741832256317139,0.00010794556874316186,0.00010800361633300781,5.804758984595537e-08,0.0005374596871550773,1,0,0.04834378510713577,0.2902865409851074,0.05010468512773514,0.29796871542930603,0.0020100553520023823,0.008777230978012085,0.05443617748096585,0.31801155488938093,-0.9882268309593201,-0.9881188273429871
theta3,T4,batch1_0_127,0,6,"(0, 6)",0,28,exact_replay_715_45760_tokens,T4_batch_128,4.51747989654541,6.757822036743164,9.615727321943268e-05,9.590387344360352e-05,2.533997758291662e-07,0.0026422267081650094,1,0,0.05010468512773514,0.29796871542930603,0.05185632407665253,0.305554062128067,0.0019991479348391294,0.008656114339828491,0.05643532541580498,0.3266676692292094,-0.9771358370780945,-0.9770399332046509
theta3,T4,batch1_0_127,0,6,"(0, 6)",0,29,exact_replay_715_45760_tokens,T4_batch_128,4.442569255828857,6.7798171043396,8.947675087256357e-05,8.940696716308594e-05,6.978370947763324e-08,0.000780517578125,1,0,0.05185632407665253,0.305554062128067,0.0535963773727417,0.31299903988838196,0.0019854281563311815,0.008508745580911636,0.058420753572136164,0.33517641481012106,-0.9713047742843628,-0.9712153673171997
theta3,T4,batch1_0_127,0,6,"(0, 6)",0,30,exact_replay_715_45760_tokens,T4_batch_128,4.37191104888916,6.80068302154541,8.228662773035467e-05,8.225440979003906e-05,3.221794031560421e-08,0.0003916864809782609,1,0,0.0535963773727417,0.31299903988838196,0.055322952568531036,0.32031378149986267,0.0019697716925293207,0.008369912393391132,0.060390525264665484,0.3435463272035122,-0.9658811092376709,-0.9657988548278809
theta3,T4,batch1_0_127,0,6,"(0, 6)",0,31,exact_replay_715_45760_tokens,T4_batch_128,4.301804542541504,6.823537826538086,8.126033208100125e-05,8.124113082885742e-05,1.920125214383006e-08,0.00023634890292553192,1,0,0.055322952568531036,0.32031378149986267,0.057035885751247406,0.32750600576400757,0.0019546765834093094,0.008243508636951447,0.062345201848074794,0.35178983584046364,-0.9667900204658508,-0.966708779335022
theta3,T4,batch1_0_127,0,6,"(0, 6)",0,32,exact_replay_715_45760_tokens,T4_batch_128,4.235202312469482,6.856024265289307,7.230759365484118e-05,7.218122482299805e-05,1.2636883184313774e-07,0.0017507160920726672,1,0,0.057035885751247406,0.32750600576400757,0.05873182415962219,0.33456408977508545,0.0019353916868567467,0.008092171512544155,0.06428059353493154,0.3598820073530078,-0.9653041362762451,-0.9652319550514221
theta3,T4,batch1_0_127,0,6,"(0, 6)",0,33,exact_replay_715_45760_tokens,T4_batch_128,4.169675827026367,6.876344680786133,6.630909774685279e-05,6.61015510559082e-05,2.0754669094458222e-07,0.0031398157475766458,1,0,0.05873182415962219,0.33456408977508545,0.060409072786569595,0.34147751331329346,0.0019134777830913663,0.00793429184705019,0.0661940713180229,0.367816299200058,-0.9607558250427246,-0.9606897234916687
theta3,T4,batch1_0_127,0,6,"(0, 6)",0,34,exact_replay_715_45760_tokens,T4_batch_128,4.104623794555664,6.899084091186523,5.8982222981285304e-05,5.888938903808594e-05,9.283394319936633e-08,0.001576412061930668,1,0,0.060409072786569595,0.34147751331329346,0.062064968049526215,0.3482538163661957,0.0018882813164964318,0.007778341881930828,0.06808235263451934,0.3755946410819888,-0.9575543403625488,-0.9574954509735107
theta3,T4,batch1_0_127,0,6,"(0, 6)",0,35,exact_replay_715_45760_tokens,T4_batch_128,4.04420280456543,6.924261093139648,5.3590840252581984e-05,5.358457565307617e-05,6.26459950581193e-09,0.00011691049951334817,1,0,0.062064968049526215,0.3482538163661957,0.06369715929031372,0.35488685965538025,0.0018609254620969296,0.007618790492415428,0.06994327809661627,0.38321343157440424,-0.95331209897995,-0.9532585144042969
theta3,T4,batch1_0_127,0,6,"(0, 6)",0,36,exact_replay_715_45760_tokens,T4_batch_128,3.984795570373535,6.948334693908691,4.723440360976383e-05,4.7147274017333984e-05,8.712959242984653e-08,0.0018480303314633375,1,0,0.06369715929031372,0.35488685965538025,0.06530451774597168,0.3613680303096771,0.0018320804229006171,0.007449744269251823,0.07177535851951689,0.39066317584365606,-0.9459784030914307,-0.9459312558174133
theta3,T4,batch1_0_127,0,6,"(0, 6)",0,37,exact_replay_715_45760_tokens,T4_batch_128,3.93013596534729,6.975955963134766,4.410053588799201e-05,4.398822784423828e-05,1.1230804375372827e-07,0.0025531386295308267,1,0,0.06530451774597168,0.3613680303096771,0.06688795983791351,0.36771026253700256,0.0018053068779408932,0.0072976271621882915,0.07358066539745778,0.39796080300584435,-0.9406907558441162,-0.940646767616272
theta3,T4,batch1_0_127,0,6,"(0, 6)",0,38,exact_replay_715_45760_tokens,T4_batch_128,3.8764357566833496,7.005664825439453,4.268200063961558e-05,4.2557716369628906e-05,1.242842699866742e-07,0.0029203698080794817,1,0,0.06688795983791351,0.36771026253700256,0.06844441592693329,0.37391048669815063,0.0017734742723405361,0.007134636398404837,0.07535413966979831,0.4050954394042492,-0.9373002052307129,-0.9372576475143433
theta3,T4,batch1_0_127,0,6,"(0, 6)",0,39,exact_replay_715_45760_tokens,T4_batch_128,3.8243632316589355,7.030774116516113,3.824785744654946e-05,3.820657730102539e-05,4.128014552406967e-08,0.001080446049873245,1,0,0.06844441592693329,0.37391048669815063,0.06997201591730118,0.3799606263637543,0.0017400974174961448,0.006966057233512402,0.07709423708729446,0.4120614966377616,-0.9302418231964111,-0.9302036166191101
theta3,T4,batch1_0_127,0,7,"(0, 7)",1,0,exact_replay_715_45760_tokens,T4_batch_128,8.261518478393555,8.241799354553223,0.002139776712283492,0.0021393299102783203,4.468020051717758e-07,0.00020885138053048033,1,0,0.0,0.0,0.002155325375497341,0.017117658630013466,0.002155325375497341,0.017117658630013466,0.002155325375497341,0.017117658630013466,-2.075526475906372,-2.0733871459960938
theta3,T4,batch1_0_127,0,7,"(0, 7)",1,1,exact_replay_715_45760_tokens,T4_batch_128,7.955500602722168,8.036816596984863,0.0018960674060508609,0.0018957853317260742,2.8207432478666306e-07,0.00014879022432874302,1,0,0.002155325375497341,0.017117658630013466,0.004248892888426781,0.03386351838707924,0.0020992839708924294,0.01677294448018074,0.0042546093463897705,0.033890603110194206,-1.9623520374298096,-1.9604562520980835
theta3,T4,batch1_0_127,0,7,"(0, 7)",1,2,exact_replay_715_45760_tokens,T4_batch_128,7.678983688354492,7.839026927947998,0.0017065154388546944,0.0017061233520507812,3.9208680391311646e-07,0.0002298115217998882,1,0,0.004248892888426781,0.03386351838707924,0.006276397034525871,0.05011574178934097,0.0020428721327334642,0.01632819138467312,0.006297481479123235,0.050218794494867325,-1.8793344497680664,-1.8776283264160156
theta3,T4,batch1_0_127,0,7,"(0, 7)",1,3,exact_replay_715_45760_tokens,T4_batch_128,7.413667678833008,7.651447772979736,0.001521280617453158,0.0015211105346679688,1.7008278518915176e-07,0.00011181487558777429,1,0,0.006276397034525871,0.05011574178934097,0.00824014376848936,0.06562107056379318,0.001993699697777629,0.01563951000571251,0.008291181176900864,0.06585830450057983,-1.795285701751709,-1.793764591217041
theta3,T4,batch1_0_127,0,7,"(0, 7)",1,4,exact_replay_715_45760_tokens,T4_batch_128,7.1678147315979,7.481126308441162,0.0013328752247616649,0.0013328790664672852,3.841705620288849e-09,2.8822612020391736e-06,1,0,0.00824014376848936,0.06562107056379318,0.01013327855616808,0.08020341396331787,0.001942789414897561,0.014814683236181736,0.010233970591798425,0.08067298773676157,-1.7188475131988525,-1.7175146341323853
theta3,T4,batch1_0_127,0,7,"(0, 7)",1,5,exact_replay_715_45760_tokens,T4_batch_128,6.949907302856445,7.337734699249268,0.0011765352683141828,0.0011764764785766602,5.878973752260208e-08,4.997102669976695e-05,1,0,0.01013327855616808,0.08020341396331787,0.011968658305704594,0.09387893229722977,0.001906022778712213,0.014025313779711723,0.012139993370510638,0.0946983015164733,-1.6642361879348755,-1.6630597114562988
theta3,T4,batch1_0_127,0,7,"(0, 7)",1,6,exact_replay_715_45760_tokens,T4_batch_128,6.7533369064331055,7.2140913009643555,0.0010468801483511925,0.0010466575622558594,2.2258609533309937e-07,0.00021266372437357632,1,0,0.011968658305704594,0.09387893229722977,0.013756719417870045,0.10669055581092834,0.001878882758319378,0.01327747106552124,0.014018876128830016,0.10797577258199453,-1.621598720550537,-1.6205520629882812
theta3,T4,batch1_0_127,0,7,"(0, 7)",1,7,exact_replay_715_45760_tokens,T4_batch_128,6.572526931762695,7.118243217468262,0.000935182673856616,0.0009350776672363281,1.050066202878952e-07,0.00011229721761856196,1,0,0.013756719417870045,0.10669055581092834,0.015510435216128826,0.11872848123311996,0.0018633391009643674,0.01261657290160656,0.015882215229794383,0.1205923454836011,-1.5905132293701172,-1.5895781517028809
theta3,T4,batch1_0_127,0,7,"(0, 7)",1,8,exact_replay_715_45760_tokens,T4_batch_128,6.417633533477783,7.026594638824463,0.0008344578091055155,0.0008344650268554688,7.2177499532699585e-09,8.649553571428571e-06,1,0,0.015510435216128826,0.11872848123311996,0.017238683998584747,0.13016214966773987,0.001855500158853829,0.012111733667552471,0.017737715388648212,0.13270407915115356,-1.565462589263916,-1.5646281242370605
theta3,T4,batch1_0_127,0,7,"(0, 7)",1,9,exact_replay_715_45760_tokens,T4_batch_128,6.271390914916992,6.94586706161499,0.0007326652994379401,0.0007325410842895508,1.2421514838933945e-07,0.000169567483726607,1,0,0.017238683998584747,0.13016214966773987,0.01894579455256462,0.1410665661096573,0.0018516082782298326,0.011690208688378334,0.019589323666878045,0.1443942878395319,-1.5463740825653076,-1.545641541481018
theta3,T4,batch1_0_127,0,7,"(0, 7)",1,10,exact_replay_715_45760_tokens,T4_batch_128,6.129147529602051,6.865407466888428,0.0006412558141164482,0.0006413459777832031,9.016366675496101e-08,0.0001405850662174721,1,0,0.01894579455256462,0.1410665661096573,0.020638277754187584,0.15148714184761047,0.0018545575439929962,0.01128611620515585,0.02144388121087104,0.15568040404468775,-1.5377082824707031,-1.53706693649292
theta3,T4,batch1_0_127,0,7,"(0, 7)",1,11,exact_replay_715_45760_tokens,T4_batch_128,5.999452590942383,6.808223247528076,0.0005504419677890837,0.000550389289855957,5.2677933126688004e-08,9.571031649339398e-05,1,0,0.020638277754187584,0.15148714184761047,0.02232229709625244,0.16146068274974823,0.0018624374642968178,0.01093160081654787,0.02330631867516786,0.16661200486123562,-1.5351005792617798,-1.5345501899719238
theta3,T4,batch1_0_127,0,7,"(0, 7)",1,12,exact_replay_715_45760_tokens,T4_batch_128,5.875019550323486,6.749782085418701,0.00046682916581630707,0.0004668235778808594,5.587935447692871e-09,1.1970122574055158e-05,1,0,0.02232229709625244,0.16146068274974823,0.024004390463232994,0.17109744250774384,0.0018748779548332095,0.01065207738429308,0.025181196630001068,0.1772640822455287,-1.531463623046875,-1.5309967994689941
theta3,T4,batch1_0_127,0,7,"(0, 7)",1,13,exact_replay_715_45760_tokens,T4_batch_128,5.760104179382324,6.699581623077393,0.0003929411177523434,0.0003927946090698242,1.4650868251919746e-07,0.000372990563353566,1,0,0.024004390463232994,0.17109744250774384,0.025689059868454933,0.18038681149482727,0.001887415419332683,0.010348338633775711,0.02706861204933375,0.1876124208793044,-1.5278066396713257,-1.5274138450622559
theta3,T4,batch1_0_127,0,7,"(0, 7)",1,14,exact_replay_715_45760_tokens,T4_batch_128,5.656307220458984,6.658267498016357,0.00032909816945903003,0.00032901763916015625,8.053029887378216e-08,0.00024475982223731886,1,0,0.025689059868454933,0.18038681149482727,0.027379540726542473,0.189443439245224,0.00190135114826262,0.010112589225172997,0.02896996319759637,0.1977250101044774,-1.5286459922790527,-1.5283169746398926
theta3,T4,batch1_0_127,0,7,"(0, 7)",1,15,exact_replay_715_45760_tokens,T4_batch_128,5.554324626922607,6.6199493408203125,0.00024447322357445955,0.00024437904357910156,9.417999535799026e-08,0.0003853849085365854,1,0,0.027379540726542473,0.189443439245224,0.029073234647512436,0.19816233217716217,0.0019153514876961708,0.009819991886615753,0.030885314685292542,0.20754500199109316,-1.5242979526519775,-1.5240535736083984
theta3,T4,batch1_0_127,0,7,"(0, 7)",1,16,exact_replay_715_45760_tokens,T4_batch_128,5.455658912658691,6.590739727020264,0.0001688427582848817,0.00016868114471435547,1.6161357052624226e-07,0.0009581009827738516,1,0,0.029073234647512436,0.19816233217716217,0.030772630125284195,0.20658698678016663,0.0019278801046311855,0.009578671306371689,0.03281319478992373,0.21712367329746485,-1.523031234741211,-1.5228625535964966
theta3,T4,batch1_0_127,0,7,"(0, 7)",1,17,exact_replay_715_45760_tokens,T4_batch_128,5.369948387145996,6.563779354095459,0.00010335877595935017,0.00010347366333007812,1.148873707279563e-07,0.0011103054345478112,1,0,0.030772630125284195,0.20658698678016663,0.03248339146375656,0.2148631364107132,0.001942972419783473,0.009448633529245853,0.0347561672097072,0.2265723068267107,-1.5228493213653564,-1.5227458477020264
theta3,T4,batch1_0_127,0,7,"(0, 7)",1,18,exact_replay_715_45760_tokens,T4_batch_128,5.27987003326416,6.536083698272705,2.986782965308521e-05,2.9802322387695312e-05,6.550726538989693e-08,0.00219805908203125,1,0,0.03248339146375656,0.2148631364107132,0.034203000366687775,0.22291800379753113,0.001956233521923423,0.00927653070539236,0.03671240073163062,0.23584883753210306,-1.5165348052978516,-1.5165050029754639
theta3,T4,batch1_0_127,0,7,"(0, 7)",1,19,exact_replay_715_45760_tokens,T4_batch_128,5.194167137145996,6.514697551727295,-1.9519611669238657e-05,-1.9550323486328125e-05,3.071181708946824e-08,0.0015709109422637195,0,1,0.034203000366687775,0.22291800379753113,0.03593078628182411,0.23088443279266357,0.00196333066560328,0.009183858521282673,0.0386757313972339,0.24503269605338573,-1.5142850875854492,-1.5143046379089355
theta3,T4,batch1_0_127,0,7,"(0, 7)",1,20,exact_replay_715_45760_tokens,T4_batch_128,5.1117658615112305,6.488398551940918,-7.234081567730755e-05,-7.236003875732422e-05,1.922308001667261e-08,0.00026565878552306423,0,1,0.03593078628182411,0.23088443279266357,0.03766757249832153,0.2387722283601761,0.0019716531969606876,0.009113742969930172,0.04064738459419459,0.2541464390233159,-1.5110490322113037,-1.511121392250061
theta3,T4,batch1_0_127,0,7,"(0, 7)",1,21,exact_replay_715_45760_tokens,T4_batch_128,5.030035972595215,6.467668533325195,-0.00011791961878770962,-0.00011789798736572266,2.1631421986967325e-08,0.000183475752812184,0,1,0.03766757249832153,0.2387722283601761,0.039411019533872604,0.24658840894699097,0.001976215746253729,0.009037800133228302,0.04262360034044832,0.2631842391565442,-1.5143500566482544,-1.5144679546356201
theta3,T4,batch1_0_127,0,7,"(0, 7)",1,22,exact_replay_715_45760_tokens,T4_batch_128,4.949645042419434,6.454619407653809,-0.000154863519128412,-0.00015497207641601562,1.0855728760361671e-07,0.0007004957932692308,0,1,0.039411019533872604,0.24658840894699097,0.04115992784500122,0.254364013671875,0.001977915409952402,0.008970080874860287,0.04460151575040072,0.2721543200314045,-1.5123043060302734,-1.5124592781066895
theta3,T4,batch1_0_127,0,7,"(0, 7)",1,23,exact_replay_715_45760_tokens,T4_batch_128,4.869352340698242,6.448009490966797,-0.0002000342501560226,-0.00020003318786621094,1.0622898116707802e-09,5.310567826281287e-06,0,1,0.04115992784500122,0.254364013671875,0.04291139915585518,0.2620949447154999,0.001979242544621229,0.008919045329093933,0.04658075829502195,0.28107336536049843,-1.510406494140625,-1.5106065273284912
theta3,T4,batch1_0_127,0,7,"(0, 7)",1,24,exact_replay_715_45760_tokens,T4_batch_128,4.790588855743408,6.443717956542969,-0.00023828224220778793,-0.00023818016052246094,1.0208168532699347e-07,0.00042859021130505507,0,1,0.04291139915585518,0.2620949447154999,0.04466237872838974,0.26974722743034363,0.0019768725614994764,0.008832038380205631,0.04855763085652143,0.28990540374070406,-1.5051310062408447,-1.5053691864013672
theta3,T4,batch1_0_127,0,7,"(0, 7)",1,25,exact_replay_715_45760_tokens,T4_batch_128,4.711625099182129,6.441641807556152,-0.0002804238465614617,-0.0002804994583129883,7.561175152659416e-08,0.00026956113206544834,0,1,0.04466237872838974,0.26974722743034363,0.04641246050596237,0.2773478925228119,0.001974492333829403,0.008777688257396221,0.05053212319035083,0.2986830919981003,-1.498044729232788,-1.498325228691101
theta3,T4,batch1_0_127,0,7,"(0, 7)",1,26,exact_replay_715_45760_tokens,T4_batch_128,4.63482666015625,6.447699546813965,-0.0003153699799440801,-0.0003153085708618164,6.140908226370811e-08,0.0001947586838374291,0,1,0.04641246050596237,0.2773478925228119,0.048157911747694016,0.2848486602306366,0.001967364689335227,0.008672481402754784,0.05249948787968606,0.30735557340085506,-1.4948972463607788,-1.4952125549316406
theta3,T4,batch1_0_127,0,7,"(0, 7)",1,27,exact_replay_715_45760_tokens,T4_batch_128,4.558010578155518,6.456072807312012,-0.00034768000477924943,-0.0003477334976196289,5.349284037947655e-08,0.00015383286552965374,0,1,0.048157911747694016,0.2848486602306366,0.04989570379257202,0.2922196686267853,0.001956887310370803,0.008539047092199326,0.05445637519005686,0.3158946204930544,-1.4890494346618652,-1.4893971681594849
theta3,T4,batch1_0_127,0,7,"(0, 7)",1,28,exact_replay_715_45760_tokens,T4_batch_128,4.485849380493164,6.465832233428955,-0.0003679057990666479,-0.0003681182861328125,2.1248706616461277e-07,0.0005772249686285622,0,1,0.04989570379257202,0.2922196686267853,0.05162334442138672,0.29948922991752625,0.001943798502907157,0.008425512351095676,0.05640017369296402,0.32432013284415007,-1.4805042743682861,-1.480872392654419
theta3,T4,batch1_0_127,0,7,"(0, 7)",1,29,exact_replay_715_45760_tokens,T4_batch_128,4.413008689880371,6.474677562713623,-0.00038767073419876397,-0.0003877878189086914,1.1708470992743969e-07,0.0003019298291961266,0,1,0.05162334442138672,0.29948922991752625,0.053339362144470215,0.30661192536354065,0.0019282482098788023,0.008272253908216953,0.05832842190284282,0.332592386752367,-1.4677083492279053,-1.468096137046814
theta3,T4,batch1_0_127,0,7,"(0, 7)",1,30,exact_replay_715_45760_tokens,T4_batch_128,4.345592021942139,6.489810943603516,-0.0004019063781015575,-0.0004018545150756836,5.186302587389946e-08,0.0001290592090625927,0,1,0.053339362144470215,0.30661192536354065,0.05504175275564194,0.31362593173980713,0.0019101271172985435,0.00814644806087017,0.06023854902014136,0.3407388348132372,-1.4559959173202515,-1.4563977718353271
theta3,T4,batch1_0_127,0,7,"(0, 7)",1,31,exact_replay_715_45760_tokens,T4_batch_128,4.280030250549316,6.503750324249268,-0.0004156850918661803,-0.00041556358337402344,1.215084921568632e-07,0.0002923944662578887,0,1,0.05504175275564194,0.31362593173980713,0.056728705763816833,0.320546418428421,0.0018904751632362604,0.008035572245717049,0.062129024183377624,0.34877440705895424,-1.4464046955108643,-1.4468202590942383
theta3,T4,batch1_0_127,0,7,"(0, 7)",1,32,exact_replay_715_45760_tokens,T4_batch_128,4.214984893798828,6.5236897468566895,-0.0004250915953889489,-0.0004252195358276367,1.2794043868780136e-07,0.00030088090482197923,0,1,0.056728705763816833,0.320546418428421,0.0583980455994606,0.327360600233078,0.0018678505439311266,0.007907368242740631,0.06399687472730875,0.35668177530169487,-1.4358296394348145,-1.436254858970642
theta3,T4,batch1_0_127,0,7,"(0, 7)",1,33,exact_replay_715_45760_tokens,T4_batch_128,4.151520252227783,6.546619892120361,-0.00043000784353353083,-0.00042998790740966797,1.9936123862862587e-08,4.636438262406432e-05,0,1,0.0583980455994606,0.327360600233078,0.06004880368709564,0.33399850130081177,0.0018447928596287966,0.007737699430435896,0.06584166758693755,0.36441947473213077,-1.4237295389175415,-1.4241595268249512
theta3,T4,batch1_0_127,0,7,"(0, 7)",1,34,exact_replay_715_45760_tokens,T4_batch_128,4.090648651123047,6.573085308074951,-0.0004375390999484807,-0.0004374980926513672,4.100729711353779e-08,9.373137346730245e-05,0,1,0.06004880368709564,0.33399850130081177,0.06167759373784065,0.3405236005783081,0.0018178378231823444,0.007603344041854143,0.06765950541011989,0.3720228187739849,-1.4154870510101318,-1.4159245491027832
theta3,T4,batch1_0_127,0,7,"(0, 7)",1,35,exact_replay_715_45760_tokens,T4_batch_128,4.0341901779174805,6.5990729331970215,-0.0004373210540506989,-0.0004372596740722656,6.137997843325138e-08,0.0001403742034146674,0,1,0.06167759373784065,0.3405236005783081,0.0632845014333725,0.3469281494617462,0.0017920748796314,0.0074677360244095325,0.06945158028975129,0.37949055479839444,-1.4035179615020752,-1.4039552211761475
theta3,T4,batch1_0_127,0,7,"(0, 7)",1,36,exact_replay_715_45760_tokens,T4_batch_128,3.977457046508789,6.628664493560791,-0.0004369560338091105,-0.0004369020462036133,5.398760549724102e-08,0.00012356912943383357,0,1,0.0632845014333725,0.3469281494617462,0.06486678868532181,0.35320207476615906,0.001763204112648964,0.007319130003452301,0.07121478440240026,0.38680968480184674,-1.3907005786895752,-1.3911374807357788
theta3,T4,batch1_0_127,0,7,"(0, 7)",1,37,exact_replay_715_45760_tokens,T4_batch_128,3.92409348487854,6.654133319854736,-0.00043535619624890387,-0.0004353523254394531,3.8708094507455826e-09,8.891211151423877e-06,0,1,0.06486678868532181,0.35320207476615906,0.06642436981201172,0.35935500264167786,0.001733935670927167,0.007174943573772907,0.07294872007332742,0.39398462837561965,-1.377084732055664,-1.3775200843811035
theta3,T4,batch1_0_127,0,7,"(0, 7)",1,38,exact_replay_715_45760_tokens,T4_batch_128,3.8710527420043945,6.680983543395996,-0.00042964646127074957,-0.0004297494888305664,1.0302755981683731e-07,0.0002397386442441054,0,1,0.06642436981201172,0.35935500264167786,0.06795419752597809,0.3653636574745178,0.0017018317012116313,0.0070178029127418995,0.07465055177453905,0.40100243128836155,-1.3652304410934448,-1.3656601905822754
theta3,T4,batch1_0_127,0,7,"(0, 7)",1,39,exact_replay_715_45760_tokens,T4_batch_128,3.821533441543579,6.710104942321777,-0.0004252823709975928,-0.0004253387451171875,5.6374119594693184e-08,0.00013253934714826232,0,1,0.06795419752597809,0.3653636574745178,0.06945697963237762,0.3712472915649414,0.0016705032903701067,0.006872132886201143,0.07632105506490916,0.4078745641745627,-1.3548953533172607,-1.355320692062378
theta3,T4,batch1_0_127,1,2,"(1, 2)",0,0,exact_replay_715_45760_tokens,T4_batch_128,8.330997467041016,8.241799354553223,0.0010043022921308875,0.0010040998458862305,2.0244624465703964e-07,0.00020161963522497922,1,0,0.0,0.0,0.001844664802774787,0.01616206020116806,0.001844664802774787,0.01616206020116806,0.001844664802774787,0.01616206020116806,-1.2668596506118774,-1.2658555507659912
theta3,T4,batch1_0_127,1,2,"(1, 2)",0,1,exact_replay_715_45760_tokens,T4_batch_128,8.064802169799805,8.113740921020508,0.0009262949461117387,0.0009261369705200195,1.5797559171915054e-07,0.00017057476026515638,1,0,0.001844664802774787,0.01616206020116806,0.003638653317466378,0.03199654072523117,0.001798432320356369,0.015857838094234467,0.003643097123131156,0.03201989829540253,-1.2347371578216553,-1.2338110208511353
theta3,T4,batch1_0_127,1,2,"(1, 2)",0,2,exact_replay_715_45760_tokens,T4_batch_128,7.823371887207031,7.9727559089660645,0.0008554847445338964,0.0008554458618164062,3.888271749019623e-08,4.5453159838350055e-05,1,0,0.003638653317466378,0.03199654072523117,0.0053879208862781525,0.04724309965968132,0.001761245890520513,0.015304007567465305,0.005404343013651669,0.04732390586286783,-1.2102078199386597,-1.2093523740768433
theta3,T4,batch1_0_127,1,2,"(1, 2)",0,3,exact_replay_715_45760_tokens,T4_batch_128,7.599948406219482,7.853823184967041,0.0007939685019664466,0.0007936954498291016,2.730521373450756e-07,0.00034402633579903874,1,0,0.0053879208862781525,0.04724309965968132,0.007094630505889654,0.061782412230968475,0.0017301803454756737,0.014668634161353111,0.007134523359127343,0.06199254002422094,-1.1940927505493164,-1.1932990550994873
theta3,T4,batch1_0_127,1,2,"(1, 2)",0,4,exact_replay_715_45760_tokens,T4_batch_128,7.388531684875488,7.7438154220581055,0.0007473696023225784,0.0007472038269042969,1.6577541828155518e-07,0.00022186104020421188,1,0,0.007094630505889654,0.061782412230968475,0.00876997597515583,0.07574819773435593,0.001712406286969781,0.014169812202453613,0.008846929646097124,0.07616235222667456,-1.1843335628509521,-1.1835863590240479
theta3,T4,batch1_0_127,1,2,"(1, 2)",0,5,exact_replay_715_45760_tokens,T4_batch_128,7.195099830627441,7.649589538574219,0.0007140362286008894,0.0007139444351196289,9.17934812605381e-08,0.0001285723044331274,1,0,0.00876997597515583,0.07574819773435593,0.010423779487609863,0.08924137055873871,0.0017057341756299138,0.013769273646175861,0.010552663821727037,0.08993162587285042,-1.1834553480148315,-1.182741403579712
theta3,T4,batch1_0_127,1,2,"(1, 2)",0,6,exact_replay_715_45760_tokens,T4_batch_128,7.004218578338623,7.5762176513671875,0.0006927586509846151,0.0006927251815795898,3.346940502524376e-08,4.831555992944416e-05,1,0,0.010423779487609863,0.08924137055873871,0.012064878828823566,0.1024177074432373,0.00170875561889261,0.013511077500879765,0.012261419440619648,0.10344270337373018,-1.1785839796066284,-1.1778912544250488
theta3,T4,batch1_0_127,1,2,"(1, 2)",0,7,exact_replay_715_45760_tokens,T4_batch_128,6.818323135375977,7.517475605010986,0.0006722411490045488,0.0006721019744873047,1.3917451724410057e-07,0.00020707351343561548,1,0,0.012064878828823566,0.1024177074432373,0.013695080764591694,0.1151672750711441,0.001714031444862485,0.013148913159966469,0.013975450885482132,0.11659161653369665,-1.1775884628295898,-1.1769163608551025
theta3,T4,batch1_0_127,1,2,"(1, 2)",0,8,exact_replay_715_45760_tokens,T4_batch_128,6.648750305175781,7.455162048339844,0.0006532032275572419,0.0006530284881591797,1.7473939806222916e-07,0.00026758311655713764,1,0,0.013695080764591694,0.1151672750711441,0.015322631224989891,0.1275510936975479,0.001726604183204472,0.012856491841375828,0.015702055068686604,0.12944810837507248,-1.1705546379089355,-1.1699016094207764
theta3,T4,batch1_0_127,1,2,"(1, 2)",0,9,exact_replay_715_45760_tokens,T4_batch_128,6.481603622436523,7.391873836517334,0.0006317557999864221,0.0006316900253295898,6.577465683221817e-08,0.00010412489384789583,1,0,0.015322631224989891,0.1275510936975479,0.016950104385614395,0.13960619270801544,0.0017429022118449211,0.012611993588507175,0.017444957280531526,0.14206010196357965,-1.1703578233718872,-1.1697261333465576
theta3,T4,batch1_0_127,1,2,"(1, 2)",0,10,exact_replay_715_45760_tokens,T4_batch_128,6.320858955383301,7.338784217834473,0.0006118548917584121,0.0006119012832641602,4.6391505748033524e-08,7.581534312293006e-05,1,0,0.016950104385614395,0.13960619270801544,0.018581384792923927,0.15137474238872528,0.0017613968811929226,0.012402970343828201,0.019206354161724448,0.15446307230740786,-1.1729272603988647,-1.1723153591156006
theta3,T4,batch1_0_127,1,2,"(1, 2)",0,11,exact_replay_715_45760_tokens,T4_batch_128,6.166288375854492,7.292551517486572,0.0005961699644103646,0.0005960464477539062,1.2351665645837784e-07,0.0002072265625,1,0,0.018581384792923927,0.15137474238872528,0.020220207050442696,0.1629193127155304,0.0017800637288019061,0.012236951850354671,0.020986417890526354,0.16670002415776253,-1.1766116619110107,-1.1760156154632568
theta3,T4,batch1_0_127,1,2,"(1, 2)",0,12,exact_replay_715_45760_tokens,T4_batch_128,6.007416725158691,7.243446350097656,0.0005753597943112254,0.0005754232406616211,6.344635039567947e-08,0.00011026031955666045,1,0,0.020220207050442696,0.1629193127155304,0.021866891533136368,0.17419573664665222,0.0018003009026870131,0.012031340040266514,0.022786718793213367,0.17873136419802904,-1.1765730381011963,-1.1759976148605347
theta3,T4,batch1_0_127,1,2,"(1, 2)",0,13,exact_replay_715_45760_tokens,T4_batch_128,5.860239028930664,7.1926727294921875,0.0005436219507828355,0.0005435943603515625,2.759043127298355e-08,5.075555098684211e-05,1,0,0.021866891533136368,0.17419573664665222,0.023521119728684425,0.1852906048297882,0.0018192968564108014,0.011895652860403061,0.02460601564962417,0.1906270170584321,-1.1754730939865112,-1.1749294996261597
theta3,T4,batch1_0_127,1,2,"(1, 2)",0,14,exact_replay_715_45760_tokens,T4_batch_128,5.713050365447998,7.143028259277344,0.0005001644021831453,0.0005002021789550781,3.777677193284035e-08,7.552300554099141e-05,1,0,0.023521119728684425,0.1852906048297882,0.02518206089735031,0.19619229435920715,0.001838168129324913,0.011756200343370438,0.026444183778949082,0.20238321740180254,-1.1773929595947266,-1.1768927574157715
theta3,T4,batch1_0_127,1,2,"(1, 2)",0,15,exact_replay_715_45760_tokens,T4_batch_128,5.570531845092773,7.102608680725098,0.0004636092926375568,0.00046372413635253906,1.148437149822712e-07,0.00024765524582262213,1,0,0.02518206089735031,0.19619229435920715,0.02684950642287731,0.2069362848997116,0.0018536532297730446,0.011626224964857101,0.028297837008722126,0.21400944236665964,-1.176832675933838,-1.1763689517974854
theta3,T4,batch1_0_127,1,2,"(1, 2)",0,16,exact_replay_715_45760_tokens,T4_batch_128,5.434935092926025,7.059968948364258,0.00040907514630816877,0.00040912628173828125,5.113543011248112e-08,0.00012498691087558275,1,0,0.02684950642287731,0.2069362848997116,0.028521696105599403,0.21748006343841553,0.0018707502167671919,0.011496607214212418,0.03016858722548932,0.22550604958087206,-1.178446888923645,-1.1780377626419067
theta3,T4,batch1_0_127,1,2,"(1, 2)",0,17,exact_replay_715_45760_tokens,T4_batch_128,5.302609920501709,7.013123512268066,0.00036476884270086884,0.0003647804260253906,1.1583324521780014e-08,3.1754238153594774e-05,1,0,0.028521696105599403,0.21748006343841553,0.030195586383342743,0.2278512418270111,0.001878086244687438,0.011370419524610043,0.032046673470176756,0.2368764691054821,-1.1856739521026611,-1.1853091716766357
theta3,T4,batch1_0_127,1,2,"(1, 2)",0,18,exact_replay_715_45760_tokens,T4_batch_128,5.174427509307861,6.969353199005127,0.0003145532391499728,0.00031447410583496094,7.913331501185894e-08,0.0002516369823256255,1,0,0.030195586383342743,0.2278512418270111,0.03186723217368126,0.23809029161930084,0.0018822526326403022,0.011249667964875698,0.03392892610281706,0.2481261370703578,-1.1972675323486328,-1.1969530582427979
theta3,T4,batch1_0_127,1,2,"(1, 2)",0,19,exact_replay_715_45760_tokens,T4_batch_128,5.045068740844727,6.921957492828369,0.0002587496128398925,0.0002586841583251953,6.54545146971941e-08,0.0002530286938364055,1,0,0.03186723217368126,0.23809029161930084,0.033531926572322845,0.24811430275440216,0.0018805325962603092,0.011049043387174606,0.03580945869907737,0.2591751804575324,-1.2134453058242798,-1.2131866216659546
theta3,T4,batch1_0_127,1,2,"(1, 2)",0,20,exact_replay_715_45760_tokens,T4_batch_128,4.924459934234619,6.867812633514404,0.0001959525397978723,0.00019598007202148438,2.7532223612070084e-08,0.00014048481219586375,1,0,0.033531926572322845,0.24811430275440216,0.03518806770443916,0.2578328847885132,0.0018767648143693805,0.0107799107208848,0.03768622351344675,0.2699550911784172,-1.2349112033843994,-1.234715223312378
theta3,T4,batch1_0_127,1,2,"(1, 2)",0,21,exact_replay_715_45760_tokens,T4_batch_128,4.809082984924316,6.824390411376953,0.00012755098578054458,0.00012743473052978516,1.1625525075942278e-07,0.0009122728966908326,1,0,0.03518806770443916,0.2578328847885132,0.03683219105005264,0.2672709822654724,0.0018677571788430214,0.010514728724956512,0.03955398069228977,0.2804698199033737,-1.2521897554397583,-1.2520623207092285
theta3,T4,batch1_0_127,1,2,"(1, 2)",0,22,exact_replay_715_45760_tokens,T4_batch_128,4.70093297958374,6.787833213806152,5.367349513107911e-05,5.364418029785156e-05,2.9314833227545023e-08,0.0005464680989583333,1,0,0.03683219105005264,0.2672709822654724,0.03846224769949913,0.27650392055511475,0.001856464077718556,0.010316573083400726,0.041410444770008326,0.29078639298677444,-1.2697670459747314,-1.2697134017944336
theta3,T4,batch1_0_127,1,2,"(1, 2)",0,23,exact_replay_715_45760_tokens,T4_batch_128,4.595273017883301,6.757143497467041,-1.9104574676021002e-05,-1.919269561767578e-05,8.812094165477902e-08,0.004591379106414984,0,1,0.03846224769949913,0.27650392055511475,0.04007520526647568,0.2854415774345398,0.001840087934397161,0.010025005787611008,0.04325053270440549,0.30081139877438545,-1.2874467372894287,-1.2874659299850464
theta3,T4,batch1_0_127,1,2,"(1, 2)",0,24,exact_replay_715_45760_tokens,T4_batch_128,4.495048522949219,6.716371536254883,-0.00010054312588181347,-0.00010061264038085938,6.951449904590845e-08,0.0006909121834271327,0,1,0.04007520526647568,0.2854415774345398,0.0416683703660965,0.29408058524131775,0.0018213371513411403,0.009733369573950768,0.04507186985574663,0.3105447683483362,-1.3079904317855835,-1.3080910444259644
theta3,T4,batch1_0_127,1,2,"(1, 2)",0,25,exact_replay_715_45760_tokens,T4_batch_128,4.40056037902832,6.676008224487305,-0.00017436854250263423,-0.00017440319061279297,3.4648110158741474e-08,0.0001986667218472317,0,1,0.0416683703660965,0.29408058524131775,0.04324088990688324,0.30244287848472595,0.0018001396674662828,0.009462504647672176,0.04687200952321291,0.3200072729960084,-1.32323157787323,-1.3234059810638428
theta3,T4,batch1_0_127,1,2,"(1, 2)",0,26,exact_replay_715_45760_tokens,T4_batch_128,4.3109588623046875,6.638264179229736,-0.00025035248836502433,-0.0002503395080566406,1.2980308383703232e-08,5.1850818452380955e-05,0,1,0.04324088990688324,0.30244287848472595,0.04479077085852623,0.3104929029941559,0.0017772725550457835,0.009157121181488037,0.04864928207825869,0.32916439417749643,-1.342193841934204,-1.3424441814422607
theta3,T4,batch1_0_127,1,2,"(1, 2)",0,27,exact_replay_715_45760_tokens,T4_batch_128,4.229544639587402,6.602198123931885,-0.0003191992291249335,-0.0003192424774169922,4.3248292058706284e-08,0.00013547160894324123,0,1,0.04479077085852623,0.3104929029941559,0.04631856083869934,0.31826159358024597,0.0017525303410366178,0.008885706774890423,0.05040181241929531,0.33805010095238686,-1.3644999265670776,-1.3648191690444946
theta3,T4,batch1_0_127,1,2,"(1, 2)",0,28,exact_replay_715_45760_tokens,T4_batch_128,4.149538040161133,6.565453052520752,-0.00039450370240956545,-0.0003947019577026367,1.9825529307127e-07,0.000502291131833283,0,1,0.04631856083869934,0.31826159358024597,0.0478198267519474,0.3257594406604767,0.0017239474691450596,0.008620836772024632,0.05212575988844037,0.3466709377244115,-1.385695219039917,-1.3860899209976196
theta3,T4,batch1_0_127,1,2,"(1, 2)",0,29,exact_replay_715_45760_tokens,T4_batch_128,4.075793743133545,6.539525032043457,-0.00044603509013541043,-0.00044608116149902344,4.607136361300945e-08,0.00010328022698423303,0,1,0.0478198267519474,0.3257594406604767,0.04929504916071892,0.3330165445804596,0.0016943385126069188,0.008372737094759941,0.05382009840104729,0.35504367481917143,-1.4058550596237183,-1.4063011407852173
theta3,T4,batch1_0_127,1,2,"(1, 2)",0,30,exact_replay_715_45760_tokens,T4_batch_128,4.006373405456543,6.51732873916626,-0.0005150741199031472,-0.0005152225494384766,1.484295353293419e-07,0.0002880881970152707,0,1,0.04929504916071892,0.3330165445804596,0.050742607563734055,0.34000664949417114,0.0016639743698760867,0.008106552995741367,0.055484072770923376,0.3631502278149128,-1.4303268194198608,-1.4308420419692993
theta3,T4,batch1_0_127,1,2,"(1, 2)",0,31,exact_replay_715_45760_tokens,T4_batch_128,3.9407243728637695,6.4890360832214355,-0.0005623578326776624,-0.0005624294281005859,7.159542292356491e-08,0.0001272967226579059,0,1,0.050742607563734055,0.34000664949417114,0.05216027423739433,0.34673750400543213,0.0016296415124088526,0.007847115397453308,0.05711371428333223,0.3709973432123661,-1.4547715187072754,-1.455333948135376
theta3,T4,batch1_0_127,1,2,"(1, 2)",0,32,exact_replay_715_45760_tokens,T4_batch_128,3.8779284954071045,6.465452671051025,-0.0006183084333315492,-0.0006184577941894531,1.4936085790395737e-07,0.00024150533683500386,0,1,0.05216027423739433,0.34673750400543213,0.05354851856827736,0.35321542620658875,0.0015963531332090497,0.007588698994368315,0.05871006741654128,0.3785860422067344,-1.4783157110214233,-1.4789341688156128
theta3,T4,batch1_0_127,1,2,"(1, 2)",0,33,exact_replay_715_45760_tokens,T4_batch_128,3.815753698348999,6.445885181427002,-0.0006722917896695435,-0.000672459602355957,1.6781268641352654e-07,0.00024955058389469954,0,1,0.05354851856827736,0.35321542620658875,0.054907169193029404,0.35946401953697205,0.0015629035187885165,0.0073556858114898205,0.060272970935329795,0.38594172801822424,-1.505113959312439,-1.505786418914795
theta3,T4,batch1_0_127,1,2,"(1, 2)",0,34,exact_replay_715_45760_tokens,T4_batch_128,3.7591090202331543,6.426871299743652,-0.0007176007493399084,-0.0007176399230957031,3.9173755794763565e-08,5.458692379568106e-05,0,1,0.054907169193029404,0.35946401953697205,0.0562351755797863,0.3654802143573761,0.0015273219905793667,0.007117985747754574,0.06180029292590916,0.3930597137659788,-1.5304179191589355,-1.5311355590820312
theta3,T4,batch1_0_127,1,2,"(1, 2)",0,35,exact_replay_715_45760_tokens,T4_batch_128,3.708040475845337,6.412108898162842,-0.0007593632908537984,-0.0007594823837280273,1.1909287422895432e-07,0.0001568079481243133,0,1,0.0562351755797863,0.3654802143573761,0.05753310024738312,0.3712818920612335,0.0014924724819138646,0.006897935178130865,0.06329276540782303,0.3999576489441097,-1.5560121536254883,-1.5567716360092163
theta3,T4,batch1_0_127,1,2,"(1, 2)",0,36,exact_replay_715_45760_tokens,T4_batch_128,3.660537004470825,6.403162479400635,-0.0008025554707273841,-0.0008027553558349609,1.9988510757684708e-07,0.00024899878415503415,0,1,0.05753310024738312,0.3712818920612335,0.058802530169487,0.37689855694770813,0.0014587340410798788,0.006695397198200226,0.0647514994489029,0.4066530461423099,-1.5818793773651123,-1.5826821327209473
theta3,T4,batch1_0_127,1,2,"(1, 2)",0,37,exact_replay_715_45760_tokens,T4_batch_128,3.6172478199005127,6.39228630065918,-0.0008463478880003095,-0.0008466243743896484,2.764863893389702e-07,0.0003265750404815545,0,1,0.058802530169487,0.37689855694770813,0.06004290282726288,0.3823348879814148,0.001424867194145918,0.006503558252006769,0.06617636664304882,0.4131566043943167,-1.607273817062378,-1.6081204414367676
theta3,T4,batch1_0_127,1,2,"(1, 2)",0,38,exact_replay_715_45760_tokens,T4_batch_128,3.5765914916992188,6.38106107711792,-0.0008713513379916549,-0.0008717775344848633,4.2619649320840836e-07,0.0004888821704498838,0,1,0.06004290282726288,0.3823348879814148,0.061255212873220444,0.387606143951416,0.0013913013972342014,0.006325916387140751,0.06756766804028302,0.4194825207814574,-1.6327881813049316,-1.6336599588394165
theta3,T4,batch1_0_127,1,2,"(1, 2)",0,39,exact_replay_715_45760_tokens,T4_batch_128,3.5366580486297607,6.370818138122559,-0.0008965688175521791,-0.0008968114852905273,2.426677383482456e-07,0.0002705894631463512,0,1,0.061255212873220444,0.387606143951416,0.06243928521871567,0.39271029829978943,0.0013576436322182417,0.0061407736502587795,0.06892531167250127,0.4256232944317162,-1.6585198640823364,-1.659416675567627
theta3,T4,batch1_0_127,1,3,"(1, 3)",0,0,exact_replay_715_45760_tokens,T4_batch_128,8.298666000366211,8.241799354553223,0.0009794537909328938,0.000979304313659668,1.494772732257843e-07,0.00015263618381010347,1,0,0.0,0.0,0.0018868751358240843,0.015551160089671612,0.0018868751358240843,0.015551160089671612,0.0018868751358240843,0.015551160089671612,-0.9780178070068359,-0.9770385026931763
theta3,T4,batch1_0_127,1,3,"(1, 3)",0,1,exact_replay_715_45760_tokens,T4_batch_128,8.056529998779297,8.120704650878906,0.0008975260425359011,0.0008974075317382812,1.1851079761981964e-07,0.00013205906283209352,1,0,0.0018868751358240843,0.015551160089671612,0.003723623463883996,0.030701426789164543,0.001841456163674593,0.01517429854720831,0.0037283312994986773,0.03072545863687992,-0.9633480906486511,-0.9624506831169128
theta3,T4,batch1_0_127,1,3,"(1, 3)",0,2,exact_replay_715_45760_tokens,T4_batch_128,7.816693305969238,7.990779399871826,0.0008435859926976264,0.0008434057235717773,1.8026912584900856e-07,0.00021373950971731448,1,0,0.003723623463883996,0.030701426789164543,0.005522649269551039,0.04557476565241814,0.0018111772369593382,0.014927510172128677,0.0055395085364580154,0.0456529688090086,-0.9540132284164429,-0.9531698226928711
theta3,T4,batch1_0_127,1,3,"(1, 3)",0,3,exact_replay_715_45760_tokens,T4_batch_128,7.584897994995117,7.876182556152344,0.0007940168725326657,0.0007939338684082031,8.300412446260452e-08,0.00010454790728228228,1,0,0.005522649269551039,0.04557476565241814,0.0072863539680838585,0.06018538400530815,0.001787053421139717,0.014706571586430073,0.0073265619575977325,0.06035954039543867,-0.9422504901885986,-0.9414565563201904
theta3,T4,batch1_0_127,1,3,"(1, 3)",0,4,exact_replay_715_45760_tokens,T4_batch_128,7.359953880310059,7.769119739532471,0.0007432781276293099,0.0007431507110595703,1.2741656973958015e-07,0.00017145454864453,1,0,0.0072863539680838585,0.06018538400530815,0.009016050957143307,0.07450901716947556,0.0017683602636680007,0.01447964645922184,0.009094922221265733,0.07483918685466051,-0.9399774074554443,-0.9392342567443848
theta3,T4,batch1_0_127,1,3,"(1, 3)",0,5,exact_replay_715_45760_tokens,T4_batch_128,7.155417442321777,7.672509670257568,0.0007147861178964376,0.0007146596908569336,1.264270395040512e-07,0.00017690523352793995,1,0,0.009016050957143307,0.07450901716947556,0.010722862556576729,0.08863695710897446,0.0017607479821890593,0.014357256703078747,0.010855670203454792,0.08919644355773926,-0.9413464069366455,-0.9406317472457886
theta3,T4,batch1_0_127,1,3,"(1, 3)",0,6,exact_replay_715_45760_tokens,T4_batch_128,6.945987701416016,7.5688958168029785,0.0006933474214747548,0.0006933212280273438,2.6193447411060333e-08,3.777967030605227e-05,1,0,0.010722862556576729,0.08863695710897446,0.012411616742610931,0.10239597409963608,0.0017606235342100263,0.014052060432732105,0.012616293737664819,0.10324850399047136,-0.9499020576477051,-0.9492087364196777
theta3,T4,batch1_0_127,1,3,"(1, 3)",0,7,exact_replay_715_45760_tokens,T4_batch_128,6.749889373779297,7.475124835968018,0.0006761514814570546,0.0006760954856872559,5.5995769798755646e-08,8.282228026095389e-05,1,0,0.012411616742610931,0.10239597409963608,0.014086751267313957,0.11574112623929977,0.0017652165843173862,0.013712511397898197,0.014381510321982205,0.11696101538836956,-0.957435667514801,-0.9567595720291138
theta3,T4,batch1_0_127,1,3,"(1, 3)",0,8,exact_replay_715_45760_tokens,T4_batch_128,6.568293571472168,7.401552677154541,0.0006532866391353309,0.0006532669067382812,1.973239704966545e-08,3.020571966240876e-05,1,0,0.014086751267313957,0.11574112623929977,0.015752002596855164,0.12859869003295898,0.0017752075800672174,0.013311817310750484,0.016156717902049422,0.13027283269912004,-0.9642828106880188,-0.9636295437812805
theta3,T4,batch1_0_127,1,3,"(1, 3)",0,9,exact_replay_715_45760_tokens,T4_batch_128,6.391284942626953,7.320311069488525,0.0006304917042143643,0.000630497932434082,6.2282197177410126e-09,9.878255577613915e-06,1,0,0.015752002596855164,0.12859869003295898,0.017408909276127815,0.14111557602882385,0.0017862862441688776,0.013050747103989124,0.0179430041462183,0.14332357980310917,-0.9715898633003235,-0.9709593653678894
theta3,T4,batch1_0_127,1,3,"(1, 3)",0,10,exact_replay_715_45760_tokens,T4_batch_128,6.218869209289551,7.252809524536133,0.0006036393460817635,0.0006035566329956055,8.271308615803719e-08,0.00013704279206991902,1,0,0.017408909276127815,0.14111557602882385,0.019059719517827034,0.15323375165462494,0.0017970317276194692,0.012732066214084625,0.01974003587383777,0.1560556460171938,-0.9807792901992798,-0.9801757335662842
theta3,T4,batch1_0_127,1,3,"(1, 3)",0,11,exact_replay_715_45760_tokens,T4_batch_128,6.051250457763672,7.183183670043945,0.0005895289941690862,0.0005893707275390625,1.5826663002371788e-07,0.0002685349350222492,1,0,0.019059719517827034,0.15323375165462494,0.02071053721010685,0.16505363583564758,0.0018105090130120516,0.01250002346932888,0.02155054488684982,0.16855566948652267,-0.9892827272415161,-0.988693356513977
theta3,T4,batch1_0_127,1,3,"(1, 3)",0,12,exact_replay_715_45760_tokens,T4_batch_128,5.882359027862549,7.112025737762451,0.0005619117291644216,0.000561833381652832,7.834751158952713e-08,0.0001394497268194356,1,0,0.02071053721010685,0.16505363583564758,0.022358998656272888,0.17646166682243347,0.0018219484481960535,0.012177095748484135,0.023372493335045874,0.1807327652350068,-0.9952242374420166,-0.9946624040603638
theta3,T4,batch1_0_127,1,3,"(1, 3)",0,13,exact_replay_715_45760_tokens,T4_batch_128,5.732670783996582,7.0557355880737305,0.0005381739465519786,0.0005381107330322266,6.32135197520256e-08,0.00011747306989366416,1,0,0.022358998656272888,0.17646166682243347,0.024007633328437805,0.18759480118751526,0.0018334148917347193,0.011955604888498783,0.025205908226780593,0.1926883701235056,-1.0042768716812134,-1.0037387609481812
theta3,T4,batch1_0_127,1,3,"(1, 3)",0,14,exact_replay_715_45760_tokens,T4_batch_128,5.589348793029785,6.996638774871826,0.0004965226398780942,0.0004965066909790039,1.594889909029007e-08,3.212222388955582e-05,1,0,0.024007633328437805,0.18759480118751526,0.025652481243014336,0.19840246438980103,0.001840676530264318,0.01167991105467081,0.02704658475704491,0.2043682811781764,-1.014349341392517,-1.013852834701538
theta3,T4,batch1_0_127,1,3,"(1, 3)",0,15,exact_replay_715_45760_tokens,T4_batch_128,5.454433917999268,6.941472053527832,0.0004569032753352076,0.00045692920684814453,2.593151293694973e-08,5.675170802895904e-05,1,0,0.025652481243014336,0.19840246438980103,0.027293246239423752,0.20885290205478668,0.00184680859092623,0.011365428566932678,0.02889339334797114,0.21573370974510908,-1.0328067541122437,-1.0323498249053955
theta3,T4,batch1_0_127,1,3,"(1, 3)",0,16,exact_replay_715_45760_tokens,T4_batch_128,5.326266288757324,6.906205654144287,0.0004318062274251133,0.0004317760467529297,3.018067218363285e-08,6.989890340281612e-05,1,0,0.027293246239423752,0.20885290205478668,0.028933003544807434,0.21909119188785553,0.0018504364416003227,0.011160740628838539,0.030743829789571464,0.22689445037394762,-1.0537618398666382,-1.0533300638198853
theta3,T4,batch1_0_127,1,3,"(1, 3)",0,17,exact_replay_715_45760_tokens,T4_batch_128,5.202671527862549,6.872334957122803,0.0003829680208582431,0.0003829002380371094,6.77828211337328e-08,0.00017702475579856787,1,0,0.028933003544807434,0.21909119188785553,0.030562138184905052,0.22904056310653687,0.0018464381573721766,0.010897809639573097,0.03259026794694364,0.23779226001352072,-1.0742464065551758,-1.0738635063171387
theta3,T4,batch1_0_127,1,3,"(1, 3)",0,18,exact_replay_715_45760_tokens,T4_batch_128,5.0821452140808105,6.8409037590026855,0.00030990783125162125,0.0003097057342529297,2.0209699869155884e-07,0.0006525452270977675,1,0,0.030562138184905052,0.22904056310653687,0.03217807784676552,0.23865701258182526,0.001841217395849526,0.01060827262699604,0.03443148534279317,0.24840053264051676,-1.0987251996994019,-1.098415493965149
theta3,T4,batch1_0_127,1,3,"(1, 3)",0,19,exact_replay_715_45760_tokens,T4_batch_128,4.967864036560059,6.816616058349609,0.00026061313110403717,0.0002605915069580078,2.1624146029353142e-08,8.298100840576396e-05,1,0,0.03217807784676552,0.23865701258182526,0.033781711012125015,0.24803969264030457,0.0018302729586139321,0.010394053533673286,0.0362617583014071,0.25879458617419004,-1.1197668313980103,-1.1195062398910522
theta3,T4,batch1_0_127,1,3,"(1, 3)",0,20,exact_replay_715_45760_tokens,T4_batch_128,4.863753318786621,6.795687675476074,0.000189639933523722,0.00018966197967529297,2.204615157097578e-08,0.00011623917249371465,1,0,0.033781711012125015,0.24803969264030457,0.03537394106388092,0.25719112157821655,0.001822488266043365,0.010196876712143421,0.038084246567450464,0.26899146288633347,-1.1421791315078735,-1.1419894695281982
theta3,T4,batch1_0_127,1,3,"(1, 3)",0,21,exact_replay_715_45760_tokens,T4_batch_128,4.75982666015625,6.776634693145752,0.00012166574742877856,0.00012171268463134766,4.693720256909728e-08,0.00038563936627693436,1,0,0.03537394106388092,0.25719112157821655,0.03695201873779297,0.2661687731742859,0.001810252433642745,0.01003502681851387,0.03989449900109321,0.27902648970484734,-1.167648434638977,-1.1675267219543457
theta3,T4,batch1_0_127,1,3,"(1, 3)",0,22,exact_replay_715_45760_tokens,T4_batch_128,4.661011695861816,6.759368419647217,6.0964524891460314e-05,6.079673767089844e-05,1.677872205618769e-07,0.0027598063151041668,1,0,0.03695201873779297,0.2661687731742859,0.038515280932188034,0.2749289274215698,0.0017961171688511968,0.009833122603595257,0.041690616169944406,0.2888596123084426,-1.194441556930542,-1.194380760192871
theta3,T4,batch1_0_127,1,3,"(1, 3)",0,23,exact_replay_715_45760_tokens,T4_batch_128,4.564108371734619,6.741262435913086,-2.0107681848458014e-05,-2.014636993408203e-05,3.868808562401682e-08,0.001920350204558062,0,1,0.038515280932188034,0.2749289274215698,0.040060754865407944,0.2834450304508209,0.0017803304363042116,0.009607966989278793,0.04347094660624862,0.2984675792977214,-1.221243143081665,-1.2212632894515991
theta3,T4,batch1_0_127,1,3,"(1, 3)",0,24,exact_replay_715_45760_tokens,T4_batch_128,4.473235130310059,6.720737934112549,-9.100289025809616e-05,-9.107589721679688e-05,7.30069587007165e-08,0.0008016057039430629,0,1,0.040060754865407944,0.2834450304508209,0.04158642515540123,0.29173019528388977,0.0017604728927835822,0.009396652691066265,0.0452314194990322,0.30786423198878765,-1.2441561222076416,-1.2442471981048584
theta3,T4,batch1_0_127,1,3,"(1, 3)",0,25,exact_replay_715_45760_tokens,T4_batch_128,4.386707305908203,6.705992698669434,-0.00017174854292534292,-0.00017189979553222656,1.5125260688364506e-07,0.0008798882303224688,0,1,0.04158642515540123,0.29173019528388977,0.043091028928756714,0.2997901737689972,0.0017387783154845238,0.009181540459394455,0.04697019781451672,0.3170457724481821,-1.2670506238937378,-1.26722252368927
theta3,T4,batch1_0_127,1,3,"(1, 3)",0,26,exact_replay_715_45760_tokens,T4_batch_128,4.3039164543151855,6.692956924438477,-0.0002444529964122921,-0.00024449825286865234,4.525645636022091e-08,0.00018509930369332034,0,1,0.043091028928756714,0.2997901737689972,0.04457321763038635,0.30761173367500305,0.0017146688187494874,0.008960934355854988,0.04868486663326621,0.3260067068040371,-1.2906774282455444,-1.290921926498413
theta3,T4,batch1_0_127,1,3,"(1, 3)",0,27,exact_replay_715_45760_tokens,T4_batch_128,4.223001956939697,6.682690143585205,-0.0003214899043086916,-0.00032150745391845703,1.7549609765410423e-08,5.458539001668521e-05,0,1,0.04457321763038635,0.30761173367500305,0.046031367033720016,0.31518080830574036,0.0016890289261937141,0.008724944666028023,0.050373895559459925,0.3347316514700651,-1.3142788410186768,-1.3146003484725952
theta3,T4,batch1_0_127,1,3,"(1, 3)",0,28,exact_replay_715_45760_tokens,T4_batch_128,4.148065567016602,6.6680426597595215,-0.00039202201878651977,-0.00039207935333251953,5.7334545999765396e-08,0.00014623199490726665,0,1,0.046031367033720016,0.31518080830574036,0.047465868294239044,0.32251983880996704,0.0016620757523924112,0.00849855039268732,0.052035971311852336,0.34323020186275244,-1.339308738708496,-1.3397008180618286
theta3,T4,batch1_0_127,1,3,"(1, 3)",0,29,exact_replay_715_45760_tokens,T4_batch_128,4.07623815536499,6.655902862548828,-0.0004486335383262485,-0.0004487037658691406,7.022754289209843e-08,0.0001565120425411796,0,1,0.047465868294239044,0.32251983880996704,0.04887613654136658,0.3296418786048889,0.0016336722765117884,0.00827973335981369,0.053669643588364124,0.35150993522256613,-1.364256739616394,-1.3647054433822632
theta3,T4,batch1_0_127,1,3,"(1, 3)",0,30,exact_replay_715_45760_tokens,T4_batch_128,4.00390100479126,6.64547061920166,-0.0005243447958491743,-0.0005246400833129883,2.9528746381402016e-07,0.0005628381688820722,0,1,0.04887613654136658,0.3296418786048889,0.05025877058506012,0.3365231454372406,0.0016023485222831368,0.008031390607357025,0.05527199211064726,0.35954132582992315,-1.3877625465393066,-1.3882871866226196
theta3,T4,batch1_0_127,1,3,"(1, 3)",0,31,exact_replay_715_45760_tokens,T4_batch_128,3.9402709007263184,6.644006729125977,-0.0005837216158397496,-0.0005837678909301758,4.627509042620659e-08,7.926967403512355e-05,0,1,0.05025877058506012,0.3365231454372406,0.051614198833703995,0.34315839409828186,0.0015710279112681746,0.007787207141518593,0.056843020021915436,0.36732853297144175,-1.4176441431045532,-1.4182279109954834
theta3,T4,batch1_0_127,1,3,"(1, 3)",0,32,exact_replay_715_45760_tokens,T4_batch_128,3.8805384635925293,6.6378583908081055,-0.0006300879176706076,-0.0006301403045654297,5.2386894822120667e-08,8.31352866061294e-05,0,1,0.051614198833703995,0.34315839409828186,0.05294274538755417,0.3495887219905853,0.0015387602616101503,0.0075679016299545765,0.058381780283525586,0.3748964346013963,-1.444047212600708,-1.4446773529052734
theta3,T4,batch1_0_127,1,3,"(1, 3)",0,33,exact_replay_715_45760_tokens,T4_batch_128,3.8238577842712402,6.635038375854492,-0.0006654681637883186,-0.0006654262542724609,4.190951585769653e-08,6.298145825868864e-05,0,1,0.05294274538755417,0.3495887219905853,0.05424364283680916,0.3558235764503479,0.001505375257693231,0.007359147071838379,0.05988715554121882,0.3822555816732347,-1.4727590084075928,-1.4734244346618652
theta3,T4,batch1_0_127,1,3,"(1, 3)",0,34,exact_replay_715_45760_tokens,T4_batch_128,3.7701363563537598,6.6347527503967285,-0.0007036973256617785,-0.0007038116455078125,1.1431984603404999e-07,0.00016242960281165312,0,1,0.05424364283680916,0.3558235764503479,0.05551783740520477,0.36187100410461426,0.0014733073767274618,0.007148231845349073,0.06136046291794628,0.3894038135185838,-1.499548077583313,-1.5002518892288208
theta3,T4,batch1_0_127,1,3,"(1, 3)",0,35,exact_replay_715_45760_tokens,T4_batch_128,3.7177422046661377,6.631077289581299,-0.0007395708817057312,-0.0007398128509521484,2.41969246417284e-07,0.0003270681850225588,0,1,0.05551783740520477,0.36187100410461426,0.05676569044589996,0.3677307069301605,0.0014419298386201262,0.006941630970686674,0.0628023927565664,0.39634544448927045,-1.5262178182601929,-1.526957631111145
theta3,T4,batch1_0_127,1,3,"(1, 3)",0,36,exact_replay_715_45760_tokens,T4_batch_128,3.6685166358947754,6.62943696975708,-0.0007752987439744174,-0.0007753372192382812,3.8475263863801956e-08,4.962390932503075e-05,0,1,0.05676569044589996,0.3677307069301605,0.05798560380935669,0.37339839339256287,0.0014088877942413092,0.006734753027558327,0.06421128055080771,0.4030801975168288,-1.5522916316986084,-1.5530669689178467
theta3,T4,batch1_0_127,1,3,"(1, 3)",0,37,exact_replay_715_45760_tokens,T4_batch_128,3.6242098808288574,6.62995719909668,-0.0007923098164610565,-0.000792384147644043,7.433118298649788e-08,9.38070040995938e-05,0,1,0.05798560380935669,0.37339839339256287,0.059178903698921204,0.3789045214653015,0.0013764831237494946,0.006550236139446497,0.06558776367455721,0.4096304336562753,-1.5753334760665894,-1.5761258602142334
theta3,T4,batch1_0_127,1,3,"(1, 3)",0,38,exact_replay_715_45760_tokens,T4_batch_128,3.580565929412842,6.632882118225098,-0.0008158811251632869,-0.0008161067962646484,2.2567110136151314e-07,0.0002765215317338592,0,1,0.059178903698921204,0.3789045214653015,0.060345280915498734,0.384235680103302,0.0013448421377688646,0.00635966332629323,0.06693260581232607,0.4159900969825685,-1.6005210876464844,-1.601337194442749
theta3,T4,batch1_0_127,1,3,"(1, 3)",0,39,exact_replay_715_45760_tokens,T4_batch_128,3.5398902893066406,6.639272212982178,-0.0008378963684663177,-0.0008380413055419922,1.4493707567453384e-07,0.0001729474128733997,0,1,0.060345280915498734,0.384235680103302,0.0614851750433445,0.38940924406051636,0.0013135728659108281,0.006181203294545412,0.0682461786782369,0.4221713002771139,-1.6277804374694824,-1.6286184787750244
theta3,T4,batch1_0_127,1,4,"(1, 4)",0,0,exact_replay_715_45760_tokens,T4_batch_128,8.348285675048828,8.241799354553223,0.0017802909715101123,0.0017799139022827148,3.7706922739744186e-07,0.00021184689153439152,1,0,0.0,0.0,0.001876308349892497,0.017655298113822937,0.001876308349892497,0.017655298113822937,0.001876308349892497,0.017655298113822937,-1.886659860610962,-1.8848799467086792
theta3,T4,batch1_0_127,1,4,"(1, 4)",0,1,exact_replay_715_45760_tokens,T4_batch_128,8.028289794921875,8.076444625854492,0.0014182195300236344,0.0014181137084960938,1.0582152754068375e-07,7.462132754707464e-05,1,0,0.001876308349892497,0.017655298113822937,0.0036829605232924223,0.03481784462928772,0.00181501021143049,0.017191849648952484,0.003691318561322987,0.03484714776277542,-1.6919152736663818,-1.6904971599578857
theta3,T4,batch1_0_127,1,4,"(1, 4)",0,2,exact_replay_715_45760_tokens,T4_batch_128,7.7329607009887695,7.940415859222412,0.0011485298164188862,0.0011485815048217773,5.168840289115906e-08,4.50019460300986e-05,1,0,0.0036829605232924223,0.03481784462928772,0.00542124267667532,0.051152873784303665,0.0017617341363802552,0.01641746051609516,0.005453052697703242,0.05126460827887058,-1.5333243608474731,-1.5321757793426514
theta3,T4,batch1_0_127,1,4,"(1, 4)",0,3,exact_replay_715_45760_tokens,T4_batch_128,7.460898399353027,7.809632778167725,0.000930196896661073,0.0009300708770751953,1.2601958587765694e-07,0.00013549460474878236,1,0,0.00542124267667532,0.051152873784303665,0.007098291534930468,0.0664251521229744,0.0017250131350010633,0.015445789322257042,0.007178065832704306,0.06671039760112762,-1.4037120342254639,-1.4027819633483887
theta3,T4,batch1_0_127,1,4,"(1, 4)",0,4,exact_replay_715_45760_tokens,T4_batch_128,7.222798824310303,7.7177653312683105,0.0007918868795968592,0.0007917881011962891,9.877840057015419e-08,0.0001247535804351099,1,0,0.007098291534930468,0.0664251521229744,0.008740921504795551,0.08095566183328629,0.001714171259663999,0.014789522625505924,0.008892237092368305,0.08149992022663355,-1.3018174171447754,-1.301025629043579
theta3,T4,batch1_0_127,1,4,"(1, 4)",0,5,exact_replay_715_45760_tokens,T4_batch_128,7.012083053588867,7.64465856552124,0.0006919901352375746,0.0006920099258422852,1.979060471057892e-08,2.8598729543496987e-05,1,0,0.008740921504795551,0.08095566183328629,0.010362760163843632,0.0946430116891861,0.0017205721233040094,0.014058360829949379,0.010612809215672314,0.09555828105658293,-1.226780891418457,-1.2260888814926147
theta3,T4,batch1_0_127,1,4,"(1, 4)",0,6,exact_replay_715_45760_tokens,T4_batch_128,6.822933197021484,7.592151165008545,0.0006297210929915309,0.0006297826766967773,6.158370524644852e-08,9.778564499337498e-05,1,0,0.010362760163843632,0.0946430116891861,0.011982228606939316,0.10775024443864822,0.0017393602756783366,0.013586973771452904,0.01235216949135065,0.10914525482803583,-1.1757187843322754,-1.1750890016555786
theta3,T4,batch1_0_127,1,4,"(1, 4)",0,7,exact_replay_715_45760_tokens,T4_batch_128,6.64531135559082,7.540899753570557,0.0005790179129689932,0.0005788803100585938,1.3760291039943695e-07,0.00023770528727347611,1,0,0.011982228606939316,0.10775024443864822,0.01360846497118473,0.12028790265321732,0.0017655054107308388,0.013128816150128841,0.01411767490208149,0.12227407097816467,-1.1379417181015015,-1.1373628377914429
theta3,T4,batch1_0_127,1,4,"(1, 4)",0,8,exact_replay_715_45760_tokens,T4_batch_128,6.466111183166504,7.500706195831299,0.0005342793301679194,0.0005342960357666016,1.6705598682165146e-08,3.126655929272646e-05,1,0,0.01360846497118473,0.12028790265321732,0.015245987102389336,0.13246764242649078,0.0017954281065613031,0.012856929562985897,0.015913103008642793,0.13513100054115057,-1.1112489700317383,-1.1107146739959717
theta3,T4,batch1_0_127,1,4,"(1, 4)",0,9,exact_replay_715_45760_tokens,T4_batch_128,6.29647159576416,7.463912487030029,0.0004975807969458401,0.0004975795745849609,1.2223608791828156e-09,2.4566138596070917e-06,1,0,0.015245987102389336,0.13246764242649078,0.01689879782497883,0.14439286291599274,0.0018254703609272838,0.01264165062457323,0.017738573369570076,0.1477726511657238,-1.0935850143432617,-1.0930874347686768
theta3,T4,batch1_0_127,1,4,"(1, 4)",0,10,exact_replay_715_45760_tokens,T4_batch_128,6.138286590576172,7.432672500610352,0.0004644082800950855,0.00046443939208984375,3.111199475824833e-08,6.698827723947639e-05,1,0,0.01689879782497883,0.14439286291599274,0.01856929436326027,0.15609538555145264,0.0018561008619144559,0.012473970651626587,0.019594674231484532,0.1602466218173504,-1.082871913909912,-1.0824074745178223
theta3,T4,batch1_0_127,1,4,"(1, 4)",0,11,exact_replay_715_45760_tokens,T4_batch_128,5.981022834777832,7.403520584106445,0.00044349138624966145,0.00044345855712890625,3.282912075519562e-08,7.40297379032258e-05,1,0,0.01856929436326027,0.15609538555145264,0.02026081643998623,0.1676906794309616,0.0018860435811802745,0.012363798916339874,0.021480717812664807,0.17261042073369026,-1.0770165920257568,-1.076573133468628
theta3,T4,batch1_0_127,1,4,"(1, 4)",0,12,exact_replay_715_45760_tokens,T4_batch_128,5.829500198364258,7.378789901733398,0.00040187573176808655,0.0004018545150756836,2.121669240295887e-08,5.2796949161969745e-05,1,0,0.02026081643998623,0.1676906794309616,0.021967744454741478,0.1790361851453781,0.0019121686927974224,0.01215274166315794,0.02339288650546223,0.1847631623968482,-1.0732781887054443,-1.0728763341903687
theta3,T4,batch1_0_127,1,4,"(1, 4)",0,13,exact_replay_715_45760_tokens,T4_batch_128,5.6830315589904785,7.354941368103027,0.00034498979221098125,0.00034499168395996094,1.8917489796876907e-09,5.483462551831375e-06,1,0,0.021967744454741478,0.1790361851453781,0.023688776418566704,0.19011414051055908,0.0019386443309485912,0.011925861239433289,0.02533153083641082,0.1966890236362815,-1.0734504461288452,-1.0731054544448853
theta3,T4,batch1_0_127,1,4,"(1, 4)",0,14,exact_replay_715_45760_tokens,T4_batch_128,5.545379161834717,7.332432270050049,0.0002754827437456697,0.00027549266815185547,9.924406185746193e-09,3.6024211650800516e-05,1,0,0.023688776418566704,0.19011414051055908,0.02542022429406643,0.2008695900440216,0.001960691763088107,0.01167367771267891,0.027292222599498928,0.2083627013489604,-1.0777865648269653,-1.0775110721588135
theta3,T4,batch1_0_127,1,4,"(1, 4)",0,15,exact_replay_715_45760_tokens,T4_batch_128,5.4071044921875,7.31416130065918,0.0002049987087957561,0.0002048015594482422,1.971493475139141e-07,0.0009626359684225844,1,0,0.02542022429406643,0.2008695900440216,0.02716127224266529,0.21134448051452637,0.0019781438168138266,0.011449226178228855,0.029270366416312754,0.21981192752718925,-1.0853255987167358,-1.0851207971572876
theta3,T4,batch1_0_127,1,4,"(1, 4)",0,16,exact_replay_715_45760_tokens,T4_batch_128,5.273352146148682,7.292805194854736,0.00013818709703627974,0.00013816356658935547,2.35304469242692e-08,0.00017030862408326142,1,0,0.02716127224266529,0.21134448051452637,0.028907310217618942,0.2216014266014099,0.001987086609005928,0.011259271763265133,0.03125745302531868,0.2310711992904544,-1.0940701961517334,-1.093932032585144
theta3,T4,batch1_0_127,1,4,"(1, 4)",0,17,exact_replay_715_45760_tokens,T4_batch_128,5.144892692565918,7.279782295227051,5.682609116774984e-05,5.6862831115722656e-05,3.673994797281921e-08,0.000646115349023847,1,0,0.028907310217618942,0.2216014266014099,0.030658015981316566,0.23165296018123627,0.0019966133404523134,0.011092163622379303,0.033254066365770996,0.2421633629128337,-1.105339765548706,-1.1052829027175903
theta3,T4,batch1_0_127,1,4,"(1, 4)",0,18,exact_replay_715_45760_tokens,T4_batch_128,5.017867088317871,7.2582550048828125,-2.5921764972736128e-05,-2.5987625122070312e-05,6.586014933418483e-08,0.002534288878834576,0,1,0.030658015981316566,0.23165296018123627,0.03240874782204628,0.24151377379894257,0.0020000350195914507,0.01093489769846201,0.035254101385362446,0.2530982606112957,-1.1166940927505493,-1.1167200803756714
theta3,T4,batch1_0_127,1,4,"(1, 4)",0,19,exact_replay_715_45760_tokens,T4_batch_128,4.896106719970703,7.247014045715332,-0.00010667237074812874,-0.00010669231414794922,1.994339982047677e-08,0.0001869244282472067,0,1,0.03240874782204628,0.24151377379894257,0.03415390104055405,0.25117385387420654,0.0019954582676291466,0.010757609270513058,0.03724955965299159,0.26385586988180876,-1.1288565397262573,-1.1289632320404053
theta3,T4,batch1_0_127,1,4,"(1, 4)",0,20,exact_replay_715_45760_tokens,T4_batch_128,4.779302597045898,7.234371662139893,-0.00018069475481752306,-0.00018072128295898438,2.652814146131277e-08,0.00014679035599439314,0,1,0.03415390104055405,0.25117385387420654,0.035887461155653,0.26064246892929077,0.0019816462881863117,0.010564747266471386,0.039231205941177905,0.27442061714828014,-1.1471730470657349,-1.1473537683486938
theta3,T4,batch1_0_127,1,4,"(1, 4)",0,21,exact_replay_715_45760_tokens,T4_batch_128,4.667734146118164,7.2217230796813965,-0.000265356560703367,-0.00026547908782958984,1.225271262228489e-07,0.00046153212000449035,0,1,0.035887461155653,0.26064246892929077,0.037606626749038696,0.2698991298675537,0.001965506235137582,0.010381205007433891,0.041196712176315486,0.28480182215571404,-1.1668142080307007,-1.1670796871185303
theta3,T4,batch1_0_127,1,4,"(1, 4)",0,22,exact_replay_715_45760_tokens,T4_batch_128,4.561438083648682,7.217012405395508,-0.0003550344845280051,-0.00035512447357177734,8.998904377222061e-08,0.0002534014140651225,0,1,0.037606626749038696,0.2698991298675537,0.039305444806814194,0.2788693308830261,0.0019423868507146835,0.010098789818584919,0.04313909902703017,0.29490061197429895,-1.182211995124817,-1.1825671195983887
theta3,T4,batch1_0_127,1,4,"(1, 4)",0,23,exact_replay_715_45760_tokens,T4_batch_128,4.462282180786133,7.204783916473389,-0.00043400467257015407,-0.00043404102325439453,3.6350684240460396e-08,8.374942066053282e-05,0,1,0.039305444806814194,0.2788693308830261,0.04098259657621384,0.28758105635643005,0.0019176637288182974,0.009838980622589588,0.04505676275584847,0.30473959259688854,-1.1967285871505737,-1.1971626281738281
theta3,T4,batch1_0_127,1,4,"(1, 4)",0,24,exact_replay_715_45760_tokens,T4_batch_128,4.358826637268066,7.198592185974121,-0.000522499845828861,-0.000522613525390625,1.1367956176400185e-07,0.00021752127765739052,0,1,0.04098259657621384,0.28758105635643005,0.042632125318050385,0.29595044255256653,0.0018876426620408893,0.009499598294496536,0.04694440541788936,0.3142391908913851,-1.2093812227249146,-1.2099038362503052
theta3,T4,batch1_0_127,1,4,"(1, 4)",0,25,exact_replay_715_45760_tokens,T4_batch_128,4.269782066345215,7.189060211181641,-0.0005918245879001915,-0.0005917549133300781,6.967457011342049e-08,0.00011774227563456889,0,1,0.042632125318050385,0.29595044255256653,0.04425430670380592,0.30403509736061096,0.0018555620918050408,0.009205872192978859,0.0487999675096944,0.32344506308436394,-1.2228810787200928,-1.2234728336334229
theta3,T4,batch1_0_127,1,4,"(1, 4)",0,26,exact_replay_715_45760_tokens,T4_batch_128,4.186513900756836,7.178765296936035,-0.0006676482153125107,-0.0006678104400634766,1.6222475096583366e-07,0.00024292035768475544,0,1,0.04425430670380592,0.30403509736061096,0.0458468496799469,0.3118272125720978,0.0018203984946012497,0.008897424675524235,0.05062036600429565,0.33234248775988817,-1.240109920501709,-1.2407777309417725
theta3,T4,batch1_0_127,1,4,"(1, 4)",0,27,exact_replay_715_45760_tokens,T4_batch_128,4.105159759521484,7.175703525543213,-0.0007437550229951739,-0.0007439851760864258,2.3015309125185013e-07,0.0003093517164717193,0,1,0.0458468496799469,0.3118272125720978,0.04740961268544197,0.31935036182403564,0.0017849267460405827,0.008613025769591331,0.05240529275033623,0.3409555135294795,-1.2610896825790405,-1.261833667755127
theta3,T4,batch1_0_127,1,4,"(1, 4)",0,28,exact_replay_715_45760_tokens,T4_batch_128,4.028125762939453,7.165039539337158,-0.0008017411455512047,-0.0008019208908081055,1.7974525690078735e-07,0.0002241433774342203,0,1,0.04740961268544197,0.31935036182403564,0.04894015192985535,0.3266015350818634,0.0017465585842728615,0.00833069160580635,0.05415185133460909,0.34928620513528585,-1.2847504615783691,-1.2855523824691772
theta3,T4,batch1_0_127,1,4,"(1, 4)",0,29,exact_replay_715_45760_tokens,T4_batch_128,3.9595375061035156,7.1577043533325195,-0.0008684556232765317,-0.0008685588836669922,1.0326039046049118e-07,0.00011888703506725226,0,1,0.04894015192985535,0.3266015350818634,0.0504365935921669,0.3335943818092346,0.0017071387264877558,0.008065422996878624,0.05585899006109685,0.3573516281321645,-1.3048818111419678,-1.3057503700256348
theta3,T4,batch1_0_127,1,4,"(1, 4)",0,30,exact_replay_715_45760_tokens,T4_batch_128,3.8922853469848633,7.147234916687012,-0.000912566902115941,-0.000912785530090332,2.1862797439098358e-07,0.00023951735340211572,0,1,0.0504365935921669,0.3335943818092346,0.05189711973071098,0.3403400778770447,0.0016645530704408884,0.007802919950336218,0.057523543131537735,0.3651545480825007,-1.3261183500289917,-1.327031135559082
theta3,T4,batch1_0_127,1,4,"(1, 4)",0,31,exact_replay_715_45760_tokens,T4_batch_128,3.8325414657592773,7.140785217285156,-0.0009457427076995373,-0.0009458065032958984,6.379559636116028e-08,6.745100201663725e-05,0,1,0.05189711973071098,0.3403400778770447,0.05332217738032341,0.34686222672462463,0.001622042735107243,0.0075525459833443165,0.05914558586664498,0.372707094065845,-1.3479201793670654,-1.3488659858703613
theta3,T4,batch1_0_127,1,4,"(1, 4)",0,32,exact_replay_715_45760_tokens,T4_batch_128,3.7762668132781982,7.136691570281982,-0.0009728388977237046,-0.0009731054306030273,2.6653287932276726e-07,0.0002738992825860591,0,1,0.05332217738032341,0.34686222672462463,0.05471234768629074,0.35315367579460144,0.0015803800197318196,0.007302547805011272,0.0607259658863768,0.3800096418708563,-1.3682091236114502,-1.3691822290420532
theta3,T4,batch1_0_127,1,4,"(1, 4)",0,33,exact_replay_715_45760_tokens,T4_batch_128,3.7228143215179443,7.13557767868042,-0.000994694302789867,-0.000995039939880371,3.4563709050416946e-07,0.0003473600170720019,0,1,0.05471234768629074,0.35315367579460144,0.05606813728809357,0.3592376112937927,0.001539374585263431,0.007069745566695929,0.06226534047164023,0.3870793874375522,-1.3894468545913696,-1.39044189453125
theta3,T4,batch1_0_127,1,4,"(1, 4)",0,34,exact_replay_715_45760_tokens,T4_batch_128,3.6726601123809814,7.137009620666504,-0.001022161217406392,-0.0010224580764770508,2.968590706586838e-07,0.000290338623644631,0,1,0.05606813728809357,0.3592376112937927,0.057389263063669205,0.36512720584869385,0.0014986260794103146,0.0068503874354064465,0.06376396655105054,0.39392977487295866,-1.4080867767333984,-1.4091092348098755
theta3,T4,batch1_0_127,1,4,"(1, 4)",0,35,exact_replay_715_45760_tokens,T4_batch_128,3.626166343688965,7.138927459716797,-0.0010439499747008085,-0.001044154167175293,2.0419247448444366e-07,0.00019555778342276515,0,1,0.057389263063669205,0.36512720584869385,0.05867724120616913,0.3708217442035675,0.001459524966776371,0.006636861711740494,0.06522349151782691,0.40056663658469915,-1.4293212890625,-1.4303654432296753
theta3,T4,batch1_0_127,1,4,"(1, 4)",0,36,exact_replay_715_45760_tokens,T4_batch_128,3.5827784538269043,7.1408467292785645,-0.0010632750345394015,-0.0010634660720825195,1.9103754311800003e-07,0.0001796367069274745,0,1,0.05867724120616913,0.3708217442035675,0.05993255600333214,0.3763367831707001,0.0014211268862709403,0.006436106748878956,0.06664461840409786,0.4070027433335781,-1.450209617614746,-1.4512730836868286
theta3,T4,batch1_0_127,1,4,"(1, 4)",0,37,exact_replay_715_45760_tokens,T4_batch_128,3.541269302368164,7.141556739807129,-0.0010780959855765104,-0.001078486442565918,3.9045698940753937e-07,0.00036204162982204045,0,1,0.05993255600333214,0.3763367831707001,0.061155594885349274,0.3816722631454468,0.0013836254365742207,0.00624097278341651,0.06802824384067208,0.4132437161169946,-1.4690029621124268,-1.4700814485549927
theta3,T4,batch1_0_127,1,4,"(1, 4)",0,38,exact_replay_715_45760_tokens,T4_batch_128,3.5030102729797363,7.141639232635498,-0.0010897740721702576,-0.0010900497436523438,2.7567148208618164e-07,0.00025289807524059494,0,1,0.061155594885349274,0.3816722631454468,0.062347471714019775,0.3868451416492462,0.0013472280697897077,0.006058719474822283,0.06937547191046178,0.4193024355918169,-1.487407922744751,-1.4884979724884033
theta3,T4,batch1_0_127,1,4,"(1, 4)",0,39,exact_replay_715_45760_tokens,T4_batch_128,3.467087507247925,7.148493766784668,-0.0011033985065296292,-0.0011032819747924805,1.1653173714876175e-07,0.00010562280524041059,0,1,0.062347471714019775,0.3868451416492462,0.06350919604301453,0.3918623626232147,0.0013122305972501636,0.005885135382413864,0.07068770250771195,0.42518757097423077,-1.5076954364776611,-1.5087987184524536
theta3,T4,batch1_0_127,1,5,"(1, 5)",0,0,exact_replay_715_45760_tokens,T4_batch_128,8.202469825744629,8.241799354553223,0.0005686775548383594,0.0005686283111572266,4.9243681132793427e-08,8.660082547169811e-05,1,0,0.0,0.0,0.0018459106795489788,0.017279911786317825,0.0018459106795489788,0.017279911786317825,0.0018459106795489788,0.017279911786317825,-0.7729105949401855,-0.7723419666290283
theta3,T4,batch1_0_127,1,5,"(1, 5)",0,1,exact_replay_715_45760_tokens,T4_batch_128,7.90230131149292,8.111024856567383,0.0005481107509694993,0.0005481243133544922,1.3562384992837906e-08,2.4743264734667246e-05,1,0,0.0018459106795489788,0.017279911786317825,0.003640888025984168,0.03409386798739433,0.0018012155778706074,0.016840415075421333,0.003647126257419586,0.03412032686173916,-0.7671904563903809,-0.7666423320770264
theta3,T4,batch1_0_127,1,5,"(1, 5)",0,2,exact_replay_715_45760_tokens,T4_batch_128,7.613965034484863,7.994856834411621,0.0005313262809067965,0.0005312561988830566,7.008202373981476e-08,0.00013191756423202065,1,0,0.003640888025984168,0.03409386798739433,0.005389601457864046,0.050490763038396835,0.00176600506529212,0.016460681334137917,0.005413131322711706,0.050581008195877075,-0.7609322667121887,-0.7604010105133057
theta3,T4,batch1_0_127,1,5,"(1, 5)",0,3,exact_replay_715_45760_tokens,T4_batch_128,7.338026523590088,7.877525329589844,0.0005183132598176599,0.0005183219909667969,8.731149137020111e-09,1.6845029323827047e-05,1,0,0.005389601457864046,0.050490763038396835,0.00709210941568017,0.06617201119661331,0.0017378057818859816,0.015802627429366112,0.007150937104597688,0.06638363562524319,-0.7582563161849976,-0.7577379941940308
theta3,T4,batch1_0_127,1,5,"(1, 5)",0,4,exact_replay_715_45760_tokens,T4_batch_128,7.0875372886657715,7.7863054275512695,0.0005155988619662821,0.0005155205726623535,7.828930392861366e-08,0.00015186455804139208,1,0,0.00709210941568017,0.06617201119661331,0.008762959390878677,0.08117222040891647,0.0017254204722121358,0.015188843943178654,0.008876357576809824,0.08157247956842184,-0.7604824304580688,-0.7599669098854065
theta3,T4,batch1_0_127,1,5,"(1, 5)",0,5,exact_replay_715_45760_tokens,T4_batch_128,6.873497486114502,7.69441556930542,0.0005158025305718184,0.0005156993865966797,1.0314397513866425e-07,0.0002000079461396209,1,0,0.008762959390878677,0.08117222040891647,0.010418549180030823,0.09564929455518723,0.001729703857563436,0.014755208976566792,0.01060606143437326,0.09632768854498863,-0.7622461318969727,-0.761730432510376
theta3,T4,batch1_0_127,1,5,"(1, 5)",0,6,exact_replay_715_45760_tokens,T4_batch_128,6.65384578704834,7.621047496795654,0.0005027705919928849,0.0005027055740356445,6.50179572403431e-08,0.0001293360579203225,1,0,0.010418549180030823,0.09564929455518723,0.012065933085978031,0.1095627099275589,0.0017427621642127633,0.014273840934038162,0.012348823598586023,0.1106015294790268,-0.7594467401504517,-0.758944034576416
theta3,T4,batch1_0_127,1,5,"(1, 5)",0,7,exact_replay_715_45760_tokens,T4_batch_128,6.454320907592773,7.560727119445801,0.0004925816901959479,0.0004924535751342773,1.2811506167054176e-07,0.00026015662823771483,1,0,0.012065933085978031,0.1095627099275589,0.01371458824723959,0.12308914214372635,0.0017635870026424527,0.01396783348172903,0.014112410601228476,0.12456936296075583,-0.7538375854492188,-0.7533451318740845
theta3,T4,batch1_0_127,1,5,"(1, 5)",0,8,exact_replay_715_45760_tokens,T4_batch_128,6.257582664489746,7.50060510635376,0.0004735441762022674,0.0004735589027404785,1.4726538211107254e-08,3.109758495909377e-05,1,0,0.01371458824723959,0.12308914214372635,0.015367694199085236,0.1361914426088333,0.0017868515569716692,0.013607597909867764,0.015899262158200145,0.1381769608706236,-0.7490718960762024,-0.7485983371734619
theta3,T4,batch1_0_127,1,5,"(1, 5)",0,9,exact_replay_715_45760_tokens,T4_batch_128,6.074864864349365,7.452458381652832,0.00046717305667698383,0.00046712160110473633,5.145557224750519e-08,0.00011015455531453362,1,0,0.015367694199085236,0.1361914426088333,0.017034299671649933,0.14897295832633972,0.0018148807575926185,0.013348042964935303,0.017714142915792763,0.1515250038355589,-0.7443230152130127,-0.743855893611908
theta3,T4,batch1_0_127,1,5,"(1, 5)",0,10,exact_replay_715_45760_tokens,T4_batch_128,5.897722244262695,7.4118571281433105,0.00045582515303976834,0.0004557967185974121,2.843444235622883e-08,6.238404357918138e-05,1,0,0.017034299671649933,0.14897295832633972,0.018712161108851433,0.16144959628582,0.0018404765287414193,0.013105632737278938,0.019554619444534183,0.16463063657283783,-0.7422361969947815,-0.7417804002761841
theta3,T4,batch1_0_127,1,5,"(1, 5)",0,11,exact_replay_715_45760_tokens,T4_batch_128,5.728254318237305,7.371074199676514,0.0004244532610755414,0.00042444467544555664,8.585629984736443e-09,2.022791303889903e-05,1,0,0.018712161108851433,0.16144959628582,0.020398257300257683,0.17360427975654602,0.0018637686735019088,0.012839335948228836,0.02141838811803609,0.17746997252106667,-0.7381782531738281,-0.7377538084983826
theta3,T4,batch1_0_127,1,5,"(1, 5)",0,12,exact_replay_715_45760_tokens,T4_batch_128,5.562200546264648,7.338228702545166,0.00038838983164168894,0.0003883242607116699,6.557093001902103e-08,0.0001688561252877974,1,0,0.020398257300257683,0.17360427975654602,0.022089241072535515,0.18538588285446167,0.0018807023297995329,0.01253022812306881,0.023299090447835624,0.19000020064413548,-0.7355363965034485,-0.7351480722427368
theta3,T4,batch1_0_127,1,5,"(1, 5)",0,13,exact_replay_715_45760_tokens,T4_batch_128,5.407989501953125,7.31446647644043,0.0003430055803619325,0.00034290552139282227,1.0005896911025047e-07,0.0002917974860942117,1,0,0.022089241072535515,0.18538588285446167,0.023783454671502113,0.1967465877532959,0.0018954012775793672,0.012164506129920483,0.02519449172541499,0.20216470677405596,-0.7338417768478394,-0.7334988713264465
theta3,T4,batch1_0_127,1,5,"(1, 5)",0,14,exact_replay_715_45760_tokens,T4_batch_128,5.255159378051758,7.299952507019043,0.0002823737158905715,0.0002823472023010254,2.6513589546084404e-08,9.390420492928013e-05,1,0,0.023783454671502113,0.1967465877532959,0.025478119030594826,0.2076914757490158,0.0019055757438763976,0.011812749318778515,0.02710006746929139,0.21397745609283447,-0.7365894913673401,-0.7363071441650391
theta3,T4,batch1_0_127,1,5,"(1, 5)",0,15,exact_replay_715_45760_tokens,T4_batch_128,5.116226673126221,7.274580001831055,0.00023244565818458796,0.00023245811462402344,1.2456439435482025e-08,5.358573717948718e-05,1,0,0.025478119030594826,0.2076914757490158,0.027170291170477867,0.21830494701862335,0.001908516394905746,0.011526699177920818,0.029008583864197135,0.2255041552707553,-0.7384975552558899,-0.7382650971412659
theta3,T4,batch1_0_127,1,5,"(1, 5)",0,16,exact_replay_715_45760_tokens,T4_batch_128,4.985996723175049,7.248268127441406,0.00017557920364197344,0.00017559528350830078,1.607986632734537e-08,9.157345235064494e-05,1,0,0.027170291170477867,0.21830494701862335,0.02885640412569046,0.22859898209571838,0.001907362719066441,0.011254326440393925,0.030915946583263576,0.23675848171114922,-0.7413184642791748,-0.7411428689956665
theta3,T4,batch1_0_127,1,5,"(1, 5)",0,17,exact_replay_715_45760_tokens,T4_batch_128,4.859086036682129,7.228260517120361,0.00010909332922892645,0.00010907649993896484,1.6829289961606264e-08,0.00015428887038934427,1,0,0.02885640412569046,0.22859898209571838,0.03053177520632744,0.2385464608669281,0.0019011811818927526,0.010948861949145794,0.03281712776515633,0.247707343660295,-0.7397842407226562,-0.7396751642227173
theta3,T4,batch1_0_127,1,5,"(1, 5)",0,18,exact_replay_715_45760_tokens,T4_batch_128,4.738492965698242,7.212497234344482,4.959155558026396e-05,4.9591064453125e-05,4.911271389573812e-10,9.903540978064904e-06,1,0,0.03053177520632744,0.2385464608669281,0.03219303861260414,0.2481924593448639,0.001888503204099834,0.010673744603991508,0.03470563096925616,0.2583810882642865,-0.7399572730064392,-0.7399076819419861
theta3,T4,batch1_0_127,1,5,"(1, 5)",0,19,exact_replay_715_45760_tokens,T4_batch_128,4.622420787811279,7.197371006011963,-4.796598659595475e-06,-4.827976226806641e-06,3.1377567211166024e-08,0.006499113859953704,0,1,0.03219303861260414,0.2481924593448639,0.03383328393101692,0.25749367475509644,0.0018672007136046886,0.010350674390792847,0.03657283168286085,0.26873176265507936,-0.7446547150611877,-0.7446595430374146
theta3,T4,batch1_0_127,1,5,"(1, 5)",0,20,exact_replay_715_45760_tokens,T4_batch_128,4.518301486968994,7.18695592880249,-6.080396633478813e-05,-6.079673767089844e-05,7.228663889691234e-09,0.00011889887791053921,0,1,0.03383328393101692,0.25749367475509644,0.03545212373137474,0.26645001769065857,0.0018446821486577392,0.010031656362116337,0.03841751383151859,0.2787634190171957,-0.7454425096511841,-0.745503306388855
theta3,T4,batch1_0_127,1,5,"(1, 5)",0,21,exact_replay_715_45760_tokens,T4_batch_128,4.417691230773926,7.164538383483887,-0.00012497452553361654,-0.00012505054473876953,7.601920515298843e-08,0.0006079078288846521,0,1,0.03545212373137474,0.26645001769065857,0.03704674541950226,0.2750370502471924,0.001818695105612278,0.009691200219094753,0.04023620893713087,0.28845461923629045,-0.7437974214553833,-0.7439224720001221
theta3,T4,batch1_0_127,1,5,"(1, 5)",0,22,exact_replay_715_45760_tokens,T4_batch_128,4.32199239730835,7.147270202636719,-0.00018470699433237314,-0.00018477439880371094,6.740447133779526e-08,0.00036479334677419354,0,1,0.03704674541950226,0.2750370502471924,0.038615331053733826,0.2832951545715332,0.0017905585700646043,0.009370862506330013,0.04202676750719547,0.29782548174262047,-0.741989016532898,-0.7421737909317017
theta3,T4,batch1_0_127,1,5,"(1, 5)",0,23,exact_replay_715_45760_tokens,T4_batch_128,4.2341790199279785,7.131284236907959,-0.00022491966956295073,-0.0002250075340270996,8.786446414887905e-08,0.00039049565397350993,0,1,0.038615331053733826,0.2832951545715332,0.04015721008181572,0.2912175953388214,0.0017584864981472492,0.009036583825945854,0.04378525400534272,0.3068620655685663,-0.738118588924408,-0.7383435964584351
theta3,T4,batch1_0_127,1,5,"(1, 5)",0,24,exact_replay_715_45760_tokens,T4_batch_128,4.152554512023926,7.129810333251953,-0.00026656262343749404,-0.0002665519714355469,1.0652001947164536e-08,3.996219532647585e-05,0,1,0.04015721008181572,0.2912175953388214,0.041671592742204666,0.29884254932403564,0.0017257228028029203,0.008737731724977493,0.04551097680814564,0.3155997972935438,-0.7371817827224731,-0.7374483346939087
theta3,T4,batch1_0_127,1,5,"(1, 5)",0,25,exact_replay_715_45760_tokens,T4_batch_128,4.078953266143799,7.133809566497803,-0.0002989236090797931,-0.00029903650283813477,1.1289375834167004e-07,0.0003775250087203508,0,1,0.041671592742204666,0.29884254932403564,0.043159857392311096,0.306186705827713,0.001693235826678574,0.0084515530616045,0.047204212634824216,0.3240513503551483,-0.7349479794502258,-0.735247015953064
theta3,T4,batch1_0_127,1,5,"(1, 5)",0,26,exact_replay_715_45760_tokens,T4_batch_128,4.007488250732422,7.1341962814331055,-0.00033922374132089317,-0.0003393888473510742,1.651060301810503e-07,0.0004864804234720759,0,1,0.043159857392311096,0.306186705827713,0.04461895301938057,0.31325146555900574,0.0016585653647780418,0.008169202134013176,0.04886277799960226,0.3322205524891615,-0.7356904745101929,-0.736029863357544
theta3,T4,batch1_0_127,1,5,"(1, 5)",0,27,exact_replay_715_45760_tokens,T4_batch_128,3.9414095878601074,7.134483814239502,-0.0003632179868873209,-0.00036334991455078125,1.3192766346037388e-07,0.0003630870909202756,0,1,0.04461895301938057,0.31325146555900574,0.04604819789528847,0.3200705349445343,0.0016220753313973546,0.007910870015621185,0.05048485333099961,0.3401314225047827,-0.7353527545928955,-0.7357161045074463
theta3,T4,batch1_0_127,1,5,"(1, 5)",0,28,exact_replay_715_45760_tokens,T4_batch_128,3.8779945373535156,7.138552665710449,-0.00038172377389855683,-0.00038176774978637695,4.3975887820124626e-08,0.00011519015905542545,0,1,0.04604819789528847,0.3200705349445343,0.047446150332689285,0.3266710340976715,0.0015836992533877492,0.007672710809856653,0.05206855258438736,0.34780413331463933,-0.7353550791740417,-0.7357368469238281
theta3,T4,batch1_0_127,1,5,"(1, 5)",0,29,exact_replay_715_45760_tokens,T4_batch_128,3.816507339477539,7.138998508453369,-0.00039777052006684244,-0.00039780139923095703,3.087916411459446e-08,7.762457390620317e-05,0,1,0.047446150332689285,0.3266710340976715,0.048813216388225555,0.3330346345901489,0.0015464305179193616,0.007425396237522364,0.053614983102306724,0.3552295295521617,-0.7377932071685791,-0.7381910085678101
theta3,T4,batch1_0_127,1,5,"(1, 5)",0,30,exact_replay_715_45760_tokens,T4_batch_128,3.759944200515747,7.1421709060668945,-0.00040930751129053533,-0.0004094243049621582,1.1679367162287235e-07,0.00028526316148638813,0,1,0.048813216388225555,0.3330346345901489,0.050148122012615204,0.33916154503822327,0.0015083416365087032,0.007177872117608786,0.05512332473881543,0.3624074016697705,-0.7390610575675964,-0.7394704818725586
theta3,T4,batch1_0_127,1,5,"(1, 5)",0,31,exact_replay_715_45760_tokens,T4_batch_128,3.7059993743896484,7.152526378631592,-0.0004247977922204882,-0.0004248619079589844,6.411573849618435e-08,0.00015090959508277216,0,1,0.050148122012615204,0.33916154503822327,0.05145031586289406,0.34507501125335693,0.001470156479626894,0.006951802410185337,0.05659348121844232,0.3693592040799558,-0.741244912147522,-0.741669774055481
theta3,T4,batch1_0_127,1,5,"(1, 5)",0,32,exact_replay_715_45760_tokens,T4_batch_128,3.657158374786377,7.159866809844971,-0.0004311515367589891,-0.0004311800003051758,2.8463546186685562e-08,6.601314106994746e-05,0,1,0.05145031586289406,0.34507501125335693,0.052721161395311356,0.3508075475692749,0.001432402990758419,0.006744446698576212,0.05802588420920074,0.37610365077853203,-0.742256760597229,-0.7426879405975342
theta3,T4,batch1_0_127,1,5,"(1, 5)",0,33,exact_replay_715_45760_tokens,T4_batch_128,3.6121158599853516,7.167168617248535,-0.000441771320765838,-0.0004417896270751953,1.83063093572855e-08,4.143671158256881e-05,0,1,0.052721161395311356,0.3508075475692749,0.0539618544280529,0.3563741445541382,0.0013963792007416487,0.0065505229867994785,0.05942226340994239,0.3826541737653315,-0.7468041181564331,-0.7472459077835083
theta3,T4,batch1_0_127,1,5,"(1, 5)",0,34,exact_replay_715_45760_tokens,T4_batch_128,3.5695114135742188,7.178689956665039,-0.0004498152411542833,-0.00044983625411987305,2.1012965589761734e-08,4.671247681197827e-05,0,1,0.0539618544280529,0.3563741445541382,0.055172208696603775,0.361764520406723,0.0013606979046016932,0.006356219295412302,0.06078296131454408,0.3890103930607438,-0.7502752542495728,-0.7507250905036926
theta3,T4,batch1_0_127,1,5,"(1, 5)",0,35,exact_replay_715_45760_tokens,T4_batch_128,3.5300486087799072,7.187466144561768,-0.00045449368190020323,-0.0004545450210571289,5.133915692567825e-08,0.00011294625295043273,0,1,0.055172208696603775,0.361764520406723,0.05635334551334381,0.3669951260089874,0.0013263197615742683,0.0061752875335514545,0.06210928107611835,0.39518568059429526,-0.7526779770851135,-0.7531325221061707
theta3,T4,batch1_0_127,1,5,"(1, 5)",0,36,exact_replay_715_45760_tokens,T4_batch_128,3.4925642013549805,7.1949543952941895,-0.00045527666225098073,-0.00045543909072875977,1.624284777790308e-07,0.00035664149407800024,0,1,0.05635334551334381,0.3669951260089874,0.05750623345375061,0.37207579612731934,0.0012930380180478096,0.006002249661833048,0.06340231909416616,0.4011879302561283,-0.7551113963127136,-0.7555668354034424
theta3,T4,batch1_0_127,1,5,"(1, 5)",0,37,exact_replay_715_45760_tokens,T4_batch_128,3.456414222717285,7.206472873687744,-0.0004528977151494473,-0.00045287609100341797,2.1624146029353142e-08,4.7748482330876544e-05,0,1,0.05750623345375061,0.37207579612731934,0.05863068252801895,0.3770086467266083,0.0012598412577062845,0.005833373870700598,0.06466216035187244,0.4070213041268289,-0.757084310054779,-0.7575371861457825
theta3,T4,batch1_0_127,1,5,"(1, 5)",0,38,exact_replay_715_45760_tokens,T4_batch_128,3.4219884872436523,7.222503662109375,-0.0004522150265984237,-0.00045228004455566406,6.50179572403431e-08,0.00014375597159989458,0,1,0.05863068252801895,0.3770086467266083,0.05972670018672943,0.38179469108581543,0.001227285247296095,0.005670554470270872,0.06588944559916854,0.4126918585970998,-0.7584797739982605,-0.7589320540428162
theta3,T4,batch1_0_127,1,5,"(1, 5)",0,39,exact_replay_715_45760_tokens,T4_batch_128,3.3899152278900146,7.235927104949951,-0.00045034114737063646,-0.00045043230056762695,9.115319699048996e-08,0.00020236825129019452,0,1,0.05972670018672943,0.38179469108581543,0.06079593673348427,0.38644930720329285,0.0011964106233790517,0.005519096273928881,0.06708585622254759,0.41821095487102866,-0.7604739665985107,-0.7609243988990784
theta3,T4,batch1_0_127,1,6,"(1, 6)",0,0,exact_replay_715_45760_tokens,T4_batch_128,8.184924125671387,8.241799354553223,0.0026072938926517963,0.0026068687438964844,4.2514875531196594e-07,0.00016308790241448693,1,0,0.0,0.0,0.0019346860935911536,0.015450946986675262,0.0019346860935911536,0.015450946986675262,0.0019346860935911536,0.015450946986675262,-2.434795379638672,-2.4321885108947754
theta3,T4,batch1_0_127,1,6,"(1, 6)",0,1,exact_replay_715_45760_tokens,T4_batch_128,7.951437950134277,8.086941719055176,0.002192995510995388,0.002192258834838867,7.366761565208435e-07,0.0003360352093529092,1,0,0.0019346860935911536,0.015450946986675262,0.0038088050205260515,0.03066607378423214,0.0018784853164106607,0.015236884355545044,0.0038131714100018144,0.030687831342220306,-2.255422830581665,-2.253230571746826
theta3,T4,batch1_0_127,1,6,"(1, 6)",0,2,exact_replay_715_45760_tokens,T4_batch_128,7.713255882263184,7.939266681671143,0.0018521822057664394,0.0018520355224609375,1.4668330550193787e-07,7.920112963439753e-05,1,0,0.0038088050205260515,0.03066607378423214,0.005626618396490812,0.04571627080440521,0.0018303792458027601,0.015114262700080872,0.0056435506558045745,0.04580209404230118,-2.085723876953125,-2.083871841430664
theta3,T4,batch1_0_127,1,6,"(1, 6)",0,3,exact_replay_715_45760_tokens,T4_batch_128,7.477689743041992,7.802615165710449,0.001554251997731626,0.0015540122985839844,2.396991476416588e-07,0.00015424533503375268,1,0,0.005626618396490812,0.04571627080440521,0.007390196900814772,0.06054602190852165,0.0017889942973852158,0.01494691427797079,0.00743254495318979,0.06074900832027197,-1.9209791421890259,-1.919425129890442
theta3,T4,batch1_0_127,1,6,"(1, 6)",0,4,exact_replay_715_45760_tokens,T4_batch_128,7.253130912780762,7.69107723236084,0.0013115311739966273,0.0013114213943481445,1.0977964848279953e-07,8.371042973366057e-05,1,0,0.007390196900814772,0.06054602190852165,0.009108709171414375,0.07507015764713287,0.0017602791776880622,0.014703044667840004,0.009192824130877852,0.07545205298811197,-1.7577576637268066,-1.7564462423324585
theta3,T4,batch1_0_127,1,6,"(1, 6)",0,5,exact_replay_715_45760_tokens,T4_batch_128,7.04087495803833,7.602031707763672,0.001121900393627584,0.0011216402053833008,2.601882442831993e-07,0.0002319712177170794,1,0,0.009108709171414375,0.07507015764713287,0.010789457708597183,0.08921059966087341,0.001740673673339188,0.014383331872522831,0.01093349780421704,0.0898353848606348,-1.6122021675109863,-1.611080527305603
theta3,T4,batch1_0_127,1,6,"(1, 6)",0,6,exact_replay_715_45760_tokens,T4_batch_128,6.833122253417969,7.52376651763916,0.000978078693151474,0.0009779930114746094,8.568167686462402e-08,8.760970258410531e-05,1,0,0.010789457708597183,0.08921059966087341,0.012440145015716553,0.1029338538646698,0.0017314774449914694,0.014042031951248646,0.01266497524920851,0.10387741681188345,-1.4906741380691528,-1.4896961450576782
theta3,T4,batch1_0_127,1,6,"(1, 6)",0,7,exact_replay_715_45760_tokens,T4_batch_128,6.635001182556152,7.448631286621094,0.000868115748744458,0.0008679628372192383,1.5291152521967888e-07,0.0001761728943483038,1,0,0.012440145015716553,0.1029338538646698,0.014067291282117367,0.11626619845628738,0.0017292635748162866,0.013727396726608276,0.014394238824024796,0.11760481353849173,-1.3901780843734741,-1.3893101215362549
theta3,T4,batch1_0_127,1,6,"(1, 6)",0,8,exact_replay_715_45760_tokens,T4_batch_128,6.450411319732666,7.398437023162842,0.0007782066240906715,0.0007780790328979492,1.2759119272232056e-07,0.00016398230427455186,1,0,0.014067291282117367,0.11626619845628738,0.015676913782954216,0.12921451032161713,0.0017328177345916629,0.013437888585031033,0.01612705655861646,0.13104270212352276,-1.3055320978164673,-1.3047540187835693
theta3,T4,batch1_0_127,1,6,"(1, 6)",0,9,exact_replay_715_45760_tokens,T4_batch_128,6.26860237121582,7.359383583068848,0.0007112089660950005,0.0007109642028808594,2.4476321414113045e-07,0.0003442693923960429,1,0,0.015676913782954216,0.12921451032161713,0.017277132719755173,0.14191219210624695,0.001743554719723761,0.013267244212329388,0.01787061127834022,0.14430994633585215,-1.2247207164764404,-1.2240097522735596
theta3,T4,batch1_0_127,1,6,"(1, 6)",0,10,exact_replay_715_45760_tokens,T4_batch_128,6.08557653427124,7.323977947235107,0.0006624278030358255,0.0006623268127441406,1.0099029168486595e-07,0.00015247803613210943,1,0,0.017277132719755173,0.14191219210624695,0.01887240819633007,0.15438325703144073,0.0017592315562069416,0.013118592090904713,0.019629842834547162,0.15742853842675686,-1.1598215103149414,-1.1591591835021973
theta3,T4,batch1_0_127,1,6,"(1, 6)",0,11,exact_replay_715_45760_tokens,T4_batch_128,5.909405708312988,7.304270267486572,0.000611713679973036,0.0006115436553955078,1.700245775282383e-07,0.0002780252497563353,1,0,0.01887240819633007,0.15438325703144073,0.020461859181523323,0.16662169992923737,0.0017741821939125657,0.012952187098562717,0.021404025028459728,0.17038072552531958,-1.1002382040023804,-1.0996266603469849
theta3,T4,batch1_0_127,1,6,"(1, 6)",0,12,exact_replay_715_45760_tokens,T4_batch_128,5.7426323890686035,7.290957450866699,0.0005665991920977831,0.0005664825439453125,1.1664815247058868e-07,0.00020591658775252525,1,0,0.020461859181523323,0.16662169992923737,0.02204878069460392,0.17858178913593292,0.0017910170136019588,0.012734797783195972,0.023195042042061687,0.18311552330851555,-1.048905372619629,-1.0483388900756836
theta3,T4,batch1_0_127,1,6,"(1, 6)",0,13,exact_replay_715_45760_tokens,T4_batch_128,5.5767669677734375,7.277166366577148,0.000528619100805372,0.0005285739898681641,4.511093720793724e-08,8.534460278529545e-05,1,0,0.02204878069460392,0.17858178913593292,0.02363467402756214,0.1902533620595932,0.0018074235413223505,0.012469626031816006,0.025002465583384037,0.19558514934033155,-1.0058095455169678,-1.0052809715270996
theta3,T4,batch1_0_127,1,6,"(1, 6)",0,14,exact_replay_715_45760_tokens,T4_batch_128,5.424673080444336,7.267566680908203,0.0004856113519053906,0.0004856586456298828,4.729372449219227e-08,9.738058802773687e-05,1,0,0.02363467402756214,0.1902533620595932,0.025221873074769974,0.20162256062030792,0.0018259865464642644,0.012194167822599411,0.0268284521298483,0.20777931716293097,-0.9617602825164795,-0.9612746238708496
theta3,T4,batch1_0_127,1,6,"(1, 6)",0,15,exact_replay_715_45760_tokens,T4_batch_128,5.2776994705200195,7.271208763122559,0.00043596370960585773,0.0004360079765319824,4.426692612469196e-08,0.00010152778964456595,1,0,0.025221873074769974,0.20162256062030792,0.02680654264986515,0.21258069574832916,0.0018399765249341726,0.011792011559009552,0.028668428654782474,0.21957132872194052,-0.9194965362548828,-0.9190605282783508
theta3,T4,batch1_0_127,1,6,"(1, 6)",0,16,exact_replay_715_45760_tokens,T4_batch_128,5.138530731201172,7.261326789855957,0.0003809028712566942,0.0003808736801147461,2.9191141948103905e-08,7.664258118153365e-05,1,0,0.02680654264986515,0.21258069574832916,0.028386862948536873,0.2231445014476776,0.001849830849096179,0.01143651083111763,0.030518259503878653,0.23100783955305815,-0.8827769756317139,-0.8823961019515991
theta3,T4,batch1_0_127,1,6,"(1, 6)",0,17,exact_replay_715_45760_tokens,T4_batch_128,5.008248329162598,7.2552809715271,0.00033251047716476023,0.0003324747085571289,3.576860763132572e-08,0.00010758294303513804,1,0,0.028386862948536873,0.2231445014476776,0.029961323365569115,0.23334389925003052,0.001854661270044744,0.01111030112951994,0.0323729207739234,0.2421181406825781,-0.857011079788208,-0.8566786050796509
theta3,T4,batch1_0_127,1,6,"(1, 6)",0,18,exact_replay_715_45760_tokens,T4_batch_128,4.883824348449707,7.244345188140869,0.00028616306371986866,0.0002859830856323242,1.7997808754444122e-07,0.0006293312317632347,1,0,0.029961323365569115,0.23334389925003052,0.03152817487716675,0.24329127371311188,0.001851858221925795,0.010874197818338871,0.03422477899584919,0.25299233850091696,-0.8361408710479736,-0.8358548879623413
theta3,T4,batch1_0_127,1,6,"(1, 6)",0,19,exact_replay_715_45760_tokens,T4_batch_128,4.7645416259765625,7.241729259490967,0.00023548712488263845,0.00023537874221801758,1.0838266462087631e-07,0.00046046071790326667,1,0,0.03152817487716675,0.24329127371311188,0.03308649733662605,0.2529875636100769,0.0018485377077013254,0.010638969019055367,0.03607331670355052,0.2636313075199723,-0.8210603594779968,-0.8208249807357788
theta3,T4,batch1_0_127,1,6,"(1, 6)",0,20,exact_replay_715_45760_tokens,T4_batch_128,4.650403022766113,7.2353925704956055,0.0001869350962806493,0.0001868605613708496,7.453490979969501e-08,0.0003988798345295056,1,0,0.03308649733662605,0.2529875636100769,0.03463250771164894,0.2624299228191376,0.0018381252884864807,0.010404733009636402,0.037911441992037,0.2740360405296087,-0.809908390045166,-0.8097215294837952
theta3,T4,batch1_0_127,1,6,"(1, 6)",0,21,exact_replay_715_45760_tokens,T4_batch_128,4.543588638305664,7.218580722808838,0.00013630247849505395,0.00013625621795654297,4.626053851097822e-08,0.00033951139408355206,1,0,0.03463250771164894,0.2624299228191376,0.036164455115795135,0.27163925766944885,0.0018252662848681211,0.010188424959778786,0.03973670827690512,0.2842244654893875,-0.8024670481681824,-0.8023307919502258
theta3,T4,batch1_0_127,1,6,"(1, 6)",0,22,exact_replay_715_45760_tokens,T4_batch_128,4.439566612243652,7.200803756713867,8.705395885044709e-05,8.702278137207031e-05,3.117747837677598e-08,0.0003582680062071918,1,0,0.036164455115795135,0.27163925766944885,0.037676986306905746,0.2805963456630707,0.0018049200298264623,0.009946366772055626,0.04154162830673158,0.29417083226144314,-0.8025635480880737,-0.8024765253067017
theta3,T4,batch1_0_127,1,6,"(1, 6)",0,23,exact_replay_715_45760_tokens,T4_batch_128,4.341447830200195,7.177092552185059,4.2032865167129785e-05,4.202127456665039e-05,1.1590600479394197e-08,0.0002758269614361702,1,0,0.037676986306905746,0.2805963456630707,0.039169080555438995,0.2892656624317169,0.0017827250994741917,0.009682479314506054,0.04332435340620577,0.3038533115759492,-0.8028281927108765,-0.8027861714363098
theta3,T4,batch1_0_127,1,6,"(1, 6)",0,24,exact_replay_715_45760_tokens,T4_batch_128,4.247550010681152,7.156152248382568,-2.8218769330123905e-06,-2.9206275939941406e-06,9.875066098175012e-08,0.03381145243742028,0,1,0.039169080555438995,0.2892656624317169,0.04063733294606209,0.2975981831550598,0.0017569134943187237,0.009358125738799572,0.0450812669005245,0.31321143731474876,-0.8056038022041321,-0.8056067228317261
theta3,T4,batch1_0_127,1,6,"(1, 6)",0,25,exact_replay_715_45760_tokens,T4_batch_128,4.157373428344727,7.139839172363281,-3.615555397118442e-05,-3.62396240234375e-05,8.40700522530824e-08,0.00231983787135074,0,1,0.04063733294606209,0.2975981831550598,0.04207910969853401,0.3056197166442871,0.001724839094094932,0.009044618345797062,0.04680610599461943,0.3222560556605458,-0.8084947466850281,-0.8085309863090515
theta3,T4,batch1_0_127,1,6,"(1, 6)",0,26,exact_replay_715_45760_tokens,T4_batch_128,4.073968887329102,7.118887424468994,-6.510347157018259e-05,-6.514787673950195e-05,4.440516931936145e-08,0.0006816057796774931,0,1,0.04207910969853401,0.3056197166442871,0.04349461942911148,0.31329119205474854,0.0016932523576542735,0.008696993812918663,0.0484993583522737,0.3309530494734645,-0.8111189007759094,-0.8111840486526489
theta3,T4,batch1_0_127,1,6,"(1, 6)",0,27,exact_replay_715_45760_tokens,T4_batch_128,3.998115062713623,7.11117696762085,-0.0001021862481138669,-0.00010228157043457031,9.532232070341706e-08,0.0009319598858173077,0,1,0.04349461942911148,0.31329119205474854,0.04488297551870346,0.32066038250923157,0.0016602979740127921,0.00839435774832964,0.050159656326286495,0.33934740722179413,-0.8125484585762024,-0.812650740146637
theta3,T4,batch1_0_127,1,6,"(1, 6)",0,28,exact_replay_715_45760_tokens,T4_batch_128,3.926785945892334,7.10514497756958,-0.00013466613017953932,-0.00013488531112670898,2.1918094716966152e-07,0.0016249430374502872,0,1,0.04488297551870346,0.32066038250923157,0.046242982149124146,0.32771167159080505,0.0016257866518571973,0.008071825839579105,0.05178544297814369,0.34741923306137323,-0.8188560605049133,-0.81899094581604
theta3,T4,batch1_0_127,1,6,"(1, 6)",0,29,exact_replay_715_45760_tokens,T4_batch_128,3.8632729053497314,7.1075663566589355,-0.00016826740466058254,-0.00016832351684570312,5.611218512058258e-08,0.0003333591536827195,0,1,0.046242982149124146,0.32771167159080505,0.047576166689395905,0.33448150753974915,0.0015917742857709527,0.007783138658851385,0.053377217263914645,0.3552023717202246,-0.8227986693382263,-0.822966992855072
theta3,T4,batch1_0_127,1,6,"(1, 6)",0,30,exact_replay_715_45760_tokens,T4_batch_128,3.7984790802001953,7.111593723297119,-0.00019351032096892595,-0.00019365549087524414,1.4516990631818771e-07,0.0007496296937519237,0,1,0.047576166689395905,0.33448150753974915,0.04888102412223816,0.3409574031829834,0.0015565772773697972,0.00748157175257802,0.05493379454128444,0.36268394347280264,-0.8283331394195557,-0.8285267949104309
theta3,T4,batch1_0_127,1,6,"(1, 6)",0,31,exact_replay_715_45760_tokens,T4_batch_128,3.742863893508911,7.11033821105957,-0.0002177155256504193,-0.00021785497665405273,1.3945100363343954e-07,0.000640109332250342,0,1,0.04888102412223816,0.3409574031829834,0.05015762895345688,0.3471662402153015,0.0015201647765934467,0.0072013153694570065,0.05645395931787789,0.36988525884225965,-0.8373712301254272,-0.8375890851020813
theta3,T4,batch1_0_127,1,6,"(1, 6)",0,32,exact_replay_715_45760_tokens,T4_batch_128,3.6910247802734375,7.110284328460693,-0.0002453413908369839,-0.000245511531829834,1.7014099285006523e-07,0.0006930061149550862,0,1,0.05015762895345688,0.3471662402153015,0.05140647664666176,0.3531340956687927,0.0014846603153273463,0.006952966563403606,0.057938619633205235,0.37683822540566325,-0.8450509905815125,-0.8452965021133423
theta3,T4,batch1_0_127,1,6,"(1, 6)",0,33,exact_replay_715_45760_tokens,T4_batch_128,3.6428351402282715,7.108555793762207,-0.0002653823758009821,-0.00026553869247436523,1.5631667338311672e-07,0.0005886775743546577,0,1,0.05140647664666176,0.3531340956687927,0.052628323435783386,0.3588853180408478,0.0014496948570013046,0.006724284961819649,0.05938831449020654,0.3835625103674829,-0.8515263199806213,-0.8517918586730957
theta3,T4,batch1_0_127,1,6,"(1, 6)",0,34,exact_replay_715_45760_tokens,T4_batch_128,3.5981035232543945,7.113972187042236,-0.00027906731702387333,-0.0002791881561279297,1.2083910405635834e-07,0.00043282317463706234,0,1,0.052628323435783386,0.3588853180408478,0.05382327735424042,0.36443832516670227,0.0014144089072942734,0.006512531079351902,0.06080272339750081,0.3900750414468348,-0.8600932359695435,-0.8603724241256714
theta3,T4,batch1_0_127,1,6,"(1, 6)",0,35,exact_replay_715_45760_tokens,T4_batch_128,3.556471347808838,7.120340347290039,-0.0002924926520790905,-0.0002925395965576172,4.6944478526711464e-08,0.000160472220099837,0,1,0.05382327735424042,0.36443832516670227,0.05499257519841194,0.3698127865791321,0.0013805866474285722,0.0063152736984193325,0.062183310044929385,0.39639031514525414,-0.8647508025169373,-0.8650433421134949
theta3,T4,batch1_0_127,1,6,"(1, 6)",0,36,exact_replay_715_45760_tokens,T4_batch_128,3.5176048278808594,7.127861022949219,-0.0003064852498937398,-0.0003064870834350586,1.8335413187742233e-09,5.982442386231038e-06,0,1,0.05499257519841194,0.3698127865791321,0.056136470288038254,0.3750157356262207,0.0013475771993398666,0.006129056215286255,0.06353088724426925,0.4025193713605404,-0.8686628937721252,-0.8689693808555603
theta3,T4,batch1_0_127,1,6,"(1, 6)",0,37,exact_replay_715_45760_tokens,T4_batch_128,3.4813127517700195,7.133219242095947,-0.0003210343129467219,-0.0003210306167602539,3.6961864680051804e-09,1.1513501438915707e-05,0,1,0.056136470288038254,0.3750157356262207,0.05725570395588875,0.3800620138645172,0.0013157962821424007,0.0059569519944489,0.06484668352641165,0.4084763233549893,-0.8756764531135559,-0.8759974837303162
theta3,T4,batch1_0_127,1,6,"(1, 6)",0,38,exact_replay_715_45760_tokens,T4_batch_128,3.4464545249938965,7.139619827270508,-0.00032922817626968026,-0.0003293156623840332,8.748611435294151e-08,0.00026566035067873304,0,1,0.05725570395588875,0.3800620138645172,0.05835014581680298,0.38494524359703064,0.0012840651907026768,0.005780632607638836,0.06613074871711433,0.4142569559626281,-0.8826377391815186,-0.8829670548439026
theta3,T4,batch1_0_127,1,6,"(1, 6)",0,39,exact_replay_715_45760_tokens,T4_batch_128,3.412625312805176,7.1432671546936035,-0.00033695087768137455,-0.0003370046615600586,5.3783878684043884e-08,0.00015959387159533074,0,1,0.05835014581680298,0.38494524359703064,0.059420157223939896,0.3896767795085907,0.0012532862601801753,0.00561784440651536,0.0673840349772945,0.4198748003691435,-0.8885056972503662,-0.8888427019119263
theta3,T4,batch1_0_127,1,7,"(1, 7)",1,0,exact_replay_715_45760_tokens,T4_batch_128,8.120196342468262,8.241799354553223,0.001822607940994203,0.0018222332000732422,3.7474092096090317e-07,0.00020564926648567318,1,0,0.0,0.0,0.002005163813009858,0.017349550500512123,0.002005163813009858,0.017349550500512123,0.002005163813009858,0.017349550500512123,-1.8053195476531982,-1.803497314453125
theta3,T4,batch1_0_127,1,7,"(1, 7)",1,1,exact_replay_715_45760_tokens,T4_batch_128,7.80638313293457,8.063126564025879,0.0015473703388124704,0.001547098159790039,2.721790224313736e-07,0.00017592873516720603,1,0,0.002005163813009858,0.017349550500512123,0.003936412278562784,0.03430504724383354,0.0019371637608855963,0.016982819885015488,0.003942327573895454,0.03433237038552761,-1.666585922241211,-1.665038824081421
theta3,T4,batch1_0_127,1,7,"(1, 7)",1,2,exact_replay_715_45760_tokens,T4_batch_128,7.520094871520996,7.902366638183594,0.0013390384847298265,0.001338958740234375,7.974449545145035e-08,5.9557096910612536e-05,1,0,0.003936412278562784,0.03430504724383354,0.005798181518912315,0.050865571945905685,0.001878066803328693,0.01663571409881115,0.005820394377224147,0.05096808448433876,-1.5609967708587646,-1.5596578121185303
theta3,T4,batch1_0_127,1,7,"(1, 7)",1,3,exact_replay_715_45760_tokens,T4_batch_128,7.2301836013793945,7.762092590332031,0.0011435275664553046,0.001143336296081543,1.912703737616539e-07,0.00016729143858825983,1,0,0.005798181518912315,0.050865571945905685,0.007592254318296909,0.0667077898979187,0.0018285078695043921,0.01598706841468811,0.0076489022467285395,0.06695515289902687,-1.4554330110549927,-1.4542896747589111
theta3,T4,batch1_0_127,1,7,"(1, 7)",1,4,exact_replay_715_45760_tokens,T4_batch_128,6.970952033996582,7.6660637855529785,0.0009780812542885542,0.0009779930114746094,8.824281394481659e-08,9.022847086786933e-05,1,0,0.007592254318296909,0.0667077898979187,0.00932861864566803,0.08178868889808655,0.001792124705389142,0.015313180163502693,0.009441026952117682,0.08226833306252956,-1.3530793190002441,-1.3521013259887695
theta3,T4,batch1_0_127,1,7,"(1, 7)",1,5,exact_replay_715_45760_tokens,T4_batch_128,6.739316940307617,7.6040825843811035,0.0008387478301301599,0.0008386373519897461,1.1047814041376114e-07,0.00013173529673063256,1,0,0.00932861864566803,0.08178868889808655,0.011015230789780617,0.09594696015119553,0.0017656494164839387,0.014500420540571213,0.01120667636860162,0.09676875360310078,-1.2684078216552734,-1.2675691843032837
theta3,T4,batch1_0_127,1,7,"(1, 7)",1,6,exact_replay_715_45760_tokens,T4_batch_128,6.535994529724121,7.550049304962158,0.0007140813395380974,0.0007139444351196289,1.3690441846847534e-07,0.00019175780597762565,1,0,0.011015230789780617,0.09594696015119553,0.012663237750530243,0.10915906727313995,0.0017520004184916615,0.013703654520213604,0.012958676787093282,0.11047240812331438,-1.2017056941986084,-1.2009917497634888
theta3,T4,batch1_0_127,1,7,"(1, 7)",1,7,exact_replay_715_45760_tokens,T4_batch_128,6.347004413604736,7.529238700866699,0.0006139507167972624,0.0006138086318969727,1.4208490028977394e-07,0.00023148077903476403,1,0,0.012663237750530243,0.10915906727313995,0.014287712052464485,0.12164541333913803,0.001749843591824174,0.013116957619786263,0.014708520378917456,0.12358936574310064,-1.1465833187103271,-1.1459695100784302
theta3,T4,batch1_0_127,1,7,"(1, 7)",1,8,exact_replay_715_45760_tokens,T4_batch_128,6.1778974533081055,7.518986701965332,0.0005268350359983742,0.0005267858505249023,4.918547347187996e-08,9.336901023987327e-05,1,0,0.014287712052464485,0.12164541333913803,0.01589863933622837,0.13355709612369537,0.0017567831091582775,0.012670806609094143,0.016465303488075733,0.13626017235219479,-1.0961414575576782,-1.0956146717071533
theta3,T4,batch1_0_127,1,7,"(1, 7)",1,9,exact_replay_715_45760_tokens,T4_batch_128,6.016461372375488,7.517416954040527,0.0004524037358351052,0.00045239925384521484,4.48198989033699e-09,9.907155797101449e-06,1,0,0.01589863933622837,0.13355709612369537,0.017504913732409477,0.1449747234582901,0.0017688835505396128,0.012261266820132732,0.018234187038615346,0.14852143917232752,-1.0508780479431152,-1.05042564868927
theta3,T4,batch1_0_127,1,7,"(1, 7)",1,10,exact_replay_715_45760_tokens,T4_batch_128,5.8595051765441895,7.517907619476318,0.00039043842116370797,0.0003904104232788086,2.7997884899377823e-08,7.171397900763358e-05,1,0,0.017504913732409477,0.1449747234582901,0.019113169983029366,0.15599393844604492,0.0017835610779002309,0.011926810257136822,0.020017748116515577,0.16044824942946434,-1.0114858150482178,-1.011095404624939
theta3,T4,batch1_0_127,1,7,"(1, 7)",1,11,exact_replay_715_45760_tokens,T4_batch_128,5.722458839416504,7.527453422546387,0.00033550983062013984,0.00033551454544067383,4.71482053399086e-09,1.4052507106057914e-05,1,0,0.019113169983029366,0.15599393844604492,0.020727934315800667,0.16676560044288635,0.0018004641169682145,0.011699404567480087,0.02181821223348379,0.17214765399694443,-0.9764255881309509,-0.9760900735855103
theta3,T4,batch1_0_127,1,7,"(1, 7)",1,12,exact_replay_715_45760_tokens,T4_batch_128,5.588011741638184,7.541768550872803,0.00028136136825196445,0.00028133392333984375,2.7444912120699883e-08,9.755280058262712e-05,1,0,0.020727934315800667,0.16676560044288635,0.02234901301562786,0.17723338305950165,0.0018162891501560807,0.01140881609171629,0.023634501383639872,0.18355647008866072,-0.9456847906112671,-0.9454034566879272
theta3,T4,batch1_0_127,1,7,"(1, 7)",1,13,exact_replay_715_45760_tokens,T4_batch_128,5.46437931060791,7.566540718078613,0.00022326425823848695,0.0002232193946838379,4.4863554649055004e-08,0.00020098412466622163,1,0,0.02234901301562786,0.17723338305950165,0.023975562304258347,0.18743038177490234,0.0018312482861801982,0.011178326793015003,0.02546574966982007,0.19473479688167572,-0.918225884437561,-0.9180026650428772
theta3,T4,batch1_0_127,1,7,"(1, 7)",1,14,exact_replay_715_45760_tokens,T4_batch_128,5.34306001663208,7.579030513763428,0.0001719267020234838,0.00017189979553222656,2.690649125725031e-08,0.00015652427726248267,1,0,0.023975562304258347,0.18743038177490234,0.02560609020292759,0.19733840227127075,0.0018416978418827057,0.010900325141847134,0.027307447511702776,0.20563512202352285,-0.8938001394271851,-0.8936282396316528
theta3,T4,batch1_0_127,1,7,"(1, 7)",1,15,exact_replay_715_45760_tokens,T4_batch_128,5.222768306732178,7.593459129333496,0.00012394315854180604,0.0001239776611328125,3.4502591006457806e-08,0.00027829683743990386,1,0,0.02560609020292759,0.19733840227127075,0.027235636487603188,0.2069455236196518,0.0018459720304235816,0.010616241954267025,0.029153419542126358,0.21625136397778988,-0.8690435886383057,-0.8689196109771729
theta3,T4,batch1_0_127,1,7,"(1, 7)",1,16,exact_replay_715_45760_tokens,T4_batch_128,5.1083550453186035,7.610538005828857,8.097144745988771e-05,8.100271224975586e-05,3.126478986814618e-08,0.0003859721359915379,1,0,0.027235636487603188,0.2069455236196518,0.028866006061434746,0.21631117165088654,0.0018508820794522762,0.01040517445653677,0.031004301621578634,0.22665653843432665,-0.849119246006012,-0.8490382432937622
theta3,T4,batch1_0_127,1,7,"(1, 7)",1,17,exact_replay_715_45760_tokens,T4_batch_128,4.999086380004883,7.632669925689697,4.028098555863835e-05,4.029273986816406e-05,1.1754309525713325e-08,0.0002917227660410503,1,0,0.028866006061434746,0.21631117165088654,0.030493687838315964,0.22548425197601318,0.0018508246866986156,0.010228418745100498,0.03285512630827725,0.23688495717942715,-0.8294048309326172,-0.829364538192749
theta3,T4,batch1_0_127,1,7,"(1, 7)",1,18,exact_replay_715_45760_tokens,T4_batch_128,4.893919944763184,7.638359069824219,4.217311925458489e-06,4.231929779052734e-06,1.4617853594245389e-08,0.0034541815099581865,1,0,0.030493687838315964,0.22548425197601318,0.032117974013090134,0.23449604213237762,0.0018488445784896612,0.010079216212034225,0.03470397088676691,0.24696417339146137,-0.8190666437149048,-0.8190624117851257
theta3,T4,batch1_0_127,1,7,"(1, 7)",1,19,exact_replay_715_45760_tokens,T4_batch_128,4.792439937591553,7.65464448928833,-2.753128319454845e-05,-2.7477741241455078e-05,5.3541953093372285e-08,0.0019485572930789045,0,1,0.032117974013090134,0.23449604213237762,0.03373444080352783,0.24328377842903137,0.0018400107510387897,0.009864657185971737,0.0365439816378057,0.2568288305774331,-0.8013204336166382,-0.8013479113578796
theta3,T4,batch1_0_127,1,7,"(1, 7)",1,20,exact_replay_715_45760_tokens,T4_batch_128,4.694483757019043,7.668078422546387,-6.00174862483982e-05,-5.996227264404297e-05,5.521360435523093e-08,0.000920805732014165,0,1,0.03373444080352783,0.24328377842903137,0.03534211218357086,0.2519104778766632,0.001830753404647112,0.009710540995001793,0.03837473504245281,0.2665393715724349,-0.7852451801300049,-0.7853051424026489
theta3,T4,batch1_0_127,1,7,"(1, 7)",1,21,exact_replay_715_45760_tokens,T4_batch_128,4.5966925621032715,7.680880546569824,-8.527317550033331e-05,-8.529424667358398e-05,2.10711732506752e-08,0.0002470409678546471,0,1,0.03534211218357086,0.2519104778766632,0.036938175559043884,0.26036080718040466,0.0018172228010371327,0.009531280025839806,0.040191957843489945,0.2760706515982747,-0.7686110734939575,-0.7686963677406311
theta3,T4,batch1_0_127,1,7,"(1, 7)",1,22,exact_replay_715_45760_tokens,T4_batch_128,4.506209850311279,7.7005791664123535,-0.00011939394607907161,-0.00011944770812988281,5.3762050811201334e-08,0.00045008859234655686,0,1,0.036938175559043884,0.26036080718040466,0.038519058376550674,0.2686021625995636,0.0018022229196503758,0.009352963417768478,0.04199418076314032,0.2854236150160432,-0.7563068866729736,-0.7564263343811035
theta3,T4,batch1_0_127,1,7,"(1, 7)",1,23,exact_replay_715_45760_tokens,T4_batch_128,4.420064926147461,7.715359687805176,-0.00014240593009162694,-0.0001424551010131836,4.917092155665159e-08,0.0003451678543410042,0,1,0.038519058376550674,0.2686021625995636,0.040082938969135284,0.2766723036766052,0.0017821973888203502,0.00917380303144455,0.04377637815196067,0.29459741804748774,-0.7414928674697876,-0.7416353225708008
theta3,T4,batch1_0_127,1,7,"(1, 7)",1,24,exact_replay_715_45760_tokens,T4_batch_128,4.335875511169434,7.724264144897461,-0.00016753839736338705,-0.00016748905181884766,4.9345544539391994e-08,0.00029461952290925266,0,1,0.040082938969135284,0.2766723036766052,0.041626445949077606,0.2845548689365387,0.001758524333126843,0.008975770324468613,0.045534902485087514,0.30357318837195635,-0.7313998937606812,-0.7315673828125
theta3,T4,batch1_0_127,1,7,"(1, 7)",1,25,exact_replay_715_45760_tokens,T4_batch_128,4.25604248046875,7.736316204071045,-0.00018883860320784152,-0.0001888871192932129,4.8516085371375084e-08,0.0002568522700378668,0,1,0.041626445949077606,0.2845548689365387,0.04314640909433365,0.29224058985710144,0.0017318341415375471,0.008763083256781101,0.04726673662662506,0.31233627162873745,-0.7223575115203857,-0.722546398639679
theta3,T4,batch1_0_127,1,7,"(1, 7)",1,26,exact_replay_715_45760_tokens,T4_batch_128,4.178069114685059,7.74511194229126,-0.0002112068177666515,-0.00021123886108398438,3.204331733286381e-08,0.00015169234092832958,0,1,0.04314640909433365,0.29224058985710144,0.04463973641395569,0.2997141480445862,0.00170205591712147,0.008538994938135147,0.04896879254374653,0.3208752665668726,-0.7199581861495972,-0.7201694250106812
theta3,T4,batch1_0_127,1,7,"(1, 7)",1,27,exact_replay_715_45760_tokens,T4_batch_128,4.103457927703857,7.754482269287109,-0.00023045160924084485,-0.00023037195205688477,7.965718396008015e-08,0.000345776398771022,0,1,0.04463973641395569,0.2997141480445862,0.046105947345495224,0.3069964647293091,0.0016715873498469591,0.008334536105394363,0.05064037989359349,0.32920980267226696,-0.7183923125267029,-0.7186226844787598
theta3,T4,batch1_0_127,1,7,"(1, 7)",1,28,exact_replay_715_45760_tokens,T4_batch_128,4.034201622009277,7.763045310974121,-0.0002441962424200028,-0.0002442002296447754,3.987224772572517e-09,1.6327686416890407e-05,0,1,0.046105947345495224,0.3069964647293091,0.04754432663321495,0.3140791356563568,0.0016394337872043252,0.008116870187222958,0.052279813680797815,0.3373266728594899,-0.7139521837234497,-0.7141963839530945
theta3,T4,batch1_0_127,1,7,"(1, 7)",1,29,exact_replay_715_45760_tokens,T4_batch_128,3.9686808586120605,7.7701311111450195,-0.00025948983966372907,-0.00025957822799682617,8.838833309710026e-08,0.000340507498564868,0,1,0.04754432663321495,0.3140791356563568,0.04895457997918129,0.32095110416412354,0.0016071521677076817,0.007896237075328827,0.0538869658485055,0.34522290993481874,-0.7100947499275208,-0.7103543281555176
theta3,T4,batch1_0_127,1,7,"(1, 7)",1,30,exact_replay_715_45760_tokens,T4_batch_128,3.903900146484375,7.774867057800293,-0.0002754705783445388,-0.00027549266815185547,2.208980731666088e-08,8.018292270662051e-05,0,1,0.04895457997918129,0.32095110416412354,0.050334375351667404,0.3275851905345917,0.001572537119500339,0.007650177460163832,0.055459502968005836,0.3528730873949826,-0.7097423076629639,-0.7100178003311157
theta3,T4,batch1_0_127,1,7,"(1, 7)",1,31,exact_replay_715_45760_tokens,T4_batch_128,3.845519781112671,7.777298927307129,-0.0002869160962291062,-0.00028693675994873047,2.066371962428093e-08,7.201489146240133e-05,0,1,0.050334375351667404,0.3275851905345917,0.0516839362680912,0.3340202569961548,0.0015379551332443953,0.00743459677323699,0.05699745810125023,0.36030768416821957,-0.7095240354537964,-0.7098109722137451
theta3,T4,batch1_0_127,1,7,"(1, 7)",1,32,exact_replay_715_45760_tokens,T4_batch_128,3.7905948162078857,7.77969217300415,-0.0003048373037017882,-0.00030499696731567383,1.596636138856411e-07,0.0005234924638460036,0,1,0.0516839362680912,0.3340202569961548,0.05300417169928551,0.3402663469314575,0.0015051312511786819,0.007230073679238558,0.05850258935242891,0.3675377578474581,-0.7106479406356812,-0.7109529376029968
theta3,T4,batch1_0_127,1,7,"(1, 7)",1,33,exact_replay_715_45760_tokens,T4_batch_128,3.7406084537506104,7.786736965179443,-0.00031070964178070426,-0.0003107786178588867,6.897607818245888e-08,0.00022194602272727272,0,1,0.05300417169928551,0.3402663469314575,0.05429595336318016,0.34634557366371155,0.0014717418234795332,0.007043528836220503,0.059974331175908446,0.3745812866836786,-0.7126303911209106,-0.7129411697387695
theta3,T4,batch1_0_127,1,7,"(1, 7)",1,34,exact_replay_715_45760_tokens,T4_batch_128,3.6906919479370117,7.7980804443359375,-0.00031265008146874607,-0.0003126859664916992,3.5885022953152657e-08,0.00011476377835493709,0,1,0.05429595336318016,0.34634557366371155,0.055558882653713226,0.35227060317993164,0.0014384161913767457,0.006863025017082691,0.06141274736728519,0.3814443117007613,-0.7152632474899292,-0.7155759334564209
theta3,T4,batch1_0_127,1,7,"(1, 7)",1,35,exact_replay_715_45760_tokens,T4_batch_128,3.6416594982147217,7.804300308227539,-0.000318321050144732,-0.0003184080123901367,8.69622454047203e-08,0.00027311575720703854,0,1,0.055558882653713226,0.35227060317993164,0.05679157376289368,0.3580157458782196,0.0014040793757885695,0.006673263385891914,0.06281682674307376,0.38811757508665323,-0.7182732820510864,-0.7185916900634766
theta3,T4,batch1_0_127,1,7,"(1, 7)",1,36,exact_replay_715_45760_tokens,T4_batch_128,3.5947415828704834,7.808696746826172,-0.00032213126542046666,-0.0003222227096557617,9.14442352950573e-08,0.00028379202506474287,0,1,0.05679157376289368,0.3580157458782196,0.05799373611807823,0.3635825514793396,0.0013696982059627771,0.006480448879301548,0.06418652494903654,0.3945980239659548,-0.7216399908065796,-0.7219622135162354
theta3,T4,batch1_0_127,1,7,"(1, 7)",1,37,exact_replay_715_45760_tokens,T4_batch_128,3.5519723892211914,7.810713291168213,-0.00032687734346836805,-0.0003269314765930176,5.413312464952469e-08,0.00016557942114858707,0,1,0.05799373611807823,0.3635825514793396,0.05916642025113106,0.3689885437488556,0.0013366015627980232,0.006303997710347176,0.06552312651183456,0.40090202167630196,-0.7264387607574463,-0.7267656922340393
theta3,T4,batch1_0_127,1,7,"(1, 7)",1,38,exact_replay_715_45760_tokens,T4_batch_128,3.511899948120117,7.810044765472412,-0.00033121954766102135,-0.0003311634063720703,5.6141288951039314e-08,0.0001695274534287257,0,1,0.05916642025113106,0.3689885437488556,0.06030958518385887,0.37423232197761536,0.001303233322687447,0.006123998202383518,0.06682635983452201,0.4070260198786855,-0.732602596282959,-0.732933759689331
theta3,T4,batch1_0_127,1,7,"(1, 7)",1,39,exact_replay_715_45760_tokens,T4_batch_128,3.473923683166504,7.812326908111572,-0.0003338909591548145,-0.0003339052200317383,1.4260876923799515e-08,4.2709356033559446e-05,0,1,0.06030958518385887,0.37423232197761536,0.06142456829547882,0.3793330490589142,0.001271341578103602,0.005957468878477812,0.06809770141262561,0.4129834887571633,-0.7377545833587646,-0.7380884885787964
theta3,T4,batch1_0_127,2,3,"(2, 3)",0,0,exact_replay_715_45760_tokens,T4_batch_128,8.699076652526855,8.241799354553223,0.0013273169752210379,0.0013270378112792969,2.791639417409897e-07,0.00021036623023715416,1,0,0.0,0.0,0.0019497907487675548,0.016878686845302582,0.0019497907487675548,0.016878686845302582,0.0019497907487675548,0.016878686845302582,-1.5343538522720337,-1.5330268144607544
theta3,T4,batch1_0_127,2,3,"(2, 3)",0,1,exact_replay_715_45760_tokens,T4_batch_128,8.402780532836914,8.080899238586426,0.001228614361025393,0.00122833251953125,2.818414941430092e-07,0.00022945048646156831,1,0,0.0019497907487675548,0.016878686845302582,0.0038622987922281027,0.03339045122265816,0.001917702262289822,0.016539940610527992,0.003867493011057377,0.033418627455830574,-1.4812426567077637,-1.4800143241882324
theta3,T4,batch1_0_127,2,3,"(2, 3)",0,2,exact_replay_715_45760_tokens,T4_batch_128,8.131019592285156,7.907208442687988,0.0011266416404396296,0.0011265277862548828,1.1385418474674225e-07,0.00010106646825396826,1,0,0.0038622987922281027,0.03339045122265816,0.005732160992920399,0.049215756356716156,0.001884801546111703,0.015898382291197777,0.00575229455716908,0.04931700974702835,-1.4241437911987305,-1.4230172634124756
theta3,T4,batch1_0_127,2,3,"(2, 3)",0,3,exact_replay_715_45760_tokens,T4_batch_128,7.881000518798828,7.761477947235107,0.0010390019742771983,0.0010387897491455078,2.1222513169050217e-07,0.0002043003715285747,1,0,0.005732160992920399,0.049215756356716156,0.007560948841273785,0.06421615183353424,0.0018574112327769399,0.015144149772822857,0.00760970578994602,0.06446115951985121,-1.3817439079284668,-1.3807051181793213
theta3,T4,batch1_0_127,2,3,"(2, 3)",0,4,exact_replay_715_45760_tokens,T4_batch_128,7.658109664916992,7.629915714263916,0.0009540905011817813,0.0009541511535644531,6.065238267183304e-08,6.35668493878061e-05,1,0,0.007560948841273785,0.06421615183353424,0.009356135502457619,0.07831162214279175,0.001839607721194625,0.014329008758068085,0.009449313511140645,0.07879016827791929,-1.340423822402954,-1.3394696712493896
theta3,T4,batch1_0_127,2,3,"(2, 3)",0,5,exact_replay_715_45760_tokens,T4_batch_128,7.45393705368042,7.512965202331543,0.0008824836113490164,0.000882267951965332,2.1565938368439674e-07,0.00024443751266720715,1,0,0.009356135502457619,0.07831162214279175,0.011125716380774975,0.09179770201444626,0.00183080043643713,0.013802841305732727,0.011280113947577775,0.09259300958365202,-1.3056199550628662,-1.3047376871109009
theta3,T4,batch1_0_127,2,3,"(2, 3)",0,6,exact_replay_715_45760_tokens,T4_batch_128,7.267726421356201,7.39171028137207,0.0008182033780030906,0.0008181333541870117,7.002381607890129e-08,8.558973389916946e-05,1,0,0.011125716380774975,0.09179770201444626,0.012875191867351532,0.1044960767030716,0.0018284827237948775,0.013129925355315208,0.013108596671372652,0.10572293493896723,-1.2762585878372192,-1.2754404544830322
theta3,T4,batch1_0_127,2,3,"(2, 3)",0,7,exact_replay_715_45760_tokens,T4_batch_128,7.094761848449707,7.291300296783447,0.0007578075747005641,0.0007578134536743164,5.878973752260208e-09,7.757811271039798e-06,1,0,0.012875191867351532,0.1044960767030716,0.0146095659583807,0.1164899617433548,0.001831387053243816,0.01254623755812645,0.014939983724616468,0.11826917249709368,-1.2500736713409424,-1.249315857887268
theta3,T4,batch1_0_127,2,3,"(2, 3)",0,8,exact_replay_715_45760_tokens,T4_batch_128,6.942044258117676,7.210655212402344,0.000701041950378567,0.0007010698318481445,2.7881469577550888e-08,3.976988926203027e-05,1,0,0.0146095659583807,0.1164899617433548,0.01633756421506405,0.12790906429290771,0.001843575038947165,0.012139729224145412,0.016783558763563633,0.1304089017212391,-1.2266883850097656,-1.2259873151779175
theta3,T4,batch1_0_127,2,3,"(2, 3)",0,9,exact_replay_715_45760_tokens,T4_batch_128,6.796393394470215,7.137653827667236,0.0006494680419564247,0.0006494522094726562,1.5832483768463135e-08,2.4378212187958884e-05,1,0,0.01633756421506405,0.12790906429290771,0.018061727285385132,0.13883624970912933,0.0018547091167420149,0.01173784863203764,0.018638267880305648,0.14214675035327673,-1.2077441215515137,-1.207094669342041
theta3,T4,batch1_0_127,2,3,"(2, 3)",0,10,exact_replay_715_45760_tokens,T4_batch_128,6.657314300537109,7.07003116607666,0.0006076827994547784,0.000607609748840332,7.30506144464016e-08,0.00012022620536590151,1,0,0.018061727285385132,0.13883624970912933,0.019786307588219643,0.1492874026298523,0.0018670586869120598,0.011341189034283161,0.020505326567217708,0.1534879393875599,-1.193041205406189,-1.1924335956573486
theta3,T4,batch1_0_127,2,3,"(2, 3)",0,11,exact_replay_715_45760_tokens,T4_batch_128,6.5315775871276855,7.012038230895996,0.0005725233932025731,0.0005725622177124023,3.882450982928276e-08,6.78083684676244e-05,1,0,0.019786307588219643,0.1492874026298523,0.021515613421797752,0.1593426913022995,0.0018800842808559537,0.01103165838867426,0.02238541084807366,0.16451959777623415,-1.1785471439361572,-1.1779745817184448
theta3,T4,batch1_0_127,2,3,"(2, 3)",0,12,exact_replay_715_45760_tokens,T4_batch_128,6.410702705383301,6.952531337738037,0.0005387016572058201,0.0005385875701904297,1.1408701539039612e-07,0.00021182630588756086,1,0,0.021515613421797752,0.1593426913022995,0.023252729326486588,0.16911281645298004,0.0018967428477481008,0.010845203883945942,0.024282153695821762,0.1753648016601801,-1.16851007938385,-1.1679714918136597
theta3,T4,batch1_0_127,2,3,"(2, 3)",0,13,exact_replay_715_45760_tokens,T4_batch_128,6.293819427490234,6.907278537750244,0.0005103761795908213,0.0005103349685668945,4.1211023926734924e-08,8.075289067974772e-05,1,0,0.023252729326486588,0.16911281645298004,0.024999679997563362,0.178681880235672,0.0019120651995763183,0.01068599708378315,0.02619421889539808,0.18605079874396324,-1.155347228050232,-1.154836893081665
theta3,T4,batch1_0_127,2,3,"(2, 3)",0,14,exact_replay_715_45760_tokens,T4_batch_128,6.177928924560547,6.858467102050781,0.00047634923248551786,0.0004762411117553711,1.0812073014676571e-07,0.00022702939220901126,1,0,0.024999679997563362,0.178681880235672,0.026754774153232574,0.18801936507225037,0.0019278129329904914,0.010511207394301891,0.028122031828388572,0.19656200613826513,-1.1357285976409912,-1.1352523565292358
theta3,T4,batch1_0_127,2,3,"(2, 3)",0,15,exact_replay_715_45760_tokens,T4_batch_128,6.06545352935791,6.817825794219971,0.000449534913059324,0.0004494190216064453,1.1589145287871361e-07,0.00025786948773209547,1,0,0.026754774153232574,0.18801936507225037,0.02851909212768078,0.19711461663246155,0.0019433273700997233,0.010305515490472317,0.030065359198488295,0.20686752162873745,-1.1236028671264648,-1.1231534481048584
theta3,T4,batch1_0_127,2,3,"(2, 3)",0,16,exact_replay_715_45760_tokens,T4_batch_128,5.95960807800293,6.787065029144287,0.0004145438433624804,0.0004143714904785156,1.72352883964777e-07,0.0004159380843642117,1,0,0.02851909212768078,0.19711461663246155,0.030291248112916946,0.20594845712184906,0.0019564926624298096,0.010082783177495003,0.032021851860918105,0.21695030480623245,-1.1171602010726929,-1.1167458295822144
theta3,T4,batch1_0_127,2,3,"(2, 3)",0,17,exact_replay_715_45760_tokens,T4_batch_128,5.856807708740234,6.755954742431641,0.00038997209048829973,0.00039005279541015625,8.070492185652256e-08,0.0002069076873853912,1,0,0.030291248112916946,0.20594845712184906,0.032074276357889175,0.21456359326839447,0.0019718618132174015,0.009939586743712425,0.033993713674135506,0.22688989154994488,-1.1126044988632202,-1.11221444606781
theta3,T4,batch1_0_127,2,3,"(2, 3)",0,18,exact_replay_715_45760_tokens,T4_batch_128,5.755460739135742,6.729162216186523,0.00036454867222346365,0.00036454200744628906,6.664777174592018e-09,1.8282604030412035e-05,1,0,0.032074276357889175,0.21456359326839447,0.033866554498672485,0.22303764522075653,0.0019833603873848915,0.009838130325078964,0.0359770740615204,0.23672802187502384,-1.1073930263519287,-1.1070284843444824
theta3,T4,batch1_0_127,2,3,"(2, 3)",0,19,exact_replay_715_45760_tokens,T4_batch_128,5.659372806549072,6.707975387573242,0.0003485168854240328,0.0003484487533569336,6.81320670992136e-08,0.00019552966237598358,1,0,0.033866554498672485,0.22303764522075653,0.03566914424300194,0.23144924640655518,0.0019953656010329723,0.009781382977962494,0.03797243966255337,0.24650940485298634,-1.1033216714859009,-1.102973222732544
theta3,T4,batch1_0_127,2,3,"(2, 3)",0,20,exact_replay_715_45760_tokens,T4_batch_128,5.561882972717285,6.692068576812744,0.00031602513627149165,0.0003159046173095703,1.2051896192133427e-07,0.00038150427476415095,1,0,0.03566914424300194,0.23144924640655518,0.03747926652431488,0.23980998992919922,0.00200501992367208,0.00972290150821209,0.03997745958622545,0.2562323063611984,-1.100059986114502,-1.0997440814971924
theta3,T4,batch1_0_127,2,3,"(2, 3)",0,21,exact_replay_715_45760_tokens,T4_batch_128,5.464721202850342,6.686339855194092,0.0002919303369708359,0.0002918243408203125,1.0599615052342415e-07,0.0003632190180759804,1,0,0.03747926652431488,0.23980998992919922,0.039295706897974014,0.24818217754364014,0.0020131964702159166,0.009714504703879356,0.04199065605644137,0.2659468110650778,-1.0999107360839844,-1.099618911743164
theta3,T4,batch1_0_127,2,3,"(2, 3)",0,22,exact_replay_715_45760_tokens,T4_batch_128,5.369041442871094,6.676296710968018,0.00026158333639614284,0.00026154518127441406,3.8155121728777885e-08,0.00014588348193938014,1,0,0.039295706897974014,0.24818217754364014,0.041118308901786804,0.2565224766731262,0.002021909225732088,0.009679303504526615,0.044012565282173455,0.2756261145696044,-1.0939606428146362,-1.0936990976333618
theta3,T4,batch1_0_127,2,3,"(2, 3)",0,23,exact_replay_715_45760_tokens,T4_batch_128,5.280673027038574,6.666713237762451,0.0002462504489813,0.0002461671829223633,8.326605893671513e-08,0.0003382500378329298,1,0,0.041118308901786804,0.2565224766731262,0.04294557496905327,0.26490944623947144,0.00202864408493042,0.009703760966658592,0.046041209367103875,0.285329875536263,-1.0946682691574097,-1.0944221019744873
theta3,T4,batch1_0_127,2,3,"(2, 3)",0,24,exact_replay_715_45760_tokens,T4_batch_128,5.184946060180664,6.6591339111328125,0.00022939725022297353,0.00022935867309570312,3.8577127270400524e-08,0.0001681956332835239,1,0,0.04294557496905327,0.26490944623947144,0.04477139189839363,0.27326110005378723,0.00202937051653862,0.009648429229855537,0.048070579883642495,0.2949783047661185,-1.0970662832260132,-1.0968369245529175
theta3,T4,batch1_0_127,2,3,"(2, 3)",0,25,exact_replay_715_45760_tokens,T4_batch_128,5.08884859085083,6.653448104858398,0.00021381981787271798,0.00021374225616455078,7.756170816719532e-08,0.00036287493899888457,1,0,0.04477139189839363,0.27326110005378723,0.0465959757566452,0.28156840801239014,0.0020296552684158087,0.00959593802690506,0.0501002351520583,0.3045742427930236,-1.1039990186691284,-1.1037852764129639
theta3,T4,batch1_0_127,2,3,"(2, 3)",0,26,exact_replay_715_45760_tokens,T4_batch_128,4.993207931518555,6.650074005126953,0.00016296310059260577,0.00016295909881591797,4.001776687800884e-09,2.4556939237381128e-05,1,0,0.0465959757566452,0.28156840801239014,0.048414602875709534,0.2897711396217346,0.0020293532870709896,0.009536595083773136,0.05212958843912929,0.3141108378767967,-1.1076282262802124,-1.1074652671813965
theta3,T4,batch1_0_127,2,3,"(2, 3)",0,27,exact_replay_715_45760_tokens,T4_batch_128,4.900510787963867,6.643813610076904,0.0001314183755312115,0.00013136863708496094,4.97384462505579e-08,0.0003786173576451906,1,0,0.048414602875709534,0.2897711396217346,0.05022701621055603,0.2978692054748535,0.0020263004116714,0.009419401176273823,0.05415588885080069,0.32353023905307055,-1.1020643711090088,-1.1019330024719238
theta3,T4,batch1_0_127,2,3,"(2, 3)",0,28,exact_replay_715_45760_tokens,T4_batch_128,4.810812473297119,6.64042329788208,0.00010096775804413483,0.00010097026824951172,2.510205376893282e-09,2.486083696133412e-05,1,0,0.05022701621055603,0.2978692054748535,0.05202993005514145,0.3058631420135498,0.0020185746252536774,0.009311276488006115,0.05617446347605437,0.33284151554107666,-1.1046878099441528,-1.1045868396759033
theta3,T4,batch1_0_127,2,3,"(2, 3)",0,29,exact_replay_715_45760_tokens,T4_batch_128,4.720917224884033,6.638236999511719,6.827363540651277e-05,6.818771362304688e-05,8.592178346589208e-08,0.0012600772030703672,1,0,0.05202993005514145,0.3058631420135498,0.05382223799824715,0.31372949481010437,0.002010089810937643,0.009169873781502247,0.05818455328699201,0.3420113893225789,-1.106654167175293,-1.10658597946167
theta3,T4,batch1_0_127,2,3,"(2, 3)",0,30,exact_replay_715_45760_tokens,T4_batch_128,4.638572692871094,6.632279396057129,3.9023921999614686e-05,3.910064697265625e-05,7.672497304156423e-08,0.001962243056878811,1,0,0.05382223799824715,0.31372949481010437,0.0556027777493,0.32146233320236206,0.0020010764710605145,0.0090250913053751,0.06018562975805253,0.351036480627954,-1.1182730197906494,-1.1182339191436768
theta3,T4,batch1_0_127,2,3,"(2, 3)",0,31,exact_replay_715_45760_tokens,T4_batch_128,4.559063911437988,6.630175590515137,1.1809537681983784e-05,1.1920928955078125e-05,1.1139127309434116e-07,0.00934417724609375,1,0,0.0556027777493,0.32146233320236206,0.057369161397218704,0.3290908634662628,0.001989629352465272,0.008909841068089008,0.0621752591105178,0.359946321696043,-1.131913661956787,-1.131901741027832
theta3,T4,batch1_0_127,2,3,"(2, 3)",0,32,exact_replay_715_45760_tokens,T4_batch_128,4.476011276245117,6.624903202056885,-3.591076165321283e-05,-3.5881996154785156e-05,2.8765498427674174e-08,0.0008016694027720099,0,1,0.057369161397218704,0.3290908634662628,0.05911907181143761,0.3365107476711273,0.0019755063112825155,0.008701694197952747,0.06415076542180032,0.36864801589399576,-1.1452082395553589,-1.1452441215515137
theta3,T4,batch1_0_127,2,3,"(2, 3)",0,33,exact_replay_715_45760_tokens,T4_batch_128,4.3988776206970215,6.6223039627075195,-6.248027057154104e-05,-6.246566772460938e-05,1.4602846931666136e-08,0.00023377396678196565,0,1,0.05911907181143761,0.3365107476711273,0.06085272505879402,0.34379059076309204,0.0019605050329118967,0.00854993611574173,0.06611127045471221,0.3771979520097375,-1.1613318920135498,-1.1613943576812744
theta3,T4,batch1_0_127,2,3,"(2, 3)",0,34,exact_replay_715_45760_tokens,T4_batch_128,4.326004505157471,6.623626708984375,-9.315320494351909e-05,-9.322166442871094e-05,6.845948519185185e-08,0.0007343731267982737,0,1,0.06085272505879402,0.34379059076309204,0.06256899982690811,0.3508950471878052,0.001944652758538723,0.008373464457690716,0.06805592321325094,0.3855714164674282,-1.1843795776367188,-1.1844727993011475
theta3,T4,batch1_0_127,2,3,"(2, 3)",0,35,exact_replay_715_45760_tokens,T4_batch_128,4.254911422729492,6.61962366104126,-0.00011795119644375518,-0.00011789798736572266,5.3209078032523394e-08,0.00045131455779196157,0,1,0.06256899982690811,0.3508950471878052,0.06426383554935455,0.35782739520072937,0.0019245600560680032,0.008200675249099731,0.06998048326931894,0.39377209171652794,-1.2059398889541626,-1.2060577869415283
theta3,T4,batch1_0_127,2,3,"(2, 3)",0,36,exact_replay_715_45760_tokens,T4_batch_128,4.187358379364014,6.618470668792725,-0.00014980685955379158,-0.00014984607696533203,3.9217411540448666e-08,0.00026171797310063643,0,1,0.06426383554935455,0.35782739520072937,0.06593862920999527,0.36460205912590027,0.001907005556859076,0.008049169555306435,0.07188748882617801,0.4018212612718344,-1.2280360460281372,-1.2281858921051025
theta3,T4,batch1_0_127,2,3,"(2, 3)",0,37,exact_replay_715_45760_tokens,T4_batch_128,4.122415542602539,6.615391731262207,-0.00017800222849473357,-0.0001780986785888672,9.64500941336155e-08,0.0005415542377844712,0,1,0.06593862920999527,0.36460205912590027,0.0675918236374855,0.3712069094181061,0.0018863044679164886,0.007884501479566097,0.0737737932940945,0.40970576275140047,-1.2530174255371094,-1.2531955242156982
theta3,T4,batch1_0_127,2,3,"(2, 3)",0,38,exact_replay_715_45760_tokens,T4_batch_128,4.059388160705566,6.61643123626709,-0.00019885481742676347,-0.00019884109497070312,1.3722456060349941e-08,6.901217307404077e-05,0,1,0.0675918236374855,0.3712069094181061,0.06922083348035812,0.377644419670105,0.0018624579533934593,0.007703142706304789,0.07563625124748796,0.41740890545770526,-1.2813537120819092,-1.2815525531768799
theta3,T4,batch1_0_127,2,3,"(2, 3)",0,39,exact_replay_715_45760_tokens,T4_batch_128,4.000295162200928,6.618408203125,-0.00022424102644436061,-0.00022423267364501953,8.352799341082573e-09,3.7250589779372676e-05,0,1,0.06922083348035812,0.377644419670105,0.07082546502351761,0.3839111030101776,0.001836935756728053,0.007524723652750254,0.07747318700421602,0.4249336291104555,-1.3122117519378662,-1.3124359846115112
theta3,T4,batch1_0_127,2,4,"(2, 4)",0,0,exact_replay_715_45760_tokens,T4_batch_128,8.786985397338867,8.241799354553223,0.0020385002717375755,0.0020380020141601562,4.98257577419281e-07,0.0002444833586803931,1,0,0.0,0.0,0.0018895086832344532,0.016771327704191208,0.0018895086832344532,0.016771327704191208,0.0018895086832344532,0.016771327704191208,-2.442996025085449,-2.440958023071289
theta3,T4,batch1_0_127,2,4,"(2, 4)",0,1,exact_replay_715_45760_tokens,T4_batch_128,8.49443244934082,8.083966255187988,0.0018179533071815968,0.0018177032470703125,2.50060111284256e-07,0.0001375692713798531,1,0,0.0018895086832344532,0.016771327704191208,0.0037517095915973186,0.03345617279410362,0.0018676102627068758,0.01670987904071808,0.003757118945941329,0.033481206744909286,-2.3036117553710938,-2.3017940521240234
theta3,T4,batch1_0_127,2,4,"(2, 4)",0,2,exact_replay_715_45760_tokens,T4_batch_128,8.219583511352539,7.920378684997559,0.0016062733484432101,0.001605987548828125,2.8579961508512497e-07,0.00017795879880492873,1,0,0.0037517095915973186,0.03345617279410362,0.005574663635343313,0.04952247813344002,0.0018388553289696574,0.01612573303282261,0.005595974274910986,0.049606939777731895,-2.1821508407592773,-2.180544853210449
theta3,T4,batch1_0_127,2,4,"(2, 4)",0,3,exact_replay_715_45760_tokens,T4_batch_128,7.96315860748291,7.776867389678955,0.0014306274242699146,0.001430511474609375,1.1594966053962708e-07,8.10546875e-05,1,0,0.005574663635343313,0.04952247813344002,0.007361538242548704,0.06478824466466904,0.0018182125641033053,0.01539209671318531,0.007414186839014292,0.0649990364909172,-2.07761812210083,-2.0761876106262207
theta3,T4,batch1_0_127,2,4,"(2, 4)",0,4,exact_replay_715_45760_tokens,T4_batch_128,7.728787422180176,7.643882751464844,0.0012569144601002336,0.0012568235397338867,9.092036634683609e-08,7.234139357867779e-05,1,0,0.007361538242548704,0.06478824466466904,0.009111070074141026,0.07890002429485321,0.0018030342180281878,0.014346059411764145,0.00921722105704248,0.07934509590268135,-1.9839575290679932,-1.9827007055282593
theta3,T4,batch1_0_127,2,4,"(2, 4)",0,5,exact_replay_715_45760_tokens,T4_batch_128,7.53550386428833,7.535290241241455,0.0011230696691200137,0.0011229515075683594,1.1816155165433884e-07,0.000105224091029724,1,0,0.009111070074141026,0.07890002429485321,0.010840397328138351,0.09204625338315964,0.0018052156083285809,0.013500801287591457,0.01102243666537106,0.09284589719027281,-1.9152767658233643,-1.914153814315796
theta3,T4,batch1_0_127,2,4,"(2, 4)",0,6,exact_replay_715_45760_tokens,T4_batch_128,7.35731315612793,7.443324565887451,0.0010339405853301287,0.001033782958984375,1.5762634575366974e-07,0.00015247527963560886,1,0,0.010840397328138351,0.09204625338315964,0.012569061480462551,0.10441387444734573,0.0018222058424726129,0.012851368635892868,0.012844642507843673,0.10569726582616568,-1.8556718826293945,-1.8546380996704102
theta3,T4,batch1_0_127,2,4,"(2, 4)",0,7,exact_replay_715_45760_tokens,T4_batch_128,7.191112041473389,7.367444038391113,0.0009597304160706699,0.0009597539901733398,2.35741026699543e-08,2.4562651378710718e-05,1,0,0.012569061480462551,0.10441387444734573,0.014305679127573967,0.11621387302875519,0.0018453220836818218,0.012393011711537838,0.014689964591525495,0.11809027753770351,-1.804427981376648,-1.8034682273864746
theta3,T4,batch1_0_127,2,4,"(2, 4)",0,8,exact_replay_715_45760_tokens,T4_batch_128,7.036211013793945,7.296070575714111,0.0008971219649538398,0.0008969306945800781,1.912703737616539e-07,0.00021324989201222753,1,0,0.014305679127573967,0.11621387302875519,0.016057850793004036,0.12742522358894348,0.0018745417473837733,0.011931556276977062,0.01656450633890927,0.13002183381468058,-1.7581887245178223,-1.7572917938232422
theta3,T4,batch1_0_127,2,4,"(2, 4)",0,9,exact_replay_715_45760_tokens,T4_batch_128,6.893230438232422,7.230326175689697,0.000846621987875551,0.0008466243743896484,2.3865140974521637e-09,2.8188582441565757e-06,1,0,0.016057850793004036,0.12742522358894348,0.01782839000225067,0.13824428617954254,0.0019034832948818803,0.01165622379630804,0.01846798963379115,0.14167805761098862,-1.7207951545715332,-1.7199485301971436
theta3,T4,batch1_0_127,2,4,"(2, 4)",0,10,exact_replay_715_45760_tokens,T4_batch_128,6.75740909576416,7.173579216003418,0.0007949848077259958,0.0007947683334350586,2.164742909371853e-07,0.0002723740766086696,1,0,0.01782839000225067,0.13824428617954254,0.019619565457105637,0.14859916269779205,0.0019335770048201084,0.011301573365926743,0.020401566638611257,0.15297963097691536,-1.6888774633407593,-1.6880826950073242
theta3,T4,batch1_0_127,2,4,"(2, 4)",0,11,exact_replay_715_45760_tokens,T4_batch_128,6.630851745605469,7.12213659286499,0.0007552326424047351,0.0007550716400146484,1.6100239008665085e-07,0.00021322796613514367,1,0,0.019619565457105637,0.14859916269779205,0.021434525027871132,0.15865106880664825,0.001963953720405698,0.011066999286413193,0.022365520359016955,0.16404663026332855,-1.6617045402526855,-1.660949468612671
theta3,T4,batch1_0_127,2,4,"(2, 4)",0,12,exact_replay_715_45760_tokens,T4_batch_128,6.5090179443359375,7.086141586303711,0.0007280263816937804,0.0007277727127075195,2.5366898626089096e-07,0.00034855523136773136,1,0,0.021434525027871132,0.15865106880664825,0.023277493193745613,0.1684429943561554,0.0019970869179815054,0.010859545320272446,0.02436260727699846,0.174906175583601,-1.6449203491210938,-1.6441925764083862
theta3,T4,batch1_0_127,2,4,"(2, 4)",0,13,exact_replay_715_45760_tokens,T4_batch_128,6.3882904052734375,7.04555082321167,0.0007013073191046715,0.0007011890411376953,1.1827796697616577e-07,0.00016868199591975517,1,0,0.023277493193745613,0.1684429943561554,0.02514725551009178,0.17802444100379944,0.002026930684223771,0.010702619329094887,0.02638953796122223,0.18560879491269588,-1.630103349685669,-1.6294021606445312
theta3,T4,batch1_0_127,2,4,"(2, 4)",0,14,exact_replay_715_45760_tokens,T4_batch_128,6.275350570678711,7.006868362426758,0.0006663451204076409,0.0006662607192993164,8.440110832452774e-08,0.000126678799874754,1,0,0.02514725551009178,0.17802444100379944,0.027040423825383186,0.18742735683918,0.0020550438202917576,0.010603408329188824,0.02844458178151399,0.1962122032418847,-1.6215819120407104,-1.6209156513214111
theta3,T4,batch1_0_127,2,4,"(2, 4)",0,15,exact_replay_715_45760_tokens,T4_batch_128,6.161678314208984,6.975686073303223,0.0006354150245897472,0.0006352663040161133,1.4872057363390923e-07,0.00023410744863013697,1,0,0.027040423825383186,0.18742735683918,0.028957389295101166,0.19670099020004272,0.002081868937239051,0.010498736053705215,0.03052645071875304,0.20671093929558992,-1.6155287027359009,-1.6148934364318848
theta3,T4,batch1_0_127,2,4,"(2, 4)",0,16,exact_replay_715_45760_tokens,T4_batch_128,6.0513410568237305,6.945648193359375,0.0006217859918251634,0.0006216764450073242,1.0954681783914566e-07,0.00017621194870565677,1,0,0.028957389295101166,0.19670099020004272,0.03089718706905842,0.20594768226146698,0.002105479594320059,0.01042927335947752,0.0326319303130731,0.21714021265506744,-1.6155202388763428,-1.6148985624313354
theta3,T4,batch1_0_127,2,4,"(2, 4)",0,17,exact_replay_715_45760_tokens,T4_batch_128,5.943870544433594,6.907779693603516,0.0005913549102842808,0.0005913972854614258,4.237517714500427e-08,7.16526405966539e-05,1,0,0.03089718706905842,0.20594768226146698,0.03285878151655197,0.2151230126619339,0.002130326582118869,0.010371055454015732,0.03476225689519197,0.22751126810908318,-1.6120542287826538,-1.6114628314971924
theta3,T4,batch1_0_127,2,4,"(2, 4)",0,18,exact_replay_715_45760_tokens,T4_batch_128,5.833977699279785,6.872735977172852,0.0005630422383546829,0.0005630254745483398,1.6763806343078613e-08,2.9774507728138893e-05,1,0,0.03285878151655197,0.2151230126619339,0.0348396860063076,0.22426629066467285,0.0021521486341953278,0.010343034751713276,0.036914405529387295,0.23785430286079645,-1.6158454418182373,-1.615282416343689
theta3,T4,batch1_0_127,2,4,"(2, 4)",0,19,exact_replay_715_45760_tokens,T4_batch_128,5.720675468444824,6.852313041687012,0.0005419008084572852,0.0005419254302978516,2.4621840566396713e-08,4.5434001044874615e-05,1,0,0.0348396860063076,0.22426629066467285,0.036835115402936935,0.23335950076580048,0.002168661914765835,0.010270981118083,0.03908306744415313,0.24812528397887945,-1.6233769655227661,-1.6228350400924683
theta3,T4,batch1_0_127,2,4,"(2, 4)",0,20,exact_replay_715_45760_tokens,T4_batch_128,5.615527153015137,6.834160327911377,0.0005265112849883735,0.00052642822265625,8.306233212351799e-08,0.00015778472458106884,1,0,0.036835115402936935,0.23335950076580048,0.03884587064385414,0.24243159592151642,0.0021857458632439375,0.010234026238322258,0.04126881330739707,0.2583593102172017,-1.6338160037994385,-1.6332895755767822
theta3,T4,batch1_0_127,2,4,"(2, 4)",0,21,exact_replay_715_45760_tokens,T4_batch_128,5.507291793823242,6.811489105224609,0.0005084127769805491,0.0005083084106445312,1.0436633601784706e-07,0.00020532089147514072,1,0,0.03884587064385414,0.24243159592151642,0.04086841642856598,0.2514445185661316,0.0022008230444043875,0.010162832215428352,0.043469636351801455,0.26852214243263006,-1.6461418867111206,-1.645633578300476
theta3,T4,batch1_0_127,2,4,"(2, 4)",0,22,exact_replay_715_45760_tokens,T4_batch_128,5.40268611907959,6.801875114440918,0.00048356971819885075,0.00048351287841796875,5.683978088200092e-08,0.00011755587786612426,1,0,0.04086841642856598,0.2514445185661316,0.04289930313825607,0.26039212942123413,0.0022115539759397507,0.01008862815797329,0.045681190327741206,0.27861077059060335,-1.660111904144287,-1.6596283912658691
theta3,T4,batch1_0_127,2,4,"(2, 4)",0,23,exact_replay_715_45760_tokens,T4_batch_128,5.302028179168701,6.783117771148682,0.00045186944771558046,0.00045180320739746094,6.624031811952591e-08,0.00014661320910290237,1,0,0.04289930313825607,0.26039212942123413,0.04493732750415802,0.26928940415382385,0.0022206364665180445,0.01003486942499876,0.04790182679425925,0.2886456400156021,-1.6798980236053467,-1.6794462203979492
theta3,T4,batch1_0_127,2,4,"(2, 4)",0,24,exact_replay_715_45760_tokens,T4_batch_128,5.204529285430908,6.762539386749268,0.0004331506497692317,0.00043332576751708984,1.751177478581667e-07,0.000404124935522696,1,0,0.04493732750415802,0.26928940415382385,0.046980105340480804,0.27815350890159607,0.002226936863735318,0.009996887296438217,0.05012876365799457,0.29864252731204033,-1.7017539739608765,-1.7013206481933594
theta3,T4,batch1_0_127,2,4,"(2, 4)",0,25,exact_replay_715_45760_tokens,T4_batch_128,5.10598087310791,6.743802547454834,0.00040129219996742904,0.0004011392593383789,1.529406290501356e-07,0.00038126567143387816,1,0,0.046980105340480804,0.27815350890159607,0.0490216426551342,0.28690388798713684,0.002228132914751768,0.009896337054669857,0.052356896572746336,0.3085388643667102,-1.7196615934371948,-1.7192604541778564
theta3,T4,batch1_0_127,2,4,"(2, 4)",0,26,exact_replay_715_45760_tokens,T4_batch_128,5.010738372802734,6.736058235168457,0.0003665739204734564,0.00036656856536865234,5.3551048040390015e-09,1.4608739837398374e-05,1,0,0.0490216426551342,0.28690388798713684,0.051061514765024185,0.29555460810661316,0.0022289499174803495,0.009801252745091915,0.054585846490226686,0.3183401171118021,-1.7463428974151611,-1.7459763288497925
theta3,T4,batch1_0_127,2,4,"(2, 4)",0,27,exact_replay_715_45760_tokens,T4_batch_128,4.9127702713012695,6.738705635070801,0.0003255582123529166,0.0003256797790527344,1.2156669981777668e-07,0.00037327064078513907,1,0,0.051061514765024185,0.29555460810661316,0.05309448018670082,0.30407366156578064,0.002224683528766036,0.009681892581284046,0.05681053001899272,0.32802200969308615,-1.7824265956878662,-1.7821009159088135
theta3,T4,batch1_0_127,2,4,"(2, 4)",0,28,exact_replay_715_45760_tokens,T4_batch_128,4.815840244293213,6.737608432769775,0.000296812824672088,0.00029671192169189453,1.0090298019349575e-07,0.00034007052907794296,1,0,0.05309448018670082,0.30407366156578064,0.05511625111103058,0.31246012449264526,0.0022142708767205477,0.009537533856928349,0.05902480089571327,0.3375595435500145,-1.8148990869522095,-1.8146023750305176
theta3,T4,batch1_0_127,2,4,"(2, 4)",0,29,exact_replay_715_45760_tokens,T4_batch_128,4.724312782287598,6.731533527374268,0.0002754938032012433,0.00027561187744140625,1.1807424016296864e-07,0.0004284076624675606,1,0,0.05511625111103058,0.31246012449264526,0.0571238212287426,0.32070040702819824,0.0021991075482219458,0.009377268142998219,0.061223908443935215,0.3469368116930127,-1.8447265625,-1.8444509506225586
theta3,T4,batch1_0_127,2,4,"(2, 4)",0,30,exact_replay_715_45760_tokens,T4_batch_128,4.633031845092773,6.732492923736572,0.00021874388039577752,0.0002186298370361328,1.1404335964471102e-07,0.0005216276112663577,1,0,0.0571238212287426,0.32070040702819824,0.05911482870578766,0.3287588953971863,0.0021841360721737146,0.009205379523336887,0.06340804451610893,0.3561421912163496,-1.8694746494293213,-1.8692560195922852
theta3,T4,batch1_0_127,2,4,"(2, 4)",0,31,exact_replay_715_45760_tokens,T4_batch_128,4.550417900085449,6.741277694702148,0.00016449000395368785,0.00016450881958007812,1.881562639027834e-08,0.0001143745754076087,1,0,0.05911482870578766,0.3287588953971863,0.061089351773262024,0.33667290210723877,0.0021690211724489927,0.009073411114513874,0.06557706568855792,0.3652156023308635,-1.9010918140411377,-1.9009273052215576
theta3,T4,batch1_0_127,2,4,"(2, 4)",0,32,exact_replay_715_45760_tokens,T4_batch_128,4.4665422439575195,6.752126216888428,0.00014630013902205974,0.0001462697982788086,3.0340743251144886e-08,0.00020742999312347188,1,0,0.061089351773262024,0.33667290210723877,0.0630398616194725,0.34442099928855896,0.0021438689436763525,0.008894910104572773,0.06772093463223428,0.37411051243543625,-1.927796483039856,-1.9276502132415771
theta3,T4,batch1_0_127,2,4,"(2, 4)",0,33,exact_replay_715_45760_tokens,T4_batch_128,4.386841773986816,6.758271217346191,0.00011779203487094492,0.00011754035949707031,2.516753738746047e-07,0.002141182611244929,1,0,0.0630398616194725,0.34442099928855896,0.06496670097112656,0.3520144820213318,0.0021185760851949453,0.008722800761461258,0.06983951071742922,0.3828333131968975,-1.9567949771881104,-1.9566774368286133
theta3,T4,batch1_0_127,2,4,"(2, 4)",0,34,exact_replay_715_45760_tokens,T4_batch_128,4.3087263107299805,6.758140563964844,9.272360330214724e-05,9.274482727050781e-05,2.1223968360573053e-08,0.0002288426102586761,1,0,0.06496670097112656,0.3520144820213318,0.06686657667160034,0.35944610834121704,0.0020900412928313017,0.008549259975552559,0.07192955201026052,0.39138257317245007,-1.9923486709594727,-1.9922559261322021
theta3,T4,batch1_0_127,2,4,"(2, 4)",0,35,exact_replay_715_45760_tokens,T4_batch_128,4.235337734222412,6.7517876625061035,6.398205005098134e-05,6.389617919921875e-05,8.587085176259279e-08,0.0013439121531016792,1,0,0.06686657667160034,0.35944610834121704,0.0687389150261879,0.3667042851448059,0.0020610291976481676,0.008363363333046436,0.07399058120790869,0.3997459365054965,-2.0280470848083496,-2.0279831886291504
theta3,T4,batch1_0_127,2,4,"(2, 4)",0,36,exact_replay_715_45760_tokens,T4_batch_128,4.165505409240723,6.753234386444092,3.8673410017509013e-05,3.8623809814453125e-05,4.9600203055888414e-08,0.0012841872227044753,1,0,0.0687389150261879,0.3667042851448059,0.07058341801166534,0.3737848103046417,0.0020317735616117716,0.008183701895177364,0.07602235476952046,0.40792963840067387,-2.0597517490386963,-2.059713125228882
theta3,T4,batch1_0_127,2,4,"(2, 4)",0,37,exact_replay_715_45760_tokens,T4_batch_128,4.097800254821777,6.753329753875732,2.728693470999133e-05,2.7418136596679688e-05,1.3120188668835908e-07,0.004785222592561141,1,0,0.07058341801166534,0.3737848103046417,0.07239668816328049,0.38068687915802,0.0019985244143754244,0.00800801906734705,0.07802087918389589,0.4159376574680209,-2.083422899246216,-2.083395481109619
theta3,T4,batch1_0_127,2,4,"(2, 4)",0,38,exact_replay_715_45760_tokens,T4_batch_128,4.03282356262207,6.7560038566589355,1.470048118790146e-05,1.4781951904296875e-05,8.147071639541537e-08,0.005511499220325101,1,0,0.07239668816328049,0.38068687915802,0.07417501509189606,0.3874138593673706,0.0019610298331826925,0.00781814381480217,0.07998190901707858,0.4237558012828231,-2.110039234161377,-2.1100244522094727
theta3,T4,batch1_0_127,2,4,"(2, 4)",0,39,exact_replay_715_45760_tokens,T4_batch_128,3.9699528217315674,6.75926399230957,-8.735183655517176e-06,-8.821487426757812e-06,8.63037712406367e-08,0.009783358187288852,0,1,0.07417501509189606,0.3874138593673706,0.07591830939054489,0.3939419686794281,0.0019242331618443131,0.007618915289640427,0.08190614217892289,0.4313747165724635,-2.1357836723327637,-2.1357924938201904
theta3,T4,batch1_0_127,2,5,"(2, 5)",0,0,exact_replay_715_45760_tokens,T4_batch_128,8.937945365905762,8.241799354553223,0.0009925016202032566,0.0009922981262207031,2.0349398255348206e-07,0.00020507343224411342,1,0,0.0,0.0,0.001960720168426633,0.016911029815673828,0.001960720168426633,0.016911029815673828,0.001960720168426633,0.016911029815673828,-1.3292465209960938,-1.328254222869873
theta3,T4,batch1_0_127,2,5,"(2, 5)",0,1,exact_replay_715_45760_tokens,T4_batch_128,8.640850067138672,8.080663681030273,0.0009629688574932516,0.0009628534317016602,1.1542579159140587e-07,0.00011987888061780365,1,0,0.001960720168426633,0.016911029815673828,0.003884321078658104,0.03379949927330017,0.0019286131719127297,0.016916990280151367,0.0038893333403393626,0.033828020095825195,-1.3244701623916626,-1.323507308959961
theta3,T4,batch1_0_127,2,5,"(2, 5)",0,2,exact_replay_715_45760_tokens,T4_batch_128,8.358231544494629,7.912625312805176,0.0009333787020295858,0.0009332895278930664,8.917413651943207e-08,9.554820219696002e-05,1,0,0.003884321078658104,0.03379949927330017,0.005773106589913368,0.050514813512563705,0.0019026813097298145,0.0167813953012228,0.005792014650069177,0.050609415397047997,-1.311306118965149,-1.3103728294372559
theta3,T4,batch1_0_127,2,5,"(2, 5)",0,3,exact_replay_715_45760_tokens,T4_batch_128,8.0751953125,7.749030590057373,0.0009001031285151839,0.0008999109268188477,1.9220169633626938e-07,0.00021357857828851502,1,0,0.005773106589913368,0.050514813512563705,0.0076174046844244,0.06662247329950333,0.0018731006421148777,0.01624271646142006,0.007665115292184055,0.06685213185846806,-1.3083254098892212,-1.3074254989624023
theta3,T4,batch1_0_127,2,5,"(2, 5)",0,4,exact_replay_715_45760_tokens,T4_batch_128,7.821137428283691,7.598072528839111,0.0008626095950603485,0.0008624792098999023,1.30385160446167e-07,0.00015117484450587423,1,0,0.0076174046844244,0.06662247329950333,0.009419645182788372,0.08210951834917068,0.0018503975588828325,0.01571722701191902,0.009515512851066887,0.08256935887038708,-1.2999014854431152,-1.2990390062332153
theta3,T4,batch1_0_127,2,5,"(2, 5)",0,5,exact_replay_715_45760_tokens,T4_batch_128,7.57493257522583,7.457512855529785,0.0008299034088850021,0.0008296966552734375,2.0675361156463623e-07,0.0002491918103448276,1,0,0.009419645182788372,0.08210951834917068,0.011188043281435966,0.09688320755958557,0.0018388854805380106,0.015126458369195461,0.011354398331604898,0.09769581723958254,-1.2911514043807983,-1.290321707725525
theta3,T4,batch1_0_127,2,5,"(2, 5)",0,6,exact_replay_715_45760_tokens,T4_batch_128,7.350935459136963,7.349682331085205,0.000803206639830023,0.0008029937744140625,2.128654159605503e-07,0.0002650897463257126,1,0,0.011188043281435966,0.09688320755958557,0.012934149242937565,0.11104803532361984,0.0018386837327852845,0.0146449264138937,0.013193082064390182,0.11234074365347624,-1.2809239625930786,-1.2801209688186646
theta3,T4,batch1_0_127,2,5,"(2, 5)",0,7,exact_replay_715_45760_tokens,T4_batch_128,7.1438164710998535,7.2421746253967285,0.0007491151336580515,0.0007489919662475586,1.2316741049289703e-07,0.00016444423444214547,1,0,0.012934149242937565,0.11104803532361984,0.014657644554972649,0.12427293509244919,0.0018437448889017105,0.013990912586450577,0.015036826953291893,0.12633165623992682,-1.2604914903640747,-1.2597424983978271
theta3,T4,batch1_0_127,2,5,"(2, 5)",0,8,exact_replay_715_45760_tokens,T4_batch_128,6.9497175216674805,7.1640424728393555,0.0007042691577225924,0.0007040500640869141,2.1909363567829132e-07,0.00031119042075855065,1,0,0.014657644554972649,0.12427293509244919,0.016377776861190796,0.13706877827644348,0.0018616488669067621,0.013744465075433254,0.016898475820198655,0.14007612131536007,-1.2322092056274414,-1.2315051555633545
theta3,T4,batch1_0_127,2,5,"(2, 5)",0,9,exact_replay_715_45760_tokens,T4_batch_128,6.760809898376465,7.099775314331055,0.0006628133123740554,0.000662684440612793,1.2887176126241684e-07,0.00019446927280086345,1,0,0.016377776861190796,0.13706877827644348,0.018101081252098083,0.14955571293830872,0.0018806515727192163,0.013525890186429024,0.01877912739291787,0.1536020115017891,-1.2001211643218994,-1.1994584798812866
theta3,T4,batch1_0_127,2,5,"(2, 5)",0,10,exact_replay_715_45760_tokens,T4_batch_128,6.572733402252197,7.030421733856201,0.0006288659642450511,0.0006287097930908203,1.5617115423083305e-07,0.0002483994299867273,1,0,0.018101081252098083,0.14955571293830872,0.019831998273730278,0.16171197593212128,0.001901593990623951,0.013242839835584164,0.020680721383541822,0.16684485133737326,-1.1594538688659668,-1.158825159072876
theta3,T4,batch1_0_127,2,5,"(2, 5)",0,11,exact_replay_715_45760_tokens,T4_batch_128,6.401466369628906,6.975551605224609,0.0005965428426861763,0.0005964040756225586,1.387670636177063e-07,0.00023267289626224266,1,0,0.019831998273730278,0.16171197593212128,0.021573038771748543,0.17365966737270355,0.0019229925237596035,0.013024961575865746,0.022603713907301426,0.179869812913239,-1.119018793106079,-1.1184223890304565
theta3,T4,batch1_0_127,2,5,"(2, 5)",0,12,exact_replay_715_45760_tokens,T4_batch_128,6.23565673828125,6.93372106552124,0.0005558812408708036,0.000555872917175293,8.32369551062584e-09,1.4974097951962257e-05,1,0,0.021573038771748543,0.17365966737270355,0.02332264371216297,0.18525181710720062,0.0019452814012765884,0.012708034366369247,0.024548995308578014,0.19257784727960825,-1.0849171876907349,-1.0843613147735596
theta3,T4,batch1_0_127,2,5,"(2, 5)",0,13,exact_replay_715_45760_tokens,T4_batch_128,6.07147216796875,6.880777835845947,0.0005218439036980271,0.0005217790603637695,6.484333425760269e-08,0.00012427354637879826,1,0,0.02332264371216297,0.18525181710720062,0.025081703439354897,0.1966586709022522,0.001963995862752199,0.012531435117125511,0.026512991171330214,0.20510928239673376,-1.0446405410766602,-1.0441187620162964
theta3,T4,batch1_0_127,2,5,"(2, 5)",0,14,exact_replay_715_45760_tokens,T4_batch_128,5.913774013519287,6.834893226623535,0.00047490833094343543,0.00047469139099121094,2.1693995222449303e-07,0.0004570126114389754,1,0,0.025081703439354897,0.1966586709022522,0.026840757578611374,0.20784613490104675,0.001975052757188678,0.0124038802459836,0.02848804392851889,0.21751316264271736,-1.0026440620422363,-1.0021693706512451
theta3,T4,batch1_0_127,2,5,"(2, 5)",0,15,exact_replay_715_45760_tokens,T4_batch_128,5.7630615234375,6.788417339324951,0.00045067310566082597,0.0004507303237915039,5.721813067793846e-08,0.00012694537655382173,1,0,0.026840757578611374,0.20784613490104675,0.02860387973487377,0.21885207295417786,0.0019850688986480236,0.012227167375385761,0.030473112827166915,0.22974033001810312,-0.9655897617340088,-0.9651390314102173
theta3,T4,batch1_0_127,2,5,"(2, 5)",0,16,exact_replay_715_45760_tokens,T4_batch_128,5.612464904785156,6.747264385223389,0.00042053996003232896,0.00042051076889038086,2.9191141948103905e-08,6.941829819277109e-05,1,0,0.02860387973487377,0.21885207295417786,0.030365927144885063,0.2297157198190689,0.001988575328141451,0.012082005850970745,0.032461688155308366,0.24182233586907387,-0.920953094959259,-0.9205325841903687
theta3,T4,batch1_0_127,2,5,"(2, 5)",0,17,exact_replay_715_45760_tokens,T4_batch_128,5.454687118530273,6.711012363433838,0.0003823379229288548,0.00038230419158935547,3.373133949935436e-08,8.823167582631742e-05,1,0,0.030365927144885063,0.2297157198190689,0.032121751457452774,0.24045144021511078,0.0019876614678651094,0.011966031976044178,0.034449349623173475,0.25378836784511805,-0.873041033744812,-0.8726587295532227
theta3,T4,batch1_0_127,2,5,"(2, 5)",0,18,exact_replay_715_45760_tokens,T4_batch_128,5.3089094161987305,6.683836460113525,0.0003364193835295737,0.0003364086151123047,1.076841726899147e-08,3.200993311481219e-05,1,0,0.032121751457452774,0.24045144021511078,0.03386867046356201,0.2511099874973297,0.0019875336438417435,0.011940504424273968,0.03643688326701522,0.265728872269392,-0.830478310585022,-0.8301419019699097
theta3,T4,batch1_0_127,2,5,"(2, 5)",0,19,exact_replay_715_45760_tokens,T4_batch_128,5.166583061218262,6.636765480041504,0.00029657676350325346,0.00029653310775756836,4.3655745685100555e-08,0.00014722047738693466,1,0,0.03386867046356201,0.2511099874973297,0.03560308739542961,0.26156485080718994,0.001981839770451188,0.011745218187570572,0.03841872303746641,0.2774740904569626,-0.7786697149276733,-0.7783731818199158
theta3,T4,batch1_0_127,2,5,"(2, 5)",0,20,exact_replay_715_45760_tokens,T4_batch_128,5.027366638183594,6.593265533447266,0.00025133066810667515,0.0002512931823730469,3.748573362827301e-08,0.0001491713116698292,1,0,0.03560308739542961,0.26156485080718994,0.037319399416446686,0.271727055311203,0.0019709765911102295,0.01143478974699974,0.040389699628576636,0.2889088802039623,-0.7368377447128296,-0.7365864515304565
theta3,T4,batch1_0_127,2,5,"(2, 5)",0,21,exact_replay_715_45760_tokens,T4_batch_128,4.891914367675781,6.545793533325195,0.0002093913353746757,0.00020939111709594727,2.1827872842550278e-10,1.042445025619129e-06,1,0,0.037319399416446686,0.271727055311203,0.0390152782201767,0.28144967555999756,0.0019595941994339228,0.011013804003596306,0.04234929382801056,0.29992268420755863,-0.6924977898597717,-0.6922883987426758
theta3,T4,batch1_0_127,2,5,"(2, 5)",0,22,exact_replay_715_45760_tokens,T4_batch_128,4.770303249359131,6.49840784072876,0.00017253015539608896,0.00017249584197998047,3.4313416108489037e-08,0.00019892314918797512,1,0,0.0390152782201767,0.28144967555999756,0.04069332033395767,0.29083895683288574,0.0019465830409899354,0.010695693083107471,0.044295876869000494,0.3106183772906661,-0.653701901435852,-0.6535294055938721
theta3,T4,batch1_0_127,2,5,"(2, 5)",0,23,exact_replay_715_45760_tokens,T4_batch_128,4.656126976013184,6.461185932159424,0.00014328770339488983,0.00014328956604003906,1.862645149230957e-09,1.2999168053244593e-05,1,0,0.04069332033395767,0.29083895683288574,0.042350322008132935,0.2998771369457245,0.001928625744767487,0.010352025739848614,0.04622450261376798,0.3209704030305147,-0.6236345767974854,-0.6234912872314453
theta3,T4,batch1_0_127,2,5,"(2, 5)",0,24,exact_replay_715_45760_tokens,T4_batch_128,4.550467014312744,6.422394752502441,0.00011493659258121625,0.00011491775512695312,1.883745426312089e-08,0.0001639211820863589,1,0,0.042350322008132935,0.2998771369457245,0.04398368299007416,0.30861997604370117,0.0019072911236435175,0.010067923925817013,0.0481317937374115,0.33103832695633173,-0.5964670777320862,-0.5963521599769592
theta3,T4,batch1_0_127,2,5,"(2, 5)",0,25,exact_replay_715_45760_tokens,T4_batch_128,4.45298433303833,6.386005401611328,8.422647806582972e-05,8.422136306762695e-05,5.114998202770948e-09,6.073278817232838e-05,1,0,0.04398368299007416,0.30861997604370117,0.045592959970235825,0.3170551657676697,0.0018848655745387077,0.009784877300262451,0.05001665931195021,0.3408232042565942,-0.5738170146942139,-0.5737327933311462
theta3,T4,batch1_0_127,2,5,"(2, 5)",0,26,exact_replay_715_45760_tokens,T4_batch_128,4.357116222381592,6.353838920593262,5.597736162599176e-05,5.5909156799316406e-05,6.820482667535543e-08,0.001219922291444563,1,0,0.045592959970235825,0.3170551657676697,0.0471767783164978,0.32520976662635803,0.0018584177596494555,0.009513610042631626,0.05187507707159966,0.3503368142992258,-0.5527580976486206,-0.5527021884918213
theta3,T4,batch1_0_127,2,5,"(2, 5)",0,27,exact_replay_715_45760_tokens,T4_batch_128,4.2651472091674805,6.322877883911133,2.6280538804712705e-05,2.6226043701171875e-05,5.4495103540830314e-08,0.0020779002796519888,1,0,0.0471767783164978,0.32520976662635803,0.04873107001185417,0.3330819010734558,0.001828414504416287,0.009242900647222996,0.05370349157601595,0.3595797149464488,-0.5336531400680542,-0.533626914024353
theta3,T4,batch1_0_127,2,5,"(2, 5)",0,28,exact_replay_715_45760_tokens,T4_batch_128,4.18144416809082,6.295043468475342,2.6759307729662396e-06,2.682209014892578e-06,6.278241926338524e-09,0.0023406982421875,1,0,0.04873107001185417,0.3330819010734558,0.050256382673978806,0.34068116545677185,0.001796433818526566,0.008975537493824959,0.055499925394542515,0.36855525244027376,-0.5136418342590332,-0.5136391520500183
theta3,T4,batch1_0_127,2,5,"(2, 5)",0,29,exact_replay_715_45760_tokens,T4_batch_128,4.100004196166992,6.270294666290283,-1.982452886295505e-05,-1.9848346710205078e-05,2.3817847250029445e-08,0.0011999914954016516,0,1,0.050256382673978806,0.34068116545677185,0.05174873769283295,0.3479832112789154,0.001760522136464715,0.008689084090292454,0.05726044753100723,0.3772443365305662,-0.4965282380580902,-0.4965480864048004
theta3,T4,batch1_0_127,2,5,"(2, 5)",0,30,exact_replay_715_45760_tokens,T4_batch_128,4.022418975830078,6.2463202476501465,-3.6232351703802124e-05,-3.62396240234375e-05,7.272319635376334e-09,0.00020067315352590462,0,1,0.05174873769283295,0.3479832112789154,0.053206052631139755,0.35502544045448303,0.001720873755402863,0.008414394222199917,0.05898132128641009,0.38565873075276613,-0.4815203547477722,-0.48155659437179565
theta3,T4,batch1_0_127,2,5,"(2, 5)",0,31,exact_replay_715_45760_tokens,T4_batch_128,3.9517831802368164,6.2276225090026855,-4.9596961616771296e-05,-4.9561262130737305e-05,3.569948603399098e-08,0.0007203102685282622,0,1,0.053206052631139755,0.35502544045448303,0.05463004112243652,0.3617992699146271,0.0016819062875583768,0.008135359734296799,0.06066322757396847,0.39379409048706293,-0.4724521338939667,-0.4725016951560974
theta3,T4,batch1_0_127,2,5,"(2, 5)",0,32,exact_replay_715_45760_tokens,T4_batch_128,3.8856284618377686,6.215216159820557,-6.352581112878397e-05,-6.35683536529541e-05,4.254252417013049e-08,0.000669240616209564,0,1,0.05463004112243652,0.3617992699146271,0.056018978357315063,0.3683255612850189,0.0016410811804234982,0.007871372625231743,0.06230430875439197,0.4016654631122947,-0.46305179595947266,-0.4631153643131256
theta3,T4,batch1_0_127,2,5,"(2, 5)",0,33,exact_replay_715_45760_tokens,T4_batch_128,3.8238182067871094,6.200396537780762,-7.679141708649695e-05,-7.680058479309082e-05,9.167706593871117e-09,0.00011937027066356229,0,1,0.056018978357315063,0.3683255612850189,0.05737270042300224,0.37459760904312134,0.0016001316253095865,0.007599725853651762,0.06390444037970155,0.40926518896594644,-0.4545731544494629,-0.454649955034256
theta3,T4,batch1_0_127,2,5,"(2, 5)",0,34,exact_replay_715_45760_tokens,T4_batch_128,3.7669081687927246,6.184367656707764,-8.940856787376106e-05,-8.940696716308594e-05,1.6007106751203537e-09,1.7903645833333333e-05,0,1,0.05737270042300224,0.37459760904312134,0.05869162455201149,0.3806385397911072,0.001559317926876247,0.007349617779254913,0.0654637583065778,0.41661480674520135,-0.4485495686531067,-0.4486389756202698
theta3,T4,batch1_0_127,2,5,"(2, 5)",0,35,exact_replay_715_45760_tokens,T4_batch_128,3.7145233154296875,6.171438217163086,-0.00010203383135376498,-0.00010204315185546875,9.320501703768969e-09,9.133882611711448e-05,0,1,0.05869162455201149,0.3806385397911072,0.05997619777917862,0.3864519000053406,0.0015185587108135223,0.007101380731910467,0.06698231701739132,0.4237161874771118,-0.4433334469795227,-0.4434354901313782
theta3,T4,batch1_0_127,2,5,"(2, 5)",0,36,exact_replay_715_45760_tokens,T4_batch_128,3.664435863494873,6.163511276245117,-0.00011062025441788137,-0.000110626220703125,5.966285243630409e-09,5.3931926858836205e-05,0,1,0.05997619777917862,0.3864519000053406,0.0612269826233387,0.3920418620109558,0.0014783836668357253,0.006854294799268246,0.06846070068422705,0.43057048227638006,-0.43934738636016846,-0.4394580125808716
theta3,T4,batch1_0_127,2,5,"(2, 5)",0,37,exact_replay_715_45760_tokens,T4_batch_128,3.6163277626037598,6.153840065002441,-0.0001181026382255368,-0.00011810660362243652,3.965396899729967e-09,3.357472637522079e-05,0,1,0.0612269826233387,0.3920418620109558,0.062442999333143234,0.3974090814590454,0.0014369672862812877,0.006604919210076332,0.06989766797050834,0.4371754014864564,-0.43542003631591797,-0.4355381429195404
theta3,T4,batch1_0_127,2,5,"(2, 5)",0,38,exact_replay_715_45760_tokens,T4_batch_128,3.573267936706543,6.145625591278076,-0.00012535569840110838,-0.00012540817260742188,5.247420631349087e-08,0.0004184273259268061,0,1,0.062442999333143234,0.3974090814590454,0.06362701207399368,0.4025895297527313,0.0013986981939524412,0.006393196526914835,0.07129636616446078,0.44356859801337123,-0.43180322647094727,-0.4319286346435547
theta3,T4,batch1_0_127,2,5,"(2, 5)",0,39,exact_replay_715_45760_tokens,T4_batch_128,3.5330681800842285,6.136253356933594,-0.00013318749552126974,-0.00013321638107299805,2.88855517283082e-08,0.0002168318302572707,0,1,0.06362701207399368,0.4025895297527313,0.06478006392717361,0.4075884521007538,0.001361482311040163,0.006187541410326958,0.07265784847550094,0.4497561394236982,-0.4284713864326477,-0.4286046028137207
theta3,T4,batch1_0_127,2,6,"(2, 6)",0,0,exact_replay_715_45760_tokens,T4_batch_128,8.474492073059082,8.241799354553223,0.0028021172620356083,0.002801179885864258,9.373761713504791e-07,0.00033463619244190993,1,0,0.0,0.0,0.0019883413333445787,0.016142897307872772,0.0019883413333445787,0.016142897307872772,0.0019883413333445787,0.016142897307872772,-2.99113130569458,-2.988330125808716
theta3,T4,batch1_0_127,2,6,"(2, 6)",0,1,exact_replay_715_45760_tokens,T4_batch_128,8.214469909667969,8.057238578796387,0.0024495453108102083,0.00244903564453125,5.096662789583206e-07,0.00020810896733839564,1,0,0.0019883413333445787,0.016142897307872772,0.00393314054235816,0.03193631395697594,0.0019492957508191466,0.015819001942873,0.003937637084163725,0.03196189925074577,-2.8236265182495117,-2.8211774826049805
theta3,T4,batch1_0_127,2,6,"(2, 6)",0,2,exact_replay_715_45760_tokens,T4_batch_128,7.968754768371582,7.8799872398376465,0.0021230392158031464,0.002122640609741211,3.986060619354248e-07,0.0001877878243288779,1,0,0.00393314054235816,0.03193631395697594,0.005830957554280758,0.04712354764342308,0.001910687773488462,0.015254541300237179,0.005848324857652187,0.04721644055098295,-2.657921314239502,-2.6557986736297607
theta3,T4,batch1_0_127,2,6,"(2, 6)",0,3,exact_replay_715_45760_tokens,T4_batch_128,7.743403434753418,7.708850860595703,0.001821966958232224,0.0018215179443359375,4.490138962864876e-07,0.00024650533785994765,1,0,0.005830957554280758,0.04712354764342308,0.007682413328438997,0.06151929497718811,0.001876870053820312,0.014532380737364292,0.007725194911472499,0.061748821288347244,-2.500603199005127,-2.498781681060791
theta3,T4,batch1_0_127,2,6,"(2, 6)",0,4,exact_replay_715_45760_tokens,T4_batch_128,7.541578769683838,7.573744297027588,0.0015748421428725123,0.0015747547149658203,8.742790669202805e-08,5.551842827403482e-05,1,0,0.007682413328438997,0.06151929497718811,0.009497097693383694,0.07512373477220535,0.001855856622569263,0.013833383098244667,0.009581051534041762,0.07558220438659191,-2.363903284072876,-2.36232852935791
theta3,T4,batch1_0_127,2,6,"(2, 6)",0,5,exact_replay_715_45760_tokens,T4_batch_128,7.351922988891602,7.456216335296631,0.0013660351978614926,0.00136566162109375,3.735767677426338e-07,0.000273550022913757,1,0,0.009497097693383694,0.07512373477220535,0.011283552274107933,0.08785734325647354,0.0018460165010765195,0.013079706579446793,0.011427068035118282,0.0886619109660387,-2.2447471618652344,-2.2433815002441406
theta3,T4,batch1_0_127,2,6,"(2, 6)",0,6,exact_replay_715_45760_tokens,T4_batch_128,7.18637752532959,7.35972785949707,0.0011989579070359468,0.0011990070343017578,4.912726581096649e-08,4.0973292404056475e-05,1,0,0.011283552274107933,0.08785734325647354,0.013056686148047447,0.0998789444565773,0.0018499939469620585,0.012478276155889034,0.01327706198208034,0.10114018712192774,-2.1389245986938477,-2.137725591659546
theta3,T4,batch1_0_127,2,6,"(2, 6)",0,7,exact_replay_715_45760_tokens,T4_batch_128,7.028154373168945,7.285364151000977,0.0010554131586104631,0.0010552406311035156,1.725275069475174e-07,0.0001634958907591505,1,0,0.013056686148047447,0.0998789444565773,0.014825555495917797,0.11125922948122025,0.0018634400330483913,0.011966624297201633,0.015140502015128732,0.11310681141912937,-2.044259548187256,-2.0432043075561523
theta3,T4,batch1_0_127,2,6,"(2, 6)",0,8,exact_replay_715_45760_tokens,T4_batch_128,6.889725685119629,7.229452610015869,0.0009264505933970213,0.0009263753890991211,7.520429790019989e-08,8.11812347188264e-05,1,0,0.014825555495917797,0.11125922948122025,0.016595853492617607,0.1221160963177681,0.0018815089715644717,0.011573944240808487,0.017022010986693203,0.12468075565993786,-1.9580332040786743,-1.9571068286895752
theta3,T4,batch1_0_127,2,6,"(2, 6)",0,9,exact_replay_715_45760_tokens,T4_batch_128,6.764939785003662,7.1792497634887695,0.000815103470813483,0.0008151531219482422,4.96511347591877e-08,6.091019395291021e-05,1,0,0.016595853492617607,0.1221160963177681,0.018373912200331688,0.13253670930862427,0.0019036578014492989,0.011262515559792519,0.018925668788142502,0.13594327121973038,-1.8841373920440674,-1.8833222389221191
theta3,T4,batch1_0_127,2,6,"(2, 6)",0,10,exact_replay_715_45760_tokens,T4_batch_128,6.640162944793701,7.146745204925537,0.0007280466961674392,0.0007281303405761719,8.364440873265266e-08,0.00011487559860019647,1,0,0.018373912200331688,0.13253670930862427,0.020168783143162727,0.14268821477890015,0.0019313192460685968,0.011088047176599503,0.0208569880342111,0.14703131839632988,-1.8176534175872803,-1.816925287246704
theta3,T4,batch1_0_127,2,6,"(2, 6)",0,11,exact_replay_715_45760_tokens,T4_batch_128,6.516040802001953,7.114710330963135,0.0006492465035989881,0.0006492137908935547,3.271270543336868e-08,5.038818628351083e-05,1,0,0.020168783143162727,0.14268821477890015,0.02198244258761406,0.15264543890953064,0.0019591273739933968,0.010960778221487999,0.022816115408204496,0.15799209661781788,-1.75377357006073,-1.7531243562698364
theta3,T4,batch1_0_127,2,6,"(2, 6)",0,12,exact_replay_715_45760_tokens,T4_batch_128,6.3977789878845215,7.086573600769043,0.0005712546408176422,0.000571131706237793,1.2293457984924316e-07,0.00021524733876017533,1,0,0.02198244258761406,0.15264543890953064,0.023819806054234505,0.16243143379688263,0.001992614706978202,0.010860154405236244,0.024808730115182698,0.16885225102305412,-1.6930351257324219,-1.692463994026184
theta3,T4,batch1_0_127,2,6,"(2, 6)",0,13,exact_replay_715_45760_tokens,T4_batch_128,6.281118869781494,7.068718910217285,0.0004992858739569783,0.0004990100860595703,2.757878974080086e-07,0.0005526699862637363,1,0,0.023819806054234505,0.16243143379688263,0.025679176673293114,0.17211925983428955,0.002023142296820879,0.010848700068891048,0.026831872412003577,0.17970095109194517,-1.6476037502288818,-1.6471047401428223
theta3,T4,batch1_0_127,2,6,"(2, 6)",0,14,exact_replay_715_45760_tokens,T4_batch_128,6.162680149078369,7.056638240814209,0.0004415176808834076,0.00044143199920654297,8.568167686462402e-08,0.00019409937888198756,1,0,0.025679176673293114,0.17211925983428955,0.027563458308577538,0.1817564219236374,0.002054466400295496,0.010832715779542923,0.028886338812299073,0.1905336668714881,-1.6017589569091797,-1.6013175249099731
theta3,T4,batch1_0_127,2,6,"(2, 6)",0,15,exact_replay_715_45760_tokens,T4_batch_128,6.041835784912109,7.046339988708496,0.0003873528621625155,0.00038743019104003906,7.732887752354145e-08,0.00019959435096153846,1,0,0.027563458308577538,0.1817564219236374,0.02946784533560276,0.1913091242313385,0.002081208396703005,0.010788319632411003,0.030967547209002078,0.2013219865038991,-1.5630183219909668,-1.5626308917999268
theta3,T4,batch1_0_127,2,6,"(2, 6)",0,16,exact_replay_715_45760_tokens,T4_batch_128,5.926126480102539,7.032081604003906,0.0003407986368983984,0.0003407001495361328,9.848736226558685e-08,0.0002890734342197341,1,0,0.02946784533560276,0.1913091242313385,0.031395480036735535,0.20079010725021362,0.0021105571649968624,0.010746696963906288,0.03307810437399894,0.21206868346780539,-1.5255379676818848,-1.5251972675323486
theta3,T4,batch1_0_127,2,6,"(2, 6)",0,17,exact_replay_715_45760_tokens,T4_batch_128,5.8092217445373535,7.019453525543213,0.00029922969406470656,0.00029921531677246094,1.437729224562645e-08,4.80499875498008e-05,1,0,0.031395480036735535,0.20079010725021362,0.03334491327404976,0.2102343738079071,0.0021366174332797527,0.010714322328567505,0.03521472180727869,0.2227830057963729,-1.495250940322876,-1.4949517250061035
theta3,T4,batch1_0_127,2,6,"(2, 6)",0,18,exact_replay_715_45760_tokens,T4_batch_128,5.697882652282715,7.013998031616211,0.0002619285660330206,0.0002617835998535156,1.4496617950499058e-07,0.0005537634121698543,1,0,0.03334491327404976,0.2102343738079071,0.03531564027070999,0.21960166096687317,0.0021629203110933304,0.010635633952915668,0.03737764211837202,0.23341863974928856,-1.465864658355713,-1.4656028747558594
theta3,T4,batch1_0_127,2,6,"(2, 6)",0,19,exact_replay_715_45760_tokens,T4_batch_128,5.579827785491943,7.0022172927856445,0.00022979114146437496,0.00022983551025390625,4.436878953129053e-08,0.0001930458417077282,1,0,0.03531564027070999,0.21960166096687317,0.037297360599040985,0.22887291014194489,0.002177431480959058,0.010501273907721043,0.03955507359933108,0.2439199136570096,-1.4366986751556396,-1.4364688396453857
theta3,T4,batch1_0_127,2,6,"(2, 6)",0,20,exact_replay_715_45760_tokens,T4_batch_128,5.458682060241699,6.986889839172363,0.0001802210317691788,0.00018012523651123047,9.579525794833899e-08,0.0005318258551869622,1,0,0.037297360599040985,0.22887291014194489,0.039287615567445755,0.23801060020923615,0.002192527288571,0.01038429792970419,0.04174760088790208,0.2543042115867138,-1.405954122543335,-1.4057739973068237
theta3,T4,batch1_0_127,2,6,"(2, 6)",0,21,exact_replay_715_45760_tokens,T4_batch_128,5.351801872253418,6.983807563781738,0.00014884216943755746,0.000148773193359375,6.897607818245888e-08,0.00046363243689903844,1,0,0.039287615567445755,0.23801060020923615,0.041286855936050415,0.24699483811855316,0.00220458023250103,0.01021069847047329,0.04395218112040311,0.2645149100571871,-1.3744769096374512,-1.3743281364440918
theta3,T4,batch1_0_127,2,6,"(2, 6)",0,22,exact_replay_715_45760_tokens,T4_batch_128,5.246372222900391,6.975523948669434,0.00011656856804620475,0.00011658668518066406,1.811713445931673e-08,0.0001553962567101227,1,0,0.041286855936050415,0.24699483811855316,0.04329312965273857,0.2559070289134979,0.0022150541190057993,0.010124840773642063,0.04616723523940891,0.27463975083082914,-1.3452188968658447,-1.345102310180664
theta3,T4,batch1_0_127,2,6,"(2, 6)",0,23,exact_replay_715_45760_tokens,T4_batch_128,5.144494533538818,6.972997665405273,8.762760262470692e-05,8.761882781982422e-05,8.774804882705212e-09,0.00010014748086734693,1,0,0.04329312965273857,0.2559070289134979,0.04530305042862892,0.26471763849258423,0.002219964051619172,0.010016287676990032,0.04838719929102808,0.2846560385078192,-1.317948818206787,-1.3178611993789673
theta3,T4,batch1_0_127,2,6,"(2, 6)",0,24,exact_replay_715_45760_tokens,T4_batch_128,5.048973083496094,6.964390277862549,5.057084490545094e-05,5.054473876953125e-05,2.6106135919690132e-08,0.0005164956146816037,1,0,0.04530305042862892,0.26471763849258423,0.04731613025069237,0.27342602610588074,0.002225685166195035,0.009910105727612972,0.05061288445722312,0.29456614423543215,-1.2888236045837402,-1.2887730598449707
theta3,T4,batch1_0_127,2,6,"(2, 6)",0,25,exact_replay_715_45760_tokens,T4_batch_128,4.947993755340576,6.965205192565918,2.598775790829677e-05,2.6106834411621094e-05,1.190765033243224e-07,0.004561123782641267,1,0,0.04731613025069237,0.27342602610588074,0.04932371526956558,0.2819696068763733,0.0022208993323147297,0.009724896401166916,0.05283378378953785,0.30429104063659906,-1.263282060623169,-1.2632559537887573
theta3,T4,batch1_0_127,2,6,"(2, 6)",0,26,exact_replay_715_45760_tokens,T4_batch_128,4.856692790985107,6.968805313110352,3.2817422379594063e-07,3.5762786865234375e-07,2.9453644856403116e-08,0.08235836029052734,1,0,0.04932371526956558,0.2819696068763733,0.05132513493299484,0.29036056995391846,0.0022153486497700214,0.009574614465236664,0.05504913243930787,0.3138656551018357,-1.2390973567962646,-1.239096999168396
theta3,T4,batch1_0_127,2,6,"(2, 6)",0,27,exact_replay_715_45760_tokens,T4_batch_128,4.774947166442871,6.966464042663574,-4.095280382898636e-05,-4.088878631591797e-05,6.401751306839287e-08,0.0015656496275965744,0,1,0.05132513493299484,0.29036056995391846,0.05332159623503685,0.298542320728302,0.002213084837421775,0.009406420402228832,0.05726221727672964,0.32327207550406456,-1.2060185670852661,-1.206059455871582
theta3,T4,batch1_0_127,2,6,"(2, 6)",0,28,exact_replay_715_45760_tokens,T4_batch_128,4.68477725982666,6.9655327796936035,-5.5862674344098195e-05,-5.5909156799316406e-05,4.6482455218210816e-08,0.0008313925281516524,0,1,0.05332159623503685,0.298542320728302,0.05530666932463646,0.3066202998161316,0.002199777401983738,0.009275516495108604,0.05946199467871338,0.33254759199917316,-1.1758484840393066,-1.175904393196106
theta3,T4,batch1_0_127,2,6,"(2, 6)",0,29,exact_replay_715_45760_tokens,T4_batch_128,4.600129127502441,6.9662275314331055,-7.00968739693053e-05,-7.009506225585938e-05,1.811713445931673e-09,2.584652024872449e-05,0,1,0.05530666932463646,0.3066202998161316,0.05727666616439819,0.3145711421966553,0.0021823749411851168,0.009116463363170624,0.0616443696198985,0.3416640553623438,-1.1529881954193115,-1.1530582904815674
theta3,T4,batch1_0_127,2,6,"(2, 6)",0,30,exact_replay_715_45760_tokens,T4_batch_128,4.520456790924072,6.971616268157959,-8.474580681649968e-05,-8.475780487060547e-05,1.199805410578847e-08,0.00014155692356715893,0,1,0.05727666616439819,0.3145711421966553,0.05923034995794296,0.32239487767219543,0.0021647268440574408,0.008962325751781464,0.06380909646395594,0.35062638111412525,-1.1320109367370605,-1.1320956945419312
theta3,T4,batch1_0_127,2,6,"(2, 6)",0,31,exact_replay_715_45760_tokens,T4_batch_128,4.437985897064209,6.970736980438232,-0.0001003829383989796,-0.0001004934310913086,1.104926923289895e-07,0.001099501640346975,0,1,0.05923034995794296,0.32239487767219543,0.06116284430027008,0.3300308287143707,0.002141343429684639,0.008765459060668945,0.06595043989364058,0.3593918401747942,-1.1111314296722412,-1.1112319231033325
theta3,T4,batch1_0_127,2,6,"(2, 6)",0,32,exact_replay_715_45760_tokens,T4_batch_128,4.3637471199035645,6.9697184562683105,-0.0001129239026340656,-0.00011289119720458984,3.27054294757545e-08,0.0002897075262341605,0,1,0.06116284430027008,0.3300308287143707,0.06307382881641388,0.3375202715396881,0.002117681782692671,0.008601325564086437,0.06806812167633325,0.36799316573888063,-1.0837669372558594,-1.083879828453064
theta3,T4,batch1_0_127,2,6,"(2, 6)",0,33,exact_replay_715_45760_tokens,T4_batch_128,4.291660308837891,6.970742702484131,-0.00011881519458256662,-0.0001188516616821289,3.646709956228733e-08,0.0003068286891925777,0,1,0.06307382881641388,0.3375202715396881,0.06495927274227142,0.34484174847602844,0.002088855719193816,0.008419088087975979,0.07015697739552706,0.3764122538268566,-1.057922124862671,-1.058040976524353
theta3,T4,batch1_0_127,2,6,"(2, 6)",0,34,exact_replay_715_45760_tokens,T4_batch_128,4.219173431396484,6.969488620758057,-0.00011945301230298355,-0.0001195669174194336,1.1390511645004153e-07,0.000952647428807328,0,1,0.06495927274227142,0.34484174847602844,0.06681755930185318,0.35201579332351685,0.002059106482192874,0.008249139413237572,0.07221608387771994,0.3846613932400942,-1.0258724689483643,-1.0259920358657837
theta3,T4,batch1_0_127,2,6,"(2, 6)",0,35,exact_replay_715_45760_tokens,T4_batch_128,4.150702476501465,6.963360786437988,-0.00012561824405565858,-0.00012564659118652344,2.8347130864858627e-08,0.00022561002727703984,0,1,0.06681755930185318,0.35201579332351685,0.06864798069000244,0.3590128421783447,0.0020279998425394297,0.008061113767325878,0.07424408372025937,0.39272250700742006,-1.0030103921890259,-1.0031360387802124
theta3,T4,batch1_0_127,2,6,"(2, 6)",0,36,exact_replay_715_45760_tokens,T4_batch_128,4.085089683532715,6.958436012268066,-0.0001350607053609565,-0.00013506412506103516,3.41970007866621e-09,2.531908511694616e-05,0,1,0.06864798069000244,0.3590128421783447,0.07045061886310577,0.36583074927330017,0.0019972280133515596,0.00787321012467146,0.07624131173361093,0.4005957171320915,-0.9850602149963379,-0.9851952791213989
theta3,T4,batch1_0_127,2,6,"(2, 6)",0,37,exact_replay_715_45760_tokens,T4_batch_128,4.024217128753662,6.953488349914551,-0.00013749278150498867,-0.00013756752014160156,7.473863661289215e-08,0.0005432869367417677,0,1,0.07045061886310577,0.36583074927330017,0.07222505658864975,0.3725070059299469,0.0019651411566883326,0.007712219841778278,0.07820645289029926,0.4083079369738698,-0.9591113328933716,-0.9592489004135132
theta3,T4,batch1_0_127,2,6,"(2, 6)",0,38,exact_replay_715_45760_tokens,T4_batch_128,3.961808681488037,6.949408054351807,-0.0001381553302053362,-0.0001380443572998047,1.1097290553152561e-07,0.0008038930942357513,0,1,0.07222505658864975,0.3725070059299469,0.07396744936704636,0.37901049852371216,0.0019289824413135648,0.007530363276600838,0.08013543533161283,0.41583830025047064,-0.9381515979766846,-0.9382896423339844
theta3,T4,batch1_0_127,2,6,"(2, 6)",0,39,exact_replay_715_45760_tokens,T4_batch_128,3.903049945831299,6.948808670043945,-0.00013768035569228232,-0.00013762712478637695,5.3230905905365944e-08,0.00038677626948895624,0,1,0.07396744936704636,0.37901049852371216,0.07567765563726425,0.3853462040424347,0.001892424887046218,0.007352448534220457,0.08202786021865904,0.4231907487846911,-0.9181976318359375,-0.9183352589607239
theta3,T4,batch1_0_127,2,7,"(2, 7)",1,0,exact_replay_715_45760_tokens,T4_batch_128,8.732281684875488,8.241799354553223,0.0020597444381564856,0.002059459686279297,2.8475187718868256e-07,0.00013826533196341747,1,0,0.0,0.0,0.002052503637969494,0.017152272164821625,0.002052503637969494,0.017152272164821625,0.002052503637969494,0.017152272164821625,-2.3616557121276855,-2.3595962524414062
theta3,T4,batch1_0_127,2,7,"(2, 7)",1,1,exact_replay_715_45760_tokens,T4_batch_128,8.42664909362793,8.038202285766602,0.0019255726365372539,0.0019254684448242188,1.0419171303510666e-07,5.411239707157008e-05,1,0,0.002052503637969494,0.017152272164821625,0.0040701767429709435,0.034324515610933304,0.0020230549853295088,0.017199352383613586,0.004075558623299003,0.03435162454843521,-2.3060832023620605,-2.3041577339172363
theta3,T4,batch1_0_127,2,7,"(2, 7)",1,2,exact_replay_715_45760_tokens,T4_batch_128,8.130226135253906,7.838152885437012,0.001803763210773468,0.0018033981323242188,3.650784492492676e-07,0.00020243918561607614,1,0,0.0040701767429709435,0.034324515610933304,0.006049369461834431,0.05122968927025795,0.0019944848027080297,0.01697464846074581,0.006070043426007032,0.05132627300918102,-2.2612946033477783,-2.259491205215454
theta3,T4,batch1_0_127,2,7,"(2, 7)",1,3,exact_replay_715_45760_tokens,T4_batch_128,7.841691017150879,7.653322219848633,0.0017025477718561888,0.0017020702362060547,4.775356501340866e-07,0.0002805616595461549,1,0,0.006049369461834431,0.05122968927025795,0.007988527417182922,0.06761373579502106,0.0019701202400028706,0.01652504876255989,0.008040163666009903,0.06785132177174091,-2.2304797172546387,-2.2287776470184326
theta3,T4,batch1_0_127,2,7,"(2, 7)",1,4,exact_replay_715_45760_tokens,T4_batch_128,7.572274208068848,7.493275165557861,0.001580275478772819,0.0015799999237060547,2.755550667643547e-07,0.00017440194941149842,1,0,0.007988527417182922,0.06761373579502106,0.009885144419968128,0.0831497386097908,0.0019489484839141369,0.015767863020300865,0.00998911214992404,0.08361918479204178,-2.1848621368408203,-2.1832821369171143
theta3,T4,batch1_0_127,2,7,"(2, 7)",1,5,exact_replay_715_45760_tokens,T4_batch_128,7.327945709228516,7.370408535003662,0.001478048856370151,0.001477956771850586,9.208451956510544e-08,6.230528613486046e-05,1,0,0.009885144419968128,0.0831497386097908,0.011749201454222202,0.09783771634101868,0.0019386793719604611,0.015009251423180103,0.011927791521884501,0.09862843621522188,-2.1551735401153564,-2.153695583343506
theta3,T4,batch1_0_127,2,7,"(2, 7)",1,6,exact_replay_715_45760_tokens,T4_batch_128,7.098300933837891,7.2657904624938965,0.0013738394482061267,0.0013737678527832031,7.159542292356491e-08,5.211610009545297e-05,1,0,0.011749201454222202,0.09783771634101868,0.013585860840976238,0.11158935725688934,0.0019350895890966058,0.014192003756761551,0.013862881110981107,0.11282043997198343,-2.128687620162964,-2.1273138523101807
theta3,T4,batch1_0_127,2,7,"(2, 7)",1,7,exact_replay_715_45760_tokens,T4_batch_128,6.910440444946289,7.168625354766846,0.0012629880802705884,0.0012629032135009766,8.486676961183548e-08,6.719974159901831e-05,1,0,0.013585860840976238,0.11158935725688934,0.015403701923787594,0.12439769506454468,0.0019388418877497315,0.013403231278061867,0.01580172299873084,0.1262236712500453,-2.116279363632202,-2.115016460418701
theta3,T4,batch1_0_127,2,7,"(2, 7)",1,8,exact_replay_715_45760_tokens,T4_batch_128,6.730206489562988,7.097384929656982,0.0011518321698531508,0.0011515617370605469,2.704327926039696e-07,0.00023484002976190477,1,0,0.015403701923787594,0.12439769506454468,0.017210548743605614,0.1363891214132309,0.0019501026254147291,0.012759990990161896,0.017751825624145567,0.1389836622402072,-2.1079540252685547,-2.106802463531494
theta3,T4,batch1_0_127,2,7,"(2, 7)",1,9,exact_replay_715_45760_tokens,T4_batch_128,6.566784858703613,7.042178153991699,0.0010443718638271093,0.0010445117950439453,1.3993121683597565e-07,0.00013396805809175988,1,0,0.017210548743605614,0.1363891214132309,0.019019873812794685,0.1477685421705246,0.0019718408584594727,0.012318170629441738,0.01972366648260504,0.15130183286964893,-2.1029210090637207,-2.1018764972686768
theta3,T4,batch1_0_127,2,7,"(2, 7)",1,10,exact_replay_715_45760_tokens,T4_batch_128,6.413082122802734,6.995694160461426,0.0009363885619677603,0.0009360313415527344,3.572204150259495e-07,0.0003816329637353541,1,0,0.019019873812794685,0.1477685421705246,0.02083875797688961,0.15862512588500977,0.0019985001999884844,0.011959124356508255,0.021722166682593524,0.1632609572261572,-2.1147029399871826,-2.11376690864563
theta3,T4,batch1_0_127,2,7,"(2, 7)",1,11,exact_replay_715_45760_tokens,T4_batch_128,6.271280288696289,6.958488941192627,0.0008284199284389615,0.0008282661437988281,1.537846401333809e-07,0.00018567056167242372,1,0,0.02083875797688961,0.15862512588500977,0.0226726233959198,0.16914993524551392,0.00202620355412364,0.011768958531320095,0.023748370236717165,0.17502991575747728,-2.129915714263916,-2.129087448120117
theta3,T4,batch1_0_127,2,7,"(2, 7)",1,12,exact_replay_715_45760_tokens,T4_batch_128,6.136381149291992,6.918644905090332,0.0007128646248020232,0.0007126331329345703,2.3149186745285988e-07,0.00032484016916192705,1,0,0.0226726233959198,0.16914993524551392,0.024527965113520622,0.17930732667446136,0.002060852712020278,0.011468260549008846,0.025809222948737442,0.18649817630648613,-2.1482386589050293,-2.1475260257720947
theta3,T4,batch1_0_127,2,7,"(2, 7)",1,13,exact_replay_715_45760_tokens,T4_batch_128,6.003041744232178,6.895455837249756,0.000577249622438103,0.0005772113800048828,3.8242433220148087e-08,6.625377555762081e-05,1,0,0.024527965113520622,0.17930732667446136,0.026403134688735008,0.18913397192955017,0.002092973329126835,0.011228404007852077,0.027902196277864277,0.1977265803143382,-2.164318561553955,-2.16374135017395
theta3,T4,batch1_0_127,2,7,"(2, 7)",1,14,exact_replay_715_45760_tokens,T4_batch_128,5.872671604156494,6.868808746337891,0.00043217395432293415,0.00043201446533203125,1.594889909029007e-07,0.00036917511727373067,1,0,0.026403134688735008,0.18913397192955017,0.028297841548919678,0.1986580193042755,0.00212422339245677,0.010961093008518219,0.030026419670321047,0.20868767332285643,-2.184863567352295,-2.184431552886963
theta3,T4,batch1_0_127,2,7,"(2, 7)",1,15,exact_replay_715_45760_tokens,T4_batch_128,5.747701644897461,6.843020915985107,0.0002767325786408037,0.00027680397033691406,7.139169611036777e-08,0.0002579142778316107,1,0,0.028297841548919678,0.1986580193042755,0.030211230739951134,0.20791153609752655,0.002152936765924096,0.010757291689515114,0.03217935643624514,0.21944496501237154,-2.209649085998535,-2.2093722820281982
theta3,T4,batch1_0_127,2,7,"(2, 7)",1,16,exact_replay_715_45760_tokens,T4_batch_128,5.630857944488525,6.81261682510376,0.00011067263403674588,0.000110626220703125,4.6413333620876074e-08,0.0004195509285762392,1,0,0.030211230739951134,0.20791153609752655,0.03214452415704727,0.21691858768463135,0.002182122552767396,0.01054154708981514,0.03436147898901254,0.22998651210218668,-2.2414581775665283,-2.241347551345825
theta3,T4,batch1_0_127,2,7,"(2, 7)",1,17,exact_replay_715_45760_tokens,T4_batch_128,5.522645950317383,6.7855424880981445,-8.079559484031051e-05,-8.082389831542969e-05,2.8303475119173527e-08,0.00035018695842551625,0,1,0.03214452415704727,0.21691858768463135,0.034097276628017426,0.22569173574447632,0.002212380990386009,0.010335193946957588,0.03657385997939855,0.24032170604914427,-2.2782387733459473,-2.2783195972442627
theta3,T4,batch1_0_127,2,7,"(2, 7)",1,18,exact_replay_715_45760_tokens,T4_batch_128,5.414422035217285,6.764308929443359,-0.00028345765895210207,-0.0002837181091308594,2.604501787573099e-07,0.0009179892660189076,0,1,0.034097276628017426,0.22569173574447632,0.036067526787519455,0.23430627584457397,0.002238242421299219,0.01018724124878645,0.03881210240069777,0.2505089472979307,-2.317391872406006,-2.3176755905151367
theta3,T4,batch1_0_127,2,7,"(2, 7)",1,19,exact_replay_715_45760_tokens,T4_batch_128,5.307529926300049,6.740451812744141,-0.0004851665289606899,-0.00048542022705078125,2.536980900913477e-07,0.0005226360088715618,0,1,0.036067526787519455,0.23430627584457397,0.038053348660469055,0.2427595555782318,0.0022609690204262733,0.0100294454023242,0.04107307142112404,0.2605383927002549,-2.355639934539795,-2.3561253547668457
theta3,T4,batch1_0_127,2,7,"(2, 7)",1,20,exact_replay_715_45760_tokens,T4_batch_128,5.200698375701904,6.716054439544678,-0.0006824026349931955,-0.0006825923919677734,1.8975697457790375e-07,0.00027799456426825007,0,1,0.038053348660469055,0.2427595555782318,0.04004911705851555,0.25107595324516296,0.0022756506223231554,0.009840739890933037,0.043348722043447196,0.27037913259118795,-2.411508321762085,-2.4121909141540527
theta3,T4,batch1_0_127,2,7,"(2, 7)",1,21,exact_replay_715_45760_tokens,T4_batch_128,5.104241371154785,6.695743560791016,-0.000905707769561559,-0.0009059906005859375,2.8283102437853813e-07,0.00031217876233552633,0,1,0.04004911705851555,0.25107595324516296,0.042054977267980576,0.25919023156166077,0.0022936263121664524,0.009648812003433704,0.04564234835561365,0.28002794459462166,-2.4652633666992188,-2.4661693572998047
theta3,T4,batch1_0_127,2,7,"(2, 7)",1,22,exact_replay_715_45760_tokens,T4_batch_128,5.018211841583252,6.675879955291748,-0.001109196455217898,-0.0011093616485595703,1.651933416724205e-07,0.00014890846631205674,0,1,0.042054977267980576,0.25919023156166077,0.04407355934381485,0.26720455288887024,0.0023086017463356256,0.009525550529360771,0.047950950101949275,0.28955349512398243,-2.5158822536468506,-2.51699161529541
theta3,T4,batch1_0_127,2,7,"(2, 7)",1,23,exact_replay_715_45760_tokens,T4_batch_128,4.9304986000061035,6.6562957763671875,-0.001300796982832253,-0.0013010501861572266,2.532033249735832e-07,0.00019461457188015393,0,1,0.04407355934381485,0.26720455288887024,0.046103209257125854,0.27506715059280396,0.0023218910209834576,0.0093609057366848,0.05027284112293273,0.29891440086066723,-2.568758726119995,-2.5700597763061523
theta3,T4,batch1_0_127,2,7,"(2, 7)",1,24,exact_replay_715_45760_tokens,T4_batch_128,4.839935302734375,6.638032913208008,-0.0014886389253661036,-0.0014891624450683594,5.235197022557259e-07,0.00035155311899615755,0,1,0.046103209257125854,0.27506715059280396,0.048137497156858444,0.282787561416626,0.0023253080435097218,0.009206890128552914,0.052598149166442454,0.30812129098922014,-2.6218738555908203,-2.6233630180358887
theta3,T4,batch1_0_127,2,7,"(2, 7)",1,25,exact_replay_715_45760_tokens,T4_batch_128,4.754230499267578,6.616825580596924,-0.0016517342301085591,-0.0016522407531738281,5.065230652689934e-07,0.0003065673475829726,0,1,0.048137497156858444,0.282787561416626,0.05017499998211861,0.2903832197189331,0.002326143439859152,0.009069971740245819,0.054924292606301606,0.31719126272946596,-2.673522472381592,-2.6751747131347656
theta3,T4,batch1_0_127,2,7,"(2, 7)",1,26,exact_replay_715_45760_tokens,T4_batch_128,4.672226905822754,6.600751876831055,-0.0018160899635404348,-0.0018167495727539062,6.596092134714127e-07,0.0003630710711942257,0,1,0.05017499998211861,0.2903832197189331,0.052213117480278015,0.29785019159317017,0.0023249341174960136,0.008930465206503868,0.05724922672379762,0.32612172793596983,-2.7223739624023438,-2.7241907119750977
theta3,T4,batch1_0_127,2,7,"(2, 7)",1,27,exact_replay_715_45760_tokens,T4_batch_128,4.5894317626953125,6.592109680175781,-0.00197047833353281,-0.001971006393432617,5.280598998069763e-07,0.00026791384419983064,0,1,0.052213117480278015,0.29785019159317017,0.0542500875890255,0.3051947057247162,0.00232141837477684,0.008803468197584152,0.05957064509857446,0.334925196133554,-2.762532949447632,-2.7645039558410645
theta3,T4,batch1_0_127,2,7,"(2, 7)",1,28,exact_replay_715_45760_tokens,T4_batch_128,4.510431289672852,6.586019039154053,-0.002087663859128952,-0.002088308334350586,6.444752216339111e-07,0.00030861114282452334,0,1,0.0542500875890255,0.3051947057247162,0.05627958104014397,0.31241574883461,0.002306670183315873,0.00865787174552679,0.06187731528189033,0.3435830678790808,-2.8056747913360596,-2.80776309967041
theta3,T4,batch1_0_127,2,7,"(2, 7)",1,29,exact_replay_715_45760_tokens,T4_batch_128,4.43203067779541,6.576412200927734,-0.002176724374294281,-0.0021772384643554688,5.140900611877441e-07,0.00023612023653088042,0,1,0.05627958104014397,0.31241574883461,0.05829959735274315,0.31953489780426025,0.0022899494506418705,0.008523141033947468,0.0641672647325322,0.35210620891302824,-2.840688943862915,-2.8428661823272705
theta3,T4,batch1_0_127,2,7,"(2, 7)",1,30,exact_replay_715_45760_tokens,T4_batch_128,4.357295513153076,6.570253372192383,-0.002264740178361535,-0.002265453338623047,7.131602615118027e-07,0.00031479803593980216,0,1,0.05829959735274315,0.31953489780426025,0.06030559539794922,0.32654762268066406,0.0022682873532176018,0.008386570028960705,0.0664355520857498,0.36049277894198895,-2.889709949493408,-2.8919754028320312
theta3,T4,batch1_0_127,2,7,"(2, 7)",1,31,exact_replay_715_45760_tokens,T4_batch_128,4.283992767333984,6.566587448120117,-0.002339501865208149,-0.0023403167724609375,8.149072527885437e-07,0.00034820382538712307,0,1,0.06030559539794922,0.32654762268066406,0.062293317168951035,0.3334324359893799,0.0022425006609410048,0.008232342079281807,0.06867805274669081,0.36872512102127075,-2.933929443359375,-2.936269760131836
theta3,T4,batch1_0_127,2,7,"(2, 7)",1,32,exact_replay_715_45760_tokens,T4_batch_128,4.218626976013184,6.560142993927002,-0.0024281605146825314,-0.0024292469024658203,1.0863877832889557e-06,0.0004472117602316223,0,1,0.062293317168951035,0.3334324359893799,0.06426523625850677,0.3401998281478882,0.002221554284915328,0.008093046024441719,0.07089960703160614,0.37681816704571247,-2.97200608253479,-2.974435329437256
theta3,T4,batch1_0_127,2,7,"(2, 7)",1,33,exact_replay_715_45760_tokens,T4_batch_128,4.153018474578857,6.556958198547363,-0.0024855625815689564,-0.0024862289428710938,6.663613021373749e-07,0.0002680208932681243,0,1,0.06426523625850677,0.3401998281478882,0.06621438264846802,0.34681761264801025,0.0021914371754974127,0.007927626371383667,0.07309104420710355,0.38474579341709614,-3.0079164505004883,-3.0104026794433594
theta3,T4,batch1_0_127,2,7,"(2, 7)",1,34,exact_replay_715_45760_tokens,T4_batch_128,4.08803129196167,6.556504726409912,-0.0025266925804316998,-0.002526998519897461,3.059394657611847e-07,0.00012106832012454005,0,1,0.06621438264846802,0.34681761264801025,0.06813851743936539,0.35330983996391296,0.002158402232453227,0.007768899202346802,0.07524944643955678,0.39251469261944294,-3.0443172454833984,-3.046844244003296
theta3,T4,batch1_0_127,2,7,"(2, 7)",1,35,exact_replay_715_45760_tokens,T4_batch_128,4.029350280761719,6.554309368133545,-0.0025664055719971657,-0.0025665760040283203,1.7043203115463257e-07,6.640443567115652e-05,0,1,0.06813851743936539,0.35330983996391296,0.07003581523895264,0.35968801379203796,0.0021240178029984236,0.007617883384227753,0.0773734642425552,0.4001325760036707,-3.077507972717285,-3.0800745487213135
theta3,T4,batch1_0_127,2,7,"(2, 7)",1,36,exact_replay_715_45760_tokens,T4_batch_128,3.9716362953186035,6.555562973022461,-0.002609831281006336,-0.002610445022583008,6.137415766716003e-07,0.00023510994154717326,0,1,0.07003581523895264,0.35968801379203796,0.07190396636724472,0.3659309148788452,0.002087862929329276,0.007454444654285908,0.07946132717188448,0.4075870206579566,-3.114475965499878,-3.117086410522461
theta3,T4,batch1_0_127,2,7,"(2, 7)",1,37,exact_replay_715_45760_tokens,T4_batch_128,3.9155433177948,6.558526992797852,-0.0026488257572054863,-0.002649068832397461,2.430751919746399e-07,9.175873008730088e-05,0,1,0.07190396636724472,0.3659309148788452,0.07373970001935959,0.3720255494117737,0.002049672417342663,0.00728048337623477,0.08151099958922714,0.41486750403419137,-3.1471853256225586,-3.149834394454956
theta3,T4,batch1_0_127,2,7,"(2, 7)",1,38,exact_replay_715_45760_tokens,T4_batch_128,3.8641507625579834,6.563916206359863,-0.002662978135049343,-0.002663135528564453,1.5739351511001587e-07,5.910082811101164e-05,0,1,0.07373970001935959,0.3720255494117737,0.07554377615451813,0.37797948718070984,0.0020110870245844126,0.00711715966463089,0.08352208661381155,0.42198466369882226,-3.1755964756011963,-3.1782596111297607
theta3,T4,batch1_0_127,2,7,"(2, 7)",1,39,exact_replay_715_45760_tokens,T4_batch_128,3.8138842582702637,6.568896293640137,-0.0026800043415278196,-0.0026803016662597656,2.973247319459915e-07,0.00011092957769969756,0,1,0.07554377615451813,0.37797948718070984,0.07731455564498901,0.38380470871925354,0.0019709765911102295,0.006956377066671848,0.08549306320492178,0.4289410407654941,-3.2063329219818115,-3.2090132236480713
theta3,T4,batch1_0_127,3,4,"(3, 4)",0,0,exact_replay_715_45760_tokens,T4_batch_128,8.751189231872559,8.241799354553223,0.0020124914590269327,0.002012014389038086,4.770699888467789e-07,0.00023711062477781728,1,0,0.0,0.0,0.0019778709392994642,0.017142247408628464,0.0019778709392994642,0.017142247408628464,0.0019778709392994642,0.017142247408628464,-2.154154062271118,-2.15214204788208
theta3,T4,batch1_0_127,3,4,"(3, 4)",0,1,exact_replay_715_45760_tokens,T4_batch_128,8.441827774047852,8.080244064331055,0.0017959336983039975,0.0017955303192138672,4.0337909013032913e-07,0.00022465735377107953,1,0,0.0019778709392994642,0.017142247408628464,0.003920858725905418,0.03388316184282303,0.00194878363981843,0.016766957938671112,0.003926654579117894,0.033909205347299576,-2.0491034984588623,-2.0473079681396484
theta3,T4,batch1_0_127,3,4,"(3, 4)",0,2,exact_replay_715_45760_tokens,T4_batch_128,8.160314559936523,7.924508571624756,0.0015978201990947127,0.0015976428985595703,1.7730053514242172e-07,0.00011097632349649306,1,0,0.003920858725905418,0.03388316184282303,0.005824408493936062,0.05009050294756889,0.0019201082177460194,0.016273001208901405,0.0058467627968639135,0.05018220655620098,-1.947930097579956,-1.9463324546813965
theta3,T4,batch1_0_127,3,4,"(3, 4)",0,3,exact_replay_715_45760_tokens,T4_batch_128,7.887818336486816,7.77047872543335,0.0014193695969879627,0.0014190673828125,3.022141754627228e-07,0.00021296675487231183,1,0,0.005824408493936062,0.05009050294756889,0.007684946525841951,0.06548963487148285,0.001893881126306951,0.015526855364441872,0.007740643923170865,0.06570906192064285,-1.85444974899292,-1.8530306816101074
theta3,T4,batch1_0_127,3,4,"(3, 4)",0,4,exact_replay_715_45760_tokens,T4_batch_128,7.641417503356934,7.636709213256836,0.001252590911462903,0.0012524127960205078,1.7811544239521027e-07,0.00014221783980582523,1,0,0.007684946525841951,0.06548963487148285,0.009506825357675552,0.07992930710315704,0.0018765401327982545,0.014664500951766968,0.009617184055969119,0.08037356287240982,-1.7752807140350342,-1.7740283012390137
theta3,T4,batch1_0_127,3,4,"(3, 4)",0,5,exact_replay_715_45760_tokens,T4_batch_128,7.434847831726074,7.522899150848389,0.0011212985264137387,0.0011212825775146484,1.594889909029007e-08,1.4223799968105465e-05,1,0,0.009506825357675552,0.07992930710315704,0.011304149404168129,0.09357843548059464,0.0018736515194177628,0.014003532007336617,0.011490835575386882,0.09437709487974644,-1.718360424041748,-1.7172391414642334
theta3,T4,batch1_0_127,3,4,"(3, 4)",0,6,exact_replay_715_45760_tokens,T4_batch_128,7.2401580810546875,7.409199237823486,0.0010224755387753248,0.0010223388671875,1.3667158782482147e-07,0.00013368521163712686,1,0,0.011304149404168129,0.09357843548059464,0.013088987208902836,0.1064901202917099,0.0018810032634064555,0.013400154188275337,0.013371838838793337,0.10777724906802177,-1.68049955368042,-1.6794772148132324
theta3,T4,batch1_0_127,3,4,"(3, 4)",0,7,exact_replay_715_45760_tokens,T4_batch_128,7.0670485496521,7.309816360473633,0.0009438014240004122,0.0009436607360839844,1.4068791642785072e-07,0.00014908739025391613,1,0,0.013088987208902836,0.1064901202917099,0.014868666417896748,0.1188155859708786,0.0018918535206466913,0.012928919866681099,0.015263692359440029,0.12070616893470287,-1.6436539888381958,-1.6427103281021118
theta3,T4,batch1_0_127,3,4,"(3, 4)",0,8,exact_replay_715_45760_tokens,T4_batch_128,6.8972368240356445,7.228135108947754,0.0008793354500085115,0.0008792877197265625,4.7730281949043274e-08,5.4282893844902384e-05,1,0,0.014868666417896748,0.1188155859708786,0.01664663292467594,0.13062907755374908,0.0019050078699365258,0.012531610205769539,0.017168700229376554,0.1332377791404724,-1.6215801239013672,-1.6207008361816406
theta3,T4,batch1_0_127,3,4,"(3, 4)",0,9,exact_replay_715_45760_tokens,T4_batch_128,6.735893726348877,7.150537967681885,0.0008188326610252261,0.0008186101913452148,2.2246968001127243e-07,0.0002717650993883792,1,0,0.01664663292467594,0.13062907755374908,0.018423864617943764,0.14193382859230042,0.0019182353280484676,0.012138841673731804,0.019086935557425022,0.14537662081420422,-1.6052422523498535,-1.6044236421585083
theta3,T4,batch1_0_127,3,4,"(3, 4)",0,10,exact_replay_715_45760_tokens,T4_batch_128,6.585005283355713,7.075794696807861,0.0007718975539319217,0.0007717609405517578,1.36613380163908e-07,0.00017701515195396974,1,0,0.018423864617943764,0.14193382859230042,0.02020438015460968,0.15282197296619415,0.0019336806144565344,0.011831564828753471,0.021020616171881557,0.1572081856429577,-1.5989112854003906,-1.5981395244598389
theta3,T4,batch1_0_127,3,4,"(3, 4)",0,11,exact_replay_715_45760_tokens,T4_batch_128,6.441030502319336,7.007528305053711,0.0007349163643084466,0.0007349252700805664,8.905772119760513e-09,1.2117928832116788e-05,1,0,0.02020438015460968,0.15282197296619415,0.021991372108459473,0.1633804440498352,0.0019489576807245612,0.011558308266103268,0.022969573852606118,0.16876649390906096,-1.6097416877746582,-1.6090067625045776
theta3,T4,batch1_0_127,3,4,"(3, 4)",0,12,exact_replay_715_45760_tokens,T4_batch_128,6.306364059448242,6.937113285064697,0.0007011700654402375,0.0007010698318481445,1.0023359209299088e-07,0.00014297233676245538,1,0,0.021991372108459473,0.1633804440498352,0.023784281685948372,0.17366603016853333,0.001962454989552498,0.011298105120658875,0.024932028842158616,0.18006459902971983,-1.6249780654907227,-1.6242769956588745
theta3,T4,batch1_0_127,3,4,"(3, 4)",0,13,exact_replay_715_45760_tokens,T4_batch_128,6.175976753234863,6.877586364746094,0.0006620966014452279,0.0006619691848754883,1.2741656973958015e-07,0.00019248111943994238,1,0,0.023784281685948372,0.17366603016853333,0.025584274902939796,0.18370814621448517,0.001976256025955081,0.011105561628937721,0.026908284868113697,0.19117016065865755,-1.6379045248031616,-1.6372425556182861
theta3,T4,batch1_0_127,3,4,"(3, 4)",0,14,exact_replay_715_45760_tokens,T4_batch_128,6.0529255867004395,6.824232578277588,0.0006383141153492033,0.0006382465362548828,6.757909432053566e-08,0.00010588243019237954,1,0,0.025584274902939796,0.18370814621448517,0.027392348274588585,0.19348934292793274,0.0019885709043592215,0.01086779311299324,0.028896855772472918,0.2020379537716508,-1.6467552185058594,-1.6461169719696045
theta3,T4,batch1_0_127,3,4,"(3, 4)",0,15,exact_replay_715_45760_tokens,T4_batch_128,5.933372497558594,6.771820545196533,0.0006051979144103825,0.0006049871444702148,2.1076994016766548e-07,0.0003483874692118227,1,0,0.027392348274588585,0.19348934292793274,0.029206644743680954,0.20301923155784607,0.002000190317630768,0.010646638460457325,0.030897046090103686,0.21268459223210812,-1.6635714769363403,-1.6629664897918701
theta3,T4,batch1_0_127,3,4,"(3, 4)",0,16,exact_replay_715_45760_tokens,T4_batch_128,5.823054313659668,6.732732772827148,0.0005821040831506252,0.0005819797515869141,1.2433156371116638e-07,0.00021363554895534616,1,0,0.029206644743680954,0.20301923155784607,0.031026991084218025,0.212396040558815,0.0020101082045584917,0.010502428747713566,0.03290715429466218,0.22318702097982168,-1.6849257946014404,-1.6843438148498535
theta3,T4,batch1_0_127,3,4,"(3, 4)",0,17,exact_replay_715_45760_tokens,T4_batch_128,5.7097601890563965,6.695286273956299,0.0005528195761144161,0.0005526542663574219,1.6530975699424744e-07,0.00029911966134598794,1,0,0.031026991084218025,0.212396040558815,0.03285173699259758,0.22161217033863068,0.0020181576255708933,0.01036032848060131,0.03492531192023307,0.233547349460423,-1.7064623832702637,-1.7059097290039062
theta3,T4,batch1_0_127,3,4,"(3, 4)",0,18,exact_replay_715_45760_tokens,T4_batch_128,5.59883975982666,6.66011381149292,0.0005242037586867809,0.0005241632461547852,4.0512531995773315e-08,7.728991357743916e-05,1,0,0.03285173699259758,0.22161217033863068,0.03467973694205284,0.2306794822216034,0.00202547712251544,0.010227556340396404,0.03695078904274851,0.2437749058008194,-1.7266194820404053,-1.7260953187942505
theta3,T4,batch1_0_127,3,4,"(3, 4)",0,19,exact_replay_715_45760_tokens,T4_batch_128,5.496106147766113,6.631547451019287,0.000494752312079072,0.0004949569702148438,2.046581357717514e-07,0.000413486723265896,1,0,0.03467973694205284,0.2306794822216034,0.036511920392513275,0.23963801562786102,0.0020337761379778385,0.010127599351108074,0.03898456518072635,0.25390250515192747,-1.7559583187103271,-1.7554633617401123
theta3,T4,batch1_0_127,3,4,"(3, 4)",0,20,exact_replay_715_45760_tokens,T4_batch_128,5.394460678100586,6.611286640167236,0.0004633015487343073,0.00046324729919433594,5.4249539971351624e-08,0.00011710708311888832,1,0,0.036511920392513275,0.23963801562786102,0.03834298625588417,0.24850104749202728,0.0020365428645163774,0.01002507470548153,0.04102110804524273,0.263927579857409,-1.7857036590576172,-1.7852404117584229
theta3,T4,batch1_0_127,3,4,"(3, 4)",0,21,exact_replay_715_45760_tokens,T4_batch_128,5.295760631561279,6.592463970184326,0.00042030238546431065,0.00042045116424560547,1.487787812948227e-07,0.00035385508222285226,1,0,0.03834298625588417,0.24850104749202728,0.04017280414700508,0.257281631231308,0.002040704945102334,0.00995852705091238,0.04306181299034506,0.2738861069083214,-1.814661979675293,-1.8142415285110474
theta3,T4,batch1_0_127,3,4,"(3, 4)",0,22,exact_replay_715_45760_tokens,T4_batch_128,5.194798469543457,6.578497409820557,0.0003934488049708307,0.00039327144622802734,1.773587428033352e-07,0.0004509830156865717,1,0,0.04017280414700508,0.257281631231308,0.042000968009233475,0.2659626007080078,0.002042661653831601,0.009868142195045948,0.04510447464417666,0.28375424910336733,-1.839023470878601,-1.838630199432373
theta3,T4,batch1_0_127,3,4,"(3, 4)",0,23,exact_replay_715_45760_tokens,T4_batch_128,5.096173286437988,6.56234073638916,0.0003608590050134808,0.0003609657287597656,1.0672374628484249e-07,0.0002956617146218626,1,0,0.042000968009233475,0.2659626007080078,0.04382601007819176,0.2745204269886017,0.002042952226474881,0.009762274101376534,0.04714742687065154,0.29351652320474386,-1.865365982055664,-1.8650050163269043
theta3,T4,batch1_0_127,3,4,"(3, 4)",0,24,exact_replay_715_45760_tokens,T4_batch_128,4.998420238494873,6.554028511047363,0.0003263535618316382,0.0003261566162109375,1.9694562070071697e-07,0.0006038375765259503,1,0,0.04382601007819176,0.2745204269886017,0.04564526677131653,0.28297320008277893,0.0020404865499585867,0.009663311764597893,0.04918791342061013,0.30317983496934175,-1.8976421356201172,-1.8973159790039062
theta3,T4,batch1_0_127,3,4,"(3, 4)",0,25,exact_replay_715_45760_tokens,T4_batch_128,4.901759624481201,6.555558681488037,0.00031460722675547004,0.00031435489654541016,2.523302100598812e-07,0.0008026921572810012,1,0,0.04564526677131653,0.28297320008277893,0.047457288950681686,0.29128196835517883,0.0020347395911812782,0.00952250324189663,0.05122265301179141,0.3127023382112384,-1.9365270137786865,-1.9362126588821411
theta3,T4,batch1_0_127,3,4,"(3, 4)",0,26,exact_replay_715_45760_tokens,T4_batch_128,4.81105899810791,6.552491188049316,0.0002606507914606482,0.0002608299255371094,1.7913407646119595e-07,0.0006867849848606033,1,0,0.047457288950681686,0.29128196835517883,0.04926420375704765,0.2994287610054016,0.0020343628711998463,0.009394586086273193,0.053257015882991254,0.3220969242975116,-1.968755841255188,-1.9684950113296509
theta3,T4,batch1_0_127,3,4,"(3, 4)",0,27,exact_replay_715_45760_tokens,T4_batch_128,4.719313621520996,6.558645725250244,0.00023985456209629774,0.00023984909057617188,5.471520125865936e-09,2.281234468190855e-05,1,0,0.04926420375704765,0.2994287610054016,0.05106024071574211,0.30743134021759033,0.002023865468800068,0.009239017963409424,0.05528088135179132,0.331335942260921,-2.005272150039673,-2.0050323009490967
theta3,T4,batch1_0_127,3,4,"(3, 4)",0,28,exact_replay_715_45760_tokens,T4_batch_128,4.632270812988281,6.562812805175781,0.0002257135056424886,0.0002257823944091797,6.888876669108868e-08,0.000305111330187434,1,0,0.05106024071574211,0.30743134021759033,0.05284389480948448,0.3152701258659363,0.0020103296265006065,0.009070748463273048,0.05729121097829193,0.34040669072419405,-2.0455079078674316,-2.0452821254730225
theta3,T4,batch1_0_127,3,4,"(3, 4)",0,29,exact_replay_715_45760_tokens,T4_batch_128,4.54422664642334,6.570961952209473,0.00020396239415276796,0.0002040863037109375,1.2390955816954374e-07,0.0006071429386317172,1,0,0.05284389480948448,0.3152701258659363,0.054612673819065094,0.3229098618030548,0.001995144644752145,0.00887820590287447,0.059286355623044074,0.3492848966270685,-2.082974910736084,-2.082770824432373
theta3,T4,batch1_0_127,3,4,"(3, 4)",0,30,exact_replay_715_45760_tokens,T4_batch_128,4.462166786193848,6.591362476348877,0.00018757619545795023,0.00018715858459472656,4.176108632236719e-07,0.002231320909633758,1,0,0.054612673819065094,0.3229098618030548,0.0563662014901638,0.33039578795433044,0.001978499349206686,0.00871346890926361,0.06126485497225076,0.35799836553633213,-2.1238722801208496,-2.123685121536255
theta3,T4,batch1_0_127,3,4,"(3, 4)",0,31,exact_replay_715_45760_tokens,T4_batch_128,4.387615203857422,6.612058162689209,0.00017409221618436277,0.00017380714416503906,2.8507201932370663e-07,0.001640162840792181,1,0,0.0563662014901638,0.33039578795433044,0.05810357257723808,0.3377154767513275,0.0019609276205301285,0.00855895783752203,0.06322578259278089,0.36655732337385416,-2.1635544300079346,-2.1633806228637695
theta3,T4,batch1_0_127,3,4,"(3, 4)",0,32,exact_replay_715_45760_tokens,T4_batch_128,4.307316780090332,6.635150909423828,0.00015631580026820302,0.00015592575073242188,3.900495357811451e-07,0.0025015081469801225,1,0,0.05810357257723808,0.3377154767513275,0.05982028320431709,0.34487077593803406,0.0019387488719075918,0.008386584930121899,0.06516453146468848,0.37494390830397606,-2.2013561725616455,-2.201200246810913
theta3,T4,batch1_0_127,3,4,"(3, 4)",0,33,exact_replay_715_45760_tokens,T4_batch_128,4.2308430671691895,6.661057949066162,0.00011032102338504046,0.00011014938354492188,1.7163984011858702e-07,0.001558246034564394,1,0,0.05982028320431709,0.34487077593803406,0.06151345744729042,0.3518350422382355,0.0019132611341774464,0.00817157607525587,0.06707779259886593,0.38311548437923193,-2.23652720451355,-2.236417055130005
theta3,T4,batch1_0_127,3,4,"(3, 4)",0,34,exact_replay_715_45760_tokens,T4_batch_128,4.16329288482666,6.691958427429199,0.00010417027078801766,0.00010395050048828125,2.1977029973641038e-07,0.00211418221849914,1,0,0.06151345744729042,0.3518350422382355,0.06318467855453491,0.3586201071739197,0.0018886234611272812,0.007988059893250465,0.06896641605999321,0.3911035442724824,-2.276031970977783,-2.275928020477295
theta3,T4,batch1_0_127,3,4,"(3, 4)",0,35,exact_replay_715_45760_tokens,T4_batch_128,4.101970672607422,6.72133731842041,0.00011141870345454663,0.00011086463928222656,5.540641723200679e-07,0.00499766360047043,1,0,0.06318467855453491,0.3586201071739197,0.06483451277017593,0.3652578890323639,0.0018613154534250498,0.007818710058927536,0.07082773151341826,0.39892225433140993,-2.31364107131958,-2.313530206680298
theta3,T4,batch1_0_127,3,4,"(3, 4)",0,36,exact_replay_715_45760_tokens,T4_batch_128,4.042257308959961,6.750978469848633,0.00012208332191221416,0.00012183189392089844,2.5142799131572247e-07,0.0020637288252201564,1,0,0.06483451277017593,0.3652578890323639,0.06646086275577545,0.37173768877983093,0.0018322280375286937,0.007642366457730532,0.07265995955094695,0.40656462078914046,-2.3520078659057617,-2.351886034011841
theta3,T4,batch1_0_127,3,4,"(3, 4)",0,37,exact_replay_715_45760_tokens,T4_batch_128,3.9858717918395996,6.778629779815674,0.00011677813745336607,0.00011658668518066406,1.9145227270200849e-07,0.0016421452621740798,1,0,0.06646086275577545,0.37173768877983093,0.06806310266256332,0.37807950377464294,0.0018032481893897057,0.007480092812329531,0.07446320774033666,0.41404471360147,-2.388908863067627,-2.3887922763824463
theta3,T4,batch1_0_127,3,4,"(3, 4)",0,38,exact_replay_715_45760_tokens,T4_batch_128,3.9306435585021973,6.807699680328369,0.00010511225264053792,0.00010466575622558594,4.464964149519801e-07,0.004265926421910592,1,0,0.06806310266256332,0.37807950377464294,0.06963937729597092,0.38426798582077026,0.0017726084915921092,0.007308068219572306,0.07623581623192877,0.4213527818210423,-2.4221880435943604,-2.4220833778381348
theta3,T4,batch1_0_127,3,4,"(3, 4)",0,39,exact_replay_715_45760_tokens,T4_batch_128,3.8774495124816895,6.839885711669922,9.258519276045263e-05,9.226799011230469e-05,3.1720264814794064e-07,0.003437840661337209,1,0,0.06963937729597092,0.38426798582077026,0.07118888944387436,0.3903079032897949,0.001741806510835886,0.007141883950680494,0.07797762274276465,0.4284946657717228,-2.456456184387207,-2.4563639163970947
theta3,T4,batch1_0_127,3,5,"(3, 5)",0,0,exact_replay_715_45760_tokens,T4_batch_128,8.755748748779297,8.241799354553223,0.0009864858584478498,0.000986337661743164,1.4819670468568802e-07,0.00015024946368141166,1,0,0.0,0.0,0.0019966342952102423,0.017188003286719322,0.0019966342952102423,0.017188003286719322,0.0019966342952102423,0.017188003286719322,-1.0404047966003418,-1.0394184589385986
theta3,T4,batch1_0_127,3,5,"(3, 5)",0,1,exact_replay_715_45760_tokens,T4_batch_128,8.45405387878418,8.074830055236816,0.000918814679607749,0.0009188652038574219,5.052424967288971e-08,5.498548585884795e-05,1,0,0.0019966342952102423,0.017188003286719322,0.003953692503273487,0.03393087536096573,0.001963067566975951,0.016775842756032944,0.0039597018621861935,0.033963846042752266,-1.0157206058502197,-1.0148017406463623
theta3,T4,batch1_0_127,3,5,"(3, 5)",0,2,exact_replay_715_45760_tokens,T4_batch_128,8.169750213623047,7.917176723480225,0.0008689766982570291,0.0008688569068908691,1.1979136615991592e-07,0.00013787237600329286,1,0,0.003953692503273487,0.03393087536096573,0.005880187265574932,0.050448331981897354,0.0019424406345933676,0.016593512147665024,0.005902142496779561,0.05055735819041729,-0.9887623190879822,-0.9878934621810913
theta3,T4,batch1_0_127,3,5,"(3, 5)",0,3,exact_replay_715_45760_tokens,T4_batch_128,7.882634162902832,7.750143051147461,0.0008162955637089908,0.0008162260055541992,6.955815479159355e-08,8.521923378852052e-05,1,0,0.005880187265574932,0.050448331981897354,0.00777043029665947,0.06648634374141693,0.0019217525841668248,0.01617259345948696,0.007823895080946386,0.06672995164990425,-0.9568393230438232,-0.956023097038269
theta3,T4,batch1_0_127,3,5,"(3, 5)",0,4,exact_replay_715_45760_tokens,T4_batch_128,7.618417739868164,7.596890449523926,0.0007613401394337416,0.0007612109184265137,1.2922100722789764e-07,0.00016975716466995536,1,0,0.00777043029665947,0.06648634374141693,0.009628714993596077,0.08203565329313278,0.0019089668057858944,0.01577959582209587,0.00973286188673228,0.08250954747200012,-0.9254586696624756,-0.9246974587440491
theta3,T4,batch1_0_127,3,5,"(3, 5)",0,5,exact_replay_715_45760_tokens,T4_batch_128,7.369324684143066,7.448498725891113,0.0007152673788368702,0.0007152557373046875,1.1641532182693481e-08,1.6276041666666666e-05,1,0,0.009628714993596077,0.08203565329313278,0.01146018411964178,0.09694401174783707,0.0019020602339878678,0.015230893157422543,0.011634922120720148,0.09774044062942266,-0.8957204818725586,-0.8950052261352539
theta3,T4,batch1_0_127,3,5,"(3, 5)",0,6,exact_replay_715_45760_tokens,T4_batch_128,7.140160083770752,7.318434715270996,0.0006766440928913653,0.0006765127182006836,1.3137469068169594e-07,0.0001941939702643172,1,0,0.01146018411964178,0.09694401174783707,0.013273081742227077,0.11105021089315414,0.0019052395364269614,0.014536731876432896,0.01354016165714711,0.11227717250585556,-0.8707461357116699,-0.8700696229934692
theta3,T4,batch1_0_127,3,5,"(3, 5)",0,7,exact_replay_715_45760_tokens,T4_batch_128,6.932792663574219,7.203276634216309,0.0006301472312770784,0.0006300806999206543,6.653135642409325e-08,0.00010559180186358906,1,0,0.013273081742227077,0.11105021089315414,0.01506986003369093,0.12435977905988693,0.0019117688061669469,0.013860447332262993,0.015451930463314056,0.12613761983811855,-0.8419281840324402,-0.8412981033325195
theta3,T4,batch1_0_127,3,5,"(3, 5)",0,8,exact_replay_715_45760_tokens,T4_batch_128,6.733325481414795,7.081935882568359,0.0005755434394814074,0.0005755424499511719,9.89530235528946e-10,1.719300176056338e-06,1,0,0.01506986003369093,0.12435977905988693,0.016853248700499535,0.13691386580467224,0.0019189489539712667,0.01325815450400114,0.017370879417285323,0.1393957743421197,-0.8150342702865601,-0.8144587278366089
theta3,T4,batch1_0_127,3,5,"(3, 5)",0,9,exact_replay_715_45760_tokens,T4_batch_128,6.557999610900879,6.983870506286621,0.000526844582054764,0.0005267858505249023,5.8731529861688614e-08,0.00011149033293731614,1,0,0.016853248700499535,0.13691386580467224,0.01862664334475994,0.14886781573295593,0.001924901152960956,0.012776701711118221,0.01929578057024628,0.15217247605323792,-0.7872200012207031,-0.7866932153701782
theta3,T4,batch1_0_127,3,5,"(3, 5)",0,10,exact_replay_715_45760_tokens,T4_batch_128,6.402076721191406,6.894673824310303,0.0004771130043081939,0.00047707557678222656,3.742752596735954e-08,7.845198494502749e-05,1,0,0.01862664334475994,0.14886781573295593,0.02039896324276924,0.16046051681041718,0.0019392537651583552,0.012521347030997276,0.021235034335404634,0.1646938230842352,-0.756528377532959,-0.7560513019561768
theta3,T4,batch1_0_127,3,5,"(3, 5)",0,11,exact_replay_715_45760_tokens,T4_batch_128,6.241329193115234,6.8206634521484375,0.0004239845147822052,0.0004239678382873535,1.6676494851708412e-08,3.933433941374947e-05,1,0,0.02039896324276924,0.16046051681041718,0.02216729149222374,0.17167018353939056,0.001949789933860302,0.012216674163937569,0.023184824269264936,0.17691049724817276,-0.7276490330696106,-0.7272250652313232
theta3,T4,batch1_0_127,3,5,"(3, 5)",0,12,exact_replay_715_45760_tokens,T4_batch_128,6.091627597808838,6.7459259033203125,0.0003725876158569008,0.000372469425201416,1.1819065548479557e-07,0.00031731639562329974,1,0,0.02216729149222374,0.17167018353939056,0.023929709568619728,0.18240629136562347,0.0019558388739824295,0.011781950481235981,0.025140663143247366,0.18869244772940874,-0.7010880708694458,-0.7007156014442444
theta3,T4,batch1_0_127,3,5,"(3, 5)",0,13,exact_replay_715_45760_tokens,T4_batch_128,5.959155082702637,6.6761651039123535,0.0003247778513468802,0.0003247857093811035,7.8580342233181e-09,2.4194519636630575e-05,1,0,0.023929709568619728,0.18240629136562347,0.025687022134661674,0.19273170828819275,0.0019613655749708414,0.011433563195168972,0.027102028718218207,0.2001260109245777,-0.6782657504081726,-0.6779409646987915
theta3,T4,batch1_0_127,3,5,"(3, 5)",0,14,exact_replay_715_45760_tokens,T4_batch_128,5.827268600463867,6.619808197021484,0.00027769964071922004,0.0002776980400085449,1.6007106751203537e-09,5.764213082206482e-06,1,0,0.025687022134661674,0.19273170828819275,0.027439728379249573,0.20278291404247284,0.001964194467291236,0.011197295971214771,0.029066223185509443,0.21132330689579248,-0.655814528465271,-0.6555368304252625
theta3,T4,batch1_0_127,3,5,"(3, 5)",0,15,exact_replay_715_45760_tokens,T4_batch_128,5.7027363777160645,6.560694694519043,0.00023820735805202276,0.00023818016052246094,2.7197529561817646e-08,0.00011418889592717717,1,0,0.027439728379249573,0.20278291404247284,0.02918783761560917,0.2126588672399521,0.0019644040148705244,0.011045198887586594,0.031030627200379968,0.22236850578337908,-0.6346639394760132,-0.6344257593154907
theta3,T4,batch1_0_127,3,5,"(3, 5)",0,16,exact_replay_715_45760_tokens,T4_batch_128,5.580550193786621,6.5093674659729,0.00020722976478282362,0.0002071857452392578,4.401954356580973e-08,0.00021246415150316455,1,0,0.02918783761560917,0.2126588672399521,0.03092925064265728,0.22242499887943268,0.0019606847781687975,0.010936561040580273,0.032991311978548765,0.23330506682395935,-0.6132313013076782,-0.613024115562439
theta3,T4,batch1_0_127,3,5,"(3, 5)",0,17,exact_replay_715_45760_tokens,T4_batch_128,5.461395263671875,6.474188327789307,0.0001642322022235021,0.00016415119171142578,8.101051207631826e-08,0.0004935115684005084,1,0,0.03092925064265728,0.22242499887943268,0.032660841941833496,0.23196057975292206,0.00195706426165998,0.010747848078608513,0.034948376240208745,0.24405291490256786,-0.5870518684387207,-0.5868877172470093
theta3,T4,batch1_0_127,3,5,"(3, 5)",0,18,exact_replay_715_45760_tokens,T4_batch_128,5.345397472381592,6.43781042098999,0.00012353871716186404,0.00012350082397460938,3.789318725466728e-08,0.0003068253800675676,1,0,0.032660841941833496,0.23196057975292206,0.034378934651613235,0.24132727086544037,0.0019503493094816804,0.010619601234793663,0.036898725549690425,0.2546725161373615,-0.5644886493682861,-0.5643651485443115
theta3,T4,batch1_0_127,3,5,"(3, 5)",0,19,exact_replay_715_45760_tokens,T4_batch_128,5.231507778167725,6.404238700866699,9.557717567076907e-05,9.554624557495117e-05,3.0930095817893744e-08,0.0003237185891687461,1,0,0.034378934651613235,0.24132727086544037,0.036086469888687134,0.2505839169025421,0.0019436145666986704,0.010527119040489197,0.038842340116389096,0.2651996351778507,-0.5455925464630127,-0.5454970002174377
theta3,T4,batch1_0_127,3,5,"(3, 5)",0,20,exact_replay_715_45760_tokens,T4_batch_128,5.1201372146606445,6.384504318237305,6.321353430394083e-05,6.330013275146484e-05,8.659844752401114e-08,0.0013680610728578155,1,0,0.036086469888687134,0.2505839169025421,0.03777994215488434,0.2596518397331238,0.0019343753810971975,0.01035835687071085,0.04077671549748629,0.2755579920485616,-0.527450680732727,-0.5273873805999756
theta3,T4,batch1_0_127,3,5,"(3, 5)",0,21,exact_replay_715_45760_tokens,T4_batch_128,5.012822151184082,6.357096195220947,2.943975050584413e-05,2.944469451904297e-05,4.944013198837638e-09,0.00016790845616143724,1,0,0.03777994215488434,0.2596518397331238,0.03945768252015114,0.26848429441452026,0.0019248694879934192,0.010156197473406792,0.04270158498547971,0.28571418952196836,-0.5068235397338867,-0.5067940950393677
theta3,T4,batch1_0_127,3,5,"(3, 5)",0,22,exact_replay_715_45760_tokens,T4_batch_128,4.908402442932129,6.333188533782959,1.4016591194376815e-06,1.4007091522216797e-06,9.499672160018235e-10,0.0006782044755651596,1,0,0.03945768252015114,0.26848429441452026,0.04112064838409424,0.2771305441856384,0.0019133263267576694,0.009977001696825027,0.04461491131223738,0.2956911912187934,-0.48880624771118164,-0.4888048470020294
theta3,T4,batch1_0_127,3,5,"(3, 5)",0,23,exact_replay_715_45760_tokens,T4_batch_128,4.8067731857299805,6.313864231109619,-2.354005482629873e-05,-2.3543834686279297e-05,3.77985998056829e-09,0.0001605456388449367,0,1,0.04112064838409424,0.2771305441856384,0.0427643246948719,0.2855633497238159,0.0018988470546901226,0.009782535023987293,0.046513758366927505,0.3054737262427807,-0.4733782708644867,-0.473401814699173
theta3,T4,batch1_0_127,3,5,"(3, 5)",0,24,exact_replay_715_45760_tokens,T4_batch_128,4.713356018066406,6.292909622192383,-3.939909584005363e-05,-3.9458274841308594e-05,5.9179001254960895e-08,0.001499786837943731,0,1,0.0427643246948719,0.2855633497238159,0.04438968002796173,0.2938203513622284,0.0018819388933479786,0.009615426883101463,0.04839569726027548,0.31508915312588215,-0.4627387523651123,-0.4627782106399536
theta3,T4,batch1_0_127,3,5,"(3, 5)",0,25,exact_replay_715_45760_tokens,T4_batch_128,4.6194610595703125,6.276601791381836,-5.416066778707318e-05,-5.418062210083008e-05,1.9954313756898046e-08,0.0003682924444788229,0,1,0.04438968002796173,0.2938203513622284,0.04599348455667496,0.301885187625885,0.0018630773993209004,0.009436072781682014,0.050258774659596384,0.32452522590756416,-0.4534122943878174,-0.4534664750099182
theta3,T4,batch1_0_127,3,5,"(3, 5)",0,26,exact_replay_715_45760_tokens,T4_batch_128,4.526897430419922,6.261316299438477,-7.253124931594357e-05,-7.253885269165039e-05,7.60337570682168e-09,0.00010481797581142153,0,1,0.04599348455667496,0.301885187625885,0.047573644667863846,0.3097463548183441,0.001844933838583529,0.00924401544034481,0.05210370849817991,0.333769241347909,-0.44461947679519653,-0.4446920156478882
theta3,T4,batch1_0_127,3,5,"(3, 5)",0,27,exact_replay_715_45760_tokens,T4_batch_128,4.441511154174805,6.2526726722717285,-8.300616900669411e-05,-8.299946784973145e-05,6.701156962662935e-09,8.073734851885098e-05,0,1,0.047573644667863846,0.3097463548183441,0.049131277948617935,0.3174327611923218,0.0018235307652503252,0.009071788750588894,0.05392723926343024,0.34284103009849787,-0.43629005551338196,-0.4363730549812317
theta3,T4,batch1_0_127,3,5,"(3, 5)",0,28,exact_replay_715_45760_tokens,T4_batch_128,4.358048915863037,6.240549564361572,-9.44798593991436e-05,-9.447336196899414e-05,6.497430149465799e-09,6.877526123817034e-05,0,1,0.049131277948617935,0.3174327611923218,0.05066400766372681,0.32493114471435547,0.001799957943148911,0.008888740092515945,0.05572719720657915,0.3517297701910138,-0.4305154085159302,-0.43060988187789917
theta3,T4,batch1_0_127,3,5,"(3, 5)",0,29,exact_replay_715_45760_tokens,T4_batch_128,4.281021595001221,6.227794170379639,-0.00010158350050915033,-0.00010156631469726562,1.7185811884701252e-08,0.00016920779232687793,0,1,0.05066400766372681,0.32493114471435547,0.052171409130096436,0.33225131034851074,0.001774706644937396,0.008700115606188774,0.057501903851516545,0.3604298857972026,-0.42654949426651,-0.4266510605812073
theta3,T4,batch1_0_127,3,5,"(3, 5)",0,30,exact_replay_715_45760_tokens,T4_batch_128,4.207596778869629,6.224373817443848,-0.00010855920845642686,-0.00010856986045837402,1.0652001947164536e-08,9.811196129563547e-05,0,1,0.052171409130096436,0.33225131034851074,0.05365326255559921,0.33939626812934875,0.0017480904934927821,0.008510730229318142,0.05924999434500933,0.36894061602652073,-0.4217629134654999,-0.42187148332595825
theta3,T4,batch1_0_127,3,5,"(3, 5)",0,31,exact_replay_715_45760_tokens,T4_batch_128,4.136460781097412,6.221970081329346,-0.00011475900828372687,-0.00011479854583740234,3.9537553675472736e-08,0.00034440814025181725,0,1,0.05365326255559921,0.33939626812934875,0.05510818213224411,0.3463590145111084,0.0017197352135553956,0.008306135423481464,0.06096972955856472,0.3772467514500022,-0.4192383885383606,-0.419353187084198
theta3,T4,batch1_0_127,3,5,"(3, 5)",0,32,exact_replay_715_45760_tokens,T4_batch_128,4.068724632263184,6.222282409667969,-0.00012046141637256369,-0.00012046098709106445,4.2928149923682213e-10,3.563655832508659e-06,0,1,0.05510818213224411,0.3463590145111084,0.05653522163629532,0.35312792658805847,0.0016904259100556374,0.008089755661785603,0.06266015546862036,0.3853365071117878,-0.4187920093536377,-0.41891247034072876
theta3,T4,batch1_0_127,3,5,"(3, 5)",0,33,exact_replay_715_45760_tokens,T4_batch_128,4.004092216491699,6.224612236022949,-0.00012909962970297784,-0.0001291036605834961,4.030880518257618e-09,3.122204668744229e-05,0,1,0.05653522163629532,0.35312792658805847,0.05793411284685135,0.35971498489379883,0.0016601677052676678,0.007883815094828606,0.06432032317388803,0.3932203222066164,-0.4187399744987488,-0.4188690781593323
theta3,T4,batch1_0_127,3,5,"(3, 5)",0,34,exact_replay_715_45760_tokens,T4_batch_128,3.9435410499572754,6.225020408630371,-0.00013517278421204537,-0.00013521313667297363,4.035246092826128e-08,0.00029843595024245097,0,1,0.05793411284685135,0.35971498489379883,0.059304822236299515,0.36613941192626953,0.0016299521084874868,0.007690436206758022,0.06595027528237551,0.4009107584133744,-0.41876429319381714,-0.4188995063304901
theta3,T4,batch1_0_127,3,5,"(3, 5)",0,35,exact_replay_715_45760_tokens,T4_batch_128,3.884748935699463,6.226325988769531,-0.0001457168546039611,-0.00014570355415344238,1.3300450518727303e-08,9.128432450398854e-05,0,1,0.059304822236299515,0.36613941192626953,0.06064639613032341,0.37237170338630676,0.0015982999466359615,0.007480488158762455,0.06754857522901148,0.4083912465721369,-0.42072951793670654,-0.42087522149086
theta3,T4,batch1_0_127,3,5,"(3, 5)",0,36,exact_replay_715_45760_tokens,T4_batch_128,3.828911781311035,6.2260661125183105,-0.0001536933850729838,-0.00015372037887573242,2.699380274862051e-08,0.00017560328009887552,0,1,0.06064639613032341,0.37237170338630676,0.06195836141705513,0.3784264028072357,0.0015653163427487016,0.0072765229269862175,0.06911389157176018,0.4156677694991231,-0.4241197407245636,-0.42427346110343933
theta3,T4,batch1_0_127,3,5,"(3, 5)",0,37,exact_replay_715_45760_tokens,T4_batch_128,3.776024341583252,6.225633144378662,-0.0001582391414558515,-0.0001582801342010498,4.099274519830942e-08,0.0002589885673601958,0,1,0.06195836141705513,0.3784264028072357,0.06324125081300735,0.3843019902706146,0.0015329238958656788,0.007072010077536106,0.07064681546762586,0.4227397795766592,-0.4280566871166229,-0.428214967250824
theta3,T4,batch1_0_127,3,5,"(3, 5)",0,38,exact_replay_715_45760_tokens,T4_batch_128,3.7261903285980225,6.220393657684326,-0.0001625615986995399,-0.00016254186630249023,1.973239704966545e-08,0.00012139885863586359,0,1,0.06324125081300735,0.3843019902706146,0.06449557095766068,0.3900178074836731,0.0015005135210230947,0.00688520772382617,0.07214732898864895,0.4296249873004854,-0.4318807125091553,-0.43204325437545776
theta3,T4,batch1_0_127,3,5,"(3, 5)",0,39,exact_replay_715_45760_tokens,T4_batch_128,3.679507255554199,6.219717502593994,-0.00016891259292606264,-0.00016897916793823242,6.657501216977835e-08,0.00039398354828042327,0,1,0.06449557095766068,0.3900178074836731,0.06572122126817703,0.3955886662006378,0.0014671896351501346,0.006708880886435509,0.07361451862379909,0.4363338681869209,-0.43634212017059326,-0.4365110993385315
theta3,T4,batch1_0_127,3,6,"(3, 6)",0,0,exact_replay_715_45760_tokens,T4_batch_128,8.459878921508789,8.241799354553223,0.002836786676198244,0.0028357505798339844,1.0360963642597198e-06,0.00036536935639818396,1,0,0.0,0.0,0.002023831708356738,0.01611456274986267,0.002023831708356738,0.01611456274986267,0.002023831708356738,0.01611456274986267,-2.702289581298828,-2.699453830718994
theta3,T4,batch1_0_127,3,6,"(3, 6)",0,1,exact_replay_715_45760_tokens,T4_batch_128,8.20009994506836,8.051878929138184,0.0024762917309999466,0.002475738525390625,5.532056093215942e-07,0.00022345074152542373,1,0,0.002023831708356738,0.01611456274986267,0.004009046126157045,0.031815603375434875,0.001989695243537426,0.015722868964076042,0.004013526951894164,0.03183743171393871,-2.5365710258483887,-2.534095287322998
theta3,T4,batch1_0_127,3,6,"(3, 6)",0,2,exact_replay_715_45760_tokens,T4_batch_128,7.9532084465026855,7.868985652923584,0.0021555195562541485,0.0021550655364990234,4.540197551250458e-07,0.00021067561400597411,1,0,0.004009046126157045,0.031815603375434875,0.005956854205578566,0.04702247679233551,0.001959976041689515,0.015262545086443424,0.005973502993583679,0.04709997680038214,-2.3688206672668457,-2.3666656017303467
theta3,T4,batch1_0_127,3,6,"(3, 6)",0,3,exact_replay_715_45760_tokens,T4_batch_128,7.713654518127441,7.699997425079346,0.001844424637965858,0.0018436908721923828,7.337657734751701e-07,0.00039798741998577525,1,0,0.005956854205578566,0.04702247679233551,0.0078623928129673,0.06163483485579491,0.0019308712799102068,0.014736476354300976,0.007904374273493886,0.06183645315468311,-2.205110788345337,-2.2032670974731445
theta3,T4,batch1_0_127,3,6,"(3, 6)",0,4,exact_replay_715_45760_tokens,T4_batch_128,7.499128341674805,7.542307376861572,0.001588325947523117,0.0015881061553955078,2.1979212760925293e-07,0.00013839888905569733,1,0,0.0078623928129673,0.06163483485579491,0.00973246805369854,0.07558737695217133,0.0019099331693723798,0.014134185388684273,0.009814307442866266,0.07597063854336739,-2.0482370853424072,-2.0466489791870117
theta3,T4,batch1_0_127,3,6,"(3, 6)",0,5,exact_replay_715_45760_tokens,T4_batch_128,7.298457622528076,7.419836521148682,0.0013721545692533255,0.0013719797134399414,1.748558133840561e-07,0.000127447812581458,1,0,0.00973246805369854,0.07558737695217133,0.01157335564494133,0.08890672773122787,0.0018970820819959044,0.013570151291787624,0.01171138952486217,0.08954078983515501,-1.911722183227539,-1.9103502035140991
theta3,T4,batch1_0_127,3,6,"(3, 6)",0,6,exact_replay_715_45760_tokens,T4_batch_128,7.11370849609375,7.300976753234863,0.0011932927882298827,0.0011930465698242188,2.4621840566396713e-07,0.00020637786645683452,1,0,0.01157335564494133,0.08890672773122787,0.01339157484471798,0.10166339576244354,0.0018915237160399556,0.013092780485749245,0.013602913240902126,0.10263357032090425,-1.7942688465118408,-1.7930757999420166
theta3,T4,batch1_0_127,3,6,"(3, 6)",0,7,exact_replay_715_45760_tokens,T4_batch_128,6.939360618591309,7.2064337730407715,0.0010246855672448874,0.0010246038436889648,8.172355592250824e-08,7.976112565445026e-05,1,0,0.01339157484471798,0.10166339576244354,0.015190440230071545,0.11380376666784286,0.0018905206816270947,0.01259086187928915,0.01549343392252922,0.1152244322001934,-1.680059552192688,-1.679034948348999
theta3,T4,batch1_0_127,3,6,"(3, 6)",0,8,exact_replay_715_45760_tokens,T4_batch_128,6.790363311767578,7.124776840209961,0.0008786580292508006,0.0008786916732788086,3.364402800798416e-08,3.8288775267941936e-05,1,0,0.015190440230071545,0.11380376666784286,0.016976159065961838,0.1253996342420578,0.0018979739397764206,0.012165007181465626,0.01739140786230564,0.12738943938165903,-1.580019474029541,-1.5791407823562622
theta3,T4,batch1_0_127,3,6,"(3, 6)",0,9,exact_replay_715_45760_tokens,T4_batch_128,6.646930694580078,7.050966262817383,0.0007550938171334565,0.0007550716400146484,2.2177118808031082e-08,2.9370880367856016e-05,1,0,0.016976159065961838,0.1253996342420578,0.01875736005604267,0.13655711710453033,0.0019103566883131862,0.01183768454939127,0.019301764550618827,0.1392271239310503,-1.4814813137054443,-1.4807262420654297
theta3,T4,batch1_0_127,3,6,"(3, 6)",0,10,exact_replay_715_45760_tokens,T4_batch_128,6.508068084716797,6.995446681976318,0.000647127628326416,0.0006471872329711914,5.960464477539063e-08,9.209799226376865e-05,1,0,0.01875736005604267,0.13655711710453033,0.020537666976451874,0.14728622138500214,0.001926205470226705,0.011528958566486835,0.021227970020845532,0.15075608249753714,-1.3970917463302612,-1.39644455909729
theta3,T4,batch1_0_127,3,6,"(3, 6)",0,11,exact_replay_715_45760_tokens,T4_batch_128,6.3714375495910645,6.946719169616699,0.0005577756091952324,0.0005577802658081055,4.6566128730773926e-09,8.34847189570421e-06,1,0,0.020537666976451874,0.14728622138500214,0.02231725864112377,0.1577760875225067,0.0019395749550312757,0.011376693844795227,0.023167544975876808,0.16213277634233236,-1.3174861669540405,-1.3169283866882324
theta3,T4,batch1_0_127,3,6,"(3, 6)",0,12,exact_replay_715_45760_tokens,T4_batch_128,6.242889404296875,6.9094390869140625,0.00047682097647339106,0.00047659873962402344,2.2223684936761856e-07,0.00046629760192596297,1,0,0.02231725864112377,0.1577760875225067,0.02410317026078701,0.1679806411266327,0.0019581809174269438,0.01118476502597332,0.025125725893303752,0.17331754136830568,-1.2446801662445068,-1.2442035675048828
theta3,T4,batch1_0_127,3,6,"(3, 6)",0,13,exact_replay_715_45760_tokens,T4_batch_128,6.113231182098389,6.8841872215271,0.0004044960078317672,0.0004044771194458008,1.8888385966420174e-08,4.669828046713823e-05,1,0,0.02410317026078701,0.1679806411266327,0.025895504280924797,0.17794787883758545,0.001975856488570571,0.011030997149646282,0.027101582381874323,0.18434853851795197,-1.181387186050415,-1.1809827089309692
theta3,T4,batch1_0_127,3,6,"(3, 6)",0,14,exact_replay_715_45760_tokens,T4_batch_128,5.98787784576416,6.862076282501221,0.00034362904261797667,0.00034356117248535156,6.7870132625103e-08,0.00019754890267175573,1,0,0.025895504280924797,0.17794787883758545,0.027696965262293816,0.18770058453083038,0.0019941157661378384,0.01086700614541769,0.02909569814801216,0.19521554466336966,-1.1253185272216797,-1.1249749660491943
theta3,T4,batch1_0_127,3,6,"(3, 6)",0,15,exact_replay_715_45760_tokens,T4_batch_128,5.869372367858887,6.843902111053467,0.00028474756982177496,0.0002846717834472656,7.578637450933456e-08,0.0002662236966080402,1,0,0.027696965262293816,0.18770058453083038,0.02950683981180191,0.19722779095172882,0.0020113245118409395,0.010685738176107407,0.0311070226598531,0.20590128283947706,-1.0702415704727173,-1.06995689868927
theta3,T4,batch1_0_127,3,6,"(3, 6)",0,16,exact_replay_715_45760_tokens,T4_batch_128,5.751901626586914,6.825094699859619,0.0002188963844673708,0.00021886825561523438,2.8128852136433125e-08,0.00012851956103622004,1,0,0.02950683981180191,0.19722779095172882,0.031323354691267014,0.2065005749464035,0.002027149312198162,0.010458536446094513,0.03313417197205126,0.21635981928557158,-1.0144895315170288,-1.0142706632614136
theta3,T4,batch1_0_127,3,6,"(3, 6)",0,17,exact_replay_715_45760_tokens,T4_batch_128,5.64296817779541,6.815957546234131,0.00016706704627722502,0.00016689300537109375,1.7404090613126755e-07,0.0010428292410714286,1,0,0.031323354691267014,0.2065005749464035,0.03314586356282234,0.21550051867961884,0.0020398497581481934,0.010216460563242435,0.035174021730199456,0.226576279848814,-0.9674316644668579,-0.9672647714614868
theta3,T4,batch1_0_127,3,6,"(3, 6)",0,18,exact_replay_715_45760_tokens,T4_batch_128,5.538560390472412,6.808658123016357,0.00012030959624098614,0.00012028217315673828,2.7423084247857332e-08,0.00022798959752849356,1,0,0.03314586356282234,0.21550051867961884,0.0349767804145813,0.22423022985458374,0.0020539260003715754,0.00998449046164751,0.03722794773057103,0.23656077031046152,-0.9239599704742432,-0.9238396883010864
theta3,T4,batch1_0_127,3,6,"(3, 6)",0,19,exact_replay_715_45760_tokens,T4_batch_128,5.43772029876709,6.806919574737549,7.845064101275057e-05,7.832050323486328e-05,1.3013777788728476e-07,0.001661605486586758,1,0,0.0349767804145813,0.22423022985458374,0.03681575879454613,0.23273730278015137,0.002065342850983143,0.009778356179594994,0.039293290581554174,0.24633912649005651,-0.8863840103149414,-0.8863056898117065
theta3,T4,batch1_0_127,3,6,"(3, 6)",0,20,exact_replay_715_45760_tokens,T4_batch_128,5.34699010848999,6.804551601409912,4.142249599681236e-05,4.1365623474121094e-05,5.687252269126475e-08,0.001374874060023415,1,0,0.03681575879454613,0.23273730278015137,0.038661472499370575,0.24109433591365814,0.0020736490841954947,0.009647233411669731,0.04136693966574967,0.25598635990172625,-0.8530439138412476,-0.8530025482177734
theta3,T4,batch1_0_127,3,6,"(3, 6)",0,21,exact_replay_715_45760_tokens,T4_batch_128,5.254227638244629,6.809134006500244,7.225642548291944e-06,7.152557373046875e-06,7.308517524506897e-08,0.010218048095703125,1,0,0.038661472499370575,0.24109433591365814,0.040512796491384506,0.24932576715946198,0.0020806146785616875,0.009533953852951527,0.04344755434431136,0.2655203137546778,-0.8180229663848877,-0.8180158138275146
theta3,T4,batch1_0_127,3,6,"(3, 6)",0,22,exact_replay_715_45760_tokens,T4_batch_128,5.162549018859863,6.815235137939453,-2.4513014068361372e-05,-2.4497509002685547e-05,1.550506567582488e-08,0.0006329241750304137,0,1,0.040512796491384506,0.24932576715946198,0.04236754775047302,0.25743311643600464,0.0020848680287599564,0.009417862631380558,0.04553242237307131,0.27493817638605833,-0.7913699150085449,-0.7913944125175476
theta3,T4,batch1_0_127,3,6,"(3, 6)",0,23,exact_replay_715_45760_tokens,T4_batch_128,5.073629856109619,6.825435638427734,-4.990110392100178e-05,-4.988908767700195e-05,1.2016243999823928e-08,0.00024085916498655914,0,1,0.04236754775047302,0.25743311643600464,0.0442245788872242,0.26544418931007385,0.002087987493723631,0.00931516382843256,0.047620409866794944,0.2842533402144909,-0.766737699508667,-0.766787588596344
theta3,T4,batch1_0_127,3,6,"(3, 6)",0,24,exact_replay_715_45760_tokens,T4_batch_128,4.9879069328308105,6.836916446685791,-7.709694182267413e-05,-7.718801498413086e-05,9.107316145673394e-08,0.0011798873371138996,0,1,0.0442245788872242,0.26544418931007385,0.0460820198059082,0.2733674943447113,0.002088225679472089,0.00922443438321352,0.04970863554626703,0.2934777745977044,-0.7450948357582092,-0.7451720237731934
theta3,T4,batch1_0_127,3,6,"(3, 6)",0,25,exact_replay_715_45760_tokens,T4_batch_128,4.902745723724365,6.841577053070068,-0.0001055818356689997,-0.00010561943054199219,3.759487299248576e-08,0.0003559465602073928,0,1,0.0460820198059082,0.2733674943447113,0.047937363386154175,0.2812000811100006,0.0020859003998339176,0.009126592427492142,0.05179453594610095,0.30260436702519655,-0.7301220893859863,-0.7302277088165283
theta3,T4,batch1_0_127,3,6,"(3, 6)",0,26,exact_replay_715_45760_tokens,T4_batch_128,4.817630767822266,6.858937740325928,-0.00012365198927000165,-0.00012362003326416016,3.1956005841493607e-08,0.0002585018382352941,0,1,0.047937363386154175,0.2812000811100006,0.049786653369665146,0.28896987438201904,0.0020777015015482903,0.009029009379446507,0.05387223744764924,0.31163337640464306,-0.7072863578796387,-0.7074099779129028
theta3,T4,batch1_0_127,3,6,"(3, 6)",0,27,exact_replay_715_45760_tokens,T4_batch_128,4.7362189292907715,6.878988742828369,-0.00014179643767420202,-0.0001417398452758789,5.6592398323118687e-08,0.0003992695082527334,0,1,0.049786653369665146,0.28896987438201904,0.051627762615680695,0.2966372072696686,0.002068877685815096,0.008911823853850365,0.055941115133464336,0.3205452002584934,-0.6868664026260376,-0.6870081424713135
theta3,T4,batch1_0_127,3,6,"(3, 6)",0,28,exact_replay_715_45760_tokens,T4_batch_128,4.657968997955322,6.899473667144775,-0.0001497565972385928,-0.00014966726303100586,8.93342075869441e-08,0.0005968854228892872,0,1,0.051627762615680695,0.2966372072696686,0.05345601961016655,0.30420413613319397,0.0020537085365504026,0.008798498660326004,0.05799482367001474,0.3293436989188194,-0.6708492636680603,-0.6709989309310913
theta3,T4,batch1_0_127,3,6,"(3, 6)",0,29,exact_replay_715_45760_tokens,T4_batch_128,4.584834575653076,6.917663097381592,-0.00016111407603602856,-0.00016111135482788086,2.7212081477046013e-09,1.6890231918238993e-05,0,1,0.05345601961016655,0.30420413613319397,0.055273428559303284,0.31169912219047546,0.0020406916737556458,0.008698287419974804,0.060035515343770385,0.33804198633879423,-0.6543447375297546,-0.6545058488845825
theta3,T4,batch1_0_127,3,6,"(3, 6)",0,30,exact_replay_715_45760_tokens,T4_batch_128,4.509429454803467,6.935412883758545,-0.00017305022629443556,-0.00017309188842773438,4.16621332988143e-08,0.00024069373601067493,0,1,0.055273428559303284,0.31169912219047546,0.057077303528785706,0.31907570362091064,0.002025850582867861,0.008561407215893269,0.062061365926638246,0.3466033935546875,-0.6341954469680786,-0.6343685388565063
theta3,T4,batch1_0_127,3,6,"(3, 6)",0,31,exact_replay_715_45760_tokens,T4_batch_128,4.436065673828125,6.960169792175293,-0.00017908241716213524,-0.00017917156219482422,8.914503268897533e-08,0.0004975400760978044,0,1,0.057077303528785706,0.31907570362091064,0.05886700749397278,0.3263447880744934,0.0020092593040317297,0.008437254466116428,0.06407062523066998,0.35504064802080393,-0.6191810369491577,-0.6193602085113525
theta3,T4,batch1_0_127,3,6,"(3, 6)",0,32,exact_replay_715_45760_tokens,T4_batch_128,4.363631725311279,6.983112335205078,-0.00018825428560376167,-0.00018829107284545898,3.67872416973114e-08,0.00019537432731877175,0,1,0.05886700749397278,0.3263447880744934,0.06063844636082649,0.3334631621837616,0.00198917998932302,0.008276197127997875,0.066059805219993,0.3633168451488018,-0.5980433225631714,-0.5982316136360168
theta3,T4,batch1_0_127,3,6,"(3, 6)",0,33,exact_replay_715_45760_tokens,T4_batch_128,4.297143936157227,7.004039287567139,-0.0001977937063202262,-0.00019788742065429688,9.371433407068253e-08,0.0004735739834337349,0,1,0.06063844636082649,0.3334631621837616,0.0623919814825058,0.3404792845249176,0.0019698836840689182,0.008148436434566975,0.06802968890406191,0.3714652815833688,-0.581330418586731,-0.5815283060073853
theta3,T4,batch1_0_127,3,6,"(3, 6)",0,34,exact_replay_715_45760_tokens,T4_batch_128,4.231764793395996,7.03160285949707,-0.00020285119535401464,-0.0002028346061706543,1.658918336033821e-08,8.17867506611813e-05,0,1,0.0623919814825058,0.3404792845249176,0.06412454694509506,0.34736350178718567,0.0019471962004899979,0.008004972711205482,0.06997688510455191,0.37947025429457426,-0.5679967403411865,-0.5681995749473572
theta3,T4,batch1_0_127,3,6,"(3, 6)",0,35,exact_replay_715_45760_tokens,T4_batch_128,4.167459487915039,7.057867050170898,-0.00020596162357833236,-0.0002059340476989746,2.7575879357755184e-08,0.00013390636306078149,0,1,0.06412454694509506,0.34736350178718567,0.06583555042743683,0.35415613651275635,0.0019226749427616596,0.007889182306826115,0.07189956004731357,0.3873594366014004,-0.5524717569351196,-0.5526776909828186
theta3,T4,batch1_0_127,3,6,"(3, 6)",0,36,exact_replay_715_45760_tokens,T4_batch_128,4.105262279510498,7.083317756652832,-0.00021151761757209897,-0.00021153688430786133,1.9266735762357712e-08,9.107979360383206e-05,0,1,0.06583555042743683,0.35415613651275635,0.06752249598503113,0.3608112633228302,0.0018965216586366296,0.007739388849586248,0.0737960817059502,0.3950988254509866,-0.5383153557777405,-0.5385268926620483
theta3,T4,batch1_0_127,3,6,"(3, 6)",0,37,exact_replay_715_45760_tokens,T4_batch_128,4.0489044189453125,7.110159397125244,-0.0002134556561941281,-0.00021344423294067383,1.1423253454267979e-08,5.351867931443731e-05,0,1,0.06752249598503113,0.3608112633228302,0.06918469816446304,0.3673332929611206,0.0018687514821067452,0.0075876181945204735,0.07566483318805695,0.4026864436455071,-0.5284627676010132,-0.5286762118339539
theta3,T4,batch1_0_127,3,6,"(3, 6)",0,38,exact_replay_715_45760_tokens,T4_batch_128,3.990781545639038,7.137800216674805,-0.00021726534760091454,-0.00021725893020629883,6.417394615709782e-09,2.9538001543209876e-05,0,1,0.06918469816446304,0.3673332929611206,0.07081956416368484,0.37372076511383057,0.0018389610340818763,0.007434653118252754,0.07750379422213882,0.41012109676375985,-0.5181766152381897,-0.518393874168396
theta3,T4,batch1_0_127,3,6,"(3, 6)",0,39,exact_replay_715_45760_tokens,T4_batch_128,3.9360218048095703,7.166860103607178,-0.00021819068933837116,-0.00021821260452270508,2.191518433392048e-08,0.0001004304237230265,0,1,0.07081956416368484,0.37372076511383057,0.07242684811353683,0.37997666001319885,0.0018089954974129796,0.007285493426024914,0.0793127897195518,0.41740659018978477,-0.5091617703437805,-0.5093799829483032
theta3,T4,batch1_0_127,3,7,"(3, 7)",1,0,exact_replay_715_45760_tokens,T4_batch_128,8.517623901367188,8.241799354553223,0.0021417110692709684,0.002141237258911133,4.738103598356247e-07,0.00022127877602716846,1,0,0.0,0.0,0.002125559840351343,0.017534278333187103,0.002125559840351343,0.017534278333187103,0.002125559840351343,0.017534278333187103,-2.0728137493133545,-2.0706725120544434
theta3,T4,batch1_0_127,3,7,"(3, 7)",1,1,exact_replay_715_45760_tokens,T4_batch_128,8.199182510375977,8.025197982788086,0.0019014182034879923,0.0019012689590454102,1.4924444258213043e-07,7.84972803937551e-05,1,0,0.002125559840351343,0.017534278333187103,0.004199244547635317,0.03474119305610657,0.0020794786978513002,0.017235295847058296,0.004205038538202643,0.0347695741802454,-1.9632002115249634,-1.961298942565918
theta3,T4,batch1_0_127,3,7,"(3, 7)",1,2,exact_replay_715_45760_tokens,T4_batch_128,7.9055047035217285,7.817813873291016,0.0017109678592532873,0.0017108917236328125,7.613562047481537e-08,4.4500548704013375e-05,1,0,0.004199244547635317,0.03474119305610657,0.006219298578798771,0.05148142948746681,0.0020358948968350887,0.01681778021156788,0.006240933435037732,0.05158735439181328,-1.8790814876556396,-1.8773705959320068
theta3,T4,batch1_0_127,3,7,"(3, 7)",1,3,exact_replay_715_45760_tokens,T4_batch_128,7.606288433074951,7.6236042976379395,0.001509378431364894,0.0015091896057128906,1.8882565200328827e-07,0.00012511724921011058,1,0,0.006219298578798771,0.05148142948746681,0.008179636672139168,0.06748787313699722,0.0019938412588089705,0.016152946278452873,0.008234774693846703,0.06774030067026615,-1.7895786762237549,-1.788069486618042
theta3,T4,batch1_0_127,3,7,"(3, 7)",1,4,exact_replay_715_45760_tokens,T4_batch_128,7.340863227844238,7.465701580047607,0.0013233767822384834,0.0013232231140136719,1.5366822481155396e-07,0.00011613175675675676,1,0,0.008179636672139168,0.06748787313699722,0.01008459459990263,0.08263189345598221,0.001958941575139761,0.015382956713438034,0.010193716268986464,0.08312325738370419,-1.7054569721221924,-1.7041337490081787
theta3,T4,batch1_0_127,3,7,"(3, 7)",1,5,exact_replay_715_45760_tokens,T4_batch_128,7.108145713806152,7.337079048156738,0.0011486734729260206,0.0011485815048217773,9.19681042432785e-08,8.007103009859885e-05,1,0,0.01008459459990263,0.08263189345598221,0.011938213370740414,0.09676870703697205,0.0019313055090606213,0.014513036236166954,0.012125021778047085,0.09763629361987114,-1.6363767385482788,-1.635228157043457
theta3,T4,batch1_0_127,3,7,"(3, 7)",1,6,exact_replay_715_45760_tokens,T4_batch_128,6.898753643035889,7.215182304382324,0.0010074788006022573,0.0010074377059936523,4.109460860490799e-08,4.079121553662289e-05,1,0,0.011938213370740414,0.09676870703697205,0.01375453919172287,0.10989633947610855,0.001915843691676855,0.013637900352478027,0.01404086546972394,0.11127419397234917,-1.5758869647979736,-1.57487952709198
theta3,T4,batch1_0_127,3,7,"(3, 7)",1,7,exact_replay_715_45760_tokens,T4_batch_128,6.711766242980957,7.121014595031738,0.0008745332597754896,0.0008745193481445312,1.391163095831871e-08,1.5907745194929115e-05,1,0,0.01375453919172287,0.10989633947610855,0.015541677363216877,0.12208590656518936,0.0019086466636508703,0.012850504368543625,0.01594951213337481,0.12412469834089279,-1.5324972867965698,-1.5316227674484253
theta3,T4,batch1_0_127,3,7,"(3, 7)",1,8,exact_replay_715_45760_tokens,T4_batch_128,6.545492172241211,7.0337748527526855,0.0007680987473577261,0.0007679462432861328,1.525040715932846e-07,0.00019858691012108041,1,0,0.015541677363216877,0.12208590656518936,0.01731501892209053,0.1335896998643875,0.001912672189064324,0.012300929985940456,0.017862184322439134,0.13642562832683325,-1.5029629468917847,-1.5021950006484985
theta3,T4,batch1_0_127,3,7,"(3, 7)",1,9,exact_replay_715_45760_tokens,T4_batch_128,6.393756866455078,6.95992374420166,0.0006641633226536214,0.0006639957427978516,1.6757985576987267e-07,0.00025238091898563734,1,0,0.01731501892209053,0.1335896998643875,0.019078237935900688,0.1444915384054184,0.0019182143732905388,0.011824973858892918,0.019780398695729673,0.14825060218572617,-1.4797675609588623,-1.4791035652160645
theta3,T4,batch1_0_127,3,7,"(3, 7)",1,10,exact_replay_715_45760_tokens,T4_batch_128,6.252962589263916,6.912055015563965,0.00057041528634727,0.0005702972412109375,1.180451363325119e-07,0.00020698879076086956,1,0,0.019078237935900688,0.1444915384054184,0.02083832398056984,0.15486690402030945,0.0019290426280349493,0.011412909254431725,0.021709441323764622,0.1596635114401579,-1.469236135482788,-1.4686658382415771
theta3,T4,batch1_0_127,3,7,"(3, 7)",1,11,exact_replay_715_45760_tokens,T4_batch_128,6.122776031494141,6.869366645812988,0.0004887442919425666,0.0004885196685791016,2.2462336346507072e-07,0.0004598041346388482,1,0,0.02083832398056984,0.15486690402030945,0.022602295503020287,0.16484589874744415,0.0019431080436334014,0.011098473332822323,0.023652549367398024,0.1707619847729802,-1.46659255027771,-1.4661040306091309
theta3,T4,batch1_0_127,3,7,"(3, 7)",1,12,exact_replay_715_45760_tokens,T4_batch_128,6.003340721130371,6.829911231994629,0.00039649693644605577,0.00039649009704589844,6.83940015733242e-09,1.7249863762778114e-05,1,0,0.022602295503020287,0.16484589874744415,0.024372925981879234,0.1745316982269287,0.001959837507456541,0.010878347791731358,0.025612386874854565,0.18164033256471157,-1.4671392440795898,-1.466742753982544
theta3,T4,batch1_0_127,3,7,"(3, 7)",1,13,exact_replay_715_45760_tokens,T4_batch_128,5.884722709655762,6.799228668212891,0.00030746954143978655,0.00030732154846191406,1.4799297787249088e-07,0.00048155743914856476,1,0,0.024372925981879234,0.1745316982269287,0.026152344420552254,0.18396912515163422,0.0019777577836066484,0.010672910138964653,0.027590144658461213,0.19231324270367622,-1.4817438125610352,-1.4814364910125732
theta3,T4,batch1_0_127,3,7,"(3, 7)",1,14,exact_replay_715_45760_tokens,T4_batch_128,5.7719292640686035,6.770659446716309,0.0002185784833272919,0.00021851062774658203,6.785558070987463e-08,0.0003105367524208947,1,0,0.026152344420552254,0.18396912515163422,0.027941612526774406,0.19320358335971832,0.0019953888840973377,0.010482780635356903,0.02958553354255855,0.20279602333903313,-1.4944162368774414,-1.4941977262496948
theta3,T4,batch1_0_127,3,7,"(3, 7)",1,15,exact_replay_715_45760_tokens,T4_batch_128,5.660155773162842,6.7538323402404785,0.00011453466868260875,0.00011444091796875,9.375071385875344e-08,0.0008192062377929688,1,0,0.027941612526774406,0.19320358335971832,0.029738232493400574,0.2021363228559494,0.0020125156734138727,0.010206657461822033,0.031598049215972424,0.21300268080085516,-1.5121963024139404,-1.5120818614959717
theta3,T4,batch1_0_127,3,7,"(3, 7)",1,16,exact_replay_715_45760_tokens,T4_batch_128,5.55677604675293,6.733890533447266,7.193294095486635e-06,7.033348083496094e-06,1.599460119905416e-07,0.022741091453422933,1,0,0.029738232493400574,0.2021363228559494,0.031545426696538925,0.21078813076019287,0.0020307914819568396,0.00996200181543827,0.03362884069792926,0.22296468261629343,-1.5338729619979858,-1.5338659286499023
theta3,T4,batch1_0_127,3,7,"(3, 7)",1,17,exact_replay_715_45760_tokens,T4_batch_128,5.459580898284912,6.7268242835998535,-0.00010287735494785011,-0.00010311603546142578,2.386805135756731e-07,0.002314678919797688,0,1,0.031545426696538925,0.21078813076019287,0.033362314105033875,0.2192566692829132,0.0020474048797041178,0.009778277948498726,0.03567624557763338,0.23274296056479216,-1.5599440336227417,-1.5600471496582031
theta3,T4,batch1_0_127,3,7,"(3, 7)",1,18,exact_replay_715_45760_tokens,T4_batch_128,5.3662004470825195,6.717631816864014,-0.00021895873942412436,-0.00021898746490478516,2.8725480660796165e-08,0.00013117408648611868,0,1,0.033362314105033875,0.2192566692829132,0.035190973430871964,0.22755515575408936,0.0020654138643294573,0.009624003432691097,0.03774165944196284,0.24236696399748325,-1.5885778665542603,-1.588796854019165
theta3,T4,batch1_0_127,3,7,"(3, 7)",1,19,exact_replay_715_45760_tokens,T4_batch_128,5.279383659362793,6.695322036743164,-0.0003242171078454703,-0.0003243684768676758,1.51369022205472e-07,0.0004666576224274164,0,1,0.035190973430871964,0.22755515575408936,0.037030383944511414,0.23573261499404907,0.0020790337584912777,0.009497223421931267,0.039820693200454116,0.2518641874194145,-1.6179038286209106,-1.6182281970977783
theta3,T4,batch1_0_127,3,7,"(3, 7)",1,20,exact_replay_715_45760_tokens,T4_batch_128,5.187416076660156,6.6838059425354,-0.0004392188275232911,-0.0004392862319946289,6.740447133779526e-08,0.0001534408921302578,0,1,0.037030383944511414,0.23573261499404907,0.03887907415628433,0.24374091625213623,0.0020926978904753923,0.009345746599137783,0.04191339109092951,0.2612099340185523,-1.6469138860702515,-1.647353172302246
theta3,T4,batch1_0_127,3,7,"(3, 7)",1,21,exact_replay_715_45760_tokens,T4_batch_128,5.102548599243164,6.678590297698975,-0.0005466688890010118,-0.0005466938018798828,2.491287887096405e-08,4.5570077409507196e-05,0,1,0.03887907415628433,0.24374091625213623,0.040736496448516846,0.25162461400032043,0.0021030674688518047,0.009234837256371975,0.04401645855978131,0.2704447712749243,-1.6799898147583008,-1.6805365085601807
theta3,T4,batch1_0_127,3,7,"(3, 7)",1,22,exact_replay_715_45760_tokens,T4_batch_128,5.017378807067871,6.673844337463379,-0.0006546235526911914,-0.0006548166275024414,1.930748112499714e-07,0.0002948532507281995,0,1,0.040736496448516846,0.25162461400032043,0.04260079935193062,0.25941699743270874,0.0021117362193763256,0.009127874858677387,0.04612819477915764,0.27957264613360167,-1.7095835208892822,-1.7102383375167847
theta3,T4,batch1_0_127,3,7,"(3, 7)",1,23,exact_replay_715_45760_tokens,T4_batch_128,4.935337543487549,6.670928001403809,-0.0007647416787222028,-0.0007648468017578125,1.0512303560972214e-07,0.00013744325709164588,0,1,0.04260079935193062,0.25941699743270874,0.04447043687105179,0.26717686653137207,0.002119166776537895,0.009073595516383648,0.048247361555695534,0.2886462416499853,-1.7409884929656982,-1.741753339767456
theta3,T4,batch1_0_127,3,7,"(3, 7)",1,24,exact_replay_715_45760_tokens,T4_batch_128,4.854127883911133,6.6638336181640625,-0.0008723256760276854,-0.0008722543716430664,7.130438461899757e-08,8.174723674320077e-05,0,1,0.04447043687105179,0.26717686653137207,0.04634413123130798,0.27487799525260925,0.002124197781085968,0.00900737103074789,0.0503715593367815,0.2976536126807332,-1.7766671180725098,-1.7775393724441528
theta3,T4,batch1_0_127,3,7,"(3, 7)",1,25,exact_replay_715_45760_tokens,T4_batch_128,4.773536682128906,6.65527868270874,-0.0009857157710939646,-0.000985860824584961,1.4505349099636078e-07,0.0001471338422007255,0,1,0.04634413123130798,0.27487799525260925,0.04821917787194252,0.2824673652648926,0.0021274311002343893,0.008893745020031929,0.05249899043701589,0.30654735770076513,-1.8151824474334717,-1.8161683082580566
theta3,T4,batch1_0_127,3,7,"(3, 7)",1,26,exact_replay_715_45760_tokens,T4_batch_128,4.692686080932617,6.653602123260498,-0.00107355578802526,-0.0010738372802734375,2.814922481775284e-07,0.0002621367811944938,0,1,0.04821917787194252,0.2824673652648926,0.05009311065077782,0.28998738527297974,0.0021237849723547697,0.0088011110201478,0.05462277540937066,0.31534846872091293,-1.850106954574585,-1.8511807918548584
theta3,T4,batch1_0_127,3,7,"(3, 7)",1,27,exact_replay_715_45760_tokens,T4_batch_128,4.615224838256836,6.649286270141602,-0.0011690687388181686,-0.0011692047119140625,1.3597309589385986e-07,0.00011629537112561174,0,1,0.05009311065077782,0.28998738527297974,0.05196397751569748,0.29740381240844727,0.0021194990258663893,0.008686794899404049,0.05674227443523705,0.324035263620317,-1.879667043685913,-1.8808362483978271
theta3,T4,batch1_0_127,3,7,"(3, 7)",1,28,exact_replay_715_45760_tokens,T4_batch_128,4.541849613189697,6.646692752838135,-0.0012524620397016406,-0.0012525320053100586,6.996560841798782e-08,5.585933782240411e-05,0,1,0.05196397751569748,0.29740381240844727,0.05382947996258736,0.3047155737876892,0.0021121923346072435,0.008573233149945736,0.058854466769844294,0.3326084967702627,-1.9126336574554443,-1.9138861894607544
theta3,T4,batch1_0_127,3,7,"(3, 7)",1,29,exact_replay_715_45760_tokens,T4_batch_128,4.468778610229492,6.638420581817627,-0.0013049545232206583,-0.0013051033020019531,1.487787812948227e-07,0.00011399770506028499,0,1,0.05382947996258736,0.3047155737876892,0.05568802356719971,0.311918705701828,0.0021007503382861614,0.008453099988400936,0.060955217108130455,0.34106159675866365,-1.9428372383117676,-1.9441423416137695
theta3,T4,batch1_0_127,3,7,"(3, 7)",1,30,exact_replay_715_45760_tokens,T4_batch_128,4.396383285522461,6.6414408683776855,-0.001387016731314361,-0.0013871192932128906,1.0256189852952957e-07,7.393877298899965e-05,0,1,0.05568802356719971,0.311918705701828,0.057536978274583817,0.3189912736415863,0.002089163288474083,0.008317521773278713,0.06304438039660454,0.34937911853194237,-1.9721596240997314,-1.9735467433929443
theta3,T4,batch1_0_127,3,7,"(3, 7)",1,31,exact_replay_715_45760_tokens,T4_batch_128,4.324382305145264,6.642809867858887,-0.0014649946242570877,-0.0014653205871582031,3.259629011154175e-07,0.0002224515945330296,0,1,0.057536978274583817,0.3189912736415863,0.059373416006565094,0.32588979601860046,0.0020735380239784718,0.008145232684910297,0.06511791842058301,0.35752435121685266,-2.0020227432250977,-2.003488063812256
theta3,T4,batch1_0_127,3,7,"(3, 7)",1,32,exact_replay_715_45760_tokens,T4_batch_128,4.257386684417725,6.6505513191223145,-0.0015294470358639956,-0.001529693603515625,2.4656765162944794e-07,0.00016118760715399003,0,1,0.059373416006565094,0.32588979601860046,0.0611957311630249,0.3326530456542969,0.0020561169367283583,0.007999783381819725,0.06717403535731137,0.3655241345986724,-2.029914617538452,-2.0314443111419678
theta3,T4,batch1_0_127,3,7,"(3, 7)",1,33,exact_replay_715_45760_tokens,T4_batch_128,4.192096710205078,6.655598163604736,-0.0015853894874453545,-0.0015857219696044922,3.3248215913772583e-07,0.00020967241768155164,0,1,0.0611957311630249,0.3326530456542969,0.06300121545791626,0.33928948640823364,0.0020345509983599186,0.007852000184357166,0.06920858635567129,0.37337613478302956,-2.053380012512207,-2.0549657344818115
theta3,T4,batch1_0_127,3,7,"(3, 7)",1,34,exact_replay_715_45760_tokens,T4_batch_128,4.130550384521484,6.658323287963867,-0.0016346259508281946,-0.0016350746154785156,4.486646503210068e-07,0.000274400107538641,0,1,0.06300121545791626,0.33928948640823364,0.06478717178106308,0.3457961082458496,0.0020101226400583982,0.007705606520175934,0.07121870899572968,0.3810817413032055,-2.075624942779541,-2.0772600173950195
theta3,T4,batch1_0_127,3,7,"(3, 7)",1,35,exact_replay_715_45760_tokens,T4_batch_128,4.071756362915039,6.663817405700684,-0.001675341511145234,-0.0016753673553466797,2.584420144557953e-08,1.5425990821118544e-05,0,1,0.06478717178106308,0.3457961082458496,0.06655272096395493,0.3521910607814789,0.0019848719239234924,0.007568313740193844,0.07320358091965318,0.38865005504339933,-2.094818353652954,-2.096493721008301
theta3,T4,batch1_0_127,3,7,"(3, 7)",1,36,exact_replay_715_45760_tokens,T4_batch_128,4.014261245727539,6.6648969650268555,-0.001716606435365975,-0.00171661376953125,7.334165275096893e-09,4.2724609375e-06,0,1,0.06655272096395493,0.3521910607814789,0.0682956799864769,0.35847100615501404,0.001957476604729891,0.00742430379614234,0.07516105752438307,0.3960743588395417,-2.122410535812378,-2.124127149581909
theta3,T4,batch1_0_127,3,7,"(3, 7)",1,37,exact_replay_715_45760_tokens,T4_batch_128,3.9591000080108643,6.672489643096924,-0.001748683862388134,-0.001748800277709961,1.1641532182693481e-07,6.65686775732788e-05,0,1,0.0682956799864769,0.35847100615501404,0.07001405209302902,0.36462268233299255,0.0019282089779153466,0.0072759827598929405,0.07708926650229841,0.4033503415994346,-2.148625135421753,-2.150373935699463
theta3,T4,batch1_0_127,3,7,"(3, 7)",1,38,exact_replay_715_45760_tokens,T4_batch_128,3.9060840606689453,6.6793951988220215,-0.0017697146395221353,-0.00177001953125,3.048917278647423e-07,0.00017225331273572198,0,1,0.07001405209302902,0.36462268233299255,0.07170752435922623,0.3706505596637726,0.001898459391668439,0.007130123674869537,0.07898772589396685,0.41048046527430415,-2.169795513153076,-2.171565532684326
theta3,T4,batch1_0_127,3,7,"(3, 7)",1,39,exact_replay_715_45760_tokens,T4_batch_128,3.8553123474121094,6.6859893798828125,-0.0017873276956379414,-0.001787424087524414,9.639188647270203e-08,5.392782112845138e-05,0,1,0.07170752435922623,0.3706505596637726,0.07337459921836853,0.37655600905418396,0.0018666433170437813,0.006983055733144283,0.08085436921101063,0.41746352100744843,-2.194044828414917,-2.1958322525024414
theta3,T4,batch1_0_127,4,5,"(4, 5)",0,0,exact_replay_715_45760_tokens,T4_batch_128,8.809192657470703,8.241799354553223,0.001804803847335279,0.0018044710159301758,3.3283140510320663e-07,0.00018444818573693598,1,0,0.0,0.0,0.001942586270160973,0.01740841194987297,0.001942586270160973,0.01740841194987297,0.001942586270160973,0.01740841194987297,-1.9490468502044678,-1.9472423791885376
theta3,T4,batch1_0_127,4,5,"(4, 5)",0,1,exact_replay_715_45760_tokens,T4_batch_128,8.49266242980957,8.078829765319824,0.0015923107275739312,0.0015920400619506836,2.7066562324762344e-07,0.00017001181673530514,1,0,0.001942586270160973,0.01740841194987297,0.0038570051547139883,0.034552332013845444,0.001920746173709631,0.01717105694115162,0.003863332443870604,0.03457946889102459,-1.8311465978622437,-1.829554557800293
theta3,T4,batch1_0_127,4,5,"(4, 5)",0,2,exact_replay_715_45760_tokens,T4_batch_128,8.201348304748535,7.927324295043945,0.0013977123890072107,0.0013976097106933594,1.026783138513565e-07,7.346708674513818e-05,1,0,0.0038570051547139883,0.034552332013845444,0.0057396432384848595,0.05140666291117668,0.0019009107491001487,0.016921773552894592,0.005764243192970753,0.05150124244391918,-1.71016526222229,-1.7087676525115967
theta3,T4,batch1_0_127,4,5,"(4, 5)",0,3,exact_replay_715_45760_tokens,T4_batch_128,7.907413005828857,7.781336784362793,0.0012132144765928388,0.00121307373046875,1.407461240887642e-07,0.0001160243772110849,1,0,0.0057396432384848595,0.05140666291117668,0.007583838887512684,0.06753669679164886,0.0018828654428943992,0.016270702704787254,0.007647108635865152,0.06777194514870644,-1.5994412899017334,-1.5982282161712646
theta3,T4,batch1_0_127,4,5,"(4, 5)",0,4,exact_replay_715_45760_tokens,T4_batch_128,7.642899513244629,7.663534641265869,0.0010696399258449674,0.0010695457458496094,9.417999535799026e-08,8.805607027418636e-05,1,0,0.007583838887512684,0.06753669679164886,0.009402166120707989,0.08294444531202316,0.0018797762459143996,0.015647808089852333,0.009526884881779552,0.08341975323855877,-1.5128685235977173,-1.5117989778518677
theta3,T4,batch1_0_127,4,5,"(4, 5)",0,5,exact_replay_715_45760_tokens,T4_batch_128,7.405096530914307,7.547222137451172,0.000941356411203742,0.0009412765502929688,7.986091077327728e-08,8.484319592198582e-05,1,0,0.009402166120707989,0.08294444531202316,0.011198802851140499,0.09747988730669022,0.0018843085272237659,0.014887740835547447,0.011411193409003317,0.09830749407410622,-1.4206924438476562,-1.4197511672973633
theta3,T4,batch1_0_127,4,5,"(4, 5)",0,6,exact_replay_715_45760_tokens,T4_batch_128,7.187389373779297,7.451762676239014,0.0008365227258764207,0.000836491584777832,3.114109858870506e-08,3.7228226984466294e-05,1,0,0.011198802851140499,0.09747988730669022,0.012987490743398666,0.1112850159406662,0.0018999044550582767,0.0142965167760849,0.013311097864061594,0.11260401085019112,-1.3421112298965454,-1.3412747383117676
theta3,T4,batch1_0_127,4,5,"(4, 5)",0,7,exact_replay_715_45760_tokens,T4_batch_128,6.982471466064453,7.378962993621826,0.0007499827770516276,0.0007498264312744141,1.5634577721357346e-07,0.00020850929054054055,1,0,0.012987490743398666,0.1112850159406662,0.014777954667806625,0.1244499459862709,0.0019230310572311282,0.013786198571324348,0.015234128921292722,0.12639020942151546,-1.275543451309204,-1.2747936248779297
theta3,T4,batch1_0_127,4,5,"(4, 5)",0,8,exact_replay_715_45760_tokens,T4_batch_128,6.79477071762085,7.316257476806641,0.000680839701090008,0.0006806850433349609,1.546577550470829e-07,0.00022720898095446586,1,0,0.014777954667806625,0.1244499459862709,0.016573216766119003,0.13709305226802826,0.001947993179783225,0.013404158875346184,0.017182122101075947,0.13979436829686165,-1.2235727310180664,-1.2228920459747314
theta3,T4,batch1_0_127,4,5,"(4, 5)",0,9,exact_replay_715_45760_tokens,T4_batch_128,6.613700866699219,7.247851848602295,0.0006289531011134386,0.0006289482116699219,4.889443516731262e-09,7.774000189537529e-06,1,0,0.016573216766119003,0.13709305226802826,0.018381303176283836,0.14941594004631042,0.0019728164188563824,0.013126568868756294,0.01915493851993233,0.15292093716561794,-1.1691877841949463,-1.1685588359832764
theta3,T4,batch1_0_127,4,5,"(4, 5)",0,10,exact_replay_715_45760_tokens,T4_batch_128,6.4388837814331055,7.181328773498535,0.0005712371203117073,0.000571131706237793,1.0541407391428947e-07,0.00018457051633270717,1,0,0.018381303176283836,0.14941594004631042,0.020201392471790314,0.16150198876857758,0.0019969246350228786,0.012937689200043678,0.02115186315495521,0.16585862636566162,-1.1060612201690674,-1.1054900884628296
theta3,T4,batch1_0_127,4,5,"(4, 5)",0,11,exact_replay_715_45760_tokens,T4_batch_128,6.266278266906738,7.12816047668457,0.0005293737631291151,0.0005294084548950195,3.4691765904426575e-08,6.552930083314568e-05,1,0,0.020201392471790314,0.16150198876857758,0.022035494446754456,0.173381969332695,0.0020198801066726446,0.012733208015561104,0.023171743261627853,0.17859183438122272,-1.061666488647461,-1.061137080192566
theta3,T4,batch1_0_127,4,5,"(4, 5)",0,12,exact_replay_715_45760_tokens,T4_batch_128,6.111741065979004,7.078734397888184,0.00047981078387238085,0.00047969818115234375,1.126027200371027e-07,0.00023473659993166005,1,0,0.022035494446754456,0.173381969332695,0.023878352716565132,0.18514204025268555,0.0020407806150615215,0.012668305076658726,0.025212523876689374,0.19126013945788145,-1.0192961692810059,-1.0188164710998535
theta3,T4,batch1_0_127,4,5,"(4, 5)",0,13,exact_replay_715_45760_tokens,T4_batch_128,5.947647571563721,7.02893590927124,0.00043314494541846216,0.0004330873489379883,5.7596480473876e-08,0.0001329904478048445,1,0,0.023878352716565132,0.18514204025268555,0.025726478546857834,0.19667483866214752,0.0020580654963850975,0.012498035095632076,0.027270589373074472,0.20375817455351353,-0.9769487380981445,-0.9765156507492065
theta3,T4,batch1_0_127,4,5,"(4, 5)",0,14,exact_replay_715_45760_tokens,T4_batch_128,5.788265228271484,6.987686634063721,0.0003930378588847816,0.0003930330276489258,4.831235855817795e-09,1.2292187973915681e-05,1,0,0.025726478546857834,0.19667483866214752,0.027577057480812073,0.20806154608726501,0.002071050461381674,0.012400644831359386,0.029341639834456146,0.2161588193848729,-0.9390162229537964,-0.9386231899261475
theta3,T4,batch1_0_127,4,5,"(4, 5)",0,15,exact_replay_715_45760_tokens,T4_batch_128,5.634581565856934,6.951291084289551,0.0003434472600929439,0.0003434419631958008,5.296897143125534e-09,1.542297596320722e-05,1,0,0.027577057480812073,0.20806154608726501,0.02942419797182083,0.2192426323890686,0.0020807550754398108,0.012239255011081696,0.031422394909895957,0.2283980743959546,-0.8904212713241577,-0.8900778293609619
theta3,T4,batch1_0_127,4,5,"(4, 5)",0,16,exact_replay_715_45760_tokens,T4_batch_128,5.47758150100708,6.929882526397705,0.00029150256887078285,0.00029146671295166016,3.585591912269592e-08,0.00012301891615541924,1,0,0.02942419797182083,0.2192426323890686,0.03126361221075058,0.23016801476478577,0.0020859837532043457,0.012028197757899761,0.0335083786631003,0.24042627215385437,-0.8445324301719666,-0.8442409634590149
theta3,T4,batch1_0_127,4,5,"(4, 5)",0,17,exact_replay_715_45760_tokens,T4_batch_128,5.322028160095215,6.90316915512085,0.00025386319612152874,0.0002537369728088379,1.2622331269085407e-07,0.0004974573129551327,1,0,0.03126361221075058,0.23016801476478577,0.033094409853219986,0.24072855710983276,0.0020881632808595896,0.011700860224664211,0.03559654194395989,0.2521271323785186,-0.8017095923423767,-0.8014558553695679
theta3,T4,batch1_0_127,4,5,"(4, 5)",0,18,exact_replay_715_45760_tokens,T4_batch_128,5.183716773986816,6.8790106773376465,0.00020958711684215814,0.00020956993103027344,1.7185811884701252e-08,8.200514167377702e-05,1,0,0.033094409853219986,0.24072855710983276,0.03491555526852608,0.2510618269443512,0.0020839045755565166,0.011524487286806107,0.03768044651951641,0.2636516196653247,-0.7612572908401489,-0.7610477209091187
theta3,T4,batch1_0_127,4,5,"(4, 5)",0,19,exact_replay_715_45760_tokens,T4_batch_128,5.049619674682617,6.870205879211426,0.00017284681962337345,0.00017273426055908203,1.125590642914176e-07,0.000651631378321256,1,0,0.03491555526852608,0.2510618269443512,0.0367230661213398,0.26108235120773315,0.0020776193123310804,0.011240663938224316,0.03975806583184749,0.274892283603549,-0.7202894687652588,-0.7201167345046997
theta3,T4,batch1_0_127,4,5,"(4, 5)",0,20,exact_replay_715_45760_tokens,T4_batch_128,4.923213005065918,6.866312026977539,0.00014107636525295675,0.0001410841941833496,7.828930392861366e-09,5.549119402196874e-05,1,0,0.0367230661213398,0.26108235120773315,0.03851604461669922,0.2707865834236145,0.0020691368263214827,0.010950726456940174,0.04182720265816897,0.2858430100604892,-0.6759230494499207,-0.6757819652557373
theta3,T4,batch1_0_127,4,5,"(4, 5)",0,21,exact_replay_715_45760_tokens,T4_batch_128,4.802768707275391,6.875462532043457,0.00010959102655760944,0.00010955333709716797,3.7689460441470146e-08,0.0003440284106365615,1,0,0.03851604461669922,0.2707865834236145,0.040291059762239456,0.28013259172439575,0.002055114135146141,0.010615373961627483,0.04388231679331511,0.29645838402211666,-0.6377326250076294,-0.6376230716705322
theta3,T4,batch1_0_127,4,5,"(4, 5)",0,22,exact_replay_715_45760_tokens,T4_batch_128,4.686295986175537,6.871361255645752,8.271922706626356e-05,8.26120376586914e-05,1.0718940757215023e-07,0.0012975034947691198,1,0,0.040291059762239456,0.28013259172439575,0.04204777255654335,0.28916049003601074,0.0020395207684487104,0.010318015702068806,0.04592183756176382,0.30677639972418547,-0.5989514589309692,-0.5988688468933105
theta3,T4,batch1_0_127,4,5,"(4, 5)",0,23,exact_replay_715_45760_tokens,T4_batch_128,4.579692840576172,6.875356674194336,5.240075915935449e-05,5.233287811279297e-05,6.788104656152427e-08,0.0012971013444974375,1,0,0.04204777255654335,0.28916049003601074,0.04378311708569527,0.2979223430156708,0.002023820299655199,0.010073404759168625,0.04794565786141902,0.3168498044833541,-0.5644243955612183,-0.5643720626831055
theta3,T4,batch1_0_127,4,5,"(4, 5)",0,24,exact_replay_715_45760_tokens,T4_batch_128,4.47858190536499,6.8855133056640625,3.089773599640466e-05,3.0875205993652344e-05,2.2530002752318978e-08,0.0007297118197997104,1,0,0.04378311708569527,0.2979223430156708,0.04549587890505791,0.30633825063705444,0.0020022864919155836,0.009748969227075577,0.049947944353334606,0.32659877371042967,-0.5338010191917419,-0.5337701439857483
theta3,T4,batch1_0_127,4,5,"(4, 5)",0,25,exact_replay_715_45760_tokens,T4_batch_128,4.380831241607666,6.915761470794678,1.3917575415689498e-05,1.3887882232666016e-05,2.969318302348256e-08,0.002138064142972103,1,0,0.04549587890505791,0.30633825063705444,0.04718250408768654,0.31446611881256104,0.0019732860382646322,0.009474670514464378,0.05192123039159924,0.33607344422489405,-0.5065670609474182,-0.5065531730651855
theta3,T4,batch1_0_127,4,5,"(4, 5)",0,26,exact_replay_715_45760_tokens,T4_batch_128,4.286442756652832,6.945436954498291,1.302344230680319e-06,1.2814998626708984e-06,2.0844368009420577e-08,0.016265602998955304,1,0,0.04718250408768654,0.31446611881256104,0.048837270587682724,0.3223344087600708,0.001935267704539001,0.009183671325445175,0.05385649809613824,0.3452571155503392,-0.4796724021434784,-0.4796711206436157
theta3,T4,batch1_0_127,4,5,"(4, 5)",0,27,exact_replay_715_45760_tokens,T4_batch_128,4.20065975189209,6.972822189331055,-7.96065796748735e-06,-7.957220077514648e-06,3.4378899727016687e-09,0.00043204661165730337,0,1,0.048837270587682724,0.3223344087600708,0.050462640821933746,0.3299972116947174,0.0019003673223778605,0.008956057019531727,0.0557568654185161,0.35421317256987095,-0.4532568156719208,-0.4532647728919983
theta3,T4,batch1_0_127,4,5,"(4, 5)",0,28,exact_replay_715_45760_tokens,T4_batch_128,4.117365837097168,7.004642963409424,-1.789230555004906e-05,-1.7940998077392578e-05,4.869252734351903e-08,0.0027140367070701828,0,1,0.050462640821933746,0.3299972116947174,0.05205128341913223,0.3374280035495758,0.0018563400954008102,0.008702615275979042,0.05761320551391691,0.36291578784585,-0.4313560128211975,-0.4313739538192749
theta3,T4,batch1_0_127,4,5,"(4, 5)",0,29,exact_replay_715_45760_tokens,T4_batch_128,4.043135643005371,7.041801929473877,-2.483214484527707e-05,-2.4825334548950195e-05,6.810296326875687e-09,0.000274328481392557,0,1,0.05205128341913223,0.3374280035495758,0.05360734090209007,0.3446716070175171,0.0018197712488472462,0.008489597588777542,0.059432976762764156,0.37140538543462753,-0.4101402759552002,-0.41016510128974915
theta3,T4,batch1_0_127,4,5,"(4, 5)",0,30,exact_replay_715_45760_tokens,T4_batch_128,3.9719181060791016,7.079961776733398,-2.926669731095899e-05,-2.9265880584716797e-05,8.167262421920896e-10,2.790711319373727e-05,0,1,0.05360734090209007,0.3446716070175171,0.055126141756772995,0.35171887278556824,0.0017758847679942846,0.008255794644355774,0.06120886153075844,0.3796611800789833,-0.39269083738327026,-0.392720103263855
theta3,T4,batch1_0_127,4,5,"(4, 5)",0,31,exact_replay_715_45760_tokens,T4_batch_128,3.905543088912964,7.119505405426025,-3.406083123991266e-05,-3.406405448913574e-05,3.2232492230832577e-09,9.462318186789152e-05,0,1,0.055126141756772995,0.35171887278556824,0.05660855397582054,0.35856762528419495,0.001734006917104125,0.008028115145862103,0.06294286844786257,0.3876892952248454,-0.37702998518943787,-0.377064049243927
theta3,T4,batch1_0_127,4,5,"(4, 5)",0,32,exact_replay_715_45760_tokens,T4_batch_128,3.842071533203125,7.155982971191406,-3.601871139835566e-05,-3.597140312194824e-05,4.7308276407420635e-08,0.0013151634993786247,0,1,0.05660855397582054,0.35856762528419495,0.058051347732543945,0.36519959568977356,0.0016881633782759309,0.007779709063470364,0.0646310318261385,0.3954690042883158,-0.36224687099456787,-0.3622828423976898
theta3,T4,batch1_0_127,4,5,"(4, 5)",0,33,exact_replay_715_45760_tokens,T4_batch_128,3.7811079025268555,7.193025588989258,-3.693210601340979e-05,-3.698468208312988e-05,5.2576069720089436e-08,0.001421563381345689,0,1,0.058051347732543945,0.36519959568977356,0.059453241527080536,0.37156495451927185,0.0016420764150097966,0.007495890837162733,0.06627310824114829,0.4029648951254785,-0.3498428463935852,-0.34987983107566833
theta3,T4,batch1_0_127,4,5,"(4, 5)",0,34,exact_replay_715_45760_tokens,T4_batch_128,3.7250308990478516,7.227831840515137,-4.0415299736196175e-05,-4.044175148010254e-05,2.6451743906363845e-08,0.0006540701858419307,0,1,0.059453241527080536,0.37156495451927185,0.06081518158316612,0.377719521522522,0.0015960767632350326,0.0072543444111943245,0.06786918500438333,0.41021923953667283,-0.33888158202171326,-0.33892202377319336
theta3,T4,batch1_0_127,4,5,"(4, 5)",0,35,exact_replay_715_45760_tokens,T4_batch_128,3.6718480587005615,7.2626166343688965,-4.284343231120147e-05,-4.285573959350586e-05,1.2307282304391265e-08,0.00028717932349617525,0,1,0.06081518158316612,0.377719521522522,0.06213762238621712,0.3836612403392792,0.0015508626820519567,0.007010847330093384,0.06942004768643528,0.4172300868667662,-0.3277907371520996,-0.3278335928916931
theta3,T4,batch1_0_127,4,5,"(4, 5)",0,36,exact_replay_715_45760_tokens,T4_batch_128,3.622586965560913,7.296936511993408,-4.5105603931006044e-05,-4.51207160949707e-05,1.5112163964658976e-08,0.00033492739638375167,0,1,0.06213762238621712,0.3836612403392792,0.06342154741287231,0.38939768075942993,0.0015069571090862155,0.006777302362024784,0.0709270047955215,0.424007389228791,-0.31915873289108276,-0.31920385360717773
theta3,T4,batch1_0_127,4,5,"(4, 5)",0,37,exact_replay_715_45760_tokens,T4_batch_128,3.576968193054199,7.32675838470459,-4.7788824304006994e-05,-4.7832727432250977e-05,4.390312824398279e-08,0.0009178470599688473,0,1,0.06342154741287231,0.38939768075942993,0.06466823816299438,0.3949345052242279,0.0014643797185271978,0.006551152560859919,0.0723913845140487,0.4305585417896509,-0.3120645582675934,-0.31211239099502563
theta3,T4,batch1_0_127,4,5,"(4, 5)",0,38,exact_replay_715_45760_tokens,T4_batch_128,3.5346789360046387,7.362627029418945,-5.024205893278122e-05,-5.02467155456543e-05,4.6566128730773926e-09,9.267497034400949e-05,0,1,0.06466823816299438,0.3949345052242279,0.06587886065244675,0.4002721607685089,0.0014232476241886616,0.006328327115625143,0.07381463213823736,0.43688686890527606,-0.3061676025390625,-0.30621784925460815
theta3,T4,batch1_0_127,4,5,"(4, 5)",0,39,exact_replay_715_45760_tokens,T4_batch_128,3.495417356491089,7.391003131866455,-5.248198431218043e-05,-5.2481889724731445e-05,9.458744898438454e-11,1.8022874077228846e-06,0,1,0.06587886065244675,0.4002721607685089,0.06705483049154282,0.4054205119609833,0.0013835859717801213,0.006117434706538916,0.07519821811001748,0.443004303611815,-0.3006814122200012,-0.30073389410972595
theta3,T4,batch1_0_127,4,6,"(4, 6)",0,0,exact_replay_715_45760_tokens,T4_batch_128,8.626985549926758,8.241799354553223,0.0031868116930127144,0.0031859874725341797,8.242204785346985e-07,0.0002587017323954202,1,0,0.0,0.0,0.00193244859110564,0.016149071976542473,0.00193244859110564,0.016149071976542473,0.00193244859110564,0.016149071976542473,-3.610931634902954,-3.60774564743042
theta3,T4,batch1_0_127,4,6,"(4, 6)",0,1,exact_replay_715_45760_tokens,T4_batch_128,8.362071990966797,8.05545711517334,0.00285594561137259,0.0028553009033203125,6.44708052277565e-07,0.00022579338364228456,1,0,0.00193244859110564,0.016149071976542473,0.003847472369670868,0.03217649087309837,0.00191935570910573,0.016046272590756416,0.00385180430021137,0.03219534456729889,-3.3929696083068848,-3.3901143074035645
theta3,T4,batch1_0_127,4,6,"(4, 6)",0,2,exact_replay_715_45760_tokens,T4_batch_128,8.095537185668945,7.873475074768066,0.0025362425949424505,0.0025358200073242188,4.225876182317734e-07,0.00016664732394697254,1,0,0.003847472369670868,0.03217649087309837,0.0057440707460045815,0.04796373471617699,0.0019094005692750216,0.015843626111745834,0.0057612048694863915,0.048038970679044724,-3.1683201789855957,-3.1657843589782715
theta3,T4,batch1_0_127,4,6,"(4, 6)",0,3,exact_replay_715_45760_tokens,T4_batch_128,7.84288215637207,7.705924034118652,0.002229532692581415,0.0022292137145996094,3.189779818058014e-07,0.0001430899064171123,1,0,0.0057440707460045815,0.04796373471617699,0.007618684321641922,0.06324215978384018,0.0019003673223778605,0.015384397469460964,0.007661572191864252,0.06342336814850569,-2.9527273178100586,-2.950498104095459
theta3,T4,batch1_0_127,4,6,"(4, 6)",0,4,exact_replay_715_45760_tokens,T4_batch_128,7.599621295928955,7.562791347503662,0.0019418802112340927,0.001941680908203125,1.993030309677124e-07,0.00010264458497053045,1,0,0.007618684321641922,0.06324215978384018,0.009464506059885025,0.0776793360710144,0.0018915189430117607,0.014635467901825905,0.009553091134876013,0.07805883605033159,-2.7600183486938477,-2.7580766677856445
theta3,T4,batch1_0_127,4,6,"(4, 6)",0,5,exact_replay_715_45760_tokens,T4_batch_128,7.394899845123291,7.447150230407715,0.0017225656192749739,0.0017223358154296875,2.2980384528636932e-07,0.00013342569040697674,1,0,0.009464506059885025,0.0776793360710144,0.011297374963760376,0.0914444550871849,0.00189662491902709,0.01405775174498558,0.011449716053903103,0.09211658779531717,-2.5941874980926514,-2.5924651622772217
theta3,T4,batch1_0_127,4,6,"(4, 6)",0,6,exact_replay_715_45760_tokens,T4_batch_128,7.196715831756592,7.3466877937316895,0.001523640239611268,0.001523733139038086,9.289942681789398e-08,6.096830503833516e-05,1,0,0.011297374963760376,0.0914444550871849,0.013119985349476337,0.10446999222040176,0.0019053863361477852,0.013437177054584026,0.013355102390050888,0.1055537648499012,-2.441305637359619,-2.439781904220581
theta3,T4,batch1_0_127,4,6,"(4, 6)",0,7,exact_replay_715_45760_tokens,T4_batch_128,7.016716003417969,7.262025356292725,0.00134953239466995,0.0013494491577148438,8.323695510625839e-08,6.168217204063605e-05,1,0,0.013119985349476337,0.10446999222040176,0.014938408508896828,0.11695680022239685,0.0019176941132172942,0.013007876463234425,0.015272796503268182,0.11856164131313562,-2.3019862174987793,-2.3006367683410645
theta3,T4,batch1_0_127,4,6,"(4, 6)",0,8,exact_replay_715_45760_tokens,T4_batch_128,6.841994285583496,7.182092189788818,0.001205136184580624,0.0012049674987792969,1.6868580132722855e-07,0.00013999199272853185,1,0,0.014938408508896828,0.11695680022239685,0.016758516430854797,0.12899339199066162,0.001935357809998095,0.012674516066908836,0.017208154313266277,0.13123615738004446,-2.173919200897217,-2.1727142333984375
theta3,T4,batch1_0_127,4,6,"(4, 6)",0,9,exact_replay_715_45760_tokens,T4_batch_128,6.676505088806152,7.127712726593018,0.0010856897570192814,0.001085519790649414,1.6996636986732483e-07,0.0001565760213046343,1,0,0.016758516430854797,0.12899339199066162,0.018584702163934708,0.14067324995994568,0.001956987427547574,0.012418237514793873,0.01916514174081385,0.14365439489483833,-2.0760669708251953,-2.074981451034546
theta3,T4,batch1_0_127,4,6,"(4, 6)",0,10,exact_replay_715_45760_tokens,T4_batch_128,6.522823333740234,7.076323509216309,0.0009978387970477343,0.0009975433349609375,2.9546208679676056e-07,0.0002961897257409178,1,0,0.018584702163934708,0.14067324995994568,0.02042396552860737,0.1521284133195877,0.0019817380234599113,0.012289131991565228,0.021146879764273763,0.15594352688640356,-1.9874277114868164,-1.9864301681518555
theta3,T4,batch1_0_127,4,6,"(4, 6)",0,11,exact_replay_715_45760_tokens,T4_batch_128,6.364845275878906,7.031184196472168,0.000907381356228143,0.0009071826934814453,1.9866274669766426e-07,0.000218988686760841,1,0,0.02042396552860737,0.1521284133195877,0.0222752895206213,0.16339540481567383,0.0020072879269719124,0.012157494202256203,0.023154167691245675,0.16810102108865976,-1.9034398794174194,-1.902532696723938
theta3,T4,batch1_0_127,4,6,"(4, 6)",0,12,exact_replay_715_45760_tokens,T4_batch_128,6.208516597747803,6.991209030151367,0.0008279197500087321,0.0008276700973510742,2.496526576578617e-07,0.0003016330521748524,1,0,0.0222752895206213,0.16339540481567383,0.024137962609529495,0.17434407770633698,0.0020332359708845615,0.011840365827083588,0.025187403662130237,0.17994138691574335,-1.8349684476852417,-1.8341407775878906
theta3,T4,batch1_0_127,4,6,"(4, 6)",0,13,exact_replay_715_45760_tokens,T4_batch_128,6.066405296325684,6.966156482696533,0.0007335112313739955,0.0007333755493164062,1.3568205758929253e-07,0.00018501033708550064,1,0,0.024137962609529495,0.17434407770633698,0.026014160364866257,0.1850259155035019,0.002059571212157607,0.011627746745944023,0.027246974874287844,0.19156913366168737,-1.7749533653259277,-1.7742199897766113
theta3,T4,batch1_0_127,4,6,"(4, 6)",0,14,exact_replay_715_45760_tokens,T4_batch_128,5.93910026550293,6.938092231750488,0.0006411272916011512,0.000640869140625,2.5815097615122795e-07,0.0004028138660249256,1,0,0.026014160364866257,0.1850259155035019,0.02790302038192749,0.19533781707286835,0.0020838044583797455,0.011296065524220467,0.02933077933266759,0.20286519918590784,-1.7113945484161377,-1.7107536792755127
theta3,T4,batch1_0_127,4,6,"(4, 6)",0,15,exact_replay_715_45760_tokens,T4_batch_128,5.806117057800293,6.920469760894775,0.0005518985562957823,0.0005518198013305664,7.87549652159214e-08,0.00014271862848347374,1,0,0.02790302038192749,0.19533781707286835,0.029801856726408005,0.20529630780220032,0.002104163868352771,0.01099594309926033,0.03143494320102036,0.21386114228516817,-1.6679368019104004,-1.6673849821090698
theta3,T4,batch1_0_127,4,6,"(4, 6)",0,16,exact_replay_715_45760_tokens,T4_batch_128,5.680607795715332,6.901333808898926,0.00047723817988298833,0.0004773139953613281,7.58154783397913e-08,0.00015883774428696303,1,0,0.029801856726408005,0.20529630780220032,0.031714241951704025,0.21499750018119812,0.0021253468003124,0.01080150343477726,0.03356029000133276,0.22466264571994543,-1.6169819831848145,-1.6165046691894531
theta3,T4,batch1_0_127,4,6,"(4, 6)",0,17,exact_replay_715_45760_tokens,T4_batch_128,5.564296722412109,6.891346454620361,0.0004113813629373908,0.0004113912582397461,9.89530235528946e-09,2.405326354679803e-05,1,0,0.031714241951704025,0.21499750018119812,0.03363918885588646,0.22447989881038666,0.00214342400431633,0.01061915047466755,0.03570371400564909,0.23528179619461298,-1.5714093446731567,-1.570997953414917
theta3,T4,batch1_0_127,4,6,"(4, 6)",0,18,exact_replay_715_45760_tokens,T4_batch_128,5.449731826782227,6.892906665802002,0.0003475059929769486,0.00034749507904052734,1.0913936421275139e-08,3.140745604631218e-05,1,0,0.03363918885588646,0.22447989881038666,0.03557382896542549,0.2338142991065979,0.002157043432816863,0.010481559671461582,0.03786075743846595,0.24576335586607456,-1.5318796634674072,-1.5315321683883667
theta3,T4,batch1_0_127,4,6,"(4, 6)",0,19,exact_replay_715_45760_tokens,T4_batch_128,5.342978000640869,6.903860569000244,0.0002789886493701488,0.00027871131896972656,2.7733040042221546e-07,0.0009950453445786997,1,0,0.03557382896542549,0.2338142991065979,0.03752041235566139,0.24297484755516052,0.0021747020073235035,0.010319052264094353,0.040035459445789456,0.2560824081301689,-1.4951066970825195,-1.4948279857635498
theta3,T4,batch1_0_127,4,6,"(4, 6)",0,20,exact_replay_715_45760_tokens,T4_batch_128,5.2326860427856445,6.91235876083374,0.00022255568183027208,0.0002225637435913086,8.061761036515236e-09,3.6222256628280665e-05,1,0,0.03752041235566139,0.24297484755516052,0.03947417438030243,0.25204914808273315,0.002182920463383198,0.010225581005215645,0.042218379909172654,0.26630798913538456,-1.4551196098327637,-1.4548970460891724
theta3,T4,batch1_0_127,4,6,"(4, 6)",0,21,exact_replay_715_45760_tokens,T4_batch_128,5.130377769470215,6.928788661956787,0.00017885200213640928,0.00017893314361572266,8.114147931337357e-08,0.0004534737258494337,1,0,0.03947417438030243,0.25204914808273315,0.041430991142988205,0.26099687814712524,0.0021875095553696156,0.01011225301772356,0.04440588946454227,0.2764202421531081,-1.4195785522460938,-1.419399619102478
theta3,T4,batch1_0_127,4,6,"(4, 6)",0,22,exact_replay_715_45760_tokens,T4_batch_128,5.034399509429932,6.933764934539795,0.0001364166964776814,0.0001361370086669922,2.796878106892109e-07,0.002054458324211909,1,0,0.041430991142988205,0.26099687814712524,0.04338790103793144,0.26990020275115967,0.0021865444723516703,0.010061468929052353,0.04659243393689394,0.2864817110821605,-1.3889217376708984,-1.3887856006622314
theta3,T4,batch1_0_127,4,6,"(4, 6)",0,23,exact_replay_715_45760_tokens,T4_batch_128,4.934755325317383,6.954174041748047,8.89124785317108e-05,8.893013000488281e-05,1.765147317200899e-08,0.0001984869826575067,1,0,0.04338790103793144,0.26990020275115967,0.045343417674303055,0.2786853611469269,0.002185474382713437,0.009944139048457146,0.04877790831960738,0.2964258501306176,-1.3645966053009033,-1.3645076751708984
theta3,T4,batch1_0_127,4,6,"(4, 6)",0,24,exact_replay_715_45760_tokens,T4_batch_128,4.834610462188721,6.979140758514404,6.199433119036257e-05,6.186962127685547e-05,1.2470991350710392e-07,0.002015688975192678,1,0,0.045343417674303055,0.2786853611469269,0.04729389771819115,0.2873747646808624,0.002176438458263874,0.009816997684538364,0.05095434677787125,0.306242847815156,-1.328108549118042,-1.3280466794967651
theta3,T4,batch1_0_127,4,6,"(4, 6)",0,25,exact_replay_715_45760_tokens,T4_batch_128,4.736753463745117,7.00432825088501,2.8743363145622425e-05,2.86102294921875e-05,1.3313365343492478e-07,0.004653358459472656,1,0,0.04729389771819115,0.2873747646808624,0.04923423007130623,0.29594215750694275,0.0021654018200933933,0.009687666781246662,0.053119748597964644,0.31593051459640265,-1.2899612188339233,-1.2899326086044312
theta3,T4,batch1_0_127,4,6,"(4, 6)",0,26,exact_replay_715_45760_tokens,T4_batch_128,4.641778945922852,7.02747106552124,4.059605089423712e-06,4.0531158447265625e-06,6.489244697149843e-09,0.0016010508817784926,1,0,0.04923423007130623,0.29594215750694275,0.051160506904125214,0.3043763339519501,0.0021494498942047358,0.009547453373670578,0.05526919849216938,0.3254779679700732,-1.2529962062835693,-1.2529921531677246
theta3,T4,batch1_0_127,4,6,"(4, 6)",0,27,exact_replay_715_45760_tokens,T4_batch_128,4.552404403686523,7.053081035614014,-2.220098758698441e-05,-2.2292137145996094e-05,9.114955901168287e-08,0.00408886588193516,0,1,0.051160506904125214,0.3043763339519501,0.053069520741701126,0.31264859437942505,0.002128931926563382,0.009373314678668976,0.05739813041873276,0.3348512826487422,-1.2163318395614624,-1.2163541316986084
theta3,T4,batch1_0_127,4,6,"(4, 6)",0,28,exact_replay_715_45760_tokens,T4_batch_128,4.466772556304932,7.081615447998047,-5.258434612187557e-05,-5.269050598144531e-05,1.0615985956974328e-07,0.002014781554899604,0,1,0.053069520741701126,0.31264859437942505,0.05495714396238327,0.32076117396354675,0.0021053184755146503,0.009203119203448296,0.05950344889424741,0.3440544018521905,-1.180903673171997,-1.1809563636779785
theta3,T4,batch1_0_127,4,6,"(4, 6)",0,29,exact_replay_715_45760_tokens,T4_batch_128,4.38489294052124,7.111526012420654,-8.143806189764291e-05,-8.153915405273438e-05,1.0109215509146452e-07,0.001239798919499269,0,1,0.05495714396238327,0.32076117396354675,0.056820210069417953,0.3286832273006439,0.002077512675896287,0.009002928622066975,0.0615809615701437,0.35305733047425747,-1.1550908088684082,-1.155172348022461
theta3,T4,batch1_0_127,4,6,"(4, 6)",0,30,exact_replay_715_45760_tokens,T4_batch_128,4.3052520751953125,7.1472601890563965,-9.709421283332631e-05,-9.72747802734375e-05,1.8056744011119008e-07,0.0018562616086473653,0,1,0.056820210069417953,0.3286832273006439,0.05866026133298874,0.3364443778991699,0.0020490388851612806,0.008822701871395111,0.06363000045530498,0.3618800323456526,-1.1277083158493042,-1.1278055906295776
theta3,T4,batch1_0_127,4,6,"(4, 6)",0,31,exact_replay_715_45760_tokens,T4_batch_128,4.23021936416626,7.1824235916137695,-0.00010778372234199196,-0.00010788440704345703,1.0068470146507025e-07,0.0009332646322513812,0,1,0.05866026133298874,0.3364443778991699,0.06047135591506958,0.3440150022506714,0.0020149974152445793,0.008614229038357735,0.06564499787054956,0.3704942613840103,-1.1052590608596802,-1.1053669452667236
theta3,T4,batch1_0_127,4,6,"(4, 6)",0,32,exact_replay_715_45760_tokens,T4_batch_128,4.155423641204834,7.215557098388672,-0.00012372863420750946,-0.00012385845184326172,1.2981763575226068e-07,0.0010481128564124157,0,1,0.06047135591506958,0.3440150022506714,0.06224987283349037,0.351387619972229,0.001977939158678055,0.008392013609409332,0.06762293702922761,0.37888627499341965,-1.0793638229370117,-1.079487681388855
theta3,T4,batch1_0_127,4,6,"(4, 6)",0,33,exact_replay_715_45760_tokens,T4_batch_128,4.08202600479126,7.253695011138916,-0.00014081956760492176,-0.00014090538024902344,8.581264410167933e-08,0.0006090089956112522,0,1,0.06224987283349037,0.351387619972229,0.06399457901716232,0.35852816700935364,0.0019402923062443733,0.008147606626152992,0.06956322933547199,0.38703388161957264,-1.0483862161636353,-1.0485271215438843
theta3,T4,batch1_0_127,4,6,"(4, 6)",0,34,exact_replay_715_45760_tokens,T4_batch_128,4.013890266418457,7.296679496765137,-0.00015391394845210016,-0.0001538991928100586,1.4755642041563988e-08,9.587861880325329e-05,0,1,0.06399457901716232,0.35852816700935364,0.0657041072845459,0.3654274046421051,0.0019006828079000115,0.007891891524195671,0.071463912143372,0.3949257731437683,-1.0233570337295532,-1.0235109329223633
theta3,T4,batch1_0_127,4,6,"(4, 6)",0,35,exact_replay_715_45760_tokens,T4_batch_128,3.95046067237854,7.33867073059082,-0.000166079422342591,-0.00016611814498901367,3.872264642268419e-08,0.0002331030509956943,0,1,0.0657041072845459,0.3654274046421051,0.0673782154917717,0.37210333347320557,0.0018613125430420041,0.0076607088558375835,0.073325224686414,0.4025864819996059,-0.9914152026176453,-0.9915813207626343
theta3,T4,batch1_0_127,4,6,"(4, 6)",0,36,exact_replay_715_45760_tokens,T4_batch_128,3.891216516494751,7.382646083831787,-0.00017782856593839824,-0.00017786026000976562,3.1694071367383e-08,0.0001781964749497319,0,1,0.0673782154917717,0.37210333347320557,0.06901692599058151,0.37856224179267883,0.0018215664895251393,0.007432920392602682,0.07514679117593914,0.4100194023922086,-0.960921049118042,-0.9610989093780518
theta3,T4,batch1_0_127,4,6,"(4, 6)",0,37,exact_replay_715_45760_tokens,T4_batch_128,3.835954189300537,7.42013692855835,-0.00018916655972134322,-0.00018918514251708984,1.858279574662447e-08,9.822544994486452e-05,0,1,0.06901692599058151,0.37856224179267883,0.07062020152807236,0.3848254680633545,0.0017813770100474358,0.00722169503569603,0.07692816818598658,0.4172410974279046,-0.9358588457107544,-0.9360480308532715
theta3,T4,batch1_0_127,4,6,"(4, 6)",0,38,exact_replay_715_45760_tokens,T4_batch_128,3.787651777267456,7.457159519195557,-0.00019144316320307553,-0.0001914501190185547,6.955815479159355e-09,3.633225988480698e-05,0,1,0.07062020152807236,0.3848254680633545,0.07219042629003525,0.3909282386302948,0.0017430076841264963,0.0070418682880699635,0.07867117587011307,0.42428296571597457,-0.9127166271209717,-0.9129080772399902
theta3,T4,batch1_0_127,4,6,"(4, 6)",0,39,exact_replay_715_45760_tokens,T4_batch_128,3.7389588356018066,7.499088287353516,-0.00020081205002497882,-0.0002008676528930664,5.560286808758974e-08,0.00027681345048219587,0,1,0.07219042629003525,0.3909282386302948,0.07372688502073288,0.39685869216918945,0.001704896567389369,0.0068547348491847515,0.08037607243750244,0.4311377005651593,-0.8902990818023682,-0.8904999494552612
theta3,T4,batch1_0_127,4,7,"(4, 7)",1,0,exact_replay_715_45760_tokens,T4_batch_128,8.586175918579102,8.241799354553223,0.0026573208160698414,0.0026569366455078125,3.841705620288849e-07,0.0001445915402907394,1,0,0.0,0.0,0.00200097169727087,0.018482282757759094,0.00200097169727087,0.018482282757759094,0.00200097169727087,0.018482282757759094,-2.9814558029174805,-2.9787988662719727
theta3,T4,batch1_0_127,4,7,"(4, 7)",1,1,exact_replay_715_45760_tokens,T4_batch_128,8.225173950195312,8.031797409057617,0.002251648809760809,0.0022513866424560547,2.621673047542572e-07,0.00011644703748808641,1,0,0.00200097169727087,0.018482282757759094,0.00397319532930851,0.03683330491185188,0.0019796956330537796,0.01837727054953575,0.00398066733032465,0.036859553307294846,-2.680293321609497,-2.678041934967041
theta3,T4,batch1_0_127,4,7,"(4, 7)",1,2,exact_replay_715_45760_tokens,T4_batch_128,7.889769077301025,7.839219093322754,0.0019062026403844357,0.0019059181213378906,2.845190465450287e-07,0.0001492818832874656,1,0,0.00397319532930851,0.03683330491185188,0.005909374449402094,0.05483175069093704,0.0019580484367907047,0.018072178587317467,0.0059387157671153545,0.05493173189461231,-2.41195011138916,-2.4100441932678223
theta3,T4,batch1_0_127,4,7,"(4, 7)",1,3,exact_replay_715_45760_tokens,T4_batch_128,7.547334671020508,7.6750006675720215,0.0015932589303702116,0.001592874526977539,3.8440339267253876e-07,0.0002413268503966472,1,0,0.005909374449402094,0.05483175069093704,0.007806359324604273,0.07203979045152664,0.0019416268914937973,0.017346935346722603,0.007880342658609152,0.07227866724133492,-2.15560245513916,-2.1540095806121826
theta3,T4,batch1_0_127,4,7,"(4, 7)",1,4,exact_replay_715_45760_tokens,T4_batch_128,7.242245197296143,7.555100440979004,0.0013116963673382998,0.0013115406036376953,1.5576370060443878e-07,0.00011876391792401382,1,0,0.007806359324604273,0.07203979045152664,0.009662431664764881,0.08795926719903946,0.0019298590486869216,0.016164656728506088,0.009810201707296073,0.088443323969841,-1.9347591400146484,-1.9334475994110107
theta3,T4,batch1_0_127,4,7,"(4, 7)",1,5,exact_replay_715_45760_tokens,T4_batch_128,6.991576194763184,7.466113090515137,0.0010966422269120812,0.0010967254638671875,8.323695510625839e-08,7.589588994565217e-05,1,0,0.009662431664764881,0.08795926719903946,0.011488519608974457,0.10273729264736176,0.00192756368778646,0.015149717219173908,0.011737765395082533,0.10359304118901491,-1.7596691846847534,-1.7585724592208862
theta3,T4,batch1_0_127,4,7,"(4, 7)",1,6,exact_replay_715_45760_tokens,T4_batch_128,6.766307830810547,7.401721477508545,0.0008921209955587983,0.0008920431137084961,7.788185030221939e-08,8.730727148202593e-05,1,0,0.011488519608974457,0.10273729264736176,0.013288441114127636,0.11628572642803192,0.0019299788400530815,0.014071266166865826,0.013667744235135615,0.11766430735588074,-1.6131356954574585,-1.61224365234375
theta3,T4,batch1_0_127,4,7,"(4, 7)",1,7,exact_replay_715_45760_tokens,T4_batch_128,6.569851875305176,7.355601787567139,0.0007122672395780683,0.000712275505065918,8.265487849712372e-09,1.1604341004184101e-05,1,0,0.013288441114127636,0.11628572642803192,0.01507547590881586,0.1287449598312378,0.0019450802356004715,0.013169608078897,0.015612824470736086,0.13083391543477774,-1.4977275133132935,-1.4970152378082275
theta3,T4,batch1_0_127,4,7,"(4, 7)",1,8,exact_replay_715_45760_tokens,T4_batch_128,6.3929219245910645,7.342073440551758,0.0005630027735605836,0.0005629062652587891,9.650830179452896e-08,0.00017144648718763237,1,0,0.01507547590881586,0.1287449598312378,0.016862567514181137,0.14035391807556152,0.0019697709940373898,0.012456907890737057,0.017582595464773476,0.1432908233255148,-1.4021072387695312,-1.4015443325042725
theta3,T4,batch1_0_127,4,7,"(4, 7)",1,9,exact_replay_715_45760_tokens,T4_batch_128,6.238029956817627,7.328735828399658,0.0004420408222358674,0.0004420280456542969,1.2776581570506096e-08,2.8904459108683928e-05,1,0,0.016862567514181137,0.14035391807556152,0.01865963824093342,0.15124717354774475,0.0019961546640843153,0.011845851317048073,0.01957875012885779,0.15513667464256287,-1.3366379737854004,-1.336195945739746
theta3,T4,batch1_0_127,4,7,"(4, 7)",1,10,exact_replay_715_45760_tokens,T4_batch_128,6.101304054260254,7.305132865905762,0.0003278190561104566,0.00032770633697509766,1.1271913535892963e-07,0.00034396385617497274,1,0,0.01865963824093342,0.15124717354774475,0.020474225282669067,0.16154421865940094,0.0020290850661695004,0.011317948810756207,0.021607835195027292,0.16645462345331907,-1.2801626920700073,-1.2798349857330322
theta3,T4,batch1_0_127,4,7,"(4, 7)",1,11,exact_replay_715_45760_tokens,T4_batch_128,5.972687244415283,7.289140701293945,0.0002178588620154187,0.00021767616271972656,1.8269929569214582e-07,0.000839316962452081,1,0,0.020474225282669067,0.16154421865940094,0.02230498567223549,0.17129316926002502,0.0020563846919685602,0.01083682756870985,0.023664219886995852,0.17729145102202892,-1.2386457920074463,-1.2384281158447266
theta3,T4,batch1_0_127,4,7,"(4, 7)",1,12,exact_replay_715_45760_tokens,T4_batch_128,5.855857849121094,7.294119358062744,0.00011213288962608203,0.00011205673217773438,7.615744834765792e-08,0.0006796329579454787,1,0,0.02230498567223549,0.17129316926002502,0.024158034473657608,0.18056544661521912,0.002087237546220422,0.010420003905892372,0.025751457433216274,0.1877114549279213,-1.2041596174240112,-1.2040475606918335
theta3,T4,batch1_0_127,4,7,"(4, 7)",1,13,exact_replay_715_45760_tokens,T4_batch_128,5.751913547515869,7.280551433563232,1.4076786101213656e-05,1.4066696166992188e-05,1.0089934221468866e-08,0.000717292397709216,1,0,0.024158034473657608,0.18056544661521912,0.02603481523692608,0.18949806690216064,0.0021154240239411592,0.010137512348592281,0.027866881457157433,0.19784896727651358,-1.172731876373291,-1.172717809677124
theta3,T4,batch1_0_127,4,7,"(4, 7)",1,14,exact_replay_715_45760_tokens,T4_batch_128,5.6502299308776855,7.274250030517578,-9.338548989035189e-05,-9.334087371826172e-05,4.461617209017277e-08,0.00047799179837164753,0,1,0.02603481523692608,0.18949806690216064,0.02793836034834385,0.1981429010629654,0.002147905994206667,0.009913484565913677,0.0300147874513641,0.20776245184242725,-1.1494296789169312,-1.1495230197906494
theta3,T4,batch1_0_127,4,7,"(4, 7)",1,15,exact_replay_715_45760_tokens,T4_batch_128,5.549153804779053,7.267972469329834,-0.00018946338968817145,-0.0001894235610961914,3.9828591980040073e-08,0.00021026208012114538,0,1,0.02793836034834385,0.1981429010629654,0.02986746095120907,0.2065523862838745,0.0021780331153422594,0.009743096306920052,0.03219282056670636,0.2175055481493473,-1.130396842956543,-1.1305862665176392
theta3,T4,batch1_0_127,4,7,"(4, 7)",1,16,exact_replay_715_45760_tokens,T4_batch_128,5.452637672424316,7.263660430908203,-0.0002776496403384954,-0.00027763843536376953,1.1204974725842476e-08,4.035815398239588e-05,0,1,0.02986746095120907,0.2065523862838745,0.031823065131902695,0.21479728817939758,0.0022052573040127754,0.009612692520022392,0.034398077870719135,0.2271182406693697,-1.113898515701294,-1.1141761541366577
theta3,T4,batch1_0_127,4,7,"(4, 7)",1,17,exact_replay_715_45760_tokens,T4_batch_128,5.35490608215332,7.256007671356201,-0.0003745123976841569,-0.0003745555877685547,4.3190084397792816e-08,0.00011531021244430299,0,1,0.031823065131902695,0.21479728817939758,0.033805638551712036,0.22287657856941223,0.0022349890787154436,0.009493839927017689,0.03663306694943458,0.2366120805963874,-1.104657769203186,-1.1050323247909546
theta3,T4,batch1_0_127,4,7,"(4, 7)",1,18,exact_replay_715_45760_tokens,T4_batch_128,5.262444496154785,7.249910354614258,-0.000459169881651178,-0.00045931339263916016,1.435109879821539e-07,0.0003124467744290163,0,1,0.033805638551712036,0.22287657856941223,0.03581327199935913,0.23084871470928192,0.0022599755320698023,0.009398248046636581,0.03889304248150438,0.24601032864302397,-1.0976778268814087,-1.0981371402740479
theta3,T4,batch1_0_127,4,7,"(4, 7)",1,19,exact_replay_715_45760_tokens,T4_batch_128,5.172873020172119,7.241783618927002,-0.0005408631404861808,-0.0005409717559814453,1.0861549526453018e-07,0.00020077849548259146,0,1,0.03581327199935913,0.23084871470928192,0.037845123559236526,0.23871706426143646,0.002282102592289448,0.009301126934587955,0.04117514507379383,0.2553114555776119,-1.0904866456985474,-1.0910276174545288
theta3,T4,batch1_0_127,4,7,"(4, 7)",1,20,exact_replay_715_45760_tokens,T4_batch_128,5.080644607543945,7.235256671905518,-0.000596110534388572,-0.0005962848663330078,1.7433194443583488e-07,0.00029236352334066374,0,1,0.037845123559236526,0.23871706426143646,0.03989485278725624,0.2465270459651947,0.002295160898938775,0.009224353358149529,0.043470305972732604,0.26453580893576145,-1.0798289775848389,-1.0804252624511719
theta3,T4,batch1_0_127,4,7,"(4, 7)",1,21,exact_replay_715_45760_tokens,T4_batch_128,4.994133472442627,7.230067253112793,-0.0006818539113737643,-0.0006819963455200195,1.4243414625525475e-07,0.00020884884089320048,0,1,0.03989485278725624,0.2465270459651947,0.041960056871175766,0.254251629114151,0.0023091803304851055,0.00913714338093996,0.04577948630321771,0.2736729523167014,-1.0738472938537598,-1.0745292901992798
theta3,T4,batch1_0_127,4,7,"(4, 7)",1,22,exact_replay_715_45760_tokens,T4_batch_128,4.909698963165283,7.231967449188232,-0.0007634045905433595,-0.0007635354995727539,1.309090293943882e-07,0.00017145113680718188,0,1,0.041960056871175766,0.254251629114151,0.04403945431113243,0.2619072496891022,0.0023210381623357534,0.009058494120836258,0.04810052446555346,0.28273144643753767,-1.068857192993164,-1.0696207284927368
theta3,T4,batch1_0_127,4,7,"(4, 7)",1,23,exact_replay_715_45760_tokens,T4_batch_128,4.828341484069824,7.237469673156738,-0.0008257362060248852,-0.0008258819580078125,1.457519829273224e-07,0.0001764804056004619,0,1,0.04403945431113243,0.2619072496891022,0.046128541231155396,0.26951465010643005,0.002326078014448285,0.008986994624137878,0.05042660248000175,0.29171844106167555,-1.0604182481765747,-1.0612441301345825
theta3,T4,batch1_0_127,4,7,"(4, 7)",1,24,exact_replay_715_45760_tokens,T4_batch_128,4.749239921569824,7.235894203186035,-0.0008857568609528244,-0.0008859634399414062,2.0657898858189583e-07,0.00023316875084095803,0,1,0.046128541231155396,0.26951465010643005,0.04822417348623276,0.27706438302993774,0.002329654758796096,0.008914082311093807,0.05275625723879784,0.30063252337276936,-1.0511208772659302,-1.0520068407058716
theta3,T4,batch1_0_127,4,7,"(4, 7)",1,25,exact_replay_715_45760_tokens,T4_batch_128,4.668616771697998,7.2335638999938965,-0.0009474975522607565,-0.0009475946426391602,9.709037840366364e-08,0.00010245982199018744,0,1,0.04822417348623276,0.27706438302993774,0.05032113939523697,0.2845187187194824,0.002327441703528166,0.008805988356471062,0.05508369894232601,0.3094385117292404,-1.0459433794021606,-1.0468909740447998
theta3,T4,batch1_0_127,4,7,"(4, 7)",1,26,exact_replay_715_45760_tokens,T4_batch_128,4.590644359588623,7.236142158508301,-0.0010044323280453682,-0.0010044574737548828,2.514570951461792e-08,2.5034120579159743e-05,0,1,0.05032113939523697,0.2845187187194824,0.05241572856903076,0.2918965518474579,0.0023211354855448008,0.008709056302905083,0.05740483442787081,0.3181475680321455,-1.0432333946228027,-1.0442378520965576
theta3,T4,batch1_0_127,4,7,"(4, 7)",1,27,exact_replay_715_45760_tokens,T4_batch_128,4.516925811767578,7.2381062507629395,-0.0010400650789961219,-0.0010402202606201172,1.551816239953041e-07,0.000149181504985102,0,1,0.05241572856903076,0.2918965518474579,0.054502908140420914,0.2992076575756073,0.0023079956881701946,0.008615539409220219,0.059712830116041005,0.3267631074413657,-1.0346126556396484,-1.0356528759002686
theta3,T4,batch1_0_127,4,7,"(4, 7)",1,28,exact_replay_715_45760_tokens,T4_batch_128,4.440887451171875,7.241551876068115,-0.0010890683624893427,-0.0010890960693359375,2.7706846594810486e-08,2.5440222745183887e-05,0,1,0.054502908140420914,0.2992076575756073,0.05658050253987312,0.30640679597854614,0.0022947671823203564,0.008488274179399014,0.06200759729836136,0.33525138162076473,-1.0330053567886353,-1.0340944528579712
theta3,T4,batch1_0_127,4,7,"(4, 7)",1,29,exact_replay_715_45760_tokens,T4_batch_128,4.367227554321289,7.253406524658203,-0.001122676650993526,-0.0011229515075683594,2.748565748333931e-07,0.0002447626393312102,0,1,0.05658050253987312,0.30640679597854614,0.058644115924835205,0.31350913643836975,0.002275858772918582,0.008357454091310501,0.06428345607127994,0.34360883571207523,-1.028098225593567,-1.0292211771011353
theta3,T4,batch1_0_127,4,7,"(4, 7)",1,30,exact_replay_715_45760_tokens,T4_batch_128,4.294590473175049,7.26436710357666,-0.0011520207626745105,-0.0011521577835083008,1.3702083379030228e-07,0.00011892540739782722,0,1,0.058644115924835205,0.31350913643836975,0.06069163605570793,0.3205004334449768,0.0022552725858986378,0.008221336640417576,0.06653872865717858,0.3518301723524928,-1.0241013765335083,-1.0252535343170166
theta3,T4,batch1_0_127,4,7,"(4, 7)",1,31,exact_replay_715_45760_tokens,T4_batch_128,4.223703384399414,7.283254623413086,-0.0011745020747184753,-0.0011746883392333984,1.862645149230957e-07,0.0001585650497259996,0,1,0.06069163605570793,0.3205004334449768,0.06271699070930481,0.32738152146339417,0.0022287610918283463,0.008078398182988167,0.06876748974900693,0.359908570535481,-1.0209681987762451,-1.0221428871154785
theta3,T4,batch1_0_127,4,7,"(4, 7)",1,32,exact_replay_715_45760_tokens,T4_batch_128,4.156376361846924,7.293507099151611,-0.0011960880365222692,-0.0011962652206420898,1.771841198205948e-07,0.0001481144120577977,0,1,0.06271699070930481,0.32738152146339417,0.06471849977970123,0.33411547541618347,0.002200330374762416,0.007909568957984447,0.07096782012376934,0.3678181394934654,-1.0189284086227417,-1.0201246738433838
theta3,T4,batch1_0_127,4,7,"(4, 7)",1,33,exact_replay_715_45760_tokens,T4_batch_128,4.093931198120117,7.312049865722656,-0.0012116526486352086,-0.0012118816375732422,2.2898893803358078e-07,0.00018895322029313397,0,1,0.06471849977970123,0.33411547541618347,0.06669411063194275,0.340727299451828,0.002169006271287799,0.007756733801215887,0.07313682639505714,0.3755748732946813,-1.0208770036697388,-1.022088885307312
theta3,T4,batch1_0_127,4,7,"(4, 7)",1,34,exact_replay_715_45760_tokens,T4_batch_128,4.032202243804932,7.335025310516357,-0.0012181936763226986,-0.0012183189392089844,1.2526288628578186e-07,0.00010281616927592955,0,1,0.06669411063194275,0.340727299451828,0.06864271312952042,0.3471837341785431,0.002137895207852125,0.007586621679365635,0.07527472160290927,0.38316149497404695,-1.0184638500213623,-1.0196821689605713
theta3,T4,batch1_0_127,4,7,"(4, 7)",1,35,exact_replay_715_45760_tokens,T4_batch_128,3.9764673709869385,7.350644588470459,-0.0012181444326415658,-0.0012183189392089844,1.745065674185753e-07,0.0001432355369373777,0,1,0.06864271312952042,0.3471837341785431,0.07056161016225815,0.353516161441803,0.0021035498939454556,0.007436288055032492,0.07737827149685472,0.39059778302907944,-1.0152934789657593,-1.0165117979049683
theta3,T4,batch1_0_127,4,7,"(4, 7)",1,36,exact_replay_715_45760_tokens,T4_batch_128,3.922726631164551,7.368296146392822,-0.0012139620957896113,-0.0012140274047851562,6.530899554491043e-08,5.379532231932443e-05,0,1,0.07056161016225815,0.353516161441803,0.07244863361120224,0.35972315073013306,0.002066599205136299,0.007280782796442509,0.07944487070199102,0.39787856582552195,-1.0100531578063965,-1.0112671852111816
theta3,T4,batch1_0_127,4,7,"(4, 7)",1,37,exact_replay_715_45760_tokens,T4_batch_128,3.871847152709961,7.386134624481201,-0.0012050048680976033,-0.0012052059173583984,2.0104926079511642e-07,0.0001668173528684471,0,1,0.07244863361120224,0.35972315073013306,0.07430393248796463,0.365810364484787,0.0020289577078074217,0.007128617260605097,0.08147382840979844,0.40500718308612704,-1.0051584243774414,-1.0063636302947998
theta3,T4,batch1_0_127,4,7,"(4, 7)",1,38,exact_replay_715_45760_tokens,T4_batch_128,3.8209829330444336,7.40340518951416,-0.0011926143197342753,-0.001192927360534668,3.130408003926277e-07,0.00026241396647346855,0,1,0.07430393248796463,0.365810364484787,0.07612404972314835,0.3717586398124695,0.0019881862681359053,0.006963578052818775,0.08346201467793435,0.4119707611389458,-1.0037636756896973,-1.004956603050232
theta3,T4,batch1_0_127,4,7,"(4, 7)",1,39,exact_replay_715_45760_tokens,T4_batch_128,3.772480010986328,7.422919273376465,-0.001177993486635387,-0.0011780261993408203,3.271270543336868e-08,2.7769081410645618e-05,0,1,0.07612404972314835,0.3717586398124695,0.07790783792734146,0.377562552690506,0.0019466483499854803,0.006797236390411854,0.08540866302791983,0.41876799752935767,-1.0030096769332886,-1.0041877031326294
theta3,T4,batch1_0_127,5,6,"(5, 6)",0,0,exact_replay_715_45760_tokens,T4_batch_128,8.593879699707031,8.241799354553223,0.002753115026280284,0.0027523040771484375,8.109491318464279e-07,0.00029464372726091477,1,0,0.0,0.0,0.0020575199741870165,0.016803449019789696,0.0020575199741870165,0.016803449019789696,0.0020575199741870165,0.016803449019789696,-2.4971823692321777,-2.4944300651550293
theta3,T4,batch1_0_127,5,6,"(5, 6)",0,1,exact_replay_715_45760_tokens,T4_batch_128,8.304523468017578,8.048341751098633,0.0023901318199932575,0.0023894309997558594,7.008202373981476e-07,0.0002933000523847535,1,0,0.0020575199741870165,0.016803449019789696,0.0040665012784302235,0.03340927138924599,0.0020137333776801825,0.0166291743516922,0.004071253351867199,0.033432623371481895,-2.328615665435791,-2.326226234436035
theta3,T4,batch1_0_127,5,6,"(5, 6)",0,2,exact_replay_715_45760_tokens,T4_batch_128,8.026958465576172,7.866601943969727,0.0020559816621243954,0.0020554065704345703,5.75091689825058e-07,0.00027979461489386384,1,0,0.0040665012784302235,0.03340927138924599,0.006026534829288721,0.04978417977690697,0.0019736094400286674,0.016437478363513947,0.006044862791895866,0.04987010173499584,-2.150909900665283,-2.1488544940948486
theta3,T4,batch1_0_127,5,6,"(5, 6)",0,3,exact_replay_715_45760_tokens,T4_batch_128,7.745884418487549,7.697655200958252,0.0017395311733707786,0.0017392635345458984,2.6763882488012314e-07,0.00015388054746401646,1,0,0.006026534829288721,0.04978417977690697,0.0079379603266716,0.06587458401918411,0.0019396666903048754,0.016215959563851357,0.007984529482200742,0.0660860612988472,-1.9708491563796997,-1.9691098928451538
theta3,T4,batch1_0_127,5,6,"(5, 6)",0,4,exact_replay_715_45760_tokens,T4_batch_128,7.48341178894043,7.558987617492676,0.0014603974996134639,0.0014603137969970703,8.370261639356613e-08,5.731823979591837e-05,1,0,0.0079379603266716,0.06587458401918411,0.00980003084987402,0.08139801770448685,0.0019107137341052294,0.015734080225229263,0.009895243216305971,0.08182014152407646,-1.809256911277771,-1.807796597480774
theta3,T4,batch1_0_127,5,6,"(5, 6)",0,5,exact_replay_715_45760_tokens,T4_batch_128,7.239889621734619,7.435281753540039,0.0012420988641679287,0.0012418031692504883,2.9569491744041443e-07,0.0002381173802438322,1,0,0.00980003084987402,0.08139801770448685,0.011627414263784885,0.09653210639953613,0.0018961736932396889,0.015445513650774956,0.01179141690954566,0.09726565517485142,-1.651279091835022,-1.6500372886657715
theta3,T4,batch1_0_127,5,6,"(5, 6)",0,6,exact_replay_715_45760_tokens,T4_batch_128,6.998453140258789,7.328908920288086,0.0010399054735898972,0.001039743423461914,1.6205012798309326e-07,0.0001558558816785141,1,0,0.011627414263784885,0.09653210639953613,0.013425336219370365,0.11111444234848022,0.0018908747006207705,0.015005959197878838,0.01368229161016643,0.11227161437273026,-1.493635892868042,-1.49259614944458
theta3,T4,batch1_0_127,5,6,"(5, 6)",0,7,exact_replay_715_45760_tokens,T4_batch_128,6.772943496704102,7.241334438323975,0.0008727716631256044,0.0008727312088012695,4.045432433485985e-08,4.635370424122388e-05,1,0,0.013425336219370365,0.11111444234848022,0.015201311558485031,0.12516522407531738,0.0018936244305223227,0.014576920308172703,0.015575916040688753,0.12684853468090296,-1.3479321002960205,-1.3470593690872192
theta3,T4,batch1_0_127,5,6,"(5, 6)",0,8,exact_replay_715_45760_tokens,T4_batch_128,6.563817977905273,7.1736907958984375,0.0007317046984098852,0.0007314682006835938,2.3649772629141808e-07,0.00032331921752770535,1,0,0.015201311558485031,0.12516522407531738,0.016960345208644867,0.1387365609407425,0.0019002716289833188,0.014203092083334923,0.017476187669672072,0.14105162676423788,-1.21575927734375,-1.2150278091430664
theta3,T4,batch1_0_127,5,6,"(5, 6)",0,9,exact_replay_715_45760_tokens,T4_batch_128,6.3612871170043945,7.120373249053955,0.0005994268576614559,0.0005993843078613281,4.2549800127744675e-08,7.098917934566428e-05,1,0,0.016960345208644867,0.1387365609407425,0.01870277151465416,0.15176989138126373,0.0019089734414592385,0.01378228235989809,0.01938516111113131,0.15483390912413597,-1.0958125591278076,-1.0952131748199463
theta3,T4,batch1_0_127,5,6,"(5, 6)",0,10,exact_replay_715_45760_tokens,T4_batch_128,6.170732498168945,7.08159875869751,0.0004951019654981792,0.0004950165748596191,8.539063856005669e-08,0.0001725005644190247,1,0,0.01870277151465416,0.15176989138126373,0.020439617335796356,0.1642812192440033,0.0019245723960921168,0.013361857272684574,0.021309733507223427,0.16819576639682055,-0.9896163940429688,-0.9891213774681091
theta3,T4,batch1_0_127,5,6,"(5, 6)",0,11,exact_replay_715_45760_tokens,T4_batch_128,5.9963884353637695,7.048996925354004,0.00041437934851273894,0.0004143714904785156,7.8580342233181e-09,1.896374244821634e-05,1,0,0.020439617335796356,0.1642812192440033,0.022175662219524384,0.17636413872241974,0.0019430124666541815,0.013009179383516312,0.02325274597387761,0.18120494578033686,-0.8983332514762878,-0.8979188799858093
theta3,T4,batch1_0_127,5,6,"(5, 6)",0,12,exact_replay_715_45760_tokens,T4_batch_128,5.832398891448975,7.017000198364258,0.0003266975108999759,0.000326693058013916,4.452886059880257e-09,1.3630182676518884e-05,1,0,0.022175662219524384,0.17636413872241974,0.02391279675066471,0.18804366886615753,0.0019651632755994797,0.012673404067754745,0.02521790924947709,0.1938783498480916,-0.8139912486076355,-0.8136645555496216
theta3,T4,batch1_0_127,5,6,"(5, 6)",0,13,exact_replay_715_45760_tokens,T4_batch_128,5.67340087890625,7.001936435699463,0.00026164494920521975,0.00026160478591918945,4.016328603029251e-08,0.00015352657211209844,1,0,0.02391279675066471,0.18804366886615753,0.025648795068264008,0.1991887092590332,0.0019796022679656744,0.012203201651573181,0.027197511517442763,0.20608155149966478,-0.7398027777671814,-0.7395411729812622
theta3,T4,batch1_0_127,5,6,"(5, 6)",0,14,exact_replay_715_45760_tokens,T4_batch_128,5.522461891174316,6.990408897399902,0.0002102266444126144,0.00021022558212280273,1.0622898116707802e-09,5.053094875248086e-06,1,0,0.025648795068264008,0.1991887092590332,0.027389056980609894,0.20997057855129242,0.00199518701992929,0.011895050294697285,0.029192698537372053,0.21797660179436207,-0.659090518951416,-0.6588802933692932
theta3,T4,batch1_0_127,5,6,"(5, 6)",0,15,exact_replay_715_45760_tokens,T4_batch_128,5.3777265548706055,6.988978385925293,0.00017036631470546126,0.00017029047012329102,7.584458217024803e-08,0.0004453835973048652,1,0,0.027389056980609894,0.20997057855129242,0.02912912517786026,0.2204577773809433,0.002001224784180522,0.011645273305475712,0.031193923321552575,0.22962187509983778,-0.5865722298622131,-0.5864019393920898
theta3,T4,batch1_0_127,5,6,"(5, 6)",0,16,exact_replay_715_45760_tokens,T4_batch_128,5.240012168884277,6.991600036621094,0.00013525791291613132,0.00013524293899536133,1.497392076998949e-08,0.0001107186880233583,1,0,0.02912912517786026,0.2204577773809433,0.030865509063005447,0.23071765899658203,0.002005212241783738,0.011444812640547752,0.03319913556333631,0.24106668774038553,-0.5232690572738647,-0.5231338143348694
theta3,T4,batch1_0_127,5,6,"(5, 6)",0,17,exact_replay_715_45760_tokens,T4_batch_128,5.108914375305176,7.006972312927246,0.00010916745668509975,0.00010916590690612793,1.5497789718210697e-09,1.41965473996724e-05,1,0,0.030865509063005447,0.23071765899658203,0.03259832412004471,0.2407892644405365,0.0020056169014424086,0.011258738115429878,0.03520475246477872,0.2523254258558154,-0.465899795293808,-0.46579062938690186
theta3,T4,batch1_0_127,5,6,"(5, 6)",0,18,exact_replay_715_45760_tokens,T4_batch_128,4.98097038269043,7.022333145141602,8.717986202100292e-05,8.71419906616211e-05,3.787135938182473e-08,0.00043459369121922025,1,0,0.03259832412004471,0.2407892644405365,0.03432079032063484,0.25068676471710205,0.0020004715770483017,0.01109014730900526,0.03720522404182702,0.26341557316482067,-0.4097500443458557,-0.4096629023551941
theta3,T4,batch1_0_127,5,6,"(5, 6)",0,19,exact_replay_715_45760_tokens,T4_batch_128,4.8563032150268555,7.044897079467773,7.265910244314e-05,7.265806198120117e-05,1.04046193882823e-09,1.4319979235028711e-05,1,0,0.03432079032063484,0.25068676471710205,0.036027759313583374,0.2603212594985962,0.001988300122320652,0.010832065716385841,0.039193524164147675,0.2742476388812065,-0.35304898023605347,-0.35297632217407227
theta3,T4,batch1_0_127,5,6,"(5, 6)",0,20,exact_replay_715_45760_tokens,T4_batch_128,4.735760688781738,7.06063175201416,5.917739690630697e-05,5.91278076171875e-05,4.958928911946714e-08,0.0008386796520602318,1,0,0.036027759313583374,0.2603212594985962,0.037719182670116425,0.2696699798107147,0.001975283958017826,0.0105508491396904,0.0411688081221655,0.2847984880208969,-0.30301016569137573,-0.30295103788375854
theta3,T4,batch1_0_127,5,6,"(5, 6)",0,21,exact_replay_715_45760_tokens,T4_batch_128,4.625611305236816,7.074203968048096,4.967839049641043e-05,4.9680471420288086e-05,2.08092387765646e-09,4.188615401919616e-05,1,0,0.037719182670116425,0.2696699798107147,0.03939364105463028,0.2786884307861328,0.001960861962288618,0.010232132859528065,0.04312967008445412,0.295030620880425,-0.2657686173915863,-0.265718936920166
theta3,T4,batch1_0_127,5,6,"(5, 6)",0,22,exact_replay_715_45760_tokens,T4_batch_128,4.5205488204956055,7.081250190734863,4.1087783756665885e-05,4.106760025024414e-05,2.0183506421744823e-08,0.0004914703147677794,1,0,0.03939364105463028,0.2786884307861328,0.04104595258831978,0.2874225378036499,0.001937549328431487,0.00993989035487175,0.045067219412885606,0.3049705112352967,-0.2357536107301712,-0.23571254312992096
theta3,T4,batch1_0_127,5,6,"(5, 6)",0,23,exact_replay_715_45760_tokens,T4_batch_128,4.422266006469727,7.095602035522461,3.392976941540837e-05,3.390014171600342e-05,2.962769940495491e-08,0.0008739697802197802,1,0,0.04104595258831978,0.2874225378036499,0.04267490282654762,0.29589658975601196,0.001913534477353096,0.009675264358520508,0.0469807538902387,0.31464577559381723,-0.21218785643577576,-0.21215395629405975
theta3,T4,batch1_0_127,5,6,"(5, 6)",0,24,exact_replay_715_45760_tokens,T4_batch_128,4.329989910125732,7.11021614074707,2.7957370548392646e-05,2.7954578399658203e-05,2.7921487344428897e-09,9.988162563299574e-05,1,0,0.04267490282654762,0.29589658975601196,0.044276926666498184,0.3040945827960968,0.0018864425364881754,0.009393619373440742,0.04886719642672688,0.324039394967258,-0.19685468077659607,-0.1968267261981964
theta3,T4,batch1_0_127,5,6,"(5, 6)",0,25,exact_replay_715_45760_tokens,T4_batch_128,4.2443389892578125,7.128835678100586,2.376049815211445e-05,2.3752450942993164e-05,8.047209121286869e-09,0.00033879489491844416,1,0,0.044276926666498184,0.3040945827960968,0.0458526685833931,0.3120550811290741,0.0018597826128825545,0.00914592482149601,0.05072697903960943,0.333185319788754,-0.18184146285057068,-0.18181771039962769
theta3,T4,batch1_0_127,5,6,"(5, 6)",0,26,exact_replay_715_45760_tokens,T4_batch_128,4.161316871643066,7.152464389801025,1.8969263692270033e-05,1.895427703857422e-05,1.498665369581431e-08,0.0007906739816725629,1,0,0.0458526685833931,0.3120550811290741,0.04740050807595253,0.31972736120224,0.0018333003390580416,0.008866572752594948,0.052560279378667474,0.34205189254134893,-0.163822740316391,-0.16380378603935242
theta3,T4,batch1_0_127,5,6,"(5, 6)",0,27,exact_replay_715_45760_tokens,T4_batch_128,4.084524154663086,7.174668312072754,1.5460171198355965e-05,1.545250415802002e-05,7.667040335945785e-09,0.0004961681457931533,1,0,0.04740050807595253,0.31972736120224,0.04891876131296158,0.32711631059646606,0.001802890095859766,0.008581668138504028,0.05436316947452724,0.35063356067985296,-0.1526508629322052,-0.15263541042804718
theta3,T4,batch1_0_127,5,6,"(5, 6)",0,28,exact_replay_715_45760_tokens,T4_batch_128,4.012982368469238,7.2028703689575195,1.2497556781454477e-05,1.2487173080444336e-05,1.0383701010141522e-08,0.0008315493781697494,1,0,0.04891876131296158,0.32711631059646606,0.05040588229894638,0.3342594504356384,0.0017701631877571344,0.008326036855578423,0.056133332662284374,0.3589595975354314,-0.1428726464509964,-0.14286015927791595
theta3,T4,batch1_0_127,5,6,"(5, 6)",0,29,exact_replay_715_45760_tokens,T4_batch_128,3.945524215698242,7.234769821166992,9.063701327249873e-06,9.059906005859375e-06,3.7953213904984295e-09,0.0004189139918277138,1,0,0.05040588229894638,0.3342594504356384,0.051859743893146515,0.34117093682289124,0.0017353241564705968,0.00808120146393776,0.05786865681875497,0.36704079899936914,-0.13434666395187378,-0.13433760404586792
theta3,T4,batch1_0_127,5,6,"(5, 6)",0,30,exact_replay_715_45760_tokens,T4_batch_128,3.881289005279541,7.2635297775268555,6.305755505309207e-06,6.303191184997559e-06,2.564320311648771e-09,0.0004068288960919031,1,0,0.051859743893146515,0.34117093682289124,0.05327979475259781,0.3478761613368988,0.0016989080468192697,0.007856522686779499,0.05956756486557424,0.37489732168614864,-0.1276731789112091,-0.1276668757200241
theta3,T4,batch1_0_127,5,6,"(5, 6)",0,31,exact_replay_715_45760_tokens,T4_batch_128,3.816215991973877,7.290661811828613,2.506285227354965e-06,2.5033950805664062e-06,2.8901467885589227e-09,0.0011544908796037947,1,0,0.05327979475259781,0.3478761613368988,0.05466073006391525,0.35431617498397827,0.0016581873642280698,0.007592563517391682,0.06122575222980231,0.3824898852035403,-0.12133989483118057,-0.1213373914361
theta3,T4,batch1_0_127,5,6,"(5, 6)",0,32,exact_replay_715_45760_tokens,T4_batch_128,3.758775472640991,7.324045181274414,4.695189943504374e-07,4.76837158203125e-07,7.318163852687576e-09,0.015347301959991455,1,0,0.05466073006391525,0.35431617498397827,0.05600665137171745,0.36053356528282166,0.0016194172203540802,0.007349480874836445,0.06284516945015639,0.38983936607837677,-0.11686387658119202,-0.11686339974403381
theta3,T4,batch1_0_127,5,6,"(5, 6)",0,33,exact_replay_715_45760_tokens,T4_batch_128,3.7066617012023926,7.359912395477295,-6.649546548942453e-07,-6.854534149169922e-07,2.0498760022746865e-08,0.029905402142068615,0,1,0.05600665137171745,0.36053356528282166,0.05732061341404915,0.36656638979911804,0.0015840106643736362,0.007141065783798695,0.06442918011453003,0.39698043186217546,-0.11158992350101471,-0.11159060895442963
theta3,T4,batch1_0_127,5,6,"(5, 6)",0,34,exact_replay_715_45760_tokens,T4_batch_128,3.6562037467956543,7.391386985778809,-2.643245807121275e-06,-2.637505531311035e-06,5.7402758102398366e-09,0.0021764033258298023,0,1,0.05732061341404915,0.36656638979911804,0.05860116705298424,0.3723828196525574,0.0015471368096768856,0.006906221620738506,0.06597631692420691,0.40388665348291397,-0.1071932464838028,-0.1071958839893341
theta3,T4,batch1_0_127,5,6,"(5, 6)",0,35,exact_replay_715_45760_tokens,T4_batch_128,3.609546184539795,7.421910285949707,-3.805731694228598e-06,-3.7997961044311523e-06,5.935589797445573e-09,0.0015620811312806373,0,1,0.05860116705298424,0.3723828196525574,0.0598490908741951,0.37800347805023193,0.0015096995048224926,0.006687222979962826,0.0674860164290294,0.4105738764628768,-0.10422946512699127,-0.1042332649230957
theta3,T4,batch1_0_127,5,6,"(5, 6)",0,36,exact_replay_715_45760_tokens,T4_batch_128,3.566124677658081,7.453857421875,-3.8126363506307825e-06,-3.814697265625e-06,2.0609149942174554e-09,0.0005402565002441406,0,1,0.0598490908741951,0.37800347805023193,0.06106443330645561,0.3834575116634369,0.0014715041033923626,0.006490442436188459,0.06895752053242177,0.41706431889906526,-0.10039132833480835,-0.10039514303207397
theta3,T4,batch1_0_127,5,6,"(5, 6)",0,37,exact_replay_715_45760_tokens,T4_batch_128,3.5236968994140625,7.48130989074707,-4.371813247416867e-06,-4.373490810394287e-06,1.6775629774201661e-09,0.0003835752834859455,0,1,0.06106443330645561,0.3834575116634369,0.062247321009635925,0.3887249827384949,0.0014344601659104228,0.006280390080064535,0.07039198069833219,0.4233447089791298,-0.09702708572149277,-0.09703145921230316
theta3,T4,batch1_0_127,5,6,"(5, 6)",0,38,exact_replay_715_45760_tokens,T4_batch_128,3.484675407409668,7.51512336730957,-4.922836978948908e-06,-4.92483377456665e-06,1.996795617742464e-09,0.0004054544192038578,0,1,0.062247321009635925,0.3887249827384949,0.06340046226978302,0.39381179213523865,0.0013995369663462043,0.006082269363105297,0.0717915176646784,0.4294269783422351,-0.09406809508800507,-0.09407301992177963
theta3,T4,batch1_0_127,5,6,"(5, 6)",0,39,exact_replay_715_45760_tokens,T4_batch_128,3.448637008666992,7.54518985748291,-5.66967491977266e-06,-5.669891834259033e-06,2.1691448637284338e-10,3.8257252997700396e-05,0,1,0.06340046226978302,0.39381179213523865,0.06452441215515137,0.39871689677238464,0.001365469885058701,0.005884264595806599,0.0731569875497371,0.4353112429380417,-0.09144889563322067,-0.09145456552505493
theta3,T4,batch1_0_127,5,7,"(5, 7)",1,0,exact_replay_715_45760_tokens,T4_batch_128,8.61972427368164,8.241799354553223,0.0018096539424732327,0.0018093585968017578,2.953456714749336e-07,0.00016323224815522467,1,0,0.0,0.0,0.002157083712518215,0.01881047710776329,0.002157083712518215,0.01881047710776329,0.002157083712518215,0.01881047710776329,-1.867706537246704,-1.8658971786499023
theta3,T4,batch1_0_127,5,7,"(5, 7)",1,1,exact_replay_715_45760_tokens,T4_batch_128,8.24856948852539,8.022095680236816,0.00157826766371727,0.0015779733657836914,2.942979335784912e-07,0.00018650373951801768,1,0,0.002157083712518215,0.01881047710776329,0.0042539737187325954,0.03743896260857582,0.002103914739564061,0.018658660352230072,0.004260998452082276,0.03746913745999336,-1.7492533922195435,-1.7476754188537598
theta3,T4,batch1_0_127,5,7,"(5, 7)",1,2,exact_replay_715_45760_tokens,T4_batch_128,7.896265029907227,7.824407577514648,0.0013954517198726535,0.0013952255249023438,2.2619497030973434e-07,0.0001621207226161996,1,0,0.0042539737187325954,0.03743896260857582,0.006282764952629805,0.055527254939079285,0.0020493532065302134,0.018174169585108757,0.00631035165861249,0.05564330704510212,-1.6597025394439697,-1.6583073139190674
theta3,T4,batch1_0_127,5,7,"(5, 7)",1,3,exact_replay_715_45760_tokens,T4_batch_128,7.548960208892822,7.648040771484375,0.0012146852677688003,0.0012146234512329102,6.181653589010239e-08,5.089358008636765e-05,1,0,0.006282764952629805,0.055527254939079285,0.00824230257421732,0.07276824861764908,0.00200265902094543,0.017404187470674515,0.00831301067955792,0.07304749451577663,-1.5609955787658691,-1.5597809553146362
theta3,T4,batch1_0_127,5,7,"(5, 7)",1,4,exact_replay_715_45760_tokens,T4_batch_128,7.238285064697266,7.518050193786621,0.0010430963011458516,0.0010429620742797852,1.3422686606645584e-07,0.0001286977440278889,1,0,0.00824230257421732,0.07276824861764908,0.010140429250895977,0.08895175904035568,0.001967707183212042,0.016449257731437683,0.010280717862769961,0.08949675224721432,-1.4567832946777344,-1.4557403326034546
theta3,T4,batch1_0_127,5,7,"(5, 7)",1,5,exact_replay_715_45760_tokens,T4_batch_128,6.976329803466797,7.403212070465088,0.0009024227038025856,0.0009024143218994141,8.381903171539307e-09,9.288309114927345e-06,1,0,0.010140429250895977,0.08895175904035568,0.011992077343165874,0.10408803075551987,0.0019485587254166603,0.015527883544564247,0.012229276588186622,0.10502463579177856,-1.3724180459976196,-1.3715156316757202
theta3,T4,batch1_0_127,5,7,"(5, 7)",1,6,exact_replay_715_45760_tokens,T4_batch_128,6.740804672241211,7.32172155380249,0.0007717654807493091,0.000771641731262207,1.237494871020317e-07,0.00016037168816622894,1,0,0.011992077343165874,0.10408803075551987,0.013809322379529476,0.11834759265184402,0.0019404753111302853,0.014793801121413708,0.014169751899316907,0.11981843691319227,-1.2994954586029053,-1.298723816871643
theta3,T4,batch1_0_127,5,7,"(5, 7)",1,7,exact_replay_715_45760_tokens,T4_batch_128,6.5194993019104,7.248119354248047,0.0006400881102308631,0.0006400346755981445,5.343463271856308e-08,8.34870902402682e-05,1,0,0.013809322379529476,0.11834759265184402,0.01559912133961916,0.1316458284854889,0.0019426749786362052,0.013989165425300598,0.016112426877953112,0.13380760233849287,-1.2321968078613281,-1.23155677318573
theta3,T4,batch1_0_127,5,7,"(5, 7)",1,8,exact_replay_715_45760_tokens,T4_batch_128,6.329519748687744,7.205703258514404,0.0005188778741285205,0.000518798828125,7.904600352048874e-08,0.00015236349666819852,1,0,0.01559912133961916,0.1316458284854889,0.017375769093632698,0.1440785676240921,0.001956749940291047,0.013285219669342041,0.01806917681824416,0.1470928220078349,-1.1786789894104004,-1.1781601905822754
theta3,T4,batch1_0_127,5,7,"(5, 7)",1,9,exact_replay_715_45760_tokens,T4_batch_128,6.158821105957031,7.173684597015381,0.00042125891195610166,0.00042128562927246094,2.671731635928154e-08,6.341853247028863e-05,1,0,0.017375769093632698,0.1440785676240921,0.019154133275151253,0.15592752397060394,0.001980151981115341,0.012799843214452267,0.0200493287993595,0.15989266522228718,-1.1323200464248657,-1.1318987607955933
theta3,T4,batch1_0_127,5,7,"(5, 7)",1,10,exact_replay_715_45760_tokens,T4_batch_128,5.9993109703063965,7.145399570465088,0.00032259232830256224,0.00032258033752441406,1.1990778148174286e-08,3.717144770879527e-05,1,0,0.019154133275151253,0.15592752397060394,0.020939255133271217,0.16724100708961487,0.00200470513664186,0.012323332950472832,0.02205403393600136,0.17221599817276,-1.0921823978424072,-1.0918598175048828
theta3,T4,batch1_0_127,5,7,"(5, 7)",1,11,exact_replay_715_45760_tokens,T4_batch_128,5.851776599884033,7.123228549957275,0.00023071760369930416,0.00023055076599121094,1.6683770809322596e-07,0.0007236484657768872,1,0,0.020939255133271217,0.16724100708961487,0.02273721806704998,0.1780456155538559,0.002032877877354622,0.011892184615135193,0.024086911813355982,0.1841081827878952,-1.06936776638031,-1.0691372156143188
theta3,T4,batch1_0_127,5,7,"(5, 7)",1,12,exact_replay_715_45760_tokens,T4_batch_128,5.711645126342773,7.114143371582031,0.00014079903485253453,0.00014078617095947266,1.2863893061876297e-08,9.137185118543608e-05,1,0,0.02273721806704998,0.1780456155538559,0.024549586698412895,0.18840374052524567,0.0020600869320333004,0.01148609071969986,0.026146998745389283,0.19559427350759506,-1.0472966432571411,-1.0471558570861816
theta3,T4,batch1_0_127,5,7,"(5, 7)",1,13,exact_replay_715_45760_tokens,T4_batch_128,5.578632354736328,7.115597724914551,5.267769665806554e-05,5.269050598144531e-05,1.2809323379769921e-08,0.00024310496058399322,1,0,0.024549586698412895,0.18840374052524567,0.026377353817224503,0.19832690060138702,0.0020847634878009558,0.011092860251665115,0.02823176223319024,0.20668713375926018,-1.02606201171875,-1.0260093212127686
theta3,T4,batch1_0_127,5,7,"(5, 7)",1,14,exact_replay_715_45760_tokens,T4_batch_128,5.455692291259766,7.1047587394714355,-3.991127232438885e-05,-3.993511199951172e-05,2.3839675122871995e-08,0.0005969602670242537,0,1,0.026377353817224503,0.19832690060138702,0.02822173200547695,0.20782111585140228,0.002110301749780774,0.010725009255111217,0.030342063982971013,0.2174121430143714,-1.0023789405822754,-1.002418875694275
theta3,T4,batch1_0_127,5,7,"(5, 7)",1,15,exact_replay_715_45760_tokens,T4_batch_128,5.343034744262695,7.090611457824707,-0.00012133560085203499,-0.0001214146614074707,7.90605554357171e-08,0.0006511615196980854,0,1,0.02822173200547695,0.20782111585140228,0.03008189983665943,0.21689319610595703,0.002132970606908202,0.010362117551267147,0.032475034589879215,0.22777426056563854,-0.9801832437515259,-0.9803046584129333
theta3,T4,batch1_0_127,5,7,"(5, 7)",1,16,exact_replay_715_45760_tokens,T4_batch_128,5.235427379608154,7.084507465362549,-0.00018896609253715724,-0.00018918514251708984,2.1904997993260622e-07,0.0011578603743304977,0,1,0.03008189983665943,0.21689319610595703,0.03195897862315178,0.22565019130706787,0.002149927197024226,0.010096901096403599,0.03462496178690344,0.23787116166204214,-0.9604512453079224,-0.9606404304504395
theta3,T4,batch1_0_127,5,7,"(5, 7)",1,17,exact_replay_715_45760_tokens,T4_batch_128,5.133492946624756,7.082979679107666,-0.00025403217296116054,-0.00025403499603271484,2.8230715543031693e-09,1.1112923803378695e-05,0,1,0.03195897862315178,0.22565019130706787,0.03385007008910179,0.23417598009109497,0.0021625198423862457,0.009899674914777279,0.03678748162928969,0.24777083657681942,-0.9395658373832703,-0.939819872379303
theta3,T4,batch1_0_127,5,7,"(5, 7)",1,18,exact_replay_715_45760_tokens,T4_batch_128,5.035025596618652,7.0793585777282715,-0.00030807784060016274,-0.00030809640884399414,1.8568243831396103e-08,6.026764122654285e-05,0,1,0.03385007008910179,0.23417598009109497,0.035754334181547165,0.24254892766475677,0.0021715715993195772,0.009758769534528255,0.038959053228609264,0.2575296061113477,-0.9143141508102417,-0.9146222472190857
theta3,T4,batch1_0_127,5,7,"(5, 7)",1,19,exact_replay_715_45760_tokens,T4_batch_128,4.940937042236328,7.074489593505859,-0.0003602096694521606,-0.00036019086837768555,1.8801074475049973e-08,5.2197532268740695e-05,0,1,0.035754334181547165,0.24254892766475677,0.03766762837767601,0.2508028447628021,0.002177806803956628,0.009652042761445045,0.04113686003256589,0.2671816488727927,-0.8852636218070984,-0.8856238126754761
theta3,T4,batch1_0_127,5,7,"(5, 7)",1,20,exact_replay_715_45760_tokens,T4_batch_128,4.845973968505859,7.075413703918457,-0.00038552761543542147,-0.00038558244705200195,5.48316165804863e-08,0.00014220464909568713,0,1,0.03766762837767601,0.2508028447628021,0.039583079516887665,0.2590026557445526,0.00217113783583045,0.009583896957337856,0.04330799786839634,0.2767655458301306,-0.8603666424751282,-0.8607522249221802
theta3,T4,batch1_0_127,5,7,"(5, 7)",1,21,exact_replay_715_45760_tokens,T4_batch_128,4.750361442565918,7.073462009429932,-0.0004187060985714197,-0.00041878223419189453,7.613562047481537e-08,0.0001818024124679761,0,1,0.039583079516887665,0.2590026557445526,0.041496142745018005,0.2670588195323944,0.0021629994735121727,0.009438096545636654,0.045470997341908514,0.28620364237576723,-0.829230546951294,-0.8296493291854858
theta3,T4,batch1_0_127,5,7,"(5, 7)",1,22,exact_replay_715_45760_tokens,T4_batch_128,4.658125877380371,7.068134784698486,-0.00044866828829981387,-0.0004487037658691406,3.5477569326758385e-08,7.90667964598831e-05,0,1,0.041496142745018005,0.2670588195323944,0.04340318590402603,0.274922251701355,0.0021520182490348816,0.00925467349588871,0.047623015590943396,0.29545831587165594,-0.8014099597930908,-0.80185866355896
theta3,T4,batch1_0_127,5,7,"(5, 7)",1,23,exact_replay_715_45760_tokens,T4_batch_128,4.574210166931152,7.0836310386657715,-0.00046679319348186255,-0.0004668235778808594,3.0384398996829987e-08,6.508754149642492e-05,0,1,0.04340318590402603,0.274922251701355,0.04530160129070282,0.28264445066452026,0.0021370709873735905,0.009109525009989738,0.04976008657831699,0.3045678408816457,-0.7724153399467468,-0.7728821635246277
theta3,T4,batch1_0_127,5,7,"(5, 7)",1,24,exact_replay_715_45760_tokens,T4_batch_128,4.487925052642822,7.094528675079346,-0.0004742849268950522,-0.0004743337631225586,4.8836227506399155e-08,0.00010295751916310631,0,1,0.04530160129070282,0.28264445066452026,0.04718674346804619,0.29023948311805725,0.0021174899302423,0.008968962356448174,0.05187757650855929,0.31353680323809385,-0.7409014701843262,-0.7413758039474487
theta3,T4,batch1_0_127,5,7,"(5, 7)",1,25,exact_replay_715_45760_tokens,T4_batch_128,4.404554843902588,7.107278823852539,-0.0004942849045619369,-0.0004943609237670898,7.601920515298843e-08,0.00015377268205931998,0,1,0.04718674346804619,0.29023948311805725,0.04905985668301582,0.29763665795326233,0.002103028818964958,0.008782793767750263,0.053980605327524245,0.3223195970058441,-0.7117094993591309,-0.712203860282898
theta3,T4,batch1_0_127,5,7,"(5, 7)",1,26,exact_replay_715_45760_tokens,T4_batch_128,4.329678535461426,7.122443199157715,-0.0004946730332449079,-0.0004946589469909668,1.4086253941059113e-08,2.8476698999879503e-05,0,1,0.04905985668301582,0.29763665795326233,0.05091647803783417,0.30489736795425415,0.002080547157675028,0.008633687160909176,0.05606115248519927,0.3309532841667533,-0.6796441078186035,-0.6801387667655945
theta3,T4,batch1_0_127,5,7,"(5, 7)",1,27,exact_replay_715_45760_tokens,T4_batch_128,4.252772808074951,7.1471476554870605,-0.0004829938989132643,-0.000483095645904541,1.0174699127674103e-07,0.00021061458975940779,0,1,0.05091647803783417,0.30489736795425415,0.05274854227900505,0.31200066208839417,0.0020498542580753565,0.008471228182315826,0.05811100674327463,0.3394245123490691,-0.6490136384963989,-0.6494967341423035
theta3,T4,batch1_0_127,5,7,"(5, 7)",1,28,exact_replay_715_45760_tokens,T4_batch_128,4.180232048034668,7.164380073547363,-0.000465690711280331,-0.00046575069427490234,5.998299457132816e-08,0.00012878777274763246,0,1,0.05274854227900505,0.31200066208839417,0.05455240234732628,0.31899523735046387,0.0020134032238274813,0.008320840075612068,0.06012440996710211,0.3477453524246812,-0.6176719665527344,-0.6181377172470093
theta3,T4,batch1_0_127,5,7,"(5, 7)",1,29,exact_replay_715_45760_tokens,T4_batch_128,4.112500190734863,7.182918548583984,-0.00044840495684184134,-0.00044846534729003906,6.039044819772243e-08,0.0001346602330874535,0,1,0.05455240234732628,0.31899523735046387,0.05632540211081505,0.3258691728115082,0.0019751007203012705,0.008166494779288769,0.06209951068740338,0.35591184720396996,-0.5881164073944092,-0.5885648727416992
theta3,T4,batch1_0_127,5,7,"(5, 7)",1,30,exact_replay_715_45760_tokens,T4_batch_128,4.04717493057251,7.208581447601318,-0.00042935347300954163,-0.00042933225631713867,2.121669240295887e-08,4.9417885776759684e-05,0,1,0.05632540211081505,0.3258691728115082,0.05806514620780945,0.33261433243751526,0.0019348993664607406,0.008002049289643764,0.06403441005386412,0.3639138964936137,-0.5593310594558716,-0.5597603917121887
theta3,T4,batch1_0_127,5,7,"(5, 7)",1,31,exact_replay_715_45760_tokens,T4_batch_128,3.9833970069885254,7.232423782348633,-0.00041240581776946783,-0.00041240453720092773,1.280568540096283e-09,3.105127186009539e-06,0,1,0.05806514620780945,0.33261433243751526,0.059769947081804276,0.3392042815685272,0.00189339614007622,0.007816915400326252,0.06592780619394034,0.37173081189393997,-0.5338372588157654,-0.5342496633529663
theta3,T4,batch1_0_127,5,7,"(5, 7)",1,32,exact_replay_715_45760_tokens,T4_batch_128,3.9206490516662598,7.256981372833252,-0.0003933452826458961,-0.0003933906555175781,4.5372871682047844e-08,0.00011533794981060606,0,1,0.059769947081804276,0.3392042815685272,0.06143662706017494,0.34564462304115295,0.0018486728658899665,0.007633473724126816,0.06777647905983031,0.3793642856180668,-0.5092123746871948,-0.5096057653427124
theta3,T4,batch1_0_127,5,7,"(5, 7)",1,33,exact_replay_715_45760_tokens,T4_batch_128,3.8612852096557617,7.2833251953125,-0.00037206924753263593,-0.0003720521926879883,1.705484464764595e-08,4.583992510413329e-05,0,1,0.06143662706017494,0.34564462304115295,0.06306303292512894,0.35195401310920715,0.0018019125564023852,0.007459881249815226,0.0695783916162327,0.386824166867882,-0.48509591817855835,-0.48546797037124634
theta3,T4,batch1_0_127,5,7,"(5, 7)",1,34,exact_replay_715_45760_tokens,T4_batch_128,3.8052926063537598,7.315670967102051,-0.00035007312544621527,-0.00035008788108825684,1.4755642041563988e-08,4.214839427087767e-05,0,1,0.06306303292512894,0.35195401310920715,0.06464897841215134,0.35810357332229614,0.001755992416292429,0.007272962015122175,0.07133438403252512,0.3940971288830042,-0.45934903621673584,-0.4596991240978241
theta3,T4,batch1_0_127,5,7,"(5, 7)",1,35,exact_replay_715_45760_tokens,T4_batch_128,3.7525696754455566,7.345486164093018,-0.0003270807210355997,-0.00032711029052734375,2.9569491744041443e-08,9.039609147230321e-05,0,1,0.06464897841215134,0.35810357332229614,0.06619301438331604,0.3640984892845154,0.0017085723811760545,0.007086647674441338,0.07304295641370118,0.4011837765574455,-0.4359692335128784,-0.43629634380340576
theta3,T4,batch1_0_127,5,7,"(5, 7)",1,36,exact_replay_715_45760_tokens,T4_batch_128,3.702197790145874,7.3706560134887695,-0.0003026986087206751,-0.0003027021884918213,3.5797711461782455e-09,1.182604976863247e-05,0,1,0.06619301438331604,0.3640984892845154,0.06769460439682007,0.3699379563331604,0.001660966663621366,0.006901553366333246,0.07470392307732254,0.4080853299237788,-0.4119361340999603,-0.41223883628845215
theta3,T4,batch1_0_127,5,7,"(5, 7)",1,37,exact_replay_715_45760_tokens,T4_batch_128,3.6550376415252686,7.393614768981934,-0.00028440821915864944,-0.00028440356254577637,4.6566128730773926e-09,1.6373257885361e-05,0,1,0.06769460439682007,0.3699379563331604,0.06915351748466492,0.3756161332130432,0.0016136834165081382,0.006712569855153561,0.07631760649383068,0.41479789977893233,-0.39284783601760864,-0.3931322395801544
theta3,T4,batch1_0_127,5,7,"(5, 7)",1,38,exact_replay_715_45760_tokens,T4_batch_128,3.609126567840576,7.417795658111572,-0.00026316088042221963,-0.000263214111328125,5.3230905905365944e-08,0.00020223424054574275,0,1,0.06915351748466492,0.3756161332130432,0.07056878507137299,0.38112738728523254,0.0015655473107472062,0.006517596077173948,0.07788315380457789,0.4213154958561063,-0.3736320734024048,-0.3738952875137329
theta3,T4,batch1_0_127,5,7,"(5, 7)",1,39,exact_replay_715_45760_tokens,T4_batch_128,3.56669545173645,7.446719646453857,-0.0002443682460580021,-0.00024434924125671387,1.900480128824711e-08,7.777720606171485e-05,0,1,0.07056878507137299,0.38112738728523254,0.07194282859563828,0.3864870071411133,0.0015202322974801064,0.006341664120554924,0.079403386102058,0.4276571599766612,-0.35567528009414673,-0.35591962933540344
theta3,T4,batch1_0_127,6,7,"(6, 7)",1,0,exact_replay_715_45760_tokens,T4_batch_128,8.40190315246582,8.241799354553223,0.0032528582960367203,0.003252267837524414,5.904585123062134e-07,0.00018155285536251007,1,0,0.0,0.0,0.002074955962598324,0.01730344071984291,0.002074955962598324,0.01730344071984291,0.002074955962598324,0.01730344071984291,-3.5295913219451904,-3.526339054107666
theta3,T4,batch1_0_127,6,7,"(6, 7)",1,1,exact_replay_715_45760_tokens,T4_batch_128,8.096014022827148,8.022138595581055,0.002782723866403103,0.0027823448181152344,3.7904828786849976e-07,0.0001362333976006855,1,0,0.002074955962598324,0.01730344071984291,0.004110127687454224,0.03429200127720833,0.0020411950536072254,0.01701604761183262,0.004116151016205549,0.03431948833167553,-3.2365918159484863,-3.233809471130371
theta3,T4,batch1_0_127,6,7,"(6, 7)",1,2,exact_replay_715_45760_tokens,T4_batch_128,7.80491828918457,7.8212890625,0.0023844968527555466,0.0023839473724365234,5.494803190231323e-07,0.000230491799179918,1,0,0.004110127687454224,0.03429200127720833,0.006109294947236776,0.05081399902701378,0.0020149967167526484,0.016594355925917625,0.006131147732958198,0.050913844257593155,-2.9630126953125,-2.9606287479400635
theta3,T4,batch1_0_127,6,7,"(6, 7)",1,3,exact_replay_715_45760_tokens,T4_batch_128,7.524898529052734,7.648021221160889,0.0020163985900580883,0.002016305923461914,9.266659617424011e-08,4.595859938512475e-05,1,0,0.006109294947236776,0.05081399902701378,0.008071394637227058,0.0667685866355896,0.0019949888810515404,0.01610761135816574,0.008126136614009738,0.0670214556157589,-2.7019262313842773,-2.6999099254608154
theta3,T4,batch1_0_127,6,7,"(6, 7)",1,4,exact_replay_715_45760_tokens,T4_batch_128,7.26131534576416,7.508689880371094,0.0017047650180757046,0.0017044544219970703,3.105960786342621e-07,0.00018222609805567213,1,0,0.008071394637227058,0.0667685866355896,0.010001090355217457,0.08197090029716492,0.0019818369764834642,0.015442831441760063,0.010107973590493202,0.08246428705751896,-2.46517014503479,-2.463465690612793
theta3,T4,batch1_0_127,6,7,"(6, 7)",1,5,exact_replay_715_45760_tokens,T4_batch_128,7.025199890136719,7.3957929611206055,0.0014469343004748225,0.0014467239379882812,2.103624865412712e-07,0.00014540610065095583,1,0,0.010001090355217457,0.08197090029716492,0.011908621527254581,0.09649591892957687,0.0019796625711023808,0.014873573556542397,0.012087636161595583,0.09733786061406136,-2.2350142002105713,-2.233567476272583
theta3,T4,batch1_0_127,6,7,"(6, 7)",1,6,exact_replay_715_45760_tokens,T4_batch_128,6.803248405456543,7.310900688171387,0.0012256598565727472,0.0012254714965820312,1.8835999071598053e-07,0.0001537040977626459,1,0,0.011908621527254581,0.09649591892957687,0.013799072243273258,0.11024972051382065,0.0019834525883197784,0.014212733134627342,0.014071088749915361,0.1115505937486887,-2.042013645172119,-2.040788173675537
theta3,T4,batch1_0_127,6,7,"(6, 7)",1,7,exact_replay_715_45760_tokens,T4_batch_128,6.601193428039551,7.242297649383545,0.0010398072190582752,0.001039743423461914,6.379559636116028e-08,6.13570568676909e-05,1,0,0.013799072243273258,0.11024972051382065,0.015676524490118027,0.12336264550685883,0.00199053343385458,0.013670639134943485,0.01606162218376994,0.12522123288363218,-1.877445936203003,-1.876406192779541
theta3,T4,batch1_0_127,6,7,"(6, 7)",1,8,exact_replay_715_45760_tokens,T4_batch_128,6.410667419433594,7.189507484436035,0.0008741015917621553,0.0008740425109863281,5.908077582716942e-08,6.75948538938898e-05,1,0,0.015676524490118027,0.12336264550685883,0.017546862363815308,0.13580162823200226,0.0020033828914165497,0.013108275830745697,0.01806500507518649,0.13832950871437788,-1.7279186248779297,-1.7270445823669434
theta3,T4,batch1_0_127,6,7,"(6, 7)",1,9,exact_replay_715_45760_tokens,T4_batch_128,6.242535591125488,7.1571044921875,0.0007152171456255019,0.0007152557373046875,3.859167918562889e-08,5.3955078125e-05,1,0,0.017546862363815308,0.13580162823200226,0.01941484771668911,0.1476096212863922,0.0020217576529830694,0.012603928335011005,0.02008676272816956,0.15093343704938889,-1.5956480503082275,-1.5949327945709229
theta3,T4,batch1_0_127,6,7,"(6, 7)",1,10,exact_replay_715_45760_tokens,T4_batch_128,6.087523460388184,7.139937877655029,0.000589643488638103,0.0005894899368286133,1.5355180948972702e-07,0.0002604824949443883,1,0,0.01941484771668911,0.1476096212863922,0.021287593990564346,0.1589873880147934,0.0020429810974746943,0.01229222770780325,0.022129743825644255,0.16322566475719213,-1.485569953918457,-1.4849804639816284
theta3,T4,batch1_0_127,6,7,"(6, 7)",1,11,exact_replay_715_45760_tokens,T4_batch_128,5.932819366455078,7.137513637542725,0.0004758131399285048,0.0004756450653076172,1.6807462088763714e-07,0.00035336143092105265,1,0,0.021287593990564346,0.1589873880147934,0.023164065554738045,0.16991069912910461,0.002062225481495261,0.011914112605154514,0.024191969307139516,0.17513977736234665,-1.3860113620758057,-1.385535717010498
theta3,T4,batch1_0_127,6,7,"(6, 7)",1,12,exact_replay_715_45760_tokens,T4_batch_128,5.7830657958984375,7.140311241149902,0.00036077399272471666,0.00036072731018066406,4.668254405260086e-08,0.00012941228106411103,1,0,0.023164065554738045,0.16991069912910461,0.02504562959074974,0.18032240867614746,0.0020836442708969116,0.011471064761281013,0.026275613578036427,0.18661084212362766,-1.3069803714752197,-1.306619644165039
theta3,T4,batch1_0_127,6,7,"(6, 7)",1,13,exact_replay_715_45760_tokens,T4_batch_128,5.653997898101807,7.150954723358154,0.0002445056743454188,0.00024449825286865234,7.4214767664670944e-09,3.035390510726475e-05,1,0,0.02504562959074974,0.18032240867614746,0.026933597400784492,0.1902112066745758,0.002105160616338253,0.01102966908365488,0.02838077419437468,0.19764051120728254,-1.2281180620193481,-1.2278735637664795
theta3,T4,batch1_0_127,6,7,"(6, 7)",1,14,exact_replay_715_45760_tokens,T4_batch_128,5.534442901611328,7.152647495269775,0.00014646774798166007,0.00014662742614746094,1.5967816580086946e-07,0.0010890061293191058,1,0,0.026933597400784492,0.1902112066745758,0.02882848121225834,0.1996532529592514,0.0021248117554932833,0.010606995783746243,0.030505585949867964,0.20824750699102879,-1.1547634601593018,-1.1546168327331543
theta3,T4,batch1_0_127,6,7,"(6, 7)",1,15,exact_replay_715_45760_tokens,T4_batch_128,5.423074245452881,7.160221099853516,4.9511549150338396e-05,4.947185516357422e-05,3.969398676417768e-08,0.0008023549275225903,1,0,0.02882848121225834,0.1996532529592514,0.03073170967400074,0.2086438089609146,0.0021437290124595165,0.010220181196928024,0.03264931496232748,0.2184676881879568,-1.0860323905944824,-1.0859829187393188
theta3,T4,batch1_0_127,6,7,"(6, 7)",1,16,exact_replay_715_45760_tokens,T4_batch_128,5.320134162902832,7.171334743499756,-2.2305766833596863e-05,-2.2292137145996094e-05,1.3629687600769103e-08,0.0006114123339321524,0,1,0.03073170967400074,0.2086438089609146,0.032646991312503815,0.21736155450344086,0.0021601298358291388,0.009976685978472233,0.03480944479815662,0.22844437416642904,-1.0321835279464722,-1.0322058200836182
theta3,T4,batch1_0_127,6,7,"(6, 7)",1,17,exact_replay_715_45760_tokens,T4_batch_128,5.21946382522583,7.182735919952393,-8.212005923269317e-05,-8.213520050048828e-05,1.514126779511571e-08,0.00018434566060413643,0,1,0.032646991312503815,0.21736155450344086,0.034574273973703384,0.2258548140525818,0.0021749967709183693,0.00977504812180996,0.03698444156907499,0.238219422288239,-0.9788559675216675,-0.978938102722168
theta3,T4,batch1_0_127,6,7,"(6, 7)",1,18,exact_replay_715_45760_tokens,T4_batch_128,5.122013092041016,7.196315288543701,-0.00014365764218382537,-0.0001437664031982422,1.0876101441681385e-07,0.0007565120361733001,0,1,0.034574273973703384,0.2258548140525818,0.03651086241006851,0.23415018618106842,0.0021872881334275007,0.009591687470674515,0.03917172970250249,0.24781110975891352,-0.9345407485961914,-0.9346845149993896
theta3,T4,batch1_0_127,6,7,"(6, 7)",1,19,exact_replay_715_45760_tokens,T4_batch_128,5.029695510864258,7.215088844299316,-0.00019048474496230483,-0.00019049644470214844,1.1699739843606949e-08,6.141710341051314e-05,0,1,0.03651086241006851,0.23415018618106842,0.03845606744289398,0.24229903519153595,0.0021963573526591063,0.009443077258765697,0.041368087055161595,0.2572541870176792,-0.8915748596191406,-0.8917653560638428
theta3,T4,batch1_0_127,6,7,"(6, 7)",1,20,exact_replay_715_45760_tokens,T4_batch_128,4.936129093170166,7.22703742980957,-0.00022622560209129006,-0.0002263188362121582,9.323412086814642e-08,0.000411959174183566,0,1,0.03845606744289398,0.24229903519153595,0.040408942848443985,0.2503141164779663,0.0022024624049663544,0.009299736469984055,0.04357054946012795,0.26655392348766327,-0.8487977981567383,-0.8490241169929504
theta3,T4,batch1_0_127,6,7,"(6, 7)",1,21,exact_replay_715_45760_tokens,T4_batch_128,4.850391387939453,7.245632171630859,-0.0002628259244374931,-0.00026285648345947266,3.055902197957039e-08,0.00011625744047619047,0,1,0.040408942848443985,0.2503141164779663,0.042367368936538696,0.2582249045372009,0.002207393292337656,0.009185820817947388,0.045777942752465606,0.27573974430561066,-0.8187448978424072,-0.8190077543258667
theta3,T4,batch1_0_127,6,7,"(6, 7)",1,22,exact_replay_715_45760_tokens,T4_batch_128,4.765440940856934,7.245187282562256,-0.00029074345366097987,-0.00029081106185913086,6.76081981509924e-08,0.00023248152157204346,0,1,0.042367368936538696,0.2582249045372009,0.044327665120363235,0.266022264957428,0.002208468271419406,0.00906897522509098,0.04798641102388501,0.28480871953070164,-0.7882614135742188,-0.7885522246360779
theta3,T4,batch1_0_127,6,7,"(6, 7)",1,23,exact_replay_715_45760_tokens,T4_batch_128,4.6820268630981445,7.267030715942383,-0.0003181575157213956,-0.00031816959381103516,1.2078089639544487e-08,3.79611687429749e-05,0,1,0.044327665120363235,0.266022264957428,0.04628632590174675,0.2736934423446655,0.002206103876233101,0.008946636691689491,0.05019251490011811,0.29375535622239113,-0.7478521466255188,-0.7481703162193298
theta3,T4,batch1_0_127,6,7,"(6, 7)",1,24,exact_replay_715_45760_tokens,T4_batch_128,4.599880218505859,7.279758930206299,-0.0003451284719631076,-0.0003451704978942871,4.202593117952347e-08,0.0001217541227767225,0,1,0.04628632590174675,0.2736934423446655,0.04823915660381317,0.2812565267086029,0.0021985210478305817,0.008833333849906921,0.052391035947948694,0.30258869007229805,-0.7094884514808655,-0.7098336219787598
theta3,T4,batch1_0_127,6,7,"(6, 7)",1,25,exact_replay_715_45760_tokens,T4_batch_128,4.519647598266602,7.285712718963623,-0.000363694824045524,-0.000363767147064209,7.232301868498325e-08,0.0001988167960429297,0,1,0.04823915660381317,0.2812565267086029,0.050183940678834915,0.28868523240089417,0.002187946578487754,0.00869359914213419,0.05457898252643645,0.31128228921443224,-0.6768569350242615,-0.6772207021713257
theta3,T4,batch1_0_127,6,7,"(6, 7)",1,26,exact_replay_715_45760_tokens,T4_batch_128,4.44346809387207,7.295661926269531,-0.00037708954187110066,-0.0003771781921386719,8.865026757121086e-08,0.00023503550687420987,0,1,0.050183940678834915,0.28868523240089417,0.052120957523584366,0.29596516489982605,0.002177286660298705,0.008552202954888344,0.05675626918673515,0.3198344921693206,-0.645609974861145,-0.6459871530532837
theta3,T4,batch1_0_127,6,7,"(6, 7)",1,27,exact_replay_715_45760_tokens,T4_batch_128,4.369347095489502,7.305038928985596,-0.0003856686525978148,-0.00038564205169677734,2.6600901037454605e-08,6.897821676970634e-05,0,1,0.052120957523584366,0.29596516489982605,0.05404425412416458,0.3031095564365387,0.0021585561335086823,0.008399302139878273,0.058914825320243835,0.32823379430919886,-0.618294894695282,-0.6186805367469788
theta3,T4,batch1_0_127,6,7,"(6, 7)",1,28,exact_replay_715_45760_tokens,T4_batch_128,4.296927452087402,7.315046787261963,-0.00039316675974987447,-0.00039315223693847656,1.4522811397910118e-08,3.693940930109157e-05,0,1,0.05404425412416458,0.3031095564365387,0.05595114827156067,0.31011515855789185,0.0021385052241384983,0.008256030268967152,0.061053330544382334,0.336489824578166,-0.5895892977714539,-0.5899824500083923
theta3,T4,batch1_0_127,6,7,"(6, 7)",1,29,exact_replay_715_45760_tokens,T4_batch_128,4.232659339904785,7.33234977722168,-0.00039634996210224926,-0.00039637088775634766,2.0925654098391533e-08,5.279311560150376e-05,0,1,0.05595114827156067,0.31011515855789185,0.057842716574668884,0.316972017288208,0.0021183721255511045,0.008093670941889286,0.06317170266993344,0.3445834955200553,-0.5698632597923279,-0.5702596306800842
theta3,T4,batch1_0_127,6,7,"(6, 7)",1,30,exact_replay_715_45760_tokens,T4_batch_128,4.161725044250488,7.345991134643555,-0.00039962801383808255,-0.00039964914321899414,2.112938091158867e-08,5.286982662192394e-05,0,1,0.057842716574668884,0.316972017288208,0.05971130356192589,0.323646605014801,0.0020906212739646435,0.0079055055975914,0.06526232394389808,0.3524890011176467,-0.5515986084938049,-0.5519982576370239
theta3,T4,batch1_0_127,6,7,"(6, 7)",1,31,exact_replay_715_45760_tokens,T4_batch_128,4.102256774902344,7.369040012359619,-0.00039369589649140835,-0.0003936886787414551,7.2177499532699585e-09,1.8333648750946253e-05,0,1,0.05971130356192589,0.323646605014801,0.06155669316649437,0.3301861882209778,0.0020614543464034796,0.007748734671622515,0.06732377829030156,0.3602377357892692,-0.5290265679359436,-0.5294202566146851
theta3,T4,batch1_0_127,6,7,"(6, 7)",1,32,exact_replay_715_45760_tokens,T4_batch_128,4.03847599029541,7.39378547668457,-0.00039191325777210295,-0.00039196014404296875,4.6886270865797997e-08,0.00011961999600821168,0,1,0.06155669316649437,0.3301861882209778,0.06337686628103256,0.33659687638282776,0.0020314932335168123,0.007600493263453245,0.06935527152381837,0.36783822905272245,-0.504702091217041,-0.505094051361084
theta3,T4,batch1_0_127,6,7,"(6, 7)",1,33,exact_replay_715_45760_tokens,T4_batch_128,3.9791038036346436,7.418442726135254,-0.0003826796601060778,-0.0003826916217803955,1.1961674317717552e-08,3.1256692430496066e-05,0,1,0.06337686628103256,0.33659687638282776,0.0651690736413002,0.3428577482700348,0.0019980219658464193,0.007430873811244965,0.07135329348966479,0.3752691028639674,-0.481481671333313,-0.4818643629550934
theta3,T4,batch1_0_127,6,7,"(6, 7)",1,34,exact_replay_715_45760_tokens,T4_batch_128,3.924344062805176,7.448273181915283,-0.0003713204350788146,-0.0003713071346282959,1.3300450518727303e-08,3.5820616622521875e-05,0,1,0.0651690736413002,0.3428577482700348,0.06693261116743088,0.34896963834762573,0.00196356070227921,0.007265168707817793,0.073316854191944,0.3825342715717852,-0.45985034108161926,-0.46022164821624756
theta3,T4,batch1_0_127,6,7,"(6, 7)",1,35,exact_replay_715_45760_tokens,T4_batch_128,3.8729283809661865,7.472897529602051,-0.00036062151775695384,-0.0003606081008911133,1.3416865840554237e-08,3.720622417355372e-05,0,1,0.06693261116743088,0.34896963834762573,0.06866738200187683,0.35494863986968994,0.0019288291223347187,0.00710956659168005,0.07524568331427872,0.38964383816346526,-0.4417608976364136,-0.4421215057373047
theta3,T4,batch1_0_127,6,7,"(6, 7)",1,36,exact_replay_715_45760_tokens,T4_batch_128,3.8237409591674805,7.503400802612305,-0.00034645196865312755,-0.0003464221954345703,2.977321855723858e-08,8.594489310908466e-05,0,1,0.06866738200187683,0.35494863986968994,0.07037243247032166,0.36080795526504517,0.0018928649369627237,0.006961711682379246,0.07713854825124145,0.3966055498458445,-0.42197534441947937,-0.42232176661491394
theta3,T4,batch1_0_127,6,7,"(6, 7)",1,37,exact_replay_715_45760_tokens,T4_batch_128,3.7758233547210693,7.531346797943115,-0.0003350864863023162,-0.0003351271152496338,4.062894731760025e-08,0.00012123443752779013,0,1,0.07037243247032166,0.36080795526504517,0.07204685360193253,0.36653175950050354,0.0018564098281785846,0.006805784534662962,0.07899495807942003,0.40341133438050747,-0.40391805768013,-0.40425318479537964
theta3,T4,batch1_0_127,6,7,"(6, 7)",1,38,exact_replay_715_45760_tokens,T4_batch_128,3.730051040649414,7.560368537902832,-0.00032267242204397917,-0.00032266974449157715,2.6775524020195007e-09,8.298120439641637e-06,0,1,0.07204685360193253,0.36653175950050354,0.07368957251310349,0.3721192479133606,0.0018187134992331266,0.006647100206464529,0.08081367157865316,0.410058434586972,-0.38815373182296753,-0.3884764015674591
theta3,T4,batch1_0_127,6,7,"(6, 7)",1,39,exact_replay_715_45760_tokens,T4_batch_128,3.6869254112243652,7.582737922668457,-0.0003146928793285042,-0.0003146827220916748,1.0157236829400063e-08,3.2277707406004356e-05,0,1,0.07368957251310349,0.3721192479133606,0.07530058920383453,0.37758809328079224,0.001781052560545504,0.006499753799289465,0.08259472413919866,0.41655818838626146,-0.3778177499771118,-0.3781324326992035
theta3,T4,batch2_128_255,0,1,"(0, 1)",0,0,exact_replay_715_45760_tokens,T4_batch_128,7.945411205291748,8.241799354553223,0.0007818823796696961,0.0007818341255187988,4.825415089726448e-08,6.171916692078981e-05,1,0,0.0,0.0,0.0018053888343274593,0.012752636335790157,0.0018053888343274593,0.012752636335790157,0.0018053888343274593,0.012752636335790157,-0.9807305335998535,-0.9799486994743347
theta3,T4,batch2_128_255,0,1,"(0, 1)",0,1,exact_replay_715_45760_tokens,T4_batch_128,7.788243293762207,8.158570289611816,0.000737260386813432,0.0007372498512268066,1.05355866253376e-08,1.4290388269059746e-05,1,0,0.0018053888343274593,0.012752636335790157,0.0035830067936331034,0.025310946628451347,0.0017794606974348426,0.012572678737342358,0.003584849531762302,0.025325315073132515,-0.9677520394325256,-0.9670147895812988
theta3,T4,batch2_128_255,0,1,"(0, 1)",0,2,exact_replay_715_45760_tokens,T4_batch_128,7.633414268493652,8.07579517364502,0.0006953016854822636,0.000695347785949707,4.6100467443466187e-08,6.629843133893365e-05,1,0,0.0035830067936331034,0.025310946628451347,0.005337811075150967,0.03773722052574158,0.001759891863912344,0.012455311603844166,0.005344741395674646,0.03778062667697668,-0.9520813226699829,-0.9513859748840332
theta3,T4,batch2_128_255,0,1,"(0, 1)",0,3,exact_replay_715_45760_tokens,T4_batch_128,7.4843339920043945,7.976351261138916,0.0006605454836972058,0.0006605982780456543,5.279434844851494e-08,7.991899192456916e-05,1,0,0.005337811075150967,0.03773722052574158,0.007071462459862232,0.050009939819574356,0.001743718166835606,0.01232829038053751,0.007088459562510252,0.05010891705751419,-0.9399969577789307,-0.939336359500885
theta3,T4,batch2_128_255,0,1,"(0, 1)",0,4,exact_replay_715_45760_tokens,T4_batch_128,7.342037677764893,7.879831314086914,0.0006263713585212827,0.0006264448165893555,7.345806807279587e-08,0.00011726183396764986,1,0,0.007071462459862232,0.050009939819574356,0.008785261772572994,0.0620916411280632,0.0017303699860349298,0.01217472180724144,0.008818829548545182,0.06228363886475563,-0.927855372428894,-0.9272289276123047
theta3,T4,batch2_128_255,0,1,"(0, 1)",0,5,exact_replay_715_45760_tokens,T4_batch_128,7.191946029663086,7.7952399253845215,0.0005941210547462106,0.0005941390991210938,1.8044374883174896e-08,3.0370623495184592e-05,1,0,0.008785261772572994,0.0620916411280632,0.010478973388671875,0.07394510507583618,0.0017190073849633336,0.011991506442427635,0.010537836933508515,0.07427514530718327,-0.9234819412231445,-0.9228878021240234
theta3,T4,batch2_128_255,0,1,"(0, 1)",0,6,exact_replay_715_45760_tokens,T4_batch_128,7.054718971252441,7.71019172668457,0.0005637623835355043,0.0005636215209960938,1.4086253941059113e-07,0.00024992399005922166,1,0,0.010478973388671875,0.07394510507583618,0.012160249054431915,0.08564701676368713,0.001715721795335412,0.011893630027770996,0.012253558728843927,0.08616877533495426,-0.9155546426773071,-0.914991021156311
theta3,T4,batch2_128_255,0,1,"(0, 1)",0,7,exact_replay_715_45760_tokens,T4_batch_128,6.918689727783203,7.62996244430542,0.0005353398737497628,0.0005353093147277832,3.055902197957039e-08,5.7086662120031175e-05,1,0,0.012160249054431915,0.08564701676368713,0.013829153962433338,0.09714020043611526,0.0017150344792753458,0.011740667745471,0.013968593208119273,0.09790944308042526,-0.9087762832641602,-0.9082409739494324
theta3,T4,batch2_128_255,0,1,"(0, 1)",0,8,exact_replay_715_45760_tokens,T4_batch_128,6.781546592712402,7.54843807220459,0.0005061982083134353,0.0005061030387878418,9.516952559351921e-08,0.00018804377429042517,1,0,0.013829153962433338,0.09714020043611526,0.01548964623361826,0.10842747986316681,0.0017179553396999836,0.01158055104315281,0.015686548547819257,0.10948999412357807,-0.9036642909049988,-0.9031581878662109
theta3,T4,batch2_128_255,0,1,"(0, 1)",0,9,exact_replay_715_45760_tokens,T4_batch_128,6.6472625732421875,7.471658229827881,0.00047408719547092915,0.00047409534454345703,8.149072527885437e-09,1.718867865225044e-05,1,0,0.01548964623361826,0.10842747986316681,0.017141779884696007,0.1194784939289093,0.0017221318557858467,0.011389300227165222,0.017408680403605103,0.1208792943507433,-0.8979096412658691,-0.8974355459213257
theta3,T4,batch2_128_255,0,1,"(0, 1)",0,10,exact_replay_715_45760_tokens,T4_batch_128,6.52000093460083,7.4080352783203125,0.00044115481432527304,0.0004411935806274414,3.876630216836929e-08,8.786687719535261e-05,1,0,0.017141779884696007,0.1194784939289093,0.018785394728183746,0.1302371472120285,0.0017272079130634665,0.011154117994010448,0.01913588831666857,0.13203341234475374,-0.8962756395339966,-0.8958344459533691
theta3,T4,batch2_128_255,0,1,"(0, 1)",0,11,exact_replay_715_45760_tokens,T4_batch_128,6.396668910980225,7.335870742797852,0.00040874406113289297,0.0004086494445800781,9.461655281484127e-08,0.0002315347642575846,1,0,0.018785394728183746,0.1302371472120285,0.02042463794350624,0.14070095121860504,0.001737000304274261,0.010923422873020172,0.02087288862094283,0.14295683521777391,-0.8995692729949951,-0.899160623550415
theta3,T4,batch2_128_255,0,1,"(0, 1)",0,12,exact_replay_715_45760_tokens,T4_batch_128,6.272214412689209,7.271035194396973,0.0003840154968202114,0.0003840923309326172,7.683411240577698e-08,0.0002000407355679702,1,0,0.02042463794350624,0.14070095121860504,0.022065510973334312,0.15107209980487823,0.0017493339255452156,0.01086870301514864,0.022622222546488047,0.15382553823292255,-0.9043130874633789,-0.9039289951324463
theta3,T4,batch2_128_255,0,1,"(0, 1)",0,13,exact_replay_715_45760_tokens,T4_batch_128,6.156454563140869,7.204202651977539,0.0003467416681814939,0.00034677982330322266,3.8155121728777885e-08,0.00011002693687693365,1,0,0.022065510973334312,0.15107209980487823,0.023703906685113907,0.16118784248828888,0.0017646044725552201,0.010712462477385998,0.024386827019043267,0.16453800071030855,-0.9072791337966919,-0.9069323539733887
theta3,T4,batch2_128_255,0,1,"(0, 1)",0,14,exact_replay_715_45760_tokens,T4_batch_128,6.046666145324707,7.13822603225708,0.0003088207740802318,0.0003088712692260742,5.0495145842432976e-08,0.0001634828191335392,1,0,0.023703906685113907,0.16118784248828888,0.025343934074044228,0.17103782296180725,0.0017814445309340954,0.010538297705352306,0.026168271549977362,0.17507629841566086,-0.9091736078262329,-0.9088647365570068
theta3,T4,batch2_128_255,0,1,"(0, 1)",0,15,exact_replay_715_45760_tokens,T4_batch_128,5.938046455383301,7.082695484161377,0.00027706974651664495,0.0002770423889160156,2.735760062932968e-08,9.874878980206541e-05,1,0,0.025343934074044228,0.17103782296180725,0.026989486068487167,0.18075023591518402,0.0017976841190829873,0.010455599054694176,0.02796595566906035,0.18553189747035503,-0.9102694988250732,-0.9099924564361572
theta3,T4,batch2_128_255,0,1,"(0, 1)",0,16,exact_replay_715_45760_tokens,T4_batch_128,5.826439380645752,7.031458854675293,0.00024142868642229587,0.00024139881134033203,2.987508196383715e-08,0.00012375819830246913,1,0,0.026989486068487167,0.18075023591518402,0.02864166349172592,0.19032254815101624,0.001816095202229917,0.010374791920185089,0.029782050871290267,0.19590668939054012,-0.9062927961349487,-0.9060513973236084
theta3,T4,batch2_128_255,0,1,"(0, 1)",0,17,exact_replay_715_45760_tokens,T4_batch_128,5.7148542404174805,6.982175827026367,0.00020976662926841527,0.00020968914031982422,7.748894859105349e-08,0.0003695420205017055,1,0,0.02864166349172592,0.19032254815101624,0.030301963910460472,0.19977176189422607,0.0018338049994781613,0.010299894958734512,0.03161585587076843,0.20620658434927464,-0.9090683460235596,-0.9088586568832397
theta3,T4,batch2_128_255,0,1,"(0, 1)",0,18,exact_replay_715_45760_tokens,T4_batch_128,5.609241485595703,6.947143077850342,0.00017916398064699024,0.00017911195755004883,5.2023096941411495e-08,0.0002904501611896839,1,0,0.030301963910460472,0.19977176189422607,0.03197247162461281,0.20912279188632965,0.0018533393740653992,0.010245990939438343,0.03346919524483383,0.21645257528871298,-0.9116263389587402,-0.9114472270011902
theta3,T4,batch2_128_255,0,1,"(0, 1)",0,19,exact_replay_715_45760_tokens,T4_batch_128,5.496894359588623,6.913181304931641,0.00015268701827153563,0.00015270709991455078,2.0081643015146255e-08,0.00013150431791569088,1,0,0.03197247162461281,0.20912279188632965,0.033649545162916183,0.21840080618858337,0.0018679018830880523,0.010197984054684639,0.03533709712792188,0.22665055934339762,-0.9076707363128662,-0.9075180292129517
theta3,T4,batch2_128_255,0,1,"(0, 1)",0,20,exact_replay_715_45760_tokens,T4_batch_128,5.394850730895996,6.88111686706543,0.0001234452793141827,0.00012350082397460938,5.5544660426676273e-08,0.0004497513347611004,1,0,0.033649545162916183,0.21840080618858337,0.03533544763922691,0.22776061296463013,0.0018838003743439913,0.010328696109354496,0.03722089750226587,0.2369792554527521,-0.9104411602020264,-0.9103176593780518
theta3,T4,batch2_128_255,0,1,"(0, 1)",0,21,exact_replay_715_45760_tokens,T4_batch_128,5.289918422698975,6.852933883666992,9.805880108615384e-05,9.804964065551758e-05,9.160430636256933e-09,9.342645801671732e-05,1,0,0.03533544763922691,0.22776061296463013,0.03702918440103531,0.23701682686805725,0.0018980232998728752,0.010227655060589314,0.039118920802138746,0.24720691051334143,-0.9091331958770752,-0.9090351462364197
theta3,T4,batch2_128_255,0,1,"(0, 1)",0,22,exact_replay_715_45760_tokens,T4_batch_128,5.183764457702637,6.833187580108643,7.761712186038494e-05,7.75456428527832e-05,7.147900760173798e-08,0.0009217669100691775,1,0,0.03702918440103531,0.23701682686805725,0.03872932121157646,0.24616463482379913,0.001909189741127193,0.010126562789082527,0.04102811054326594,0.25733347330242395,-0.9184041619300842,-0.9183266162872314
theta3,T4,batch2_128_255,0,1,"(0, 1)",0,23,exact_replay_715_45760_tokens,T4_batch_128,5.080593109130859,6.823840141296387,5.6235741794807836e-05,5.614757537841797e-05,8.816641638986766e-08,0.0015702622205082271,1,0,0.03872932121157646,0.24616463482379913,0.04043116047978401,0.25523313879966736,0.0019137540366500616,0.010054192505776882,0.042941864579916,0.26738766580820084,-0.9253507852554321,-0.9252946376800537
theta3,T4,batch2_128_255,0,1,"(0, 1)",0,24,exact_replay_715_45760_tokens,T4_batch_128,4.978174209594727,6.821465492248535,4.22187295043841e-05,4.220008850097656e-05,1.8641003407537937e-08,0.0004417290121822034,1,0,0.04043116047978401,0.25523313879966736,0.04213287681341171,0.2642330825328827,0.0019162180833518505,0.00998742040246725,0.04485808266326785,0.2773750862106681,-0.9318884611129761,-0.9318462610244751
theta3,T4,batch2_128_255,0,1,"(0, 1)",0,25,exact_replay_715_45760_tokens,T4_batch_128,4.874283790588379,6.823023319244385,3.0851049814373255e-05,3.081560134887695e-05,3.544846549630165e-08,0.0011503415135396518,1,0,0.04213287681341171,0.2642330825328827,0.043833035975694656,0.2731338441371918,0.0019177896901965141,0.009885633364319801,0.046775872353464365,0.2872607195749879,-0.9332892298698425,-0.9332584142684937
theta3,T4,batch2_128_255,0,1,"(0, 1)",0,26,exact_replay_715_45760_tokens,T4_batch_128,4.774544715881348,6.825275897979736,1.8244727471028455e-05,1.823902130126953e-05,5.706169758923352e-09,0.0003128550411049837,1,0,0.043833035975694656,0.2731338441371918,0.0455290861427784,0.281925231218338,0.0019158704672008753,0.009774839505553246,0.04869174282066524,0.29703555908054113,-0.9398196935653687,-0.9398014545440674
theta3,T4,batch2_128_255,0,1,"(0, 1)",0,27,exact_replay_715_45760_tokens,T4_batch_128,4.672116756439209,6.83311128616333,7.683353942411486e-06,7.748603820800781e-06,6.524987838929519e-08,0.008420856182391826,1,0,0.0455290861427784,0.281925231218338,0.04721548780798912,0.2905704081058502,0.0019076536409556866,0.009618259035050869,0.05059939646162093,0.306653818115592,-0.950700044631958,-0.9506922960281372
theta3,T4,batch2_128_255,0,1,"(0, 1)",0,28,exact_replay_715_45760_tokens,T4_batch_128,4.576180458068848,6.857165336608887,8.470371994917514e-07,7.748603820800781e-07,7.217681741167326e-08,0.09314815814678486,1,0,0.04721548780798912,0.2905704081058502,0.04888811334967613,0.2990434467792511,0.001893607317470014,0.009447930380702019,0.05249300377909094,0.316101748496294,-0.9604145288467407,-0.9604137539863586
theta3,T4,batch2_128_255,0,1,"(0, 1)",0,29,exact_replay_715_45760_tokens,T4_batch_128,4.484227180480957,6.8782172203063965,-4.286570856493199e-06,-4.410743713378906e-06,1.24172856885707e-07,0.028152362720386404,0,1,0.04888811334967613,0.2990434467792511,0.050545066595077515,0.3073689937591553,0.0018770203460007906,0.009285155683755875,0.05437002412509173,0.3253869041800499,-0.9676464796066284,-0.9676508903503418
theta3,T4,batch2_128_255,0,1,"(0, 1)",0,30,exact_replay_715_45760_tokens,T4_batch_128,4.396090984344482,6.898137092590332,-4.827472821489209e-06,-4.827976226806641e-06,5.034053174313158e-10,0.00010426839192708333,0,1,0.050545066595077515,0.3073689937591553,0.05218370631337166,0.3155248761177063,0.0018566084327176213,0.009102348238229752,0.05622663255780935,0.33448925241827965,-0.9767102599143982,-0.976715087890625
theta3,T4,batch2_128_255,0,1,"(0, 1)",0,31,exact_replay_715_45760_tokens,T4_batch_128,4.310975074768066,6.921589374542236,-1.0496446520846803e-05,-1.055002212524414e-05,5.3575604397337884e-08,0.005078245690986935,0,1,0.05218370631337166,0.3155248761177063,0.053801119327545166,0.32347944378852844,0.0018332890467718244,0.008898562751710415,0.05805992160458118,0.34338781516999006,-0.9879881739616394,-0.9879987239837646
theta3,T4,batch2_128_255,0,1,"(0, 1)",0,32,exact_replay_715_45760_tokens,T4_batch_128,4.23071813583374,6.949471473693848,-1.0884457879001275e-05,-1.1026859283447266e-05,1.4240140444599092e-07,0.01291404930320946,0,1,0.053801119327545166,0.32347944378852844,0.055395759642124176,0.3312455713748932,0.001807575928978622,0.00869547575712204,0.0598674975335598,0.3520832909271121,-0.9979283213615417,-0.9979393482208252
theta3,T4,batch2_128_255,0,1,"(0, 1)",0,33,exact_replay_715_45760_tokens,T4_batch_128,4.154479026794434,6.971550941467285,-1.3578360267274547e-05,-1.3589859008789062e-05,1.1498741514515132e-08,0.0008461266233209978,0,1,0.055395759642124176,0.3312455713748932,0.05696753039956093,0.3388323485851288,0.0017820375505834818,0.008499913848936558,0.06164953508414328,0.36058320477604866,-1.0093295574188232,-1.009343147277832
theta3,T4,batch2_128_255,0,1,"(0, 1)",0,34,exact_replay_715_45760_tokens,T4_batch_128,4.079524993896484,6.997925281524658,-1.4847339116386138e-05,-1.4901161193847656e-05,5.382207746151835e-08,0.0036119384765625,0,1,0.05696753039956093,0.3388323485851288,0.05851210281252861,0.34623217582702637,0.00175097503233701,0.008290923200547695,0.06340051011648029,0.36887412797659636,-1.0189801454544067,-1.0189950466156006
theta3,T4,batch2_128_255,0,1,"(0, 1)",0,35,exact_replay_715_45760_tokens,T4_batch_128,4.010952949523926,7.0290303230285645,-1.3391798347583972e-05,-1.33514404296875e-05,4.035791789647192e-08,0.0030227388654436383,0,1,0.05851210281252861,0.34623217582702637,0.060029320418834686,0.35346904397010803,0.0017193321837112308,0.00810084119439125,0.06511984230019152,0.3769749691709876,-1.0292460918426514,-1.029259443283081
theta3,T4,batch2_128_255,0,1,"(0, 1)",0,36,exact_replay_715_45760_tokens,T4_batch_128,3.947497606277466,7.050553321838379,-1.2978883205505554e-05,-1.3113021850585938e-05,1.3413864508038387e-07,0.010229422829367897,0,1,0.060029320418834686,0.35346904397010803,0.061519164592027664,0.3605491518974304,0.001687474432401359,0.007923047058284283,0.06680731673259288,0.3848980162292719,-1.0413804054260254,-1.041393518447876
theta3,T4,batch2_128_255,0,1,"(0, 1)",0,37,exact_replay_715_45760_tokens,T4_batch_128,3.885467052459717,7.077484130859375,-1.6900568880373612e-05,-1.6927719116210938e-05,2.7150235837325454e-08,0.0016038921517385564,0,1,0.061519164592027664,0.3605491518974304,0.06298010796308517,0.3674624264240265,0.0016548290150240064,0.007736690808087587,0.06846214574761689,0.3926347070373595,-1.049728512763977,-1.0497454404830933
theta3,T4,batch2_128_255,0,1,"(0, 1)",0,38,exact_replay_715_45760_tokens,T4_batch_128,3.8264284133911133,7.107360363006592,-1.5413299479405396e-05,-1.537799835205078e-05,3.5301127354614437e-08,0.0022955606150072676,0,1,0.06298010796308517,0.3674624264240265,0.06441136449575424,0.3742106854915619,0.0016211146721616387,0.0075531466864049435,0.07008326041977853,0.4001878537237644,-1.0578726530075073,-1.0578880310058594
theta3,T4,batch2_128_255,0,1,"(0, 1)",0,39,exact_replay_715_45760_tokens,T4_batch_128,3.7699618339538574,7.1400227546691895,-2.4572655092924833e-05,-2.467632293701172e-05,1.0366784408688545e-07,0.004201105827294686,0,1,0.06441136449575424,0.3742106854915619,0.0658116415143013,0.38078930974006653,0.0015863078879192472,0.007367353420704603,0.07166956830769777,0.407555207144469,-1.067774772644043,-1.06779944896698
theta3,T4,batch2_128_255,0,2,"(0, 2)",0,0,exact_replay_715_45760_tokens,T4_batch_128,8.57258415222168,8.241799354553223,0.0012380062835291028,0.0012377500534057617,2.5623012334108353e-07,0.0002070128154194356,1,0,0.0,0.0,0.0018964509945362806,0.014669980853796005,0.0018964509945362806,0.014669980853796005,0.0018964509945362806,0.014669980853796005,-1.5370665788650513,-1.5358288288116455
theta3,T4,batch2_128_255,0,2,"(0, 2)",0,1,exact_replay_715_45760_tokens,T4_batch_128,8.364965438842773,8.122381210327148,0.0011938493698835373,0.0011937618255615234,8.754432201385498e-08,7.333483123626923e-05,1,0,0.0018964509945362806,0.014669980853796005,0.0037653022445738316,0.029102636501193047,0.0018713637255132198,0.014446566812694073,0.0037678147200495005,0.029116547666490078,-1.5175726413726807,-1.5163788795471191
theta3,T4,batch2_128_255,0,2,"(0, 2)",0,2,exact_replay_715_45760_tokens,T4_batch_128,8.164920806884766,7.987695217132568,0.0011542856227606535,0.001154184341430664,1.0128132998943329e-07,8.775143307167941e-05,1,0,0.0037653022445738316,0.029102636501193047,0.005608593579381704,0.04335348680615425,0.0018501573940739036,0.014284946024417877,0.005617972114123404,0.043401493690907955,-1.4932174682617188,-1.492063283920288
theta3,T4,batch2_128_255,0,2,"(0, 2)",0,3,exact_replay_715_45760_tokens,T4_batch_128,7.964384078979492,7.844178199768066,0.0011139418929815292,0.0011136531829833984,2.8870999813079834e-07,0.00025924587882680366,1,0,0.005608593579381704,0.04335348680615425,0.007424193900078535,0.05733188986778259,0.0018295845948159695,0.014053892344236374,0.0074475567089393735,0.05745538603514433,-1.4701194763183594,-1.469005823135376
theta3,T4,batch2_128_255,0,2,"(0, 2)",0,4,exact_replay_715_45760_tokens,T4_batch_128,7.769721508026123,7.7221455574035645,0.0010736766271293163,0.001073598861694336,7.776543498039246e-08,7.243434932267378e-05,1,0,0.007424193900078535,0.05733188986778259,0.009212173521518707,0.07096580415964127,0.0018118924926966429,0.013748264871537685,0.009259449201636016,0.07120365090668201,-1.4495725631713867,-1.4484989643096924
theta3,T4,batch2_128_255,0,2,"(0, 2)",0,5,exact_replay_715_45760_tokens,T4_batch_128,7.5861968994140625,7.602298736572266,0.0010366651695221663,0.001036524772644043,1.4039687812328339e-07,0.00013544961184588843,1,0,0.009212173521518707,0.07096580415964127,0.010976220481097698,0.08422023057937622,0.0017999395495280623,0.01342818047851324,0.011059388751164079,0.08463183138519526,-1.4355307817459106,-1.4344942569732666
theta3,T4,batch2_128_255,0,2,"(0, 2)",0,6,exact_replay_715_45760_tokens,T4_batch_128,7.409815788269043,7.493094444274902,0.001002893433906138,0.0010029077529907227,1.4319084584712982e-08,1.427756894092476e-05,1,0,0.010976220481097698,0.08422023057937622,0.012716928496956825,0.09711811691522598,0.0017914405325427651,0.013151050545275211,0.012850829283706844,0.09778288193047047,-1.421705961227417,-1.4207030534744263
theta3,T4,batch2_128_255,0,2,"(0, 2)",0,7,exact_replay_715_45760_tokens,T4_batch_128,7.247427940368652,7.3829498291015625,0.0009733629995025694,0.0009734630584716797,1.0005896911025047e-07,0.00010278661140705364,1,0,0.012716928496956825,0.09711811691522598,0.014436951838433743,0.10939761251211166,0.001787760411389172,0.012617349624633789,0.014638589695096016,0.11040023155510426,-1.4160733222961426,-1.415099859237671
theta3,T4,batch2_128_255,0,2,"(0, 2)",0,8,exact_replay_715_45760_tokens,T4_batch_128,7.0909223556518555,7.268590927124023,0.0009396480745635927,0.000939488410949707,1.596636138856411e-07,0.00016994740118639768,1,0,0.014436951838433743,0.10939761251211166,0.016144538298249245,0.12124818563461304,0.0017900267848744988,0.012266095727682114,0.016428616479970515,0.12266632728278637,-1.4074479341506958,-1.406508445739746
theta3,T4,batch2_128_255,0,2,"(0, 2)",0,9,exact_replay_715_45760_tokens,T4_batch_128,6.94120979309082,7.16372537612915,0.0008956798119470477,0.0008955001831054688,1.7962884157896042e-07,0.0002005905135117146,1,0,0.016144538298249245,0.12124818563461304,0.017838487401604652,0.13250261545181274,0.0017925678985193372,0.011791489087045193,0.018221184378489852,0.13445781636983156,-1.39793062210083,-1.3970351219177246
theta3,T4,batch2_128_255,0,2,"(0, 2)",0,10,exact_replay_715_45760_tokens,T4_batch_128,6.802104473114014,7.075804710388184,0.0008498023962602019,0.000849604606628418,1.9778963178396225e-07,0.00023280197663813666,1,0,0.017838487401604652,0.13250261545181274,0.01952119916677475,0.143131285905838,0.001798627432435751,0.011377888731658459,0.020019811810925603,0.14583570510149002,-1.3949307203292847,-1.3940811157226562
theta3,T4,batch2_128_255,0,2,"(0, 2)",0,11,exact_replay_715_45760_tokens,T4_batch_128,6.675985336303711,6.9829912185668945,0.0008067692979238927,0.0008066892623901367,8.003553375601768e-08,9.921482470075365e-05,1,0,0.01952119916677475,0.143131285905838,0.021202219650149345,0.15348337590694427,0.001810739515349269,0.011234169825911522,0.021830551326274872,0.15706987492740154,-1.386751651763916,-1.3859449625015259
theta3,T4,batch2_128_255,0,2,"(0, 2)",0,12,exact_replay_715_45760_tokens,T4_batch_128,6.548144817352295,6.9036102294921875,0.0007625381695106626,0.0007624626159667969,7.55535438656807e-08,9.909147318636648e-05,1,0,0.021202219650149345,0.15348337590694427,0.022884467616677284,0.16352182626724243,0.0018239393830299377,0.01105223037302494,0.02365449070930481,0.16812210530042648,-1.3768196105957031,-1.3760571479797363
theta3,T4,batch2_128_255,0,2,"(0, 2)",0,13,exact_replay_715_45760_tokens,T4_batch_128,6.425125598907471,6.832265377044678,0.0007289820350706577,0.0007290840148925781,1.019798219203949e-07,0.00013987389633747548,1,0,0.022884467616677284,0.16352182626724243,0.024570461362600327,0.1733606904745102,0.0018365808064118028,0.010928965173661709,0.025491071515716612,0.1790510704740882,-1.3705236911773682,-1.3697946071624756
theta3,T4,batch2_128_255,0,2,"(0, 2)",0,14,exact_replay_715_45760_tokens,T4_batch_128,6.3018412590026855,6.7626776695251465,0.0006913098623044789,0.0006912946701049805,1.5192199498414993e-08,2.1976445292291773e-05,1,0,0.024570461362600327,0.1733606904745102,0.026260150596499443,0.1830064207315445,0.001850646804086864,0.010801023803651333,0.027341718319803476,0.18985209427773952,-1.3640005588531494,-1.3633092641830444
theta3,T4,batch2_128_255,0,2,"(0, 2)",0,15,exact_replay_715_45760_tokens,T4_batch_128,6.183554649353027,6.700693607330322,0.0006497723516076803,0.0006498098373413086,3.748573362827301e-08,5.768723628691983e-05,1,0,0.026260150596499443,0.1830064207315445,0.027955345809459686,0.19242651760578156,0.001866122824139893,0.01064753346145153,0.02920784114394337,0.20049962773919106,-1.3528133630752563,-1.352163553237915
theta3,T4,batch2_128_255,0,2,"(0, 2)",0,16,exact_replay_715_45760_tokens,T4_batch_128,6.070578098297119,6.648488998413086,0.0006048165378160775,0.0006048679351806641,5.139736458659172e-08,8.497287027000394e-05,1,0,0.027955345809459686,0.19242651760578156,0.029656030237674713,0.20166738331317902,0.0018817252712324262,0.010580566711723804,0.031089566415175796,0.21108019445091486,-1.3501430749893188,-1.3495382070541382
theta3,T4,batch2_128_255,0,2,"(0, 2)",0,17,exact_replay_715_45760_tokens,T4_batch_128,5.949763298034668,6.6032867431640625,0.0005576742114499211,0.0005577802658081055,1.0605435818433762e-07,0.00019013644742466338,1,0,0.029656030237674713,0.20166738331317902,0.0313592366874218,0.21072295308113098,0.0018935586558654904,0.010448886081576347,0.032983125071041286,0.2215290805324912,-1.355517029762268,-1.35495924949646
theta3,T4,batch2_128_255,0,2,"(0, 2)",0,18,exact_replay_715_45760_tokens,T4_batch_128,5.841405868530273,6.565772533416748,0.0005047278245911002,0.000504612922668457,1.1490192264318466e-07,0.00022770309177888023,1,0,0.0313592366874218,0.21072295308113098,0.03306734189391136,0.21958039700984955,0.0019074833253398538,0.010308635421097279,0.03489060839638114,0.23183771595358849,-1.3708127737045288,-1.3703081607818604
theta3,T4,batch2_128_255,0,2,"(0, 2)",0,19,exact_replay_715_45760_tokens,T4_batch_128,5.731142044067383,6.525450229644775,0.000443694822024554,0.0004436969757080078,2.153683453798294e-09,4.853951168726491e-06,1,0,0.03306734189391136,0.21958039700984955,0.03477773070335388,0.22819864749908447,0.001920721959322691,0.010104143992066383,0.03681133035570383,0.24194185994565487,-1.3871362209320068,-1.3866925239562988
theta3,T4,batch2_128_255,0,2,"(0, 2)",0,20,exact_replay_715_45760_tokens,T4_batch_128,5.63783597946167,6.495173931121826,0.00041093191248364747,0.00041103363037109375,1.017178874462843e-07,0.0002474685279509861,1,0,0.03477773070335388,0.22819864749908447,0.0364958718419075,0.23680318892002106,0.0019333969103172421,0.010080445557832718,0.03874472726602107,0.2520223055034876,-1.4088749885559082,-1.408463954925537
theta3,T4,batch2_128_255,0,2,"(0, 2)",0,21,exact_replay_715_45760_tokens,T4_batch_128,5.539609909057617,6.466780662536621,0.00036361312959343195,0.0003638267517089844,2.1362211555242538e-07,0.0005871534035058977,1,0,0.0364958718419075,0.23680318892002106,0.038221728056669235,0.24532105028629303,0.0019474561559036374,0.009992671199142933,0.04069218342192471,0.2620149767026305,-1.4388189315795898,-1.4384551048278809
theta3,T4,batch2_128_255,0,2,"(0, 2)",0,22,exact_replay_715_45760_tokens,T4_batch_128,5.435418128967285,6.4426140785217285,0.0003063228796236217,0.00030624866485595703,7.421476766467094e-08,0.00024233499172829896,1,0,0.038221728056669235,0.24532105028629303,0.03995092213153839,0.25363853573799133,0.0019597155041992664,0.009841708466410637,0.04265189892612398,0.27185668516904116,-1.4756420850753784,-1.4753358364105225
theta3,T4,batch2_128_255,0,2,"(0, 2)",0,23,exact_replay_715_45760_tokens,T4_batch_128,5.334351062774658,6.432397365570068,0.0002619984734337777,0.0002619028091430664,9.566429071128368e-08,0.00036526637886891215,1,0,0.03995092213153839,0.25363853573799133,0.041683781892061234,0.2618351876735687,0.0019679898396134377,0.009687095880508423,0.044619888765737414,0.2815437810495496,-1.514621376991272,-1.514359474182129
theta3,T4,batch2_128_255,0,2,"(0, 2)",0,24,exact_replay_715_45760_tokens,T4_batch_128,5.241471290588379,6.43177604675293,0.0002237991866422817,0.0002238750457763672,7.58591340854764e-08,0.00033884586744542067,1,0,0.041683781892061234,0.2618351876735687,0.04342358931899071,0.2699013948440552,0.0019798779394477606,0.009547635912895203,0.046599766705185175,0.2910914169624448,-1.5569846630096436,-1.5567607879638672
theta3,T4,batch2_128_255,0,2,"(0, 2)",0,25,exact_replay_715_45760_tokens,T4_batch_128,5.147258758544922,6.431495666503906,0.00016582578246016055,0.0001659393310546875,1.1354859452694654e-07,0.0006842777646821121,1,0,0.04342358931899071,0.2699013948440552,0.04516645148396492,0.27784696221351624,0.0019892079290002584,0.0094505799934268,0.04858897463418543,0.3005419969558716,-1.603883981704712,-1.6037180423736572
theta3,T4,batch2_128_255,0,2,"(0, 2)",0,26,exact_replay_715_45760_tokens,T4_batch_128,5.055274963378906,6.443388938903809,0.00011705096403602511,0.00011706352233886719,1.2558302842080593e-08,0.0001072776778895112,1,0,0.04516645148396492,0.27784696221351624,0.04690934717655182,0.2856281101703644,0.0019919956102967262,0.009289783425629139,0.05058097024448216,0.3098317803815007,-1.6617608070373535,-1.6616437435150146
theta3,T4,batch2_128_255,0,2,"(0, 2)",0,27,exact_replay_715_45760_tokens,T4_batch_128,4.968420505523682,6.457981109619141,8.600129513069987e-05,8.606910705566406e-05,6.781192496418953e-08,0.0007878776402354571,1,0,0.04690934717655182,0.2856281101703644,0.0486493781208992,0.29326683282852173,0.001990528544411063,0.009159835055470467,0.05257149878889322,0.3189916154369712,-1.723144292831421,-1.7230582237243652
theta3,T4,batch2_128_255,0,2,"(0, 2)",0,28,exact_replay_715_45760_tokens,T4_batch_128,4.884983539581299,6.469470500946045,7.257513789227232e-05,7.259845733642578e-05,2.331944415345788e-08,0.00032121129028119867,1,0,0.0486493781208992,0.29326683282852173,0.05038904771208763,0.30082687735557556,0.00198717275634408,0.009028224274516106,0.0545586715452373,0.3280198397114873,-1.780221700668335,-1.7801491022109985
theta3,T4,batch2_128_255,0,2,"(0, 2)",0,29,exact_replay_715_45760_tokens,T4_batch_128,4.801120758056641,6.4849371910095215,3.0050892746658064e-05,2.9802322387695312e-05,2.485703589627519e-07,0.00834063720703125,1,0,0.05038904771208763,0.30082687735557556,0.052126284688711166,0.30820149183273315,0.0019841257017105818,0.008859976194798946,0.056542797246947885,0.33687981590628624,-1.841257095336914,-1.8412272930145264
theta3,T4,batch2_128_255,0,2,"(0, 2)",0,30,exact_replay_715_45760_tokens,T4_batch_128,4.723455429077148,6.505730628967285,-2.264592876599636e-05,-2.2649765014648438e-05,3.836248652078211e-09,0.00016937255859375,0,1,0.052126284688711166,0.30820149183273315,0.0538589172065258,0.31543320417404175,0.001979554770514369,0.008736686781048775,0.058522352017462254,0.345616502687335,-1.9042890071868896,-1.9043116569519043
theta3,T4,batch2_128_255,0,2,"(0, 2)",0,31,exact_replay_715_45760_tokens,T4_batch_128,4.647120952606201,6.522283554077148,-5.158553904038854e-05,-5.173683166503906e-05,1.5129262465052307e-07,0.0029242730909778227,0,1,0.0538589172065258,0.31543320417404175,0.055585820227861404,0.32257574796676636,0.0019708771724253893,0.008639928884804249,0.06049322918988764,0.35425643157213926,-1.9564568996429443,-1.9565086364746094
theta3,T4,batch2_128_255,0,2,"(0, 2)",0,32,exact_replay_715_45760_tokens,T4_batch_128,4.571276664733887,6.541947841644287,-7.247892790473998e-05,-7.224082946777344e-05,2.3809843696653843e-07,0.0032958984375,0,1,0.055585820227861404,0.32257574796676636,0.05730346590280533,0.3296472430229187,0.0019571026787161827,0.008542188443243504,0.062450331868603826,0.36279862001538277,-2.009242057800293,-2.0093142986297607
theta3,T4,batch2_128_255,0,2,"(0, 2)",0,33,exact_replay_715_45760_tokens,T4_batch_128,4.4984002113342285,6.568784713745117,-9.786525333765894e-05,-9.799003601074219e-05,1.2478267308324575e-07,0.0012734220555809003,0,1,0.05730346590280533,0.3296472430229187,0.05901075899600983,0.33666130900382996,0.0019428132800385356,0.008459820412099361,0.06439314514864236,0.37125844042748213,-2.061410427093506,-2.0615084171295166
theta3,T4,batch2_128_255,0,2,"(0, 2)",0,34,exact_replay_715_45760_tokens,T4_batch_128,4.426746368408203,6.586759567260742,-0.00011174548853887245,-0.00011181831359863281,7.282505976036191e-08,0.0006512802546974947,0,1,0.05901075899600983,0.33666130900382996,0.06070438027381897,0.34361112117767334,0.001924231881275773,0.008360957726836205,0.06631737702991813,0.37961939815431833,-2.117983341217041,-2.1180951595306396
theta3,T4,batch2_128_255,0,2,"(0, 2)",0,35,exact_replay_715_45760_tokens,T4_batch_128,4.356210231781006,6.610106468200684,-0.00013995096378494054,-0.00013971328735351562,2.376764314249158e-07,0.001701172708244454,0,1,0.06070438027381897,0.34361112117767334,0.06238281726837158,0.35046523809432983,0.001905420795083046,0.00825195200741291,0.06822279782500118,0.38787135016173124,-2.1816892623901367,-2.1818289756774902
theta3,T4,batch2_128_255,0,2,"(0, 2)",0,36,exact_replay_715_45760_tokens,T4_batch_128,4.286790370941162,6.63484525680542,-0.00016266602324321866,-0.0001628398895263672,1.7386628314852715e-07,0.0010677130993777453,0,1,0.06238281726837158,0.35046523809432983,0.06404448300600052,0.35725149512290955,0.0018841306446120143,0.008149976842105389,0.0701069284696132,0.39602132700383663,-2.244494676589966,-2.244657516479492
theta3,T4,batch2_128_255,0,2,"(0, 2)",0,37,exact_replay_715_45760_tokens,T4_batch_128,4.220832824707031,6.6514153480529785,-0.00019069112022407353,-0.00019073486328125,4.3743057176470757e-08,0.000229339599609375,0,1,0.06404448300600052,0.35725149512290955,0.06568792462348938,0.3639313280582428,0.0018617979949340224,0.008019695989787579,0.07196872646454722,0.4040410229936242,-2.3034110069274902,-2.3036017417907715
theta3,T4,batch2_128_255,0,2,"(0, 2)",0,38,exact_replay_715_45760_tokens,T4_batch_128,4.1542463302612305,6.672276496887207,-0.00020540891273412853,-0.0002052783966064453,1.305161276832223e-07,0.000635800599774971,0,1,0.06568792462348938,0.3639313280582428,0.06731148064136505,0.3705342710018158,0.0018361241091042757,0.007904088124632835,0.07380485057365149,0.41194511111825705,-2.3647241592407227,-2.364929437637329
theta3,T4,batch2_128_255,0,2,"(0, 2)",0,39,exact_replay_715_45760_tokens,T4_batch_128,4.088700771331787,6.691809177398682,-0.00022911489941179752,-0.00022935867309570312,2.437736839056015e-07,0.0010628492073804575,0,1,0.06731148064136505,0.3705342710018158,0.0689118504524231,0.377027690410614,0.0018092680256813765,0.007777186576277018,0.07561411859933287,0.41972229769453406,-2.42037296295166,-2.420602321624756
theta3,T4,batch2_128_255,0,3,"(0, 3)",0,0,exact_replay_715_45760_tokens,T4_batch_128,8.39071273803711,8.241799354553223,0.001027965801768005,0.001027822494506836,1.4330726116895676e-07,0.0001394280256900951,1,0,0.0,0.0,0.0019440562464296818,0.014074928127229214,0.0019440562464296818,0.014074928127229214,0.0019440562464296818,0.014074928127229214,-1.2482247352600098,-1.247196912765503
theta3,T4,batch2_128_255,0,3,"(0, 3)",0,1,exact_replay_715_45760_tokens,T4_batch_128,8.191650390625,8.116694450378418,0.0009563287021592259,0.000956416130065918,8.742790669202805e-08,9.141199520129627e-05,1,0,0.0019440562464296818,0.014074928127229214,0.0038620424456894398,0.027645906433463097,0.001920777023769915,0.01358493696898222,0.003864833270199597,0.027659865096211433,-1.215688943862915,-1.2147325277328491
theta3,T4,batch2_128_255,0,3,"(0, 3)",0,2,exact_replay_715_45760_tokens,T4_batch_128,8.01720905303955,7.999822616577148,0.0008918365347199142,0.0008916854858398438,1.5104888007044792e-07,0.00016939703793449198,1,0,0.0038620424456894398,0.027645906433463097,0.005757540464401245,0.040691010653972626,0.0019028190290555358,0.013090810738503933,0.005767652299255133,0.040750675834715366,-1.1851916313171387,-1.1842999458312988
theta3,T4,batch2_128_255,0,3,"(0, 3)",0,3,exact_replay_715_45760_tokens,T4_batch_128,7.855488300323486,7.874722957611084,0.0008302935166284442,0.0008301734924316406,1.200241968035698e-07,0.0001445772454767375,1,0,0.005757540464401245,0.040691010653972626,0.007633141707628965,0.053216781467199326,0.001888972707092762,0.01260527316480875,0.007656625006347895,0.053355948999524117,-1.1499207019805908,-1.1490905284881592
theta3,T4,batch2_128_255,0,3,"(0, 3)",0,4,exact_replay_715_45760_tokens,T4_batch_128,7.699538707733154,7.757429599761963,0.0007657958776690066,0.000765681266784668,1.1461088433861732e-07,0.00014968484839638797,1,0,0.007633141707628965,0.053216781467199326,0.009491757489740849,0.06532304733991623,0.0018794832285493612,0.01224663108587265,0.009536108234897256,0.06560258008539677,-1.1132266521453857,-1.112460970878601
theta3,T4,batch2_128_255,0,3,"(0, 3)",0,5,exact_replay_715_45760_tokens,T4_batch_128,7.551586151123047,7.650209426879883,0.0007049395935609937,0.0007050037384033203,6.414484232664108e-08,9.098510948596551e-05,1,0,0.009491757489740849,0.06532304733991623,0.011334680952131748,0.0769955962896347,0.0018731041345745325,0.011874452233314514,0.011409212369471788,0.07747703231871128,-1.078913927078247,-1.0782089233398438
theta3,T4,batch2_128_255,0,3,"(0, 3)",0,6,exact_replay_715_45760_tokens,T4_batch_128,7.4122467041015625,7.552594184875488,0.0006534028216265142,0.0006532669067382812,1.359148882329464e-07,0.00020805414575729927,1,0,0.011334680952131748,0.0769955962896347,0.013164571486413479,0.08830617368221283,0.0018694995669648051,0.011578070931136608,0.013278711936436594,0.08905510324984789,-1.0518698692321777,-1.0512166023254395
theta3,T4,batch2_128_255,0,3,"(0, 3)",0,7,exact_replay_715_45760_tokens,T4_batch_128,7.279843807220459,7.461699962615967,0.0006051060045138001,0.0006049871444702148,1.1886004358530045e-07,0.00019646705665024632,1,0,0.013164571486413479,0.08830617368221283,0.014986497350037098,0.09927789121866226,0.0018717945786193013,0.011309594847261906,0.015150506515055895,0.1003646980971098,-1.0272853374481201,-1.02668035030365
theta3,T4,batch2_128_255,0,3,"(0, 3)",0,8,exact_replay_715_45760_tokens,T4_batch_128,7.153515815734863,7.380940914154053,0.0005581931909546256,0.0005581378936767578,5.529727786779404e-08,9.907458084152072e-05,1,0,0.014986497350037098,0.09927789121866226,0.016802627593278885,0.1099015399813652,0.0018770660972222686,0.011050349101424217,0.017027572612278163,0.11141504719853401,-1.0088056325912476,-1.0082474946975708
theta3,T4,batch2_128_255,0,3,"(0, 3)",0,9,exact_replay_715_45760_tokens,T4_batch_128,7.035719871520996,7.31027889251709,0.0005250485264696181,0.0005249381065368652,1.1041993275284767e-07,0.0002103484799023504,1,0,0.016802627593278885,0.1099015399813652,0.018616635352373123,0.12033175677061081,0.0018849929329007864,0.010946003720164299,0.01891256554517895,0.12236105091869831,-0.9935585260391235,-0.9930335879325867
theta3,T4,batch2_128_255,0,3,"(0, 3)",0,10,exact_replay_715_45760_tokens,T4_batch_128,6.919830799102783,7.23690128326416,0.0004889998817816377,0.0004891157150268555,1.1583324521780014e-07,0.00023682176151596394,1,0,0.018616635352373123,0.12033175677061081,0.020428378134965897,0.13060736656188965,0.0018942098831757903,0.010881938971579075,0.02080677542835474,0.13324298989027739,-0.9792197942733765,-0.9787306785583496
theta3,T4,batch2_128_255,0,3,"(0, 3)",0,11,exact_replay_715_45760_tokens,T4_batch_128,6.799577713012695,7.17299222946167,0.000457525224192068,0.00045740604400634766,1.1918018572032452e-07,0.0002605566482603597,1,0,0.020428378134965897,0.13060736656188965,0.022239452227950096,0.14068906009197235,0.0019044451182708144,0.010759244672954082,0.022711220546625555,0.14400223456323147,-0.9727758169174194,-0.9723184108734131
theta3,T4,batch2_128_255,0,3,"(0, 3)",0,12,exact_replay_715_45760_tokens,T4_batch_128,6.6805267333984375,7.1069841384887695,0.0004288487252779305,0.00042879581451416016,5.291076377034187e-08,0.00012339384382819015,1,0,0.022239452227950096,0.14068906009197235,0.024050040170550346,0.15054655075073242,0.0019157161004841328,0.010621353052556515,0.024626936647109687,0.15462358761578798,-0.9663561582565308,-0.9659273624420166
theta3,T4,batch2_128_255,0,3,"(0, 3)",0,13,exact_replay_715_45760_tokens,T4_batch_128,6.568083763122559,7.045384883880615,0.0004056990728713572,0.0004056692123413086,2.986053004860878e-08,7.360807559506319e-05,1,0,0.024050040170550346,0.15054655075073242,0.025862455368041992,0.16024638712406158,0.0019267844036221504,0.010508724488317966,0.026553721050731838,0.16513231210410595,-0.9572243690490723,-0.956818699836731
theta3,T4,batch2_128_255,0,3,"(0, 3)",0,14,exact_replay_715_45760_tokens,T4_batch_128,6.457639217376709,6.9823899269104,0.0003860297438222915,0.0003860592842102051,2.954038791358471e-08,7.651775030878494e-05,1,0,0.025862455368041992,0.16024638712406158,0.02767447754740715,0.1698032170534134,0.0019364289473742247,0.01041526347398758,0.028490149998106062,0.17554757557809353,-0.9514559507369995,-0.9510698914527893
theta3,T4,batch2_128_255,0,3,"(0, 3)",0,15,exact_replay_715_45760_tokens,T4_batch_128,6.3492841720581055,6.928134918212891,0.0003633829182945192,0.00036334991455078125,3.300374373793602e-08,9.083184670275591e-05,1,0,0.02767447754740715,0.1698032170534134,0.029488112777471542,0.17918165028095245,0.0019499397603794932,0.010299012996256351,0.030440089758485556,0.18584658857434988,-0.9538304805755615,-0.9534671306610107
theta3,T4,batch2_128_255,0,3,"(0, 3)",0,16,exact_replay_715_45760_tokens,T4_batch_128,6.238269805908203,6.874695777893066,0.0003516766882967204,0.0003516674041748047,9.284121915698051e-09,2.6400291313559323e-05,1,0,0.029488112777471542,0.17918165028095245,0.031305450946092606,0.18847285211086273,0.0019633162301033735,0.01024274155497551,0.03240340598858893,0.1960893301293254,-0.9564757347106934,-0.9561240673065186
theta3,T4,batch2_128_255,0,3,"(0, 3)",0,17,exact_replay_715_45760_tokens,T4_batch_128,6.132184982299805,6.829060077667236,0.00034279999090358615,0.0003427863121032715,1.367880031466484e-08,3.990474482698661e-05,1,0,0.031305450946092606,0.18847285211086273,0.033125605434179306,0.19764767587184906,0.0019769356586039066,0.01016740407794714,0.034380341647192836,0.20625673420727253,-0.9604820013046265,-0.9601392149925232
theta3,T4,batch2_128_255,0,3,"(0, 3)",0,18,exact_replay_715_45760_tokens,T4_batch_128,6.029977798461914,6.78712797164917,0.000323995656799525,0.00032389163970947266,1.0401709005236626e-07,0.00032114780778432097,1,0,0.033125605434179306,0.19764767587184906,0.03494759276509285,0.2066822052001953,0.0019926175009459257,0.010086560621857643,0.03637295914813876,0.21634329482913017,-0.9611972570419312,-0.9608733654022217
theta3,T4,batch2_128_255,0,3,"(0, 3)",0,19,exact_replay_715_45760_tokens,T4_batch_128,5.92430305480957,6.7534003257751465,0.00031492466223426163,0.00031495094299316406,2.6280758902430534e-08,8.344397591786526e-05,1,0,0.03494759276509285,0.2066822052001953,0.036771658807992935,0.21562951803207397,0.0020056574139744043,0.010001092217862606,0.038378616562113166,0.22634438704699278,-0.9650828838348389,-0.9647679328918457
theta3,T4,batch2_128_255,0,3,"(0, 3)",0,20,exact_replay_715_45760_tokens,T4_batch_128,5.823451519012451,6.7163190841674805,0.0002976174873765558,0.0002976059913635254,1.1496013030409813e-08,3.86282983677148e-05,1,0,0.036771658807992935,0.21562951803207397,0.038598861545324326,0.22449293732643127,0.0020201189909130335,0.009938833303749561,0.0403987355530262,0.23628322035074234,-0.978240966796875,-0.9779433608055115
theta3,T4,batch2_128_255,0,3,"(0, 3)",0,21,exact_replay_715_45760_tokens,T4_batch_128,5.721129417419434,6.6876139640808105,0.00028525778907351196,0.00028526782989501953,1.0040821507573128e-08,3.5197875313414126e-05,1,0,0.038598861545324326,0.22449293732643127,0.04042983800172806,0.23327745497226715,0.0020341917406767607,0.009857064113020897,0.04243292729370296,0.24614028446376324,-0.9930998086929321,-0.9928145408630371
theta3,T4,batch2_128_255,0,3,"(0, 3)",0,22,exact_replay_715_45760_tokens,T4_batch_128,5.622269630432129,6.6648173332214355,0.00026570670888759196,0.0002655982971191406,1.0841176845133305e-07,0.00040817945607046676,1,0,0.04042983800172806,0.23327745497226715,0.04226181283593178,0.2419503927230835,0.0020463785622268915,0.009752574376761913,0.04447930585592985,0.25589285884052515,-1.0028715133666992,-1.00260591506958
theta3,T4,batch2_128_255,0,3,"(0, 3)",0,23,exact_replay_715_45760_tokens,T4_batch_128,5.5265679359436035,6.645815849304199,0.00025506815291009843,0.0002549886703491211,7.948256097733974e-08,0.0003117101668419822,1,0,0.04226181283593178,0.2419503927230835,0.04409664124250412,0.2505485415458679,0.0020590706262737513,0.009671986103057861,0.0465383764822036,0.265564844943583,-1.019127607345581,-1.018872618675232
theta3,T4,batch2_128_255,0,3,"(0, 3)",0,24,exact_replay_715_45760_tokens,T4_batch_128,5.429533004760742,6.634186744689941,0.00025318487314507365,0.0002532005310058594,1.5657860785722733e-08,6.183976282956685e-05,1,0,0.04409664124250412,0.2505485415458679,0.04593291133642197,0.25906094908714294,0.0020674595143646,0.00955930445343256,0.0486058359965682,0.27512414939701557,-1.0436689853668213,-1.0434157848358154
theta3,T4,batch2_128_255,0,3,"(0, 3)",0,25,exact_replay_715_45760_tokens,T4_batch_128,5.3343095779418945,6.623790740966797,0.00024221643980126828,0.00024211406707763672,1.023727236315608e-07,0.0004228284827363368,1,0,0.04593291133642197,0.25906094908714294,0.047769274562597275,0.26742419600486755,0.0020773333963006735,0.009429330937564373,0.050683169392868876,0.28455348033457994,-1.0670771598815918,-1.0668350458145142
theta3,T4,batch2_128_255,0,3,"(0, 3)",0,26,exact_replay_715_45760_tokens,T4_batch_128,5.2427215576171875,6.620638370513916,0.00023941222752910107,0.00023937225341796875,3.997411113232374e-08,0.00016699559185134462,1,0,0.047769274562597275,0.26742419600486755,0.04960582032799721,0.2757074236869812,0.0020836007315665483,0.009335609152913094,0.052766770124435425,0.29388908948749304,-1.095391035079956,-1.095151662826538
theta3,T4,batch2_128_255,0,3,"(0, 3)",0,27,exact_replay_715_45760_tokens,T4_batch_128,5.158369064331055,6.620830059051514,0.0002338269114261493,0.0002338886260986328,6.171467248350382e-08,0.0002638635042367482,1,0,0.04960582032799721,0.2757074236869812,0.051441874355077744,0.2838917374610901,0.002088862471282482,0.009225438348948956,0.05485563259571791,0.303114527836442,-1.122706651687622,-1.1224727630615234
theta3,T4,batch2_128_255,0,3,"(0, 3)",0,28,exact_replay_715_45760_tokens,T4_batch_128,5.072916030883789,6.619823932647705,0.0002194340486312285,0.0002193450927734375,8.895585779100657e-08,0.00040555207625679346,1,0,0.051441874355077744,0.2838917374610901,0.053276266902685165,0.2920036315917969,0.0020928021986037493,0.009158718399703503,0.056948434794321656,0.3122732462361455,-1.1445560455322266,-1.1443367004394531
theta3,T4,batch2_128_255,0,3,"(0, 3)",0,29,exact_replay_715_45760_tokens,T4_batch_128,4.987443923950195,6.632800579071045,0.00020720383326988667,0.0002071857452392578,1.8088030628859997e-08,8.730345134493671e-05,1,0,0.053276266902685165,0.2920036315917969,0.05510708689689636,0.3000558614730835,0.0020928236190229654,0.009099013172090054,0.05904125841334462,0.32137225940823555,-1.1770029067993164,-1.1767957210540771
theta3,T4,batch2_128_255,0,3,"(0, 3)",0,30,exact_replay_715_45760_tokens,T4_batch_128,4.902888774871826,6.6390581130981445,0.00019575891201384366,0.00019562244415283203,1.3646786101162434e-07,0.0006976084037934187,1,0,0.05510708689689636,0.3000558614730835,0.0569336861371994,0.3080208897590637,0.002091963542625308,0.009021415375173092,0.06113322195596993,0.33039367478340864,-1.2044751644134521,-1.2042795419692993
theta3,T4,batch2_128_255,0,3,"(0, 3)",0,31,exact_replay_715_45760_tokens,T4_batch_128,4.821735382080078,6.650168418884277,0.00018559466116130352,0.00018548965454101562,1.050066202878952e-07,0.0005661049967866324,1,0,0.0569336861371994,0.3080208897590637,0.05875386670231819,0.31588563323020935,0.0020890848245471716,0.008913913741707802,0.0632223067805171,0.33930758852511644,-1.227965235710144,-1.227779746055603
theta3,T4,batch2_128_255,0,3,"(0, 3)",0,32,exact_replay_715_45760_tokens,T4_batch_128,4.739272117614746,6.6662516593933105,0.0001647957687964663,0.0001647472381591797,4.853063728660345e-08,0.0002945763329866136,1,0,0.05875386670231819,0.31588563323020935,0.060566168278455734,0.3236166834831238,0.0020830584689974785,0.008791054598987103,0.06530536524951458,0.34809864312410355,-1.2577049732208252,-1.257540225982666
theta3,T4,batch2_128_255,0,3,"(0, 3)",0,33,exact_replay_715_45760_tokens,T4_batch_128,4.6602373123168945,6.686046600341797,0.00015349153545685112,0.00015354156494140625,5.0029484555125237e-08,0.00032583675029114906,1,0,0.060566168278455734,0.3236166834831238,0.062370169907808304,0.3312601149082184,0.0020760733168572187,0.008705071173608303,0.0673814385663718,0.35680371429771185,-1.2896353006362915,-1.28948175907135
theta3,T4,batch2_128_255,0,3,"(0, 3)",0,34,exact_replay_715_45760_tokens,T4_batch_128,4.58015251159668,6.711102485656738,0.00013930130808148533,0.0001392364501953125,6.485788617283106e-08,0.00046581111542166095,1,0,0.062370169907808304,0.3312601149082184,0.06416118144989014,0.33875772356987,0.002064512576907873,0.00856560468673706,0.06944595114327967,0.3653693189844489,-1.332261562347412,-1.3321223258972168
theta3,T4,batch2_128_255,0,3,"(0, 3)",0,35,exact_replay_715_45760_tokens,T4_batch_128,4.506275177001953,6.733654499053955,0.00013480294728651643,0.0001347064971923828,9.64500941336155e-08,0.0007160017975663716,1,0,0.06416118144989014,0.33875772356987,0.06594060361385345,0.3461475074291229,0.0020526028238236904,0.008458493277430534,0.07149855396710336,0.37382781226187944,-1.369852900505066,-1.3697181940078735
theta3,T4,batch2_128_255,0,3,"(0, 3)",0,36,exact_replay_715_45760_tokens,T4_batch_128,4.435179233551025,6.764389991760254,0.0001269362837774679,0.00012695789337158203,2.1609594114124775e-08,0.00017021071742957745,1,0,0.06594060361385345,0.3461475074291229,0.06770676374435425,0.35343825817108154,0.002037316793575883,0.008351230062544346,0.07353587076067924,0.3821790423244238,-1.4155186414718628,-1.4153916835784912
theta3,T4,batch2_128_255,0,3,"(0, 3)",0,37,exact_replay_715_45760_tokens,T4_batch_128,4.365818023681641,6.78778600692749,0.00015271494339685887,0.00015270709991455078,7.843482308089733e-09,5.136291837431694e-05,1,0,0.06770676374435425,0.35343825817108154,0.06945821642875671,0.36060142517089844,0.0020187445916235447,0.008209789171814919,0.07555461535230279,0.3903888314962387,-1.4524952173233032,-1.4523425102233887
theta3,T4,batch2_128_255,0,3,"(0, 3)",0,38,exact_replay_715_45760_tokens,T4_batch_128,4.3031721115112305,6.815359592437744,0.00012748103472404182,0.00012755393981933594,7.290509529411793e-08,0.0005715628650700934,1,0,0.06945821642875671,0.36060142517089844,0.0711931437253952,0.36761772632598877,0.002001810586079955,0.0080875214189291,0.07755642593838274,0.3984763529151678,-1.49104905128479,-1.4909214973449707
theta3,T4,batch2_128_255,0,3,"(0, 3)",0,39,exact_replay_715_45760_tokens,T4_batch_128,4.239020824432373,6.844024658203125,0.00012999294267501682,0.00012993812561035156,5.481706466525793e-08,0.0004218705203555046,1,0,0.0711931437253952,0.36761772632598877,0.07290972024202347,0.37453168630599976,0.0019796809647232294,0.007973759435117245,0.07953610690310597,0.40645011235028505,-1.5313342809677124,-1.531204342842102
theta3,T4,batch2_128_255,0,4,"(0, 4)",0,0,exact_replay_715_45760_tokens,T4_batch_128,8.505741119384766,8.241799354553223,0.0017600490245968103,0.0017597675323486328,2.814922481775284e-07,0.00015995990550060968,1,0,0.0,0.0,0.0019057929748669267,0.014279192313551903,0.0019057929748669267,0.014279192313551903,0.0019057929748669267,0.014279192313551903,-2.1568667888641357,-2.155107021331787
theta3,T4,batch2_128_255,0,4,"(0, 4)",0,1,exact_replay_715_45760_tokens,T4_batch_128,8.305398941040039,8.100198745727539,0.0015964555786922574,0.0015964508056640625,4.773028194904327e-09,2.989774678912784e-06,1,0,0.0019057929748669267,0.014279192313551903,0.0037862586323171854,0.02831757813692093,0.0018832238856703043,0.014052403159439564,0.003789016860537231,0.028331595472991467,-2.0774927139282227,-2.0758962631225586
theta3,T4,batch2_128_255,0,4,"(0, 4)",0,2,exact_replay_715_45760_tokens,T4_batch_128,8.116155624389648,7.962827205657959,0.0014593027299270034,0.0014591217041015625,1.8102582544088364e-07,0.0001240649254493464,1,0,0.0037862586323171854,0.02831757813692093,0.005642665084451437,0.042142968624830246,0.0018642304930835962,0.013866481371223927,0.005653247353620827,0.04219807684421539,-2.002690315246582,-2.0012311935424805
theta3,T4,batch2_128_255,0,4,"(0, 4)",0,3,exact_replay_715_45760_tokens,T4_batch_128,7.9290080070495605,7.808873653411865,0.0013484013034030795,0.001348257064819336,1.4423858374357224e-07,0.00010698151525198939,1,0,0.005642665084451437,0.042142968624830246,0.007477882318198681,0.05581308528780937,0.0018498762510716915,0.013744578696787357,0.007503123604692519,0.05594265554100275,-1.9354352951049805,-1.9340870380401611
theta3,T4,batch2_128_255,0,4,"(0, 4)",0,4,exact_replay_715_45760_tokens,T4_batch_128,7.744307518005371,7.6779680252075195,0.0012463114690035582,0.0012462139129638672,9.755603969097137e-08,7.828193753587144e-05,1,0,0.007477882318198681,0.05581308528780937,0.00929291732609272,0.06919641047716141,0.001840299228206277,0.013513743877410889,0.009343422832898796,0.06945639941841364,-1.8737435340881348,-1.872497320175171
theta3,T4,batch2_128_255,0,4,"(0, 4)",0,5,exact_replay_715_45760_tokens,T4_batch_128,7.565595626831055,7.549148082733154,0.0011535240337252617,0.0011534690856933594,5.494803190231323e-08,4.763719512195122e-05,1,0,0.00929291732609272,0.06919641047716141,0.011089975014328957,0.08220187574625015,0.0018353019841015339,0.013185023330152035,0.01117872481700033,0.08264142274856567,-1.8255231380462646,-1.8243696689605713
theta3,T4,batch2_128_255,0,4,"(0, 4)",0,6,exact_replay_715_45760_tokens,T4_batch_128,7.3926496505737305,7.431328296661377,0.0010697691468521953,0.0010695457458496094,2.234010025858879e-07,0.00020887465866027642,1,0,0.011089975014328957,0.08220187574625015,0.012872609309852123,0.09479808807373047,0.0018351457547396421,0.012841171585023403,0.013013870571739972,0.09548259433358908,-1.7754476070404053,-1.7743780612945557
theta3,T4,batch2_128_255,0,4,"(0, 4)",0,7,exact_replay_715_45760_tokens,T4_batch_128,7.234541893005371,7.324441909790039,0.0009973094565793872,0.0009971857070922852,1.237494871020317e-07,0.00012409873729826658,1,0,0.012872609309852123,0.09479808807373047,0.01464694645255804,0.10693129897117615,0.0018416274106130004,0.012462934479117393,0.014855497982352972,0.10794552881270647,-1.7364850044250488,-1.7354878187179565
theta3,T4,batch2_128_255,0,4,"(0, 4)",0,8,exact_replay_715_45760_tokens,T4_batch_128,7.08341121673584,7.218985557556152,0.0009362422279082239,0.0009361505508422852,9.167706593871117e-08,9.792983175219661e-05,1,0,0.01464694645255804,0.10693129897117615,0.016414254903793335,0.11868276447057724,0.0018499272409826517,0.012164234183728695,0.016705425223335624,0.12010976299643517,-1.7066078186035156,-1.7056716680526733
theta3,T4,batch2_128_255,0,4,"(0, 4)",0,9,exact_replay_715_45760_tokens,T4_batch_128,6.935168266296387,7.124448299407959,0.0008740178891457617,0.0008739233016967773,9.458744898438454e-08,0.00010823312389169281,1,0,0.016414254903793335,0.11868276447057724,0.018175635486841202,0.13010352849960327,0.0018582881893962622,0.011923382058739662,0.018563713412731886,0.13203314505517483,-1.6665725708007812,-1.6656986474990845
theta3,T4,batch2_128_255,0,4,"(0, 4)",0,10,exact_replay_715_45760_tokens,T4_batch_128,6.797754287719727,7.0368194580078125,0.0008077354868873954,0.0008077621459960938,2.6659108698368073e-08,3.3003661821133414e-05,1,0,0.018175635486841202,0.13010352849960327,0.019931770861148834,0.14116832613945007,0.001870367326773703,0.011690311133861542,0.02043408073950559,0.14372345618903637,-1.6428587436676025,-1.6420509815216064
theta3,T4,batch2_128_255,0,4,"(0, 4)",0,11,exact_replay_715_45760_tokens,T4_batch_128,6.655057907104492,6.961923122406006,0.0007561114034615457,0.0007560253143310547,8.60891304910183e-08,0.00011387069832071902,1,0,0.019931770861148834,0.14116832613945007,0.021686231717467308,0.15190492570400238,0.0018834138754755259,0.011436696164309978,0.022317494614981115,0.15516015235334635,-1.6240346431732178,-1.6232786178588867
theta3,T4,batch2_128_255,0,4,"(0, 4)",0,12,exact_replay_715_45760_tokens,T4_batch_128,6.518154621124268,6.895570755004883,0.000695511233061552,0.0006957054138183594,1.9418075680732727e-07,0.0002791134766963674,1,0,0.021686231717467308,0.15190492570400238,0.023440256714820862,0.16232731938362122,0.0018985833739861846,0.011198079213500023,0.0242160779889673,0.16635823156684637,-1.605905532836914,-1.6052098274230957
theta3,T4,batch2_128_255,0,4,"(0, 4)",0,13,exact_replay_715_45760_tokens,T4_batch_128,6.386349678039551,6.836502552032471,0.0006357926758937538,0.0006356239318847656,1.6874400898814201e-07,0.00026547774638972245,1,0,0.023440256714820862,0.16232731938362122,0.02519540674984455,0.17248669266700745,0.0019136799965053797,0.011001764796674252,0.02612975798547268,0.17735999636352062,-1.585129737854004,-1.5844941139221191
theta3,T4,batch2_128_255,0,4,"(0, 4)",0,14,exact_replay_715_45760_tokens,T4_batch_128,6.267160415649414,6.793366432189941,0.0005593353998847306,0.0005592107772827148,1.2462260201573372e-07,0.000222854435354935,1,0,0.02519540674984455,0.17248669266700745,0.026951799169182777,0.18239295482635498,0.0019328055204823613,0.010870255529880524,0.02806256350595504,0.18823025189340115,-1.576606035232544,-1.5760468244552612
theta3,T4,batch2_128_255,0,4,"(0, 4)",0,15,exact_replay_715_45760_tokens,T4_batch_128,6.146176815032959,6.759524822235107,0.0005078692338429391,0.0005078315734863281,3.766035661101341e-08,7.415914759389672e-05,1,0,0.026951799169182777,0.18239295482635498,0.028716163709759712,0.19219563901424408,0.001952839083969593,0.010823429562151432,0.030015402589924634,0.19905368145555258,-1.5711143016815186,-1.5706064701080322
theta3,T4,batch2_128_255,0,4,"(0, 4)",0,16,exact_replay_715_45760_tokens,T4_batch_128,6.030333995819092,6.73908805847168,0.0004717665142379701,0.0004718303680419922,6.385380402207375e-08,0.00013533212007326933,1,0,0.028716163709759712,0.19219563901424408,0.03049149177968502,0.20195148885250092,0.0019712671637535095,0.010793330147862434,0.03198666975367814,0.209847011603415,-1.5729587078094482,-1.5724868774414062
theta3,T4,batch2_128_255,0,4,"(0, 4)",0,17,exact_replay_715_45760_tokens,T4_batch_128,5.913093566894531,6.723398208618164,0.0004103018145542592,0.0004101991653442383,1.0264921002089977e-07,0.00025024236686283055,1,0,0.03049149177968502,0.20195148885250092,0.032272789627313614,0.2114914506673813,0.0019908910617232323,0.010629930533468723,0.033977560815401375,0.22047694213688374,-1.5805134773254395,-1.5801032781600952
theta3,T4,batch2_128_255,0,4,"(0, 4)",0,18,exact_replay_715_45760_tokens,T4_batch_128,5.805281162261963,6.718433856964111,0.0003624054661486298,0.000362396240234375,9.225914254784584e-09,2.5458084909539475e-05,1,0,0.032272789627313614,0.2114914506673813,0.03406644985079765,0.2210105061531067,0.0020122360438108444,0.010629815980792046,0.03598979685921222,0.23110675811767578,-1.5870230197906494,-1.586660623550415
theta3,T4,batch2_128_255,0,4,"(0, 4)",0,19,exact_replay_715_45760_tokens,T4_batch_128,5.685339450836182,6.7176713943481445,0.000328126858221367,0.00032806396484375,6.289337761700153e-08,0.0001917107160701308,1,0,0.03406644985079765,0.2210105061531067,0.03586845472455025,0.23045967519283295,0.0020262515172362328,0.010544197633862495,0.03801604837644845,0.24165095575153828,-1.5923150777816772,-1.5919870138168335
theta3,T4,batch2_128_255,0,4,"(0, 4)",0,20,exact_replay_715_45760_tokens,T4_batch_128,5.569983959197998,6.725385665893555,0.000247684249188751,0.00024771690368652344,3.2654497772455215e-08,0.00013182183890760347,1,0,0.03586845472455025,0.23045967519283295,0.03767552226781845,0.23974637687206268,0.0020443350076675415,0.010459110140800476,0.040060383384115994,0.25211006589233875,-1.606330156326294,-1.6060824394226074
theta3,T4,batch2_128_255,0,4,"(0, 4)",0,21,exact_replay_715_45760_tokens,T4_batch_128,5.454811096191406,6.747121334075928,0.00021253906015772372,0.00021255016326904297,1.1103111319243908e-08,5.2237604283510933e-05,1,0,0.03767552226781845,0.23974637687206268,0.0394887775182724,0.24891670048236847,0.00205677910707891,0.010332360863685608,0.042117162491194904,0.26244242675602436,-1.6191942691802979,-1.6189817190170288
theta3,T4,batch2_128_255,0,4,"(0, 4)",0,22,exact_replay_715_45760_tokens,T4_batch_128,5.347967624664307,6.7751545906066895,0.00018492862000130117,0.00018477439880371094,1.542211975902319e-07,0.0008346459173387097,1,0,0.0394887775182724,0.24891670048236847,0.041310448199510574,0.2579185366630554,0.0020710364915430546,0.010169579647481441,0.04418819898273796,0.2726120064035058,-1.635739803314209,-1.6355550289154053
theta3,T4,batch2_128_255,0,4,"(0, 4)",0,23,exact_replay_715_45760_tokens,T4_batch_128,5.242232322692871,6.813577651977539,0.00014555476082023233,0.0001455545425415039,2.1827872842550278e-10,1.4996352886977886e-06,1,0,0.041310448199510574,0.2579185366630554,0.04313741996884346,0.2667492628097534,0.002081675920635462,0.010011120699346066,0.04626987490337342,0.28262312710285187,-1.6649447679519653,-1.6647992134094238
theta3,T4,batch2_128_255,0,4,"(0, 4)",0,24,exact_replay_715_45760_tokens,T4_batch_128,5.139737606048584,6.855651378631592,0.00012622123176697642,0.00012624263763427734,2.140586730092764e-08,0.00016956131226392824,1,0,0.04313741996884346,0.2667492628097534,0.044969696551561356,0.27538856863975525,0.002089404733851552,0.009826301597058773,0.04835927963722497,0.29244942869991064,-1.6884170770645142,-1.6882908344268799
theta3,T4,batch2_128_255,0,4,"(0, 4)",0,25,exact_replay_715_45760_tokens,T4_batch_128,5.042436122894287,6.906426429748535,9.952014806913212e-05,9.942054748535156e-05,9.960058378055692e-08,0.0010018108560026979,1,0,0.044969696551561356,0.27538856863975525,0.04680347070097923,0.28384673595428467,0.0020927265286445618,0.009646911174058914,0.050452006165869534,0.30209633987396955,-1.7047698497772217,-1.7046704292297363
theta3,T4,batch2_128_255,0,4,"(0, 4)",0,26,exact_replay_715_45760_tokens,T4_batch_128,4.948337554931641,6.955639839172363,6.488285725936294e-05,6.496906280517578e-05,8.620554581284523e-08,0.0013268706995412845,1,0,0.04680347070097923,0.28384673595428467,0.04863525182008743,0.2921212911605835,0.0020917204674333334,0.009463492780923843,0.05254372663330287,0.3115598326548934,-1.718184232711792,-1.7181192636489868
theta3,T4,batch2_128_255,0,4,"(0, 4)",0,27,exact_replay_715_45760_tokens,T4_batch_128,4.860154151916504,7.013404369354248,3.7154837627895176e-05,3.707408905029297e-05,8.074857760220766e-08,0.0021780326818729902,1,0,0.04863525182008743,0.2921212911605835,0.05046436935663223,0.3002195358276367,0.0020892396569252014,0.00928924698382616,0.05463296629022807,0.32084907963871956,-1.7335045337677002,-1.73346745967865
theta3,T4,batch2_128_255,0,4,"(0, 4)",0,28,exact_replay_715_45760_tokens,T4_batch_128,4.775002479553223,7.0647053718566895,1.468210120947333e-05,1.4662742614746094e-05,1.9358594727236778e-08,0.0013202574194931403,1,0,0.05046436935663223,0.3002195358276367,0.05228905379772186,0.3081739842891693,0.0020831450819969177,0.009132830426096916,0.05671611137222499,0.3299819100648165,-1.7473714351654053,-1.7473567724227905
theta3,T4,batch2_128_255,0,4,"(0, 4)",0,29,exact_replay_715_45760_tokens,T4_batch_128,4.692432880401611,7.1237640380859375,-9.302782018494327e-06,-9.417533874511719e-06,1.1475185601739213e-07,0.012184915663320807,0,1,0.05228905379772186,0.3081739842891693,0.054105810821056366,0.315974622964859,0.0020739417523145676,0.008978364989161491,0.058790053124539554,0.33896027505397797,-1.7653108835220337,-1.7653203010559082
theta3,T4,batch2_128_255,0,4,"(0, 4)",0,30,exact_replay_715_45760_tokens,T4_batch_128,4.611323833465576,7.187252521514893,-2.5291661586379632e-05,-2.5272369384765625e-05,1.9292201614007354e-08,0.0007633713056456368,0,1,0.054105810821056366,0.315974622964859,0.05591277405619621,0.3236345946788788,0.0020608429331332445,0.00882367230951786,0.0608508960576728,0.3477839473634958,-1.7863738536834717,-1.7863991260528564
theta3,T4,batch2_128_255,0,4,"(0, 4)",0,31,exact_replay_715_45760_tokens,T4_batch_128,4.534223556518555,7.2510881423950195,-4.187066951999441e-05,-4.1961669921875e-05,9.100040188059211e-08,0.0021686553955078125,0,1,0.05591277405619621,0.3236345946788788,0.05770830065011978,0.33119404315948486,0.0020450951997190714,0.008694916032254696,0.06289599125739187,0.3564788633957505,-1.8043768405914307,-1.8044188022613525
theta3,T4,batch2_128_255,0,4,"(0, 4)",0,32,exact_replay_715_45760_tokens,T4_batch_128,4.458340644836426,7.312972068786621,-5.2281659009167925e-05,-5.233287811279297e-05,5.1219103625044227e-08,0.0009787174998220386,0,1,0.05770830065011978,0.33119404315948486,0.05948970094323158,0.3386402130126953,0.002026198897510767,0.008555236272513866,0.06492219015490264,0.3650340996682644,-1.8111530542373657,-1.8112053871154785
theta3,T4,batch2_128_255,0,4,"(0, 4)",0,33,exact_replay_715_45760_tokens,T4_batch_128,4.385340690612793,7.375813961029053,-4.9590944399824366e-05,-4.982948303222656e-05,2.3853863240219653e-07,0.004787098277698864,0,1,0.05948970094323158,0.3386402130126953,0.06125367060303688,0.3459636867046356,0.0020034241024404764,0.008411064743995667,0.06692561425734311,0.37344516441226006,-1.8187110424041748,-1.818760871887207
theta3,T4,batch2_128_255,0,4,"(0, 4)",0,34,exact_replay_715_45760_tokens,T4_batch_128,4.317712783813477,7.433682918548584,-4.764918048749678e-05,-4.76837158203125e-05,3.453533281572163e-08,0.0007242584228515626,0,1,0.06125367060303688,0.3459636867046356,0.06300076097249985,0.35318413376808167,0.0019801605958491564,0.008282107301056385,0.06890577485319227,0.38172727171331644,-1.8237996101379395,-1.8238472938537598
theta3,T4,batch2_128_255,0,4,"(0, 4)",0,35,exact_replay_715_45760_tokens,T4_batch_128,4.248763084411621,7.497515678405762,-5.702953785657883e-05,-5.7220458984375e-05,1.909211277961731e-07,0.0033365885416666665,0,1,0.06300076097249985,0.35318413376808167,0.0647280365228653,0.36027616262435913,0.0019557951018214226,0.0081357192248106,0.07086156995501369,0.38986299093812704,-1.8345465660095215,-1.8346037864685059
theta3,T4,batch2_128_255,0,4,"(0, 4)",0,36,exact_replay_715_45760_tokens,T4_batch_128,4.1808881759643555,7.563732624053955,-6.11843861406669e-05,-6.115436553955078e-05,3.0020601116120815e-08,0.0004908987420808967,0,1,0.0647280365228653,0.36027616262435913,0.06643293797969818,0.36723488569259644,0.0019285978050902486,0.00798280630260706,0.07279016776010394,0.3978457972407341,-1.8426026105880737,-1.8426637649536133
theta3,T4,batch2_128_255,0,4,"(0, 4)",0,37,exact_replay_715_45760_tokens,T4_batch_128,4.1180901527404785,7.629297256469727,-7.387351070065051e-05,-7.37905502319336e-05,8.296046871691942e-08,0.0011242695501817448,0,1,0.06643293797969818,0.36723488569259644,0.06811447441577911,0.3740617036819458,0.0018999679014086723,0.007832876406610012,0.07469013566151261,0.4056786736473441,-1.853695273399353,-1.853769063949585
theta3,T4,batch2_128_255,0,4,"(0, 4)",0,38,exact_replay_715_45760_tokens,T4_batch_128,4.056143760681152,7.693238735198975,-7.728562923148274e-05,-7.76052474975586e-05,3.1961826607584953e-07,0.004118513584869431,0,1,0.06811447441577911,0.3740617036819458,0.06977017968893051,0.3807436525821686,0.0018692021258175373,0.007669656537473202,0.07655933778733015,0.4133483301848173,-1.8658976554870605,-1.865975260734558
theta3,T4,batch2_128_255,0,4,"(0, 4)",0,39,exact_replay_715_45760_tokens,T4_batch_128,3.9962637424468994,7.756975173950195,-9.0209417976439e-05,-9.012222290039062e-05,8.719507604837418e-08,0.0009675202546296296,0,1,0.06977017968893051,0.3807436525821686,0.07139844447374344,0.3872775733470917,0.0018367685843259096,0.007502684369683266,0.07839610637165606,0.4208510145545006,-1.8772056102752686,-1.877295732498169
theta3,T4,batch2_128_255,0,5,"(0, 5)",0,0,exact_replay_715_45760_tokens,T4_batch_128,8.411853790283203,8.241799354553223,0.0007971777813509107,0.0007971525192260742,2.5262124836444855e-08,3.1690453491849856e-05,1,0,0.0,0.0,0.0019043807405978441,0.014628833159804344,0.0019043807405978441,0.014628833159804344,0.0019043807405978441,0.014628833159804344,-1.0431175231933594,-1.0423203706741333
theta3,T4,batch2_128_255,0,5,"(0, 5)",0,1,exact_replay_715_45760_tokens,T4_batch_128,8.206040382385254,8.11349868774414,0.0007806061184965074,0.0007804632186889648,1.4289980754256248e-07,0.00018309614613563465,1,0,0.0019043807405978441,0.014628833159804344,0.003788325935602188,0.028964916244149208,0.0018866199534386396,0.014354106038808823,0.0037910006940364838,0.028982939198613167,-1.0292655229568481,-1.0284850597381592
theta3,T4,batch2_128_255,0,5,"(0, 5)",0,2,exact_replay_715_45760_tokens,T4_batch_128,8.003993034362793,7.979004383087158,0.0007646745652891695,0.0007646083831787109,6.618211045861244e-08,8.655687266136577e-05,1,0,0.003788325935602188,0.028964916244149208,0.005654390435665846,0.043072473257780075,0.0018734402256086469,0.014151928946375847,0.005664440919645131,0.043134868144989014,-1.0128400325775146,-1.012075424194336
theta3,T4,batch2_128_255,0,5,"(0, 5)",0,3,exact_replay_715_45760_tokens,T4_batch_128,7.816113471984863,7.849524974822998,0.0007384652853943408,0.0007383823394775391,8.294591680169106e-08,0.00011233464340490798,1,0,0.005654390435665846,0.043072473257780075,0.007505920249968767,0.056958213448524475,0.0018655372550711036,0.013956194743514061,0.007529978174716234,0.057091062888503075,-0.9833909273147583,-0.9826525449752808
theta3,T4,batch2_128_255,0,5,"(0, 5)",0,4,exact_replay_715_45760_tokens,T4_batch_128,7.623239994049072,7.730528354644775,0.0007147379219532013,0.0007146596908569336,7.82310962677002e-08,0.00010946622185154295,1,0,0.007505920249968767,0.056958213448524475,0.009340395219624043,0.07049308717250824,0.001858049537986517,0.0136432945728302,0.009388027712702751,0.07073435746133327,-0.9671865701675415,-0.9664719104766846
theta3,T4,batch2_128_255,0,5,"(0, 5)",0,5,exact_replay_715_45760_tokens,T4_batch_128,7.448637962341309,7.603818416595459,0.0006804520962759852,0.000680387020111084,6.507616490125656e-08,9.564580595707403e-05,1,0,0.009340395219624043,0.07049308717250824,0.011159397661685944,0.08358519524335861,0.0018544431077316403,0.013272898271679878,0.011242470820434391,0.08400725573301315,-0.9422740340232849,-0.9415936470031738
theta3,T4,batch2_128_255,0,5,"(0, 5)",0,6,exact_replay_715_45760_tokens,T4_batch_128,7.271483421325684,7.494680881500244,0.0006343569839373231,0.000634312629699707,4.4354237616062164e-08,6.992488489005826e-05,1,0,0.011159397661685944,0.08358519524335861,0.01295932661741972,0.09604737907648087,0.0018505480838939548,0.012716862373054028,0.013093018904328346,0.09672411810606718,-0.9181315898895264,-0.9174972772598267
theta3,T4,batch2_128_255,0,5,"(0, 5)",0,7,exact_replay_715_45760_tokens,T4_batch_128,7.10166597366333,7.386694431304932,0.0005930715706199408,0.0005930066108703613,6.495974957942963e-08,0.00010954304452708814,1,0,0.01295932661741972,0.09604737907648087,0.014744210988283157,0.10788778215646744,0.0018518874421715736,0.012186902575194836,0.01494490634649992,0.10891102068126202,-0.8931129574775696,-0.8925199508666992
theta3,T4,batch2_128_255,0,5,"(0, 5)",0,8,exact_replay_715_45760_tokens,T4_batch_128,6.958701133728027,7.2931718826293945,0.0005479404935613275,0.000547945499420166,5.005858838558197e-09,9.135687479604047e-06,1,0,0.014744210988283157,0.10788778215646744,0.01651955582201481,0.11926811188459396,0.0018561126198619604,0.01180953998118639,0.01680101896636188,0.1207205606624484,-0.8772506713867188,-0.8767027258872986
theta3,T4,batch2_128_255,0,5,"(0, 5)",0,9,exact_replay_715_45760_tokens,T4_batch_128,6.822351455688477,7.19600772857666,0.0004973518662154675,0.000497281551361084,7.031485438346863e-08,0.00014139847776579168,1,0,0.01651955582201481,0.11926811188459396,0.01828603260219097,0.13010339438915253,0.0018651556456461549,0.011389675550162792,0.018666174612008035,0.1321102362126112,-0.8577208518981934,-0.8572235703468323
theta3,T4,batch2_128_255,0,5,"(0, 5)",0,10,exact_replay_715_45760_tokens,T4_batch_128,6.695618629455566,7.109399318695068,0.0004523996904026717,0.00045228004455566406,1.1964584700763226e-07,0.00026453930136399577,1,0,0.01828603260219097,0.13010339438915253,0.02004982903599739,0.14055012166500092,0.00187773781362921,0.011132853105664253,0.020543912425637245,0.14324308931827545,-0.8425058722496033,-0.8420535922050476
theta3,T4,batch2_128_255,0,5,"(0, 5)",0,11,exact_replay_715_45760_tokens,T4_batch_128,6.567634105682373,7.018736839294434,0.0004065052780788392,0.00040650367736816406,1.6007106751203537e-09,3.937752016129032e-06,1,0,0.02004982903599739,0.14055012166500092,0.02181662805378437,0.15062099695205688,0.0018967045471072197,0.010892155580222607,0.022440616972744465,0.15413524489849806,-0.8242836594581604,-0.8238771557807922
theta3,T4,batch2_128_255,0,5,"(0, 5)",0,12,exact_replay_715_45760_tokens,T4_batch_128,6.443571090698242,6.933688163757324,0.00036990270018577576,0.00036984682083129883,5.587935447692871e-08,0.00015108783239323127,1,0,0.02181662805378437,0.15062099695205688,0.02358907088637352,0.16045290231704712,0.001913120737299323,0.010752499103546143,0.024353737710043788,0.1648877440020442,-0.810937225818634,-0.8105673789978027
theta3,T4,batch2_128_255,0,5,"(0, 5)",0,13,exact_replay_715_45760_tokens,T4_batch_128,6.327961444854736,6.866593837738037,0.00033408301533199847,0.00033402442932128906,5.8586010709404945e-08,0.00017539438905246252,1,0,0.02358907088637352,0.16045290231704712,0.025368640199303627,0.17008982598781586,0.001929726917296648,0.010643127374351025,0.026283464627340436,0.17553087137639523,-0.7978786826133728,-0.7975446581840515
theta3,T4,batch2_128_255,0,5,"(0, 5)",0,14,exact_replay_715_45760_tokens,T4_batch_128,6.206465721130371,6.802840709686279,0.0003084272029809654,0.0003083944320678711,3.277091309428215e-08,0.00010626298560108234,1,0,0.025368640199303627,0.17008982598781586,0.027157004922628403,0.1796078234910965,0.0019458663882687688,0.010579216293990612,0.028229331015609205,0.18611008767038584,-0.7897003889083862,-0.7893919944763184
theta3,T4,batch2_128_255,0,5,"(0, 5)",0,15,exact_replay_715_45760_tokens,T4_batch_128,6.090958595275879,6.7407331466674805,0.00027648668037727475,0.0002764463424682617,4.033790901303291e-08,0.0001459158716041397,1,0,0.027157004922628403,0.1796078234910965,0.02895282208919525,0.1890418976545334,0.0019628482405096292,0.010557063855230808,0.030192179256118834,0.19666715152561665,-0.7795799970626831,-0.7793035507202148
theta3,T4,batch2_128_255,0,5,"(0, 5)",0,16,exact_replay_715_45760_tokens,T4_batch_128,5.980990409851074,6.684449672698975,0.00023639414575882256,0.0002364516258239746,5.7480065152049065e-08,0.0002430943959541215,1,0,0.02895282208919525,0.1890418976545334,0.0307575985789299,0.19845618307590485,0.001981918467208743,0.010588335804641247,0.03217409772332758,0.2072554873302579,-0.7746304869651794,-0.7743940353393555
theta3,T4,batch2_128_255,0,5,"(0, 5)",0,17,exact_replay_715_45760_tokens,T4_batch_128,5.864099979400635,6.630978107452393,0.00021193244901951402,0.00021195411682128906,2.1667801775038242e-08,0.00010222873752109111,1,0,0.0307575985789299,0.19845618307590485,0.03257253021001816,0.20790594816207886,0.0019998771604150534,0.010634304955601692,0.03417397488374263,0.21788979228585958,-0.7743982076644897,-0.7741862535476685
theta3,T4,batch2_128_255,0,5,"(0, 5)",0,18,exact_replay_715_45760_tokens,T4_batch_128,5.750657081604004,6.591370582580566,0.00018461031140759587,0.00018453598022460938,7.433118298649788e-08,0.0004028004885335917,1,0,0.03257253021001816,0.20790594816207886,0.034394051879644394,0.21736665070056915,0.002016425831243396,0.010664750821888447,0.036190400714986026,0.22855454310774803,-0.7752079963684082,-0.7750234603881836
theta3,T4,batch2_128_255,0,5,"(0, 5)",0,19,exact_replay_715_45760_tokens,T4_batch_128,5.630970478057861,6.551835060119629,0.00016659630637150258,0.0001666545867919922,5.828042048960924e-08,0.00034970786950107297,1,0,0.034394051879644394,0.21736665070056915,0.036220259964466095,0.22687269747257233,0.002029225928708911,0.010740364901721478,0.03821962664369494,0.2392949080094695,-0.7825711965560913,-0.7824045419692993
theta3,T4,batch2_128_255,0,5,"(0, 5)",0,20,exact_replay_715_45760_tokens,T4_batch_128,5.504420280456543,6.523064613342285,0.0001479440979892388,0.00014793872833251953,5.369656719267368e-09,3.629649098509267e-05,1,0,0.036220259964466095,0.22687269747257233,0.03804556652903557,0.23626849055290222,0.0020362315699458122,0.010642212815582752,0.04025585821364075,0.24993712082505226,-0.7938487529754639,-0.7937008142471313
theta3,T4,batch2_128_255,0,5,"(0, 5)",0,21,exact_replay_715_45760_tokens,T4_batch_128,5.384856224060059,6.500514984130859,0.00012499623699113727,0.00012505054473876953,5.430774763226509e-08,0.00043428637392755004,1,0,0.03804556652903557,0.23626849055290222,0.03986916318535805,0.24556604027748108,0.0020416858606040478,0.010531395673751831,0.0422975440742448,0.2604685164988041,-0.8070538640022278,-0.806928813457489
theta3,T4,batch2_128_255,0,5,"(0, 5)",0,22,exact_replay_715_45760_tokens,T4_batch_128,5.2719502449035645,6.478152751922607,0.00010467375250300393,0.00010460615158081055,6.760092219337821e-08,0.0006462423210470085,1,0,0.03986916318535805,0.24556604027748108,0.041687313467264175,0.2547112703323364,0.0020463154651224613,0.010394035838544369,0.04434385953936726,0.27086255233734846,-0.8177911043167114,-0.8176864981651306
theta3,T4,batch2_128_255,0,5,"(0, 5)",0,23,exact_replay_715_45760_tokens,T4_batch_128,5.163986682891846,6.475036144256592,9.762054833117872e-05,9.769201278686523e-05,7.146445568650961e-08,0.0007315281326266016,1,0,0.041687313467264175,0.2547112703323364,0.04350052401423454,0.26376092433929443,0.002045614179223776,0.010267071425914764,0.046389473718591034,0.2811296237632632,-0.8300846219062805,-0.8299869298934937
theta3,T4,batch2_128_255,0,5,"(0, 5)",0,24,exact_replay_715_45760_tokens,T4_batch_128,5.057967185974121,6.481150150299072,9.085714555112645e-05,9.08970832824707e-05,3.9937731344252825e-08,0.0004393730788934426,1,0,0.04350052401423454,0.26376092433929443,0.045304588973522186,0.2726774215698242,0.0020392565056681633,0.010098868049681187,0.0484287302242592,0.2912284918129444,-0.845928966999054,-0.8458380699157715
theta3,T4,batch2_128_255,0,5,"(0, 5)",0,25,exact_replay_715_45760_tokens,T4_batch_128,4.962043762207031,6.49254846572876,9.578079334460199e-05,9.578466415405273e-05,3.8708094507455826e-09,4.041157825140012e-05,1,0,0.045304588973522186,0.2726774215698242,0.047097157686948776,0.2813962996006012,0.0020280631724745035,0.009859004057943821,0.0504567933967337,0.30108749587088823,-0.8529608249664307,-0.8528650403022766
theta3,T4,batch2_128_255,0,5,"(0, 5)",0,26,exact_replay_715_45760_tokens,T4_batch_128,4.862988471984863,6.511967182159424,9.054025576915592e-05,9.065866470336914e-05,1.1840893421322107e-07,0.0013060961641190006,1,0,0.047097157686948776,0.2813962996006012,0.04887576028704643,0.28995728492736816,0.002015217673033476,0.009687758050858974,0.05247201106976718,0.3107752539217472,-0.8620772957801819,-0.8619866371154785
theta3,T4,batch2_128_255,0,5,"(0, 5)",0,27,exact_replay_715_45760_tokens,T4_batch_128,4.771265983581543,6.5267462730407715,8.628633077023551e-05,8.64267349243164e-05,1.4040415408089757e-07,0.0016245453933189655,1,0,0.04887576028704643,0.28995728492736816,0.05064147338271141,0.2983914911746979,0.002002694411203265,0.009526596404612064,0.05447470548097044,0.32030185032635927,-0.8733705878257751,-0.8732841610908508
theta3,T4,batch2_128_255,0,5,"(0, 5)",0,28,exact_replay_715_45760_tokens,T4_batch_128,4.678809642791748,6.545380115509033,7.225557055789977e-05,7.236003875732422e-05,1.0446819942444563e-07,0.0014437277980848436,1,0,0.05064147338271141,0.2983914911746979,0.05238848179578781,0.30664491653442383,0.001984377158805728,0.009344763122498989,0.05645908263977617,0.32964661344885826,-0.8766226172447205,-0.8765502572059631
theta3,T4,batch2_128_255,0,5,"(0, 5)",0,29,exact_replay_715_45760_tokens,T4_batch_128,4.591221809387207,6.566385269165039,5.559533019550145e-05,5.555152893066406e-05,4.3801264837384224e-08,0.0007884799155042919,1,0,0.05238848179578781,0.30664491653442383,0.05411577969789505,0.3147194981575012,0.0019650214817374945,0.009168543852865696,0.058424104121513665,0.33881515730172396,-0.87827467918396,-0.8782191276550293
theta3,T4,batch2_128_255,0,5,"(0, 5)",0,30,exact_replay_715_45760_tokens,T4_batch_128,4.5058488845825195,6.593033790588379,4.132850517635234e-05,4.13060188293457e-05,2.2486347006633878e-08,0.0005443842724116161,1,0,0.05411577969789505,0.3147194981575012,0.055818915367126465,0.32265177369117737,0.001939650159329176,0.009025400504469872,0.06036375428084284,0.34784055780619383,-0.8797601461410522,-0.8797188401222229
theta3,T4,batch2_128_255,0,5,"(0, 5)",0,31,exact_replay_715_45760_tokens,T4_batch_128,4.423467636108398,6.620273113250732,4.401242404128425e-05,4.404783248901367e-05,3.540844772942364e-08,0.0008038635666864005,1,0,0.055818915367126465,0.32265177369117737,0.05749788507819176,0.3304627537727356,0.001911013969220221,0.00887224916368723,0.06227476825006306,0.35671280696988106,-0.8773638606071472,-0.8773198127746582
theta3,T4,batch2_128_255,0,5,"(0, 5)",0,32,exact_replay_715_45760_tokens,T4_batch_128,4.344236850738525,6.647398948669434,4.492865991778672e-05,4.494190216064453e-05,1.3242242857813835e-08,0.00029465247844827585,1,0,0.05749788507819176,0.3304627537727356,0.05914921313524246,0.33813291788101196,0.0018792604096233845,0.008705896325409412,0.06415402865968645,0.36541870329529047,-0.8743079900741577,-0.8742630481719971
theta3,T4,batch2_128_255,0,5,"(0, 5)",0,33,exact_replay_715_45760_tokens,T4_batch_128,4.267411708831787,6.677192211151123,4.019620246253908e-05,4.023313522338867e-05,3.693276084959507e-08,0.00091796875,1,0,0.05914921313524246,0.33813291788101196,0.060771387070417404,0.3456710875034332,0.0018457871628925204,0.008556085638701916,0.06599981582257897,0.3739747889339924,-0.8713583946228027,-0.8713181614875793
theta3,T4,batch2_128_255,0,5,"(0, 5)",0,34,exact_replay_715_45760_tokens,T4_batch_128,4.192170143127441,6.7100934982299805,3.8619145925622433e-05,3.8623809814453125e-05,4.663888830691576e-09,0.00012075165171682098,1,0,0.060771387070417404,0.3456710875034332,0.062361981719732285,0.35306018590927124,0.0018100091256201267,0.008390962146222591,0.0678098249481991,0.382365751080215,-0.8651223182678223,-0.8650836944580078
theta3,T4,batch2_128_255,0,5,"(0, 5)",0,35,exact_replay_715_45760_tokens,T4_batch_128,4.12146520614624,6.745589256286621,3.5233806556789204e-05,3.516674041748047e-05,6.706613930873573e-08,0.001907090009269068,1,0,0.062361981719732285,0.35306018590927124,0.06391985714435577,0.3602851927280426,0.0017729492392390966,0.008208983577787876,0.06958277418743819,0.39057473465800285,-0.862088143825531,-0.8620529770851135
theta3,T4,batch2_128_255,0,5,"(0, 5)",0,36,exact_replay_715_45760_tokens,T4_batch_128,4.052395820617676,6.77666711807251,3.7019981391495094e-05,3.701448440551758e-05,5.496985977515578e-09,0.00014850905168075685,1,0,0.06391985714435577,0.3602851927280426,0.06544233113527298,0.36733871698379517,0.0017326968954876065,0.00802193395793438,0.0713154710829258,0.39859666861593723,-0.8570570945739746,-0.8570200800895691
theta3,T4,batch2_128_255,0,5,"(0, 5)",0,37,exact_replay_715_45760_tokens,T4_batch_128,3.9897961616516113,6.811927795410156,3.509844100335613e-05,3.504753112792969e-05,5.090987542644143e-08,0.0014525951982355442,1,0,0.06544233113527298,0.36733871698379517,0.06693146377801895,0.3742164969444275,0.0016948023112490773,0.00783176627010107,0.07301027339417487,0.4064284348860383,-0.850437343120575,-0.850402295589447
theta3,T4,batch2_128_255,0,5,"(0, 5)",0,38,exact_replay_715_45760_tokens,T4_batch_128,3.9261555671691895,6.845282077789307,3.0791394237894565e-05,3.0875205993652344e-05,8.381175575777888e-08,0.0027145326827944017,1,0,0.06693146377801895,0.3742164969444275,0.0683840960264206,0.3809172809123993,0.0016540943179279566,0.0076383864507079124,0.07466436771210283,0.4140668213367462,-0.8435010313987732,-0.8434701561927795
theta3,T4,batch2_128_255,0,5,"(0, 5)",0,39,exact_replay_715_45760_tokens,T4_batch_128,3.8673782348632812,6.87905740737915,2.7568908990360796e-05,2.759695053100586e-05,2.8041540645062923e-08,0.0010161101174406047,1,0,0.0683840960264206,0.3809172809123993,0.06980152428150177,0.387450635433197,0.0016138502396643162,0.007449701894074678,0.07627821795176715,0.4215165232308209,-0.831378161907196,-0.831350564956665
theta3,T4,batch2_128_255,0,6,"(0, 6)",0,0,exact_replay_715_45760_tokens,T4_batch_128,8.227785110473633,8.241799354553223,0.0025413779076188803,0.0025408267974853516,5.511101335287094e-07,0.00021690188960307778,1,0,0.0,0.0,0.0019295822130516171,0.01322538685053587,0.0019295822130516171,0.01322538685053587,0.0019295822130516171,0.01322538685053587,-2.7050023078918457,-2.7024614810943604
theta3,T4,batch2_128_255,0,6,"(0, 6)",0,1,exact_replay_715_45760_tokens,T4_batch_128,8.051214218139648,8.097211837768555,0.0022380007430911064,0.0022377967834472656,2.039596438407898e-07,9.11430588109951e-05,1,0,0.0019295822130516171,0.01322538685053587,0.0038238384295254946,0.026109881699085236,0.0018965482013300061,0.012895978055894375,0.0038261304143816233,0.026121364906430244,-2.552877902984619,-2.550640106201172
theta3,T4,batch2_128_255,0,6,"(0, 6)",0,2,exact_replay_715_45760_tokens,T4_batch_128,7.886096477508545,7.954413414001465,0.0019758841954171658,0.001975536346435547,3.478489816188812e-07,0.00017607824945691528,1,0,0.0038238384295254946,0.026109881699085236,0.005687620956450701,0.03870450705289841,0.0018701327499002218,0.01262328214943409,0.005696263164281845,0.038744647055864334,-2.410402774810791,-2.4084272384643555
theta3,T4,batch2_128_255,0,6,"(0, 6)",0,3,exact_replay_715_45760_tokens,T4_batch_128,7.733282089233398,7.822010517120361,0.0017527249874547124,0.001752614974975586,1.100124791264534e-07,6.27704776561012e-05,1,0,0.005687620956450701,0.03870450705289841,0.0075245811603963375,0.05102357268333435,0.0018492282833904028,0.01237384881824255,0.007545491447672248,0.051118495874106884,-2.279430866241455,-2.2776782512664795
theta3,T4,batch2_128_255,0,6,"(0, 6)",0,4,exact_replay_715_45760_tokens,T4_batch_128,7.584648132324219,7.697892665863037,0.0015541762113571167,0.0015540122985839844,1.6391277313232422e-07,0.00010547714022706352,1,0,0.0075245811603963375,0.05102357268333435,0.009339972399175167,0.0630677342414856,0.0018347505247220397,0.012125775218009949,0.009380241972394288,0.06324427109211683,-2.1532886028289795,-2.1517345905303955
theta3,T4,batch2_128_255,0,6,"(0, 6)",0,5,exact_replay_715_45760_tokens,T4_batch_128,7.441335678100586,7.568641662597656,0.0013729528291150928,0.0013728141784667969,1.3865064829587936e-07,0.00010099738950156304,1,0,0.009339972399175167,0.0630677342414856,0.011133352294564247,0.07484263926744461,0.0018220922211185098,0.01190274953842163,0.011202334193512797,0.07514702063053846,-2.0327770709991455,-2.0314042568206787
theta3,T4,batch2_128_255,0,6,"(0, 6)",0,6,exact_replay_715_45760_tokens,T4_batch_128,7.302709579467773,7.451846599578857,0.0012203045189380646,0.0012202262878417969,7.82310962677002e-08,6.411195779601407e-05,1,0,0.011133352294564247,0.07484263926744461,0.012910012155771255,0.08632296323776245,0.0018164460780099034,0.011664776131510735,0.0130187802715227,0.0868117967620492,-1.9278934001922607,-1.926673173904419
theta3,T4,batch2_128_255,0,6,"(0, 6)",0,7,exact_replay_715_45760_tokens,T4_batch_128,7.1682353019714355,7.348966598510742,0.0010812171967700124,0.001081228256225586,1.1059455573558807e-08,1.0228603914002205e-05,1,0,0.012910012155771255,0.08632296323776245,0.01467204187065363,0.09751923382282257,0.001813033246435225,0.011437305249273777,0.014831813517957926,0.09824910201132298,-1.8269596099853516,-1.825878381729126
theta3,T4,batch2_128_255,0,6,"(0, 6)",0,8,exact_replay_715_45760_tokens,T4_batch_128,7.038247585296631,7.243896484375,0.0009704596595838666,0.0009706020355224609,1.4237593859434128e-07,0.00014668827530090888,1,0,0.01467204187065363,0.09751923382282257,0.01642322726547718,0.1084550991654396,0.001814326853491366,0.011243412271142006,0.01664614037144929,0.10949251428246498,-1.7446718215942383,-1.7437012195587158
theta3,T4,batch2_128_255,0,6,"(0, 6)",0,9,exact_replay_715_45760_tokens,T4_batch_128,6.918259620666504,7.153364181518555,0.0008645756170153618,0.0008646249771118164,4.936009645462036e-08,5.7088446160209566e-05,1,0,0.01642322726547718,0.1084550991654396,0.018163446336984634,0.11918600648641586,0.0018166558584198356,0.011106401681900024,0.018462796229869127,0.120598915964365,-1.6669042110443115,-1.6660395860671997
theta3,T4,batch2_128_255,0,6,"(0, 6)",0,10,exact_replay_715_45760_tokens,T4_batch_128,6.796344757080078,7.069594383239746,0.0007858214667066932,0.0007855892181396484,2.3224856704473495e-07,0.0002956361437784522,1,0,0.018163446336984634,0.11918600648641586,0.019900504499673843,0.1297861933708191,0.001824015867896378,0.011016666889190674,0.020286812097765505,0.13161558285355568,-1.6089510917663574,-1.6081655025482178
theta3,T4,batch2_128_255,0,6,"(0, 6)",0,11,exact_replay_715_45760_tokens,T4_batch_128,6.676825523376465,6.977012634277344,0.0006963066407479346,0.0006963014602661133,5.180481821298599e-09,7.439998501968841e-06,1,0,0.019900504499673843,0.1297861933708191,0.021632837131619453,0.1401425004005432,0.0018327218713238835,0.010849821381270885,0.02211953396908939,0.14246540423482656,-1.5333901643753052,-1.532693862915039
theta3,T4,batch2_128_255,0,6,"(0, 6)",0,12,exact_replay_715_45760_tokens,T4_batch_128,6.559698581695557,6.8935322761535645,0.0006192049477249384,0.0006189346313476562,2.7031637728214264e-07,0.0004367446311633282,1,0,0.021632837131619453,0.1401425004005432,0.023363100364804268,0.1502588987350464,0.0018441606080159545,0.010687249712646008,0.023963694577105343,0.15315265394747257,-1.475090503692627,-1.4744715690612793
theta3,T4,batch2_128_255,0,6,"(0, 6)",0,13,exact_replay_715_45760_tokens,T4_batch_128,6.444334983825684,6.8232855796813965,0.0005538916448131204,0.0005539655685424805,7.392372936010361e-08,0.00013344462825478804,1,0,0.023363100364804268,0.1502588987350464,0.02509564347565174,0.16020120680332184,0.0018589063547551632,0.01059037633240223,0.025822600931860507,0.1637430302798748,-1.4243932962417603,-1.4238393306732178
theta3,T4,batch2_128_255,0,6,"(0, 6)",0,14,exact_replay_715_45760_tokens,T4_batch_128,6.330603122711182,6.755311965942383,0.0004951949813403189,0.0004951953887939453,4.0745362639427185e-10,8.228138541165142e-07,1,0,0.02509564347565174,0.16020120680332184,0.02683185413479805,0.1699373424053192,0.001875501126050949,0.010456929914653301,0.027698102057911456,0.1741999601945281,-1.3802642822265625,-1.3797690868377686
theta3,T4,batch2_128_255,0,6,"(0, 6)",0,15,exact_replay_715_45760_tokens,T4_batch_128,6.220208168029785,6.687399864196777,0.00045122532173991203,0.0004513263702392578,1.0104849934577942e-07,0.0002238923005810882,1,0,0.02683185413479805,0.1699373424053192,0.028571682050824165,0.17946162819862366,0.0018904939061030746,0.010319611057639122,0.02958859596401453,0.18451957125216722,-1.3439600467681885,-1.3435087203979492
theta3,T4,batch2_128_255,0,6,"(0, 6)",0,16,exact_replay_715_45760_tokens,T4_batch_128,6.112885475158691,6.634196758270264,0.00040624564280733466,0.0004062652587890625,1.9615981727838516e-08,4.8283679944248825e-05,1,0,0.028571682050824165,0.17946162819862366,0.03031761944293976,0.18881718814373016,0.001908175996504724,0.010222773998975754,0.031496771960519254,0.19474234525114298,-1.310892105102539,-1.31048583984375
theta3,T4,batch2_128_255,0,6,"(0, 6)",0,17,exact_replay_715_45760_tokens,T4_batch_128,6.0033159255981445,6.5868377685546875,0.00036538412678055465,0.00036525726318359375,1.2686359696090221e-07,0.00034732669202839424,1,0,0.03031761944293976,0.18881718814373016,0.032069310545921326,0.19803568720817566,0.0019237576052546501,0.010152878239750862,0.033420529565773904,0.20489522349089384,-1.2826833724975586,-1.282318115234375
theta3,T4,batch2_128_255,0,6,"(0, 6)",0,18,exact_replay_715_45760_tokens,T4_batch_128,5.900949001312256,6.5391926765441895,0.0003177707549184561,0.0003178119659423828,4.1211023926734924e-08,0.00012967108964741185,1,0,0.032069310545921326,0.19803568720817566,0.03382660821080208,0.2071121633052826,0.0019424939528107643,0.01008051447570324,0.03536302351858467,0.21497573796659708,-1.256622552871704,-1.2563047409057617
theta3,T4,batch2_128_255,0,6,"(0, 6)",0,19,exact_replay_715_45760_tokens,T4_batch_128,5.801012992858887,6.499676704406738,0.00028464419301599264,0.00028455257415771484,9.16188582777977e-08,0.00032197515186426477,1,0,0.03382660821080208,0.2071121633052826,0.03559211641550064,0.21607713401317596,0.0019601848907768726,0.010025735013186932,0.03732320840936154,0.225001472979784,-1.2291462421417236,-1.228861689567566
theta3,T4,batch2_128_255,0,6,"(0, 6)",0,20,exact_replay_715_45760_tokens,T4_batch_128,5.694751739501953,6.464897632598877,0.0002578737330622971,0.00025784969329833984,2.403976395726204e-08,9.323169498381877e-05,1,0,0.03559211641550064,0.21607713401317596,0.03736390545964241,0.2249881774187088,0.0019729791674762964,0.009986970573663712,0.03929618757683784,0.23498844355344772,-1.2061951160430908,-1.2059372663497925
theta3,T4,batch2_128_255,0,6,"(0, 6)",0,21,exact_replay_715_45760_tokens,T4_batch_128,5.591833591461182,6.435028553009033,0.000232750186114572,0.000232696533203125,5.365291144698858e-08,0.00023057030849769469,1,0,0.03736390545964241,0.2249881774187088,0.03914131969213486,0.23383928835391998,0.0019862663466483355,0.00994893629103899,0.04128245392348617,0.2449373798444867,-1.1870416402816772,-1.1868089437484741
theta3,T4,batch2_128_255,0,6,"(0, 6)",0,22,exact_replay_715_45760_tokens,T4_batch_128,5.49085807800293,6.40876579284668,0.00020076199143659323,0.0002008676528930664,1.0566145647317171e-07,0.0005260252457344214,1,0,0.03914131969213486,0.23383928835391998,0.04092351719737053,0.24261024594306946,0.0019993605092167854,0.009887227788567543,0.04328181443270296,0.25482460763305426,-1.1743922233581543,-1.1741913557052612
theta3,T4,batch2_128_255,0,6,"(0, 6)",0,23,exact_replay_715_45760_tokens,T4_batch_128,5.387033462524414,6.391968727111816,0.0001749926304910332,0.0001748800277709961,1.126027200371027e-07,0.0006438855338275392,1,0,0.04092351719737053,0.24261024594306946,0.042708516120910645,0.25127461552619934,0.0020098432432860136,0.009809390641748905,0.04529165767598897,0.26463399827480316,-1.1595020294189453,-1.1593271493911743
theta3,T4,batch2_128_255,0,6,"(0, 6)",0,24,exact_replay_715_45760_tokens,T4_batch_128,5.2887372970581055,6.383049011230469,0.00016905207303352654,0.00016891956329345703,1.3250974006950855e-07,0.0007844546687544108,1,0,0.042708516120910645,0.25127461552619934,0.04449688270688057,0.259914368391037,0.0020181150175631046,0.009766647592186928,0.04730977269355208,0.2744006458669901,-1.145137071609497,-1.1449681520462036
theta3,T4,batch2_128_255,0,6,"(0, 6)",0,25,exact_replay_715_45760_tokens,T4_batch_128,5.19052791595459,6.379619121551514,0.000145088488352485,0.00014495849609375,1.299922587350011e-07,0.000896755017732319,1,0,0.04449688270688057,0.259914368391037,0.046285077929496765,0.2684226632118225,0.002025745576247573,0.009638371877372265,0.04933551826979965,0.28403901774436235,-1.1396777629852295,-1.1395328044891357
theta3,T4,batch2_128_255,0,6,"(0, 6)",0,26,exact_replay_715_45760_tokens,T4_batch_128,5.093738555908203,6.385566234588623,0.0001385455543641001,0.0001385211944580078,2.435990609228611e-08,0.00017585688737091222,1,0,0.046285077929496765,0.2684226632118225,0.048075176775455475,0.2768324315547943,0.0020335197914391756,0.00954858586192131,0.051369038061238825,0.29358760360628366,-1.1355386972427368,-1.1354001760482788
theta3,T4,batch2_128_255,0,6,"(0, 6)",0,27,exact_replay_715_45760_tokens,T4_batch_128,4.99998664855957,6.388827800750732,0.00013439441681839526,0.00013434886932373047,4.5547494664788246e-08,0.00033902402673025733,1,0,0.048075176775455475,0.2768324315547943,0.049862898886203766,0.28512805700302124,0.002035955199971795,0.009434164501726627,0.05340499326121062,0.3030217681080103,-1.1293128728866577,-1.129178524017334
theta3,T4,batch2_128_255,0,6,"(0, 6)",0,28,exact_replay_715_45760_tokens,T4_batch_128,4.907930850982666,6.399724960327148,0.00013278766709845513,0.0001327991485595703,1.1481461115181446e-08,8.645733982271095e-05,1,0,0.049862898886203766,0.28512805700302124,0.05164815112948418,0.29328447580337524,0.002038100967183709,0.00929045770317316,0.05544309422839433,0.31231222581118345,-1.116384744644165,-1.1162519454956055
theta3,T4,batch2_128_255,0,6,"(0, 6)",0,29,exact_replay_715_45760_tokens,T4_batch_128,4.819730281829834,6.420407295227051,0.00013384134217631072,0.00013375282287597656,8.851930033415556e-08,0.0006618125765931373,1,0,0.05164815112948418,0.29328447580337524,0.05342961475253105,0.3012721836566925,0.0020369202829897404,0.009106677956879139,0.05748001451138407,0.3214189037680626,-1.1076289415359497,-1.1074951887130737
theta3,T4,batch2_128_255,0,6,"(0, 6)",0,30,exact_replay_715_45760_tokens,T4_batch_128,4.736961364746094,6.442660808563232,0.0001362055045319721,0.0001361370086669922,6.849586497992277e-08,0.000503139195216725,1,0,0.05342961475253105,0.3012721836566925,0.05520544573664665,0.3091726005077362,0.002031904412433505,0.009001657366752625,0.059511918923817575,0.3304205611348152,-1.09559965133667,-1.095463514328003
theta3,T4,batch2_128_255,0,6,"(0, 6)",0,31,exact_replay_715_45760_tokens,T4_batch_128,4.654994010925293,6.466416835784912,0.00013668414612766355,0.00013685226440429688,1.6811827663332224e-07,0.0012284654358122823,1,0,0.05520544573664665,0.3091726005077362,0.05697367340326309,0.3169387876987457,0.0020252682734280825,0.008862038142979145,0.06153718719724566,0.33928259927779436,-1.0835567712783813,-1.083419919013977
theta3,T4,batch2_128_255,0,6,"(0, 6)",0,32,exact_replay_715_45760_tokens,T4_batch_128,4.57386589050293,6.493345737457275,0.0001401297195116058,0.00014030933380126953,1.7961428966373205e-07,0.0012801307282816483,1,0,0.05697367340326309,0.3169387876987457,0.05873062461614609,0.3245621919631958,0.0020154062658548355,0.008711147122085094,0.06355259346310049,0.34799374639987946,-1.074637770652771,-1.0744974613189697
theta3,T4,batch2_128_255,0,6,"(0, 6)",0,33,exact_replay_715_45760_tokens,T4_batch_128,4.496158123016357,6.522332668304443,0.00014020135859027505,0.00014019012451171875,1.123407855629921e-08,8.013459289965986e-05,1,0,0.05873062461614609,0.3245621919631958,0.060475919395685196,0.3320518434047699,0.0020033633336424828,0.008571493439376354,0.06555595679674298,0.3565652398392558,-1.0675816535949707,-1.067441463470459
theta3,T4,batch2_128_255,0,6,"(0, 6)",0,34,exact_replay_715_45760_tokens,T4_batch_128,4.420614719390869,6.552308082580566,0.00015620089834555984,0.00015628337860107422,8.248025551438332e-08,0.0005277608934019832,1,0,0.060475919395685196,0.3320518434047699,0.062206923961639404,0.3394140899181366,0.00198636413551867,0.008421787992119789,0.06754232093226165,0.3649870278313756,-1.0618444681167603,-1.0616881847381592
theta3,T4,batch2_128_255,0,6,"(0, 6)",0,35,exact_replay_715_45760_tokens,T4_batch_128,4.349566459655762,6.586696624755859,0.00016258588584605604,0.00016248226165771484,1.0362418834120035e-07,0.000637756929796405,1,0,0.062206923961639404,0.3394140899181366,0.06392236053943634,0.34664785861968994,0.0019683714490383863,0.008281797170639038,0.06951069238130003,0.37326882500201464,-1.0529422760009766,-1.0527797937393188
theta3,T4,batch2_128_255,0,6,"(0, 6)",0,36,exact_replay_715_45760_tokens,T4_batch_128,4.283600807189941,6.626051902770996,0.00017022297834046185,0.00017011165618896484,1.1132215149700642e-07,0.0006544063704449895,1,0,0.06392236053943634,0.34664785861968994,0.06562033295631409,0.3537536859512329,0.0019480143673717976,0.008138089440762997,0.07145870674867183,0.38140691444277763,-1.049504280090332,-1.049334168434143
theta3,T4,batch2_128_255,0,6,"(0, 6)",0,37,exact_replay_715_45760_tokens,T4_batch_128,4.215210437774658,6.664590835571289,0.00018527801148593426,0.00018525123596191406,2.6775524020195007e-08,0.00014453627734877734,1,0,0.06562033295631409,0.3537536859512329,0.06730005890130997,0.3607189953327179,0.0019266547169536352,0.007976018823683262,0.07338536146562546,0.3893829332664609,-1.0379691123962402,-1.0377838611602783
theta3,T4,batch2_128_255,0,6,"(0, 6)",0,38,exact_replay_715_45760_tokens,T4_batch_128,4.151811599731445,6.6994476318359375,0.00018974624981638044,0.00018978118896484375,3.493914846330881e-08,0.0001841022740656407,1,0,0.06730005890130997,0.3607189953327179,0.06896043568849564,0.3675660490989685,0.0019037788733839989,0.007842791266739368,0.07528914033900946,0.39722572453320026,-1.0278089046478271,-1.0276191234588623
theta3,T4,batch2_128_255,0,6,"(0, 6)",0,39,exact_replay_715_45760_tokens,T4_batch_128,4.088333606719971,6.734260082244873,0.00019188741862308234,0.00019180774688720703,7.967173587530851e-08,0.0004153728781463642,1,0,0.06896043568849564,0.3675660490989685,0.07059797644615173,0.3742911219596863,0.0018764546839520335,0.0077011361718177795,0.0771655950229615,0.40492686070501804,-1.0152016878128052,-1.015009880065918
theta3,T4,batch2_128_255,0,7,"(0, 7)",1,0,exact_replay_715_45760_tokens,T4_batch_128,8.272762298583984,8.241799354553223,0.0017370629357174039,0.0017368793487548828,1.835869625210762e-07,0.00010569931794783803,1,0,0.0,0.0,0.0019728601910173893,0.013776768930256367,0.0019728601910173893,0.013776768930256367,0.0019728601910173893,0.013776768930256367,-2.075526475906372,-2.073789596557617
theta3,T4,batch2_128_255,0,7,"(0, 7)",1,1,exact_replay_715_45760_tokens,T4_batch_128,8.089990615844727,8.090215682983398,0.001583338133059442,0.0015832185745239258,1.1955853551626205e-07,7.551612736239742e-05,1,0,0.0019728601910173893,0.013776768930256367,0.003911408130079508,0.027307040989398956,0.0019407725194469094,0.013545367866754532,0.003913632710464299,0.0273221367970109,-2.0001742839813232,-1.9985910654067993
theta3,T4,batch2_128_255,0,7,"(0, 7)",1,2,exact_replay_715_45760_tokens,T4_batch_128,7.910186290740967,7.932498931884766,0.0014404308749362826,0.001440286636352539,1.4423858374357224e-07,0.00010014574884125144,1,0,0.003911408130079508,0.027307040989398956,0.005817183759063482,0.04061966761946678,0.0019120383076369762,0.013342607766389847,0.005825671018101275,0.040664744563400745,-1.925243616104126,-1.9238033294677734
theta3,T4,batch2_128_255,0,7,"(0, 7)",1,3,exact_replay_715_45760_tokens,T4_batch_128,7.7462263107299805,7.781239032745361,0.001321089337579906,0.001320958137512207,1.3120006769895554e-07,9.932189671509792e-05,1,0,0.005817183759063482,0.04061966761946678,0.0076933917589485645,0.05373169481754303,0.0018884148448705673,0.013175695203244686,0.007714085862971842,0.05384043976664543,-1.8636691570281982,-1.862348198890686
theta3,T4,batch2_128_255,0,7,"(0, 7)",1,4,exact_replay_715_45760_tokens,T4_batch_128,7.577171325683594,7.6393842697143555,0.0012020913418382406,0.0012019872665405273,1.0407529771327972e-07,8.658602350490926e-05,1,0,0.0076933917589485645,0.05373169481754303,0.009541851468384266,0.06649830937385559,0.0018688220297917724,0.01285008154809475,0.009582907892763615,0.06669052131474018,-1.793788194656372,-1.7925862073898315
theta3,T4,batch2_128_255,0,7,"(0, 7)",1,5,exact_replay_715_45760_tokens,T4_batch_128,7.427628040313721,7.504831790924072,0.0010956060141324997,0.0010956525802612305,4.6566128730773926e-08,4.25008160156675e-05,1,0,0.009541851468384266,0.06649830937385559,0.011365266516804695,0.07899501174688339,0.0018532222602516413,0.012620970606803894,0.011436130153015256,0.07931149192154408,-1.7234690189361572,-1.722373366355896
theta3,T4,batch2_128_255,0,7,"(0, 7)",1,6,exact_replay_715_45760_tokens,T4_batch_128,7.273562908172607,7.37797737121582,0.000980095355771482,0.0009799003601074219,1.9499566406011581e-07,0.00019899539993917275,1,0,0.011365266516804695,0.07899501174688339,0.013162985444068909,0.09110664576292038,0.0018403558060526848,0.012292135506868362,0.01327648595906794,0.09160362742841244,-1.6570568084716797,-1.6560769081115723
theta3,T4,batch2_128_255,0,7,"(0, 7)",1,7,exact_replay_715_45760_tokens,T4_batch_128,7.126986503601074,7.254904270172119,0.0008854269981384277,0.0008852481842041016,1.7881393432617188e-07,0.00020199299757608404,1,0,0.013162985444068909,0.09110664576292038,0.014942798763513565,0.10295086354017258,0.001834885566495359,0.012081806547939777,0.0151113715255633,0.10368543397635221,-1.5948162078857422,-1.593930959701538
theta3,T4,batch2_128_255,0,7,"(0, 7)",1,8,exact_replay_715_45760_tokens,T4_batch_128,6.978267192840576,7.1505045890808105,0.0007933445740491152,0.0007932186126708984,1.2596137821674347e-07,0.0001587978095882176,1,0,0.014942798763513565,0.10295086354017258,0.016706416383385658,0.11444459855556488,0.0018334597116336226,0.011792972683906555,0.016944831237196922,0.11547840666025877,-1.5370664596557617,-1.5362732410430908
theta3,T4,batch2_128_255,0,7,"(0, 7)",1,9,exact_replay_715_45760_tokens,T4_batch_128,6.843602657318115,7.053995132446289,0.0007112218299880624,0.0007112026214599609,1.9208528101444244e-08,2.7008517013074086e-05,1,0,0.016706416383385658,0.11444459855556488,0.018458383157849312,0.12560401856899261,0.0018362525152042508,0.01154819130897522,0.018781083752401173,0.127026597969234,-1.485581636428833,-1.484870433807373
theta3,T4,batch2_128_255,0,7,"(0, 7)",1,10,exact_replay_715_45760_tokens,T4_batch_128,6.706683158874512,6.972983360290527,0.0006302074179984629,0.0006301403045654297,6.711343303322792e-08,0.0001065055393965191,1,0,0.018458383157849312,0.12560401856899261,0.020201144739985466,0.13640306890010834,0.0018416669918224216,0.011266494169831276,0.020622750744223595,0.13829309213906527,-1.4360814094543457,-1.4354512691497803
theta3,T4,batch2_128_255,0,7,"(0, 7)",1,11,exact_replay_715_45760_tokens,T4_batch_128,6.576344966888428,6.898825645446777,0.0005490386392921209,0.0005490779876708984,3.934837877750397e-08,7.16626411202779e-05,1,0,0.020201144739985466,0.13640306890010834,0.021934743970632553,0.14684359729290009,0.0018481457373127341,0.010994930751621723,0.02247089648153633,0.149288022890687,-1.390230655670166,-1.3896815776824951
theta3,T4,batch2_128_255,0,7,"(0, 7)",1,12,exact_replay_715_45760_tokens,T4_batch_128,6.45449686050415,6.829835414886475,0.0004902982618659735,0.0004901885986328125,1.096632331609726e-07,0.00022371640928988326,1,0,0.021934743970632553,0.14684359729290009,0.023666858673095703,0.1570264995098114,0.0018597181187942624,0.010813147760927677,0.02433061460033059,0.16010117065161467,-1.3589818477630615,-1.3584916591644287
theta3,T4,batch2_128_255,0,7,"(0, 7)",1,13,exact_replay_715_45760_tokens,T4_batch_128,6.3346452713012695,6.767613887786865,0.0004255913372617215,0.0004254579544067383,1.3338285498321056e-07,0.0003135041984799664,1,0,0.023666858673095703,0.1570264995098114,0.02539820969104767,0.1669493168592453,0.0018725588452070951,0.010642853565514088,0.026203173445537686,0.17074402421712875,-1.3272364139556885,-1.3268109560012817
theta3,T4,batch2_128_255,0,7,"(0, 7)",1,14,exact_replay_715_45760_tokens,T4_batch_128,6.221128463745117,6.710590362548828,0.000365319661796093,0.00036525726318359375,6.239861249923706e-08,0.00017083469321148826,1,0,0.02539820969104767,0.1669493168592453,0.02713022381067276,0.17663125693798065,0.0018866106402128935,0.010480115190148354,0.02808978408575058,0.1812241394072771,-1.3039426803588867,-1.3035774230957031
theta3,T4,batch2_128_255,0,7,"(0, 7)",1,15,exact_replay_715_45760_tokens,T4_batch_128,6.10399055480957,6.656793117523193,0.00029980367980897427,0.00029969215393066406,1.1152587831020355e-07,0.0003721347951471758,1,0,0.02713022381067276,0.17663125693798065,0.0288628451526165,0.18613021075725555,0.0019008923554793,0.010380290448665619,0.02999067644122988,0.19160442985594273,-1.2786400318145752,-1.2783403396606445
theta3,T4,batch2_128_255,0,7,"(0, 7)",1,16,exact_replay_715_45760_tokens,T4_batch_128,5.995863914489746,6.614651203155518,0.0002423518744762987,0.00024235248565673828,6.111804395914078e-10,2.5218657771765862e-06,1,0,0.0288628451526165,0.18613021075725555,0.03060116432607174,0.19542038440704346,0.0019185557030141354,0.010247576050460339,0.031909232144244015,0.20185200590640306,-1.262911081314087,-1.2626687288284302
theta3,T4,batch2_128_255,0,7,"(0, 7)",1,17,exact_replay_715_45760_tokens,T4_batch_128,5.890450954437256,6.581411361694336,0.00018518799333833158,0.00018525123596191406,6.324262358248234e-08,0.0003413884029118404,1,0,0.03060116432607174,0.19542038440704346,0.032345905900001526,0.20469333231449127,0.0019347210181877017,0.010299421846866608,0.03384395316243172,0.21215142775326967,-1.2444725036621094,-1.2442872524261475
theta3,T4,batch2_128_255,0,7,"(0, 7)",1,18,exact_replay_715_45760_tokens,T4_batch_128,5.7840895652771,6.545767784118652,0.0001457228063372895,0.0001456737518310547,4.905450623482466e-08,0.0003367422450388707,1,0,0.032345905900001526,0.20469333231449127,0.03410055860877037,0.21387000381946564,0.001953322673216462,0.010246616788208485,0.03579727583564818,0.22239804454147816,-1.2352173328399658,-1.2350716590881348
theta3,T4,batch2_128_255,0,7,"(0, 7)",1,19,exact_replay_715_45760_tokens,T4_batch_128,5.674158573150635,6.531095027923584,0.00010208007734036073,0.00010216236114501953,8.228380465880036e-08,0.000805421916022462,1,0,0.03410055860877037,0.21387000381946564,0.03586184233427048,0.22293440997600555,0.0019698801916092634,0.010198238305747509,0.03776715602725744,0.23259628284722567,-1.2263386249542236,-1.2262364625930786
theta3,T4,batch2_128_255,0,7,"(0, 7)",1,20,exact_replay_715_45760_tokens,T4_batch_128,5.565640926361084,6.512686252593994,5.6031232816167176e-05,5.602836608886719e-05,2.86672729998827e-09,5.1165641622340425e-05,1,0,0.03586184233427048,0.22293440997600555,0.037630148231983185,0.23181965947151184,0.0019876540172845125,0.01006503589451313,0.039754810044541955,0.2426613187417388,-1.2224013805389404,-1.2223453521728516
theta3,T4,batch2_128_255,0,7,"(0, 7)",1,21,exact_replay_715_45760_tokens,T4_batch_128,5.4581146240234375,6.50960636138916,2.575519829406403e-06,2.6226043701171875e-06,4.7084540710784495e-08,0.017953352494673294,1,0,0.037630148231983185,0.23181965947151184,0.039401669055223465,0.24051989614963531,0.0020013756584376097,0.009936623275279999,0.041756185702979565,0.2525979420170188,-1.2230730056762695,-1.2230703830718994
theta3,T4,batch2_128_255,0,7,"(0, 7)",1,22,exact_replay_715_45760_tokens,T4_batch_128,5.354933738708496,6.512019157409668,-3.851057044812478e-05,-3.838539123535156e-05,1.2517921277321875e-07,0.0032611159804444875,0,1,0.039401669055223465,0.24051989614963531,0.04117773845791817,0.2490442842245102,0.0020137818064540625,0.009795554913580418,0.04376996750943363,0.2623934969305992,-1.2261440753936768,-1.226182460784912
theta3,T4,batch2_128_255,0,7,"(0, 7)",1,23,exact_replay_715_45760_tokens,T4_batch_128,5.254729270935059,6.523054599761963,-6.79915101500228e-05,-6.794929504394531e-05,4.221510607749224e-08,0.0006212736430921053,0,1,0.04117773845791817,0.2490442842245102,0.04295943304896355,0.2574687600135803,0.0020235131960362196,0.009695533663034439,0.04579348070546985,0.27208903059363365,-1.2344567775726318,-1.2345247268676758
theta3,T4,batch2_128_255,0,7,"(0, 7)",1,24,exact_replay_715_45760_tokens,T4_batch_128,5.162286758422852,6.5287275314331055,-0.0001051070139510557,-0.00010514259338378906,3.557943273335695e-08,0.00033839219281462583,0,1,0.04295943304896355,0.2574687600135803,0.04474664852023125,0.2657989263534546,0.002034978475421667,0.009623557329177856,0.047828459180891514,0.2817125879228115,-1.2471389770507812,-1.247244119644165
theta3,T4,batch2_128_255,0,7,"(0, 7)",1,25,exact_replay_715_45760_tokens,T4_batch_128,5.064040184020996,6.5439324378967285,-0.00012852507643401623,-0.0001285076141357422,1.7462298274040222e-08,0.00013588532003710576,0,1,0.04474664852023125,0.2657989263534546,0.04653462395071983,0.2740100622177124,0.0020377698820084333,0.009508028626441956,0.04986622906289995,0.29122061654925346,-1.2538132667541504,-1.2539417743682861
theta3,T4,batch2_128_255,0,7,"(0, 7)",1,26,exact_replay_715_45760_tokens,T4_batch_128,4.975116729736328,6.567137241363525,-0.00014589590136893094,-0.00014579296112060547,1.0294024832546711e-07,0.0007060714559484874,0,1,0.04653462395071983,0.2740100622177124,0.048323120921850204,0.28207290172576904,0.002038494450971484,0.009340879507362843,0.05190472351387143,0.3005614960566163,-1.2614237070083618,-1.2615694999694824
theta3,T4,batch2_128_255,0,7,"(0, 7)",1,27,exact_replay_715_45760_tokens,T4_batch_128,4.887357711791992,6.592184066772461,-0.00015535308921243995,-0.00015544891357421875,9.582436177879572e-08,0.0006164363556844325,0,1,0.048323120921850204,0.28207290172576904,0.05011029168963432,0.2900094985961914,0.0020357549656182528,0.009198001585900784,0.053940478479489684,0.3097594976425171,-1.2656629085540771,-1.2658183574676514
theta3,T4,batch2_128_255,0,7,"(0, 7)",1,28,exact_replay_715_45760_tokens,T4_batch_128,4.8001203536987305,6.614641189575195,-0.00017621976439841092,-0.00017631053924560547,9.077484719455242e-08,0.000514857748056119,0,1,0.05011029168963432,0.2900094985961914,0.05189422890543938,0.29776257276535034,0.002034334698691964,0.009059460833668709,0.05597481317818165,0.3188189584761858,-1.2712697982788086,-1.2714461088180542
theta3,T4,batch2_128_255,0,7,"(0, 7)",1,29,exact_replay_715_45760_tokens,T4_batch_128,4.720511436462402,6.641258239746094,-0.00017866111011244357,-0.0001785755157470703,8.559436537325382e-08,0.00047931747538384513,0,1,0.05189422890543938,0.29776257276535034,0.05367179214954376,0.30539488792419434,0.0020247935317456722,0.008923348970711231,0.05799960670992732,0.32774230744689703,-1.2733254432678223,-1.2735040187835693
theta3,T4,batch2_128_255,0,7,"(0, 7)",1,30,exact_replay_715_45760_tokens,T4_batch_128,4.641491889953613,6.671117305755615,-0.00017767994722817093,-0.00017750263214111328,1.773150870576501e-07,0.0009989434236484219,0,1,0.05367179214954376,0.30539488792419434,0.05544111877679825,0.31294864416122437,0.002012995071709156,0.008817078545689583,0.060012601781636477,0.3365593859925866,-1.2734932899475098,-1.2736707925796509
theta3,T4,batch2_128_255,0,7,"(0, 7)",1,31,exact_replay_715_45760_tokens,T4_batch_128,4.562957763671875,6.708352565765381,-0.00016928270633798093,-0.00016927719116210938,5.515175871551037e-09,3.25807383362676e-05,0,1,0.05544111877679825,0.31294864416122437,0.05719787999987602,0.32039058208465576,0.0019968748092651367,0.008684230968356133,0.06200947659090161,0.34524361696094275,-1.2752439975738525,-1.2754132747650146
theta3,T4,batch2_128_255,0,7,"(0, 7)",1,32,exact_replay_715_45760_tokens,T4_batch_128,4.484381198883057,6.7523698806762695,-0.00016326396143995225,-0.0001634359359741211,1.7197453416883945e-07,0.0010522443130014589,0,1,0.05719787999987602,0.32039058208465576,0.0589400939643383,0.32773101329803467,0.0019775826949626207,0.008559445850551128,0.06398705928586423,0.3538030628114939,-1.281606912612915,-1.2817703485488892
theta3,T4,batch2_128_255,0,7,"(0, 7)",1,33,exact_replay_715_45760_tokens,T4_batch_128,4.411037921905518,6.797626495361328,-0.00015648412227164954,-0.00015652179718017578,3.767490852624178e-08,0.0002407007152037319,0,1,0.0589400939643383,0.32773101329803467,0.06066569685935974,0.3349630534648895,0.0019563809037208557,0.008430308662354946,0.06594344018958509,0.3622333714738488,-1.2890170812606812,-1.2891736030578613
theta3,T4,batch2_128_255,0,7,"(0, 7)",1,34,exact_replay_715_45760_tokens,T4_batch_128,4.339855670928955,6.850676536560059,-0.00014062122500035912,-0.00014066696166992188,4.5736669562757015e-08,0.0003251415188029661,0,1,0.06066569685935974,0.3349630534648895,0.06237345188856125,0.3421081602573395,0.001932637533172965,0.00831071101129055,0.06787607772275805,0.37054408248513937,-1.2934670448303223,-1.2936077117919922
theta3,T4,batch2_128_255,0,7,"(0, 7)",1,35,exact_replay_715_45760_tokens,T4_batch_128,4.26912784576416,6.9054789543151855,-0.000122904748423025,-0.00012290477752685547,2.9103830456733704e-11,2.3679983026188167e-07,0,1,0.06237345188856125,0.3421081602573395,0.06405987590551376,0.3491724133491516,0.0019056862220168114,0.008193663321435452,0.06978176394477487,0.3787377458065748,-1.294814109802246,-1.294937014579773
theta3,T4,batch2_128_255,0,7,"(0, 7)",1,36,exact_replay_715_45760_tokens,T4_batch_128,4.200138568878174,6.951748847961426,-0.00010807047510752454,-0.0001081228256225586,5.235051503404975e-08,0.0004841763497450386,0,1,0.06405987590551376,0.3491724133491516,0.06572143733501434,0.35614174604415894,0.0018753685289993882,0.008073084987699986,0.07165713247377425,0.3868108307942748,-1.2889776229858398,-1.2890857458114624
theta3,T4,batch2_128_255,0,7,"(0, 7)",1,37,exact_replay_715_45760_tokens,T4_batch_128,4.134160995483398,7.002358913421631,-9.543824853608385e-05,-9.5367431640625e-05,7.081689545884728e-08,0.0007425689697265625,0,1,0.06572143733501434,0.35614174604415894,0.06735742092132568,0.36298641562461853,0.001844156300649047,0.007922605611383915,0.0735012887744233,0.3947334364056587,-1.288130760192871,-1.2882261276245117
theta3,T4,batch2_128_255,0,7,"(0, 7)",1,38,exact_replay_715_45760_tokens,T4_batch_128,4.071036338806152,7.066392421722412,-7.963841198943555e-05,-7.975101470947266e-05,1.126027200371027e-07,0.0014119283678998506,0,1,0.06735742092132568,0.36298641562461853,0.06896664202213287,0.36970949172973633,0.0018118437146767974,0.007769245654344559,0.0753131324891001,0.4025026820600033,-1.2860493659973145,-1.286129117012024
theta3,T4,batch2_128_255,0,7,"(0, 7)",1,39,exact_replay_715_45760_tokens,T4_batch_128,4.009984970092773,7.125248908996582,-6.736651266692206e-05,-6.747245788574219e-05,1.0594521882012486e-07,0.001570199487908569,0,1,0.06896664202213287,0.36970949172973633,0.07054786384105682,0.37630340456962585,0.0017786569660529494,0.007616274058818817,0.07709178945515305,0.4101189561188221,-1.283401608467102,-1.2834690809249878
theta3,T4,batch2_128_255,1,2,"(1, 2)",0,0,exact_replay_715_45760_tokens,T4_batch_128,8.396573066711426,8.241799354553223,0.001041223295032978,0.0010410547256469727,1.685693860054016e-07,0.00016192173365395625,1,0,0.0,0.0,0.0018793821800500154,0.015303310938179493,0.0018793821800500154,0.015303310938179493,0.0018793821800500154,0.015303310938179493,-1.2668596506118774,-1.2658185958862305
theta3,T4,batch2_128_255,1,2,"(1, 2)",0,1,exact_replay_715_45760_tokens,T4_batch_128,8.163039207458496,8.123893737792969,0.0009514138801023364,0.0009512901306152344,1.237494871020317e-07,0.0001300859570802005,1,0,0.0018793821800500154,0.015303310938179493,0.0037074272986501455,0.03046022728085518,0.0018311168532818556,0.01517197210341692,0.003710499033331871,0.030475283041596413,-1.2258111238479614,-1.2248598337173462
theta3,T4,batch2_128_255,1,2,"(1, 2)",0,2,exact_replay_715_45760_tokens,T4_batch_128,7.937442779541016,7.989290237426758,0.0008690006798133254,0.0008689165115356445,8.416827768087387e-08,9.686578234325697e-05,1,0,0.0037074272986501455,0.03046022728085518,0.0054826755076646805,0.045324862003326416,0.0017849314026534557,0.014908552169799805,0.005495430435985327,0.04538383521139622,-1.183647632598877,-1.1827787160873413
theta3,T4,batch2_128_255,1,2,"(1, 2)",0,3,exact_replay_715_45760_tokens,T4_batch_128,7.725213527679443,7.8714704513549805,0.0008083610446192324,0.0008082389831542969,1.2206146493554115e-07,0.00015102150165929203,1,0,0.0054826755076646805,0.045324862003326416,0.007214767392724752,0.05994134396314621,0.0017505916766822338,0.01470840536057949,0.007246022112667561,0.06009224057197571,-1.1522071361541748,-1.1513988971710205
theta3,T4,batch2_128_255,1,2,"(1, 2)",0,4,exact_replay_715_45760_tokens,T4_batch_128,7.512081623077393,7.767806053161621,0.000753789150621742,0.0007537603378295898,2.8812792152166367e-08,3.822540230112288e-05,1,0,0.007214767392724752,0.05994134396314621,0.00890491995960474,0.07421382516622543,0.0017208494246006012,0.014418571256101131,0.008966871537268162,0.07451081182807684,-1.1260831356048584,-1.1253293752670288
theta3,T4,batch2_128_255,1,2,"(1, 2)",0,5,exact_replay_715_45760_tokens,T4_batch_128,7.308414459228516,7.674136161804199,0.0007086258265189826,0.0007085800170898438,4.580942913889885e-08,6.46496204155451e-05,1,0,0.00890491995960474,0.07421382516622543,0.010559160262346268,0.08814740926027298,0.0016994737088680267,0.014139150269329548,0.010666345246136189,0.08864996209740639,-1.1080312728881836,-1.1073226928710938
theta3,T4,batch2_128_255,1,2,"(1, 2)",0,6,exact_replay_715_45760_tokens,T4_batch_128,7.107757568359375,7.574021339416504,0.0006658147322013974,0.0006657838821411133,3.0850060284137726e-08,4.633644807520143e-05,1,0,0.010559160262346268,0.08814740926027298,0.012179887853562832,0.10164632648229599,0.001684117130935192,0.013773470185697079,0.01235046237707138,0.10242343228310347,-1.092056155204773,-1.0913903713226318
theta3,T4,batch2_128_255,1,2,"(1, 2)",0,7,exact_replay_715_45760_tokens,T4_batch_128,6.923128128051758,7.491003036499023,0.0006215896573849022,0.0006215572357177734,3.2421667128801346e-08,5.216199774645186e-05,1,0,0.012179887853562832,0.10164632648229599,0.01377011463046074,0.11474218219518661,0.0016737636178731918,0.013456528075039387,0.014024225994944572,0.11587996035814285,-1.0789604187011719,-1.078338861465454
theta3,T4,batch2_128_255,1,2,"(1, 2)",0,8,exact_replay_715_45760_tokens,T4_batch_128,6.733083248138428,7.41296911239624,0.0005812895251438022,0.0005812644958496094,2.5029294192790985e-08,4.3060077420016406e-05,1,0,0.01377011463046074,0.11474218219518661,0.015335727483034134,0.12729457020759583,0.0016698464751243591,0.012991311028599739,0.01569407247006893,0.1288712713867426,-1.0688655376434326,-1.068284273147583
theta3,T4,batch2_128_255,1,2,"(1, 2)",0,9,exact_replay_715_45760_tokens,T4_batch_128,6.569977283477783,7.339964866638184,0.0005467956070788205,0.0005469322204589844,1.36613380163908e-07,0.00024978118869877945,1,0,0.015335727483034134,0.12729457020759583,0.016887882724404335,0.13929273188114166,0.0016752281226217747,0.012520179152488708,0.017369300592690706,0.1413914505392313,-1.0632526874542236,-1.0627057552337646
theta3,T4,batch2_128_255,1,2,"(1, 2)",0,10,exact_replay_715_45760_tokens,T4_batch_128,6.412761688232422,7.283239364624023,0.0005046950536780059,0.0005047321319580078,3.707828000187874e-08,7.34613028460085e-05,1,0,0.016887882724404335,0.13929273188114166,0.018430111929774284,0.150729238986969,0.0016851761611178517,0.012048345059156418,0.019054476753808558,0.15343979559838772,-1.0626554489135742,-1.0621507167816162
theta3,T4,batch2_128_255,1,2,"(1, 2)",0,11,exact_replay_715_45760_tokens,T4_batch_128,6.264233589172363,7.232134819030762,0.00046079224557615817,0.0004608631134033203,7.086782716214657e-08,0.00015377196634117952,1,0,0.018430111929774284,0.150729238986969,0.019965460523962975,0.1615886688232422,0.0016964466776698828,0.011572462506592274,0.02075092343147844,0.16501225810498,-1.064507246017456,-1.0640463829040527
theta3,T4,batch2_128_255,1,2,"(1, 2)",0,12,exact_replay_715_45760_tokens,T4_batch_128,6.133978843688965,7.191374778747559,0.0004242940922267735,0.00042426586151123047,2.8230715543031693e-08,6.654015348412475e-05,1,0,0.019965460523962975,0.1615886688232422,0.021504197269678116,0.17196927964687347,0.0017126679886132479,0.011191194877028465,0.02246359142009169,0.17620345298200846,-1.0676809549331665,-1.0672566890716553
theta3,T4,batch2_128_255,1,2,"(1, 2)",0,13,exact_replay_715_45760_tokens,T4_batch_128,6.010862350463867,7.147477626800537,0.00037984029040671885,0.00037980079650878906,3.9493897929787636e-08,0.00010398582175925926,1,0,0.021504197269678116,0.17196927964687347,0.023047437891364098,0.18195343017578125,0.0017291862750425935,0.010901168920099735,0.024192777695134282,0.1871046219021082,-1.070080041885376,-1.0697002410888672
theta3,T4,batch2_128_255,1,2,"(1, 2)",0,14,exact_replay_715_45760_tokens,T4_batch_128,5.892254829406738,7.107743740081787,0.0003463954490143806,0.00034630298614501953,9.246286936104298e-08,0.00026699991932013767,1,0,0.023047437891364098,0.18195343017578125,0.02460106462240219,0.19162969291210175,0.0017477836227044463,0.010684071108698845,0.02594056131783873,0.19778869301080704,-1.0759145021438599,-1.0755681991577148
theta3,T4,batch2_128_255,1,2,"(1, 2)",0,15,exact_replay_715_45760_tokens,T4_batch_128,5.777280330657959,7.071882724761963,0.0003109732933808118,0.0003110170364379883,4.3743057176470757e-08,0.00014064521248562667,1,0,0.02460106462240219,0.19162969291210175,0.02616616152226925,0.20106448233127594,0.00176513590849936,0.010511957108974457,0.02770569722633809,0.2083006501197815,-1.080969214439392,-1.080658197402954
theta3,T4,batch2_128_255,1,2,"(1, 2)",0,16,exact_replay_715_45760_tokens,T4_batch_128,5.667209625244141,7.044458389282227,0.0002807800774462521,0.00028061866760253906,1.6140984371304512e-07,0.0005751928233857264,1,0,0.02616616152226925,0.20106448233127594,0.02774268388748169,0.21034923195838928,0.0017802533693611622,0.010426318272948265,0.02948595059569925,0.21872696839272976,-1.0865402221679688,-1.0862596035003662
theta3,T4,batch2_128_255,1,2,"(1, 2)",0,17,exact_replay_715_45760_tokens,T4_batch_128,5.566338062286377,7.01864767074585,0.0002457298105582595,0.0002455711364746094,1.5867408365011215e-07,0.000646143052184466,1,0,0.02774268388748169,0.21034923195838928,0.029331723228096962,0.21945801377296448,0.0017986641032621264,0.010318626649677753,0.03128461469896138,0.2290455950424075,-1.0874905586242676,-1.087244987487793
theta3,T4,batch2_128_255,1,2,"(1, 2)",0,18,exact_replay_715_45760_tokens,T4_batch_128,5.456203460693359,6.9955549240112305,0.00022169061412569135,0.0002218484878540039,1.5787372831255198e-07,0.0007116285976961312,1,0,0.029331723228096962,0.21945801377296448,0.030932258814573288,0.22842730581760406,0.0018110761884599924,0.010205958969891071,0.03309569088742137,0.23925155401229858,-1.0893490314483643,-1.0891271829605103
theta3,T4,batch2_128_255,1,2,"(1, 2)",0,19,exact_replay_715_45760_tokens,T4_batch_128,5.352538108825684,6.9720683097839355,0.00019342574523761868,0.00019347667694091797,5.093170329928398e-08,0.00026324466651263094,1,0,0.030932258814573288,0.22842730581760406,0.03254164382815361,0.23728173971176147,0.0018200298072770238,0.010106396861374378,0.03491572069469839,0.24935795087367296,-1.0929524898529053,-1.0927590131759644
theta3,T4,batch2_128_255,1,2,"(1, 2)",0,20,exact_replay_715_45760_tokens,T4_batch_128,5.251369953155518,6.953099250793457,0.00018945634656120092,0.0001895427703857422,8.642382454127073e-08,0.0004559594880110063,1,0,0.03254164382815361,0.23728173971176147,0.03416082635521889,0.24607710540294647,0.0018275774782523513,0.010039464570581913,0.036743298172950745,0.2593974154442549,-1.0967804193496704,-1.0965908765792847
theta3,T4,batch2_128_255,1,2,"(1, 2)",0,21,exact_replay_715_45760_tokens,T4_batch_128,5.1506781578063965,6.927495002746582,0.0001609842584002763,0.0001609325408935547,5.171750672161579e-08,0.00032136140046296296,1,0,0.03416082635521889,0.24607710540294647,0.035786982625722885,0.25476738810539246,0.001834655413404107,0.009951640851795673,0.03857795358635485,0.26934905629605055,-1.09934401512146,-1.0991830825805664
theta3,T4,batch2_128_255,1,2,"(1, 2)",0,22,exact_replay_715_45760_tokens,T4_batch_128,5.054812431335449,6.906223297119141,0.00013506264076568186,0.00013494491577148438,1.1772499419748783e-07,0.0008723929577075972,1,0,0.035786982625722885,0.25476738810539246,0.03741711005568504,0.2633892595767975,0.001838046358898282,0.009887137450277805,0.040415999945253134,0.27923619374632835,-1.1009337902069092,-1.1007988452911377
theta3,T4,batch2_128_255,1,2,"(1, 2)",0,23,exact_replay_715_45760_tokens,T4_batch_128,4.952419281005859,6.884377956390381,0.00010340151493437588,0.00010347366333007812,7.214839570224285e-08,0.0006972633748559908,1,0,0.03741711005568504,0.2633892595767975,0.03904742747545242,0.2719293534755707,0.0018377157393842936,0.009805385023355484,0.04225371568463743,0.28904157876968384,-1.1023426055908203,-1.1022391319274902
theta3,T4,batch2_128_255,1,2,"(1, 2)",0,24,exact_replay_715_45760_tokens,T4_batch_128,4.859720706939697,6.861260414123535,6.389967165887356e-05,6.377696990966797e-05,1.227017492055893e-07,0.0019239193925233646,1,0,0.03904742747545242,0.2719293534755707,0.040680721402168274,0.28039124608039856,0.0018413570942357183,0.009748205542564392,0.044095072778873146,0.29878978431224823,-1.107214331626892,-1.1071505546569824
theta3,T4,batch2_128_255,1,2,"(1, 2)",0,25,exact_replay_715_45760_tokens,T4_batch_128,4.764716148376465,6.842573165893555,2.6928270017378964e-05,2.682209014892578e-05,1.0617986845318228e-07,0.003958672417534722,1,0,0.040680721402168274,0.28039124608039856,0.04230990633368492,0.28877314925193787,0.0018367869779467583,0.009683361276984215,0.045931859756819904,0.30847314558923244,-1.1130876541137695,-1.1130608320236206
theta3,T4,batch2_128_255,1,2,"(1, 2)",0,26,exact_replay_715_45760_tokens,T4_batch_128,4.6705322265625,6.824554920196533,-1.9088762201135978e-05,-1.919269561767578e-05,1.0393341653980315e-07,0.00541525894070264,0,1,0.04230990633368492,0.28877314925193787,0.04392986744642258,0.2969973385334015,0.0018300149822607636,0.009564761072397232,0.04776187473908067,0.3180379066616297,-1.1191338300704956,-1.1191530227661133
theta3,T4,batch2_128_255,1,2,"(1, 2)",0,27,exact_replay_715_45760_tokens,T4_batch_128,4.575218200683594,6.806534290313721,-5.605049227597192e-05,-5.614757537841797e-05,9.708310244604945e-08,0.001729070254445329,0,1,0.04392986744642258,0.2969973385334015,0.04553856700658798,0.3051307201385498,0.0018171124393120408,0.00947963260114193,0.04957898717839271,0.3275175392627716,-1.1249804496765137,-1.125036597251892
theta3,T4,batch2_128_255,1,2,"(1, 2)",0,28,exact_replay_715_45760_tokens,T4_batch_128,4.484020233154297,6.789109706878662,-8.554729720344767e-05,-8.559226989746094e-05,4.4972694013267756e-08,0.0005254293882747214,0,1,0.04553856700658798,0.3051307201385498,0.047134675085544586,0.31317219138145447,0.0018028452759608626,0.0093727121129632,0.05138183245435357,0.3368902513757348,-1.1286566257476807,-1.1287422180175781
theta3,T4,batch2_128_255,1,2,"(1, 2)",0,29,exact_replay_715_45760_tokens,T4_batch_128,4.392796993255615,6.779671669006348,-0.00010264028969686478,-0.00010263919830322266,1.0913936421275139e-09,1.0633302482578398e-05,0,1,0.047134675085544586,0.31317219138145447,0.0487162321805954,0.3211142420768738,0.0017857603961601853,0.009249670431017876,0.053167592850513756,0.3461399218067527,-1.1332805156707764,-1.1333831548690796
theta3,T4,batch2_128_255,1,2,"(1, 2)",0,30,exact_replay_715_45760_tokens,T4_batch_128,4.308448314666748,6.768181324005127,-0.0001387927186442539,-0.00013887882232666016,8.610368240624666e-08,0.0006199914498390558,0,1,0.0487162321805954,0.3211142420768738,0.05028029903769493,0.3289126455783844,0.0017666795756667852,0.009084955789148808,0.05493427242618054,0.3552248775959015,-1.1377428770065308,-1.1378817558288574
theta3,T4,batch2_128_255,1,2,"(1, 2)",0,31,exact_replay_715_45760_tokens,T4_batch_128,4.225144386291504,6.750997543334961,-0.00017870777810458094,-0.00017881393432617188,1.0615622159093618e-07,0.0005936686197916667,0,1,0.05028029903769493,0.3289126455783844,0.05182232707738876,0.3365272879600525,0.0017425910336896777,0.008881884627044201,0.05667686345987022,0.3641067622229457,-1.1408495903015137,-1.1410284042358398
theta3,T4,batch2_128_255,1,2,"(1, 2)",0,32,exact_replay_715_45760_tokens,T4_batch_128,4.148977279663086,6.724862098693848,-0.00020657337154261768,-0.0002067089080810547,1.3553653843700886e-07,0.0006556879415369088,0,1,0.05182232707738876,0.3365272879600525,0.05334233492612839,0.34395405650138855,0.0017175714019685984,0.008657097816467285,0.05839443486183882,0.372763860039413,-1.1452438831329346,-1.1454505920410156
theta3,T4,batch2_128_255,1,2,"(1, 2)",0,33,exact_replay_715_45760_tokens,T4_batch_128,4.074486255645752,6.702515602111816,-0.0002524027368053794,-0.0002523660659790039,3.6670826375484467e-08,0.0001453080715635333,0,1,0.05334233492612839,0.34395405650138855,0.05483700707554817,0.35116714239120483,0.0016899403417482972,0.008426115848124027,0.060084375203587115,0.381189975887537,-1.1539667844772339,-1.154219150543213
theta3,T4,batch2_128_255,1,2,"(1, 2)",0,34,exact_replay_715_45760_tokens,T4_batch_128,4.006582260131836,6.68449592590332,-0.000289752206299454,-0.0002897977828979492,4.557659849524498e-08,0.00015727034913615796,0,1,0.05483700707554817,0.35116714239120483,0.05630582571029663,0.35817304253578186,0.001661113346926868,0.008201994933187962,0.06174548855051398,0.38939197082072496,-1.1630406379699707,-1.1633304357528687
theta3,T4,batch2_128_255,1,2,"(1, 2)",0,35,exact_replay_715_45760_tokens,T4_batch_128,3.9416868686676025,6.668426990509033,-0.00032624645973555744,-0.0003261566162109375,8.984352461993694e-08,0.00027546129728618423,0,1,0.05630582571029663,0.35817304253578186,0.05774599313735962,0.36498767137527466,0.0016291055362671614,0.007990450598299503,0.06337459408678114,0.39738242141902447,-1.1710376739501953,-1.1713638305664062
theta3,T4,batch2_128_255,1,2,"(1, 2)",0,36,exact_replay_715_45760_tokens,T4_batch_128,3.8793442249298096,6.6540751457214355,-0.0003732280747499317,-0.0003733634948730469,1.3542012311518192e-07,0.0003627031698994253,0,1,0.05774599313735962,0.36498767137527466,0.059158142656087875,0.37159574031829834,0.0015978076262399554,0.007779015228152275,0.0649724017130211,0.40516143664717674,-1.182732343673706,-1.183105707168579
theta3,T4,batch2_128_255,1,2,"(1, 2)",0,37,exact_replay_715_45760_tokens,T4_batch_128,3.818838119506836,6.640328407287598,-0.0004172908084001392,-0.00041747093200683594,1.801236066967249e-07,0.0004314638287050257,0,1,0.059158142656087875,0.37159574031829834,0.06054026260972023,0.3779837489128113,0.0015648718690499663,0.007546319160610437,0.06653727358207107,0.4127077558077872,-1.1959587335586548,-1.1963762044906616
theta3,T4,batch2_128_255,1,2,"(1, 2)",0,38,exact_replay_715_45760_tokens,T4_batch_128,3.7629587650299072,6.626154899597168,-0.00046244263648986816,-0.00046241283416748047,2.9802322387695312e-08,6.444960041247745e-05,0,1,0.06054026260972023,0.3779837489128113,0.061892349272966385,0.38415634632110596,0.001531198970042169,0.0073146759532392025,0.06806847255211323,0.4200224317610264,-1.2092527151107788,-1.2097151279449463
theta3,T4,batch2_128_255,1,2,"(1, 2)",0,39,exact_replay_715_45760_tokens,T4_batch_128,3.711336135864258,6.614762783050537,-0.0005016087088733912,-0.0005015134811401367,9.522773325443268e-08,0.00018988070477775137,0,1,0.061892349272966385,0.38415634632110596,0.06321537494659424,0.3901383876800537,0.001497749937698245,0.007106063421815634,0.06956622248981148,0.427128495182842,-1.2244374752044678,-1.224938988685608
theta3,T4,batch2_128_255,1,3,"(1, 3)",0,0,exact_replay_715_45760_tokens,T4_batch_128,8.24424934387207,8.241799354553223,0.0008670272072777152,0.0008668899536132812,1.3725366443395615e-07,0.00015832882116336634,1,0,0.0,0.0,0.0018340008100494742,0.014018877409398556,0.0018340008100494742,0.014018877409398556,0.0018340008100494742,0.014018877409398556,-0.9780178070068359,-0.9771509170532227
theta3,T4,batch2_128_255,1,3,"(1, 3)",0,1,exact_replay_715_45760_tokens,T4_batch_128,8.048933029174805,8.130128860473633,0.0007873995346017182,0.0007873177528381348,8.178176358342171e-08,0.00010387389753198577,1,0,0.0018340008100494742,0.014018877409398556,0.003622095100581646,0.02764469012618065,0.0017909769667312503,0.013639245182275772,0.0036249777767807245,0.027658122591674328,-0.9626253247261047,-0.9618380069732666
theta3,T4,batch2_128_255,1,3,"(1, 3)",0,2,exact_replay_715_45760_tokens,T4_batch_128,7.868474006652832,8.010432243347168,0.0007264699088409543,0.0007264018058776855,6.810296326875687e-08,9.375384631164355e-05,1,0,0.003622095100581646,0.02764469012618065,0.005372898653149605,0.040902938693761826,0.0017585820751264691,0.013296171091496944,0.005383559851907194,0.04095429368317127,-0.949793815612793,-0.9490674138069153
theta3,T4,batch2_128_255,1,3,"(1, 3)",0,3,exact_replay_715_45760_tokens,T4_batch_128,7.693788528442383,7.900748252868652,0.0006711782771162689,0.000671088695526123,8.958159014582634e-08,0.0001334869604316547,1,0,0.005372898653149605,0.040902938693761826,0.007087930105626583,0.05383610725402832,0.001729773823171854,0.013004287146031857,0.007113333675079048,0.05395858082920313,-0.9373358488082886,-0.9366647601127625
theta3,T4,batch2_128_255,1,3,"(1, 3)",0,4,exact_replay_715_45760_tokens,T4_batch_128,7.528290748596191,7.799743175506592,0.0006270335870794952,0.0006270408630371094,7.275957614183426e-09,1.1603641872623573e-05,1,0,0.007087930105626583,0.05383610725402832,0.008774830959737301,0.06654196232557297,0.001710012904368341,0.012830382212996483,0.008823346579447389,0.06678896304219961,-0.9283022880554199,-0.9276752471923828
theta3,T4,batch2_128_255,1,3,"(1, 3)",0,5,exact_replay_715_45760_tokens,T4_batch_128,7.367902755737305,7.705638408660889,0.0005887345178052783,0.0005887746810913086,4.016328603029251e-08,6.821503593844909e-05,1,0,0.008774830959737301,0.06654196232557297,0.010436315089464188,0.07898806780576706,0.0016945360694080591,0.012618628330528736,0.010517882648855448,0.07940759137272835,-0.9217945337295532,-0.9212057590484619
theta3,T4,batch2_128_255,1,3,"(1, 3)",0,6,exact_replay_715_45760_tokens,T4_batch_128,7.209196090698242,7.621801376342773,0.00054992112563923,0.0005499124526977539,8.672941476106644e-09,1.5771494959895947e-05,1,0,0.010436315089464188,0.07898806780576706,0.012075187638401985,0.09119004011154175,0.001683456590399146,0.012447070330381393,0.012201339239254594,0.09185466170310974,-0.916323184967041,-0.9157732725143433
theta3,T4,batch2_128_255,1,3,"(1, 3)",0,7,exact_replay_715_45760_tokens,T4_batch_128,7.055388450622559,7.5299506187438965,0.0005231222603470087,0.0005230903625488281,3.189779818058014e-08,6.097951800364631e-05,1,0,0.012075187638401985,0.09119004011154175,0.013698280788958073,0.10314341634511948,0.001679775188677013,0.012262488715350628,0.013881114427931607,0.10411715041846037,-0.9212958216667175,-0.9207727313041687
theta3,T4,batch2_128_255,1,3,"(1, 3)",0,8,exact_replay_715_45760_tokens,T4_batch_128,6.911746978759766,7.445490837097168,0.0004960977821610868,0.0004960298538208008,6.792834028601646e-08,0.00013694405641672674,1,0,0.013698280788958073,0.10314341634511948,0.015310053713619709,0.1148892268538475,0.001681431895121932,0.012118928134441376,0.015562546323053539,0.11623607855290174,-0.9231804609298706,-0.9226844310760498
theta3,T4,batch2_128_255,1,3,"(1, 3)",0,9,exact_replay_715_45760_tokens,T4_batch_128,6.764548301696777,7.369381904602051,0.00046957400627434254,0.00046956539154052734,8.614733815193176e-09,1.834618558009647e-05,1,0,0.015310053713619709,0.1148892268538475,0.016912739723920822,0.1263868510723114,0.0016865654615685344,0.011928439140319824,0.017249111784622073,0.12816451769322157,-0.9269131422042847,-0.9264435768127441
theta3,T4,batch2_128_255,1,3,"(1, 3)",0,10,exact_replay_715_45760_tokens,T4_batch_128,6.621218204498291,7.314952850341797,0.0004438025353010744,0.0004438161849975586,1.3649696484208107e-08,3.0755292271017995e-05,1,0,0.016912739723920822,0.1263868510723114,0.018507812172174454,0.13760817050933838,0.0016935861203819513,0.011708144098520279,0.018942697905004025,0.13987266179174185,-0.9365978240966797,-0.9361540079116821
theta3,T4,batch2_128_255,1,3,"(1, 3)",0,11,exact_replay_715_45760_tokens,T4_batch_128,6.481049537658691,7.249600410461426,0.00042626706999726593,0.00042617321014404297,9.38598532229662e-08,0.00022023874562937063,1,0,0.018507812172174454,0.13760817050933838,0.020099442452192307,0.14861354231834412,0.0017026078421622515,0.011533943004906178,0.020645305747166276,0.15140660479664803,-0.9445868730545044,-0.9441606998443604
theta3,T4,batch2_128_255,1,3,"(1, 3)",0,12,exact_replay_715_45760_tokens,T4_batch_128,6.346559524536133,7.185605525970459,0.00039886211743578315,0.00039893388748168945,7.177004590630531e-08,0.00017990461116091437,1,0,0.020099442452192307,0.14861354231834412,0.021687321364879608,0.15929093956947327,0.0017129312036558986,0.01125645823776722,0.022358236950822175,0.16266306303441525,-0.9480201005935669,-0.9476211667060852
theta3,T4,batch2_128_255,1,3,"(1, 3)",0,13,exact_replay_715_45760_tokens,T4_batch_128,6.2260661125183105,7.121631145477295,0.0003698932705447078,0.0003699660301208496,7.275957614183426e-08,0.00019666555904623812,1,0,0.021687321364879608,0.15929093956947327,0.023276515305042267,0.16968275606632233,0.0017280763713642955,0.011024441570043564,0.02408631332218647,0.1736875046044588,-0.9619287848472595,-0.9615588188171387
theta3,T4,batch2_128_255,1,3,"(1, 3)",0,14,exact_replay_715_45760_tokens,T4_batch_128,6.102904796600342,7.067732334136963,0.00034689964377321303,0.00034689903259277344,6.111804395914078e-10,1.7618395618556702e-06,1,0,0.023276515305042267,0.16968275606632233,0.024868538603186607,0.17991968989372253,0.0017427407437935472,0.010930409654974937,0.025829054065980017,0.18461791425943375,-0.9730898141860962,-0.9727429151535034
theta3,T4,batch2_128_255,1,3,"(1, 3)",0,15,exact_replay_715_45760_tokens,T4_batch_128,5.982377529144287,7.010751247406006,0.0003256750642322004,0.0003255605697631836,1.1449446901679039e-07,0.0003516840786341999,1,0,0.024868538603186607,0.17991968989372253,0.026465479284524918,0.18997372686862946,0.00175987568218261,0.010793509893119335,0.027588929748162627,0.19541142415255308,-0.9827492237091064,-0.9824236631393433
theta3,T4,batch2_128_255,1,3,"(1, 3)",0,16,exact_replay_715_45760_tokens,T4_batch_128,5.8651227951049805,6.9618401527404785,0.0003053517430089414,0.00030541419982910156,6.245682016015053e-08,0.000204498743657299,1,0,0.026465479284524918,0.18997372686862946,0.02806372009217739,0.19980013370513916,0.0017741902265697718,0.010628273710608482,0.0293631199747324,0.20603969786316156,-0.9898288249969482,-0.9895234107971191
theta3,T4,batch2_128_255,1,3,"(1, 3)",0,17,exact_replay_715_45760_tokens,T4_batch_128,5.745400905609131,6.908880233764648,0.0002788209239952266,0.0002789497375488281,1.2881355360150337e-07,0.000461780515491453,1,0,0.02806372009217739,0.19980013370513916,0.02966458722949028,0.20952242612838745,0.0017868460854515433,0.010558588430285454,0.031149966060183942,0.21659828629344702,-1.0009715557098389,-1.00069260597229
theta3,T4,batch2_128_255,1,3,"(1, 3)",0,18,exact_replay_715_45760_tokens,T4_batch_128,5.6329145431518555,6.874078750610352,0.00025331188226118684,0.00025331974029541016,7.8580342233181e-09,3.102022058823529e-05,1,0,0.02966458722949028,0.20952242612838745,0.03127025440335274,0.21916931867599487,0.0018007754115387797,0.010517762042582035,0.03295074147172272,0.22711604833602905,-1.0117613077163696,-1.0115079879760742
theta3,T4,batch2_128_255,1,3,"(1, 3)",0,19,exact_replay_715_45760_tokens,T4_batch_128,5.527327537536621,6.839086532592773,0.00022721155255567282,0.00022721290588378906,1.3533281162381172e-09,5.956211470356768e-06,1,0,0.03127025440335274,0.21916931867599487,0.03288007155060768,0.22875307500362396,0.0018145020585507154,0.010495247319340706,0.03476524353027344,0.23761129565536976,-1.0283242464065552,-1.0280970335006714
theta3,T4,batch2_128_255,1,3,"(1, 3)",0,20,exact_replay_715_45760_tokens,T4_batch_128,5.4145331382751465,6.803927898406982,0.0002039838145719841,0.00020396709442138672,1.6720150597393513e-08,8.197474521478667e-05,1,0,0.03288007155060768,0.22875307500362396,0.03449256345629692,0.23821629583835602,0.0018247559200972319,0.010420956648886204,0.03658999945037067,0.24803225230425596,-1.045653223991394,-1.0454492568969727
theta3,T4,batch2_128_255,1,3,"(1, 3)",0,21,exact_replay_715_45760_tokens,T4_batch_128,5.300205230712891,6.7778730392456055,0.00018211276619695127,0.00018215179443359375,3.9028236642479897e-08,0.00021426215845876963,1,0,0.03449256345629692,0.23821629583835602,0.03610784932971001,0.24755331873893738,0.0018353430787101388,0.010327145457267761,0.03842534252908081,0.2583593977615237,-1.064208984375,-1.0640268325805664
theta3,T4,batch2_128_255,1,3,"(1, 3)",0,22,exact_replay_715_45760_tokens,T4_batch_128,5.19180965423584,6.754130840301514,0.00015473882376682013,0.00015473365783691406,5.165929906070232e-09,3.3385948333975346e-05,1,0,0.03610784932971001,0.24755331873893738,0.03772494196891785,0.25677528977394104,0.0018424177542328835,0.010245834477245808,0.04026776028331369,0.26860523223876953,-1.0823347568511963,-1.0821800231933594
theta3,T4,batch2_128_255,1,3,"(1, 3)",0,23,exact_replay_715_45760_tokens,T4_batch_128,5.083904266357422,6.748683452606201,0.00011295358854113147,0.00011289119720458984,6.239133654162288e-08,0.0005526678615034319,1,0,0.03772494196891785,0.25677528977394104,0.03934114798903465,0.2658592462539673,0.001846719067543745,0.01012853067368269,0.04211447935085744,0.2787337629124522,-1.1014786958694458,-1.1013658046722412
theta3,T4,batch2_128_255,1,3,"(1, 3)",0,24,exact_replay_715_45760_tokens,T4_batch_128,4.977151870727539,6.743566036224365,7.6090291258879e-05,7.617473602294922e-05,8.444476407021284e-08,0.0011085665468505478,1,0,0.03934114798903465,0.2658592462539673,0.04095597565174103,0.2748083770275116,0.0018499302677810192,0.010009463876485825,0.043964409618638456,0.28874322678893805,-1.1262003183364868,-1.1261241436004639
theta3,T4,batch2_128_255,1,3,"(1, 3)",0,25,exact_replay_715_45760_tokens,T4_batch_128,4.875266075134277,6.736452579498291,4.6596262109233066e-05,4.649162292480469e-05,1.0463918442837894e-07,0.00225071051181891,1,0,0.04095597565174103,0.2748083770275116,0.04256674647331238,0.2836367189884186,0.0018487306078895926,0.009899876080453396,0.04581314022652805,0.29864310286939144,-1.1495893001556396,-1.1495428085327148
theta3,T4,batch2_128_255,1,3,"(1, 3)",0,26,exact_replay_715_45760_tokens,T4_batch_128,4.775765419006348,6.730470657348633,7.753837962809484e-06,7.748603820800781e-06,5.234142008703202e-09,0.0006754948542668269,1,0,0.04256674647331238,0.2836367189884186,0.04417227953672409,0.29232820868492126,0.0018463555024936795,0.009775493294000626,0.04765949572902173,0.30841859616339207,-1.1672866344451904,-1.1672788858413696
theta3,T4,batch2_128_255,1,3,"(1, 3)",0,27,exact_replay_715_45760_tokens,T4_batch_128,4.676939487457275,6.7352294921875,-4.957715282216668e-05,-4.971027374267578e-05,1.3312092050909996e-07,0.0026779357763788967,0,1,0.04417227953672409,0.29232820868492126,0.045767758041620255,0.3008759021759033,0.0018395516090095043,0.009645248763263226,0.04949904733803123,0.3180638449266553,-1.1903890371322632,-1.1904387474060059
theta3,T4,batch2_128_255,1,3,"(1, 3)",0,28,exact_replay_715_45760_tokens,T4_batch_128,4.579952239990234,6.737675666809082,-7.76859451434575e-05,-7.784366607666016e-05,1.5772093320265412e-07,0.0020261241685011486,0,1,0.045767758041620255,0.3008759021759033,0.047351352870464325,0.3092634081840515,0.0018273340538144112,0.00949250627309084,0.051326381391845644,0.32755635119974613,-1.2171919345855713,-1.217269778251648
theta3,T4,batch2_128_255,1,3,"(1, 3)",0,29,exact_replay_715_45760_tokens,T4_batch_128,4.487947940826416,6.744998455047607,-0.00011475237261038274,-0.00011491775512695312,1.6538251657038927e-07,0.0014391380721602697,0,1,0.047351352870464325,0.3092634081840515,0.04892002418637276,0.3174840211868286,0.0018120964523404837,0.00933097954839468,0.05313847784418613,0.3368873307481408,-1.2381254434585571,-1.238240361213684
theta3,T4,batch2_128_255,1,3,"(1, 3)",0,30,exact_replay_715_45760_tokens,T4_batch_128,4.398815155029297,6.751319408416748,-0.00015369808534160256,-0.0001537799835205078,8.189817890524864e-08,0.0005325672238372093,0,1,0.04892002418637276,0.3174840211868286,0.050472699105739594,0.3255290985107422,0.0017939950339496136,0.009150296449661255,0.05493247287813574,0.34603762719780207,-1.2582024335861206,-1.2583562135696411
theta3,T4,batch2_128_255,1,3,"(1, 3)",0,31,exact_replay_715_45760_tokens,T4_batch_128,4.313027858734131,6.756171226501465,-0.00018441153224557638,-0.0001844167709350586,5.238689482212067e-09,2.8406795410471882e-05,0,1,0.050472699105739594,0.3255290985107422,0.05200665071606636,0.33337706327438354,0.0017719690222293139,0.008948240429162979,0.056704441900365055,0.35498586762696505,-1.2801214456558228,-1.2803058624267578
theta3,T4,batch2_128_255,1,3,"(1, 3)",0,32,exact_replay_715_45760_tokens,T4_batch_128,4.233196258544922,6.766391277313232,-0.0002092162030749023,-0.00020933151245117188,1.1530937626957893e-07,0.0005508457609624146,0,1,0.05200665071606636,0.33337706327438354,0.05352240800857544,0.34105971455574036,0.0017500738613307476,0.008773251436650753,0.0584545157616958,0.3637591190636158,-1.299088478088379,-1.29929780960083
theta3,T4,batch2_128_255,1,3,"(1, 3)",0,33,exact_replay_715_45760_tokens,T4_batch_128,4.155767440795898,6.778243541717529,-0.0002270677941851318,-0.00022721290588378906,1.4511169865727425e-07,0.0006386595783053515,0,1,0.05352240800857544,0.34105971455574036,0.05501549690961838,0.3485652208328247,0.0017222017049789429,0.008577619679272175,0.060176717466674745,0.372336738742888,-1.3168562650680542,-1.317083477973938
theta3,T4,batch2_128_255,1,3,"(1, 3)",0,34,exact_replay_715_45760_tokens,T4_batch_128,4.082793235778809,6.783906936645508,-0.00026368218823336065,-0.0002639293670654297,2.4717883206903934e-07,0.0009365340235433604,0,1,0.05501549690961838,0.3485652208328247,0.056485116481781006,0.35588669776916504,0.0016945138340815902,0.00838646199554205,0.061871231300756335,0.38072320073843,-1.3377597332000732,-1.3380236625671387
theta3,T4,batch2_128_255,1,3,"(1, 3)",0,35,exact_replay_715_45760_tokens,T4_batch_128,4.012427806854248,6.788313865661621,-0.0003000617725774646,-0.00030028820037841797,2.2642780095338821e-07,0.0007540349593092497,0,1,0.056485116481781006,0.35588669776916504,0.0579301156103611,0.36302170157432556,0.0016654084902256727,0.008187942206859589,0.06353663979098201,0.3889111429452896,-1.3581933975219727,-1.358493685722351
theta3,T4,batch2_128_255,1,3,"(1, 3)",0,36,exact_replay_715_45760_tokens,T4_batch_128,3.9439375400543213,6.796402931213379,-0.00034024970955215394,-0.00034058094024658203,3.312306944280863e-07,0.0009725461859030452,0,1,0.0579301156103611,0.36302170157432556,0.05934885889291763,0.369949072599411,0.0016339237336069345,0.007964576594531536,0.06517056352458894,0.39687571953982115,-1.3773564100265503,-1.3776969909667969
theta3,T4,batch2_128_255,1,3,"(1, 3)",0,37,exact_replay_715_45760_tokens,T4_batch_128,3.880809783935547,6.805184841156006,-0.00037034813431091607,-0.0003705024719238281,1.5433761291205883e-07,0.00041656297759813383,0,1,0.05934885889291763,0.369949072599411,0.06074022501707077,0.3766966760158539,0.001601704629138112,0.007769349496811628,0.06677226815372705,0.4046450690366328,-1.3967071771621704,-1.3970776796340942
theta3,T4,batch2_128_255,1,3,"(1, 3)",0,38,exact_replay_715_45760_tokens,T4_batch_128,3.820615291595459,6.8088250160217285,-0.0004076027835253626,-0.0004076957702636719,9.298673830926418e-08,0.0002280787417763158,0,1,0.06074022501707077,0.3766966760158539,0.06210307031869888,0.3832685351371765,0.0015680984361097217,0.007575171999633312,0.06834036658983678,0.4122202410362661,-1.4167929887771606,-1.4172006845474243
theta3,T4,batch2_128_255,1,3,"(1, 3)",0,39,exact_replay_715_45760_tokens,T4_batch_128,3.7635128498077393,6.814425945281982,-0.00044267158955335617,-0.00044286251068115234,1.909211277961731e-07,0.000431106998654105,0,1,0.06210307031869888,0.3832685351371765,0.0634368509054184,0.38965892791748047,0.0015338209923356771,0.00737497303634882,0.06987418758217245,0.4195952140726149,-1.4385950565338135,-1.4390379190444946
theta3,T4,batch2_128_255,1,4,"(1, 4)",0,0,exact_replay_715_45760_tokens,T4_batch_128,8.321109771728516,8.241799354553223,0.0015798738459125161,0.0015794038772583008,4.6996865421533585e-07,0.00029756078288927467,1,0,0.0,0.0,0.0018413220532238483,0.014689033851027489,0.0018413220532238483,0.014689033851027489,0.0018413220532238483,0.014689033851027489,-1.886659860610962,-1.8850804567337036
theta3,T4,batch2_128_255,1,4,"(1, 4)",0,1,exact_replay_715_45760_tokens,T4_batch_128,8.105318069458008,8.119178771972656,0.0013244330184534192,0.0013241767883300781,2.5623012334108353e-07,0.00019350144602988837,1,0,0.0018413220532238483,0.014689033851027489,0.0036335824988782406,0.02906070277094841,0.0017960325349122286,0.01438985113054514,0.003637354588136077,0.029078884981572628,-1.7406158447265625,-1.7392916679382324
theta3,T4,batch2_128_255,1,4,"(1, 4)",0,2,exact_replay_715_45760_tokens,T4_batch_128,7.903531551361084,7.997657299041748,0.0011246111243963242,0.0011246204376220703,9.313225746154785e-09,8.2812168751325e-06,1,0,0.0036335824988782406,0.02906070277094841,0.005382663104683161,0.04306970536708832,0.001759626204147935,0.014057265594601631,0.005396980792284012,0.04313615057617426,-1.614187240600586,-1.6130626201629639
theta3,T4,batch2_128_255,1,4,"(1, 4)",0,3,exact_replay_715_45760_tokens,T4_batch_128,7.711519241333008,7.881324768066406,0.0009616970201022923,0.0009615421295166016,1.5489058569073677e-07,0.0001610855946255889,1,0,0.005382663104683161,0.04306970536708832,0.007092723622918129,0.05687553808093071,0.0017306350637227297,0.013898064382374287,0.0071276158560067415,0.057034214958548546,-1.4960969686508179,-1.4951354265213013
theta3,T4,batch2_128_255,1,4,"(1, 4)",0,4,exact_replay_715_45760_tokens,T4_batch_128,7.5214080810546875,7.787352085113525,0.0008329886477440596,0.0008329153060913086,7.334165275096893e-08,8.805415414340919e-05,1,0,0.007092723622918129,0.05687553808093071,0.008765988051891327,0.07031285762786865,0.0017073528142645955,0.013569659553468227,0.008834968670271337,0.07060387451201677,-1.3992884159088135,-1.3984555006027222
theta3,T4,batch2_128_255,1,4,"(1, 4)",0,5,exact_replay_715_45760_tokens,T4_batch_128,7.331997871398926,7.710625648498535,0.0007186409784480929,0.0007183551788330078,2.8579961508512497e-07,0.00039785279414205114,1,0,0.008765988051891327,0.07031285762786865,0.010404659435153008,0.08326542377471924,0.0016903767827898264,0.013143646530807018,0.010525345453061163,0.08374752104282379,-1.3213505744934082,-1.3206322193145752
theta3,T4,batch2_128_255,1,4,"(1, 4)",0,6,exact_replay_715_45760_tokens,T4_batch_128,7.160683631896973,7.641437530517578,0.0006305936840362847,0.0006306171417236328,2.3457687348127365e-08,3.719798558601134e-05,1,0,0.010404659435153008,0.08326542377471924,0.012018676847219467,0.09579738974571228,0.001684393617324531,0.012785452418029308,0.012209739070385695,0.0965329734608531,-1.2557648420333862,-1.2551342248916626
theta3,T4,batch2_128_255,1,4,"(1, 4)",0,7,exact_replay_715_45760_tokens,T4_batch_128,7.002115726470947,7.575577735900879,0.0005547805340029299,0.0005545616149902344,2.1891901269555092e-07,0.0003947604860812554,1,0,0.012018676847219467,0.09579738974571228,0.013616998679935932,0.10791858285665512,0.0016878035385161638,0.012440508231520653,0.013897542608901858,0.10897348169237375,-1.1961469650268555,-1.1955924034118652
theta3,T4,batch2_128_255,1,4,"(1, 4)",0,8,exact_replay_715_45760_tokens,T4_batch_128,6.850616455078125,7.5040602684021,0.0004911682335659862,0.0004911422729492188,2.5960616767406464e-08,5.285763046116505e-05,1,0,0.013616998679935932,0.10791858285665512,0.01520536933094263,0.119635209441185,0.0016972740413621068,0.012111671268939972,0.015594816650263965,0.12108515296131372,-1.1547459363937378,-1.1542547941207886
theta3,T4,batch2_128_255,1,4,"(1, 4)",0,9,exact_replay_715_45760_tokens,T4_batch_128,6.709133625030518,7.449213027954102,0.0004310884978622198,0.0004311800003051758,9.150244295597076e-08,0.00021221402405308267,1,0,0.01520536933094263,0.119635209441185,0.016791097819805145,0.13098186254501343,0.0017123286379501224,0.011824437417089939,0.017307145288214087,0.13290959037840366,-1.115792989730835,-1.1153618097305298
theta3,T4,batch2_128_255,1,4,"(1, 4)",0,10,exact_replay_715_45760_tokens,T4_batch_128,6.568614959716797,7.400981426239014,0.00037307097227312624,0.00037300586700439453,6.51052687317133e-08,0.00017454221096995846,1,0,0.016791097819805145,0.13098186254501343,0.018376588821411133,0.14201411604881287,0.0017324548680335283,0.011597594246268272,0.019039600156247616,0.14450718462467194,-1.0886412858963013,-1.0882682800292969
theta3,T4,batch2_128_255,1,4,"(1, 4)",0,11,exact_replay_715_45760_tokens,T4_batch_128,6.428232669830322,7.35884428024292,0.0003163439396303147,0.00031638145446777344,3.7514837458729744e-08,0.0001185747044555388,1,0,0.018376588821411133,0.14201411604881287,0.019967099651694298,0.1527239829301834,0.0017562751891091466,0.011379227042198181,0.020795875345356762,0.15588641166687012,-1.0632929801940918,-1.062976598739624
theta3,T4,batch2_128_255,1,4,"(1, 4)",0,12,exact_replay_715_45760_tokens,T4_batch_128,6.28861665725708,7.326258182525635,0.00026683678152039647,0.0002669095993041992,7.281778380274773e-08,0.00027281815263510494,1,0,0.019967099651694298,0.1527239829301834,0.021565724164247513,0.1632837951183319,0.0017810091376304626,0.011309141293168068,0.022576884482987225,0.16719555296003819,-1.0498768091201782,-1.049609899520874
theta3,T4,batch2_128_255,1,4,"(1, 4)",0,13,exact_replay_715_45760_tokens,T4_batch_128,6.1539764404296875,7.3007307052612305,0.00022973434533923864,0.00022971630096435547,1.8044374883174896e-08,7.85506940840685e-05,1,0,0.021565724164247513,0.1632837951183319,0.023177599534392357,0.1738496720790863,0.0018056322587653995,0.011375217698514462,0.024382516741752625,0.17857077065855265,-1.0439561605453491,-1.0437264442443848
theta3,T4,batch2_128_255,1,4,"(1, 4)",0,14,exact_replay_715_45760_tokens,T4_batch_128,6.020169258117676,7.274241924285889,0.0001846832747105509,0.00018465518951416016,2.8085196390748024e-08,0.0001520953538573273,1,0,0.023177599534392357,0.1738496720790863,0.02480638399720192,0.18435195088386536,0.0018363851122558117,0.01139084529131651,0.026218901854008436,0.18996161594986916,-1.0450758934020996,-1.0448912382125854
theta3,T4,batch2_128_255,1,4,"(1, 4)",0,15,exact_replay_715_45760_tokens,T4_batch_128,5.890372276306152,7.242217063903809,0.0001316817506449297,0.00013172626495361328,4.45143086835742e-08,0.00033793039451357465,1,0,0.02480638399720192,0.18435195088386536,0.02645488828420639,0.19476807117462158,0.0018714438192546368,0.011374108493328094,0.028090345673263073,0.20133572444319725,-1.041918396949768,-1.0417866706848145
theta3,T4,batch2_128_255,1,4,"(1, 4)",0,16,exact_replay_715_45760_tokens,T4_batch_128,5.75742244720459,7.21455717086792,8.13154547358863e-05,8.130073547363281e-05,1.471926225349307e-08,0.00018104709837793255,1,0,0.02645488828420639,0.19476807117462158,0.028122225776314735,0.2051485925912857,0.0019010619726032019,0.011379770934581757,0.029991407645866275,0.212715495377779,-1.045801043510437,-1.0457197427749634
theta3,T4,batch2_128_255,1,4,"(1, 4)",0,17,exact_replay_715_45760_tokens,T4_batch_128,5.622742652893066,7.200356483459473,2.525653508200776e-05,2.5153160095214844e-05,1.0337498679291457e-07,0.004109821048393069,1,0,0.028122225776314735,0.2051485925912857,0.02980482019484043,0.21545445919036865,0.0019284148002043366,0.011355900205671787,0.03191982244607061,0.2240713955834508,-1.0512970685958862,-1.051271915435791
theta3,T4,batch2_128_255,1,4,"(1, 4)",0,18,exact_replay_715_45760_tokens,T4_batch_128,5.488920211791992,7.196048736572266,-4.5310611312743276e-05,-4.5299530029296875e-05,1.1081283446401358e-08,0.0002446224814967105,0,1,0.02980482019484043,0.21545445919036865,0.03150290995836258,0.2256016731262207,0.001955163897946477,0.011246727779507637,0.03387498634401709,0.23531812336295843,-1.0576694011688232,-1.0577147006988525
theta3,T4,batch2_128_255,1,4,"(1, 4)",0,19,exact_replay_715_45760_tokens,T4_batch_128,5.363373279571533,7.202320575714111,-0.00010466222738614306,-0.00010466575622558594,3.5288394428789616e-09,3.37153197964123e-05,0,1,0.03150290995836258,0.2256016731262207,0.033214159309864044,0.23556120693683624,0.001973932608962059,0.011063227429986,0.03584891895297915,0.24638135079294443,-1.0710301399230957,-1.0711348056793213
theta3,T4,batch2_128_255,1,4,"(1, 4)",0,20,exact_replay_715_45760_tokens,T4_batch_128,5.236322402954102,7.213958263397217,-0.00016661339031998068,-0.0001666545867919922,4.119647201150656e-08,0.000247196748703505,0,1,0.033214159309864044,0.23556120693683624,0.03493610769510269,0.24538150429725647,0.0019877387676388025,0.010930263437330723,0.03783665772061795,0.25731161423027515,-1.0839579105377197,-1.0841245651245117
theta3,T4,batch2_128_255,1,4,"(1, 4)",0,21,exact_replay_715_45760_tokens,T4_batch_128,5.1098952293396,7.234767436981201,-0.00022908003302291036,-0.00022912025451660156,4.022149369120598e-08,0.00017554752536420395,0,1,0.03493610769510269,0.24538150429725647,0.03666375204920769,0.25508397817611694,0.0019952948205173016,0.010811605490744114,0.03983195254113525,0.26812321972101927,-1.0956577062606812,-1.0958868265151978
theta3,T4,batch2_128_255,1,4,"(1, 4)",0,22,exact_replay_715_45760_tokens,T4_batch_128,4.987453937530518,7.246977806091309,-0.00029034321778453887,-0.0002903938293457031,5.061156116425991e-08,0.00017428593878284073,0,1,0.03666375204920769,0.25508397817611694,0.03839336708188057,0.26466822624206543,0.001997700659558177,0.010686480440199375,0.04182965320069343,0.27880970016121864,-1.109028935432434,-1.1093193292617798
theta3,T4,batch2_128_255,1,4,"(1, 4)",0,23,exact_replay_715_45760_tokens,T4_batch_128,4.872694969177246,7.275540828704834,-0.00036159553565084934,-0.0003616809844970703,8.544884622097015e-08,0.000236254737969677,0,1,0.03839336708188057,0.26466822624206543,0.04012208431959152,0.27412348985671997,0.0019967141561210155,0.010562518611550331,0.043826367356814444,0.289372218772769,-1.1275289058685303,-1.1278905868530273
theta3,T4,batch2_128_255,1,4,"(1, 4)",0,24,exact_replay_715_45760_tokens,T4_batch_128,4.758925914764404,7.29701566696167,-0.0004194979555904865,-0.0004194974899291992,4.656612873077393e-10,1.1100454674623473e-06,0,1,0.04012208431959152,0.27412348985671997,0.041844870895147324,0.28346583247184753,0.0019879532046616077,0.010428792797029018,0.04581432056147605,0.299801011569798,-1.1446936130523682,-1.1451131105422974
theta3,T4,batch2_128_255,1,4,"(1, 4)",0,25,exact_replay_715_45760_tokens,T4_batch_128,4.647675514221191,7.325098514556885,-0.00047486176481470466,-0.0004750490188598633,1.8725404515862465e-07,0.0003941783641781681,0,1,0.041844870895147324,0.28346583247184753,0.04355598986148834,0.29266589879989624,0.001972900005057454,0.010266396217048168,0.047787220566533506,0.31006740778684616,-1.1589230298995972,-1.159398078918457
theta3,T4,batch2_128_255,1,4,"(1, 4)",0,26,exact_replay_715_45760_tokens,T4_batch_128,4.5387396812438965,7.343005657196045,-0.0005276355077512562,-0.0005277395248413086,1.0401709005236626e-07,0.00019709929833973346,0,1,0.04355598986148834,0.29266589879989624,0.04524939879775047,0.30172616243362427,0.0019510060083121061,0.010105418041348457,0.04973822657484561,0.3201728258281946,-1.1726824045181274,-1.1732101440429688
theta3,T4,batch2_128_255,1,4,"(1, 4)",0,27,exact_replay_715_45760_tokens,T4_batch_128,4.436244010925293,7.3615875244140625,-0.0005813533207401633,-0.0005815029144287109,1.4959368854761124e-07,0.00025725354909799096,0,1,0.04524939879775047,0.30172616243362427,0.04691973701119423,0.31059977412223816,0.0019238708773627877,0.00990375317633152,0.0516620974522084,0.33007657900452614,-1.1876330375671387,-1.1882145404815674
theta3,T4,batch2_128_255,1,4,"(1, 4)",0,28,exact_replay_715_45760_tokens,T4_batch_128,4.335816383361816,7.367528438568115,-0.0006276703206822276,-0.0006279945373535156,3.2421667128801346e-07,0.0005162730756454062,0,1,0.04691973701119423,0.31059977412223816,0.04856619983911514,0.3192404508590698,0.0018959844019263983,0.009647227823734283,0.0535580818541348,0.3397238068282604,-1.2029685974121094,-1.203596591949463
theta3,T4,batch2_128_255,1,4,"(1, 4)",0,29,exact_replay_715_45760_tokens,T4_batch_128,4.242666244506836,7.385516166687012,-0.0006781064439564943,-0.0006781816482543945,7.520429790019989e-08,0.00011089108367024081,0,1,0.04856619983911514,0.3192404508590698,0.05018417164683342,0.327647864818573,0.0018627223325893283,0.009390593506395817,0.055420804186724126,0.34911440033465624,-1.2179245948791504,-1.2186027765274048
theta3,T4,batch2_128_255,1,4,"(1, 4)",0,30,exact_replay_715_45760_tokens,T4_batch_128,4.159219264984131,7.395112037658691,-0.0007261135615408421,-0.0007263422012329102,2.2863969206809998e-07,0.000314782332184474,0,1,0.05018417164683342,0.327647864818573,0.051773883402347565,0.33580660820007324,0.0018282926175743341,0.009122881107032299,0.05724909680429846,0.35823728144168854,-1.2358920574188232,-1.2366183996200562
theta3,T4,batch2_128_255,1,4,"(1, 4)",0,31,exact_replay_715_45760_tokens,T4_batch_128,4.07496976852417,7.409103870391846,-0.0007770705851726234,-0.0007773637771606445,2.9319198802113533e-07,0.0003771618856387057,0,1,0.051773883402347565,0.33580660820007324,0.05332900211215019,0.34367746114730835,0.0017885349225252867,0.008814197964966297,0.05903763172682375,0.36705147940665483,-1.2546906471252441,-1.2554680109024048
theta3,T4,batch2_128_255,1,4,"(1, 4)",0,32,exact_replay_715_45760_tokens,T4_batch_128,3.995635986328125,7.433872699737549,-0.0008329926058650017,-0.0008331537246704102,1.6111880540847778e-07,0.00019338424667334384,0,1,0.05332900211215019,0.34367746114730835,0.054846927523612976,0.3512447476387024,0.0017466943245381117,0.008495256304740906,0.06078432605136186,0.37554673571139574,-1.270210862159729,-1.2710440158843994
theta3,T4,batch2_128_255,1,4,"(1, 4)",0,33,exact_replay_715_45760_tokens,T4_batch_128,3.922056198120117,7.453726768493652,-0.0008873217739164829,-0.0008873939514160156,7.217749953269958e-08,8.133647904352499e-05,0,1,0.054846927523612976,0.3512447476387024,0.05632849410176277,0.35853326320648193,0.0017046843422576785,0.008202538825571537,0.06248901039361954,0.3837492745369673,-1.2859702110290527,-1.2868576049804688
theta3,T4,batch2_128_255,1,4,"(1, 4)",0,34,exact_replay_715_45760_tokens,T4_batch_128,3.8532700538635254,7.465632438659668,-0.0009441045694984496,-0.0009442567825317383,1.5221303328871727e-07,0.00016119877146193663,0,1,0.05632849410176277,0.35853326320648193,0.05777430161833763,0.36552760004997253,0.0016633396735414863,0.007898631505668163,0.06415235006716102,0.39164790604263544,-1.3039546012878418,-1.3048988580703735
theta3,T4,batch2_128_255,1,4,"(1, 4)",0,35,exact_replay_715_45760_tokens,T4_batch_128,3.79056715965271,7.478424549102783,-0.0009954520501196384,-0.000995635986328125,1.83936208486557e-07,0.00018474242696360152,0,1,0.05777430161833763,0.36552760004997253,0.059185173362493515,0.37226811051368713,0.0016225235303863883,0.0076324050314724445,0.06577487359754741,0.3992803110741079,-1.3235759735107422,-1.3245716094970703
theta3,T4,batch2_128_255,1,4,"(1, 4)",0,36,exact_replay_715_45760_tokens,T4_batch_128,3.7329092025756836,7.489550590515137,-0.0010439219186082482,-0.0010442733764648438,3.514578565955162e-07,0.00033655732734018265,0,1,0.059185173362493515,0.37226811051368713,0.060562506318092346,0.3787762522697449,0.0015828053001314402,0.007386530749499798,0.06735767889767885,0.4066668418236077,-1.3427577018737793,-1.3438019752502441
theta3,T4,batch2_128_255,1,4,"(1, 4)",0,37,exact_replay_715_45760_tokens,T4_batch_128,3.6795058250427246,7.49615478515625,-0.0010942426742985845,-0.0010944604873657227,2.1781306713819504e-07,0.00019901409840975928,0,1,0.060562506318092346,0.3787762522697449,0.06190655007958412,0.3850618302822113,0.0015435829991474748,0.007151519414037466,0.06890126189682633,0.41381836123764515,-1.360830545425415,-1.3619250059127808
theta3,T4,batch2_128_255,1,4,"(1, 4)",0,38,exact_replay_715_45760_tokens,T4_batch_128,3.6297574043273926,7.504563331604004,-0.00112826912663877,-0.0011284351348876953,1.6600824892520905e-07,0.0001471136831819142,0,1,0.06190655007958412,0.3850618302822113,0.06321683526039124,0.39113447070121765,0.0015035811811685562,0.006924282759428024,0.07040484307799488,0.4207426439970732,-1.3785079717636108,-1.3796364068984985
theta3,T4,batch2_128_255,1,4,"(1, 4)",0,39,exact_replay_715_45760_tokens,T4_batch_128,3.582514524459839,7.517193794250488,-0.0011601144215092063,-0.001160264015197754,1.4959368854761124e-07,0.00012893073178875988,0,1,0.06321683526039124,0.39113447070121765,0.06449387967586517,0.39700087904930115,0.001464333152398467,0.006705863401293755,0.07186917623039335,0.42744850739836693,-1.3949741125106812,-1.396134376525879
theta3,T4,batch2_128_255,1,5,"(1, 5)",0,0,exact_replay_715_45760_tokens,T4_batch_128,8.12000560760498,8.241799354553223,0.00048220634926110506,0.00048220157623291016,4.773028194904327e-09,9.898408529048207e-06,1,0,0.0,0.0,0.001726397662423551,0.014938329346477985,0.001726397662423551,0.014938329346477985,0.001726397662423551,0.014938329346477985,-0.7729105949401855,-0.7724283933639526
theta3,T4,batch2_128_255,1,5,"(1, 5)",0,1,exact_replay_715_45760_tokens,T4_batch_128,7.898974895477295,8.13009262084961,0.00045717888860963285,0.0004571080207824707,7.086782716214657e-08,0.00015503518630199505,1,0,0.001726397662423551,0.014938329346477985,0.0034163743257522583,0.029536310583353043,0.0016929426928982139,0.014613316394388676,0.003419340355321765,0.02955164574086666,-0.7671526074409485,-0.766695499420166
theta3,T4,batch2_128_255,1,5,"(1, 5)",0,2,exact_replay_715_45760_tokens,T4_batch_128,7.691113471984863,8.01303482055664,0.00043730513425543904,0.00043714046478271484,1.646694727241993e-07,0.0003766969338014726,1,0,0.0034163743257522583,0.029536310583353043,0.005076277535408735,0.043828334659338,0.0016681028064340353,0.01433247048407793,0.0050874431617558,0.04388411622494459,-0.7624984979629517,-0.762061357498169
theta3,T4,batch2_128_255,1,5,"(1, 5)",0,3,exact_replay_715_45760_tokens,T4_batch_128,7.486486434936523,7.901196002960205,0.0004172185726929456,0.0004172325134277344,1.3940734788775444e-08,3.341238839285714e-05,1,0,0.005076277535408735,0.043828334659338,0.006707870401442051,0.05792281776666641,0.001647682162001729,0.014176213182508945,0.006735125323757529,0.05806032940745354,-0.7532550096511841,-0.7528377771377563
theta3,T4,batch2_128_255,1,5,"(1, 5)",0,4,exact_replay_715_45760_tokens,T4_batch_128,7.292701721191406,7.80246114730835,0.0004001114866696298,0.00040012598037719727,1.4493707567453384e-08,3.622286049456279e-05,1,0,0.006707870401442051,0.05792281776666641,0.008314735256135464,0.07169206440448761,0.001633013947866857,0.013897062279284,0.008368139271624386,0.07195739168673754,-0.7483947277069092,-0.747994601726532
theta3,T4,batch2_128_255,1,5,"(1, 5)",0,5,exact_replay_715_45760_tokens,T4_batch_128,7.0994462966918945,7.708698749542236,0.00038224461604841053,0.0003821849822998047,5.963374860584736e-08,0.00015603373070024952,1,0,0.008314735256135464,0.07169206440448761,0.009901115670800209,0.08511827886104584,0.0016249901382252574,0.013609299436211586,0.009993129409849644,0.08556669112294912,-0.7441632747650146,-0.7437810897827148
theta3,T4,batch2_128_255,1,5,"(1, 5)",0,6,exact_replay_715_45760_tokens,T4_batch_128,6.918764114379883,7.612892150878906,0.00036814616760239005,0.0003681182861328125,2.7881469577550888e-08,7.574051772992228e-05,1,0,0.009901115670800209,0.08511827886104584,0.01147554162889719,0.09822966903448105,0.0016257879324257374,0.013348602689802647,0.011618917342275381,0.09891529381275177,-0.7438919544219971,-0.7435238361358643
theta3,T4,batch2_128_255,1,5,"(1, 5)",0,7,exact_replay_715_45760_tokens,T4_batch_128,6.738269805908203,7.5341033935546875,0.00035150491748936474,0.0003514885902404785,1.6327248886227608e-08,4.645171803459386e-05,1,0,0.01147554162889719,0.09822966903448105,0.013038231059908867,0.11100272834300995,0.0016295821405947208,0.01308211125433445,0.013248499482870102,0.11199740506708622,-0.7384799718856812,-0.7381284832954407
theta3,T4,batch2_128_255,1,5,"(1, 5)",0,8,exact_replay_715_45760_tokens,T4_batch_128,6.5683674812316895,7.456578731536865,0.0003282692050561309,0.00032830238342285156,3.317836672067642e-08,0.0001010603894335512,1,0,0.013038231059908867,0.11100272834300995,0.014595034532248974,0.123480424284935,0.0016395128332078457,0.012854041531682014,0.014888012316077948,0.12485144659876823,-0.7360823154449463,-0.7357540130615234
theta3,T4,batch2_128_255,1,5,"(1, 5)",0,9,exact_replay_715_45760_tokens,T4_batch_128,6.3936309814453125,7.381972789764404,0.00029679006547667086,0.00029671192169189453,7.814378477633e-08,0.0002633658409501808,1,0,0.014595034532248974,0.123480424284935,0.016142524778842926,0.13550399243831635,0.0016502434154972434,0.012494181282818317,0.01653825573157519,0.13734562788158655,-0.734916090965271,-0.7346193790435791
theta3,T4,batch2_128_255,1,5,"(1, 5)",0,10,exact_replay_715_45760_tokens,T4_batch_128,6.237217426300049,7.316153526306152,0.000267444527707994,0.00026732683181762695,1.176958903670311e-07,0.00044026964882943145,1,0,0.016142524778842926,0.13550399243831635,0.017687959596514702,0.1473401039838791,0.0016656434163451195,0.012401886284351349,0.01820389914792031,0.1497475141659379,-0.7293540239334106,-0.729086697101593
theta3,T4,batch2_128_255,1,5,"(1, 5)",0,11,exact_replay_715_45760_tokens,T4_batch_128,6.075493812561035,7.253861427307129,0.0002357207122258842,0.0002357959747314453,7.526250556111336e-08,0.0003191848616026289,1,0,0.017687959596514702,0.1473401039838791,0.019233960658311844,0.15886752307415009,0.0016842164332047105,0.012175931595265865,0.01988811558112502,0.16192344576120377,-0.7236618995666504,-0.723426103591919
theta3,T4,batch2_128_255,1,5,"(1, 5)",0,12,exact_replay_715_45760_tokens,T4_batch_128,5.927515983581543,7.19978141784668,0.0001997731887968257,0.00019979476928710938,2.158049028366804e-08,0.00010801328964051312,1,0,0.019233960658311844,0.15886752307415009,0.020784160122275352,0.17010515928268433,0.0017061681719496846,0.011991910636425018,0.021594283753074706,0.17391535639762878,-0.7183348536491394,-0.7181350588798523
theta3,T4,batch2_128_255,1,5,"(1, 5)",0,13,exact_replay_715_45760_tokens,T4_batch_128,5.778964042663574,7.164480686187744,0.000175581852090545,0.00017559528350830078,1.3431417755782604e-08,7.649076608112696e-05,1,0,0.020784160122275352,0.17010515928268433,0.022340824827551842,0.18123814463615417,0.001724187401123345,0.011926773004233837,0.02331847115419805,0.18584212940186262,-0.7099714875221252,-0.7097958922386169
theta3,T4,batch2_128_255,1,5,"(1, 5)",0,14,exact_replay_715_45760_tokens,T4_batch_128,5.633724212646484,7.130138874053955,0.00013430850231088698,0.00013434886932373047,4.036701284348965e-08,0.00030046410547914816,1,0,0.022340824827551842,0.18123814463615417,0.023903999477624893,0.19202753901481628,0.0017486070282757282,0.011686473153531551,0.02506707818247378,0.19752860255539417,-0.7011905908584595,-0.7010562419891357
theta3,T4,batch2_128_255,1,5,"(1, 5)",0,15,exact_replay_715_45760_tokens,T4_batch_128,5.49334716796875,7.097439289093018,9.699117072159424e-05,9.703636169433594e-05,4.519097274169326e-08,0.0004657117389050983,1,0,0.023903999477624893,0.19202753901481628,0.025473371148109436,0.20248259603977203,0.0017675086855888367,0.01139931008219719,0.026834586868062615,0.20892791263759136,-0.6965277194976807,-0.6964306831359863
theta3,T4,batch2_128_255,1,5,"(1, 5)",0,16,exact_replay_715_45760_tokens,T4_batch_128,5.361906051635742,7.0792460441589355,6.660148210357875e-05,6.651878356933594e-05,8.269853424280882e-08,0.0012432358170922939,1,0,0.025473371148109436,0.20248259603977203,0.027051612734794617,0.21271079778671265,0.001784475171007216,0.011209439486265182,0.02861906203906983,0.22013735212385654,-0.6888651847839355,-0.6887986660003662
theta3,T4,batch2_128_255,1,5,"(1, 5)",0,17,exact_replay_715_45760_tokens,T4_batch_128,5.236006736755371,7.074113368988037,4.63638425571844e-05,4.6372413635253906e-05,8.571078069508076e-09,0.00018483139861825192,1,0,0.027051612734794617,0.21271079778671265,0.028640057891607285,0.22280941903591156,0.0017988712061196566,0.01110610831528902,0.030417933245189488,0.23124346043914557,-0.6781511902809143,-0.678104817867279
theta3,T4,batch2_128_255,1,5,"(1, 5)",0,18,exact_replay_715_45760_tokens,T4_batch_128,5.104803085327148,7.064158916473389,1.4431778254220262e-05,1.4424324035644531e-05,7.45421857573092e-09,0.0005167811370092975,1,0,0.028640057891607285,0.22280941903591156,0.03022874891757965,0.23271043598651886,0.0018045140895992517,0.010932127013802528,0.03222244733478874,0.2421755874529481,-0.6691631078720093,-0.6691486835479736
theta3,T4,batch2_128_255,1,5,"(1, 5)",0,19,exact_replay_715_45760_tokens,T4_batch_128,4.981101989746094,7.070822238922119,-1.0610289791657124e-05,-1.0609626770019531e-05,6.630216375924647e-10,6.249245632900281e-05,0,1,0.03022874891757965,0.23271043598651886,0.031818486750125885,0.24242645502090454,0.0018084767507389188,0.01075190119445324,0.03403092408552766,0.25292748864740133,-0.6607498526573181,-0.6607604622840881
theta3,T4,batch2_128_255,1,5,"(1, 5)",0,20,exact_replay_715_45760_tokens,T4_batch_128,4.867764472961426,7.0733466148376465,-3.4932250855490565e-05,-3.49879264831543e-05,5.5675627663731575e-08,0.0015912811435264055,0,1,0.031818486750125885,0.24242645502090454,0.03340619057416916,0.2519674301147461,0.0018066656775772572,0.010564381256699562,0.035837589763104916,0.2634918699041009,-0.6557656526565552,-0.6558006405830383
theta3,T4,batch2_128_255,1,5,"(1, 5)",0,21,exact_replay_715_45760_tokens,T4_batch_128,4.752647876739502,7.063817977905273,-5.8591103879734874e-05,-5.8591365814208984e-05,2.6193447411060333e-10,4.4705302644964396e-06,0,1,0.03340619057416916,0.2519674301147461,0.03498523309826851,0.2612674832344055,0.0017973070498555899,0.010307381860911846,0.037634896812960505,0.27379925176501274,-0.6470381617546082,-0.6470967531204224
theta3,T4,batch2_128_255,1,5,"(1, 5)",0,22,exact_replay_715_45760_tokens,T4_batch_128,4.645343780517578,7.0632758140563965,-8.087112655630335e-05,-8.082389831542969e-05,4.722824087366462e-08,0.0005843351020925516,0,1,0.03498523309826851,0.2612674832344055,0.03655315935611725,0.27031469345092773,0.0017848983407020569,0.010049316100776196,0.03941979515366256,0.28384856786578894,-0.6410150527954102,-0.6410958766937256
theta3,T4,batch2_128_255,1,5,"(1, 5)",0,23,exact_replay_715_45760_tokens,T4_batch_128,4.542235374450684,7.0666704177856445,-9.930130909197032e-05,-9.942054748535156e-05,1.1923839338123798e-07,0.0011993335019484413,0,1,0.03655315935611725,0.27031469345092773,0.03810693696141243,0.2790745794773102,0.0017677422147244215,0.009754432365298271,0.041187537368386984,0.2936030002310872,-0.6332920789718628,-0.6333914995193481
theta3,T4,batch2_128_255,1,5,"(1, 5)",0,24,exact_replay_715_45760_tokens,T4_batch_128,4.446610450744629,7.078488349914551,-0.00011523706052685156,-0.00011527538299560547,3.8322468753904104e-08,0.00033244277969881074,0,1,0.03810693696141243,0.2790745794773102,0.03964248672127724,0.28754666447639465,0.001745236455462873,0.009457970969378948,0.04293277382384986,0.30306097120046616,-0.6284815073013306,-0.6285967826843262
theta3,T4,batch2_128_255,1,5,"(1, 5)",0,25,exact_replay_715_45760_tokens,T4_batch_128,4.354793548583984,7.089314937591553,-0.00013110651343595237,-0.00013113021850585938,2.37050699070096e-08,0.00018077503551136364,0,1,0.03964248672127724,0.28754666447639465,0.041157159954309464,0.2957194149494171,0.001719710766337812,0.009158295579254627,0.04465248459018767,0.3122192667797208,-0.6181730628013611,-0.6183041930198669
theta3,T4,batch2_128_255,1,5,"(1, 5)",0,26,exact_replay_715_45760_tokens,T4_batch_128,4.270862579345703,7.100226879119873,-0.00015043407620396465,-0.00015050172805786133,6.76518538966775e-08,0.00044950881806930695,0,1,0.041157159954309464,0.2957194149494171,0.04264944791793823,0.3036298453807831,0.0016921964706853032,0.008890219032764435,0.04634468106087297,0.3211094858124852,-0.6122072339057922,-0.6123577356338501
theta3,T4,batch2_128_255,1,5,"(1, 5)",0,27,exact_replay_715_45760_tokens,T4_batch_128,4.187930583953857,7.120301246643066,-0.00016853366105351597,-0.00016862154006958008,8.787901606410742e-08,0.0005211612705461294,0,1,0.04264944791793823,0.3036298453807831,0.04411715269088745,0.31129422783851624,0.0016622567782178521,0.008638842031359673,0.048006937839090824,0.3297483278438449,-0.6088997721672058,-0.6090683937072754
theta3,T4,batch2_128_255,1,5,"(1, 5)",0,28,exact_replay_715_45760_tokens,T4_batch_128,4.111329078674316,7.146737575531006,-0.00018663775699678808,-0.00018668174743652344,4.399043973535299e-08,0.0002356440323674968,0,1,0.04411715269088745,0.31129422783851624,0.045559126883745193,0.31871089339256287,0.0016307074110955,0.008386691100895405,0.049637645250186324,0.3381350189447403,-0.60367751121521,-0.6038641929626465
theta3,T4,batch2_128_255,1,5,"(1, 5)",0,29,exact_replay_715_45760_tokens,T4_batch_128,4.0398406982421875,7.163471221923828,-0.00020722813496831805,-0.0002073049545288086,7.681956049054861e-08,0.0003705630705506038,0,1,0.045559126883745193,0.31871089339256287,0.046974752098321915,0.32590511441230774,0.0015991978580132127,0.00816052034497261,0.05123684310819954,0.3462955392897129,-0.5998673439025879,-0.6000746488571167
theta3,T4,batch2_128_255,1,5,"(1, 5)",0,30,exact_replay_715_45760_tokens,T4_batch_128,3.9728024005889893,7.189040660858154,-0.00022627785801887512,-0.0002262592315673828,1.862645149230957e-08,8.232349841938883e-05,0,1,0.046974752098321915,0.32590511441230774,0.04836282134056091,0.33286893367767334,0.0015658033080399036,0.007922535762190819,0.05280264641623944,0.3542180750519037,-0.5982099771499634,-0.5984362363815308
theta3,T4,batch2_128_255,1,5,"(1, 5)",0,31,exact_replay_715_45760_tokens,T4_batch_128,3.9092488288879395,7.209608554840088,-0.0002428950392641127,-0.00024300813674926758,1.1309748515486717e-07,0.0004654061656855531,0,1,0.04836282134056091,0.33286893367767334,0.04972231015563011,0.3396227955818176,0.001531638321466744,0.007700509857386351,0.054334284737706184,0.3619185849092901,-0.5958905816078186,-0.5961335897445679
theta3,T4,batch2_128_255,1,5,"(1, 5)",0,32,exact_replay_715_45760_tokens,T4_batch_128,3.8503313064575195,7.230652332305908,-0.00026160848210565746,-0.00026160478591918945,3.6961864680051804e-09,1.4128894679881522e-05,0,1,0.04972231015563011,0.3396227955818176,0.05105443298816681,0.34617307782173157,0.0014988158363848925,0.0074874903075397015,0.05583310057409108,0.3694060752168298,-0.5927628874778748,-0.593024492263794
theta3,T4,batch2_128_255,1,5,"(1, 5)",0,33,exact_replay_715_45760_tokens,T4_batch_128,3.7945752143859863,7.253868579864502,-0.000277563784038648,-0.00027757883071899414,1.5046680346131325e-08,5.42068727184883e-05,0,1,0.05105443298816681,0.34617307782173157,0.052357688546180725,0.35251596570014954,0.001464350731112063,0.007271877024322748,0.05729745130520314,0.3766779522411525,-0.5910549163818359,-0.5913324952125549
theta3,T4,batch2_128_255,1,5,"(1, 5)",0,34,exact_replay_715_45760_tokens,T4_batch_128,3.742495536804199,7.280133247375488,-0.00029115742654539645,-0.0002911686897277832,1.1263182386755943e-08,3.868267016376663e-05,0,1,0.052357688546180725,0.35251596570014954,0.05363386869430542,0.35867443680763245,0.0014315055450424552,0.007075874134898186,0.058728956850245595,0.3837538263760507,-0.590080738067627,-0.5903719067573547
theta3,T4,batch2_128_255,1,5,"(1, 5)",0,35,exact_replay_715_45760_tokens,T4_batch_128,3.6935529708862305,7.303001880645752,-0.0003004054306074977,-0.00030040740966796875,1.979060471057892e-09,6.587921626984127e-06,0,1,0.05363386869430542,0.35867443680763245,0.05488157644867897,0.36465322971343994,0.0013976141344755888,0.006883529480546713,0.060126570984721184,0.3906373558565974,-0.5887058973312378,-0.5890063047409058
theta3,T4,batch2_128_255,1,5,"(1, 5)",0,36,exact_replay_715_45760_tokens,T4_batch_128,3.646343946456909,7.3291473388671875,-0.00031422689789906144,-0.0003142356872558594,8.789356797933578e-09,2.7970587537936267e-05,0,1,0.05488157644867897,0.36465322971343994,0.05610063299536705,0.3704475462436676,0.0013641796540468931,0.006689397152513266,0.06149075063876808,0.3973267530091107,-0.5888938307762146,-0.5892080664634705
theta3,T4,batch2_128_255,1,5,"(1, 5)",0,37,exact_replay_715_45760_tokens,T4_batch_128,3.6024093627929688,7.354764938354492,-0.00032144165015779436,-0.00032144784927368164,6.199115887284279e-09,1.9284981689226776e-05,0,1,0.05610063299536705,0.3704475462436676,0.05729226768016815,0.37607869505882263,0.0013319911668077111,0.006513992790132761,0.06282274180557579,0.40384074579924345,-0.5888581275939941,-0.5891795754432678
theta3,T4,batch2_128_255,1,5,"(1, 5)",0,38,exact_replay_715_45760_tokens,T4_batch_128,3.5606131553649902,7.380898475646973,-0.00032999651739373803,-0.0003300309181213379,3.440072759985924e-08,0.00010423486319306484,0,1,0.05729226768016815,0.37607869505882263,0.05845668166875839,0.3815489709377289,0.0013002457562834024,0.0063390727154910564,0.06412298756185919,0.4101798185147345,-0.5892390012741089,-0.5895690321922302
theta3,T4,batch2_128_255,1,5,"(1, 5)",0,39,exact_replay_715_45760_tokens,T4_batch_128,3.520942449569702,7.407609462738037,-0.00033475656528025866,-0.00033479928970336914,4.272442311048508e-08,0.00012761204824639487,0,1,0.05845668166875839,0.3815489709377289,0.05959388241171837,0.3868645429611206,0.001268714084289968,0.006170568056404591,0.06539170164614916,0.4163503865711391,-0.5888407230377197,-0.5891755223274231
theta3,T4,batch2_128_255,1,6,"(1, 6)",0,0,exact_replay_715_45760_tokens,T4_batch_128,8.114269256591797,8.241799354553223,0.0024682965595275164,0.0024673938751220703,9.026844054460526e-07,0.00036584528094501883,1,0,0.0,0.0,0.001902035204693675,0.014060803689062595,0.001902035204693675,0.014060803689062595,0.001902035204693675,0.014060803689062595,-2.434795379638672,-2.43232798576355
theta3,T4,batch2_128_255,1,6,"(1, 6)",0,1,exact_replay_715_45760_tokens,T4_batch_128,7.913642883300781,8.098998069763184,0.002094525843858719,0.0020940303802490234,4.954636096954346e-07,0.00023660765114425595,1,0,0.001902035204693675,0.014060803689062595,0.003747784998267889,0.027908705174922943,0.0018484347965568304,0.013862279243767262,0.0037504700012505054,0.027923082932829857,-2.259016275405884,-2.2569222450256348
theta3,T4,batch2_128_255,1,6,"(1, 6)",0,2,exact_replay_715_45760_tokens,T4_batch_128,7.724209785461426,7.961038112640381,0.001779360813088715,0.0017790794372558594,2.8137583285570145e-07,0.00015815810523318145,1,0,0.003747784998267889,0.027908705174922943,0.0055442494340240955,0.041580889374017715,0.0018041577422991395,0.013707099482417107,0.005554627743549645,0.041630182415246964,-2.0939760208129883,-2.0921969413757324
theta3,T4,batch2_128_255,1,6,"(1, 6)",0,3,exact_replay_715_45760_tokens,T4_batch_128,7.540595531463623,7.833065986633301,0.001517805620096624,0.0015175342559814453,2.7136411517858505e-07,0.00017881910349567948,1,0,0.0055442494340240955,0.041580889374017715,0.007295367773622274,0.05512407049536705,0.0017661851597949862,0.013613423332571983,0.007320812903344631,0.05524360574781895,-1.9380306005477905,-1.936513066291809
theta3,T4,batch2_128_255,1,6,"(1, 6)",0,4,exact_replay_715_45760_tokens,T4_batch_128,7.356179714202881,7.71475076675415,0.0012750400928780437,0.001274704933166504,3.3515971153974533e-07,0.00026293121083886654,1,0,0.007295367773622274,0.05512407049536705,0.008999506011605263,0.06843814253807068,0.0017304603243246675,0.013425996527075768,0.009051273227669299,0.06866960227489471,-1.7899861335754395,-1.788711428642273
theta3,T4,batch2_128_255,1,6,"(1, 6)",0,5,exact_replay_715_45760_tokens,T4_batch_128,7.1762824058532715,7.599699020385742,0.001070096855983138,0.0010699033737182617,1.9348226487636566e-07,0.0001808408774373259,1,0,0.008999506011605263,0.06843814253807068,0.010661056265234947,0.08148414641618729,0.0017012249445542693,0.013208786025643349,0.010752498172223568,0.08187838830053806,-1.6438606977462769,-1.6427907943725586
theta3,T4,batch2_128_255,1,6,"(1, 6)",0,6,exact_replay_715_45760_tokens,T4_batch_128,6.9998602867126465,7.516790390014648,0.0008925822912715375,0.0008925199508666992,6.234040483832359e-08,6.984763172832911e-05,1,0,0.010661056265234947,0.08148414641618729,0.012285646051168442,0.09424465149641037,0.001680677873082459,0.012986453250050545,0.012433176045306027,0.09486484155058861,-1.50965416431427,-1.5087616443634033
theta3,T4,batch2_128_255,1,6,"(1, 6)",0,7,exact_replay_715_45760_tokens,T4_batch_128,6.825029373168945,7.439476490020752,0.000751508167013526,0.000751495361328125,1.280568540096283e-08,1.7040272049492386e-05,1,0,0.012285646051168442,0.09424465149641037,0.013874958269298077,0.10671690851449966,0.0016644203569740057,0.012766257859766483,0.014097596402280033,0.10763109941035509,-1.3943653106689453,-1.3936138153076172
theta3,T4,batch2_128_255,1,6,"(1, 6)",0,8,exact_replay_715_45760_tokens,T4_batch_128,6.6668548583984375,7.370843887329102,0.0006415309617295861,0.0006414651870727539,6.577465683221817e-08,0.00010253815508269838,1,0,0.013874958269298077,0.10671690851449966,0.015437748283147812,0.11892266571521759,0.001656599109992385,0.012559398077428341,0.015754195512272418,0.12019049748778343,-1.2894814014434814,-1.2888399362564087
theta3,T4,batch2_128_255,1,6,"(1, 6)",0,9,exact_replay_715_45760_tokens,T4_batch_128,6.509158134460449,7.309729099273682,0.0005473822820931673,0.0005474090576171875,2.6775524020195007e-08,4.8913191419860625e-05,1,0,0.015437748283147812,0.11892266571521759,0.016973748803138733,0.1307571530342102,0.0016524733509868383,0.012261224910616875,0.017406668863259256,0.1324517223984003,-1.202575445175171,-1.2020280361175537
theta3,T4,batch2_128_255,1,6,"(1, 6)",0,10,exact_replay_715_45760_tokens,T4_batch_128,6.36289119720459,7.251030921936035,0.0004662793653551489,0.00046622753143310547,5.1833922043442726e-08,0.00011117730839299412,1,0,0.016973748803138733,0.1307571530342102,0.01849047839641571,0.14223229885101318,0.0016541867516934872,0.011976086534559727,0.019060855614952743,0.14442780893296003,-1.1253358125686646,-1.1248695850372314
theta3,T4,batch2_128_255,1,6,"(1, 6)",0,11,exact_replay_715_45760_tokens,T4_batch_128,6.219525337219238,7.210241317749023,0.00040681936661712825,0.0004068613052368164,4.193861968815327e-08,0.00010307841799736302,1,0,0.01849047839641571,0.14223229885101318,0.01999525912106037,0.15331605076789856,0.0016618017107248306,0.01165177021175623,0.020722657325677574,0.15607957914471626,-1.067737102508545,-1.067330241203308
theta3,T4,batch2_128_255,1,6,"(1, 6)",0,12,exact_replay_715_45760_tokens,T4_batch_128,6.083009719848633,7.1686601638793945,0.0003558283788152039,0.00035583972930908203,1.1350493878126144e-08,3.1897770100502515e-05,1,0,0.01999525912106037,0.15331605076789856,0.021493131294846535,0.16404177248477936,0.001674823579378426,0.011364256031811237,0.022397480905056,0.1674438351765275,-1.0130869150161743,-1.0127310752868652
theta3,T4,batch2_128_255,1,6,"(1, 6)",0,13,exact_replay_715_45760_tokens,T4_batch_128,5.949808120727539,7.1330108642578125,0.00031404709443449974,0.0003139972686767578,4.98257577419281e-08,0.00015868213743356114,1,0,0.021493131294846535,0.16404177248477936,0.022987229749560356,0.1744576245546341,0.0016897645546123385,0.011120252311229706,0.02408724545966834,0.1785640874877572,-0.9666156768798828,-0.966301679611206
theta3,T4,batch2_128_255,1,6,"(1, 6)",0,14,exact_replay_715_45760_tokens,T4_batch_128,5.822474002838135,7.110203742980957,0.0002802348753903061,0.00028020143508911133,3.3440301194787025e-08,0.00011934378988513083,1,0,0.022987229749560356,0.1744576245546341,0.024483641609549522,0.184632807970047,0.001710756914690137,0.010964220389723778,0.025798002374358475,0.18952830787748098,-0.924139142036438,-0.9238589406013489
theta3,T4,batch2_128_255,1,6,"(1, 6)",0,15,exact_replay_715_45760_tokens,T4_batch_128,5.699471473693848,7.0968708992004395,0.00025184074183925986,0.00025177001953125,7.07223080098629e-08,0.00028090043501420456,1,0,0.024483641609549522,0.184632807970047,0.02598472125828266,0.19471599161624908,0.0017311627743765712,0.010940304957330227,0.027529165148735046,0.2004686128348112,-0.886694073677063,-0.8864423036575317
theta3,T4,batch2_128_255,1,6,"(1, 6)",0,16,exact_replay_715_45760_tokens,T4_batch_128,5.583481788635254,7.076011657714844,0.00023355970915872604,0.00023353099822998047,2.87109287455678e-08,0.0001229426883933129,1,0,0.02598472125828266,0.19471599161624908,0.027492975816130638,0.20470786094665527,0.0017507494194433093,0.010892283171415329,0.029279914568178356,0.21136089600622654,-0.8542214632034302,-0.8539879322052002
theta3,T4,batch2_128_255,1,6,"(1, 6)",0,17,exact_replay_715_45760_tokens,T4_batch_128,5.464443206787109,7.071304798126221,0.00020359057816676795,0.0002034902572631836,1.0032090358436108e-07,0.0004930010160369069,1,0,0.027492975816130638,0.20470786094665527,0.029006151482462883,0.21454192698001862,0.0017714996356517076,0.01079308707267046,0.031051414203830063,0.222153983078897,-0.8260058164596558,-0.8258023262023926
theta3,T4,batch2_128_255,1,6,"(1, 6)",0,18,exact_replay_715_45760_tokens,T4_batch_128,5.3473711013793945,7.070988655090332,0.00018344310228712857,0.00018346309661865234,1.9994331523776054e-08,0.00010898285209551656,1,0,0.029006151482462883,0.21454192698001862,0.0305262953042984,0.2242405265569687,0.0017893543699756265,0.010700800456106663,0.03284076857380569,0.23285478353500366,-0.8022883534431458,-0.8021048903465271
theta3,T4,batch2_128_255,1,6,"(1, 6)",0,19,exact_replay_715_45760_tokens,T4_batch_128,5.226811408996582,7.0714287757873535,0.00016188179142773151,0.00016188621520996094,4.423782229423523e-09,2.73264911634757e-05,1,0,0.0305262953042984,0.2242405265569687,0.032050721347332,0.23384153842926025,0.0018018457340076566,0.010637526400387287,0.034642614307813346,0.24349230993539095,-0.7779486179351807,-0.7777867317199707
theta3,T4,batch2_128_255,1,6,"(1, 6)",0,20,exact_replay_715_45760_tokens,T4_batch_128,5.115290641784668,7.0715203285217285,0.00013524465612135828,0.00013524293899536133,1.7171259969472885e-09,1.2696603680035258e-05,1,0,0.032050721347332,0.23384153842926025,0.03358091413974762,0.24322816729545593,0.001817270996980369,0.010464183054864407,0.036459885304793715,0.25395649299025536,-0.7596787214279175,-0.7595434784889221
theta3,T4,batch2_128_255,1,6,"(1, 6)",0,21,exact_replay_715_45760_tokens,T4_batch_128,5.00493049621582,7.067539691925049,0.00011658442963380367,0.00011652708053588867,5.734909791499376e-08,0.000492152533567775,1,0,0.03358091413974762,0.24322816729545593,0.03511454164981842,0.25241929292678833,0.0018262944649904966,0.010302141308784485,0.03828617976978421,0.26425863429903984,-0.7504322528839111,-0.7503157258033752
theta3,T4,batch2_128_255,1,6,"(1, 6)",0,22,exact_replay_715_45760_tokens,T4_batch_128,4.895852088928223,7.066544532775879,9.664584649726748e-05,9.66787338256836e-05,3.2887328416109085e-08,0.00034017127774352653,1,0,0.03511454164981842,0.25241929292678833,0.03665025532245636,0.26144418120384216,0.001831734785810113,0.010151967406272888,0.040117914555594325,0.27441060170531273,-0.742352306842804,-0.7422556281089783
theta3,T4,batch2_128_255,1,6,"(1, 6)",0,23,exact_replay_715_45760_tokens,T4_batch_128,4.791336536407471,7.075538635253906,7.117940549505875e-05,7.104873657226562e-05,1.3066892279312015e-07,0.0018391449179425336,1,0,0.03665025532245636,0.26144418120384216,0.03818366676568985,0.27026864886283875,0.00183543108869344,0.009974571876227856,0.041953345644287765,0.2843851735815406,-0.7383149862289429,-0.7382439374923706
theta3,T4,batch2_128_255,1,6,"(1, 6)",0,24,exact_replay_715_45760_tokens,T4_batch_128,4.689389228820801,7.09699821472168,5.0696027756202966e-05,5.066394805908203e-05,3.2079697120934725e-08,0.0006331858915441177,1,0,0.03818366676568985,0.27026864886283875,0.03971549868583679,0.2789630591869354,0.001833364018239081,0.009845518507063389,0.043786709662526846,0.294230692088604,-0.7325253486633301,-0.732474684715271
theta3,T4,batch2_128_255,1,6,"(1, 6)",0,25,exact_replay_715_45760_tokens,T4_batch_128,4.592564582824707,7.112942695617676,2.6858950150199234e-05,2.682209014892578e-05,3.6860001273453236e-08,0.0013742404513888888,1,0,0.03971549868583679,0.2789630591869354,0.041243329644203186,0.28752806782722473,0.001830533379688859,0.009709946811199188,0.045617243042215705,0.30394063889980316,-0.7295000553131104,-0.7294732332229614
theta3,T4,batch2_128_255,1,6,"(1, 6)",0,26,exact_replay_715_45760_tokens,T4_batch_128,4.498836517333984,7.135390758514404,2.1260118955979124e-05,2.1219253540039062e-05,4.086541594006121e-08,0.0019258649161692416,1,0,0.041243329644203186,0.28752806782722473,0.04276653006672859,0.29593682289123535,0.0018215926829725504,0.009540300816297531,0.047438835725188255,0.3134809397161007,-0.7279490232467651,-0.7279278039932251
theta3,T4,batch2_128_255,1,6,"(1, 6)",0,27,exact_replay_715_45760_tokens,T4_batch_128,4.406522750854492,7.146073818206787,9.271485396311618e-06,9.238719940185547e-06,3.276545612607151e-08,0.003546536353326613,1,0,0.04276653006672859,0.29593682289123535,0.04428037256002426,0.3042021691799164,0.0018082860624417663,0.009379526600241661,0.04924712178763002,0.32286046631634235,-0.7261442542076111,-0.7261350154876709
theta3,T4,batch2_128_255,1,6,"(1, 6)",0,28,exact_replay_715_45760_tokens,T4_batch_128,4.317322254180908,7.150990962982178,-1.1066073057008907e-05,-1.1146068572998047e-05,7.999551598913968e-08,0.007177016314338236,0,1,0.04428037256002426,0.3042021691799164,0.04578044265508652,0.3122996985912323,0.0017895211931318045,0.009202172048389912,0.051036642980761826,0.33206263836473227,-0.7268624901771545,-0.7268736362457275
theta3,T4,batch2_128_255,1,6,"(1, 6)",0,29,exact_replay_715_45760_tokens,T4_batch_128,4.231223106384277,7.161198139190674,-3.181640931870788e-05,-3.1888484954833984e-05,7.207563612610102e-08,0.0022602402161214954,0,1,0.04578044265508652,0.3122996985912323,0.04726474732160568,0.3201731741428375,0.0017675366252660751,0.008957167156040668,0.0528041796060279,0.34101980552077293,-0.7290681600570679,-0.7291000485420227
theta3,T4,batch2_128_255,1,6,"(1, 6)",0,30,exact_replay_715_45760_tokens,T4_batch_128,4.1477861404418945,7.172409534454346,-5.3647578170057386e-05,-5.3763389587402344e-05,1.1581141734495759e-07,0.0021540944169207315,0,1,0.04726474732160568,0.3201731741428375,0.0487285777926445,0.3278598487377167,0.0017408604035153985,0.008752858266234398,0.0545450400095433,0.34977266378700733,-0.7322238087654114,-0.7322775721549988
theta3,T4,batch2_128_255,1,6,"(1, 6)",0,31,exact_replay_715_45760_tokens,T4_batch_128,4.071218967437744,7.183170318603516,-7.241802086355165e-05,-7.253885269165039e-05,1.2083182809874415e-07,0.0016657532289954806,0,1,0.0487285777926445,0.3278598487377167,0.05017191544175148,0.33532434701919556,0.0017132421489804983,0.008514589630067348,0.0562582821585238,0.3582872534170747,-0.7300464510917664,-0.730118989944458
theta3,T4,batch2_128_255,1,6,"(1, 6)",0,32,exact_replay_715_45760_tokens,T4_batch_128,3.9979429244995117,7.203148365020752,-9.648884588386863e-05,-9.66191291809082e-05,1.3028329703956842e-07,0.0013484213544879705,0,1,0.05017191544175148,0.33532434701919556,0.05159192159771919,0.3425745964050293,0.0016831400571390986,0.008283614180982113,0.0579414222156629,0.3665708675980568,-0.7326706647872925,-0.7327672839164734
theta3,T4,batch2_128_255,1,6,"(1, 6)",0,33,exact_replay_715_45760_tokens,T4_batch_128,3.9327588081359863,7.209866523742676,-0.00011967457976425067,-0.00011980533599853516,1.3075623428449035e-07,0.00109140576414801,0,1,0.05159192159771919,0.3425745964050293,0.05299096554517746,0.3496364951133728,0.0016552656888961792,0.008080391213297844,0.059596687904559076,0.37465125881135464,-0.7376245260238647,-0.7377443313598633
theta3,T4,batch2_128_255,1,6,"(1, 6)",0,34,exact_replay_715_45760_tokens,T4_batch_128,3.8666629791259766,7.221712589263916,-0.0001388263626722619,-0.00013881921768188477,7.144990377128124e-09,5.146974962430227e-05,0,1,0.05299096554517746,0.3496364951133728,0.0543636716902256,0.35647860169410706,0.0016213831258937716,0.007843954488635063,0.06121807103045285,0.3824952132999897,-0.7397708296775818,-0.7399096488952637
theta3,T4,batch2_128_255,1,6,"(1, 6)",0,35,exact_replay_715_45760_tokens,T4_batch_128,3.8038272857666016,7.234251976013184,-0.00015142651682253927,-0.0001513957977294922,3.0719093047082424e-08,0.0002029058501476378,0,1,0.0543636716902256,0.35647860169410706,0.05570921301841736,0.3631206154823303,0.0015863812295719981,0.007620677351951599,0.06280445226002485,0.3901158906519413,-0.7406160235404968,-0.7407674193382263
theta3,T4,batch2_128_255,1,6,"(1, 6)",0,36,exact_replay_715_45760_tokens,T4_batch_128,3.7463293075561523,7.248413562774658,-0.00016336356929969043,-0.0001633763313293457,1.2762029655277729e-08,7.811431161072601e-05,0,1,0.05570921301841736,0.3631206154823303,0.05702796205878258,0.36955392360687256,0.0015528841177001595,0.007395651191473007,0.064357336377725,0.3975115418434143,-0.7429932355880737,-0.7431566119194031
theta3,T4,batch2_128_255,1,6,"(1, 6)",0,37,exact_replay_715_45760_tokens,T4_batch_128,3.6926794052124023,7.264606952667236,-0.00017645540356170386,-0.00017648935317993164,3.3949618227779865e-08,0.00019236071534110098,0,1,0.05702796205878258,0.36955392360687256,0.058319322764873505,0.37579163908958435,0.0015178096946328878,0.007181303575634956,0.06587514607235789,0.40469284541904926,-0.7479921579360962,-0.7481686472892761
theta3,T4,batch2_128_255,1,6,"(1, 6)",0,38,exact_replay_715_45760_tokens,T4_batch_128,3.6414713859558105,7.287611484527588,-0.00019083912775386125,-0.00019091367721557617,7.454946171492338e-08,0.00039048779952388386,0,1,0.058319322764873505,0.37579163908958435,0.05958184972405434,0.3818257749080658,0.0014815960312262177,0.006959836930036545,0.06735674210358411,0.4116526823490858,-0.752364456653595,-0.7525553703308105
theta3,T4,batch2_128_255,1,6,"(1, 6)",0,39,exact_replay_715_45760_tokens,T4_batch_128,3.5924134254455566,7.311165809631348,-0.00020724213391076773,-0.0002072453498840332,3.2159732654690742e-09,1.5517710130859936e-05,0,1,0.05958184972405434,0.3818257749080658,0.060814499855041504,0.38765770196914673,0.0014445496490225196,0.00673781568184495,0.06880129175260663,0.41839049803093076,-0.7558189034461975,-0.7560261487960815
theta3,T4,batch2_128_255,1,7,"(1, 7)",1,0,exact_replay_715_45760_tokens,T4_batch_128,8.024566650390625,8.241799354553223,0.0014991674106568098,0.0014990568161010742,1.1059455573558807e-07,7.377609343936381e-05,1,0,0.0,0.0,0.001893729087896645,0.014379526488482952,0.001893729087896645,0.014379526488482952,0.001893729087896645,0.014379526488482952,-1.8053195476531982,-1.8038204908370972
theta3,T4,batch2_128_255,1,7,"(1, 7)",1,1,exact_replay_715_45760_tokens,T4_batch_128,7.821389675140381,8.093700408935547,0.001299691735766828,0.0012996196746826172,7.206108421087265e-08,5.544782494037791e-05,1,0,0.001893729087896645,0.014379526488482952,0.003738313913345337,0.02843991108238697,0.0018474054522812366,0.0140752624720335,0.0037411345401778817,0.028454788960516453,-1.7029730081558228,-1.7016733884811401
theta3,T4,batch2_128_255,1,7,"(1, 7)",1,2,exact_replay_715_45760_tokens,T4_batch_128,7.6271162033081055,7.952565670013428,0.0011326384264975786,0.0011326074600219727,3.096647560596466e-08,2.7340872013472267e-05,1,0,0.003738313913345337,0.02843991108238697,0.005536846350878477,0.04220147430896759,0.0018065484473481774,0.013797437772154808,0.005547682987526059,0.04225222673267126,-1.6147241592407227,-1.6135915517807007
theta3,T4,batch2_128_255,1,7,"(1, 7)",1,3,exact_replay_715_45760_tokens,T4_batch_128,7.448711395263672,7.829977989196777,0.0010021307971328497,0.0010019540786743164,1.7671845853328705e-07,0.00017637381023200477,1,0,0.005536846350878477,0.04220147430896759,0.0072990646585822105,0.05580770969390869,0.001777294441126287,0.013685639016330242,0.007324977428652346,0.0559378657490015,-1.5353078842163086,-1.5343059301376343
theta3,T4,batch2_128_255,1,7,"(1, 7)",1,4,exact_replay_715_45760_tokens,T4_batch_128,7.262163162231445,7.7121453285217285,0.0008705236832611263,0.0008704662322998047,5.745096132159233e-08,6.600021826211997e-05,1,0,0.0072990646585822105,0.05580770969390869,0.009019586257636547,0.06914731860160828,0.001746268244460225,0.013455113396048546,0.009071245673112571,0.06939297914505005,-1.449232578277588,-1.448362112045288
theta3,T4,batch2_128_255,1,7,"(1, 7)",1,5,exact_replay_715_45760_tokens,T4_batch_128,7.090169906616211,7.620107173919678,0.0007593528716824949,0.0007593631744384766,1.0302755981683731e-08,1.3567626569858713e-05,1,0,0.009019586257636547,0.06914731860160828,0.010708697140216827,0.0821985974907875,0.0017267403891310096,0.013204503804445267,0.01079798606224358,0.08259748294949532,-1.3625150918960571,-1.3617557287216187
theta3,T4,batch2_128_255,1,7,"(1, 7)",1,6,exact_replay_715_45760_tokens,T4_batch_128,6.917971611022949,7.53792667388916,0.0006634261808358133,0.0006635189056396484,9.272480383515358e-08,0.00013974704118756737,1,0,0.010708697140216827,0.0821985974907875,0.012371988035738468,0.09502534568309784,0.0017148678889498115,0.013040611520409584,0.012512853951193392,0.0956380944699049,-1.2866363525390625,-1.2859728336334229
theta3,T4,batch2_128_255,1,7,"(1, 7)",1,7,exact_replay_715_45760_tokens,T4_batch_128,6.754411220550537,7.458377838134766,0.0005812043673358858,0.0005810260772705078,1.7829006537795067e-07,0.00030685380975584733,1,0,0.012371988035738468,0.09502534568309784,0.014009945094585419,0.10752910375595093,0.0017044731648638844,0.012781158089637756,0.014217327116057277,0.10841925255954266,-1.216862678527832,-1.2162816524505615
theta3,T4,batch2_128_255,1,7,"(1, 7)",1,8,exact_replay_715_45760_tokens,T4_batch_128,6.587863922119141,7.402514457702637,0.0005007631843909621,0.0005006790161132812,8.416827768087387e-08,0.00016810825892857144,1,0,0.014009945094585419,0.10752910375595093,0.01562422327697277,0.11960604041814804,0.0016988646239042282,0.012438799254596233,0.015916191739961505,0.12085805181413889,-1.150447130203247,-1.1499464511871338
theta3,T4,batch2_128_255,1,7,"(1, 7)",1,9,exact_replay_715_45760_tokens,T4_batch_128,6.434708595275879,7.364233493804932,0.0004274651873856783,0.0004273653030395508,9.988434612751007e-08,0.00023372123430962343,1,0,0.01562422327697277,0.11960604041814804,0.017220834270119667,0.1312071830034256,0.001699415617622435,0.012051465921103954,0.01761560735758394,0.13290951773524284,-1.0948734283447266,-1.094446063041687
theta3,T4,batch2_128_255,1,7,"(1, 7)",1,10,exact_replay_715_45760_tokens,T4_batch_128,6.28153133392334,7.332374572753906,0.00035401334753260016,0.0003540515899658203,3.8242433220148087e-08,0.00010801373106060606,1,0,0.017220834270119667,0.1312071830034256,0.0187995508313179,0.14234595000743866,0.0017015124903991818,0.011685698293149471,0.019317119847983122,0.14459521602839231,-1.0386087894439697,-1.038254737854004
theta3,T4,batch2_128_255,1,7,"(1, 7)",1,11,exact_replay_715_45760_tokens,T4_batch_128,6.133590221405029,7.309561729431152,0.0002958765544462949,0.00029581785202026367,5.870242603123188e-08,0.00019844112054201088,1,0,0.0187995508313179,0.14234595000743866,0.020369671285152435,0.15319466590881348,0.0017104489961639047,0.011500372551381588,0.021027568844147027,0.1560955885797739,-0.9873062372207642,-0.9870104193687439
theta3,T4,batch2_128_255,1,7,"(1, 7)",1,12,exact_replay_715_45760_tokens,T4_batch_128,5.999372482299805,7.2897868156433105,0.0002444351266603917,0.00024443864822387695,3.521563485264778e-09,1.440673768593026e-05,1,0,0.020369671285152435,0.15319466590881348,0.021935533732175827,0.16367849707603455,0.0017224453622475266,0.011206603609025478,0.022750014206394553,0.16730219218879938,-0.943139910697937,-0.9428954720497131
theta3,T4,batch2_128_255,1,7,"(1, 7)",1,13,exact_replay_715_45760_tokens,T4_batch_128,5.874447822570801,7.26692533493042,0.00020353044965304434,0.0002034902572631836,4.0192389860749245e-08,0.00019751505748388988,1,0,0.021935533732175827,0.16367849707603455,0.02350538969039917,0.17391568422317505,0.0017393329180777073,0.011033679358661175,0.02448934712447226,0.17833587154746056,-0.9033594131469727,-0.9031559228897095
theta3,T4,batch2_128_255,1,7,"(1, 7)",1,14,exact_replay_715_45760_tokens,T4_batch_128,5.750153064727783,7.2630462646484375,0.00016145428526215255,0.0001614093780517578,4.4907210394740105e-08,0.00027821933853397344,1,0,0.02350538969039917,0.17391568422317505,0.02508004941046238,0.1839589625597,0.0017571545904502273,0.010929052717983723,0.026246501714922488,0.18926492426544428,-0.8660008907318115,-0.8658394813537598
theta3,T4,batch2_128_255,1,7,"(1, 7)",1,15,exact_replay_715_45760_tokens,T4_batch_128,5.630605697631836,7.25449800491333,0.0001229502959176898,0.00012302398681640625,7.369089871644974e-08,0.0005989961845930232,1,0,0.02508004941046238,0.1839589625597,0.02666051685810089,0.19377100467681885,0.0017745796358212829,0.010774989612400532,0.02802108135074377,0.2000399138778448,-0.8294870257377625,-0.829364001750946
theta3,T4,batch2_128_255,1,7,"(1, 7)",1,16,exact_replay_715_45760_tokens,T4_batch_128,5.510148048400879,7.257883548736572,8.839360816637054e-05,8.83340835571289e-05,5.952460924163461e-08,0.0006738577777074899,1,0,0.02666051685810089,0.19377100467681885,0.028245192021131516,0.20335032045841217,0.0017895090859383345,0.010612815618515015,0.029810590436682105,0.21065272949635983,-0.8013976812362671,-0.80130934715271
theta3,T4,batch2_128_255,1,7,"(1, 7)",1,17,exact_replay_715_45760_tokens,T4_batch_128,5.393972873687744,7.2678399085998535,5.86866881349124e-05,5.8770179748535156e-05,8.349161362275481e-08,0.0014206458782327585,1,0,0.028245192021131516,0.20335032045841217,0.029836326837539673,0.21275635063648224,0.0018037224654108286,0.010489012114703655,0.031614312902092934,0.22114174161106348,-0.778113603591919,-0.7780548334121704
theta3,T4,batch2_128_255,1,7,"(1, 7)",1,18,exact_replay_715_45760_tokens,T4_batch_128,5.27667236328125,7.28942346572876,3.494763222988695e-05,3.4809112548828125e-05,1.3851968105882406e-07,0.0039794085776969175,1,0,0.029836326837539673,0.21275635063648224,0.03143124282360077,0.2219996303319931,0.0018125626957044005,0.010354135185480118,0.033426875597797334,0.2314958767965436,-0.7547447681427002,-0.7547099590301514
theta3,T4,batch2_128_255,1,7,"(1, 7)",1,19,exact_replay_715_45760_tokens,T4_batch_128,5.167646408081055,7.299001216888428,1.1940298463741783e-05,1.1920928955078125e-05,1.9369508663658053e-08,0.0016248321533203125,1,0,0.03143124282360077,0.2219996303319931,0.033032048493623734,0.23119652271270752,0.001822172082029283,0.010322297923266888,0.03524904767982662,0.24181817471981049,-0.7342345714569092,-0.7342226505279541
theta3,T4,batch2_128_255,1,7,"(1, 7)",1,20,exact_replay_715_45760_tokens,T4_batch_128,5.056392669677734,7.3232808113098145,-4.517248726187972e-06,-4.5299530029296875e-06,1.2704276741715148e-08,0.0028045051976254114,0,1,0.033032048493623734,0.23119652271270752,0.03463677316904068,0.24035494029521942,0.0018283859826624393,0.01028368342667818,0.03707743366248906,0.25210185814648867,-0.7108327150344849,-0.7108372449874878
theta3,T4,batch2_128_255,1,7,"(1, 7)",1,21,exact_replay_715_45760_tokens,T4_batch_128,4.943504333496094,7.3458356857299805,-2.7530573788681068e-05,-2.753734588623047e-05,6.772097549401224e-09,0.000245924119825487,0,1,0.03463677316904068,0.24035494029521942,0.03624207153916359,0.24944904446601868,0.0018329172162339091,0.010243293829262257,0.038910350878722966,0.2623451519757509,-0.6969316005706787,-0.6969591379165649
theta3,T4,batch2_128_255,1,7,"(1, 7)",1,22,exact_replay_715_45760_tokens,T4_batch_128,4.834205150604248,7.375763893127441,-5.230036549619399e-05,-5.233287811279297e-05,3.251261659897864e-08,0.0006212655938567768,0,1,0.03624207153916359,0.24944904446601868,0.03784329444169998,0.25840142369270325,0.0018315345514565706,0.010105005465447903,0.040741885430179536,0.2724501574411988,-0.6816797852516174,-0.6817321181297302
theta3,T4,batch2_128_255,1,7,"(1, 7)",1,23,exact_replay_715_45760_tokens,T4_batch_128,4.734045028686523,7.3964362144470215,-7.315472612390295e-05,-7.319450378417969e-05,3.977766027674079e-08,0.0005434514645256515,0,1,0.03784329444169998,0.25840142369270325,0.03943876177072525,0.26725468039512634,0.001826750347390771,0.009994804859161377,0.04256863577757031,0.2824449623003602,-0.6706411838531494,-0.6707143783569336
theta3,T4,batch2_128_255,1,7,"(1, 7)",1,24,exact_replay_715_45760_tokens,T4_batch_128,4.632059574127197,7.4193034172058105,-8.86523412191309e-05,-8.863210678100586e-05,2.0234438125044107e-08,0.0002282969327925353,0,1,0.03943876177072525,0.26725468039512634,0.041023410856723785,0.2759701609611511,0.0018152445554733276,0.009840005077421665,0.044383880333043635,0.29228496737778187,-0.6561436653137207,-0.6562322974205017
theta3,T4,batch2_128_255,1,7,"(1, 7)",1,25,exact_replay_715_45760_tokens,T4_batch_128,4.5330729484558105,7.452517032623291,-0.00010577411740086973,-0.00010585784912109375,8.373172022402287e-08,0.0007909826330236487,0,1,0.041023410856723785,0.2759701609611511,0.042593542486429214,0.2845132052898407,0.0018000800628215075,0.00965147465467453,0.04618396039586514,0.3019364420324564,-0.6448680758476257,-0.6449739336967468
theta3,T4,batch2_128_255,1,7,"(1, 7)",1,26,exact_replay_715_45760_tokens,T4_batch_128,4.43912410736084,7.482145309448242,-0.00012270805018488318,-0.0001227259635925293,1.7913407646119595e-08,0.00014596265632588635,0,1,0.042593542486429214,0.2845132052898407,0.04414619505405426,0.29284486174583435,0.0017804858507588506,0.009423083625733852,0.04796444624662399,0.31135952565819025,-0.6330578327178955,-0.633180558681488
theta3,T4,batch2_128_255,1,7,"(1, 7)",1,27,exact_replay_715_45760_tokens,T4_batch_128,4.348217010498047,7.505549907684326,-0.0001367125369142741,-0.0001367330551147461,2.051820047199726e-08,0.00015006027953356582,0,1,0.04414619505405426,0.29284486174583435,0.04567683860659599,0.3009309768676758,0.0017552138306200504,0.009156623855233192,0.04971966007724404,0.32051614951342344,-0.62224942445755,-0.6223861575126648
theta3,T4,batch2_128_255,1,7,"(1, 7)",1,28,exact_replay_715_45760_tokens,T4_batch_128,4.261901378631592,7.526861190795898,-0.0001550811721244827,-0.0001550912857055664,1.0113581083714962e-08,6.521050514027672e-05,0,1,0.04567683860659599,0.3009309768676758,0.04718320071697235,0.3087649643421173,0.0017281877808272839,0.008890661410987377,0.05144784785807133,0.3294068109244108,-0.6173647046089172,-0.6175197958946228
theta3,T4,batch2_128_255,1,7,"(1, 7)",1,29,exact_replay_715_45760_tokens,T4_batch_128,4.179935455322266,7.555941581726074,-0.00016896532906685024,-0.00016897916793823242,1.3838871382176876e-08,8.189690806878307e-05,0,1,0.04718320071697235,0.3087649643421173,0.04866380989551544,0.31637102365493774,0.0016974365571513772,0.008640763349831104,0.053145284415222704,0.3380475742742419,-0.6101216673851013,-0.6102906465530396
theta3,T4,batch2_128_255,1,7,"(1, 7)",1,30,exact_replay_715_45760_tokens,T4_batch_128,4.103252410888672,7.586868762969971,-0.00017748329264577478,-0.00017756223678588867,7.894414011389017e-08,0.00044459982901141323,0,1,0.04866380989551544,0.31637102365493774,0.05011776462197304,0.3237385153770447,0.0016665228176862001,0.008386889472603798,0.054811807232908905,0.3464344637468457,-0.6048867106437683,-0.6050642728805542
theta3,T4,batch2_128_255,1,7,"(1, 7)",1,31,exact_replay_715_45760_tokens,T4_batch_128,4.0310516357421875,7.620863437652588,-0.0001889329287223518,-0.00018900632858276367,7.33998604118824e-08,0.0003883460461999369,0,1,0.05011776462197304,0.3237385153770447,0.051543645560741425,0.33088091015815735,0.0016337758861482143,0.008145117200911045,0.05644558311905712,0.35457958094775677,-0.5992345809936523,-0.5994235873222351
theta3,T4,batch2_128_255,1,7,"(1, 7)",1,32,exact_replay_715_45760_tokens,T4_batch_128,3.9615015983581543,7.651387691497803,-0.0002019940729951486,-0.00020205974578857422,6.56727934256196e-08,0.00032501670814896755,0,1,0.051543645560741425,0.33088091015815735,0.052940838038921356,0.33781006932258606,0.0016003190539777279,0.007917642593383789,0.05804590217303485,0.36249722354114056,-0.5965745449066162,-0.5967766046524048
theta3,T4,batch2_128_255,1,7,"(1, 7)",1,33,exact_replay_715_45760_tokens,T4_batch_128,3.8975439071655273,7.68272066116333,-0.0002186888305004686,-0.0002187490463256836,6.021582521498203e-08,0.0002752735439373297,0,1,0.052940838038921356,0.33781006932258606,0.05430915206670761,0.34454217553138733,0.0015671318396925926,0.007705190684646368,0.05961303401272744,0.3702024142257869,-0.595448911190033,-0.5956676602363586
theta3,T4,batch2_128_255,1,7,"(1, 7)",1,34,exact_replay_715_45760_tokens,T4_batch_128,3.8363094329833984,7.713320732116699,-0.00023043385590426624,-0.00023043155670166016,2.2992026060819626e-09,9.977811368339368e-06,0,1,0.05430915206670761,0.34454217553138733,0.055647656321525574,0.3510558009147644,0.0015321626560762525,0.0074754501692950726,0.06114519666880369,0.377677864395082,-0.595022976398468,-0.5952534079551697
theta3,T4,batch2_128_255,1,7,"(1, 7)",1,35,exact_replay_715_45760_tokens,T4_batch_128,3.7814602851867676,7.740262985229492,-0.00024151193792931736,-0.0002415776252746582,6.568734534084797e-08,0.000271909889279546,0,1,0.055647656321525574,0.3510558009147644,0.056957636028528214,0.3573838174343109,0.0014981806743890047,0.007271305192261934,0.0626433773431927,0.38494916958734393,-0.5965644717216492,-0.5968060493469238
theta3,T4,batch2_128_255,1,7,"(1, 7)",1,36,exact_replay_715_45760_tokens,T4_batch_128,3.7281835079193115,7.76746940612793,-0.00025146763073280454,-0.00025141239166259766,5.523907020688057e-08,0.0002197149863679469,0,1,0.056957636028528214,0.3573838174343109,0.058238375931978226,0.3635273575782776,0.0014639284927397966,0.0070689828135073185,0.0641073058359325,0.39201815240085125,-0.6002342700958252,-0.6004856824874878
theta3,T4,batch2_128_255,1,7,"(1, 7)",1,37,exact_replay_715_45760_tokens,T4_batch_128,3.6787145137786865,7.7923994064331055,-0.00026147341122850776,-0.00026148557662963867,1.2165401130914688e-08,4.652417654433554e-05,0,1,0.058238375931978226,0.3635273575782776,0.05949099361896515,0.3694900870323181,0.0014307976234704256,0.006873699836432934,0.06553810345940292,0.3988918522372842,-0.6027538180351257,-0.6030153036117554
theta3,T4,batch2_128_255,1,7,"(1, 7)",1,38,exact_replay_715_45760_tokens,T4_batch_128,3.633436679840088,7.8163323402404785,-0.0002683739294297993,-0.0002684593200683594,8.539063856005669e-08,0.00031807664020870336,0,1,0.05949099361896515,0.3694900870323181,0.06071676313877106,0.3752967417240143,0.001398033811710775,0.006698431447148323,0.0669361372711137,0.4055902836844325,-0.6056432127952576,-0.6059116721153259
theta3,T4,batch2_128_255,1,7,"(1, 7)",1,39,exact_replay_715_45760_tokens,T4_batch_128,3.589242935180664,7.838078498840332,-0.00027781244716607034,-0.0002778172492980957,4.802132025361061e-09,1.72852191053422e-05,0,1,0.06071676313877106,0.3752967417240143,0.061913248151540756,0.3809342086315155,0.0013642518315464258,0.006515668239444494,0.06830038910266012,0.412105951923877,-0.6086874604225159,-0.608965277671814
theta3,T4,batch2_128_255,2,3,"(2, 3)",0,0,exact_replay_715_45760_tokens,T4_batch_128,8.679759979248047,8.241799354553223,0.0013420243049040437,0.0013418197631835938,2.0454172044992447e-07,0.00015243606187810945,1,0,0.0,0.0,0.001916250097565353,0.015170707367360592,0.001916250097565353,0.015170707367360592,0.001916250097565353,0.015170707367360592,-1.5343538522720337,-1.53301203250885
theta3,T4,batch2_128_255,2,3,"(2, 3)",0,1,exact_replay_715_45760_tokens,T4_batch_128,8.448214530944824,8.111515998840332,0.001241070800460875,0.0012409687042236328,1.0209623724222183e-07,8.227140369836696e-05,1,0,0.001916250097565353,0.015170707367360592,0.0038036389742046595,0.029984313994646072,0.0018900578143075109,0.014828511513769627,0.0038063079118728638,0.02999921888113022,-1.469301700592041,-1.4680607318878174
theta3,T4,batch2_128_255,2,3,"(2, 3)",0,2,exact_replay_715_45760_tokens,T4_batch_128,8.23393440246582,7.969326496124268,0.0011435061460360885,0.001143336296081543,1.698499545454979e-07,0.00014855642659785214,1,0,0.0038036389742046595,0.029984313994646072,0.005660373717546463,0.044379863888025284,0.0018642741488292813,0.01443362794816494,0.005670582060702145,0.04443284682929516,-1.3998006582260132,-1.3986573219299316
theta3,T4,batch2_128_255,2,3,"(2, 3)",0,3,exact_replay_715_45760_tokens,T4_batch_128,8.027979850769043,7.832147598266602,0.0010439513716846704,0.0010437965393066406,1.548323780298233e-07,0.0001483357840338054,1,0,0.005660373717546463,0.044379863888025284,0.0074846199713647366,0.058333612978458405,0.0018397815292701125,0.01404823362827301,0.007510363589972258,0.05848108045756817,-1.3309657573699951,-1.3299219608306885
theta3,T4,batch2_128_255,2,3,"(2, 3)",0,4,exact_replay_715_45760_tokens,T4_batch_128,7.834427833557129,7.712711811065674,0.0009555431315675378,0.0009553432464599609,1.9988510757684708e-07,0.0002092285765535313,1,0,0.0074846199713647366,0.058333612978458405,0.009275410324335098,0.07179220765829086,0.0018171314150094986,0.013607441447675228,0.009327495004981756,0.0720885219052434,-1.27720046043396,-1.2762451171875
theta3,T4,batch2_128_255,2,3,"(2, 3)",0,5,exact_replay_715_45760_tokens,T4_batch_128,7.651486396789551,7.602903366088867,0.0008795695030130446,0.0008792877197265625,2.817832864820957e-07,0.0003204676696380152,1,0,0.009275410324335098,0.07179220765829086,0.011040547862648964,0.0848516896367073,0.00180397043004632,0.013283460400998592,0.011131465435028076,0.08537198230624199,-1.227142333984375,-1.2262630462646484
theta3,T4,batch2_128_255,2,3,"(2, 3)",0,6,exact_replay_715_45760_tokens,T4_batch_128,7.473576545715332,7.499594211578369,0.0008113870862871408,0.0008113384246826172,4.866160452365875e-08,5.997695048486629e-05,1,0,0.011040547862648964,0.0848516896367073,0.012782012112438679,0.09744322299957275,0.0017948895692825317,0.012894499115645885,0.012926355004310608,0.09826648142188787,-1.1877931356430054,-1.1869817972183228
theta3,T4,batch2_128_255,2,3,"(2, 3)",0,7,exact_replay_715_45760_tokens,T4_batch_128,7.308809280395508,7.404629707336426,0.0007604279089719057,0.0007605552673339844,1.273583620786667e-07,0.00016745444749216302,1,0,0.012782012112438679,0.09744322299957275,0.014509296976029873,0.10960901528596878,0.0017959480173885822,0.012545167468488216,0.01472230302169919,0.11081164889037609,-1.1576428413391113,-1.1568822860717773
theta3,T4,batch2_128_255,2,3,"(2, 3)",0,8,exact_replay_715_45760_tokens,T4_batch_128,7.158653736114502,7.315068244934082,0.0007025000522844493,0.0007023811340332031,1.1891825124621391e-07,0.00016930729697046842,1,0,0.014509296976029873,0.10960901528596878,0.016222048550844193,0.12124377489089966,0.001798279001377523,0.012107418850064278,0.016520582023076713,0.12291906774044037,-1.1269803047180176,-1.1262779235839844
theta3,T4,batch2_128_255,2,3,"(2, 3)",0,9,exact_replay_715_45760_tokens,T4_batch_128,7.012883186340332,7.239957332611084,0.000666080683004111,0.0006660223007202148,5.838228389620781e-08,8.765815173617326e-05,1,0,0.016222048550844193,0.12124377489089966,0.017929663881659508,0.13247095048427582,0.0018066734774038196,0.011799268424510956,0.018327255500480533,0.13471833616495132,-1.0974782705307007,-1.0968122482299805
theta3,T4,batch2_128_255,2,3,"(2, 3)",0,10,exact_replay_715_45760_tokens,T4_batch_128,6.878425598144531,7.172416687011719,0.0006112270057201385,0.0006111860275268555,4.0978193283081055e-08,6.704700604642092e-05,1,0,0.017929663881659508,0.13247095048427582,0.019631817936897278,0.14322856068611145,0.0018185155931860209,0.01146107167005539,0.020145771093666553,0.1461794078350067,-1.0736738443374634,-1.0730626583099365
theta3,T4,batch2_128_255,2,3,"(2, 3)",0,11,exact_replay_715_45760_tokens,T4_batch_128,6.745466709136963,7.106705665588379,0.000559572537895292,0.0005595684051513672,4.132743924856186e-09,7.3855919791222835e-06,1,0,0.019631817936897278,0.14322856068611145,0.021333444863557816,0.153615802526474,0.001833526766858995,0.011233617551624775,0.02197929786052555,0.1574130253866315,-1.0459518432617188,-1.0453922748565674
theta3,T4,batch2_128_255,2,3,"(2, 3)",0,12,exact_replay_715_45760_tokens,T4_batch_128,6.621462345123291,7.049808502197266,0.0005108414334245026,0.0005108118057250977,2.962769940495491e-08,5.800120332555426e-05,1,0,0.021333444863557816,0.153615802526474,0.023038698360323906,0.16375304758548737,0.0018527028150856495,0.011095451191067696,0.023832000675611198,0.16850847657769918,-1.0232887268066406,-1.0227779150009155
theta3,T4,batch2_128_255,2,3,"(2, 3)",0,13,exact_replay_715_45760_tokens,T4_batch_128,6.491341590881348,7.007317066192627,0.00045961179421283305,0.0004595518112182617,5.998299457132816e-08,0.00013052498784046692,1,0,0.023038698360323906,0.16375304758548737,0.02474856749176979,0.17362722754478455,0.0018746154382824898,0.010993183590471745,0.025706616113893688,0.17950166016817093,-1.0051710605621338,-1.0047115087509155
theta3,T4,batch2_128_255,2,3,"(2, 3)",0,14,exact_replay_715_45760_tokens,T4_batch_128,6.372209548950195,6.965378284454346,0.00041341278119944036,0.000413358211517334,5.4569682106375694e-08,0.00013201547855082912,1,0,0.02474856749176979,0.17362722754478455,0.026469459757208824,0.18330737948417664,0.0019000610336661339,0.010913942009210587,0.02760667714755982,0.19041560217738152,-0.9931924343109131,-0.9927790760993958
theta3,T4,batch2_128_255,2,3,"(2, 3)",0,15,exact_replay_715_45760_tokens,T4_batch_128,6.25383186340332,6.929425239562988,0.00036815981729887426,0.0003681182861328125,4.1531166061758995e-08,0.00011282016576262953,1,0,0.026469459757208824,0.18330737948417664,0.028204219415783882,0.1927732527256012,0.0019288492621853948,0.010805564932525158,0.029535526409745216,0.20122116710990667,-0.982612133026123,-0.9822440147399902
theta3,T4,batch2_128_255,2,3,"(2, 3)",0,16,exact_replay_715_45760_tokens,T4_batch_128,6.136778354644775,6.906484127044678,0.0003258872893638909,0.00032591819763183594,3.090826794505119e-08,9.483443443672275e-05,1,0,0.028204219415783882,0.1927732527256012,0.02995431236922741,0.20203492045402527,0.001957880100235343,0.01068804506212473,0.03149340650998056,0.2119092121720314,-0.973355770111084,-0.9730298519134521
theta3,T4,batch2_128_255,2,3,"(2, 3)",0,17,exact_replay_715_45760_tokens,T4_batch_128,6.02384090423584,6.897270679473877,0.0002919039689004421,0.0002918243408203125,7.962808012962341e-08,0.00027286305147058824,1,0,0.02995431236922741,0.20203492045402527,0.031723227351903915,0.2111666351556778,0.0019861557520926,0.010595177300274372,0.03347956226207316,0.22250438947230577,-0.9703117609024048,-0.9700199365615845
theta3,T4,batch2_128_255,2,3,"(2, 3)",0,18,exact_replay_715_45760_tokens,T4_batch_128,5.914041519165039,6.89422082901001,0.0002537736436352134,0.0002537965774536133,2.293381839990616e-08,9.036299318929075e-05,1,0,0.031723227351903915,0.2111666351556778,0.03351195529103279,0.22021549940109253,0.002016596030443907,0.010556004010140896,0.035496158292517066,0.23306039348244667,-0.9725485444068909,-0.9722947478294373
theta3,T4,batch2_128_255,2,3,"(2, 3)",0,19,exact_replay_715_45760_tokens,T4_batch_128,5.804271221160889,6.889508247375488,0.0002396184572717175,0.0002396106719970703,7.785274647176266e-09,3.2491351834577116e-05,1,0,0.03351195529103279,0.22021549940109253,0.03532491251826286,0.22922483086585999,0.0020467997528612614,0.01047817338258028,0.03754295804537833,0.24353856686502695,-0.9863250255584717,-0.9860854148864746
theta3,T4,batch2_128_255,2,3,"(2, 3)",0,20,exact_replay_715_45760_tokens,T4_batch_128,5.696171283721924,6.88820743560791,0.00020640602451749146,0.00020629167556762695,1.1434894986450672e-07,0.0005543071456948858,1,0,0.03532491251826286,0.22922483086585999,0.03715785592794418,0.23818504810333252,0.0020749263931065798,0.010421845130622387,0.03961788443848491,0.25396041199564934,-0.9997105598449707,-0.9995042681694031
theta3,T4,batch2_128_255,2,3,"(2, 3)",0,21,exact_replay_715_45760_tokens,T4_batch_128,5.581937789916992,6.893405437469482,0.00015857603284530342,0.00015842914581298828,1.46887032315135e-07,0.0009271465269939805,1,0,0.03715785592794418,0.23818504810333252,0.039004627615213394,0.24692760407924652,0.0020994096994400024,0.010218411684036255,0.04171729413792491,0.2641788236796856,-1.019684076309204,-1.0195256471633911
theta3,T4,batch2_128_255,2,3,"(2, 3)",0,22,exact_replay_715_45760_tokens,T4_batch_128,5.478894233703613,6.9004106521606445,0.00012590605183504522,0.00012576580047607422,1.4025135897099972e-07,0.001115178835900474,1,0,0.039004627615213394,0.24692760407924652,0.040866125375032425,0.25556480884552,0.0021213272120803595,0.010107367299497128,0.04383862135000527,0.2742861909791827,-1.0411189794540405,-1.0409932136535645
theta3,T4,batch2_128_255,2,3,"(2, 3)",0,23,exact_replay_715_45760_tokens,T4_batch_128,5.377411842346191,6.907046318054199,9.983530617319047e-05,9.97781753540039e-05,5.713081918656826e-08,0.0005725783116786141,1,0,0.040866125375032425,0.25556480884552,0.042745545506477356,0.26411280035972595,0.002144481521099806,0.010002871043980122,0.045983102871105075,0.28428906202316284,-1.063251256942749,-1.063151478767395
theta3,T4,batch2_128_255,2,3,"(2, 3)",0,24,exact_replay_715_45760_tokens,T4_batch_128,5.279198169708252,6.928063869476318,5.635549678117968e-05,5.638599395751953e-05,3.049717633984983e-08,0.0005408643920124207,1,0,0.042745545506477356,0.26411280035972595,0.04464301839470863,0.27256304025650024,0.002169279148802161,0.009908527135848999,0.048152382019907236,0.29419758915901184,-1.0881239175796509,-1.0880675315856934
theta3,T4,batch2_128_255,2,3,"(2, 3)",0,25,exact_replay_715_45760_tokens,T4_batch_128,5.181346416473389,6.953601837158203,1.851480919867754e-05,1.8477439880371094e-05,3.7369318306446075e-08,0.002022429435483871,1,0,0.04464301839470863,0.27256304025650024,0.04655499383807182,0.2808859348297119,0.002188294194638729,0.00976899079978466,0.050340676214545965,0.3039665799587965,-1.119001030921936,-1.1189825534820557
theta3,T4,batch2_128_255,2,3,"(2, 3)",0,26,exact_replay_715_45760_tokens,T4_batch_128,5.0824079513549805,6.97820520401001,-3.056916830246337e-05,-3.063678741455078e-05,6.761911208741367e-08,0.002207121496534533,0,1,0.04655499383807182,0.2808859348297119,0.04847812280058861,0.2890724539756775,0.0022029986139386892,0.009668010286986828,0.052543674828484654,0.31363459024578333,-1.1530146598815918,-1.1530452966690063
theta3,T4,batch2_128_255,2,3,"(2, 3)",0,27,exact_replay_715_45760_tokens,T4_batch_128,4.988306045532227,6.999934673309326,-7.250082126120105e-05,-7.2479248046875e-05,2.1573214326053858e-08,0.00029764677348889803,0,1,0.04847812280058861,0.2890724539756775,0.050410374999046326,0.2971225082874298,0.002215316519141197,0.00954004842787981,0.05475899134762585,0.32317463867366314,-1.190738558769226,-1.190811038017273
theta3,T4,batch2_128_255,2,3,"(2, 3)",0,28,exact_replay_715_45760_tokens,T4_batch_128,4.897168159484863,7.024744510650635,-9.93162757367827e-05,-9.930133819580078e-05,1.4937540981918573e-08,0.00015042638149009605,0,1,0.050410374999046326,0.2971225082874298,0.05235347896814346,0.30505627393722534,0.002230292884632945,0.009431552141904831,0.0569892842322588,0.33260619081556797,-1.2258458137512207,-1.2259451150894165
theta3,T4,batch2_128_255,2,3,"(2, 3)",0,29,exact_replay_715_45760_tokens,T4_batch_128,4.808309078216553,7.057226181030273,-0.00012267412967048585,-0.0001227855682373047,1.1143856681883335e-07,0.0009075868476941748,0,1,0.05235347896814346,0.30505627393722534,0.05430428683757782,0.3129067122936249,0.002237740671262145,0.009333346970379353,0.05922702490352094,0.3419395377859473,-1.2730668783187866,-1.273189663887024
theta3,T4,batch2_128_255,2,3,"(2, 3)",0,30,exact_replay_715_45760_tokens,T4_batch_128,4.725114345550537,7.086108684539795,-0.00016363027680199593,-0.00016367435455322266,4.4077751226723194e-08,0.0002693015124271668,0,1,0.05430428683757782,0.3129067122936249,0.0562613271176815,0.3207380771636963,0.0022429616656154394,0.009302794001996517,0.06146998656913638,0.35124233178794384,-1.3214704990386963,-1.3216341733932495
theta3,T4,batch2_128_255,2,3,"(2, 3)",0,31,exact_replay_715_45760_tokens,T4_batch_128,4.635340213775635,7.108734130859375,-0.0001966244453797117,-0.00019681453704833984,1.9009166862815619e-07,0.0009658416064127802,0,1,0.0562613271176815,0.3207380771636963,0.058216825127601624,0.32843396067619324,0.002241803565993905,0.009153813123703003,0.06371179013513029,0.36039614491164684,-1.37543785572052,-1.3756346702575684
theta3,T4,batch2_128_255,2,3,"(2, 3)",0,32,exact_replay_715_45760_tokens,T4_batch_128,4.550548553466797,7.1399078369140625,-0.00025107740657404065,-0.0002511739730834961,9.656650945544243e-08,0.0003844606519933555,0,1,0.058216825127601624,0.32843396067619324,0.06016998365521431,0.33597156405448914,0.002239317400380969,0.008987290784716606,0.06595110753551126,0.36938343569636345,-1.4338793754577637,-1.4341305494308472
theta3,T4,batch2_128_255,2,3,"(2, 3)",0,33,exact_replay_715_45760_tokens,T4_batch_128,4.468540191650391,7.163687229156494,-0.00028891005786135793,-0.00028908252716064453,1.7246929928660393e-07,0.0005966092139175257,0,1,0.06016998365521431,0.33597156405448914,0.062115833163261414,0.3433694839477539,0.0022302058059722185,0.008831359446048737,0.06818131334148347,0.3782147951424122,-1.4947296380996704,-1.495018720626831
theta3,T4,batch2_128_255,2,3,"(2, 3)",0,34,exact_replay_715_45760_tokens,T4_batch_128,4.386734962463379,7.1826934814453125,-0.0003291031171102077,-0.0003292560577392578,1.529406290501356e-07,0.0004645036149076756,0,1,0.062115833163261414,0.3433694839477539,0.06405225396156311,0.3505580425262451,0.002219387097284198,0.008619018830358982,0.07040070043876767,0.38683381397277117,-1.562567114830017,-1.5628963708877563
theta3,T4,batch2_128_255,2,3,"(2, 3)",0,35,exact_replay_715_45760_tokens,T4_batch_128,4.313178062438965,7.209425449371338,-0.0003569446853362024,-0.00035703182220458984,8.713686838746071e-08,0.00024405910893155258,0,1,0.06405225396156311,0.3505580425262451,0.06597622483968735,0.3576086759567261,0.0022029997780919075,0.0084533104673028,0.07260370021685958,0.39528712444007397,-1.623331904411316,-1.6236889362335205
theta3,T4,batch2_128_255,2,3,"(2, 3)",0,36,exact_replay_715_45760_tokens,T4_batch_128,4.243129730224609,7.234428882598877,-0.00040526321390643716,-0.0004056692123413086,4.0599843487143517e-07,0.001000811554143403,0,1,0.06597622483968735,0.3576086759567261,0.06788814812898636,0.3645409047603607,0.0021871391218155622,0.008323188871145248,0.07479083933867514,0.4036103133112192,-1.6935181617736816,-1.693923830986023
theta3,T4,batch2_128_255,2,3,"(2, 3)",0,37,exact_replay_715_45760_tokens,T4_batch_128,4.174163341522217,7.257241725921631,-0.0004310492950025946,-0.0004311800003051758,1.3070530258119106e-07,0.00030313396374758084,0,1,0.06788814812898636,0.3645409047603607,0.06978300213813782,0.37128564715385437,0.002165221842005849,0.00811932235956192,0.07695606118068099,0.41172963567078114,-1.7609353065490723,-1.7613664865493774
theta3,T4,batch2_128_255,2,3,"(2, 3)",0,38,exact_replay_715_45760_tokens,T4_batch_128,4.109066486358643,7.280836582183838,-0.00046094832941889763,-0.0004609823226928711,3.3993273973464966e-08,7.374094905611585e-05,0,1,0.06978300213813782,0.37128564715385437,0.07165923714637756,0.3778712749481201,0.0021413080394268036,0.007941610179841518,0.0790973692201078,0.41967124585062265,-1.84173583984375,-1.8421968221664429
theta3,T4,batch2_128_255,2,3,"(2, 3)",0,39,exact_replay_715_45760_tokens,T4_batch_128,4.047868728637695,7.305398941040039,-0.00047739644651301205,-0.0004774332046508789,3.675813786685467e-08,7.699116338951311e-05,0,1,0.07165923714637756,0.3778712749481201,0.07351570576429367,0.38431215286254883,0.0021167504601180553,0.007775014266371727,0.08121411968022585,0.4274462601169944,-1.9242212772369385,-1.9246987104415894
theta3,T4,batch2_128_255,2,4,"(2, 4)",0,0,exact_replay_715_45760_tokens,T4_batch_128,8.765385627746582,8.241799354553223,0.0018891229992732406,0.0018889904022216797,1.3259705156087875e-07,7.019466663511297e-05,1,0,0.0,0.0,0.0018430184572935104,0.01445062831044197,0.0018430184572935104,0.01445062831044197,0.0018430184572935104,0.01445062831044197,-2.442996025085449,-2.4411070346832275
theta3,T4,batch2_128_255,2,4,"(2, 4)",0,1,exact_replay_715_45760_tokens,T4_batch_128,8.554656028747559,8.12542724609375,0.0017577691469341516,0.0017576217651367188,1.4738179743289948e-07,8.385296561313076e-05,1,0,0.0018430184572935104,0.01445062831044197,0.0036705334205180407,0.028812000527977943,0.0018298238283023238,0.014375523664057255,0.0036728422855958343,0.028826151974499226,-2.3582828044891357,-2.356525182723999
theta3,T4,batch2_128_255,2,4,"(2, 4)",0,2,exact_replay_715_45760_tokens,T4_batch_128,8.348745346069336,8.000388145446777,0.0016393273836001754,0.0016388893127441406,4.380708560347557e-07,0.00026729740234943263,1,0,0.0036705334205180407,0.028812000527977943,0.005482592154294252,0.043093349784612656,0.001818906981498003,0.014320001006126404,0.005491749267093837,0.04314615298062563,-2.2781615257263184,-2.276522636413574
theta3,T4,batch2_128_255,2,4,"(2, 4)",0,3,exact_replay_715_45760_tokens,T4_batch_128,8.146244049072266,7.872023105621338,0.0015433968510478735,0.001543283462524414,1.1338852345943451e-07,7.347225977135795e-05,1,0,0.005482592154294252,0.043093349784612656,0.007278183475136757,0.05731968954205513,0.0018092035315930843,0.014301017858088017,0.007300952798686922,0.057447170838713646,-2.2109897136688232,-2.209446430206299
theta3,T4,batch2_128_255,2,4,"(2, 4)",0,4,exact_replay_715_45760_tokens,T4_batch_128,7.946476936340332,7.753658771514893,0.0014475991483777761,0.001447439193725586,1.5995465219020844e-07,0.00011050871973315764,1,0,0.007278183475136757,0.05731968954205513,0.009054727852344513,0.07140558958053589,0.001800491358153522,0.014214609749615192,0.009101444156840444,0.07166178058832884,-2.1404378414154053,-2.1389904022216797
theta3,T4,batch2_128_255,2,4,"(2, 4)",0,5,exact_replay_715_45760_tokens,T4_batch_128,7.737495422363281,7.631993770599365,0.00135802011936903,0.0013577938079833984,2.2631138563156128e-07,0.00016667581211589114,1,0,0.009054727852344513,0.07140558958053589,0.010810120962560177,0.08523900806903839,0.001793653005734086,0.014027484692633152,0.01089509716257453,0.08568926528096199,-2.080044984817505,-2.0786871910095215
theta3,T4,batch2_128_255,2,4,"(2, 4)",0,6,exact_replay_715_45760_tokens,T4_batch_128,7.532650947570801,7.515963077545166,0.0012703057145699859,0.001270294189453125,1.1525116860866547e-08,9.072793496621622e-06,1,0,0.010810120962560177,0.08523900806903839,0.012547600083053112,0.09872181713581085,0.0017936771037057042,0.01374211348593235,0.012688774266280234,0.09943137876689434,-2.011728525161743,-2.01045823097229
theta3,T4,batch2_128_255,2,4,"(2, 4)",0,7,exact_replay_715_45760_tokens,T4_batch_128,7.3411970138549805,7.412263870239258,0.0011985339224338531,0.0011982917785644531,2.421438694000244e-07,0.0002020742140867489,1,0,0.012547600083053112,0.09872181713581085,0.014270395040512085,0.11179284751415253,0.0017979259137064219,0.013407419435679913,0.014486700179986656,0.11283879820257425,-1.9588158130645752,-1.9576175212860107
theta3,T4,batch2_128_255,2,4,"(2, 4)",0,8,exact_replay_715_45760_tokens,T4_batch_128,7.173460960388184,7.313131332397461,0.0011404934339225292,0.0011404752731323242,1.816079020500183e-08,1.5923878958921292e-05,1,0,0.014270395040512085,0.11179284751415253,0.015982087701559067,0.12434805184602737,0.001807031105272472,0.012979189865291119,0.016293731285259128,0.12581798806786537,-1.9221678972244263,-1.921027421951294
theta3,T4,batch2_128_255,2,4,"(2, 4)",0,9,exact_replay_715_45760_tokens,T4_batch_128,7.014188766479492,7.207047939300537,0.001068095094524324,0.0010679960250854492,9.906943887472153e-08,9.276199213081818e-05,1,0,0.015982087701559067,0.12434805184602737,0.01768760196864605,0.1364280879497528,0.0018214796436950564,0.012621385045349598,0.018115210928954184,0.13843937311321497,-1.8758548498153687,-1.8747868537902832
theta3,T4,batch2_128_255,2,4,"(2, 4)",0,10,exact_replay_715_45760_tokens,T4_batch_128,6.861720085144043,7.112939834594727,0.0009949073428288102,0.0009946823120117188,2.25030817091465e-07,0.0002262338581615532,1,0,0.01768760196864605,0.1364280879497528,0.01939081959426403,0.14796529710292816,0.0018404052825644612,0.012210339307785034,0.019955616211518645,0.150649712421,-1.8447020053863525,-1.8437073230743408
theta3,T4,batch2_128_255,2,4,"(2, 4)",0,11,exact_replay_715_45760_tokens,T4_batch_128,6.717875957489014,7.028800010681152,0.000939109711907804,0.0009390115737915039,9.813811630010605e-08,0.00010451214770851848,1,0,0.01939081959426403,0.14796529710292816,0.021102173253893852,0.15905453264713287,0.0018666532123461366,0.0118778757750988,0.021822269423864782,0.1625275881960988,-1.8314381837844849,-1.8304991722106934
theta3,T4,batch2_128_255,2,4,"(2, 4)",0,12,exact_replay_715_45760_tokens,T4_batch_128,6.575318813323975,6.958629608154297,0.0008682245970703661,0.0008680820465087891,1.4255056157708168e-07,0.00016421323554655315,1,0,0.021102173253893852,0.15905453264713287,0.02282136306166649,0.1696612387895584,0.001893407665193081,0.011525084264576435,0.023715677089057863,0.17405267246067524,-1.8178508281707764,-1.8169827461242676
theta3,T4,batch2_128_255,2,4,"(2, 4)",0,13,exact_replay_715_45760_tokens,T4_batch_128,6.444443702697754,6.886471271514893,0.000816138053778559,0.0008161067962646484,3.1257513910532e-08,3.8300764132340054e-05,1,0,0.02282136306166649,0.1696612387895584,0.02455444261431694,0.17980830371379852,0.0019224988063797355,0.011220986023545265,0.025638175895437598,0.1852736584842205,-1.8119935989379883,-1.8111774921417236
theta3,T4,batch2_128_255,2,4,"(2, 4)",0,14,exact_replay_715_45760_tokens,T4_batch_128,6.319000244140625,6.8343186378479,0.0007499914499931037,0.0007499456405639648,4.580942913889885e-08,6.108366615005563e-05,1,0,0.02455444261431694,0.17980830371379852,0.026304179802536964,0.18959704041481018,0.0019541026558727026,0.011038311757147312,0.0275922785513103,0.19631197024136782,-1.811679720878601,-1.810929775238037
theta3,T4,batch2_128_255,2,4,"(2, 4)",0,15,exact_replay_715_45760_tokens,T4_batch_128,6.198875427246094,6.783266067504883,0.0006742124678567052,0.000674128532409668,8.393544703722e-08,0.00012450956012378427,1,0,0.026304179802536964,0.18959704041481018,0.02807016670703888,0.1991346776485443,0.00198416062630713,0.010916058905422688,0.02957643917761743,0.2072280291467905,-1.8143988847732544,-1.8137247562408447
theta3,T4,batch2_128_255,2,4,"(2, 4)",0,16,exact_replay_715_45760_tokens,T4_batch_128,6.088479042053223,6.738489627838135,0.000617755635175854,0.00061798095703125,2.2532185539603233e-07,0.00036460970654899694,1,0,0.02807016670703888,0.1991346776485443,0.029860613867640495,0.2086305171251297,0.002015425357967615,0.010919611901044846,0.031591864535585046,0.21814764104783535,-1.8255410194396973,-1.824923038482666
theta3,T4,batch2_128_255,2,4,"(2, 4)",0,17,exact_replay_715_45760_tokens,T4_batch_128,5.9642744064331055,6.708446025848389,0.0005553927621804178,0.0005551576614379883,2.3510074242949486e-07,0.0004234846400579772,1,0,0.029860613867640495,0.2086305171251297,0.0316716730594635,0.21796099841594696,0.002043779706582427,0.01078226137906313,0.03363564424216747,0.22892990242689848,-1.8437145948410034,-1.8431594371795654
theta3,T4,batch2_128_255,2,4,"(2, 4)",0,18,exact_replay_715_45760_tokens,T4_batch_128,5.850317001342773,6.6799187660217285,0.0005035800859332085,0.0005035400390625,4.0046870708465576e-08,7.953065814393939e-05,1,0,0.0316716730594635,0.21796099841594696,0.033506229519844055,0.22717754542827606,0.0020728474482893944,0.01067233458161354,0.03570849169045687,0.23960223700851202,-1.867896556854248,-1.8673930168151855
theta3,T4,batch2_128_255,2,4,"(2, 4)",0,19,exact_replay_715_45760_tokens,T4_batch_128,5.73349142074585,6.662736415863037,0.00046893482794985175,0.00046896934509277344,3.451714292168617e-08,7.36021304651754e-05,1,0,0.033506229519844055,0.22717754542827606,0.03536631911993027,0.2362973839044571,0.002101699821650982,0.010568753816187382,0.03781019151210785,0.2501709908246994,-1.9008855819702148,-1.900416612625122
theta3,T4,batch2_128_255,2,4,"(2, 4)",0,20,exact_replay_715_45760_tokens,T4_batch_128,5.623002052307129,6.654245376586914,0.0003758212842512876,0.00037598609924316406,1.6481499187648296e-07,0.00043835395034083705,1,0,0.03536631911993027,0.2362973839044571,0.0372471921145916,0.24529075622558594,0.0021316646598279476,0.010528109967708588,0.0399418561719358,0.260699100792408,-1.9440951347351074,-1.9437191486358643
theta3,T4,batch2_128_255,2,4,"(2, 4)",0,21,exact_replay_715_45760_tokens,T4_batch_128,5.512410640716553,6.655737400054932,0.0003124790091533214,0.00031256675720214844,8.774804882705212e-08,0.00028073378504004574,1,0,0.0372471921145916,0.24529075622558594,0.03915166109800339,0.25432872772216797,0.002160707488656044,0.010563871823251247,0.04210256366059184,0.27126297261565924,-1.994347333908081,-1.994034767150879
theta3,T4,batch2_128_255,2,4,"(2, 4)",0,22,exact_replay_715_45760_tokens,T4_batch_128,5.3999834060668945,6.665467739105225,0.00021083024330437183,0.00021076202392578125,6.82193785905838e-08,0.00032367965214932126,1,0,0.03915166109800339,0.25432872772216797,0.04107946529984474,0.2633053958415985,0.0021912893280386925,0.01051254477351904,0.04429385298863053,0.2817755173891783,-2.051058769226074,-2.0508480072021484
theta3,T4,batch2_128_255,2,4,"(2, 4)",0,23,exact_replay_715_45760_tokens,T4_batch_128,5.294739723205566,6.685652732849121,0.00015887338668107986,0.0001590251922607422,1.51805579662323e-07,0.0009546008245877062,1,0,0.04107946529984474,0.2633053958415985,0.043027762323617935,0.2721751630306244,0.0022135446779429913,0.010362467728555202,0.046507397666573524,0.2921379851177335,-2.1232833862304688,-2.123124361038208
theta3,T4,batch2_128_255,2,4,"(2, 4)",0,24,exact_replay_715_45760_tokens,T4_batch_128,5.18699836730957,6.7145256996154785,9.714464249555022e-05,9.679794311523438e-05,3.4669938031584024e-07,0.003581681275015394,1,0,0.043027762323617935,0.2721751630306244,0.0449930764734745,0.28090816736221313,0.002231904538348317,0.010190464556217194,0.04873930220492184,0.30232844967395067,-2.2127318382263184,-2.212635040283203
theta3,T4,batch2_128_255,2,4,"(2, 4)",0,25,exact_replay_715_45760_tokens,T4_batch_128,5.083292007446289,6.738658428192139,2.5708697648951784e-05,2.574920654296875e-05,4.0508894016966224e-08,0.0015732094093605323,1,0,0.0449930764734745,0.28090816736221313,0.046973295509815216,0.28959858417510986,0.0022491044364869595,0.01012534461915493,0.0509884066414088,0.3124537942931056,-2.313722610473633,-2.31369686126709
theta3,T4,batch2_128_255,2,4,"(2, 4)",0,26,exact_replay_715_45760_tokens,T4_batch_128,4.978415489196777,6.773556709289551,-4.65987432107795e-05,-4.673004150390625e-05,1.31298293126747e-07,0.002809719163544324,0,1,0.046973295509815216,0.28959858417510986,0.04896501824259758,0.29820048809051514,0.002261803951114416,0.010030058212578297,0.05325021059252322,0.3224838525056839,-2.420041799545288,-2.420088529586792
theta3,T4,batch2_128_255,2,4,"(2, 4)",0,27,exact_replay_715_45760_tokens,T4_batch_128,4.878634452819824,6.819532871246338,-0.00012876010441686958,-0.0001289844512939453,2.2434687707573175e-07,0.0017393327244108134,0,1,0.04896501824259758,0.29820048809051514,0.05096491798758507,0.3066822290420532,0.0022703749127686024,0.00989975593984127,0.05552058550529182,0.33238360844552517,-2.535054922103882,-2.535183906555176
theta3,T4,batch2_128_255,2,4,"(2, 4)",0,28,exact_replay_715_45760_tokens,T4_batch_128,4.779736518859863,6.863276481628418,-0.00019625903223641217,-0.00019669532775878906,4.3629552237689495e-07,0.0022181285511363637,0,1,0.05096491798758507,0.3066822290420532,0.05296728387475014,0.3150269389152527,0.002271854318678379,0.00976534653455019,0.0577924398239702,0.34214895498007536,-2.6598684787750244,-2.660065174102783
theta3,T4,batch2_128_255,2,4,"(2, 4)",0,29,exact_replay_715_45760_tokens,T4_batch_128,4.686530113220215,6.907493591308594,-0.0002940403937827796,-0.0002944469451904297,4.065514076501131e-07,0.0013807289030870445,0,1,0.05296728387475014,0.3150269389152527,0.054969120770692825,0.3232235908508301,0.0022729323245584965,0.009626731276512146,0.060065372148528695,0.3517756862565875,-2.7825958728790283,-2.7828903198242188
theta3,T4,batch2_128_255,2,4,"(2, 4)",0,30,exact_replay_715_45760_tokens,T4_batch_128,4.594451904296875,6.97135591506958,-0.0003906872880179435,-0.00039076805114746094,8.076312951743603e-08,0.00020667792384838316,0,1,0.054969120770692825,0.3232235908508301,0.056968532502651215,0.33124929666519165,0.002271214034408331,0.009458471089601517,0.062336586182937026,0.361234157346189,-2.933081865310669,-2.9334726333618164
theta3,T4,batch2_128_255,2,4,"(2, 4)",0,31,exact_replay_715_45760_tokens,T4_batch_128,4.504831314086914,7.040149688720703,-0.0004610932955984026,-0.0004611015319824219,8.236384019255638e-09,1.7862408706049638e-05,0,1,0.056968532502651215,0.33124929666519165,0.05896320939064026,0.33911773562431335,0.0022633313201367855,0.009296944364905357,0.06459991750307381,0.3705311017110944,-3.081373691558838,-3.0818347930908203
theta3,T4,batch2_128_255,2,4,"(2, 4)",0,32,exact_replay_715_45760_tokens,T4_batch_128,4.417323112487793,7.116270542144775,-0.0005423760740086436,-0.0005426406860351562,2.6461202651262283e-07,0.0004876376455404218,0,1,0.05896320939064026,0.33911773562431335,0.06094818562269211,0.34676849842071533,0.002253744751214981,0.009074853733181953,0.06685366225428879,0.37960595544427633,-3.232990026473999,-3.233532667160034
theta3,T4,batch2_128_255,2,4,"(2, 4)",0,33,exact_replay_715_45760_tokens,T4_batch_128,4.334423065185547,7.195336818695068,-0.0006367824389599264,-0.000637054443359375,2.720043994486332e-07,0.0004269719837668413,0,1,0.06094818562269211,0.34676849842071533,0.0629180520772934,0.35418298840522766,0.0022362880408763885,0.00882325042039156,0.06908995029516518,0.3884292058646679,-3.388810396194458,-3.3894474506378174
theta3,T4,batch2_128_255,2,4,"(2, 4)",0,34,exact_replay_715_45760_tokens,T4_batch_128,4.253547668457031,7.2883710861206055,-0.0006926502683199942,-0.0006926059722900391,4.42960299551487e-08,6.395559918244406e-05,0,1,0.0629180520772934,0.35418298840522766,0.06486822664737701,0.361384779214859,0.00221281498670578,0.008590923622250557,0.07130276528187096,0.39702012948691845,-3.544677972793579,-3.545370578765869
theta3,T4,batch2_128_255,2,4,"(2, 4)",0,35,exact_replay_715_45760_tokens,T4_batch_128,4.180956840515137,7.374898433685303,-0.0007629846222698689,-0.0007634162902832031,4.316680133342743e-07,0.0005654424968769519,0,1,0.06486822664737701,0.361384779214859,0.06680042296648026,0.36840444803237915,0.0021918565034866333,0.008390811271965504,0.0734946217853576,0.40541094075888395,-3.7003097534179688,-3.701073169708252
theta3,T4,batch2_128_255,2,4,"(2, 4)",0,36,exact_replay_715_45760_tokens,T4_batch_128,4.110171318054199,7.46297025680542,-0.0008067734306678176,-0.0008070468902587891,2.734595909714699e-07,0.00033883978028064995,0,1,0.06680042296648026,0.36840444803237915,0.06870926916599274,0.3752273917198181,0.002162658143788576,0.008169530890882015,0.07565727992914617,0.41358047164976597,-3.8585832118988037,-3.8593902587890625
theta3,T4,batch2_128_255,2,4,"(2, 4)",0,37,exact_replay_715_45760_tokens,T4_batch_128,4.044083118438721,7.5568318367004395,-0.0008468248415738344,-0.0008473396301269531,5.147885531187057e-07,0.0006075350837084975,0,1,0.06870926916599274,0.3752273917198181,0.07059253007173538,0.3818832337856293,0.00213164696469903,0.007974794134497643,0.0777889268938452,0.4215552657842636,-4.026862621307373,-4.0277099609375
theta3,T4,batch2_128_255,2,4,"(2, 4)",0,38,exact_replay_715_45760_tokens,T4_batch_128,3.9793758392333984,7.653076648712158,-0.0008868642617017031,-0.0008869171142578125,5.2852556109428406e-08,5.959131384408602e-05,0,1,0.07059253007173538,0.3818832337856293,0.0724480003118515,0.3883489966392517,0.00209853146225214,0.007758652325719595,0.07988745835609734,0.4293139181099832,-4.189455509185791,-4.190342426300049
theta3,T4,batch2_128_255,2,4,"(2, 4)",0,39,exact_replay_715_45760_tokens,T4_batch_128,3.919543981552124,7.744389057159424,-0.0009283233666792512,-0.0009288787841796875,5.55417500436306e-07,0.0005979440050693019,0,1,0.0724480003118515,0.3883489966392517,0.07427620887756348,0.39464038610458374,0.0020660075824707747,0.007557026110589504,0.08195346593856812,0.4368709442205727,-4.3497843742370605,-4.35071325302124
theta3,T4,batch2_128_255,2,5,"(2, 5)",0,0,exact_replay_715_45760_tokens,T4_batch_128,8.849956512451172,8.241799354553223,0.0010665026493370533,0.0010662078857421875,2.9476359486579895e-07,0.00027645977750447227,1,0,0.0,0.0,0.001957639819011092,0.015572022646665573,0.001957639819011092,0.015572022646665573,0.001957639819011092,0.015572022646665573,-1.3292465209960938,-1.3281803131103516
theta3,T4,batch2_128_255,2,5,"(2, 5)",0,1,exact_replay_715_45760_tokens,T4_batch_128,8.60517692565918,8.103422164916992,0.0010340138105675578,0.001033782958984375,2.3085158318281174e-07,0.00022330759196263837,1,0,0.001957639819011092,0.015572022646665573,0.0038905206602066755,0.031203575432300568,0.0019356005359441042,0.01564597524702549,0.0038932403549551964,0.031217997893691063,-1.3135862350463867,-1.3125524520874023
theta3,T4,batch2_128_255,2,5,"(2, 5)",0,2,exact_replay_715_45760_tokens,T4_batch_128,8.365694999694824,7.951509952545166,0.001001079217530787,0.0010008811950683594,1.9802246242761612e-07,0.0001978481196403049,1,0,0.0038905206602066755,0.031203575432300568,0.005795418284833431,0.046906404197216034,0.0019129073480144143,0.015750495716929436,0.005806147702969611,0.0469684936106205,-1.2868428230285645,-1.285841941833496
theta3,T4,batch2_128_255,2,5,"(2, 5)",0,3,exact_replay_715_45760_tokens,T4_batch_128,8.119710922241211,7.800434589385986,0.0009673088206909597,0.0009672641754150391,4.46452759206295e-08,4.615623844589598e-05,1,0,0.005795418284833431,0.046906404197216034,0.0076657868921756744,0.06257352232933044,0.001887546037323773,0.01576036401093006,0.007693693740293384,0.06272885762155056,-1.2625652551651,-1.261597990989685
theta3,T4,batch2_128_255,2,5,"(2, 5)",0,4,exact_replay_715_45760_tokens,T4_batch_128,7.872684478759766,7.645358562469482,0.0009394403896294534,0.0009393692016601562,7.118796929717064e-08,7.578273715101522e-05,1,0,0.0076657868921756744,0.06257352232933044,0.009498120285570621,0.07801444828510284,0.0018635486485436559,0.015601709485054016,0.00955724238883704,0.07833056710660458,-1.2454376220703125,-1.2444982528686523
theta3,T4,batch2_128_255,2,5,"(2, 5)",0,5,exact_replay_715_45760_tokens,T4_batch_128,7.623338222503662,7.503868579864502,0.0009076870628632605,0.0009075403213500977,1.4674151316285133e-07,0.0001616914529423355,1,0,0.009498120285570621,0.07801444828510284,0.011289925314486027,0.09299415349960327,0.001841736026108265,0.015213106758892536,0.011398978414945304,0.09354367386549711,-1.2303626537322998,-1.2294551134109497
theta3,T4,batch2_128_255,2,5,"(2, 5)",0,6,exact_replay_715_45760_tokens,T4_batch_128,7.3906755447387695,7.379421710968018,0.0008707342203706503,0.0008705854415893555,1.487787812948227e-07,0.00017089509448171985,1,0,0.011289925314486027,0.09299415349960327,0.013043154962360859,0.10725685209035873,0.0018254655878990889,0.01460291724652052,0.013224444002844393,0.10814659111201763,-1.2114107608795166,-1.2105401754379272
theta3,T4,batch2_128_255,2,5,"(2, 5)",0,7,exact_replay_715_45760_tokens,T4_batch_128,7.179677963256836,7.26069450378418,0.000807920063380152,0.0008078813552856445,3.8708094507455826e-08,4.791309299837686e-05,1,0,0.013043154962360859,0.10725685209035873,0.014754880219697952,0.12066654860973358,0.0018119447631761432,0.013907658867537975,0.015036388766020536,0.1220542499795556,-1.1864873170852661,-1.1856794357299805
theta3,T4,batch2_128_255,2,5,"(2, 5)",0,8,exact_replay_715_45760_tokens,T4_batch_128,6.9918012619018555,7.1441802978515625,0.0007485077367164195,0.0007483959197998047,1.1181691661477089e-07,0.00014940877369385154,1,0,0.014754880219697952,0.12066654860973358,0.016441933810710907,0.1333700567483902,0.0018149453680962324,0.013384383171796799,0.01685133413411677,0.1354386331513524,-1.166917085647583,-1.1661686897277832
theta3,T4,batch2_128_255,2,5,"(2, 5)",0,9,exact_replay_715_45760_tokens,T4_batch_128,6.812461853027344,7.060006618499756,0.0006945845088921487,0.0006943941116333008,1.903972588479519e-07,0.0002741919259656652,1,0,0.016441933810710907,0.1333700567483902,0.01811954379081726,0.14557231962680817,0.001829350832849741,0.013047180138528347,0.01868068496696651,0.14848581328988075,-1.1474050283432007,-1.1467106342315674
theta3,T4,batch2_128_255,2,5,"(2, 5)",0,10,exact_replay_715_45760_tokens,T4_batch_128,6.644625186920166,6.994361877441406,0.0006286991992965341,0.0006288290023803711,1.2980308383703232e-07,0.00020642031990521326,1,0,0.01811954379081726,0.14557231962680817,0.019792398437857628,0.15730048716068268,0.0018502731109037995,0.012766100466251373,0.02053095807787031,0.16125191375613213,-1.1268994808197021,-1.1262706518173218
theta3,T4,batch2_128_255,2,5,"(2, 5)",0,11,exact_replay_715_45760_tokens,T4_batch_128,6.480670928955078,6.937880992889404,0.000565845868550241,0.0005658864974975586,4.062894731760025e-08,7.179699020433959e-05,1,0,0.019792398437857628,0.15730048716068268,0.021469438448548317,0.16890065371990204,0.0018760969396680593,0.0127485366538167,0.02240705501753837,0.17400045040994883,-1.106302261352539,-1.1057363748550415
theta3,T4,batch2_128_255,2,5,"(2, 5)",0,12,exact_replay_715_45760_tokens,T4_batch_128,6.320877552032471,6.879489421844482,0.000497956236358732,0.0004979372024536133,1.9033905118703842e-08,3.8225513227196555e-05,1,0,0.021469438448548317,0.16890065371990204,0.023157335817813873,0.18016846477985382,0.0019079246558248997,0.012586923316121101,0.02431497967336327,0.18658737372606993,-1.0857853889465332,-1.0852874517440796
theta3,T4,batch2_128_255,2,5,"(2, 5)",0,13,exact_replay_715_45760_tokens,T4_batch_128,6.165201187133789,6.835399150848389,0.00042748142732307315,0.00042748451232910156,3.0850060284137726e-09,7.2166498187395425e-06,1,0,0.023157335817813873,0.18016846477985382,0.024865124374628067,0.19102659821510315,0.001945500378496945,0.012304423376917839,0.026260480051860213,0.19889179710298777,-1.0677399635314941,-1.067312479019165
theta3,T4,batch2_128_255,2,5,"(2, 5)",0,14,exact_replay_715_45760_tokens,T4_batch_128,6.009374618530273,6.8072686195373535,0.0003601903736125678,0.00036013126373291016,5.910987965762615e-08,0.00016413426328202582,1,0,0.024865124374628067,0.19102659821510315,0.026593131944537163,0.2015376091003418,0.001981774577870965,0.01208581030368805,0.02824225462973118,0.21097760740667582,-1.0487092733383179,-1.048349142074585
theta3,T4,batch2_128_255,2,5,"(2, 5)",0,15,exact_replay_715_45760_tokens,T4_batch_128,5.859668254852295,6.792820930480957,0.000295332312816754,0.00029528141021728516,5.090259946882725e-08,0.0001723867392511102,1,0,0.026593131944537163,0.2015376091003418,0.028343554586172104,0.21168000996112823,0.0020193166565150023,0.011826307512819767,0.03026157128624618,0.22280391491949558,-1.036779522895813,-1.0364842414855957
theta3,T4,batch2_128_255,2,5,"(2, 5)",0,16,exact_replay_715_45760_tokens,T4_batch_128,5.7280120849609375,6.780464172363281,0.0002311402204213664,0.00023114681243896484,6.592017598450184e-09,2.8518747582516762e-05,1,0,0.028343554586172104,0.21168000996112823,0.030126497149467468,0.2216927856206894,0.0020593618974089622,0.011774386279284954,0.03232093318365514,0.23457830119878054,-1.019731044769287,-1.0194998979568481
theta3,T4,batch2_128_255,2,5,"(2, 5)",0,17,exact_replay_715_45760_tokens,T4_batch_128,5.583353042602539,6.785562038421631,0.00019631159375421703,0.0001964569091796875,1.4531542547047138e-07,0.0007396809105734224,1,0,0.030126497149467468,0.2216927856206894,0.03193720802664757,0.2316005825996399,0.002087674103677273,0.01164599135518074,0.034408607287332416,0.24622429255396128,-1.0081636905670166,-1.007967233657837
theta3,T4,batch2_128_255,2,5,"(2, 5)",0,18,exact_replay_715_45760_tokens,T4_batch_128,5.449416160583496,6.788176536560059,0.00015838844410609454,0.0001582503318786621,1.381122274324298e-07,0.0008727452624764595,1,0,0.03193720802664757,0.2316005825996399,0.033772874623537064,0.24131639301776886,0.0021127930376678705,0.011405388824641705,0.036521400325000286,0.257629681378603,-0.9982507824897766,-0.998092532157898
theta3,T4,batch2_128_255,2,5,"(2, 5)",0,19,exact_replay_715_45760_tokens,T4_batch_128,5.317039489746094,6.786794662475586,0.00012176132440799847,0.00012171268463134766,4.86397766508162e-08,0.00039962783499632713,1,0,0.033772874623537064,0.24131639301776886,0.03562942519783974,0.25080716609954834,0.0021336288191378117,0.011152684688568115,0.0386550291441381,0.2687823660671711,-0.9812448024749756,-0.9811230897903442
theta3,T4,batch2_128_255,2,5,"(2, 5)",0,20,exact_replay_715_45760_tokens,T4_batch_128,5.193162441253662,6.788885116577148,8.966594032244757e-05,8.976459503173828e-05,9.865470929071307e-08,0.0010990380924219788,1,0,0.03562942519783974,0.25080716609954834,0.03749982267618179,0.2601495087146759,0.0021445571910589933,0.010981669649481773,0.04079958633519709,0.27976403571665287,-0.9721845388412476,-0.9720947742462158
theta3,T4,batch2_128_255,2,5,"(2, 5)",0,21,exact_replay_715_45760_tokens,T4_batch_128,5.075010776519775,6.786629676818848,6.976900476729497e-05,6.973743438720703e-05,3.1570380087941885e-08,0.0004527034922542735,1,0,0.03749982267618179,0.2601495087146759,0.03937312215566635,0.26938897371292114,0.002142558805644512,0.01084750797599554,0.0429421451408416,0.2906115436926484,-0.9475953578948975,-0.9475256204605103
theta3,T4,batch2_128_255,2,5,"(2, 5)",0,22,exact_replay_715_45760_tokens,T4_batch_128,4.953529357910156,6.782720565795898,5.6225548178190365e-05,5.614757537841797e-05,7.797279977239668e-08,0.0013887117875862527,1,0,0.03937312215566635,0.26938897371292114,0.04124750941991806,0.2783845365047455,0.002140303375199437,0.010561196133494377,0.04508244851604104,0.3011727398261428,-0.9284498691558838,-0.9283937215805054
theta3,T4,batch2_128_255,2,5,"(2, 5)",0,23,exact_replay_715_45760_tokens,T4_batch_128,4.840109825134277,6.771956920623779,5.021607285016216e-05,5.0187110900878906e-05,2.8961949283257127e-08,0.0005770794286297506,1,0,0.04124750941991806,0.2783845365047455,0.04311569407582283,0.28714293241500854,0.002128040650859475,0.010265565477311611,0.047210489166900516,0.3114383053034544,-0.906773567199707,-0.9067233800888062
theta3,T4,batch2_128_255,2,5,"(2, 5)",0,24,exact_replay_715_45760_tokens,T4_batch_128,4.737224578857422,6.760674476623535,2.7023748771171086e-05,2.6941299438476562e-05,8.244933269452304e-08,0.003060332441751936,1,0,0.04311569407582283,0.28714293241500854,0.04497804120182991,0.29565659165382385,0.0021182687487453222,0.010000016540288925,0.04932875791564584,0.3214383218437433,-0.8831652402877808,-0.8831382989883423
theta3,T4,batch2_128_255,2,5,"(2, 5)",0,25,exact_replay_715_45760_tokens,T4_batch_128,4.635408878326416,6.7435431480407715,1.325069933955092e-05,1.3232231140136719e-05,1.846819941420108e-08,0.0013956980662302929,1,0,0.04497804120182991,0.29565659165382385,0.04682827740907669,0.303992360830307,0.0020998516120016575,0.00978840235620737,0.051428609527647495,0.3312267241999507,-0.866187334060669,-0.8661741018295288
theta3,T4,batch2_128_255,2,5,"(2, 5)",0,26,exact_replay_715_45760_tokens,T4_batch_128,4.541393756866455,6.732976913452148,-1.3116120499034878e-05,-1.3113021850585938e-05,3.0986484489403665e-09,0.00023630315607244318,0,1,0.04682827740907669,0.303992360830307,0.0486627072095871,0.31206974387168884,0.0020793797448277473,0.00952154491096735,0.05350798927247524,0.34074826911091805,-0.852570652961731,-0.8525837659835815
theta3,T4,batch2_128_255,2,5,"(2, 5)",0,27,exact_replay_715_45760_tokens,T4_batch_128,4.449446201324463,6.722089767456055,-2.5917905077221803e-05,-2.5928020477294922e-05,1.0115400073118508e-08,0.0003901339125359195,0,1,0.0486627072095871,0.31206974387168884,0.05047754570841789,0.319861501455307,0.0020537313539534807,0.009215833619236946,0.05556172062642872,0.349964102730155,-0.8348672389984131,-0.8348931670188904
theta3,T4,batch2_128_255,2,5,"(2, 5)",0,28,exact_replay_715_45760_tokens,T4_batch_128,4.3635358810424805,6.712685585021973,-4.065510438522324e-05,-4.0650367736816406e-05,4.73664840683341e-09,0.00011652166193181819,0,1,0.05047754570841789,0.319861501455307,0.05227052420377731,0.3274015188217163,0.002025315072387457,0.008947781287133694,0.05758703569881618,0.3589118840172887,-0.8184617161750793,-0.8185023665428162
theta3,T4,batch2_128_255,2,5,"(2, 5)",0,29,exact_replay_715_45760_tokens,T4_batch_128,4.281835556030273,6.701193809509277,-5.153045276529156e-05,-5.155801773071289e-05,2.756496542133391e-08,0.000534639744400289,0,1,0.05227052420377731,0.3274015188217163,0.05403885617852211,0.3347153067588806,0.00199384824372828,0.008701271377503872,0.05958088394254446,0.36761315539479256,-0.8033458590507507,-0.8033974170684814
theta3,T4,batch2_128_255,2,5,"(2, 5)",0,30,exact_replay_715_45760_tokens,T4_batch_128,4.2022223472595215,6.688093662261963,-6.128510722192004e-05,-6.133317947387695e-05,4.8072251956909895e-08,0.0007837886828838678,0,1,0.05403885617852211,0.3347153067588806,0.05577800050377846,0.3418017029762268,0.0019574936013668776,0.008453858084976673,0.06153837754391134,0.37606701347976923,-0.7883429527282715,-0.7884042859077454
theta3,T4,batch2_128_255,2,5,"(2, 5)",0,31,exact_replay_715_45760_tokens,T4_batch_128,4.1300177574157715,6.678679466247559,-7.358103175647557e-05,-7.367134094238281e-05,9.030918590724468e-08,0.0012258387692152103,0,1,0.05577800050377846,0.3418017029762268,0.05748841539025307,0.3486664891242981,0.001921913935802877,0.008216562680900097,0.06346029147971421,0.3842835761606693,-0.7693619728088379,-0.7694356441497803
theta3,T4,batch2_128_255,2,5,"(2, 5)",0,32,exact_replay_715_45760_tokens,T4_batch_128,4.062224388122559,6.672278881072998,-8.44033929752186e-05,-8.440017700195312e-05,3.2159732654690742e-09,3.810386873234463e-05,0,1,0.05748841539025307,0.3486664891242981,0.05916823074221611,0.35533198714256287,0.0018844729056581855,0.00799801480025053,0.0653447643853724,0.39228159096091986,-0.7557389140129089,-0.7558233141899109
theta3,T4,batch2_128_255,2,5,"(2, 5)",0,33,exact_replay_715_45760_tokens,T4_batch_128,3.998311758041382,6.6668829917907715,-9.752281766850501e-05,-9.757280349731445e-05,4.9985828809440136e-08,0.0005122926370647526,0,1,0.05916823074221611,0.35533198714256287,0.06081709265708923,0.36180880665779114,0.0018464706372469664,0.007787005510181189,0.06719123502261937,0.40006859647110105,-0.7444595694541931,-0.7445571422576904
theta3,T4,batch2_128_255,2,5,"(2, 5)",0,34,exact_replay_715_45760_tokens,T4_batch_128,3.937323808670044,6.660304546356201,-0.0001094848194043152,-0.00010949373245239258,8.913048077374697e-09,8.140235863500272e-05,0,1,0.06081709265708923,0.36180880665779114,0.06243234500288963,0.36808884143829346,0.0018056444823741913,0.007567460183054209,0.06899687950499356,0.40763605665415525,-0.735298216342926,-0.7354077100753784
theta3,T4,batch2_128_255,2,5,"(2, 5)",0,35,exact_replay_715_45760_tokens,T4_batch_128,3.880943775177002,6.6564154624938965,-0.00011909126624232158,-0.00011914968490600586,5.8418663684278727e-08,0.00049029641774012,0,1,0.06243234500288963,0.36808884143829346,0.06401431560516357,0.37420451641082764,0.0017653319519013166,0.0073723141103982925,0.07076221145689487,0.41500837076455355,-0.7267913222312927,-0.7269104719161987
theta3,T4,batch2_128_255,2,5,"(2, 5)",0,36,exact_replay_715_45760_tokens,T4_batch_128,3.8262405395507812,6.652931213378906,-0.0001286912156501785,-0.00012868642807006836,4.787580110132694e-09,3.7203457908754056e-05,0,1,0.06401431560516357,0.37420451641082764,0.06556259095668793,0.3801564574241638,0.0017253936966881156,0.007184165995568037,0.07248760515358299,0.4221925367601216,-0.7171504497528076,-0.7172791361808777
theta3,T4,batch2_128_255,2,5,"(2, 5)",0,37,exact_replay_715_45760_tokens,T4_batch_128,3.774205207824707,6.64578104019165,-0.00013748703349847347,-0.00013756752014160156,8.048664312809706e-08,0.000585070102632149,0,1,0.06556259095668793,0.3801564574241638,0.06707745045423508,0.38595616817474365,0.0016856779111549258,0.007003328762948513,0.07417328306473792,0.4291958655230701,-0.707436203956604,-0.7075737714767456
theta3,T4,batch2_128_255,2,5,"(2, 5)",0,38,exact_replay_715_45760_tokens,T4_batch_128,3.724363327026367,6.643211364746094,-0.00014520224067382514,-0.00014519691467285156,5.326000973582268e-09,3.6681226908867e-05,0,1,0.06707745045423508,0.38595616817474365,0.0685579851269722,0.3916000723838806,0.0016457363963127136,0.0068206689320504665,0.07581901946105063,0.43601653445512056,-0.6996181607246399,-0.6997633576393127
theta3,T4,batch2_128_255,2,5,"(2, 5)",0,39,exact_replay_715_45760_tokens,T4_batch_128,3.6777210235595703,6.640925407409668,-0.000149816507473588,-0.00014990568161010742,8.917413651943207e-08,0.0005948682902584494,0,1,0.0685579851269722,0.3916000723838806,0.07000382244586945,0.39710038900375366,0.0016057387692853808,0.006647921167314053,0.07742475823033601,0.4426644556224346,-0.6895621418952942,-0.6897120475769043
theta3,T4,batch2_128_255,2,6,"(2, 6)",0,0,exact_replay_715_45760_tokens,T4_batch_128,8.540298461914062,8.241799354553223,0.002590695396065712,0.0025899410247802734,7.543712854385376e-07,0.00029126967688483847,1,0,0.0,0.0,0.0018757630605250597,0.013753035105764866,0.0018757630605250597,0.013753035105764866,0.0018757630605250597,0.013753035105764866,-2.99113130569458,-2.9885413646698
theta3,T4,batch2_128_255,2,6,"(2, 6)",0,1,exact_replay_715_45760_tokens,T4_batch_128,8.346053123474121,8.099857330322266,0.0023639239370822906,0.002363443374633789,4.805624485015869e-07,0.00020333148391001715,1,0,0.0018757630605250597,0.013753035105764866,0.0037337541580200195,0.0274024847894907,0.0018598837777972221,0.013661747798323631,0.003735646838322282,0.027414782904088497,-2.8553948402404785,-2.8530313968658447
theta3,T4,batch2_128_255,2,6,"(2, 6)",0,2,exact_replay_715_45760_tokens,T4_batch_128,8.157222747802734,7.957489013671875,0.002128421328961849,0.002128124237060547,2.9709190130233765e-07,0.0001396027055792068,1,0,0.0037337541580200195,0.0274024847894907,0.00557413836941123,0.040984202176332474,0.0018459685379639268,0.013613006100058556,0.005581615376286209,0.04102778900414705,-2.7078118324279785,-2.705683708190918
theta3,T4,batch2_128_255,2,6,"(2, 6)",0,3,exact_replay_715_45760_tokens,T4_batch_128,7.978655815124512,7.819434642791748,0.0019395144190639257,0.0019390583038330078,4.561152309179306e-07,0.00023522512449280708,1,0,0.00557413836941123,0.040984202176332474,0.007399811875075102,0.054531488567590714,0.0018366052536293864,0.013610932976007462,0.007418220629915595,0.054638721980154514,-2.579087972640991,-2.577148914337158
theta3,T4,batch2_128_255,2,6,"(2, 6)",0,4,exact_replay_715_45760_tokens,T4_batch_128,7.78898811340332,7.682992935180664,0.0017449703300371766,0.0017447471618652344,2.2316817194223404e-07,0.00012790860293112873,1,0,0.007399811875075102,0.054531488567590714,0.009206414222717285,0.06791546195745468,0.001825788407586515,0.013494682498276234,0.00924400903750211,0.06813340447843075,-2.447441577911377,-2.4456968307495117
theta3,T4,batch2_128_255,2,6,"(2, 6)",0,5,exact_replay_715_45760_tokens,T4_batch_128,7.606557846069336,7.558913230895996,0.0015492375241592526,0.00154876708984375,4.704343155026436e-07,0.0003037476187269089,1,0,0.009206414222717285,0.06791546195745468,0.010993720963597298,0.0810612365603447,0.0018181634368374944,0.013314535841345787,0.011062172474339604,0.08144794031977654,-2.3174843788146973,-2.3159356117248535
theta3,T4,batch2_128_255,2,6,"(2, 6)",0,6,exact_replay_715_45760_tokens,T4_batch_128,7.423479080200195,7.438897132873535,0.0013771683443337679,0.001377105712890625,6.263144314289093e-08,4.548049039127424e-05,1,0,0.010993720963597298,0.0810612365603447,0.012764720246195793,0.0939384251832962,0.0018165569053962827,0.01311576273292303,0.012878729379735887,0.09456370305269957,-2.1956095695495605,-2.19423246383667
theta3,T4,batch2_128_255,2,6,"(2, 6)",0,7,exact_replay_715_45760_tokens,T4_batch_128,7.258797645568848,7.337626934051514,0.0012182954233139753,0.0012183189392089844,2.3515895009040833e-08,1.930192025440313e-05,1,0,0.012764720246195793,0.0939384251832962,0.01451821718364954,0.10656610876321793,0.001815795199945569,0.012944632209837437,0.014694524579681456,0.107508335262537,-2.0768508911132812,-2.0756325721740723
theta3,T4,batch2_128_255,2,6,"(2, 6)",0,8,exact_replay_715_45760_tokens,T4_batch_128,7.089095115661621,7.262753963470459,0.0010768529027700424,0.001076817512512207,3.5390257835388184e-08,3.286560389682276e-05,1,0,0.01451821718364954,0.10656610876321793,0.016259299591183662,0.11885213851928711,0.0018223501974716783,0.01268730964511633,0.016516874777153134,0.12019564490765333,-1.9632922410964966,-1.9622154235839844
theta3,T4,batch2_128_255,2,6,"(2, 6)",0,9,exact_replay_715_45760_tokens,T4_batch_128,6.927423477172852,7.177014350891113,0.0009488399955444038,0.0009486675262451172,1.7246929928660393e-07,0.00018180162650791655,1,0,0.016259299591183662,0.11885213851928711,0.017993569374084473,0.13075761497020721,0.0018356242217123508,0.012397906742990017,0.018352498998865485,0.13259355165064335,-1.840590476989746,-1.839641809463501
theta3,T4,batch2_128_255,2,6,"(2, 6)",0,10,exact_replay_715_45760_tokens,T4_batch_128,6.768746376037598,7.105663776397705,0.0008220248855650425,0.0008219480514526367,7.683411240577698e-08,9.347806381435823e-05,1,0,0.017993569374084473,0.13075761497020721,0.019722314551472664,0.14223913848400116,0.001853510388173163,0.012099090032279491,0.020206009387038648,0.14469264168292284,-1.726209282875061,-1.7253873348236084
theta3,T4,batch2_128_255,2,6,"(2, 6)",0,11,exact_replay_715_45760_tokens,T4_batch_128,6.6191229820251465,7.055871963500977,0.0007081952062435448,0.0007082223892211914,2.718297764658928e-08,3.838198009594345e-05,1,0,0.019722314551472664,0.14223913848400116,0.02145271934568882,0.15326306223869324,0.0018781193066388369,0.011777487583458424,0.022084128693677485,0.15647012926638126,-1.6255179643630981,-1.624809741973877
theta3,T4,batch2_128_255,2,6,"(2, 6)",0,12,exact_replay_715_45760_tokens,T4_batch_128,6.480267524719238,7.013436794281006,0.0006034303805790842,0.0006031990051269531,2.3137545213103294e-07,0.0003835806262351779,1,0,0.02145271934568882,0.15326306223869324,0.023189207538962364,0.16388839483261108,0.0019053983269259334,0.011470604687929153,0.02398952702060342,0.16794073395431042,-1.532358169555664,-1.531754970550537
theta3,T4,batch2_128_255,2,6,"(2, 6)",0,13,exact_replay_715_45760_tokens,T4_batch_128,6.345071792602539,6.9814019203186035,0.000512277998495847,0.000512242317199707,3.568129613995552e-08,6.965706452175937e-05,1,0,0.023189207538962364,0.16388839483261108,0.024937694892287254,0.17400069534778595,0.001938798581250012,0.011095025576651096,0.02592832560185343,0.1790357595309615,-1.456320881843567,-1.4558086395263672
theta3,T4,batch2_128_255,2,6,"(2, 6)",0,14,exact_replay_715_45760_tokens,T4_batch_128,6.222668647766113,6.948891639709473,0.0004283952875994146,0.0004284381866455078,4.289904609322548e-08,0.00010012890407623818,1,0,0.024937694892287254,0.17400069534778595,0.026703881099820137,0.1836961805820465,0.001973196864128113,0.010800455696880817,0.027901522465981543,0.18983621522784233,-1.374204158782959,-1.3737757205963135
theta3,T4,batch2_128_255,2,6,"(2, 6)",0,15,exact_replay_715_45760_tokens,T4_batch_128,6.107459545135498,6.92950963973999,0.00037189637077972293,0.0003719329833984375,3.6612618714571e-08,9.843875200320513e-05,1,0,0.026703881099820137,0.1836961805820465,0.028491783887147903,0.19313468039035797,0.0020049589220434427,0.010588389821350574,0.029906481388024986,0.2004246050491929,-1.3036606311798096,-1.3032886981964111
theta3,T4,batch2_128_255,2,6,"(2, 6)",0,16,exact_replay_715_45760_tokens,T4_batch_128,5.997267723083496,6.915453910827637,0.00030260448693297803,0.0003025531768798828,5.131005309522152e-08,0.00016959019774428683,1,0,0.028491783887147903,0.19313468039035797,0.030303454026579857,0.20228613913059235,0.002043394139036536,0.010404394008219242,0.03194987552706152,0.21082899905741215,-1.246464729309082,-1.2461621761322021
theta3,T4,batch2_128_255,2,6,"(2, 6)",0,17,exact_replay_715_45760_tokens,T4_batch_128,5.887853622436523,6.909687042236328,0.000237933752941899,0.00023794174194335938,7.989001460373402e-09,3.357545168461924e-05,1,0,0.030303454026579857,0.20228613913059235,0.03213753178715706,0.21116852760314941,0.0020755650475621223,0.010222994722425938,0.034025440574623644,0.22105199377983809,-1.1932497024536133,-1.19301176071167
theta3,T4,batch2_128_255,2,6,"(2, 6)",0,18,exact_replay_715_45760_tokens,T4_batch_128,5.783151626586914,6.914202690124512,0.00018831752822734416,0.00018835067749023438,3.314926289021969e-08,0.00017599757713607594,1,0,0.03213753178715706,0.21116852760314941,0.033995840698480606,0.21989832818508148,0.0021068304777145386,0.010134423151612282,0.03613227105233818,0.23118641693145037,-1.1461741924285889,-1.1459858417510986
theta3,T4,batch2_128_255,2,6,"(2, 6)",0,19,exact_replay_715_45760_tokens,T4_batch_128,5.679382801055908,6.923798084259033,0.00014802590885665268,0.0001480579376220703,3.202876541763544e-08,0.00021632589195853463,1,0,0.033995840698480606,0.21989832818508148,0.03587738052010536,0.2284940630197525,0.0021354220807552338,0.01003445964306593,0.03826769313309342,0.2412208765745163,-1.1039230823516846,-1.1037750244140625
theta3,T4,batch2_128_255,2,6,"(2, 6)",0,20,exact_replay_715_45760_tokens,T4_batch_128,5.583529472351074,6.937718391418457,0.00013584231783170253,0.00013577938079833984,6.293703336268663e-08,0.0004635242331540825,1,0,0.03587738052010536,0.2284940630197525,0.03778905048966408,0.2371133714914322,0.0021672132425010204,0.010026001371443272,0.04043490637559444,0.25124687794595957,-1.0656973123550415,-1.0655615329742432
theta3,T4,batch2_128_255,2,6,"(2, 6)",0,21,exact_replay_715_45760_tokens,T4_batch_128,5.480319976806641,6.950640678405762,8.339384658029303e-05,8.344650268554688e-05,5.265610525384545e-08,0.0006310163225446429,1,0,0.03778905048966408,0.2371133714914322,0.03972015157341957,0.24562059342861176,0.0021955976262688637,0.009957333095371723,0.0426305040018633,0.2612042110413313,-1.0308120250701904,-1.0307285785675049
theta3,T4,batch2_128_255,2,6,"(2, 6)",0,22,exact_replay_715_45760_tokens,T4_batch_128,5.379356384277344,6.972283840179443,4.5217257138574496e-05,4.5180320739746094e-05,3.693639882840216e-08,0.0008175329042298812,1,0,0.03972015157341957,0.24562059342861176,0.04167154058814049,0.25403130054473877,0.002220884198322892,0.009882733225822449,0.04485138820018619,0.27108694426715374,-1.0007238388061523,-1.0006786584854126
theta3,T4,batch2_128_255,2,6,"(2, 6)",0,23,exact_replay_715_45760_tokens,T4_batch_128,5.27874231338501,6.995702266693115,1.2645358765439596e-05,1.2576580047607422e-05,6.877871783217415e-08,0.005468793389921504,1,0,0.04167154058814049,0.25403130054473877,0.04364483430981636,0.2623788118362427,0.002245993120595813,0.009842559695243835,0.047097381320782006,0.2809295039623976,-0.9770607352256775,-0.9770481586456299
theta3,T4,batch2_128_255,2,6,"(2, 6)",0,24,exact_replay_715_45760_tokens,T4_batch_128,5.190101623535156,7.024176597595215,-3.847391053568572e-05,-3.8504600524902344e-05,3.068998921662569e-08,0.0007970473345588235,0,1,0.04364483430981636,0.2623788118362427,0.04564293101429939,0.27058541774749756,0.002277070190757513,0.009760841727256775,0.04937445151153952,0.29069034568965435,-0.9586412906646729,-0.9586797952651978
theta3,T4,batch2_128_255,2,6,"(2, 6)",0,25,exact_replay_715_45760_tokens,T4_batch_128,5.094806671142578,7.051784992218018,-5.398281427915208e-05,-5.4001808166503906e-05,1.8993887351825833e-08,0.0003517268772419978,0,1,0.04564293101429939,0.27058541774749756,0.047656700015068054,0.2787182629108429,0.002292381599545479,0.009656782262027264,0.051666833111085,0.3003471279516816,-0.9444794654846191,-0.9445334672927856
theta3,T4,batch2_128_255,2,6,"(2, 6)",0,26,exact_replay_715_45760_tokens,T4_batch_128,5.002366065979004,7.0747389793396,-6.389975169440731e-05,-6.389617919921875e-05,3.572495188564062e-09,5.591093604244403e-05,0,1,0.047656700015068054,0.2787182629108429,0.04968506470322609,0.28679439425468445,0.002305507194250822,0.009561019949615002,0.05397234030533582,0.3099081479012966,-0.9304553270339966,-0.9305192232131958
theta3,T4,batch2_128_255,2,6,"(2, 6)",0,27,exact_replay_715_45760_tokens,T4_batch_128,4.911980152130127,7.101003646850586,-7.920232019387186e-05,-7.921457290649414e-05,1.225271262228489e-08,0.00015467750658389767,0,1,0.04968506470322609,0.28679439425468445,0.0517273023724556,0.29474738240242004,0.0023195710964500904,0.009433337487280369,0.05629191140178591,0.319341485388577,-0.9255825877189636,-0.9256618022918701
theta3,T4,batch2_128_255,2,6,"(2, 6)",0,28,exact_replay_715_45760_tokens,T4_batch_128,4.823108673095703,7.127789497375488,-8.545201853848994e-05,-8.547306060791016e-05,2.1042069420218468e-08,0.00024618364278242676,0,1,0.0517273023724556,0.29474738240242004,0.05377746373414993,0.30260294675827026,0.002327102469280362,0.009334862232208252,0.05861901387106627,0.32867634762078524,-0.9141770601272583,-0.9142625331878662
theta3,T4,batch2_128_255,2,6,"(2, 6)",0,29,exact_replay_715_45760_tokens,T4_batch_128,4.738056182861328,7.165827751159668,-8.577761764172465e-05,-8.58306884765625e-05,5.307083483785391e-08,0.0006183200412326389,0,1,0.05377746373414993,0.30260294675827026,0.05583556368947029,0.3102741539478302,0.002335501369088888,0.009175000712275505,0.06095451524015516,0.33785134833306074,-0.9113785624504089,-0.9114643931388855
theta3,T4,batch2_128_255,2,6,"(2, 6)",0,30,exact_replay_715_45760_tokens,T4_batch_128,4.655571460723877,7.195792198181152,-9.802190470509231e-05,-9.810924530029297e-05,8.734059520065784e-08,0.0008902381720838396,0,1,0.05583556368947029,0.3102741539478302,0.0578962080180645,0.31788691878318787,0.0023342736531049013,0.009071829728782177,0.06328878889326006,0.3469231780618429,-0.908947229385376,-0.9090453386306763
theta3,T4,batch2_128_255,2,6,"(2, 6)",0,31,exact_replay_715_45760_tokens,T4_batch_128,4.572933673858643,7.220574855804443,-0.0001102289606933482,-0.00011032819747924805,9.923678589984775e-08,0.0008994689314897352,0,1,0.0578962080180645,0.31788691878318787,0.05995456501841545,0.3253868520259857,0.0023291800171136856,0.008939119055867195,0.06561796891037375,0.3558622971177101,-0.9130445122718811,-0.9131548404693604
theta3,T4,batch2_128_255,2,6,"(2, 6)",0,32,exact_replay_715_45760_tokens,T4_batch_128,4.498446464538574,7.2417707443237305,-0.00011730593541869894,-0.00011742115020751953,1.1521478882059455e-07,0.0009812098469225887,0,1,0.05995456501841545,0.3253868520259857,0.062009673565626144,0.3327530324459076,0.002323845401406288,0.008789943531155586,0.06794181431178004,0.3646522406488657,-0.9138599634170532,-0.9139773845672607
theta3,T4,batch2_128_255,2,6,"(2, 6)",0,33,exact_replay_715_45760_tokens,T4_batch_128,4.421228408813477,7.261655330657959,-0.00011343502410454676,-0.00011348724365234375,5.221954779699445e-08,0.000460135836561187,0,1,0.062009673565626144,0.3327530324459076,0.06405563652515411,0.33999866247177124,0.0023122529964894056,0.008628582581877708,0.07025406730826944,0.3732808232307434,-0.9237170815467834,-0.9238305687904358
theta3,T4,batch2_128_255,2,6,"(2, 6)",0,34,exact_replay_715_45760_tokens,T4_batch_128,4.347559452056885,7.2812347412109375,-0.00013486764510162175,-0.00013488531112670898,1.7666025087237358e-08,0.0001309707108926204,0,1,0.06405563652515411,0.33999866247177124,0.06609080731868744,0.3471035361289978,0.002298671053722501,0.008476585149765015,0.07255273836199194,0.3817574083805084,-0.9333639144897461,-0.9334987998008728
theta3,T4,batch2_128_255,2,6,"(2, 6)",0,35,exact_replay_715_45760_tokens,T4_batch_128,4.275045394897461,7.298733234405518,-0.0001435808662790805,-0.00014358758926391602,6.7229848355054855e-09,4.6821489726027395e-05,0,1,0.06609080731868744,0.3471035361289978,0.06811091303825378,0.3540722727775574,0.002280182670801878,0.008313089609146118,0.07483292103279382,0.39007049798965454,-0.9395171999931335,-0.9396607875823975
theta3,T4,batch2_128_255,2,6,"(2, 6)",0,36,exact_replay_715_45760_tokens,T4_batch_128,4.208409309387207,7.3160834312438965,-0.00015459646238014102,-0.00015461444854736328,1.798616722226143e-08,0.00011632914899768697,0,1,0.06811091303825378,0.3540722727775574,0.07011707872152328,0.36097046732902527,0.00226218206807971,0.008221750147640705,0.07709510310087353,0.39829224813729525,-0.9491300582885742,-0.9492846727371216
theta3,T4,batch2_128_255,2,6,"(2, 6)",0,37,exact_replay_715_45760_tokens,T4_batch_128,4.144011497497559,7.3287529945373535,-0.00014821863442193717,-0.00014823675155639648,1.811713445931673e-08,0.00012221756257539205,0,1,0.07011707872152328,0.36097046732902527,0.07210300117731094,0.3677113652229309,0.002238231711089611,0.008039294742047787,0.07933333481196314,0.40633154287934303,-0.9581478238105774,-0.9582960605621338
theta3,T4,batch2_128_255,2,6,"(2, 6)",0,38,exact_replay_715_45760_tokens,T4_batch_128,4.080134391784668,7.3467888832092285,-0.00014947133604437113,-0.0001494884490966797,1.7113052308559418e-08,0.00011447742224880383,0,1,0.07210300117731094,0.3677113652229309,0.07406815141439438,0.37429994344711304,0.0022142387460917234,0.00786607339978218,0.08154757355805486,0.4141976162791252,-0.9718431234359741,-0.9719926118850708
theta3,T4,batch2_128_255,2,6,"(2, 6)",0,39,exact_replay_715_45760_tokens,T4_batch_128,4.018502712249756,7.364882946014404,-0.0001547656866023317,-0.00015467405319213867,9.163341019302607e-08,0.000592429100433526,0,1,0.07406815141439438,0.37429994344711304,0.07600905746221542,0.38072216510772705,0.002186180790886283,0.0076744332909584045,0.08373375434894115,0.4218720495700836,-0.9825143814086914,-0.9826690554618835
theta3,T4,batch2_128_255,2,7,"(2, 7)",1,0,exact_replay_715_45760_tokens,T4_batch_128,8.66128158569336,8.241799354553223,0.0018463939195498824,0.0018463134765625,8.044298738241196e-08,4.356951752970041e-05,1,0,0.0,0.0,0.0019375889096409082,0.014964018948376179,0.0019375889096409082,0.014964018948376179,0.0019375889096409082,0.014964018948376179,-2.3616557121276855,-2.359809398651123
theta3,T4,batch2_128_255,2,7,"(2, 7)",1,1,exact_replay_715_45760_tokens,T4_batch_128,8.435966491699219,8.089107513427734,0.0017833957681432366,0.001783132553100586,2.632150426506996e-07,0.000147613839584169,1,0,0.0019375889096409082,0.014964018948376179,0.0038535743951797485,0.02978520654141903,0.0019186355639249086,0.014836429618299007,0.003856224473565817,0.029800448566675186,-2.3484256267547607,-2.34664249420166
theta3,T4,batch2_128_255,2,7,"(2, 7)",1,2,exact_replay_715_45760_tokens,T4_batch_128,8.218910217285156,7.931116104125977,0.0017160555580630898,0.0017156600952148438,3.9546284824609756e-07,0.00023050186301417454,1,0,0.0038535743951797485,0.02978520654141903,0.005744774825870991,0.04441600292921066,0.0018990769749507308,0.014674059115350246,0.005755301448516548,0.04447450768202543,-2.336277961730957,-2.334562301635742
theta3,T4,batch2_128_255,2,7,"(2, 7)",1,3,exact_replay_715_45760_tokens,T4_batch_128,8.011550903320312,7.773293972015381,0.0016564632533118129,0.0016560554504394531,4.0780287235975266e-07,0.0002462495276058163,1,0,0.005744774825870991,0.04441600292921066,0.007614562753587961,0.05893717333674431,0.0018854024820029736,0.014615019783377647,0.007640703930519521,0.05908952746540308,-2.3177051544189453,-2.316049098968506
theta3,T4,batch2_128_255,2,7,"(2, 7)",1,4,exact_replay_715_45760_tokens,T4_batch_128,7.802547931671143,7.622823715209961,0.0015824510483071208,0.0015823841094970703,6.693881005048752e-08,4.2302503955100194e-05,1,0,0.007614562753587961,0.05893717333674431,0.009460924193263054,0.0731806829571724,0.0018739000661298633,0.014397410675883293,0.009514603996649384,0.07348693814128637,-2.3032329082489014,-2.3016505241394043
theta3,T4,batch2_128_255,2,7,"(2, 7)",1,5,exact_replay_715_45760_tokens,T4_batch_128,7.596116065979004,7.486021995544434,0.001504032756201923,0.0015039443969726562,8.835922926664352e-08,5.8751659598922004e-05,1,0,0.009460924193263054,0.0731806829571724,0.011285222135484219,0.0871909037232399,0.0018662366783246398,0.014225130900740623,0.011380840674974024,0.087712069042027,-2.2680602073669434,-2.2665562629699707
theta3,T4,batch2_128_255,2,7,"(2, 7)",1,6,exact_replay_715_45760_tokens,T4_batch_128,7.387504577636719,7.365875244140625,0.0014232180546969175,0.001422882080078125,3.359746187925339e-07,0.00023612260179289545,1,0,0.011285222135484219,0.0871909037232399,0.013087292201817036,0.10086073726415634,0.0018617104506120086,0.013962699100375175,0.013242551125586033,0.10167476814240217,-2.2388436794281006,-2.2374207973480225
theta3,T4,batch2_128_255,2,7,"(2, 7)",1,7,exact_replay_715_45760_tokens,T4_batch_128,7.192543029785156,7.252485752105713,0.001341121969744563,0.0013408660888671875,2.558808773756027e-07,0.00019083253689544807,1,0,0.013087292201817036,0.10086073726415634,0.014870937913656235,0.11412055045366287,0.0018623840296640992,0.013630921952426434,0.015104935155250132,0.1153056900948286,-2.197890281677246,-2.196549415588379
theta3,T4,batch2_128_255,2,7,"(2, 7)",1,8,exact_replay_715_45760_tokens,T4_batch_128,7.0077667236328125,7.152826309204102,0.0012476701522246003,0.0012476444244384766,2.5727786123752594e-08,2.06210885247468e-05,1,0,0.014870937913656235,0.11412055045366287,0.016639672219753265,0.12692922353744507,0.0018690187716856599,0.013283505104482174,0.016973953926935792,0.12858919519931078,-2.1813032627105713,-2.180055618286133
theta3,T4,batch2_128_255,2,7,"(2, 7)",1,9,exact_replay_715_45760_tokens,T4_batch_128,6.828073501586914,7.069149017333984,0.001130415010266006,0.0011303424835205078,7.252674549818039e-08,6.416351376291921e-05,1,0,0.016639672219753265,0.12692922353744507,0.01839509792625904,0.13926319777965546,0.001880305353552103,0.012924338690936565,0.018854259280487895,0.14151353389024734,-2.156010150909424,-2.1548798084259033
theta3,T4,batch2_128_255,2,7,"(2, 7)",1,10,exact_replay_715_45760_tokens,T4_batch_128,6.65884256362915,7.013462543487549,0.0010039809858426452,0.0010039806365966797,3.4924596548080444e-10,3.4786125623367373e-07,1,0,0.01839509792625904,0.13926319777965546,0.020143825560808182,0.1510484516620636,0.0018982926849275827,0.01250022929161787,0.020752551965415478,0.15401376318186522,-2.142899751663208,-2.1418957710266113
theta3,T4,batch2_128_255,2,7,"(2, 7)",1,11,exact_replay_715_45760_tokens,T4_batch_128,6.497261047363281,6.9681806564331055,0.000855462858453393,0.0008554458618164062,1.6996636986732483e-08,1.9868746516164996e-05,1,0,0.020143825560808182,0.1510484516620636,0.02188844047486782,0.16237416863441467,0.0019197841174900532,0.012198079377412796,0.02267233608290553,0.166211842559278,-2.1363933086395264,-2.13553786277771
theta3,T4,batch2_128_255,2,7,"(2, 7)",1,12,exact_replay_715_45760_tokens,T4_batch_128,6.350219249725342,6.9361677169799805,0.0007129917503334582,0.0007131099700927734,1.182197593152523e-07,0.00016578054475927784,1,0,0.02188844047486782,0.16237416863441467,0.023638352751731873,0.17328017950057983,0.001947940792888403,0.011878118850290775,0.024620276875793934,0.1780899614095688,-2.1366515159606934,-2.1359384059906006
theta3,T4,batch2_128_255,2,7,"(2, 7)",1,13,exact_replay_715_45760_tokens,T4_batch_128,6.209377288818359,6.919183731079102,0.0005265067447908223,0.0005266666412353516,1.5989644452929497e-07,0.00030360085870303306,1,0,0.023638352751731873,0.17328017950057983,0.025394214317202568,0.18371376395225525,0.001978653483092785,0.011534946039319038,0.02659893035888672,0.18962490744888783,-2.1413328647613525,-2.140806198120117
theta3,T4,batch2_128_255,2,7,"(2, 7)",1,14,exact_replay_715_45760_tokens,T4_batch_128,6.08281135559082,6.906550407409668,0.000386244646506384,0.00038623809814453125,6.548361852765083e-09,1.6954210069444445e-05,1,0,0.025394214317202568,0.18371376395225525,0.02716975286602974,0.19387376308441162,0.0020141862332820892,0.011349016800522804,0.028613116592168808,0.20097392424941063,-2.151365280151367,-2.1509790420532227
theta3,T4,batch2_128_255,2,7,"(2, 7)",1,15,exact_replay_715_45760_tokens,T4_batch_128,5.955430030822754,6.900431156158447,0.00024366828438360244,0.00024366378784179688,4.496541805565357e-09,1.8453877965998044e-05,1,0,0.02716975286602974,0.19387376308441162,0.028966359794139862,0.20381487905979156,0.002047112677246332,0.011216677725315094,0.03066022926941514,0.21219060197472572,-2.1701016426086426,-2.169857978820801
theta3,T4,batch2_128_255,2,7,"(2, 7)",1,16,exact_replay_715_45760_tokens,T4_batch_128,5.8287200927734375,6.902719020843506,6.034516263753176e-05,6.008148193359375e-05,2.6368070393800735e-07,0.00438871837797619,1,0,0.028966359794139862,0.20381487905979156,0.03078473173081875,0.21339885890483856,0.002084980020299554,0.010966011323034763,0.032745209289714694,0.2231566132977605,-2.201493978500366,-2.2014338970184326
theta3,T4,batch2_128_255,2,7,"(2, 7)",1,17,exact_replay_715_45760_tokens,T4_batch_128,5.7077226638793945,6.910542011260986,-0.00010820739407790825,-0.00010824203491210938,3.464083420112729e-08,0.00032003125430203746,0,1,0.03078473173081875,0.21339885890483856,0.032625362277030945,0.2226729840040207,0.002117473166435957,0.010715038515627384,0.03486268245615065,0.23387165181338787,-2.2428455352783203,-2.2429537773132324
theta3,T4,batch2_128_255,2,7,"(2, 7)",1,18,exact_replay_715_45760_tokens,T4_batch_128,5.600175857543945,6.920662879943848,-0.00026934591005556285,-0.0002694129943847656,6.708432920277119e-08,0.0002490018321349558,0,1,0.032625362277030945,0.2226729840040207,0.03449547663331032,0.23170839250087738,0.00215548905543983,0.010573266074061394,0.03701817151159048,0.24444491788744926,-2.273716449737549,-2.2739858627319336
theta3,T4,batch2_128_255,2,7,"(2, 7)",1,19,exact_replay_715_45760_tokens,T4_batch_128,5.492436408996582,6.937267780303955,-0.00044966122368350625,-0.0004494190216064453,2.422020770609379e-07,0.0005389226210212202,0,1,0.03449547663331032,0.23170839250087738,0.03638891875743866,0.240457683801651,0.0021855547092854977,0.01038194540888071,0.03920372622087598,0.25482686329633,-2.307530641555786,-2.3079800605773926
theta3,T4,batch2_128_255,2,7,"(2, 7)",1,20,exact_replay_715_45760_tokens,T4_batch_128,5.384671211242676,6.949096202850342,-0.0005882777040824294,-0.0005886554718017578,3.7776771932840347e-07,0.0006417467218509518,0,1,0.03638891875743866,0.240457683801651,0.0383063368499279,0.24899260699748993,0.0022121411748230457,0.010220355354249477,0.041415867395699024,0.26504721865057945,-2.3483774662017822,-2.348966121673584
theta3,T4,batch2_128_255,2,7,"(2, 7)",1,21,exact_replay_715_45760_tokens,T4_batch_128,5.282135009765625,6.9612298011779785,-0.0007554301992058754,-0.0007555484771728516,1.1827796697616577e-07,0.000156545834648154,0,1,0.0383063368499279,0.24899260699748993,0.04024272412061691,0.2573239207267761,0.0022331196814775467,0.010076943784952164,0.04364898707717657,0.2751241624355316,-2.382972478866577,-2.38372802734375
theta3,T4,batch2_128_255,2,7,"(2, 7)",1,22,exact_replay_715_45760_tokens,T4_batch_128,5.177833080291748,6.96536111831665,-0.0008681988110765815,-0.0008683204650878906,1.2165401130914688e-07,0.00014010266508786382,0,1,0.04024272412061691,0.2573239207267761,0.04219822958111763,0.26558348536491394,0.002249345649033785,0.010025378316640854,0.045898332726210356,0.28514954075217247,-2.43105411529541,-2.431922435760498
theta3,T4,batch2_128_255,2,7,"(2, 7)",1,23,exact_replay_715_45760_tokens,T4_batch_128,5.075443267822266,6.973482608795166,-0.0009737086365930736,-0.0009739398956298828,2.31259036809206e-07,0.0002374469285495716,0,1,0.04219822958111763,0.26558348536491394,0.04416876658797264,0.27373307943344116,0.0022604288533329964,0.009899469092488289,0.04815876157954335,0.29504900984466076,-2.4796714782714844,-2.4806454181671143
theta3,T4,batch2_128_255,2,7,"(2, 7)",1,24,exact_replay_715_45760_tokens,T4_batch_128,4.977633476257324,6.973338603973389,-0.0010708727641031146,-0.0010709762573242188,1.0349322110414505e-07,9.663446822128229e-05,0,1,0.04416876658797264,0.27373307943344116,0.04615023359656334,0.2817753851413727,0.0022670230828225613,0.009779265150427818,0.05042578466236591,0.3048282749950886,-2.5282511711120605,-2.5293221473693848
theta3,T4,batch2_128_255,2,7,"(2, 7)",1,25,exact_replay_715_45760_tokens,T4_batch_128,4.878192901611328,6.980503082275391,-0.0011409064754843712,-0.0011410713195800781,1.648440957069397e-07,0.000144464323025491,0,1,0.04615023359656334,0.2817753851413727,0.048137981444597244,0.2897154688835144,0.0022656789515167475,0.009597992524504662,0.05269146361388266,0.31442626751959324,-2.5681517124176025,-2.5692927837371826
theta3,T4,batch2_128_255,2,7,"(2, 7)",1,26,exact_replay_715_45760_tokens,T4_batch_128,4.782764434814453,6.990283966064453,-0.0012394542573019862,-0.001239776611328125,3.223540261387825e-07,0.000260009765625,0,1,0.048137981444597244,0.2897154688835144,0.05012497305870056,0.29752975702285767,0.002260832116007805,0.009465971030294895,0.054952295729890466,0.32389223854988813,-2.603544235229492,-2.6047840118408203
theta3,T4,batch2_128_255,2,7,"(2, 7)",1,27,exact_replay_715_45760_tokens,T4_batch_128,4.693752288818359,7.0015645027160645,-0.0013191626640036702,-0.0013194084167480469,2.457527443766594e-07,0.0001862597973888688,0,1,0.05012497305870056,0.29752975702285767,0.052112750709056854,0.30522531270980835,0.0022563254460692406,0.00932502094656229,0.057208621175959706,0.3332172594964504,-2.6397528648376465,-2.6410722732543945
theta3,T4,batch2_128_255,2,7,"(2, 7)",1,28,exact_replay_715_45760_tokens,T4_batch_128,4.604509353637695,7.015416622161865,-0.0013925695093348622,-0.0013926029205322266,3.341119736433029e-08,2.399190528162986e-05,0,1,0.052112750709056854,0.30522531270980835,0.054092928767204285,0.31280213594436646,0.002243091817945242,0.009190650656819344,0.05945171299390495,0.34240791015326977,-2.669250011444092,-2.670642614364624
theta3,T4,batch2_128_255,2,7,"(2, 7)",1,29,exact_replay_715_45760_tokens,T4_batch_128,4.516603946685791,7.027300834655762,-0.0014390881406143308,-0.0014390945434570312,6.402842700481415e-09,4.4492161613651425e-06,0,1,0.054092928767204285,0.31280213594436646,0.056061215698719025,0.3202630281448364,0.002223141258582473,0.009036196395754814,0.06167485425248742,0.3514441065490246,-2.6951842308044434,-2.6966233253479004
theta3,T4,batch2_128_255,2,7,"(2, 7)",1,30,exact_replay_715_45760_tokens,T4_batch_128,4.433725357055664,7.035091876983643,-0.0014922767877578735,-0.0014922618865966797,1.4901161193847656e-08,9.985620706183096e-06,0,1,0.056061215698719025,0.3202630281448364,0.05801369249820709,0.3275871276855469,0.002200210699811578,0.00886043906211853,0.063875064952299,0.3603045456111431,-2.721015453338623,-2.7225077152252197
theta3,T4,batch2_128_255,2,7,"(2, 7)",1,31,exact_replay_715_45760_tokens,T4_batch_128,4.35481071472168,7.038209915161133,-0.0014975317753851414,-0.0014977455139160156,2.1373853087425232e-07,0.00014270684097421205,0,1,0.05801369249820709,0.3275871276855469,0.059949398040771484,0.33477893471717834,0.0021741746459156275,0.008685613051056862,0.06604923959821463,0.3689901586622,-2.743130922317505,-2.744628667831421
theta3,T4,batch2_128_255,2,7,"(2, 7)",1,32,exact_replay_715_45760_tokens,T4_batch_128,4.277910232543945,7.044226169586182,-0.001539595890790224,-0.0015397071838378906,1.1129304766654968e-07,7.22819564880768e-05,0,1,0.059949398040771484,0.33477893471717834,0.06186328083276749,0.3418043851852417,0.0021457811817526817,0.008488154970109463,0.06819502077996731,0.37747831363230944,-2.777853488922119,-2.779393196105957
theta3,T4,batch2_128_255,2,7,"(2, 7)",1,33,exact_replay_715_45760_tokens,T4_batch_128,4.2036356925964355,7.058262825012207,-0.0015354170463979244,-0.0015354156494140625,1.3969838619232178e-09,9.098408385093168e-07,0,1,0.06186328083276749,0.3418043851852417,0.06375177949666977,0.3486594557762146,0.0021123504266142845,0.008276579901576042,0.07030737120658159,0.3857548935338855,-2.793105363845825,-2.7946407794952393
theta3,T4,batch2_128_255,2,7,"(2, 7)",1,34,exact_replay_715_45760_tokens,T4_batch_128,4.130703449249268,7.076656818389893,-0.0015457645058631897,-0.0015463829040527344,6.183981895446777e-07,0.00039989978415047795,0,1,0.06375177949666977,0.3486594557762146,0.06561128795146942,0.3553076386451721,0.002076211152598262,0.008040664717555046,0.07238358235917985,0.3937955582514405,-2.805197238922119,-2.806743621826172
theta3,T4,batch2_128_255,2,7,"(2, 7)",1,35,exact_replay_715_45760_tokens,T4_batch_128,4.062753200531006,7.087064266204834,-0.0015359075041487813,-0.0015361309051513672,2.234010025858879e-07,0.00014543096674685704,0,1,0.06561128795146942,0.3553076386451721,0.06744230538606644,0.36180880665779114,0.0020399107597768307,0.007851598784327507,0.07442349311895669,0.40164715703576803,-2.8210344314575195,-2.822570562362671
theta3,T4,batch2_128_255,2,7,"(2, 7)",1,36,exact_replay_715_45760_tokens,T4_batch_128,4.003057956695557,7.096334934234619,-0.0015451912768185139,-0.0015454292297363281,2.3795291781425476e-07,0.00015397205723542118,0,1,0.06744230538606644,0.36180880665779114,0.06924508512020111,0.368154913187027,0.0020050834864377975,0.007668025325983763,0.07642857660539448,0.4093151823617518,-2.835458278656006,-2.837003707885742
theta3,T4,batch2_128_255,2,7,"(2, 7)",1,37,exact_replay_715_45760_tokens,T4_batch_128,3.9440553188323975,7.110081195831299,-0.0015355153009295464,-0.001535654067993164,1.387670636177063e-07,9.036349169383636e-05,0,1,0.06924508512020111,0.368154913187027,0.07101711630821228,0.37434080243110657,0.0019670857582241297,0.007473575416952372,0.07839566236361861,0.41678875777870417,-2.8453681468963623,-2.8469038009643555
theta3,T4,batch2_128_255,2,7,"(2, 7)",1,38,exact_replay_715_45760_tokens,T4_batch_128,3.8891992568969727,7.123682975769043,-0.0015256978804245591,-0.0015261173248291016,4.1944440454244614e-07,0.00027484414056397436,0,1,0.07101711630821228,0.37434080243110657,0.07275840640068054,0.3803708851337433,0.0019298880361020565,0.007288963999599218,0.08032555039972067,0.4240777217783034,-2.8557181358337402,-2.8572442531585693
theta3,T4,batch2_128_255,2,7,"(2, 7)",1,39,exact_replay_715_45760_tokens,T4_batch_128,3.8359904289245605,7.140910625457764,-0.0015154507709667087,-0.0015156269073486328,1.7613638192415237e-07,0.00011621354904042787,0,1,0.07275840640068054,0.3803708851337433,0.07446721196174622,0.38624757528305054,0.001890599261969328,0.007103502284735441,0.08221614966169,0.4311812240630388,-2.8653764724731445,-2.866892099380493
theta3,T4,batch2_128_255,3,4,"(3, 4)",0,0,exact_replay_715_45760_tokens,T4_batch_128,8.746499061584473,8.241799354553223,0.0017515587387606502,0.0017511844635009766,3.7427525967359543e-07,0.0002137269188223281,1,0,0.0,0.0,0.0018973626429215074,0.014241388067603111,0.0018973626429215074,0.014241388067603111,0.0018973626429215074,0.014241388067603111,-2.154154062271118,-2.152402877807617
theta3,T4,batch2_128_255,3,4,"(3, 4)",0,1,exact_replay_715_45760_tokens,T4_batch_128,8.540529251098633,8.111845970153809,0.001598903676494956,0.001598358154296875,5.455221980810165e-07,0.0003413016016557279,1,0,0.0018973626429215074,0.014241388067603111,0.0037711355835199356,0.028199879452586174,0.0018762340769171715,0.01397114060819149,0.003773596719838679,0.0282125286757946,-2.0747909545898438,-2.073192596435547
theta3,T4,batch2_128_255,3,4,"(3, 4)",0,2,exact_replay_715_45760_tokens,T4_batch_128,8.353374481201172,7.980159282684326,0.0014596966793760657,0.0014595985412597656,9.813811630010605e-08,6.723637598007187e-05,1,0,0.0037711355835199356,0.028199879452586174,0.005625008139759302,0.04186103865504265,0.0018610174302011728,0.013697165064513683,0.005634614150039852,0.041909693740308285,-1.9989020824432373,-1.9974424839019775
theta3,T4,batch2_128_255,3,4,"(3, 4)",0,3,exact_replay_715_45760_tokens,T4_batch_128,8.168435096740723,7.854589462280273,0.0013399001909419894,0.001339554786682129,3.454042598605156e-07,0.00025785004338346534,1,0,0.005625008139759302,0.04186103865504265,0.00745643163099885,0.055294062942266464,0.0018454615492373705,0.013503958471119404,0.007480075699277222,0.05541365221142769,-1.9346098899841309,-1.9332703351974487
theta3,T4,batch2_128_255,3,4,"(3, 4)",0,4,exact_replay_715_45760_tokens,T4_batch_128,7.983406066894531,7.72799015045166,0.0012255462352186441,0.0012254714965820312,7.473863661289215e-08,6.098765807392996e-05,1,0,0.00745643163099885,0.055294062942266464,0.009264009073376656,0.06840392202138901,0.0018312325701117516,0.013230936601758003,0.009311308269388974,0.06864458881318569,-1.8686041831970215,-1.8673787117004395
theta3,T4,batch2_128_255,3,4,"(3, 4)",0,5,exact_replay_715_45760_tokens,T4_batch_128,7.813587188720703,7.61095666885376,0.0011130941566079855,0.0011129379272460938,1.5622936189174652e-07,0.00014037562928449014,1,0,0.009264009073376656,0.06840392202138901,0.011049436405301094,0.08104410767555237,0.0018213315634056926,0.012817534618079662,0.011132639832794666,0.08146212343126535,-1.8059337139129639,-1.8048207759857178
theta3,T4,batch2_128_255,3,4,"(3, 4)",0,6,exact_replay_715_45760_tokens,T4_batch_128,7.655209541320801,7.499993801116943,0.0010201999684795737,0.0010200738906860352,1.260777935385704e-07,0.00012359672636438003,1,0,0.011049436405301094,0.08104410767555237,0.01282244361937046,0.09323643147945404,0.001821498037315905,0.012428689748048782,0.012954137870110571,0.09389081317931414,-1.748406171798706,-1.74738609790802
theta3,T4,batch2_128_255,3,4,"(3, 4)",0,7,exact_replay_715_45760_tokens,T4_batch_128,7.494807243347168,7.39771842956543,0.0009287333814427257,0.0009285211563110352,2.1222513169050217e-07,0.0002285625160482732,1,0,0.01282244361937046,0.09323643147945404,0.014584347605705261,0.10485142469406128,0.001824717503041029,0.01193445734679699,0.0147788553731516,0.10582527052611113,-1.704785704612732,-1.703857183456421
theta3,T4,batch2_128_255,3,4,"(3, 4)",0,8,exact_replay_715_45760_tokens,T4_batch_128,7.356218338012695,7.308317184448242,0.0008566160104237497,0.0008566379547119141,2.1944288164377213e-08,2.5616759149735597e-05,1,0,0.014584347605705261,0.10485142469406128,0.016341358423233032,0.1160421222448349,0.0018310522427782416,0.011592889204621315,0.016609907615929842,0.11741815973073244,-1.664183497428894,-1.6633268594741821
theta3,T4,batch2_128_255,3,4,"(3, 4)",0,9,exact_replay_715_45760_tokens,T4_batch_128,7.223742485046387,7.220066070556641,0.0007914319867268205,0.0007913112640380859,1.207226887345314e-07,0.000152560306191624,1,0,0.016341358423233032,0.1160421222448349,0.018096767365932465,0.12687081098556519,0.0018407490570098162,0.011312018148601055,0.018450656672939658,0.1287301778793335,-1.6240410804748535,-1.6232497692108154
theta3,T4,batch2_128_255,3,4,"(3, 4)",0,10,exact_replay_715_45760_tokens,T4_batch_128,7.093857765197754,7.138000965118408,0.0007388732628896832,0.0007388591766357422,1.4086253941059113e-08,1.906486971603743e-05,1,0,0.018096767365932465,0.12687081098556519,0.019855648279190063,0.13740989565849304,0.0018541929312050343,0.011099097318947315,0.020304849604144692,0.1398292751982808,-1.5908927917480469,-1.5901539325714111
theta3,T4,batch2_128_255,3,4,"(3, 4)",0,11,exact_replay_715_45760_tokens,T4_batch_128,6.967288970947266,7.0546464920043945,0.0006920567248016596,0.0006920099258422852,4.6798959374427795e-08,6.762758397932816e-05,1,0,0.019855648279190063,0.13740989565849304,0.021616214886307716,0.14767354726791382,0.0018659122288227081,0.01091383583843708,0.0221707618329674,0.1507431110367179,-1.576189398765564,-1.5754973888397217
theta3,T4,batch2_128_255,3,4,"(3, 4)",0,12,exact_replay_715_45760_tokens,T4_batch_128,6.849486351013184,6.9824137687683105,0.0006479800213128328,0.0006479024887084961,7.753260433673859e-08,0.00011966708831646734,1,0,0.021616214886307716,0.14767354726791382,0.023382483050227165,0.15770576894283295,0.0018815232906490564,0.01076778955757618,0.024052285123616457,0.16151090059429407,-1.565563440322876,-1.5649155378341675
theta3,T4,batch2_128_255,3,4,"(3, 4)",0,13,exact_replay_715_45760_tokens,T4_batch_128,6.736040115356445,6.910456657409668,0.0006298237130977213,0.0006296634674072266,1.6024569049477577e-07,0.0002544941842578569,1,0,0.023382483050227165,0.15770576894283295,0.025158053264021873,0.16768428683280945,0.0018989586969837546,0.010749406181275845,0.02595124382060021,0.17226030677556992,-1.5618698596954346,-1.5612401962280273
theta3,T4,batch2_128_255,3,4,"(3, 4)",0,14,exact_replay_715_45760_tokens,T4_batch_128,6.620369911193848,6.848395347595215,0.0005905432044528425,0.0005905628204345703,1.9615981727838516e-08,3.321574106782398e-05,1,0,0.025158053264021873,0.16768428683280945,0.026940347626805305,0.17751316726207733,0.0019157094648107886,0.010673634707927704,0.027866953285411,0.18293394148349762,-1.5528626441955566,-1.552272081375122
theta3,T4,batch2_128_255,3,4,"(3, 4)",0,15,exact_replay_715_45760_tokens,T4_batch_128,6.506564140319824,6.78518533706665,0.0005502630374394357,0.0005505084991455078,2.4546170607209206e-07,0.00044588177376569943,1,0,0.026940347626805305,0.17751316726207733,0.028727922588586807,0.18719811737537384,0.001929779420606792,0.010587772354483604,0.029796732706017792,0.19352171383798122,-1.5499258041381836,-1.549375295639038
theta3,T4,batch2_128_255,3,4,"(3, 4)",0,16,exact_replay_715_45760_tokens,T4_batch_128,6.384574890136719,6.7273077964782715,0.0005091098137199879,0.0005090236663818359,8.614733815193176e-08,0.00016924033957845433,1,0,0.028727922588586807,0.18719811737537384,0.03052162379026413,0.19678954780101776,0.0019467861857265234,0.0105595663189888,0.031743518891744316,0.20408128015697002,-1.549687147140503,-1.549178123474121
theta3,T4,batch2_128_255,3,4,"(3, 4)",0,17,exact_replay_715_45760_tokens,T4_batch_128,6.269711971282959,6.67271614074707,0.0004656313976738602,0.00046563148498535156,8.731149137020111e-11,1.8751200076804915e-07,1,0,0.03052162379026413,0.19678954780101776,0.03232377767562866,0.20629990100860596,0.0019653933122754097,0.010504219681024551,0.033708912204019725,0.21458549983799458,-1.5528039932250977,-1.5523383617401123
theta3,T4,batch2_128_255,3,4,"(3, 4)",0,18,exact_replay_715_45760_tokens,T4_batch_128,6.16645622253418,6.617773056030273,0.00042689000838436186,0.0004267692565917969,1.2075179256498814e-07,0.0002829439813198324,1,0,0.03232377767562866,0.20629990100860596,0.03413740172982216,0.2157430499792099,0.001987830502912402,0.010503200814127922,0.03569674270693213,0.2250887006521225,-1.5613486766815186,-1.5609219074249268
theta3,T4,batch2_128_255,3,4,"(3, 4)",0,19,exact_replay_715_45760_tokens,T4_batch_128,6.056295394897461,6.573509693145752,0.0004025220114272088,0.0004025697708129883,4.775938577950001e-08,0.00011863629423304709,1,0,0.03413740172982216,0.2157430499792099,0.03596028313040733,0.22514556348323822,0.0020055498462170362,0.010493377223610878,0.037702292553149164,0.23558207787573338,-1.5831000804901123,-1.5826975107192993
theta3,T4,batch2_128_255,3,4,"(3, 4)",0,20,exact_replay_715_45760_tokens,T4_batch_128,5.941464424133301,6.542020797729492,0.0003690345329232514,0.0003688335418701172,2.0099105313420296e-07,0.0005449370252908856,1,0,0.03596028313040733,0.22514556348323822,0.037791527807712555,0.23445552587509155,0.002024340210482478,0.010439134202897549,0.03972663276363164,0.24602121207863092,-1.6051578521728516,-1.6047890186309814
theta3,T4,batch2_128_255,3,4,"(3, 4)",0,21,exact_replay_715_45760_tokens,T4_batch_128,5.831819534301758,6.511169910430908,0.00032750453101471066,0.0003273487091064453,1.5582190826535225e-07,0.0004760119833394028,1,0,0.037791527807712555,0.23445552587509155,0.03962880000472069,0.2436247617006302,0.002039731713011861,0.010325427167117596,0.0417663644766435,0.2563466392457485,-1.623939037322998,-1.6236116886138916
theta3,T4,batch2_128_255,3,4,"(3, 4)",0,22,exact_replay_715_45760_tokens,T4_batch_128,5.727207183837891,6.492316722869873,0.0002914096985477954,0.0002912282943725586,1.8140417523682117e-07,0.0006228933752046664,1,0,0.03962880000472069,0.2436247617006302,0.0414760522544384,0.2527800500392914,0.0020584084559231997,0.01032401341944933,0.0438247729325667,0.26667065266519785,-1.6501729488372803,-1.6498817205429077
theta3,T4,batch2_128_255,3,4,"(3, 4)",0,23,exact_replay_715_45760_tokens,T4_batch_128,5.622006416320801,6.483397483825684,0.00025206984719261527,0.00025200843811035156,6.140908226370811e-08,0.00024367867490539263,1,0,0.0414760522544384,0.2527800500392914,0.04332985728979111,0.26182231307029724,0.0020745510701090097,0.010224156081676483,0.04589932400267571,0.27689480874687433,-1.683439016342163,-1.6831870079040527
theta3,T4,batch2_128_255,3,4,"(3, 4)",0,24,exact_replay_715_45760_tokens,T4_batch_128,5.516401290893555,6.47695779800415,0.00021432813082356006,0.0002143383026123047,1.017178874462843e-08,4.7456701021968855e-05,1,0,0.04332985728979111,0.26182231307029724,0.045189645141363144,0.270770788192749,0.002087523229420185,0.010143402963876724,0.0479868472320959,0.28703821171075106,-1.7127339839935303,-1.712519645690918
theta3,T4,batch2_128_255,3,4,"(3, 4)",0,25,exact_replay_715_45760_tokens,T4_batch_128,5.41165828704834,6.482681751251221,0.0001750620431266725,0.00017499923706054688,6.280606612563133e-08,0.00035889337108310624,1,0,0.045189645141363144,0.270770788192749,0.0470544695854187,0.27965736389160156,0.002099208766594529,0.01008959487080574,0.050086055998690426,0.2971278065815568,-1.7474772930145264,-1.7473022937774658
theta3,T4,batch2_128_255,3,4,"(3, 4)",0,26,exact_replay_715_45760_tokens,T4_batch_128,5.307949542999268,6.487425327301025,0.00014168050256557763,0.00014162063598632812,5.986657924950123e-08,0.0004227249710648148,1,0,0.0470544695854187,0.27965736389160156,0.04892420768737793,0.28844961524009705,0.0021103231701999903,0.01000637374818325,0.05219637916889042,0.30713418032974005,-1.7790582180023193,-1.778916597366333
theta3,T4,batch2_128_255,3,4,"(3, 4)",0,27,exact_replay_715_45760_tokens,T4_batch_128,5.208752632141113,6.503905773162842,0.00011961502605117857,0.00011968612670898438,7.110065780580044e-08,0.0005940593096364541,1,0,0.04892420768737793,0.28844961524009705,0.05079568922519684,0.2971801161766052,0.002115835202857852,0.009935060515999794,0.05431221437174827,0.31706924084573984,-1.8097057342529297,-1.8095860481262207
theta3,T4,batch2_128_255,3,4,"(3, 4)",0,28,exact_replay_715_45760_tokens,T4_batch_128,5.110086441040039,6.521531105041504,9.384022996528074e-05,9.369850158691406e-05,1.4172837836667895e-07,0.0015126002653864505,1,0,0.05079568922519684,0.2971801161766052,0.052667852491140366,0.305813193321228,0.0021208426915109158,0.009840844199061394,0.056433057063259184,0.32691008504480124,-1.8493117094039917,-1.8492180109024048
theta3,T4,batch2_128_255,3,4,"(3, 4)",0,29,exact_replay_715_45760_tokens,T4_batch_128,5.012776851654053,6.542696952819824,7.396786531899124e-05,7.390975952148438e-05,5.810579750686884e-08,0.0007861721900201613,1,0,0.052667852491140366,0.305813193321228,0.05453820154070854,0.31431788206100464,0.002122463658452034,0.009715571999549866,0.05855552072171122,0.3366256570443511,-1.8847805261611938,-1.8847066164016724
theta3,T4,batch2_128_255,3,4,"(3, 4)",0,30,exact_replay_715_45760_tokens,T4_batch_128,4.9124755859375,6.567841529846191,6.463140744017437e-05,6.449222564697266e-05,1.3918179320171475e-07,0.0021581173824514787,1,0,0.05453820154070854,0.31431788206100464,0.05640286207199097,0.322657972574234,0.0021206301171332598,0.009563988074660301,0.06067615083884448,0.3461896451190114,-1.914760947227478,-1.914696455001831
theta3,T4,batch2_128_255,3,4,"(3, 4)",0,31,exact_replay_715_45760_tokens,T4_batch_128,4.823756217956543,6.5942182540893555,5.143665839568712e-05,5.1140785217285156e-05,2.958731784019619e-07,0.005785464128969988,1,0,0.05640286207199097,0.322657972574234,0.058264002203941345,0.33093851804733276,0.00211669341661036,0.009493213146924973,0.06279284425545484,0.3556828582659364,-1.9451401233673096,-1.9450889825820923
theta3,T4,batch2_128_255,3,4,"(3, 4)",0,32,exact_replay_715_45760_tokens,T4_batch_128,4.731661796569824,6.62455415725708,4.156652357778512e-05,4.1484832763671875e-05,8.169081411324441e-08,0.0019691730367726295,1,0,0.058264002203941345,0.33093851804733276,0.060116738080978394,0.3390398323535919,0.0021087497007101774,0.009323637932538986,0.06490159395616502,0.36500649619847536,-1.9770530462265015,-1.9770115613937378
theta3,T4,batch2_128_255,3,4,"(3, 4)",0,33,exact_replay_715_45760_tokens,T4_batch_128,4.642220973968506,6.656668186187744,3.8423338992288336e-05,3.838539123535156e-05,3.794775693677366e-08,0.0009885989360927795,1,0,0.060116738080978394,0.3390398323535919,0.06195627897977829,0.3469844162464142,0.0020944734569638968,0.009163105860352516,0.06699606741312891,0.3741696020588279,-2.0098023414611816,-2.0097639560699463
theta3,T4,batch2_128_255,3,4,"(3, 4)",0,34,exact_replay_715_45760_tokens,T4_batch_128,4.551627159118652,6.687047958374023,4.01319884986151e-05,4.00543212890625e-05,7.766720955260098e-08,0.0019390469505673363,1,0,0.06195627897977829,0.3469844162464142,0.06377921253442764,0.35473108291625977,0.002077273791655898,0.008980135433375835,0.06907334120478481,0.3831497374922037,-2.0405845642089844,-2.0405445098876953
theta3,T4,batch2_128_255,3,4,"(3, 4)",0,35,exact_replay_715_45760_tokens,T4_batch_128,4.472421169281006,6.724806308746338,2.8865501008112915e-05,2.86102294921875e-05,2.5527151592541486e-07,0.008922386169433593,1,0,0.06377921253442764,0.35473108291625977,0.06558507680892944,0.36233144998550415,0.002057204954326153,0.008824964985251427,0.07113054615911096,0.39197470247745514,-2.0613043308258057,-2.0612757205963135
theta3,T4,batch2_128_255,3,4,"(3, 4)",0,36,exact_replay_715_45760_tokens,T4_batch_128,4.3946990966796875,6.761394500732422,3.289286541985348e-05,3.266334533691406e-05,2.2952008293941617e-07,0.007026839430314781,1,0,0.06558507680892944,0.36233144998550415,0.0673721507191658,0.36979544162750244,0.002034696051850915,0.00867388490587473,0.07316524221096188,0.40064858738332987,-2.08821964263916,-2.0881869792938232
theta3,T4,batch2_128_255,3,4,"(3, 4)",0,37,exact_replay_715_45760_tokens,T4_batch_128,4.317089080810547,6.795812129974365,4.8016485379775986e-05,4.792213439941406e-05,9.435098036192358e-08,0.0019688392753031718,1,0,0.0673721507191658,0.36979544162750244,0.06913609057664871,0.37710148096084595,0.0020070539321750402,0.008501705713570118,0.07517229614313692,0.4091502930969,-2.1074488162994385,-2.107400894165039
theta3,T4,batch2_128_255,3,4,"(3, 4)",0,38,exact_replay_715_45760_tokens,T4_batch_128,4.243898391723633,6.8283209800720215,4.981629899702966e-05,4.982948303222656e-05,1.3184035196900368e-08,0.0002645830218301435,1,0,0.06913609057664871,0.37710148096084595,0.07087725400924683,0.38424357771873474,0.00197947327978909,0.008320295251905918,0.07715176942292601,0.4174705883488059,-2.118478775024414,-2.118428945541382
theta3,T4,batch2_128_255,3,4,"(3, 4)",0,39,exact_replay_715_45760_tokens,T4_batch_128,4.174271583557129,6.861042022705078,5.9491325373528525e-05,5.91278076171875e-05,3.6351775634102523e-07,0.006147999917307208,1,0,0.07087725400924683,0.38424357771873474,0.0725933089852333,0.391223281621933,0.0019489320693537593,0.00814500916749239,0.07910070149227977,0.4256155975162983,-2.133964776992798,-2.1339056491851807
theta3,T4,batch2_128_255,3,5,"(3, 5)",0,0,exact_replay_715_45760_tokens,T4_batch_128,8.67575454711914,8.241799354553223,0.0009126715594902635,0.0009125471115112305,1.2444797903299332e-07,0.00013637430600914435,1,0,0.0,0.0,0.0019520658534020185,0.015170506201684475,0.0019520658534020185,0.015170506201684475,0.0019520658534020185,0.015170506201684475,-1.0404047966003418,-1.0394922494888306
theta3,T4,batch2_128_255,3,5,"(3, 5)",0,1,exact_replay_715_45760_tokens,T4_batch_128,8.447620391845703,8.097603797912598,0.0008386099361814559,0.0008385181427001953,9.17934812605381e-08,0.00010947107353568382,1,0,0.0019520658534020185,0.015170506201684475,0.0038695093244314194,0.029964381828904152,0.0019205115968361497,0.014809021726250648,0.0038725774502381682,0.029979527927935123,-1.0138278007507324,-1.0129892826080322
theta3,T4,batch2_128_255,3,5,"(3, 5)",0,2,exact_replay_715_45760_tokens,T4_batch_128,8.229881286621094,7.947545528411865,0.000767481338698417,0.0007673501968383789,1.3114186003804207e-07,0.00017090223027031227,1,0,0.0038695093244314194,0.029964381828904152,0.00575164845213294,0.04429350793361664,0.0018911892548203468,0.014370391145348549,0.005763766705058515,0.04434991907328367,-0.9833285808563232,-0.9825612306594849
theta3,T4,batch2_128_255,3,5,"(3, 5)",0,3,exact_replay_715_45760_tokens,T4_batch_128,8.028965950012207,7.806168556213379,0.0006955887656658888,0.0006955265998840332,6.216578185558319e-08,8.937944553946353e-05,1,0,0.00575164845213294,0.04429350793361664,0.00759876798838377,0.05818039923906326,0.001864628167822957,0.013974202796816826,0.007628394872881472,0.0583241218701005,-0.9488146901130676,-0.9481191635131836
theta3,T4,batch2_128_255,3,5,"(3, 5)",0,4,exact_replay_715_45760_tokens,T4_batch_128,7.83189058303833,7.671360492706299,0.0006348193273879588,0.0006348490715026855,2.9744114726781845e-08,4.6852261524739464e-05,1,0,0.00759876798838377,0.05818039923906326,0.009415674023330212,0.07162658870220184,0.0018456551479175687,0.013600362464785576,0.00947405002079904,0.07192448433488607,-0.916763424873352,-0.9161285758018494
theta3,T4,batch2_128_255,3,5,"(3, 5)",0,5,exact_replay_715_45760_tokens,T4_batch_128,7.643365859985352,7.545255661010742,0.0005721800262108445,0.0005721449851989746,3.504101186990738e-08,6.12449864569226e-05,1,0,0.009415674023330212,0.07162658870220184,0.01120582316070795,0.08449024707078934,0.001832265523262322,0.013087247498333454,0.011306315544061363,0.08501173183321953,-0.8867522478103638,-0.8861801028251648
theta3,T4,batch2_128_255,3,5,"(3, 5)",0,6,exact_replay_715_45760_tokens,T4_batch_128,7.481163024902344,7.436779975891113,0.0005156184197403491,0.0005156397819519043,2.136221155524254e-08,4.142855594728933e-05,1,0,0.01120582316070795,0.08449024707078934,0.012976634316146374,0.09678753465414047,0.0018269888823851943,0.01261176448315382,0.013133304426446557,0.09762349631637335,-0.8592752814292908,-0.8587596416473389
theta3,T4,batch2_128_255,3,5,"(3, 5)",0,7,exact_replay_715_45760_tokens,T4_batch_128,7.3150129318237305,7.337612628936768,0.00046790335909463465,0.0004678964614868164,6.897607818245888e-09,1.474173964968153e-05,1,0,0.012976634316146374,0.09678753465414047,0.014730500988662243,0.10864211618900299,0.00182291807141155,0.01224795263260603,0.014956222497858107,0.10987144894897938,-0.8431199789047241,-0.8426520824432373
theta3,T4,batch2_128_255,3,5,"(3, 5)",0,8,exact_replay_715_45760_tokens,T4_batch_128,7.163260459899902,7.240833759307861,0.00042377275531180203,0.00042384862899780273,7.587368600070477e-08,0.0001790112809379834,1,0,0.014730500988662243,0.10864211618900299,0.016476400196552277,0.1201310083270073,0.001827650354243815,0.011959271505475044,0.016783872852101922,0.12183072045445442,-0.8188891410827637,-0.8184652924537659
theta3,T4,batch2_128_255,3,5,"(3, 5)",0,9,exact_replay_715_45760_tokens,T4_batch_128,7.024000644683838,7.154646873474121,0.0003800963459070772,0.0003800392150878906,5.713081918656826e-08,0.00015032874745138017,1,0,0.016476400196552277,0.1201310083270073,0.01821877248585224,0.13133911788463593,0.0018380505498498678,0.011757533065974712,0.01862192340195179,0.13358825352042913,-0.7980724573135376,-0.7976924180984497
theta3,T4,batch2_128_255,3,5,"(3, 5)",0,10,exact_replay_715_45760_tokens,T4_batch_128,6.890483856201172,7.072219371795654,0.00033562391763553023,0.0003355741500854492,4.976755008101463e-08,0.00014830567273534635,1,0,0.01821877248585224,0.13133911788463593,0.01995515078306198,0.14221137762069702,0.0018467562040314078,0.011507010087370872,0.020468679605983198,0.1450952636078,-0.775477409362793,-0.7751418352127075
theta3,T4,batch2_128_255,3,5,"(3, 5)",0,11,exact_replay_715_45760_tokens,T4_batch_128,6.749996185302734,6.9934983253479,0.0003095674910582602,0.0003095269203186035,4.057073965668678e-08,0.00013107338003081072,1,0,0.01995515078306198,0.14221137762069702,0.02168874442577362,0.15299466252326965,0.0018522804602980614,0.01145840622484684,0.02232096006628126,0.15655366983264685,-0.7487080097198486,-0.74839848279953
theta3,T4,batch2_128_255,3,5,"(3, 5)",0,12,exact_replay_715_45760_tokens,T4_batch_128,6.617427825927734,6.924239158630371,0.00026734935818240047,0.00026738643646240234,3.707828000187874e-08,0.00013866926270619706,1,0,0.02168874442577362,0.15299466252326965,0.023418739438056946,0.16357673704624176,0.001862847595475614,0.011342349462211132,0.024183807661756873,0.16789601929485798,-0.7250492572784424,-0.72478187084198
theta3,T4,batch2_128_255,3,5,"(3, 5)",0,13,exact_replay_715_45760_tokens,T4_batch_128,6.4784955978393555,6.863861083984375,0.00022643392730969936,0.00022643804550170898,4.118192009627819e-09,1.818683781916294e-05,1,0,0.023418739438056946,0.16357673704624176,0.025143608450889587,0.17398500442504883,0.0018727054120972753,0.011262154206633568,0.02605651307385415,0.17915817350149155,-0.699911892414093,-0.6996854543685913
theta3,T4,batch2_128_255,3,5,"(3, 5)",0,14,exact_replay_715_45760_tokens,T4_batch_128,6.348432540893555,6.8005194664001465,0.00019573919416870922,0.0001957416534423828,2.459273673593998e-09,1.2563875038063338e-05,1,0,0.025143608450889587,0.17398500442504883,0.026869188994169235,0.18436852097511292,0.0018843840807676315,0.011297221295535564,0.02794089715462178,0.1904553947970271,-0.6732040643692017,-0.6730083227157593
theta3,T4,batch2_128_255,3,5,"(3, 5)",0,15,exact_replay_715_45760_tokens,T4_batch_128,6.222502708435059,6.745707035064697,0.0001607719750609249,0.00016075372695922852,1.8248101696372032e-08,0.00011351588570634038,1,0,0.026869188994169235,0.18436852097511292,0.028592359274625778,0.19444410502910614,0.0018991263350471854,0.011062762700021267,0.029840023489668965,0.20151815749704838,-0.6499961018562317,-0.6498353481292725
theta3,T4,batch2_128_255,3,5,"(3, 5)",0,16,exact_replay_715_45760_tokens,T4_batch_128,6.09527063369751,6.695579528808594,0.00014090082549955696,0.00014090538024902344,4.554749466478825e-09,3.232487970600677e-05,1,0,0.028592359274625778,0.19444410502910614,0.030316360294818878,0.20451892912387848,0.0019077586475759745,0.011086665093898773,0.03174778213724494,0.21260482259094715,-0.6219420433044434,-0.6218011379241943
theta3,T4,batch2_128_255,3,5,"(3, 5)",0,17,exact_replay_715_45760_tokens,T4_batch_128,5.962521076202393,6.652459621429443,0.0001192720010294579,0.00011920928955078125,6.271147867664695e-08,0.00052606201171875,1,0,0.030316360294818878,0.20451892912387848,0.03204098716378212,0.2145373374223709,0.0019191654864698648,0.011094602756202221,0.033666947623714805,0.22369942534714937,-0.5956546068191528,-0.595535397529602
theta3,T4,batch2_128_255,3,5,"(3, 5)",0,18,exact_replay_715_45760_tokens,T4_batch_128,5.83877420425415,6.6180739402771,9.278100333176553e-05,9.28044319152832e-05,2.342858351767063e-08,0.000252451127970456,1,0,0.03204098716378212,0.2145373374223709,0.03376392647624016,0.224461629986763,0.0019273736979812384,0.011030728928744793,0.03559432132169604,0.23473015427589417,-0.569796085357666,-0.5697032809257507
theta3,T4,batch2_128_255,3,5,"(3, 5)",0,19,exact_replay_715_45760_tokens,T4_batch_128,5.7134904861450195,6.587940216064453,6.883636524435133e-05,6.890296936035156e-05,6.660411600023508e-08,0.0009666363673226644,1,0,0.03376392647624016,0.224461629986763,0.03548382967710495,0.23425154387950897,0.0019375330302864313,0.010954197496175766,0.037531854351982474,0.24568435177206993,-0.54610276222229,-0.5460338592529297
theta3,T4,batch2_128_255,3,5,"(3, 5)",0,20,exact_replay_715_45760_tokens,T4_batch_128,5.59398078918457,6.555408000946045,5.0199785619042814e-05,5.0187110900878906e-05,1.2674718163907528e-08,0.00025254926885391924,1,0,0.03548382967710495,0.23425154387950897,0.0372011698782444,0.24389581382274628,0.001945251482538879,0.010839070193469524,0.03947710583452135,0.25652342196553946,-0.5243116617202759,-0.524261474609375
theta3,T4,batch2_128_255,3,5,"(3, 5)",0,21,exact_replay_715_45760_tokens,T4_batch_128,5.4760284423828125,6.534115791320801,3.0837265512673184e-05,3.081560134887695e-05,2.166416379623115e-08,0.0007030258326281431,1,0,0.0372011698782444,0.24389581382274628,0.038914069533348083,0.2534061074256897,0.0019511532736942172,0.01072961837053299,0.04142825910821557,0.26725304033607244,-0.5009973645210266,-0.5009665489196777
theta3,T4,batch2_128_255,3,5,"(3, 5)",0,22,exact_replay_715_45760_tokens,T4_batch_128,5.3542280197143555,6.511803150177002,1.4334091247292235e-05,1.4334917068481445e-05,8.258211892098188e-10,5.76090663981289e-05,1,0,0.038914069533348083,0.2534061074256897,0.04061788320541382,0.26274606585502625,0.0019519495544955134,0.010583113878965378,0.043380208662711084,0.2778361542150378,-0.4803050756454468,-0.4802907407283783
theta3,T4,batch2_128_255,3,5,"(3, 5)",0,23,exact_replay_715_45760_tokens,T4_batch_128,5.241582870483398,6.491873741149902,1.791144541130052e-06,1.7583370208740234e-06,3.280752025602851e-08,0.0186582662291446,1,0,0.04061788320541382,0.26274606585502625,0.04231293126940727,0.27188369631767273,0.0019515047315508127,0.01039727684110403,0.0453317133942619,0.28823343105614185,-0.4603024423122406,-0.4603006839752197
theta3,T4,batch2_128_255,3,5,"(3, 5)",0,24,exact_replay_715_45760_tokens,T4_batch_128,5.133792877197266,6.4793291091918945,-1.0242229109280743e-05,-1.0251998901367188e-05,9.769792086444795e-09,0.000952964605287064,0,1,0.04231293126940727,0.27188369631767273,0.04399498552083969,0.280876487493515,0.0019477958558127284,0.010283540934324265,0.047279509250074625,0.2985169719904661,-0.4461621940135956,-0.44617244601249695
theta3,T4,batch2_128_255,3,5,"(3, 5)",0,25,exact_replay_715_45760_tokens,T4_batch_128,5.032310485839844,6.478944778442383,-1.811557012842968e-05,-1.811981201171875e-05,4.241883289068937e-09,0.00023410194798519738,0,1,0.04399498552083969,0.280876487493515,0.04566143453121185,0.2897792458534241,0.0019384564366191626,0.010204757563769817,0.04921796568669379,0.30872172955423594,-0.4343571960926056,-0.4343753159046173
theta3,T4,batch2_128_255,3,5,"(3, 5)",0,26,exact_replay_715_45760_tokens,T4_batch_128,4.927422046661377,6.4790215492248535,-2.8986376491957344e-05,-2.9027462005615234e-05,4.108551365789026e-08,0.0014154015135716118,0,1,0.04566143453121185,0.2897792458534241,0.047310721129179,0.2985600531101227,0.001928977551870048,0.010094068944454193,0.051146943238563836,0.31881579849869013,-0.4226383566856384,-0.42266738414764404
theta3,T4,batch2_128_255,3,5,"(3, 5)",0,27,exact_replay_715_45760_tokens,T4_batch_128,4.824191570281982,6.47955846786499,-4.076244294992648e-05,-4.082918167114258e-05,6.673872121609747e-08,0.0016345838560675183,0,1,0.047310721129179,0.2985600531101227,0.04894145950675011,0.30716490745544434,0.0019189183367416263,0.009925811551511288,0.05306586157530546,0.3287416100502014,-0.4123455286026001,-0.41238635778427124
theta3,T4,batch2_128_255,3,5,"(3, 5)",0,28,exact_replay_715_45760_tokens,T4_batch_128,4.723635673522949,6.469306468963623,-5.23001654073596e-05,-5.227327346801758e-05,2.6891939342021942e-08,0.0005144491163055873,0,1,0.04894145950675011,0.30716490745544434,0.05055004730820656,0.315569132566452,0.0019041455816477537,0.009727586060762405,0.054970007156953216,0.3384691961109638,-0.4042154550552368,-0.40426772832870483
theta3,T4,batch2_128_255,3,5,"(3, 5)",0,29,exact_replay_715_45760_tokens,T4_batch_128,4.630022048950195,6.464848518371582,-6.338131061056629e-05,-6.341934204101562e-05,3.803143044933677e-08,0.0005996818829299812,0,1,0.05055004730820656,0.315569132566452,0.05213821679353714,0.323815256357193,0.0018898642156273127,0.009564312174916267,0.05685987137258053,0.3480335082858801,-0.3957918882369995,-0.3958553075790405
theta3,T4,batch2_128_255,3,5,"(3, 5)",0,30,exact_replay_715_45760_tokens,T4_batch_128,4.534354209899902,6.465917110443115,-7.245904998853803e-05,-7.2479248046875e-05,2.019805833697319e-08,0.00027867367393092106,0,1,0.05213821679353714,0.323815256357193,0.05370368808507919,0.331857830286026,0.0018716263584792614,0.009351078420877457,0.05873149773105979,0.35738458670675755,-0.3885701894760132,-0.38864266872406006
theta3,T4,batch2_128_255,3,5,"(3, 5)",0,31,exact_replay_715_45760_tokens,T4_batch_128,4.448002338409424,6.463244915008545,-7.890603592386469e-05,-7.897615432739258e-05,7.011840352788568e-08,0.0008878427181603773,0,1,0.05370368808507919,0.331857830286026,0.0552462562918663,0.3396841883659363,0.001852616434916854,0.009129146113991737,0.060584114165976644,0.3665137328207493,-0.3834998607635498,-0.3835788369178772
theta3,T4,batch2_128_255,3,5,"(3, 5)",0,32,exact_replay_715_45760_tokens,T4_batch_128,4.362585067749023,6.4654669761657715,-8.592983795097098e-05,-8.594989776611328e-05,2.0059815142303705e-08,0.00023338963353848822,0,1,0.0552462562918663,0.3396841883659363,0.0567636601626873,0.34729892015457153,0.0018300659721717238,0.00891305971890688,0.06241418013814837,0.37542679253965616,-0.37776926159858704,-0.37785521149635315
theta3,T4,batch2_128_255,3,5,"(3, 5)",0,33,exact_replay_715_45760_tokens,T4_batch_128,4.28231143951416,6.472568511962891,-8.852457540342584e-05,-8.851289749145508e-05,1.1677911970764399e-08,0.00013193458017676769,0,1,0.0567636601626873,0.34729892015457153,0.05825610086321831,0.35471728444099426,0.0018048258498311043,0.008699581027030945,0.06421900598797947,0.3841263735666871,-0.3749138116836548,-0.37500232458114624
theta3,T4,batch2_128_255,3,5,"(3, 5)",0,34,exact_replay_715_45760_tokens,T4_batch_128,4.205631256103516,6.478414535522461,-9.228193812305108e-05,-9.232759475708008e-05,4.5656634029001e-08,0.0004945069147433828,0,1,0.05825610086321831,0.35471728444099426,0.05972248688340187,0.36194536089897156,0.0017776888562366366,0.008489691652357578,0.06599669484421611,0.3926160652190447,-0.37393903732299805,-0.3740313649177551
theta3,T4,batch2_128_255,3,5,"(3, 5)",0,35,exact_replay_715_45760_tokens,T4_batch_128,4.1298723220825195,6.482553482055664,-9.756090730661526e-05,-9.760260581970215e-05,4.1698513086885214e-08,0.0004272274570610687,0,1,0.05972248688340187,0.36194536089897156,0.06116066500544548,0.36895862221717834,0.0017467577708885074,0.008253605104982853,0.06774345261510462,0.40086967032402754,-0.37352055311203003,-0.37361815571784973
theta3,T4,batch2_128_255,3,5,"(3, 5)",0,36,exact_replay_715_45760_tokens,T4_batch_128,4.060962200164795,6.48712158203125,-9.934929403243586e-05,-9.933114051818848e-05,1.8153514247387648e-08,0.0001827575335658566,0,1,0.06116066500544548,0.36895862221717834,0.06257051974534988,0.37577202916145325,0.0017145375022664666,0.008029644377529621,0.06945799011737108,0.40889931470155716,-0.37376299500465393,-0.3738623261451721
theta3,T4,batch2_128_255,3,5,"(3, 5)",0,37,exact_replay_715_45760_tokens,T4_batch_128,3.993929862976074,6.491279602050781,-0.00010427763481857255,-0.0001043081283569336,3.049353836104274e-08,0.0002923409598214286,0,1,0.06257051974534988,0.37577202916145325,0.06395083665847778,0.3823695182800293,0.001680205576121807,0.007793522905558348,0.07113819569349289,0.4166928376071155,-0.3750610649585724,-0.3751653730869293
theta3,T4,batch2_128_255,3,5,"(3, 5)",0,38,exact_replay_715_45760_tokens,T4_batch_128,3.931222677230835,6.494802951812744,-0.00010929296695394441,-0.0001093149185180664,2.1951564121991396e-08,0.0002008103232347328,0,1,0.06395083665847778,0.3823695182800293,0.06530403345823288,0.3887699544429779,0.0016475510783493519,0.007575605530291796,0.07278574677184224,0.4242684431374073,-0.37650537490844727,-0.37661468982696533
theta3,T4,batch2_128_255,3,5,"(3, 5)",0,39,exact_replay_715_45760_tokens,T4_batch_128,3.873790740966797,6.503323554992676,-0.00011307742533972487,-0.00011309981346130371,2.23881215788424e-08,0.000197950119400527,0,1,0.06530403345823288,0.3887699544429779,0.06662994623184204,0.394978404045105,0.0016139517538249493,0.007362352218478918,0.07439969852566719,0.4316307953558862,-0.3779793083667755,-0.3780924081802368
theta3,T4,batch2_128_255,3,6,"(3, 6)",0,0,exact_replay_715_45760_tokens,T4_batch_128,8.450942993164062,8.241799354553223,0.0026182790752500296,0.002617359161376953,9.199138730764389e-07,0.0003514664271725269,1,0,0.0,0.0,0.0019439924508333206,0.014091718941926956,0.0019439924508333206,0.014091718941926956,0.0019439924508333206,0.014091718941926956,-2.702289581298828,-2.699672222137451
theta3,T4,batch2_128_255,3,6,"(3, 6)",0,1,exact_replay_715_45760_tokens,T4_batch_128,8.244032859802246,8.073722839355469,0.002319678431376815,0.0023190975189208984,5.809124559164047e-07,0.00025049074097871905,1,0,0.0019439924508333206,0.014091718941926956,0.0038582412526011467,0.02787254936993122,0.0019165679113939404,0.013796638697385788,0.003860560362227261,0.027888357639312744,-2.5438246726989746,-2.5415055751800537
theta3,T4,batch2_128_255,3,6,"(3, 6)",0,2,exact_replay_715_45760_tokens,T4_batch_128,8.057357788085938,7.915781497955322,0.002044439082965255,0.002044200897216797,2.3818574845790863e-07,0.00011651777904128761,1,0,0.0038582412526011467,0.02787254936993122,0.00574551522731781,0.041341107338666916,0.001893740613013506,0.013501761481165886,0.005754300975240767,0.04139011912047863,-2.3895866870880127,-2.387542486190796
theta3,T4,batch2_128_255,3,6,"(3, 6)",0,3,exact_replay_715_45760_tokens,T4_batch_128,7.879645347595215,7.76932954788208,0.0017866342095658183,0.0017867088317871094,7.462222129106522e-08,4.176518297971711e-05,1,0,0.00574551522731781,0.041341107338666916,0.007603483274579048,0.05445343255996704,0.0018708186689764261,0.013172722421586514,0.007625119644217193,0.054562841542065144,-2.2447433471679688,-2.2429566383361816
theta3,T4,batch2_128_255,3,6,"(3, 6)",0,4,exact_replay_715_45760_tokens,T4_batch_128,7.712399959564209,7.63639497756958,0.0015473138773813844,0.001547098159790039,2.157175913453102e-07,0.00013943368103713977,1,0,0.007603483274579048,0.05445343255996704,0.009436347521841526,0.06720060110092163,0.0018550485838204622,0.012864196673035622,0.009480168228037655,0.06742703821510077,-2.1033623218536377,-2.1018152236938477
theta3,T4,batch2_128_255,3,6,"(3, 6)",0,5,exact_replay_715_45760_tokens,T4_batch_128,7.551466464996338,7.513991355895996,0.0013469801051542163,0.0013468265533447266,1.5355180948972702e-07,0.0001140100847495132,1,0,0.009436347521841526,0.06720060110092163,0.011249063536524773,0.07969069480895996,0.0018454374512657523,0.012649834156036377,0.011325605679303408,0.08007687237113714,-1.973634958267212,-1.9722881317138672
theta3,T4,batch2_128_255,3,6,"(3, 6)",0,6,exact_replay_715_45760_tokens,T4_batch_128,7.395373344421387,7.397428512573242,0.0011554836528375745,0.0011553764343261719,1.0721851140260696e-07,9.279963500825424e-05,1,0,0.011249063536524773,0.07969069480895996,0.0130428746342659,0.09172791987657547,0.001839495380409062,0.01225954294204712,0.01316510105971247,0.09233641531318426,-1.8481206893920898,-1.8469653129577637
theta3,T4,batch2_128_255,3,6,"(3, 6)",0,7,exact_replay_715_45760_tokens,T4_batch_128,7.244726181030273,7.293954849243164,0.0009800445986911654,0.0009800195693969727,2.5029294192790985e-08,2.5539586120909864e-05,1,0,0.0130428746342659,0.09172791987657547,0.014823012053966522,0.10331393033266068,0.001840226468630135,0.011878552846610546,0.015005327528342605,0.10421496815979481,-1.7234078645706177,-1.7224278450012207
theta3,T4,batch2_128_255,3,6,"(3, 6)",0,8,exact_replay_715_45760_tokens,T4_batch_128,7.105221748352051,7.203480243682861,0.0008247181540355086,0.0008245706558227539,1.474982127547264e-07,0.00017887880403354056,1,0,0.014823012053966522,0.10331393033266068,0.01659582369029522,0.11448948830366135,0.0018477990524843335,0.01155876088887453,0.016853126580826938,0.11577372904866934,-1.618593692779541,-1.6177691221237183
theta3,T4,batch2_128_255,3,6,"(3, 6)",0,9,exact_replay_715_45760_tokens,T4_batch_128,6.970672607421875,7.124664306640625,0.0006965618231333792,0.0006965398788452148,2.1944288164377213e-08,3.150471183467397e-05,1,0,0.01659582369029522,0.11448948830366135,0.01836438849568367,0.12533628940582275,0.0018583377823233604,0.011302275583148003,0.0187114643631503,0.12707600463181734,-1.5194412469863892,-1.518744707107544
theta3,T4,batch2_128_255,3,6,"(3, 6)",0,10,exact_replay_715_45760_tokens,T4_batch_128,6.847555637359619,7.057793140411377,0.0005865651764906943,0.000586390495300293,1.746811904013157e-07,0.00029789226087619436,1,0,0.01836438849568367,0.12533628940582275,0.020133621990680695,0.13587069511413574,0.0018724885303527117,0.011069199070334435,0.02058395289350301,0.13814520370215178,-1.42730712890625,-1.4267207384109497
theta3,T4,batch2_128_255,3,6,"(3, 6)",0,11,exact_replay_715_45760_tokens,T4_batch_128,6.72206974029541,6.998490333557129,0.0004905855166725814,0.0004906654357910156,7.991911843419075e-08,0.0001628790467079689,1,0,0.020133621990680695,0.13587069511413574,0.02190335839986801,0.14608146250247955,0.0018859615083783865,0.010826035402715206,0.022469914401881397,0.14897123910486698,-1.346043348312378,-1.345552682876587
theta3,T4,batch2_128_255,3,6,"(3, 6)",0,12,exact_replay_715_45760_tokens,T4_batch_128,6.610477447509766,6.942901134490967,0.0004026015812996775,0.0004025697708129883,3.181048668920994e-08,7.901856770062186e-05,1,0,0.02190335839986801,0.14608146250247955,0.023676587268710136,0.15600883960723877,0.0019015118014067411,0.010606501251459122,0.024371426203288138,0.1595777403563261,-1.2605246305465698,-1.2601220607757568
theta3,T4,batch2_128_255,3,6,"(3, 6)",0,13,exact_replay_715_45760_tokens,T4_batch_128,6.496539115905762,6.905232906341553,0.0003255392948631197,0.0003255605697631836,2.1274900063872337e-08,6.534851588246064e-05,1,0,0.023676587268710136,0.15600883960723877,0.025457056239247322,0.16560445725917816,0.001919576316140592,0.010350353084504604,0.02629100251942873,0.1699280934408307,-1.1845083236694336,-1.1841827630996704
theta3,T4,batch2_128_255,3,6,"(3, 6)",0,14,exact_replay_715_45760_tokens,T4_batch_128,6.383168697357178,6.867010116577148,0.0002521617861930281,0.00025212764739990234,3.4138793125748634e-08,0.00013540281471631206,1,0,0.025457056239247322,0.16560445725917816,0.027246685698628426,0.1748427301645279,0.0019411016255617142,0.010092142038047314,0.028232104144990444,0.18002023547887802,-1.1170064210891724,-1.1167542934417725
theta3,T4,batch2_128_255,3,6,"(3, 6)",0,15,exact_replay_715_45760_tokens,T4_batch_128,6.278608322143555,6.828316688537598,0.00019628940208349377,0.00019633769989013672,4.829780664294958e-08,0.00024599354413327263,1,0,0.027246685698628426,0.1748427301645279,0.029048625379800797,0.18385080993175507,0.001961277797818184,0.009936238639056683,0.030193381942808628,0.1899564741179347,-1.0581812858581543,-1.0579849481582642
theta3,T4,batch2_128_255,3,6,"(3, 6)",0,16,exact_replay_715_45760_tokens,T4_batch_128,6.1795220375061035,6.790252685546875,0.00014557452232111245,0.0001455545425415039,1.9979779608547688e-08,0.00013726661675880425,1,0,0.029048625379800797,0.18385080993175507,0.030864687636494637,0.1926594078540802,0.001982663059607148,0.009804080240428448,0.032176045002415776,0.19976055435836315,-1.0035052299499512,-1.0033596754074097
theta3,T4,batch2_128_255,3,6,"(3, 6)",0,17,exact_replay_715_45760_tokens,T4_batch_128,6.085497856140137,6.762115478515625,9.662312368163839e-05,9.673833847045898e-05,1.1521478882059455e-07,0.0011909940840650031,1,0,0.030864687636494637,0.1926594078540802,0.03269374370574951,0.2012709230184555,0.0020033190958201885,0.009663408622145653,0.034179364098235965,0.2094239629805088,-0.9556488990783691,-0.9555521607398987
theta3,T4,batch2_128_255,3,6,"(3, 6)",0,18,exact_replay_715_45760_tokens,T4_batch_128,5.982733249664307,6.734369277954102,5.374165266402997e-05,5.364418029785156e-05,9.747236617840827e-08,0.0018170166015625,1,0,0.03269374370574951,0.2012709230184555,0.03453705087304115,0.20969735085964203,0.002024768153205514,0.009552051313221455,0.03620413225144148,0.21897601429373026,-0.9135540127754211,-0.9135003685951233
theta3,T4,batch2_128_255,3,6,"(3, 6)",0,19,exact_replay_715_45760_tokens,T4_batch_128,5.892443656921387,6.714835166931152,2.1061407096567564e-05,2.09808349609375e-05,8.057213563006371e-08,0.0038402730768377132,1,0,0.03453705087304115,0.20969735085964203,0.036395296454429626,0.21806266903877258,0.0020436453633010387,0.009512768127024174,0.03824777761474252,0.22848878242075443,-0.877627968788147,-0.877606987953186
theta3,T4,batch2_128_255,3,6,"(3, 6)",0,20,exact_replay_715_45760_tokens,T4_batch_128,5.801756381988525,6.6928391456604,-1.2665812391787767e-05,-1.2755393981933594e-05,8.958159014582634e-08,0.0070230359228971966,0,1,0.036395296454429626,0.21806266903877258,0.038267165422439575,0.2263326495885849,0.0020611712243407965,0.009420283138751984,0.040308948839083314,0.23790906555950642,-0.8416117429733276,-0.8416244983673096
theta3,T4,batch2_128_255,3,6,"(3, 6)",0,21,exact_replay_715_45760_tokens,T4_batch_128,5.713308811187744,6.678946495056152,-3.800135891651735e-05,-3.802776336669922e-05,2.6404450181871653e-08,0.0006943466521355799,0,1,0.038267165422439575,0.2263326495885849,0.04015185311436653,0.23453010618686676,0.002076869597658515,0.009352821856737137,0.04238581843674183,0.24726188741624355,-0.8070015907287598,-0.8070396184921265
theta3,T4,batch2_128_255,3,6,"(3, 6)",0,22,exact_replay_715_45760_tokens,T4_batch_128,5.622707843780518,6.666318416595459,-5.887661609449424e-05,-5.888938903808594e-05,1.2772943591699004e-08,0.0002168971999936741,0,1,0.04015185311436653,0.23453010618686676,0.042047422379255295,0.24266137182712555,0.0020896673668175936,0.009306933730840683,0.04447548580355942,0.25656882114708424,-0.774825930595398,-0.774884819984436
theta3,T4,batch2_128_255,3,6,"(3, 6)",0,23,exact_replay_715_45760_tokens,T4_batch_128,5.533574104309082,6.656797409057617,-8.600687579018995e-05,-8.594989776611328e-05,5.697802407667041e-08,0.0006629213711425104,0,1,0.042047422379255295,0.24266137182712555,0.04395180195569992,0.2506712079048157,0.00210245861671865,0.009220453910529613,0.04657794442027807,0.26578927505761385,-0.7442563772201538,-0.7443423271179199
theta3,T4,batch2_128_255,3,6,"(3, 6)",0,24,exact_replay_715_45760_tokens,T4_batch_128,5.4482879638671875,6.651431083679199,-0.00011041275138268247,-0.00011038780212402344,2.4949258659034967e-08,0.00022601463367305616,0,1,0.04395180195569992,0.2506712079048157,0.045865438878536224,0.2586058974266052,0.0021143341436982155,0.009148459881544113,0.04869227856397629,0.27493773493915796,-0.7154413461685181,-0.7155517339706421
theta3,T4,batch2_128_255,3,6,"(3, 6)",0,25,exact_replay_715_45760_tokens,T4_batch_128,5.362281322479248,6.648490905761719,-0.00013280454732012004,-0.0001328587532043457,5.420588422566652e-08,0.00040799633383804395,0,1,0.045865438878536224,0.2586058974266052,0.047785233706235886,0.2664670944213867,0.0021229987032711506,0.009081647731363773,0.05081527726724744,0.28401938267052174,-0.6930550932884216,-0.693187952041626
theta3,T4,batch2_128_255,3,6,"(3, 6)",0,26,exact_replay_715_45760_tokens,T4_batch_128,5.2799906730651855,6.653027057647705,-0.0001508931309217587,-0.00015097856521606445,8.543429430574179e-08,0.0005658703550631662,0,1,0.047785233706235886,0.2664670944213867,0.049712199717760086,0.27429866790771484,0.002132019493728876,0.009051559492945671,0.052947296760976315,0.2930709421634674,-0.6729090809822083,-0.6730600595474243
theta3,T4,batch2_128_255,3,6,"(3, 6)",0,27,exact_replay_715_45760_tokens,T4_batch_128,5.196203708648682,6.650063991546631,-0.00016217560914810747,-0.0001621842384338379,8.629285730421543e-09,5.320668527195884e-05,0,1,0.049712199717760086,0.27429866790771484,0.05164510756731033,0.2821183204650879,0.0021383450366556644,0.009011299349367619,0.05508564179763198,0.302082241512835,-0.653082013130188,-0.6532441973686218
theta3,T4,batch2_128_255,3,6,"(3, 6)",0,28,exact_replay_715_45760_tokens,T4_batch_128,5.113608360290527,6.656009674072266,-0.00017573017976246774,-0.00017571449279785156,1.5686964616179466e-08,8.927530317164179e-05,0,1,0.05164510756731033,0.2821183204650879,0.05358134210109711,0.2899038791656494,0.002143147401511669,0.00897444598376751,0.05722878919914365,0.31105668749660254,-0.6330695152282715,-0.6332452297210693
theta3,T4,batch2_128_255,3,6,"(3, 6)",0,29,exact_replay_715_45760_tokens,T4_batch_128,5.0335493087768555,6.670817852020264,-0.0001898585760500282,-0.00018984079360961914,1.7782440409064293e-08,9.36702806122449e-05,0,1,0.05358134210109711,0.2899038791656494,0.055519748479127884,0.2976398169994354,0.002147149061784148,0.008926945738494396,0.059375938260927796,0.31998363323509693,-0.6107915043830872,-0.6109813451766968
theta3,T4,batch2_128_255,3,6,"(3, 6)",0,30,exact_replay_715_45760_tokens,T4_batch_128,4.952371597290039,6.680201053619385,-0.00020313201821409166,-0.00020313262939453125,6.111804395914078e-10,3.0087753080985914e-06,0,1,0.055519748479127884,0.2976398169994354,0.057457953691482544,0.3053125739097595,0.00214921566657722,0.008872749283909798,0.061525153927505016,0.32885638251900673,-0.5944391489028931,-0.5946422815322876
theta3,T4,batch2_128_255,3,6,"(3, 6)",0,31,exact_replay_715_45760_tokens,T4_batch_128,4.870649814605713,6.687560558319092,-0.000213066246942617,-0.00021314620971679688,7.996277417987585e-08,0.00037515456777824385,0,1,0.057457953691482544,0.3053125739097595,0.05939270555973053,0.3129195272922516,0.0021478149574249983,0.00880900677293539,0.06367296888493001,0.3376653892919421,-0.5749086141586304,-0.5751217603683472
theta3,T4,batch2_128_255,3,6,"(3, 6)",0,32,exact_replay_715_45760_tokens,T4_batch_128,4.792842864990234,6.699137210845947,-0.00021996066789142787,-0.0002200007438659668,4.007597453892231e-08,0.00018216290470062313,0,1,0.05939270555973053,0.3129195272922516,0.061323776841163635,0.3204643428325653,0.002145511331036687,0.008746949955821037,0.0658184802159667,0.34641233924776316,-0.5579118728637695,-0.5581318736076355
theta3,T4,batch2_128_255,3,6,"(3, 6)",0,33,exact_replay_715_45760_tokens,T4_batch_128,4.716246128082275,6.710132122039795,-0.00022741621069144458,-0.00022739171981811523,2.449087332934141e-08,0.00010770345265399738,0,1,0.061323776841163635,0.3204643428325653,0.06325013935565948,0.32793861627578735,0.002142336219549179,0.00868252944201231,0.06796081643551588,0.35509486868977547,-0.5422521829605103,-0.5424795746803284
theta3,T4,batch2_128_255,3,6,"(3, 6)",0,34,exact_replay_715_45760_tokens,T4_batch_128,4.6412200927734375,6.723327159881592,-0.0002341564540984109,-0.00023418664932250977,3.019522409886122e-08,0.00012893657339653857,0,1,0.06325013935565948,0.32793861627578735,0.06516869366168976,0.3353298008441925,0.002136174589395523,0.008594278246164322,0.0700969910249114,0.3636891469359398,-0.525885283946991,-0.5261194705963135
theta3,T4,batch2_128_255,3,6,"(3, 6)",0,35,exact_replay_715_45760_tokens,T4_batch_128,4.565784454345703,6.737313747406006,-0.00023981204140000045,-0.00023984909057617188,3.7049176171422005e-08,0.00015446869563866798,0,1,0.06516869366168976,0.3353298008441925,0.06707793474197388,0.3426307737827301,0.002127652755007148,0.008500395342707634,0.07222464377991855,0.3721895422786474,-0.5109659433364868,-0.511205792427063
theta3,T4,batch2_128_255,3,6,"(3, 6)",0,36,exact_replay_715_45760_tokens,T4_batch_128,4.493422985076904,6.747707843780518,-0.00024409079924225807,-0.0002440810203552246,9.778887033462524e-09,4.0064102564102564e-05,0,1,0.06707793474197388,0.3426307737827301,0.06897515058517456,0.34985166788101196,0.0021163157653063536,0.008413163013756275,0.0743409595452249,0.3806027052924037,-0.4950684905052185,-0.49531257152557373
theta3,T4,batch2_128_255,3,6,"(3, 6)",0,37,exact_replay_715_45760_tokens,T4_batch_128,4.423976421356201,6.761273384094238,-0.0002490498882252723,-0.0002490580081939697,8.119968697428703e-09,3.2602720773004667e-05,0,1,0.06897515058517456,0.34985166788101196,0.07085784524679184,0.35697612166404724,0.0021016779355704784,0.008311060257256031,0.07644263748079538,0.38891376554965973,-0.4836542308330536,-0.48390328884124756
theta3,T4,batch2_128_255,3,6,"(3, 6)",0,38,exact_replay_715_45760_tokens,T4_batch_128,4.3575334548950195,6.775351047515869,-0.00025002207257784903,-0.00025004148483276367,1.941225491464138e-08,7.763613676996424e-05,0,1,0.07085784524679184,0.35697612166404724,0.07272510230541229,0.36402493715286255,0.0020869681611657143,0.008229753002524376,0.0785296056419611,0.3971435185521841,-0.4667953848838806,-0.4670454263687134
theta3,T4,batch2_128_255,3,6,"(3, 6)",0,39,exact_replay_715_45760_tokens,T4_batch_128,4.291560173034668,6.793293476104736,-0.00025247313897125423,-0.0002524852752685547,1.2136297300457954e-08,4.806734684844193e-05,0,1,0.07272510230541229,0.36402493715286255,0.07457590103149414,0.37096959352493286,0.0020701123867183924,0.008118734695017338,0.08059971802867949,0.40526225324720144,-0.45584529638290405,-0.4560977816581726
theta3,T4,batch2_128_255,3,7,"(3, 7)",1,0,exact_replay_715_45760_tokens,T4_batch_128,8.457393646240234,8.241799354553223,0.001812142669223249,0.001811981201171875,1.614680513739586e-07,8.9111328125e-05,1,0,0.0,0.0,0.002021395368501544,0.014573603868484497,0.002021395368501544,0.014573603868484497,0.002021395368501544,0.014573603868484497,-2.0728137493133545,-2.0710017681121826
theta3,T4,batch2_128_255,3,7,"(3, 7)",1,1,exact_replay_715_45760_tokens,T4_batch_128,8.246201515197754,8.06814956665039,0.0016604181146249175,0.0016603469848632812,7.112976163625717e-08,4.2840299217403794e-05,1,0,0.002021395368501544,0.014573603868484497,0.004009606316685677,0.02876362018287182,0.0019908277317881584,0.014204239472746849,0.004012223100289702,0.028777843341231346,-2.017469882965088,-2.0158095359802246
theta3,T4,batch2_128_255,3,7,"(3, 7)",1,2,exact_replay_715_45760_tokens,T4_batch_128,8.049844741821289,7.899166584014893,0.0015132230473682284,0.0015130043029785156,2.1874438971281052e-07,0.00014457618480144974,1,0,0.004009606316685677,0.02876362018287182,0.005963852629065514,0.04256182909011841,0.0019618812948465347,0.013834447599947453,0.005974104395136237,0.0426122909411788,-1.9716954231262207,-1.9701824188232422
theta3,T4,batch2_128_255,3,7,"(3, 7)",1,3,exact_replay_715_45760_tokens,T4_batch_128,7.867570877075195,7.736891746520996,0.0013741409638896585,0.0013740062713623047,1.3469252735376358e-07,9.802904845566546e-05,1,0,0.005963852629065514,0.04256182909011841,0.007884720340371132,0.0559353344142437,0.0019356944831088185,0.01344367302954197,0.007909798878245056,0.05605596397072077,-1.9225437641143799,-1.9211697578430176
theta3,T4,batch2_128_255,3,7,"(3, 7)",1,4,exact_replay_715_45760_tokens,T4_batch_128,7.6903276443481445,7.588613510131836,0.0012385629815980792,0.0012385845184326172,2.153683453798294e-08,1.738826395572666e-05,1,0,0.007884720340371132,0.0559353344142437,0.009774493053555489,0.06897486001253128,0.0019143791869282722,0.013174082152545452,0.009824178065173328,0.06923004612326622,-1.8776540756225586,-1.876415491104126
theta3,T4,batch2_128_255,3,7,"(3, 7)",1,5,exact_replay_715_45760_tokens,T4_batch_128,7.522720813751221,7.460477828979492,0.0011140541173517704,0.0011138916015625,1.62515789270401e-07,0.00014589910637842466,1,0,0.009774493053555489,0.06897486001253128,0.01163550466299057,0.08157330751419067,0.0018974239937961102,0.012773066759109497,0.011721602058969438,0.08200311288237572,-1.840354323387146,-1.8392404317855835
theta3,T4,batch2_128_255,3,7,"(3, 7)",1,6,exact_replay_715_45760_tokens,T4_batch_128,7.3627729415893555,7.339119911193848,0.0009932030225172639,0.0009930133819580078,1.896405592560768e-07,0.00019097482743097238,1,0,0.01163550466299057,0.08157330751419067,0.01347186230123043,0.09372808784246445,0.001886403071694076,0.012400031089782715,0.013608005130663514,0.09440314397215843,-1.7923152446746826,-1.7913222312927246
theta3,T4,batch2_128_255,3,7,"(3, 7)",1,7,exact_replay_715_45760_tokens,T4_batch_128,7.202911376953125,7.236191749572754,0.0008740382036194205,0.0008739233016967773,1.1490192264318466e-07,0.00013147826865366253,1,0,0.01347186230123043,0.09372808784246445,0.015287552028894424,0.10539551079273224,0.0018810764886438847,0.012001889757812023,0.015489081619307399,0.10640503372997046,-1.751110315322876,-1.7502363920211792
theta3,T4,batch2_128_255,3,7,"(3, 7)",1,8,exact_replay_715_45760_tokens,T4_batch_128,7.060094833374023,7.145975112915039,0.0007703207666054368,0.0007702112197875977,1.0954681783914566e-07,0.00014222957939947378,1,0,0.015287552028894424,0.10539551079273224,0.017089055851101875,0.1166503056883812,0.0018820380792021751,0.011671937070786953,0.017371119698509574,0.11807697080075741,-1.7233836650848389,-1.7226134538650513
theta3,T4,batch2_128_255,3,7,"(3, 7)",1,9,exact_replay_715_45760_tokens,T4_batch_128,6.9212799072265625,7.06654691696167,0.0006745874998159707,0.0006744861602783203,1.0133953765034676e-07,0.00015024702302050195,1,0,0.017089055851101875,0.1166503056883812,0.018881088122725487,0.1275773048400879,0.0018871722277253866,0.011425703763961792,0.01925829192623496,0.1295026745647192,-1.694437026977539,-1.6937625408172607
theta3,T4,batch2_128_255,3,7,"(3, 7)",1,10,exact_replay_715_45760_tokens,T4_batch_128,6.785654067993164,6.996479034423828,0.0006058748695068061,0.0006060600280761719,1.8515856936573982e-07,0.0003055119308123525,1,0,0.018881088122725487,0.1275773048400879,0.020671790465712547,0.1383090764284134,0.0018998254090547562,0.011288515292108059,0.021158117335289717,0.14079118985682726,-1.6764554977416992,-1.675849437713623
theta3,T4,batch2_128_255,3,7,"(3, 7)",1,11,exact_replay_715_45760_tokens,T4_batch_128,6.657790184020996,6.94088888168335,0.0005129622295498848,0.0005129575729370117,4.6566128730773926e-09,9.077968858935626e-06,1,0,0.020671790465712547,0.1383090764284134,0.022463008761405945,0.1486777514219284,0.0019176164641976357,0.011025646701455116,0.023075733799487352,0.15181683655828238,-1.6561368703842163,-1.6556239128112793
theta3,T4,batch2_128_255,3,7,"(3, 7)",1,12,exact_replay_715_45760_tokens,T4_batch_128,6.533720970153809,6.896309852600098,0.0004192587221041322,0.0004191398620605469,1.1886004358530045e-07,0.0002835808624857793,1,0,0.022463008761405945,0.1486777514219284,0.024253711104393005,0.15873414278030396,0.001933930441737175,0.010798712261021137,0.025009664241224527,0.1626155488193035,-1.6486793756484985,-1.648260235786438
theta3,T4,batch2_128_255,3,7,"(3, 7)",1,13,exact_replay_715_45760_tokens,T4_batch_128,6.414549350738525,6.851799964904785,0.00035366081283427775,0.0003535747528076172,8.606002666056156e-08,0.00024339980718981793,1,0,0.024253711104393005,0.15873414278030396,0.026052681729197502,0.16857050359249115,0.001956334337592125,0.010661229491233826,0.026965998578816652,0.17327677831053734,-1.6394720077514648,-1.6391184329986572
theta3,T4,batch2_128_255,3,7,"(3, 7)",1,14,exact_replay_715_45760_tokens,T4_batch_128,6.297417640686035,6.8174824714660645,0.0002608932845760137,0.0002608299255371094,6.335903890430927e-08,0.00024291322697669103,1,0,0.026052681729197502,0.16857050359249115,0.027856910601258278,0.17816630005836487,0.0019776681438088417,0.010486314073204994,0.028943666722625494,0.18376309238374233,-1.6375523805618286,-1.6372915506362915
theta3,T4,batch2_128_255,3,7,"(3, 7)",1,15,exact_replay_715_45760_tokens,T4_batch_128,6.183961868286133,6.797449588775635,0.00017601056606508791,0.0001760721206665039,6.155460141599178e-08,0.0003495987961238998,1,0,0.027856910601258278,0.17816630005836487,0.02966977469623089,0.1875961869955063,0.0020013388711959124,0.010371826589107513,0.030945005593821406,0.19413491897284985,-1.6441677808761597,-1.6439917087554932
theta3,T4,batch2_128_255,3,7,"(3, 7)",1,16,exact_replay_715_45760_tokens,T4_batch_128,6.073296546936035,6.7773284912109375,7.574367191409692e-05,7.56978988647461e-05,4.577304935082793e-08,0.0006046805794783465,1,0,0.02966977469623089,0.1875961869955063,0.031492117792367935,0.1968064159154892,0.002026165137067437,0.010204576887190342,0.032971170730888844,0.2043394958600402,-1.6475331783294678,-1.647457480430603
theta3,T4,batch2_128_255,3,7,"(3, 7)",1,17,exact_replay_715_45760_tokens,T4_batch_128,5.968103885650635,6.762235164642334,-6.889148153277347e-06,-6.9141387939453125e-06,2.4990640667965636e-08,0.0036144256591796875,0,1,0.031492117792367935,0.1968064159154892,0.03332877159118652,0.20592616498470306,0.0020535155199468136,0.010166800580918789,0.03502468625083566,0.21450629644095898,-1.6584908962249756,-1.6584978103637695
theta3,T4,batch2_128_255,3,7,"(3, 7)",1,18,exact_replay_715_45760_tokens,T4_batch_128,5.859421730041504,6.751993656158447,-0.00011941113189095631,-0.0001195669174194336,1.5578552847728133e-07,0.0013029149855122134,0,1,0.03332877159118652,0.20592616498470306,0.03517798334360123,0.21479803323745728,0.002081901067867875,0.009966133162379265,0.03710658731870353,0.22447242960333824,-1.6678725481033325,-1.667992115020752
theta3,T4,batch2_128_255,3,7,"(3, 7)",1,19,exact_replay_715_45760_tokens,T4_batch_128,5.765683650970459,6.744674205780029,-0.00021890671632718295,-0.00021898746490478516,8.074857760220766e-08,0.00036873607189031026,0,1,0.03517798334360123,0.21479803323745728,0.03704582899808884,0.22347036004066467,0.0021122305188328028,0.009809976443648338,0.039218817837536335,0.23428240604698658,-1.6801843643188477,-1.6804033517837524
theta3,T4,batch2_128_255,3,7,"(3, 7)",1,20,exact_replay_715_45760_tokens,T4_batch_128,5.668239116668701,6.740277290344238,-0.00032241453300230205,-0.00032258033752441406,1.658045221120119e-07,0.0005139945087305987,0,1,0.03704582899808884,0.22347036004066467,0.038930654525756836,0.23194484412670135,0.002139338757842779,0.009665332734584808,0.041358156595379114,0.2439477387815714,-1.694598913192749,-1.6949214935302734
theta3,T4,batch2_128_255,3,7,"(3, 7)",1,21,exact_replay_715_45760_tokens,T4_batch_128,5.573728084564209,6.743929862976074,-0.0004237327666487545,-0.0004239082336425781,1.754669938236475e-07,0.00041392683580568053,0,1,0.038930654525756836,0.23194484412670135,0.04083462059497833,0.24030178785324097,0.0021657682955265045,0.009581869468092918,0.04352392489090562,0.2535296082496643,-1.7094485759735107,-1.7098724842071533
theta3,T4,batch2_128_255,3,7,"(3, 7)",1,22,exact_replay_715_45760_tokens,T4_batch_128,5.476690292358398,6.74525785446167,-0.0005120298592373729,-0.0005120038986206055,2.5960616767406464e-08,5.070394353899884e-05,0,1,0.04083462059497833,0.24030178785324097,0.042752817273139954,0.24856598675251007,0.0021853677462786436,0.009492401033639908,0.04570929263718426,0.2630220092833042,-1.7245094776153564,-1.725021481513977
theta3,T4,batch2_128_255,3,7,"(3, 7)",1,23,exact_replay_715_45760_tokens,T4_batch_128,5.387999534606934,6.750892639160156,-0.0006180819473229349,-0.0006181001663208008,1.82189978659153e-08,2.9475801591128254e-05,0,1,0.042752817273139954,0.24856598675251007,0.044686492532491684,0.2567233145236969,0.002204961609095335,0.009417553432285786,0.0479142542462796,0.27243956271559,-1.7374565601348877,-1.7380746603012085
theta3,T4,batch2_128_255,3,7,"(3, 7)",1,24,exact_replay_715_45760_tokens,T4_batch_128,5.297957897186279,6.755842208862305,-0.0007360607269220054,-0.0007359981536865234,6.257323548197746e-08,8.501819626660188e-05,0,1,0.044686492532491684,0.2567233145236969,0.04663411155343056,0.2647097110748291,0.0022242891136556864,0.009302890859544277,0.050138543359935284,0.2817424535751343,-1.7543985843658447,-1.7551345825195312
theta3,T4,batch2_128_255,3,7,"(3, 7)",1,25,exact_replay_715_45760_tokens,T4_batch_128,5.2113447189331055,6.777215003967285,-0.0008419056539423764,-0.0008418560028076172,4.96511347591877e-08,5.897817987114132e-05,0,1,0.04663411155343056,0.2647097110748291,0.048595260828733444,0.27260568737983704,0.0022422224283218384,0.009236295707523823,0.05238076578825712,0.2909787492826581,-1.773186445236206,-1.7740283012390137
theta3,T4,batch2_128_255,3,7,"(3, 7)",1,26,exact_replay_715_45760_tokens,T4_batch_128,5.124978065490723,6.791988849639893,-0.0009467905620113015,-0.0009469985961914062,2.0803418010473251e-07,0.00021967739016868077,0,1,0.048595260828733444,0.27260568737983704,0.05056796967983246,0.28039681911468506,0.002256341278553009,0.009156955406069756,0.05463710706681013,0.30013570468872786,-1.793267011642456,-1.7942140102386475
theta3,T4,batch2_128_255,3,7,"(3, 7)",1,27,exact_replay_715_45760_tokens,T4_batch_128,5.040737628936768,6.808016300201416,-0.0010350266238674521,-0.0010350942611694336,6.763730198144913e-08,6.534409910169296e-05,0,1,0.05056796967983246,0.28039681911468506,0.05255229398608208,0.2881490886211395,0.0022669858299195766,0.009110531769692898,0.05690409289672971,0.30924623645842075,-1.814113974571228,-1.8151490688323975
theta3,T4,batch2_128_255,3,7,"(3, 7)",1,28,exact_replay_715_45760_tokens,T4_batch_128,4.954257488250732,6.826889514923096,-0.0011265366338193417,-0.0011267662048339844,2.2957101464271545e-07,0.00020374325539568346,0,1,0.05255229398608208,0.2881490886211395,0.05454331636428833,0.29591506719589233,0.00227334420196712,0.009107562713325024,0.05917743709869683,0.3183537991717458,-1.8354830741882324,-1.8366098403930664
theta3,T4,batch2_128_255,3,7,"(3, 7)",1,29,exact_replay_715_45760_tokens,T4_batch_128,4.871779441833496,6.848466396331787,-0.0012246493715792894,-0.0012248754501342773,2.260785549879074e-07,0.00018457268856447687,0,1,0.05454331636428833,0.29591506719589233,0.05653977766633034,0.3036428689956665,0.0022788275964558125,0.009069163352251053,0.06145626469515264,0.32742296252399683,-1.8564203977584839,-1.8576452732086182
theta3,T4,batch2_128_255,3,7,"(3, 7)",1,30,exact_replay_715_45760_tokens,T4_batch_128,4.790048599243164,6.8708062171936035,-0.0013106465339660645,-0.0013108253479003906,1.7881393432617188e-07,0.0001364132411786104,0,1,0.05653977766633034,0.3036428689956665,0.058540087193250656,0.3113327622413635,0.0022811717353761196,0.009013272821903229,0.06373743643052876,0.33643623534590006,-1.8761165142059326,-1.877427339553833
theta3,T4,batch2_128_255,3,7,"(3, 7)",1,31,exact_replay_715_45760_tokens,T4_batch_128,4.712893486022949,6.890995502471924,-0.0014023612020537257,-0.001402735710144043,3.745080903172493e-07,0.00026698407091867084,0,1,0.058540087193250656,0.3113327622413635,0.06054157763719559,0.31898754835128784,0.002280118642374873,0.008964271284639835,0.06601755507290363,0.3454005066305399,-1.9014358520507812,-1.9028385877609253
theta3,T4,batch2_128_255,3,7,"(3, 7)",1,32,exact_replay_715_45760_tokens,T4_batch_128,4.635876178741455,6.910191059112549,-0.0014851813903078437,-0.0014852285385131836,4.71482053399086e-08,3.174474777269444e-05,0,1,0.06054157763719559,0.31898754835128784,0.06254193186759949,0.3265388607978821,0.0022767800837755203,0.008846423588693142,0.06829433515667915,0.35424693021923304,-1.9253944158554077,-1.926879644393921
theta3,T4,batch2_128_255,3,7,"(3, 7)",1,33,exact_replay_715_45760_tokens,T4_batch_128,4.5565571784973145,6.935651779174805,-0.0015575404977425933,-0.0015575885772705078,4.807952791452408e-08,3.0867925340578604e-05,0,1,0.06254193186759949,0.3265388607978821,0.06453695148229599,0.33402517437934875,0.0022679863031953573,0.008758687414228916,0.07056232145987451,0.36300561763346195,-1.9474642276763916,-1.949021816253662
theta3,T4,batch2_128_255,3,7,"(3, 7)",1,34,exact_replay_715_45760_tokens,T4_batch_128,4.477396011352539,6.954653739929199,-0.0016348219942301512,-0.001634836196899414,1.4202669262886047e-08,8.687518229546449e-06,0,1,0.06453695148229599,0.33402517437934875,0.0665232464671135,0.3414129912853241,0.00225636875256896,0.008647077716886997,0.07281869021244347,0.37165269535034895,-1.9737268686294556,-1.975361704826355
theta3,T4,batch2_128_255,3,7,"(3, 7)",1,35,exact_replay_715_45760_tokens,T4_batch_128,4.402281761169434,6.9756574630737305,-0.001706344773992896,-0.001706838607788086,4.938337951898575e-07,0.00028932659065511945,0,1,0.0665232464671135,0.3414129912853241,0.06849738210439682,0.34871646761894226,0.002240904374048114,0.008539881557226181,0.07505959458649158,0.38019257690757513,-1.997235655784607,-1.998942494392395
theta3,T4,batch2_128_255,3,7,"(3, 7)",1,36,exact_replay_715_45760_tokens,T4_batch_128,4.33121919631958,6.999473571777344,-0.0017696473514661193,-0.00177001953125,3.721797838807106e-07,0.00021026874410695043,0,1,0.06849738210439682,0.34871646761894226,0.07045651227235794,0.35593149065971375,0.002221715869382024,0.008428097702562809,0.07728131045587361,0.38862067461013794,-2.0228707790374756,-2.0246407985687256
theta3,T4,batch2_128_255,3,7,"(3, 7)",1,37,exact_replay_715_45760_tokens,T4_batch_128,4.259312152862549,7.017499923706055,-0.001834978349506855,-0.0018351078033447266,1.2945383787155151e-07,7.054290632714044e-05,0,1,0.07045651227235794,0.35593149065971375,0.07239789515733719,0.3630242645740509,0.0022011464461684227,0.008293279446661472,0.07948245690204203,0.3969139540567994,-2.044527053833008,-2.0463621616363525
theta3,T4,batch2_128_255,3,7,"(3, 7)",1,38,exact_replay_715_45760_tokens,T4_batch_128,4.189231872558594,7.036221981048584,-0.001881823525764048,-0.0018820762634277344,2.527376636862755e-07,0.00013428662195971624,0,1,0.07239789515733719,0.3630242645740509,0.07431527227163315,0.37000274658203125,0.002172204665839672,0.008152313530445099,0.0816546615678817,0.4050662675872445,-2.0689456462860107,-2.0708277225494385
theta3,T4,batch2_128_255,3,7,"(3, 7)",1,39,exact_replay_715_45760_tokens,T4_batch_128,4.123012065887451,7.055624961853027,-0.0019284070003777742,-0.0019288063049316406,3.993045538663864e-07,0.00020702159301606922,0,1,0.07431527227163315,0.37000274658203125,0.0762103721499443,0.3768606185913086,0.0021460617426782846,0.008014020510017872,0.08380072331055999,0.4130802880972624,-2.0902161598205566,-2.0921449661254883
theta3,T4,batch2_128_255,4,5,"(4, 5)",0,0,exact_replay_715_45760_tokens,T4_batch_128,8.734678268432617,8.241799354553223,0.0016662226989865303,0.0016658306121826172,3.9208680391311646e-07,0.00023537015171031916,1,0,0.0,0.0,0.0019088065018877387,0.015002991072833538,0.0019088065018877387,0.015002991072833538,0.0019088065018877387,0.015002991072833538,-1.9490468502044678,-1.9473810195922852
theta3,T4,batch2_128_255,4,5,"(4, 5)",0,1,exact_replay_715_45760_tokens,T4_batch_128,8.509271621704102,8.108965873718262,0.0014907682780176401,0.0014905929565429688,1.7532147467136383e-07,0.00011761861204414587,1,0,0.0019088065018877387,0.015002991072833538,0.0037908402737230062,0.02989255264401436,0.001885027508251369,0.014904016628861427,0.0037938340101391077,0.029907007701694965,-1.8477922677993774,-1.8463016748428345
theta3,T4,batch2_128_255,4,5,"(4, 5)",0,2,exact_replay_715_45760_tokens,T4_batch_128,8.29081916809082,7.969827175140381,0.0013315618271008134,0.0013314485549926758,1.1327210813760757e-07,8.507434080938311e-05,1,0,0.0037908402737230062,0.02989255264401436,0.005646279081702232,0.04464036971330643,0.001864325487986207,0.014792263507843018,0.005658159498125315,0.04469927120953798,-1.744673252105713,-1.7433418035507202
theta3,T4,batch2_128_255,4,5,"(4, 5)",0,3,exact_replay_715_45760_tokens,T4_batch_128,8.069779396057129,7.840983867645264,0.0011796061880886555,0.0011795759201049805,3.026798367500305e-08,2.5660055583628095e-05,1,0,0.005646279081702232,0.04464036971330643,0.0074692340567708015,0.05909499526023865,0.0018410079646855593,0.014531769789755344,0.007499167462810874,0.05923104099929333,-1.6431398391723633,-1.6419602632522583
theta3,T4,batch2_128_255,4,5,"(4, 5)",0,4,exact_replay_715_45760_tokens,T4_batch_128,7.86669921875,7.713679313659668,0.0010639068204909563,0.0010638236999511719,8.312053978443146e-08,7.813375448229494e-05,1,0,0.0074692340567708015,0.05909499526023865,0.009266279637813568,0.07322866469621658,0.0018278079805895686,0.014268659986555576,0.009326975443400443,0.0734997009858489,-1.5603673458099365,-1.5593035221099854
theta3,T4,batch2_128_255,4,5,"(4, 5)",0,5,exact_replay_715_45760_tokens,T4_batch_128,7.666258335113525,7.6030378341674805,0.0009412378421984613,0.000941157341003418,8.050119504332542e-08,8.55342582330589e-05,1,0,0.009266279637813568,0.07322866469621658,0.011040315963327885,0.08686644583940506,0.0018207364482805133,0.01384497806429863,0.011147711891680956,0.08734467905014753,-1.4709824323654175,-1.470041275024414
theta3,T4,batch2_128_255,4,5,"(4, 5)",0,6,exact_replay_715_45760_tokens,T4_batch_128,7.474504470825195,7.5024871826171875,0.0008365515386685729,0.0008363723754882812,1.7916318029165268e-07,0.00021421460768244013,1,0,0.011040315963327885,0.08686644583940506,0.01279454119503498,0.10007824748754501,0.001818063436076045,0.013500593602657318,0.012965775327757001,0.10084527265280485,-1.3885071277618408,-1.3876707553863525
theta3,T4,batch2_128_255,4,5,"(4, 5)",0,7,exact_replay_715_45760_tokens,T4_batch_128,7.289389610290527,7.406599521636963,0.0007460525957867503,0.0007460117340087891,4.086177796125412e-08,5.477363974113135e-05,1,0,0.01279454119503498,0.10007824748754501,0.014535549096763134,0.1128753125667572,0.00182249303907156,0.013159767724573612,0.01478826836682856,0.11400504037737846,-1.314739465713501,-1.3139934539794922
theta3,T4,batch2_128_255,4,5,"(4, 5)",0,8,exact_replay_715_45760_tokens,T4_batch_128,7.113537788391113,7.320394992828369,0.0006708375876769423,0.0006707906723022461,4.691537469625473e-08,6.994041007641728e-05,1,0,0.014535549096763134,0.1128753125667572,0.01626664400100708,0.12543880939483643,0.0018298965878784657,0.013018490746617317,0.016618164954707026,0.12702353112399578,-1.2427078485488892,-1.242037057876587
theta3,T4,batch2_128_255,4,5,"(4, 5)",0,9,exact_replay_715_45760_tokens,T4_batch_128,6.939934253692627,7.235516548156738,0.000602582236751914,0.0006024837493896484,9.848736226558685e-08,0.00016346891076375147,1,0,0.01626664400100708,0.12543880939483643,0.017986956983804703,0.1377284824848175,0.0018378132954239845,0.012842493131756783,0.01845597825013101,0.13986602425575256,-1.183295726776123,-1.1826932430267334
theta3,T4,batch2_128_255,4,5,"(4, 5)",0,10,exact_replay_715_45760_tokens,T4_batch_128,6.7701520919799805,7.169100284576416,0.0005454482743516564,0.0005453824996948242,6.577465683221817e-08,0.00012060280054644808,1,0,0.017986956983804703,0.1377284824848175,0.01970396563410759,0.1499151885509491,0.0018526575295254588,0.012823439203202724,0.02030863577965647,0.1526894634589553,-1.1227777004241943,-1.1222323179244995
theta3,T4,batch2_128_255,4,5,"(4, 5)",0,11,exact_replay_715_45760_tokens,T4_batch_128,6.598345756530762,7.096251964569092,0.0004819236637558788,0.0004819631576538086,3.9493897929787636e-08,8.194381106232995e-05,1,0,0.01970396563410759,0.1499151885509491,0.02141653746366501,0.1618964523077011,0.0018718676874414086,0.012750569730997086,0.02218050346709788,0.16544003318995237,-1.0676283836364746,-1.0671464204788208
theta3,T4,batch2_128_255,4,5,"(4, 5)",0,12,exact_replay_715_45760_tokens,T4_batch_128,6.431278228759766,7.034308433532715,0.00043427516357041895,0.0004342794418334961,4.2782630771398544e-09,9.851405949766675e-06,1,0,0.02141653746366501,0.1618964523077011,0.02313034050166607,0.1738792359828949,0.0018940456211566925,0.012864610180258751,0.02407454908825457,0.17830464337021112,-1.0202343463897705,-1.019800066947937
theta3,T4,batch2_128_255,4,5,"(4, 5)",0,13,exact_replay_715_45760_tokens,T4_batch_128,6.267843723297119,6.978188991546631,0.00038859076448716223,0.0003885626792907715,2.8085196390748024e-08,7.227970643503604e-05,1,0,0.02313034050166607,0.1738792359828949,0.02484952099621296,0.18574541807174683,0.0019207630539312959,0.01280252542346716,0.025995312142185867,0.19110716879367828,-0.9653947949409485,-0.9650062322616577
theta3,T4,batch2_128_255,4,5,"(4, 5)",0,14,exact_replay_715_45760_tokens,T4_batch_128,6.0987114906311035,6.933011531829834,0.0003296602226328105,0.00032961368560791016,4.653702490031719e-08,0.00014118656758589513,1,0,0.02484952099621296,0.18574541807174683,0.026562189683318138,0.1970563530921936,0.001943666022270918,0.01229951437562704,0.027938978164456785,0.20340668316930532,-0.9178489446640015,-0.9175193309783936
theta3,T4,batch2_128_255,4,5,"(4, 5)",0,15,exact_replay_715_45760_tokens,T4_batch_128,5.957635402679443,6.896037578582764,0.0002663457707967609,0.0002662539482116699,9.182258509099483e-08,0.00034486844498544884,1,0,0.026562189683318138,0.1970563530921936,0.028277672827243805,0.20791563391685486,0.0019738238770514727,0.011965150944888592,0.029912802041508257,0.21537183411419392,-0.8645018935203552,-0.8642356395721436
theta3,T4,batch2_128_255,4,5,"(4, 5)",0,16,exact_replay_715_45760_tokens,T4_batch_128,5.822774887084961,6.873918056488037,0.0002202304603997618,0.00022017955780029297,5.090259946882725e-08,0.0002311867640092041,1,0,0.028277672827243805,0.20791563391685486,0.030005959793925285,0.21848703920841217,0.0020087820012122393,0.011784177273511887,0.0319215840427205,0.2271560113877058,-0.8227826356887817,-0.8225624561309814
theta3,T4,batch2_128_255,4,5,"(4, 5)",0,17,exact_replay_715_45760_tokens,T4_batch_128,5.683155059814453,6.8576226234436035,0.00017977177049033344,0.00017970800399780273,6.376649253070354e-08,0.0003548339033996683,1,0,0.030005959793925285,0.21848703920841217,0.03174629434943199,0.22876352071762085,0.0020397144835442305,0.01156973373144865,0.03396129852626473,0.23872574511915445,-0.7842615246772766,-0.7840818166732788
theta3,T4,batch2_128_255,4,5,"(4, 5)",0,18,exact_replay_715_45760_tokens,T4_batch_128,5.548152923583984,6.840942859649658,0.00014575976820196956,0.00014579296112060547,3.319291863590479e-08,0.0002276716130928046,1,0,0.03174629434943199,0.22876352071762085,0.03349679335951805,0.23886433243751526,0.0020649651996791363,0.011451306752860546,0.03602626372594386,0.250177051872015,-0.7440943717956543,-0.7439485788345337
theta3,T4,batch2_128_255,4,5,"(4, 5)",0,19,exact_replay_715_45760_tokens,T4_batch_128,5.411933898925781,6.835570335388184,0.00011288793757557869,0.00011289119720458984,3.259629011154175e-09,2.8874076029567053e-05,1,0,0.03349679335951805,0.23886433243751526,0.035256363451480865,0.24881641566753387,0.002085362793877721,0.011347190476953983,0.038111626519821584,0.261524242348969,-0.7065176367759705,-0.7064047455787659
theta3,T4,batch2_128_255,4,5,"(4, 5)",0,20,exact_replay_715_45760_tokens,T4_batch_128,5.2794718742370605,6.844060897827148,8.777814218774438e-05,8.7738037109375e-05,4.0105078369379044e-08,0.00045710024626358694,1,0,0.035256363451480865,0.24881641566753387,0.037026915699243546,0.25868645310401917,0.002103035571053624,0.01126761082559824,0.04021466209087521,0.2727918531745672,-0.6673990488052368,-0.6673113107681274
theta3,T4,batch2_128_255,4,5,"(4, 5)",0,21,exact_replay_715_45760_tokens,T4_batch_128,5.149418830871582,6.863875865936279,6.1009042838122696e-05,6.103515625e-05,2.6113411877304316e-08,0.0004278421401977539,1,0,0.037026915699243546,0.25868645310401917,0.038801733404397964,0.2684328258037567,0.002114077564328909,0.011145880445837975,0.04232873965520412,0.2839377336204052,-0.6285852193832397,-0.6285241842269897
theta3,T4,batch2_128_255,4,5,"(4, 5)",0,22,exact_replay_715_45760_tokens,T4_batch_128,5.023469924926758,6.900537490844727,4.013703073724173e-05,4.011392593383789e-05,2.310480340383947e-08,0.0005759796097232541,1,0,0.038801733404397964,0.2684328258037567,0.04057827219367027,0.2780752182006836,0.002117487136274576,0.011028995737433434,0.044446226791478693,0.29496672935783863,-0.5958284139633179,-0.595788300037384
theta3,T4,batch2_128_255,4,5,"(4, 5)",0,23,exact_replay_715_45760_tokens,T4_batch_128,4.902679443359375,6.930784702301025,1.679256274655927e-05,1.6748905181884766e-05,4.36575646745041e-08,0.002606592144406139,1,0,0.04057827219367027,0.2780752182006836,0.04235120117664337,0.2876620590686798,0.0021165877114981413,0.01096687838435173,0.046562814502976835,0.30593360774219036,-0.569878339767456,-0.5698615908622742
theta3,T4,batch2_128_255,4,5,"(4, 5)",0,24,exact_replay_715_45760_tokens,T4_batch_128,4.781906604766846,6.96676778793335,-4.094273208465893e-06,-4.0531158447265625e-06,4.115736373933032e-08,0.010154499727136949,0,1,0.04235120117664337,0.2876620590686798,0.044115543365478516,0.29710882902145386,0.0021099387668073177,0.010808797553181648,0.04867275326978415,0.316742405295372,-0.5454026460647583,-0.545406699180603
theta3,T4,batch2_128_255,4,5,"(4, 5)",0,25,exact_replay_715_45760_tokens,T4_batch_128,4.663293838500977,7.004132270812988,-1.9753093511098996e-05,-1.9788742065429688e-05,3.5648554330691695e-08,0.0018014563135353916,0,1,0.044115543365478516,0.29710882902145386,0.04586575925350189,0.30638059973716736,0.0020948334131389856,0.010594445280730724,0.05076758668292314,0.32733685057610273,-0.5186574459075928,-0.5186772346496582
theta3,T4,batch2_128_255,4,5,"(4, 5)",0,26,exact_replay_715_45760_tokens,T4_batch_128,4.54803466796875,7.039921283721924,-3.425370596232824e-05,-3.427267074584961e-05,1.89647835213691e-08,0.0005533500339673913,0,1,0.04586575925350189,0.30638059973716736,0.04759577661752701,0.31540143489837646,0.0020750255789607763,0.010319349355995655,0.052842612261883914,0.3376561999320984,-0.4941592812538147,-0.49419355392456055
theta3,T4,batch2_128_255,4,5,"(4, 5)",0,27,exact_replay_715_45760_tokens,T4_batch_128,4.439210414886475,7.073362827301025,-4.695505413110368e-05,-4.699826240539551e-05,4.3208274291828275e-08,0.0009193589737238428,0,1,0.04759577661752701,0.31540143489837646,0.04929995909333229,0.32413461804389954,0.0020482128020375967,0.010005323216319084,0.05489082506392151,0.3476615231484175,-0.4767126441001892,-0.4767596423625946
theta3,T4,batch2_128_255,4,5,"(4, 5)",0,28,exact_replay_715_45760_tokens,T4_batch_128,4.3397216796875,7.117336750030518,-5.980223068036139e-05,-5.981326103210449e-05,1.1030351743102074e-08,0.00018441314773293472,0,1,0.04929995909333229,0.32413461804389954,0.050976987928152084,0.3326290547847748,0.002016545506194234,0.009733445942401886,0.056907370570115745,0.35739496909081936,-0.46184471249580383,-0.46190452575683594
theta3,T4,batch2_128_255,4,5,"(4, 5)",0,29,exact_replay_715_45760_tokens,T4_batch_128,4.242745876312256,7.155405521392822,-7.458692562067881e-05,-7.462501525878906e-05,3.8089638110250235e-08,0.000510413806659345,0,1,0.050976987928152084,0.3326290547847748,0.05262186750769615,0.34078654646873474,0.0019806730560958385,0.009369386360049248,0.058888043626211584,0.3667643554508686,-0.44832664728164673,-0.4484012722969055
theta3,T4,batch2_128_255,4,5,"(4, 5)",0,30,exact_replay_715_45760_tokens,T4_batch_128,4.153685569763184,7.193064212799072,-8.701847400516272e-05,-8.70823860168457e-05,6.391201168298721e-08,0.0007339258213552362,0,1,0.05262186750769615,0.34078654646873474,0.05423397943377495,0.3486648201942444,0.0019417735747992992,0.009054399095475674,0.06082981720101088,0.3758187545463443,-0.438355028629303,-0.4384421110153198
theta3,T4,batch2_128_255,4,5,"(4, 5)",0,31,exact_replay_715_45760_tokens,T4_batch_128,4.072541236877441,7.236692428588867,-0.00010011575795942917,-0.00010016560554504395,4.984758561477065e-08,0.0004976517173088367,0,1,0.05423397943377495,0.3486648201942444,0.055812373757362366,0.356268972158432,0.0019005415961146355,0.008746322244405746,0.06273035879712552,0.38456507679075,-0.4316660165786743,-0.43176618218421936
theta3,T4,batch2_128_255,4,5,"(4, 5)",0,32,exact_replay_715_45760_tokens,T4_batch_128,3.9971320629119873,7.275018215179443,-0.0001100847584893927,-0.00011008977890014648,5.020410753786564e-09,4.560287797780184e-05,0,1,0.055812373757362366,0.356268972158432,0.05735684558749199,0.3636314272880554,0.0018585043726488948,0.008469321765005589,0.06458886316977441,0.3930343985557556,-0.42476439476013184,-0.424874484539032
theta3,T4,batch2_128_255,4,5,"(4, 5)",0,33,exact_replay_715_45760_tokens,T4_batch_128,3.9257876873016357,7.311913013458252,-0.00012116279685869813,-0.00012117624282836914,1.3445969671010971e-08,0.0001109620941957698,0,1,0.05735684558749199,0.3636314272880554,0.05886567756533623,0.37073174118995667,0.0018147180089727044,0.008178015239536762,0.06640358117874712,0.4012124137952924,-0.42272546887397766,-0.42284664511680603
theta3,T4,batch2_128_255,4,5,"(4, 5)",0,34,exact_replay_715_45760_tokens,T4_batch_128,3.860255241394043,7.354391098022461,-0.00013097052578814328,-0.0001310110092163086,4.048342816531658e-08,0.00030900783382620565,0,1,0.05886567756533623,0.37073174118995667,0.060339733958244324,0.37759628891944885,0.0017715867143124342,0.007915676571428776,0.06817516789305955,0.40912809036672115,-0.4217182993888855,-0.4218493103981018
theta3,T4,batch2_128_255,4,5,"(4, 5)",0,35,exact_replay_715_45760_tokens,T4_batch_128,3.7972288131713867,7.393800258636475,-0.00013917281467001885,-0.0001391768455505371,4.030880518257618e-09,2.8962292558886508e-05,0,1,0.060339733958244324,0.37759628891944885,0.06177743151783943,0.3842196464538574,0.0017265297938138247,0.007646704558283091,0.06990169768687338,0.41677479492500424,-0.4220088720321655,-0.42214804887771606
theta3,T4,batch2_128_255,4,5,"(4, 5)",0,36,exact_replay_715_45760_tokens,T4_batch_128,3.7386410236358643,7.431071758270264,-0.0001464712986489758,-0.00014656782150268555,9.652285370975733e-08,0.0006585541950488004,0,1,0.06177743151783943,0.3842196464538574,0.063179612159729,0.3906112611293793,0.0016826450591906905,0.007388881873339415,0.07158434274606407,0.42416367679834366,-0.42317914962768555,-0.42332571744918823
theta3,T4,batch2_128_255,4,5,"(4, 5)",0,37,exact_replay_715_45760_tokens,T4_batch_128,3.68625807762146,7.464865684509277,-0.00015314512711483985,-0.0001531839370727539,3.8809957914054394e-08,0.00025335527115758757,0,1,0.063179612159729,0.3906112611293793,0.06454471498727798,0.39676550030708313,0.0016371415695175529,0.007128092925995588,0.07322148431558162,0.43129176972433925,-0.4248148202896118,-0.42496800422668457
theta3,T4,batch2_128_255,4,5,"(4, 5)",0,38,exact_replay_715_45760_tokens,T4_batch_128,3.636345624923706,7.4968767166137695,-0.00015724299009889364,-0.00015729665756225586,5.366746336221695e-08,0.00034118629215611977,0,1,0.06454471498727798,0.39676550030708313,0.06587523967027664,0.40271100401878357,0.0015939926961436868,0.006895427592098713,0.0748154770117253,0.43818719731643796,-0.42654889822006226,-0.4267061948776245
theta3,T4,batch2_128_255,4,5,"(4, 5)",0,39,exact_replay_715_45760_tokens,T4_batch_128,3.589993476867676,7.531754493713379,-0.00016348685312550515,-0.00016355514526367188,6.829213816672564e-08,0.00041754808787354227,0,1,0.06587523967027664,0.40271100401878357,0.06717149168252945,0.4084465503692627,0.0015520513989031315,0.006666789297014475,0.07636752841062844,0.44485398661345243,-0.42924219369888306,-0.42940574884414673
theta3,T4,batch2_128_255,4,6,"(4, 6)",0,0,exact_replay_715_45760_tokens,T4_batch_128,8.589677810668945,8.241799354553223,0.0029072188772261143,0.0029065608978271484,6.579793989658356e-07,0.00022637729677631039,1,0,0.0,0.0,0.0018461905419826508,0.013956846669316292,0.0018461905419826508,0.013956846669316292,0.0018461905419826508,0.013956846669316292,-3.610931634902954,-3.608025074005127
theta3,T4,batch2_128_255,4,6,"(4, 6)",0,1,exact_replay_715_45760_tokens,T4_batch_128,8.389848709106445,8.084174156188965,0.0026516704820096493,0.002651214599609375,4.5588240027427673e-07,0.00017195228192446043,1,0,0.0018461905419826508,0.013956846669316292,0.0036842452827841043,0.02778228558599949,0.0018403957365080714,0.01383861992508173,0.003686586278490722,0.02779546659439802,-3.417178153991699,-3.41452693939209
theta3,T4,batch2_128_255,4,6,"(4, 6)",0,2,exact_replay_715_45760_tokens,T4_batch_128,8.196826934814453,7.940866470336914,0.002415793016552925,0.0024154186248779297,3.7439167499542236e-07,0.00015500074030204325,1,0,0.0036842452827841043,0.02778228558599949,0.005516308359801769,0.04139723256230354,0.0018390178447589278,0.013650577515363693,0.00552560412324965,0.041446044109761715,-3.2268881797790527,-3.224472761154175
theta3,T4,batch2_128_255,4,6,"(4, 6)",0,3,exact_replay_715_45760_tokens,T4_batch_128,8.014370918273926,7.7860188484191895,0.002197644207626581,0.002197265625,3.78582626581192e-07,0.00017229715983072916,1,0,0.005516308359801769,0.04139723256230354,0.007337764371186495,0.05481318384408951,0.001834600931033492,0.013475886546075344,0.007360205054283142,0.05492193065583706,-3.0512118339538574,-3.0490145683288574
theta3,T4,batch2_128_255,4,6,"(4, 6)",0,4,exact_replay_715_45760_tokens,T4_batch_128,7.835886001586914,7.656650066375732,0.001982584362849593,0.001982450485229492,1.3387762010097504e-07,6.753138153938665e-05,1,0,0.007337764371186495,0.05481318384408951,0.009152641519904137,0.06790165603160858,0.0018375421641394496,0.01318569015711546,0.009197747218422592,0.06810762081295252,-2.886598825454712,-2.8846163749694824
theta3,T4,batch2_128_255,4,6,"(4, 6)",0,5,exact_replay_715_45760_tokens,T4_batch_128,7.661433219909668,7.52590799331665,0.0017779484624043107,0.00177764892578125,2.995366230607033e-07,0.00016850156333825107,1,0,0.009152641519904137,0.06790165603160858,0.010959431529045105,0.08061186969280243,0.001840786775574088,0.012852183543145657,0.01103853399399668,0.08095980435609818,-2.7220702171325684,-2.720292568206787
theta3,T4,batch2_128_255,4,6,"(4, 6)",0,6,exact_replay_715_45760_tokens,T4_batch_128,7.493839263916016,7.413163661956787,0.0015927420463413,0.0015926361083984375,1.0593794286251068e-07,6.651735591317365e-05,1,0,0.010959431529045105,0.08061186969280243,0.01276059914380312,0.0928935632109642,0.0018487542401999235,0.012488643638789654,0.012887288234196603,0.09344844799488783,-2.5829458236694336,-2.581353187561035
theta3,T4,batch2_128_255,4,6,"(4, 6)",0,7,exact_replay_715_45760_tokens,T4_batch_128,7.333833694458008,7.315284729003906,0.0014232987305149436,0.0014231204986572266,1.782318577170372e-07,0.0001252401731864634,1,0,0.01276059914380312,0.0928935632109642,0.014558608643710613,0.10478834807872772,0.001858861418440938,0.012171370908617973,0.014746149652637541,0.1056198189035058,-2.4439635276794434,-2.442540407180786
theta3,T4,batch2_128_255,4,6,"(4, 6)",0,8,exact_replay_715_45760_tokens,T4_batch_128,7.182821273803711,7.227113246917725,0.0012704131659120321,0.001270294189453125,1.1897645890712738e-07,9.366055508633633e-05,1,0,0.014558608643710613,0.10478834807872772,0.016356132924556732,0.11634567379951477,0.001872133812867105,0.01189171988517046,0.016618283465504646,0.11751153878867626,-2.3194684982299805,-2.3181982040405273
theta3,T4,batch2_128_255,4,6,"(4, 6)",0,9,exact_replay_715_45760_tokens,T4_batch_128,7.043337821960449,7.1488776206970215,0.0011204970069229603,0.0011203289031982422,1.6810372471809387e-07,0.00015004854756331135,1,0,0.016356132924556732,0.11634567379951477,0.018154533579945564,0.1274760216474533,0.0018877375405281782,0.011550494469702244,0.018506021006032825,0.1290620332583785,-2.206979513168335,-2.2058591842651367
theta3,T4,batch2_128_255,4,6,"(4, 6)",0,10,exact_replay_715_45760_tokens,T4_batch_128,6.914795398712158,7.068611145019531,0.000991083332337439,0.0009911060333251953,2.270098775625229e-08,2.2904701407264853e-05,1,0,0.018154533579945564,0.1274760216474533,0.019958458840847015,0.13832849264144897,0.001906701480038464,0.011330612935125828,0.02041272248607129,0.14039264619350433,-2.1038832664489746,-2.1028921604156494
theta3,T4,batch2_128_255,4,6,"(4, 6)",0,11,exact_replay_715_45760_tokens,T4_batch_128,6.782964706420898,7.005434513092041,0.0008667985093779862,0.0008664131164550781,3.853929229080677e-07,0.00044481427576362133,1,0,0.019958458840847015,0.13832849264144897,0.02177005633711815,0.14891023933887482,0.0019280742853879929,0.011121178045868874,0.02234079677145928,0.1515138242393732,-2.0104851722717285,-2.0096187591552734
theta3,T4,batch2_128_255,4,6,"(4, 6)",0,12,exact_replay_715_45760_tokens,T4_batch_128,6.654746055603027,6.949254989624023,0.0007572489557787776,0.0007572174072265625,3.1548552215099335e-08,4.166379683564232e-05,1,0,0.02177005633711815,0.14891023933887482,0.023590704426169395,0.15920838713645935,0.001949306926690042,0.01090658362954855,0.024290103698149323,0.16242040786892176,-1.924609661102295,-1.9238524436950684
theta3,T4,batch2_128_255,4,6,"(4, 6)",0,13,exact_replay_715_45760_tokens,T4_batch_128,6.531302452087402,6.897931098937988,0.0006426260806620121,0.0006426572799682617,3.119930624961853e-08,4.854734743090336e-05,1,0,0.023590704426169395,0.15920838713645935,0.025423087179660797,0.1693296879529953,0.001974651589989662,0.010811755433678627,0.026264755288138986,0.17323216330260038,-1.83939790725708,-1.8387552499771118
theta3,T4,batch2_128_255,4,6,"(4, 6)",0,14,exact_replay_715_45760_tokens,T4_batch_128,6.412991523742676,6.846475601196289,0.000531329307705164,0.0005311965942382812,1.327134668827057e-07,0.00024983870062836625,1,0,0.025423087179660797,0.1693296879529953,0.02726643905043602,0.17923906445503235,0.001998242223635316,0.010696248151361942,0.0282629975117743,0.18392841145396233,-1.7616562843322754,-1.761125087738037
theta3,T4,batch2_128_255,4,6,"(4, 6)",0,15,exact_replay_715_45760_tokens,T4_batch_128,6.2943878173828125,6.811154365539551,0.0004438438336364925,0.0004436969757080078,1.4685792848467827e-07,0.00033098699455937666,1,0,0.02726643905043602,0.17923906445503235,0.029126474633812904,0.18897445499897003,0.0020251134410500526,0.010603162460029125,0.030288110952824354,0.19453157391399145,-1.6861274242401123,-1.6856837272644043
theta3,T4,batch2_128_255,4,6,"(4, 6)",0,16,exact_replay_715_45760_tokens,T4_batch_128,6.182257652282715,6.774168491363525,0.00035509394365362823,0.00035512447357177734,3.0529918149113655e-08,8.596962592312857e-05,1,0,0.029126474633812904,0.18897445499897003,0.031005455181002617,0.1985783725976944,0.002054616343230009,0.010586055926978588,0.03234272729605436,0.20511762984097004,-1.631356120109558,-1.6310009956359863
theta3,T4,batch2_128_255,4,6,"(4, 6)",0,17,exact_replay_715_45760_tokens,T4_batch_128,6.067840576171875,6.745774745941162,0.00026735442224889994,0.00026726722717285156,8.719507604837418e-08,0.00032624679415700267,1,0,0.031005455181002617,0.1985783725976944,0.03289841115474701,0.20802944898605347,0.0020784896332770586,0.010512376204133034,0.03442121692933142,0.21563000604510307,-1.5762842893600464,-1.5760170221328735
theta3,T4,batch2_128_255,4,6,"(4, 6)",0,18,exact_replay_715_45760_tokens,T4_batch_128,5.959973335266113,6.727142810821533,0.0001844522776082158,0.0001844167709350586,3.550667315721512e-08,0.00019253494667097608,1,0,0.03289841115474701,0.20802944898605347,0.03480863571166992,0.2174549400806427,0.0021046772599220276,0.010536144487559795,0.03652589418925345,0.22616615053266287,-1.5250459909439087,-1.5248615741729736
theta3,T4,batch2_128_255,4,6,"(4, 6)",0,19,exact_replay_715_45760_tokens,T4_batch_128,5.848654747009277,6.710011005401611,0.0001079775465768762,0.00010800361633300781,2.6069756131619215e-08,0.00024137854839266005,1,0,0.03480863571166992,0.2174549400806427,0.03673189878463745,0.2267671525478363,0.0021261232905089855,0.010502437129616737,0.038652017479762435,0.2366685876622796,-1.4795161485671997,-1.4794081449508667
theta3,T4,batch2_128_255,4,6,"(4, 6)",0,20,exact_replay_715_45760_tokens,T4_batch_128,5.732907772064209,6.693611145019531,3.6458648537518457e-05,3.635883331298828e-05,9.981522453017533e-08,0.0027452812820184425,1,0,0.03673189878463745,0.2267671525478363,0.0386701263487339,0.2359713762998581,0.002149566076695919,0.010453080758452415,0.040801583556458354,0.24712166842073202,-1.4428178071975708,-1.4427814483642578
theta3,T4,batch2_128_255,4,6,"(4, 6)",0,21,exact_replay_715_45760_tokens,T4_batch_128,5.628938674926758,6.681621551513672,-2.8401469535310753e-05,-2.86102294921875e-05,2.087599568767473e-07,0.0072966893513997395,0,1,0.0386701263487339,0.2359713762998581,0.04062754660844803,0.24513377249240875,0.0021761921234428883,0.010456065647304058,0.04297777567990124,0.2575777340680361,-1.4105929136276245,-1.4106215238571167
theta3,T4,batch2_128_255,4,6,"(4, 6)",0,22,exact_replay_715_45760_tokens,T4_batch_128,5.516592025756836,6.674746990203857,-7.936599286040291e-05,-7.939338684082031e-05,2.73939804174006e-08,0.00034504108600788287,0,1,0.04062754660844803,0.24513377249240875,0.04259888455271721,0.2541925013065338,0.0021953536197543144,0.01036002952605486,0.04517312929965556,0.26793776359409094,-1.386518955230713,-1.3865983486175537
theta3,T4,batch2_128_255,4,6,"(4, 6)",0,23,exact_replay_715_45760_tokens,T4_batch_128,5.412331581115723,6.672425746917725,-0.00014645609189756215,-0.00014638900756835938,6.708432920277119e-08,0.00045826070083469057,0,1,0.04259888455271721,0.2541925013065338,0.044580720365047455,0.26314252614974976,0.00221174000762403,0.010274186730384827,0.04738486930727959,0.27821195032447577,-1.364694356918335,-1.3648407459259033
theta3,T4,batch2_128_255,4,6,"(4, 6)",0,24,exact_replay_715_45760_tokens,T4_batch_128,5.307951927185059,6.676541328430176,-0.00019570924632716924,-0.0001957416534423828,3.240711521357298e-08,0.00016556064917021924,0,1,0.044580720365047455,0.26314252614974976,0.046571772545576096,0.2720949947834015,0.0022235203068703413,0.010264079086482525,0.04960838961414993,0.2884760294109583,-1.35014009475708,-1.3503358364105225
theta3,T4,batch2_128_255,4,6,"(4, 6)",0,25,exact_replay_715_45760_tokens,T4_batch_128,5.202301025390625,6.687130928039551,-0.0002490351034794003,-0.00024902820587158203,6.897607818245888e-09,2.7698098671613213e-05,0,1,0.046571772545576096,0.2720949947834015,0.048569455742836,0.2810135781764984,0.0022342721931636333,0.01023815292865038,0.05184266180731356,0.29871418233960867,-1.3311172723770142,-1.3313663005828857
theta3,T4,batch2_128_255,4,6,"(4, 6)",0,26,exact_replay_715_45760_tokens,T4_batch_128,5.089143753051758,6.698222637176514,-0.0002785267715808004,-0.0002785921096801758,6.533809937536716e-08,0.00023452961194908,0,1,0.048569455742836,0.2810135781764984,0.05057062208652496,0.28988081216812134,0.0022400966845452785,0.010174853727221489,0.05408275849185884,0.30888903606683016,-1.3201371431350708,-1.320415735244751
theta3,T4,batch2_128_255,4,6,"(4, 6)",0,27,exact_replay_715_45760_tokens,T4_batch_128,4.9831366539001465,6.717467784881592,-0.0003061687748413533,-0.00030624866485595703,7.989001460373402e-08,0.0002608664910957571,0,1,0.05057062208652496,0.28988081216812134,0.052573591470718384,0.2986677885055542,0.002244114875793457,0.010102077387273312,0.0563268733676523,0.31899111345410347,-1.3056386709213257,-1.3059449195861816
theta3,T4,batch2_128_255,4,6,"(4, 6)",0,28,exact_replay_715_45760_tokens,T4_batch_128,4.87746524810791,6.735806941986084,-0.0003425056638661772,-0.0003426074981689453,1.0183430276811123e-07,0.000297233140875087,0,1,0.052573591470718384,0.2986677885055542,0.05457373708486557,0.3073488771915436,0.0022425753995776176,0.010005530901253223,0.058569448767229915,0.3289966443553567,-1.2945513725280762,-1.2948939800262451
theta3,T4,batch2_128_255,4,6,"(4, 6)",0,29,exact_replay_715_45760_tokens,T4_batch_128,4.775972366333008,6.760932922363281,-0.00038202019641175866,-0.0003821849822998047,1.6478588804602623e-07,0.00043116787858702435,0,1,0.05457373708486557,0.3073488771915436,0.056567031890153885,0.31588688492774963,0.002237397013232112,0.009868768975138664,0.06080684578046203,0.33886541333049536,-1.2758238315582275,-1.2762060165405273
theta3,T4,batch2_128_255,4,6,"(4, 6)",0,30,exact_replay_715_45760_tokens,T4_batch_128,4.678923606872559,6.783902168273926,-0.00041480554500594735,-0.0004150867462158203,2.8120120987296104e-07,0.0006774516710941987,0,1,0.056567031890153885,0.31588688492774963,0.0585477389395237,0.32426905632019043,0.002224596217274666,0.009688029997050762,0.06303144199773669,0.3485534433275461,-1.264436960220337,-1.2648520469665527
theta3,T4,batch2_128_255,4,6,"(4, 6)",0,31,exact_replay_715_45760_tokens,T4_batch_128,4.584463119506836,6.809727191925049,-0.0004465806414373219,-0.00044655799865722656,2.264278009533882e-08,5.070512713561132e-05,0,1,0.0585477389395237,0.32426905632019043,0.06051449850201607,0.33253389596939087,0.0022094843443483114,0.009546976536512375,0.065240926342085,0.3581004198640585,-1.2638212442398071,-1.2642678022384644
theta3,T4,batch2_128_255,4,6,"(4, 6)",0,32,exact_replay_715_45760_tokens,T4_batch_128,4.493022918701172,6.836629390716553,-0.0004693299706559628,-0.00046944618225097656,1.1621159501373768e-07,0.0002475504102653631,0,1,0.06051449850201607,0.33253389596939087,0.06246533244848251,0.34066203236579895,0.00219241576269269,0.009390790946781635,0.0674333421047777,0.36749121081084013,-1.2692395448684692,-1.2697089910507202
theta3,T4,batch2_128_255,4,6,"(4, 6)",0,33,exact_replay_715_45760_tokens,T4_batch_128,4.403633117675781,6.8722052574157715,-0.0004938732599839568,-0.0004938840866088867,1.0826624929904938e-08,2.192138848660391e-05,0,1,0.06246533244848251,0.34066203236579895,0.06439383327960968,0.3485943078994751,0.0021680332720279694,0.009174555540084839,0.06960137537680566,0.37666576635092497,-1.265485405921936,-1.265979290008545
theta3,T4,batch2_128_255,4,6,"(4, 6)",0,34,exact_replay_715_45760_tokens,T4_batch_128,4.320850372314453,6.905630588531494,-0.0005151419318281114,-0.0005152225494384766,8.061761036515236e-08,0.00015647143249652938,0,1,0.06439383327960968,0.3485943078994751,0.0662989392876625,0.35636740922927856,0.0021414775401353836,0.008984481915831566,0.07174285291694105,0.38565024826675653,-1.261549711227417,-1.2620649337768555
theta3,T4,batch2_128_255,4,6,"(4, 6)",0,35,exact_replay_715_45760_tokens,T4_batch_128,4.242692947387695,6.9392924308776855,-0.0005334386951290071,-0.0005334615707397461,2.287561073899269e-08,4.28814594972067e-05,0,1,0.0662989392876625,0.35636740922927856,0.06817731261253357,0.3639889657497406,0.0021107017528265715,0.008804310113191605,0.07385355466976762,0.39445455837994814,-1.2533068656921387,-1.2538403272628784
theta3,T4,batch2_128_255,4,6,"(4, 6)",0,36,exact_replay_715_45760_tokens,T4_batch_128,4.162844181060791,6.977514266967773,-0.0005406264099292457,-0.0005407333374023438,1.0692747309803963e-07,0.0001977452945877425,0,1,0.06817731261253357,0.3639889657497406,0.07002560049295425,0.3714454472064972,0.002077370183542371,0.008607009425759315,0.07593092485330999,0.40306156780570745,-1.2472751140594482,-1.2478158473968506
theta3,T4,batch2_128_255,4,6,"(4, 6)",0,37,exact_replay_715_45760_tokens,T4_batch_128,4.085404396057129,7.019099235534668,-0.0005414412589743733,-0.0005415678024291992,1.2654345482587814e-07,0.00023366133337001982,0,1,0.07002560049295425,0.3714454472064972,0.07183870673179626,0.37869444489479065,0.0020387282129377127,0.008359859697520733,0.0779696530662477,0.4114214275032282,-1.2412735223770142,-1.2418150901794434
theta3,T4,batch2_128_255,4,6,"(4, 6)",0,38,exact_replay_715_45760_tokens,T4_batch_128,4.014513969421387,7.06102180480957,-0.0005390771548263729,-0.0005393028259277344,2.2567110136151314e-07,0.0004184496919208665,0,1,0.07183870673179626,0.37869444489479065,0.07362032681703568,0.38577184081077576,0.0020024566911160946,0.008160395547747612,0.0799721097573638,0.4195818230509758,-1.2343645095825195,-1.2349038124084473
theta3,T4,batch2_128_255,4,6,"(4, 6)",0,39,exact_replay_715_45760_tokens,T4_batch_128,3.947275400161743,7.104498863220215,-0.0005458825035020709,-0.0005459785461425781,9.604264050722122e-08,0.00017590918395196507,0,1,0.07362032681703568,0.38577184081077576,0.07536634057760239,0.3926505148410797,0.001962831011041999,0.007935789413750172,0.0819349407684058,0.42751761246472597,-1.2250293493270874,-1.22557532787323
theta3,T4,batch2_128_255,4,7,"(4, 7)",1,0,exact_replay_715_45760_tokens,T4_batch_128,8.46632194519043,8.241799354553223,0.0022082538343966007,0.0022077560424804688,4.977919161319733e-07,0.00022547414956803456,1,0,0.0,0.0,0.0018801175756379962,0.014883398078382015,0.0018801175756379962,0.014883398078382015,0.0018801175756379962,0.014883398078382015,-2.9814558029174805,-2.979248046875
theta3,T4,batch2_128_255,4,7,"(4, 7)",1,1,exact_replay_715_45760_tokens,T4_batch_128,8.242063522338867,8.090007781982422,0.001947055454365909,0.0019469261169433594,1.2933742254972458e-07,6.64316028349253e-05,1,0,0.0018801175756379962,0.014883398078382015,0.003738073632121086,0.029608184471726418,0.001861090655438602,0.01474054530262947,0.003741208231076598,0.029623943381011486,-2.780820369720459,-2.7788734436035156
theta3,T4,batch2_128_255,4,7,"(4, 7)",1,2,exact_replay_715_45760_tokens,T4_batch_128,8.030204772949219,7.945501804351807,0.0017019436927512288,0.0017018318176269531,1.1187512427568436e-07,6.573806125665452e-05,1,0,0.003738073632121086,0.029608184471726418,0.0055746277794241905,0.04406532272696495,0.001846072729676962,0.014499017037451267,0.00558728096075356,0.04412296041846275,-2.589557647705078,-2.587855815887451
theta3,T4,batch2_128_255,4,7,"(4, 7)",1,3,exact_replay_715_45760_tokens,T4_batch_128,7.833232879638672,7.801886558532715,0.0015085932100191712,0.001508474349975586,1.1886004358530045e-07,7.879487217480638e-05,1,0,0.0055746277794241905,0.04406532272696495,0.007393649313598871,0.058373212814331055,0.0018377774395048618,0.014395901933312416,0.007425058400258422,0.05851886235177517,-2.4140236377716064,-2.412515163421631
theta3,T4,batch2_128_255,4,7,"(4, 7)",1,4,exact_replay_715_45760_tokens,T4_batch_128,7.6334357261657715,7.679710388183594,0.0013218381209298968,0.0013217926025390625,4.551839083433151e-08,3.44368630501443e-05,1,0,0.007393649313598871,0.058373212814331055,0.00919648353010416,0.07235351949930191,0.0018345146672800183,0.014099652878940105,0.00925957306753844,0.07261851523071527,-2.244629144668579,-2.24330735206604
theta3,T4,batch2_128_255,4,7,"(4, 7)",1,5,exact_replay_715_45760_tokens,T4_batch_128,7.427727699279785,7.58710241317749,0.0011440059170126915,0.0011439323425292969,7.35744833946228e-08,6.431716340141726e-05,1,0,0.00919648353010416,0.07235351949930191,0.010985054075717926,0.0858859270811081,0.0018370493780821562,0.013708326034247875,0.011096622445620596,0.08632684126496315,-2.0861639976501465,-2.085020065307617
theta3,T4,batch2_128_255,4,7,"(4, 7)",1,6,exact_replay_715_45760_tokens,T4_batch_128,7.239081859588623,7.506481647491455,0.0009961200412362814,0.0009959936141967773,1.264270395040512e-07,0.00012693559245960503,1,0,0.010985054075717926,0.0858859270811081,0.012765590101480484,0.09901568293571472,0.0018469467759132385,0.01336593460291624,0.012943569221533835,0.09969277586787939,-1.9491318464279175,-1.9481358528137207
theta3,T4,batch2_128_255,4,7,"(4, 7)",1,7,exact_replay_715_45760_tokens,T4_batch_128,7.062454700469971,7.435592174530029,0.0008529977058060467,0.0008528232574462891,1.7444835975766182e-07,0.00020455394272435,1,0,0.012765590101480484,0.09901568293571472,0.014540910720825195,0.11166267842054367,0.0018622715724632144,0.012950844131410122,0.01480584079399705,0.11264361999928951,-1.819582462310791,-1.8187296390533447
theta3,T4,batch2_128_255,4,7,"(4, 7)",1,8,exact_replay_715_45760_tokens,T4_batch_128,6.897828578948975,7.376317501068115,0.0007359870942309499,0.0007359981536865234,1.1059455573558807e-08,1.5026471898283123e-05,1,0,0.014540910720825195,0.11166267842054367,0.01631813310086727,0.12387510389089584,0.0018828868633136153,0.012579488568007946,0.016688727657310665,0.12522310856729746,-1.7079949378967285,-1.707258939743042
theta3,T4,batch2_128_255,4,7,"(4, 7)",1,9,exact_replay_715_45760_tokens,T4_batch_128,6.734107971191406,7.319920063018799,0.0006109692621976137,0.0006109476089477539,2.1653249859809875e-08,3.5442073170731705e-05,1,0,0.01631813310086727,0.12387510389089584,0.01809861697256565,0.13556167483329773,0.0019075670279562473,0.01214466243982315,0.018596294685266912,0.1373677710071206,-1.6045469045639038,-1.603935956954956
theta3,T4,batch2_128_255,4,7,"(4, 7)",1,10,exact_replay_715_45760_tokens,T4_batch_128,6.5906901359558105,7.291497230529785,0.00047607021406292915,0.00047600269317626953,6.752088665962219e-08,0.00014184979964938644,1,0,0.01809861697256565,0.13556167483329773,0.01988663151860237,0.1467025727033615,0.0019372050883248448,0.011710387654602528,0.020533499773591757,0.14907815866172314,-1.5232244729995728,-1.5227484703063965
theta3,T4,batch2_128_255,4,7,"(4, 7)",1,11,exact_replay_715_45760_tokens,T4_batch_128,6.448254585266113,7.2710113525390625,0.0003594851878006011,0.00035953521728515625,5.0029484555125237e-08,0.00013915044243202919,1,0,0.01988663151860237,0.1467025727033615,0.021685760468244553,0.15737687051296234,0.001968059688806534,0.011338414624333382,0.02250155946239829,0.16041657328605652,-1.4532991647720337,-1.4529396295547485
theta3,T4,batch2_128_255,4,7,"(4, 7)",1,12,exact_replay_715_45760_tokens,T4_batch_128,6.315746307373047,7.248000621795654,0.00025380851002410054,0.0002537965774536133,1.1932570487260818e-08,4.701627818224519e-05,1,0,0.021685760468244553,0.15737687051296234,0.023507118225097656,0.16771458089351654,0.0020092844497412443,0.011082791723310947,0.024510843912139535,0.17149936500936747,-1.3984391689300537,-1.3981853723526
theta3,T4,batch2_128_255,4,7,"(4, 7)",1,13,exact_replay_715_45760_tokens,T4_batch_128,6.195090293884277,7.245369911193848,0.00015228663687594235,0.00015211105346679688,1.7558340914547443e-07,0.0011543106509600313,1,0,0.023507118225097656,0.16771458089351654,0.025355476886034012,0.17782309651374817,0.002049481263384223,0.010926393792033195,0.026560325175523758,0.18242575880140066,-1.3468291759490967,-1.3466770648956299
theta3,T4,batch2_128_255,4,7,"(4, 7)",1,14,exact_replay_715_45760_tokens,T4_batch_128,6.071930408477783,7.230035781860352,2.4811310140648857e-05,2.47955322265625e-05,1.577791408635676e-08,0.0006363208477313702,1,0,0.025355476886034012,0.17782309651374817,0.02723039872944355,0.18763677775859833,0.002092978684231639,0.010711127892136574,0.028653303859755397,0.19313688669353724,-1.296094298362732,-1.2960695028305054
theta3,T4,batch2_128_255,4,7,"(4, 7)",1,15,exact_replay_715_45760_tokens,T4_batch_128,5.95877742767334,7.211301326751709,-4.8111909563886e-05,-4.8160552978515625e-05,4.8643414629623294e-08,0.0010100260819538986,0,1,0.02723039872944355,0.18763677775859833,0.02914068102836609,0.1974135786294937,0.002137347124516964,0.010737494565546513,0.03079065098427236,0.20387438125908375,-1.2614200115203857,-1.2614681720733643
theta3,T4,batch2_128_255,4,7,"(4, 7)",1,16,exact_replay_715_45760_tokens,T4_batch_128,5.846182823181152,7.208742618560791,-0.00014326431846711785,-0.00014328956604003906,2.5247572921216488e-08,0.00017619966072171382,0,1,0.02914068102836609,0.1974135786294937,0.03108496591448784,0.20699989795684814,0.002181530697271228,0.010601981543004513,0.03297218168154359,0.21447636280208826,-1.2328356504440308,-1.2329789400100708
theta3,T4,batch2_128_255,4,7,"(4, 7)",1,17,exact_replay_715_45760_tokens,T4_batch_128,5.7305121421813965,7.21136999130249,-0.0002642142353579402,-0.00026416778564453125,4.644971340894699e-08,0.00017583413244584838,0,1,0.03108496591448784,0.20699989795684814,0.0330578088760376,0.2162187397480011,0.002224868396297097,0.01032286137342453,0.035197050077840686,0.2247992241755128,-1.202936053276062,-1.2032002210617065
theta3,T4,batch2_128_255,4,7,"(4, 7)",1,18,exact_replay_715_45760_tokens,T4_batch_128,5.6242523193359375,7.214574813842773,-0.00038688365020789206,-0.00038695335388183594,6.970367394387722e-08,0.0001801345646565003,0,1,0.0330578088760376,0.2162187397480011,0.03506486117839813,0.22515617311000824,0.0022690605837851763,0.010122835636138916,0.03746611066162586,0.2349220598116517,-1.1768757104873657,-1.1772626638412476
theta3,T4,batch2_128_255,4,7,"(4, 7)",1,19,exact_replay_715_45760_tokens,T4_batch_128,5.526717185974121,7.227931499481201,-0.0004873156431131065,-0.00048732757568359375,1.1932570487260818e-08,2.448572804549902e-05,0,1,0.03506486117839813,0.22515617311000824,0.03710513934493065,0.23397044837474823,0.0023061183746904135,0.010050209239125252,0.039772229036316276,0.24497226905077696,-1.1613271236419678,-1.1618144512176514
theta3,T4,batch2_128_255,4,7,"(4, 7)",1,20,exact_replay_715_45760_tokens,T4_batch_128,5.427084445953369,7.233313083648682,-0.000599677674472332,-0.0005997419357299805,6.426125764846802e-08,0.00010714818127608825,0,1,0.03710513934493065,0.23397044837474823,0.03917831555008888,0.24265967309474945,0.0023442006204277277,0.009966958314180374,0.042116429656744,0.25493922736495733,-1.1536763906478882,-1.1542761325836182
theta3,T4,batch2_128_255,4,7,"(4, 7)",1,21,exact_replay_715_45760_tokens,T4_batch_128,5.327445030212402,7.249009132385254,-0.0006945173954591155,-0.0006946325302124023,1.1513475328683853e-07,0.00016574915265145016,0,1,0.03917831555008888,0.24265967309474945,0.04128221794962883,0.2512698769569397,0.0023770576808601618,0.009904678910970688,0.044493487337604165,0.264843906275928,-1.1480733156204224,-1.1487679481506348
theta3,T4,batch2_128_255,4,7,"(4, 7)",1,22,exact_replay_715_45760_tokens,T4_batch_128,5.2268877029418945,7.256161212921143,-0.0008054649806581438,-0.0008056163787841797,1.5139812603592873e-07,0.0001879283118156259,0,1,0.04128221794962883,0.2512698769569397,0.043414197862148285,0.2597736120223999,0.002410472836345434,0.00983937457203865,0.0469039601739496,0.27468328084796667,-1.149361252784729,-1.1501668691635132
theta3,T4,batch2_128_255,4,7,"(4, 7)",1,23,exact_replay_715_45760_tokens,T4_batch_128,5.130182266235352,7.2711567878723145,-0.0008968223119154572,-0.0008969306945800781,1.0838266462087631e-07,0.00012083727904040405,0,1,0.043414197862148285,0.2597736120223999,0.04557346925139427,0.2682076096534729,0.002438449300825596,0.009788843803107738,0.049342409474775195,0.2844721246510744,-1.1413935422897339,-1.142290472984314
theta3,T4,batch2_128_255,4,7,"(4, 7)",1,24,exact_replay_715_45760_tokens,T4_batch_128,5.029261589050293,7.281886100769043,-0.0010015186853706837,-0.0010017156600952148,1.969747245311737e-07,0.00019663736165655125,0,1,0.04557346925139427,0.2682076096534729,0.04775628820061684,0.27657273411750793,0.0024625323712825775,0.009715116582810879,0.05180494184605777,0.2941872412338853,-1.1427160501480103,-1.1437177658081055
theta3,T4,batch2_128_255,4,7,"(4, 7)",1,25,exact_replay_715_45760_tokens,T4_batch_128,4.931744575500488,7.30212926864624,-0.0011024585692211986,-0.0011025667190551758,1.0814983397722244e-07,9.808915152989512e-05,0,1,0.04775628820061684,0.27657273411750793,0.049958236515522,0.2848559319972992,0.0024824223946779966,0.00962715782225132,0.05428736424073577,0.3038143990561366,-1.1423115730285645,-1.1434141397476196
theta3,T4,batch2_128_255,4,7,"(4, 7)",1,26,exact_replay_715_45760_tokens,T4_batch_128,4.838112831115723,7.330144882202148,-0.0012018140405416489,-0.0012018680572509766,5.4016709327697754e-08,4.494395953183892e-05,0,1,0.049958236515522,0.2848559319972992,0.05217389389872551,0.293057918548584,0.002495083026587963,0.009541493840515614,0.05678244726732373,0.3133558928966522,-1.147705316543579,-1.14890718460083
theta3,T4,batch2_128_255,4,7,"(4, 7)",1,27,exact_replay_715_45760_tokens,T4_batch_128,4.744379997253418,7.355955600738525,-0.0012879704590886831,-0.0012880563735961914,8.591450750827789e-08,6.670089079130032e-05,0,1,0.05217389389872551,0.293057918548584,0.05439869686961174,0.3011854588985443,0.0025022439658641815,0.00945376604795456,0.059284691233187914,0.3228096589446068,-1.1526449918746948,-1.153933048248291
theta3,T4,batch2_128_255,4,7,"(4, 7)",1,28,exact_replay_715_45760_tokens,T4_batch_128,4.653883457183838,7.391507148742676,-0.0013715046225115657,-0.0013718605041503906,3.5588163882493973e-07,0.00025941532520855055,0,1,0.05439869686961174,0.3011854588985443,0.05662846937775612,0.3092203140258789,0.002504057949408889,0.009352114982903004,0.0617887491825968,0.3321617739275098,-1.1586111783981323,-1.1599830389022827
theta3,T4,batch2_128_255,4,7,"(4, 7)",1,29,exact_replay_715_45760_tokens,T4_batch_128,4.565801620483398,7.43316125869751,-0.0014563224976882339,-0.0014564990997314453,1.7660204321146011e-07,0.00012125104865771812,0,1,0.05662846937775612,0.3092203140258789,0.05885738879442215,0.3171328008174896,0.0025013878475874662,0.009224507957696915,0.06429013703018427,0.3413862818852067,-1.1654925346374512,-1.1669490337371826
theta3,T4,batch2_128_255,4,7,"(4, 7)",1,30,exact_replay_715_45760_tokens,T4_batch_128,4.479655742645264,7.471992492675781,-0.0015245319809764624,-0.001524806022644043,2.7404166758060455e-07,0.00017972231451802049,0,1,0.05885738879442215,0.3171328008174896,0.06108270213007927,0.3249156177043915,0.0024949130602180958,0.00908163283020258,0.06678505009040236,0.3504679147154093,-1.173134207725525,-1.174659013748169
theta3,T4,batch2_128_255,4,7,"(4, 7)",1,31,exact_replay_715_45760_tokens,T4_batch_128,4.395570755004883,7.511744022369385,-0.0015782216796651483,-0.0015784502029418945,2.2852327674627304e-07,0.00014477699475115173,0,1,0.06108270213007927,0.3249156177043915,0.0632963627576828,0.33254754543304443,0.0024781094398349524,0.008907007053494453,0.06926315953023732,0.35937492176890373,-1.186009168624878,-1.1875876188278198
theta3,T4,batch2_128_255,4,7,"(4, 7)",1,32,exact_replay_715_45760_tokens,T4_batch_128,4.316821098327637,7.549542427062988,-0.0016165609704330564,-0.0016167163848876953,1.5541445463895798e-07,9.612969602565993e-05,0,1,0.0632963627576828,0.33254754543304443,0.06549634039402008,0.34003958106040955,0.0024583120830357075,0.008743995800614357,0.07172147161327302,0.3681189175695181,-1.1996928453445435,-1.2013095617294312
theta3,T4,batch2_128_255,4,7,"(4, 7)",1,33,exact_replay_715_45760_tokens,T4_batch_128,4.238221168518066,7.5867919921875,-0.0016647714655846357,-0.001664876937866211,1.0547228157520294e-07,6.335139803809251e-05,0,1,0.06549634039402008,0.34003958106040955,0.06767632812261581,0.3473649024963379,0.0024338760413229465,0.008556229062378407,0.07415534765459597,0.3766751466318965,-1.2181751728057861,-1.2198400497436523
theta3,T4,batch2_128_255,4,7,"(4, 7)",1,34,exact_replay_715_45760_tokens,T4_batch_128,4.16351318359375,7.631228446960449,-0.0016863556811586022,-0.0016865730285644531,2.173474058508873e-07,0.00012886925272123268,0,1,0.06767632812261581,0.3473649024963379,0.0698319524526596,0.3545319437980652,0.0024035575333982706,0.008372582495212555,0.07655890518799424,0.38504772912710905,-1.2310540676116943,-1.2327406406402588
theta3,T4,batch2_128_255,4,7,"(4, 7)",1,35,exact_replay_715_45760_tokens,T4_batch_128,4.092961311340332,7.675631046295166,-0.0017059341771528125,-0.001706242561340332,3.083841875195503e-07,0.0001807387733179627,0,1,0.0698319524526596,0.3545319437980652,0.07195938378572464,0.3615276515483856,0.0023686946369707584,0.008176760748028755,0.078927599824965,0.3932244898751378,-1.2455542087554932,-1.2472604513168335
theta3,T4,batch2_128_255,4,7,"(4, 7)",1,36,exact_replay_715_45760_tokens,T4_batch_128,4.0247673988342285,7.726296901702881,-0.0017109267646446824,-0.0017112493515014648,3.2258685678243637e-07,0.00018850955677464297,0,1,0.07195938378572464,0.3615276515483856,0.07405666261911392,0.3683524429798126,0.0023323867935687304,0.007980686612427235,0.08125998661853373,0.40120517648756504,-1.2552357912063599,-1.2569470405578613
theta3,T4,batch2_128_255,4,7,"(4, 7)",1,37,exact_replay_715_45760_tokens,T4_batch_128,3.960792064666748,7.7760772705078125,-0.0017148038605228066,-0.001714944839477539,1.4097895473241806e-07,8.220611618935076e-05,0,1,0.07405666261911392,0.3683524429798126,0.07612093538045883,0.37501391768455505,0.002292608842253685,0.007789111230522394,0.08355259546078742,0.40899428771808743,-1.2657470703125,-1.2674620151519775
theta3,T4,batch2_128_255,4,7,"(4, 7)",1,38,exact_replay_715_45760_tokens,T4_batch_128,3.898960828781128,7.823495388031006,-0.001710068667307496,-0.0017102956771850586,2.270098775625229e-07,0.00013273136369972816,0,1,0.07612093538045883,0.37501391768455505,0.07814794778823853,0.38149282336235046,0.0022485414519906044,0.007582978345453739,0.08580113691277802,0.4165772660635412,-1.2755663394927979,-1.277276635169983
theta3,T4,batch2_128_255,4,7,"(4, 7)",1,39,exact_replay_715_45760_tokens,T4_batch_128,3.8406434059143066,7.865255355834961,-0.0017024887492880225,-0.0017027854919433594,2.9674265533685684e-07,0.00017426895915009802,0,1,0.07814794778823853,0.38149282336235046,0.08013807237148285,0.38780713081359863,0.0022047993261367083,0.007394100539386272,0.08800593623891473,0.42397136660292745,-1.2897173166275024,-1.2914201021194458
theta3,T4,batch2_128_255,5,6,"(5, 6)",0,0,exact_replay_715_45760_tokens,T4_batch_128,8.503279685974121,8.241799354553223,0.0026443800888955593,0.002643585205078125,7.948838174343109e-07,0.000300684016504329,1,0,0.0,0.0,0.0020054562482982874,0.014916026964783669,0.0020054562482982874,0.014916026964783669,0.0020054562482982874,0.014916026964783669,-2.4971823692321777,-2.4945387840270996
theta3,T4,batch2_128_255,5,6,"(5, 6)",0,1,exact_replay_715_45760_tokens,T4_batch_128,8.281920433044434,8.065515518188477,0.0023643518798053265,0.0023636817932128906,6.700865924358368e-07,0.00028349272493443615,1,0,0.0020054562482982874,0.014916026964783669,0.003973863553255796,0.029637834057211876,0.00197092373855412,0.014737676829099655,0.0039763799868524075,0.029653703793883324,-2.3574602603912354,-2.3550965785980225
theta3,T4,batch2_128_255,5,6,"(5, 6)",0,2,exact_replay_715_45760_tokens,T4_batch_128,8.065829277038574,7.905518054962158,0.002084827283397317,0.0020842552185058594,5.720648914575577e-07,0.00027446969371997253,1,0,0.003973863553255796,0.029637834057211876,0.005904759746044874,0.04418826475739479,0.0019383336184546351,0.014589955098927021,0.005914713605307043,0.044243658892810345,-2.2160558700561523,-2.2139716148376465
theta3,T4,batch2_128_255,5,6,"(5, 6)",0,3,exact_replay_715_45760_tokens,T4_batch_128,7.856308460235596,7.74133825302124,0.0018190270056948066,0.0018188953399658203,1.3166572898626328e-07,7.23877433149823e-05,1,0,0.005904759746044874,0.04418826475739479,0.007798362988978624,0.05849118158221245,0.0019088134868070483,0.014383049681782722,0.007823527092114091,0.05862670857459307,-2.0767009258270264,-2.0748820304870605
theta3,T4,batch2_128_255,5,6,"(5, 6)",0,4,exact_replay_715_45760_tokens,T4_batch_128,7.656278610229492,7.593310832977295,0.0015549066010862589,0.0015546083450317383,2.98256054520607e-07,0.0001918528582930757,1,0,0.007798362988978624,0.05849118158221245,0.00965477991849184,0.07242538034915924,0.001883088843896985,0.014070575125515461,0.009706615936011076,0.07269728370010853,-1.9277079105377197,-1.926153302192688
theta3,T4,batch2_128_255,5,6,"(5, 6)",0,5,exact_replay_715_45760_tokens,T4_batch_128,7.463475227355957,7.468810081481934,0.0013300466816872358,0.0013298988342285156,1.4784745872020721e-07,0.00011117195903549659,1,0,0.00965477991849184,0.07242538034915924,0.011480452492833138,0.08602439612150192,0.0018660289933905005,0.013800345361232758,0.011572644929401577,0.08649762906134129,-1.787288784980774,-1.7859588861465454
theta3,T4,batch2_128_255,5,6,"(5, 6)",0,6,exact_replay_715_45760_tokens,T4_batch_128,7.266564846038818,7.348456859588623,0.001134057529270649,0.001134037971496582,1.955777406692505e-08,1.7246136865342163e-05,1,0,0.011480452492833138,0.08602439612150192,0.013277719728648663,0.0993368998169899,0.0018533059628680348,0.013595422729849815,0.013425950892269611,0.1000930517911911,-1.6526857614517212,-1.6515517234802246
theta3,T4,batch2_128_255,5,6,"(5, 6)",0,7,exact_replay_715_45760_tokens,T4_batch_128,7.078404426574707,7.252693176269531,0.0009529218077659607,0.0009528398513793945,8.195638656616211e-08,8.601276116602027e-05,1,0,0.013277719728648663,0.0993368998169899,0.01505169179290533,0.11236898601055145,0.0018471191870048642,0.013396665453910828,0.015273070079274476,0.11348971724510193,-1.514495849609375,-1.5135430097579956
theta3,T4,batch2_128_255,5,6,"(5, 6)",0,8,exact_replay_715_45760_tokens,T4_batch_128,6.8902058601379395,7.151849269866943,0.0007978184730745852,0.0007977485656738281,6.990740075707436e-08,8.763086988194859e-05,1,0,0.01505169179290533,0.11236898601055145,0.016805486753582954,0.12513698637485504,0.001844156882725656,0.013184483163058758,0.01711722696200013,0.1266742004081607,-1.3809996843338013,-1.3802019357681274
theta3,T4,batch2_128_255,5,6,"(5, 6)",0,9,exact_replay_715_45760_tokens,T4_batch_128,6.715131759643555,7.068598747253418,0.0006551641854457557,0.000655055046081543,1.0913936421275139e-07,0.00016661098157415833,1,0,0.016805486753582954,0.12513698637485504,0.018542751669883728,0.1375681757926941,0.0018481806619092822,0.012944590300321579,0.018965407623909414,0.13961879070848227,-1.255089521408081,-1.2544344663619995
theta3,T4,batch2_128_255,5,6,"(5, 6)",0,10,exact_replay_715_45760_tokens,T4_batch_128,6.539444923400879,6.991639137268066,0.0005306791863404214,0.0005306005477905273,7.863854989409447e-08,0.0001482066881037969,1,0,0.018542751669883728,0.1375681757926941,0.020262975245714188,0.14971204102039337,0.0018528109649196267,0.012764743529260159,0.02081821858882904,0.15238353423774242,-1.1457616090774536,-1.145231008529663
theta3,T4,batch2_128_255,5,6,"(5, 6)",0,11,exact_replay_715_45760_tokens,T4_batch_128,6.375849723815918,6.929712772369385,0.0004230572667438537,0.00042307376861572266,1.650187186896801e-08,3.900471523668639e-05,1,0,0.020262975245714188,0.14971204102039337,0.02196880616247654,0.16151683032512665,0.0018595015862956643,0.012535193003714085,0.022677720175124705,0.1649187272414565,-1.0430010557174683,-1.0425779819488525
theta3,T4,batch2_128_255,5,6,"(5, 6)",0,12,exact_replay_715_45760_tokens,T4_batch_128,6.217667579650879,6.880829811096191,0.00030545995105057955,0.00030541419982910156,4.575122147798538e-08,0.00014980057084309134,1,0,0.02196880616247654,0.16151683032512665,0.023660723119974136,0.17305271327495575,0.001874743029475212,0.0124124800786376,0.024552463204599917,0.1773312073200941,-0.9500707387924194,-0.9497653245925903
theta3,T4,batch2_128_255,5,6,"(5, 6)",0,13,exact_replay_715_45760_tokens,T4_batch_128,6.060277462005615,6.842288970947266,0.00022592779714614153,0.00022596120834350586,3.341119736433029e-08,0.00014786253627011343,1,0,0.023660723119974136,0.17305271327495575,0.025344595313072205,0.18440403044223785,0.0018872878281399608,0.012336257845163345,0.026439751032739878,0.18966746516525745,-0.8479873538017273,-0.8477613925933838
theta3,T4,batch2_128_255,5,6,"(5, 6)",0,14,exact_replay_715_45760_tokens,T4_batch_128,5.905597686767578,6.811116695404053,0.00016141954984050244,0.0001614093780517578,1.017178874462843e-08,6.301857343980798e-05,1,0,0.025344595313072205,0.18440403044223785,0.027020016685128212,0.19547812640666962,0.001899263821542263,0.012117174454033375,0.02833901485428214,0.20178463961929083,-0.7555052042007446,-0.7553437948226929
theta3,T4,batch2_128_255,5,6,"(5, 6)",0,15,exact_replay_715_45760_tokens,T4_batch_128,5.756827354431152,6.791297435760498,0.0001078859277185984,0.00010782480239868164,6.112531991675496e-08,0.0005668948011677723,1,0,0.027020016685128212,0.19547812640666962,0.028689276427030563,0.20608307421207428,0.001915132743306458,0.011689817532896996,0.0302541475975886,0.21347445715218782,-0.6739157438278198,-0.6738079190254211
theta3,T4,batch2_128_255,5,6,"(5, 6)",0,16,exact_replay_715_45760_tokens,T4_batch_128,5.613974094390869,6.780905246734619,6.731694156769663e-05,6.73532485961914e-05,3.6307028494775295e-08,0.0005390538578539824,1,0,0.028689276427030563,0.20608307421207428,0.030353078618645668,0.21630443632602692,0.0019278547260910273,0.011365510523319244,0.032182002323679626,0.22483996767550707,-0.6045904755592346,-0.6045231223106384
theta3,T4,batch2_128_255,5,6,"(5, 6)",0,17,exact_replay_715_45760_tokens,T4_batch_128,5.486613750457764,6.773509502410889,4.1330633393954486e-05,4.1365623474121094e-05,3.4990080166608095e-08,0.0008458733902197407,1,0,0.030353078618645668,0.21630443632602692,0.03201844543218613,0.2262462079524994,0.0019432288827374578,0.011135222390294075,0.034125231206417084,0.23597519006580114,-0.541517436504364,-0.5414760708808899
theta3,T4,batch2_128_255,5,6,"(5, 6)",0,18,exact_replay_715_45760_tokens,T4_batch_128,5.36219596862793,6.7793097496032715,2.558162304922007e-05,2.5600194931030273e-05,1.8571881810203195e-08,0.0007254586092112922,1,0,0.03201844543218613,0.2262462079524994,0.03368415683507919,0.23595461249351501,0.0019545466639101505,0.010950754396617413,0.036079777870327234,0.24692594446241856,-0.48321300745010376,-0.48318740725517273
theta3,T4,batch2_128_255,5,6,"(5, 6)",0,19,exact_replay_715_45760_tokens,T4_batch_128,5.243310928344727,6.78978157043457,1.3094072528474499e-05,1.3053417205810547e-05,4.0655322663951665e-08,0.0031145348396475455,1,0,0.03368415683507919,0.23595461249351501,0.03535075485706329,0.24546164274215698,0.0019656287040561438,0.010782022960484028,0.03804540657438338,0.2577079674229026,-0.4313979744911194,-0.4313849210739136
theta3,T4,batch2_128_255,5,6,"(5, 6)",0,20,exact_replay_715_45760_tokens,T4_batch_128,5.126518249511719,6.808629989624023,7.736452062090393e-06,7.68899917602539e-06,4.745288606500253e-08,0.00617152960725533,1,0,0.03535075485706329,0.24546164274215698,0.03701508790254593,0.25478705763816833,0.0019699831027537584,0.010607441887259483,0.040015389677137136,0.26831540931016207,-0.38284340500831604,-0.38283571600914
theta3,T4,batch2_128_255,5,6,"(5, 6)",0,21,exact_replay_715_45760_tokens,T4_batch_128,5.008817672729492,6.8322343826293945,8.266278200608213e-06,8.285045623779297e-06,1.8767423171084374e-08,0.0022652166352855217,1,0,0.03701508790254593,0.25478705763816833,0.03867441043257713,0.26389259099960327,0.001969492295756936,0.010386079549789429,0.04198488197289407,0.2787014888599515,-0.33521872758865356,-0.3352104425430298
theta3,T4,batch2_128_255,5,6,"(5, 6)",0,22,exact_replay_715_45760_tokens,T4_batch_128,4.897463321685791,6.841320037841797,5.580329798249295e-06,5.5730342864990234e-06,7.295511750271544e-09,0.0013090735450785429,1,0,0.03867441043257713,0.26389259099960327,0.04032464325428009,0.27279913425445557,0.0019687695894390345,0.010201958008110523,0.04395365156233311,0.288903446868062,-0.29735034704208374,-0.29734477400779724
theta3,T4,batch2_128_255,5,6,"(5, 6)",0,23,exact_replay_715_45760_tokens,T4_batch_128,4.795413017272949,6.859631061553955,6.70310873829294e-06,6.67572021484375e-06,2.738852344918996e-08,0.0041027069091796875,1,0,0.04032464325428009,0.27279913425445557,0.041966795921325684,0.281539648771286,0.001964671304449439,0.01002761535346508,0.045918322866782546,0.2989310622215271,-0.26335960626602173,-0.2633529305458069
theta3,T4,batch2_128_255,5,6,"(5, 6)",0,24,exact_replay_715_45760_tokens,T4_batch_128,4.697857856750488,6.883819580078125,5.117583441460738e-06,5.125999450683594e-06,8.416009222855791e-09,0.0016418279603470204,1,0,0.041966795921325684,0.281539648771286,0.043597884476184845,0.2901290953159332,0.001958257984369993,0.00988060887902975,0.04787658085115254,0.30881167110055685,-0.23664924502372742,-0.23664411902427673
theta3,T4,batch2_128_255,5,6,"(5, 6)",0,25,exact_replay_715_45760_tokens,T4_batch_128,4.5992841720581055,6.9025797843933105,4.686145985033363e-06,4.678964614868164e-06,7.181370165199041e-09,0.0015348203622611465,1,0,0.043597884476184845,0.2901290953159332,0.04521547630429268,0.2985706627368927,0.001947534503415227,0.009715067222714424,0.049824115354567766,0.3185267383232713,-0.21280567348003387,-0.212800994515419
theta3,T4,batch2_128_255,5,6,"(5, 6)",0,26,exact_replay_715_45760_tokens,T4_batch_128,4.501702308654785,6.926311016082764,4.765150606544921e-06,4.76837158203125e-06,3.2209754863288254e-09,0.0006754875183105468,1,0,0.04521547630429268,0.2985706627368927,0.0468188151717186,0.306804895401001,0.0019340792205184698,0.009495620615780354,0.051758194575086236,0.32802235893905163,-0.1929326057434082,-0.19292783737182617
theta3,T4,batch2_128_255,5,6,"(5, 6)",0,27,exact_replay_715_45760_tokens,T4_batch_128,4.411421775817871,6.956258773803711,2.9993746011314215e-06,3.0100345611572266e-06,1.0659960025805049e-08,0.0035414742951345914,1,0,0.0468188151717186,0.306804895401001,0.04840611666440964,0.31486520171165466,0.0019187640864402056,0.009305981919169426,0.05367695866152644,0.33732834085822105,-0.1789606809616089,-0.17895767092704773
theta3,T4,batch2_128_255,5,6,"(5, 6)",0,28,exact_replay_715_45760_tokens,T4_batch_128,4.321539402008057,6.985560894012451,3.278182020949316e-06,3.2633543014526367e-06,1.4827719496679492e-08,0.004543705073665811,1,0,0.04840611666440964,0.31486520171165466,0.04997122660279274,0.3227149248123169,0.0018952544778585434,0.0090703796595335,0.055572213139384985,0.34639872051775455,-0.16695137321949005,-0.1669481098651886
theta3,T4,batch2_128_255,5,6,"(5, 6)",0,29,exact_replay_715_45760_tokens,T4_batch_128,4.240987777709961,7.030508518218994,4.513633484748425e-06,4.51505184173584e-06,1.4183569874148816e-09,0.00031413969033622114,1,0,0.04997122660279274,0.3227149248123169,0.051516007632017136,0.3303545117378235,0.001871886313892901,0.008837888948619366,0.057444099453277886,0.3552366094663739,-0.1524849236011505,-0.15248040854930878
theta3,T4,batch2_128_255,5,6,"(5, 6)",0,30,exact_replay_715_45760_tokens,T4_batch_128,4.160004615783691,7.077528476715088,3.439942474869895e-06,3.427267074584961e-06,1.2675400284933858e-08,0.0036983987559442936,1,0,0.051516007632017136,0.3303545117378235,0.05303555727005005,0.33774712681770325,0.0018437003018334508,0.008571016602218151,0.05928779975511134,0.36380762606859207,-0.14335551857948303,-0.14335209131240845
theta3,T4,batch2_128_255,5,6,"(5, 6)",0,31,exact_replay_715_45760_tokens,T4_batch_128,4.08555793762207,7.1155314445495605,2.281254865010851e-06,2.2798776626586914e-06,1.3772023521596566e-09,0.0006040685317095588,1,0,0.05303555727005005,0.33774712681770325,0.05452951788902283,0.34491780400276184,0.001813387731090188,0.008328046649694443,0.061101187486201525,0.3721356727182865,-0.13575392961502075,-0.1357516497373581
theta3,T4,batch2_128_255,5,6,"(5, 6)",0,32,exact_replay_715_45760_tokens,T4_batch_128,4.013800144195557,7.148925304412842,9.561795195622835e-07,9.5367431640625e-07,2.505203156033531e-09,0.0026268959045410156,1,0,0.05452951788902283,0.34491780400276184,0.05599617958068848,0.3518722951412201,0.001781329745426774,0.00808896403759718,0.0628825172316283,0.3802246367558837,-0.12830203771591187,-0.12830108404159546
theta3,T4,batch2_128_255,5,6,"(5, 6)",0,33,exact_replay_715_45760_tokens,T4_batch_128,3.944568395614624,7.186309814453125,-3.111588284809841e-07,-3.129243850708008e-07,1.765556589816697e-09,0.005642118908110119,0,1,0.05599617958068848,0.3518722951412201,0.05743293836712837,0.3586045205593109,0.0017460266826674342,0.007843121886253357,0.06462854391429573,0.38806775864213705,-0.12328370660543442,-0.12328401952981949
theta3,T4,batch2_128_255,5,6,"(5, 6)",0,34,exact_replay_715_45760_tokens,T4_batch_128,3.882544994354248,7.218118190765381,-1.8332933677811525e-06,-1.8328428268432617e-06,4.5054093789076433e-10,0.0002458153701410061,0,1,0.05743293836712837,0.3586045205593109,0.058841198682785034,0.3651416003704071,0.0017103253630921245,0.00762165104970336,0.06633886927738786,0.3956894096918404,-0.11919762194156647,-0.11919945478439331
theta3,T4,batch2_128_255,5,6,"(5, 6)",0,35,exact_replay_715_45760_tokens,T4_batch_128,3.8234403133392334,7.2571258544921875,-3.2394984827988083e-06,-3.2335519790649414e-06,5.946503733866848e-09,0.001839000508532546,0,1,0.058841198682785034,0.3651416003704071,0.06022079661488533,0.37147215008735657,0.0016754163661971688,0.007395041175186634,0.06801428564358503,0.40308445086702704,-0.1152900755405426,-0.11529330909252167
theta3,T4,batch2_128_255,5,6,"(5, 6)",0,36,exact_replay_715_45760_tokens,T4_batch_128,3.7686853408813477,7.297814846038818,-4.113231170776999e-06,-4.127621650695801e-06,1.4390479918802157e-08,0.003486385414316336,0,1,0.06022079661488533,0.37147215008735657,0.06157182157039642,0.3776126205921173,0.0016397141152992845,0.007182526867836714,0.06965399975888431,0.41026697773486376,-0.11175375431776047,-0.11175788193941116
theta3,T4,batch2_128_255,5,6,"(5, 6)",0,37,exact_replay_715_45760_tokens,T4_batch_128,3.7176246643066406,7.341264247894287,-4.6708560148545075e-06,-4.67151403427124e-06,6.580194167327136e-10,0.00014085784863437,0,1,0.06157182157039642,0.3776126205921173,0.06289466470479965,0.38356852531433105,0.0016046236269176006,0.0069760712794959545,0.07125862338580191,0.4172430490143597,-0.10679243505001068,-0.10679710656404495
theta3,T4,batch2_128_255,5,6,"(5, 6)",0,38,exact_replay_715_45760_tokens,T4_batch_128,3.6691994667053223,7.384418964385986,-5.519721526070498e-06,-5.520880222320557e-06,1.1586962500587106e-09,0.00020987527412280702,0,1,0.06289466470479965,0.38356852531433105,0.06418980658054352,0.38934779167175293,0.0015707078855484724,0.006781059317290783,0.07282933127135038,0.4240241083316505,-0.10237513482570648,-0.1023806557059288
theta3,T4,batch2_128_255,5,6,"(5, 6)",0,39,exact_replay_715_45760_tokens,T4_batch_128,3.624084949493408,7.427140712738037,-5.951593266217969e-06,-5.9604644775390625e-06,8.871211321093142e-09,0.00148834228515625,0,1,0.06418980658054352,0.38934779167175293,0.06545791029930115,0.3949601650238037,0.0015354120405390859,0.0065927281975746155,0.07436474331188947,0.4306168365292251,-0.09879022091627121,-0.09879618138074875
theta3,T4,batch2_128_255,5,7,"(5, 7)",1,0,exact_replay_715_45760_tokens,T4_batch_128,8.456085205078125,8.241799354553223,0.0015417305985465646,0.0015416145324707031,1.1606607586145401e-07,7.528864928085369e-05,1,0,0.0,0.0,0.002027213340625167,0.015802539885044098,0.002027213340625167,0.015802539885044098,0.002027213340625167,0.015802539885044098,-1.867706537246704,-1.8661649227142334
theta3,T4,batch2_128_255,5,7,"(5, 7)",1,1,exact_replay_715_45760_tokens,T4_batch_128,8.209400177001953,8.071778297424316,0.001391321886330843,0.0013911724090576172,1.494772732257843e-07,0.0001074469794344473,1,0,0.002027213340625167,0.015802539885044098,0.004012817516922951,0.03136160224676132,0.0019888931419700384,0.015576192177832127,0.004016106482595205,0.031378732062876225,-1.807645559310913,-1.8062543869018555
theta3,T4,batch2_128_255,5,7,"(5, 7)",1,2,exact_replay_715_45760_tokens,T4_batch_128,7.9774651527404785,7.896469593048096,0.0012605703668668866,0.001260519027709961,5.133915692567825e-08,4.072858544543219e-05,1,0,0.004012817516922951,0.03136160224676132,0.005962733179330826,0.046710673719644547,0.0019596563652157784,0.015396860428154469,0.005975762847810984,0.04677559249103069,-1.7475284337997437,-1.7462679147720337
theta3,T4,batch2_128_255,5,7,"(5, 7)",1,3,exact_replay_715_45760_tokens,T4_batch_128,7.744291305541992,7.735261917114258,0.0011281955521553755,0.0011279582977294922,2.3725442588329315e-07,0.00021033971411963645,1,0,0.005962733179330826,0.046710673719644547,0.007869880646467209,0.061637721955776215,0.0019276317907497287,0.015018601901829243,0.007903394638560712,0.061794194392859936,-1.6874828338623047,-1.6863548755645752
theta3,T4,batch2_128_255,5,7,"(5, 7)",1,4,exact_replay_715_45760_tokens,T4_batch_128,7.525768756866455,7.60528564453125,0.0009934216504916549,0.0009933710098266602,5.0640664994716644e-08,5.097860164406576e-05,1,0,0.007869880646467209,0.061637721955776215,0.00974081177264452,0.07605773210525513,0.0019058659672737122,0.014554888941347599,0.009809260605834424,0.07634908333420753,-1.6134846210479736,-1.612491250038147
theta3,T4,batch2_128_255,5,7,"(5, 7)",1,5,exact_replay_715_45760_tokens,T4_batch_128,7.317750930786133,7.47779655456543,0.0008640834130346775,0.0008640289306640625,5.448237061500549e-08,6.305618791390728e-05,1,0,0.00974081177264452,0.07605773210525513,0.011578403413295746,0.0899571105837822,0.0018892181105911732,0.014105000533163548,0.011698478716425598,0.09045408386737108,-1.5337070226669312,-1.532842993736267
theta3,T4,batch2_128_255,5,7,"(5, 7)",1,6,exact_replay_715_45760_tokens,T4_batch_128,7.115317344665527,7.3690266609191895,0.000750770908780396,0.0007506608963012695,1.100124791264534e-07,0.00014655416269652215,1,0,0.011578403413295746,0.0899571105837822,0.013390341773629189,0.1033574640750885,0.0018816975643858314,0.013690456748008728,0.013580176280811429,0.10414454061537981,-1.4586385488510132,-1.457887887954712
theta3,T4,batch2_128_255,5,7,"(5, 7)",1,7,exact_replay_715_45760_tokens,T4_batch_128,6.9235968589782715,7.281592845916748,0.0006458056159317493,0.0006456375122070312,1.6810372471809387e-07,0.0002603685838257016,1,0,0.013390341773629189,0.1033574640750885,0.0151831628754735,0.11628653109073639,0.0018825129372999072,0.013328762724995613,0.015462689218111336,0.11747330334037542,-1.391510248184204,-1.390864610671997
theta3,T4,batch2_128_255,5,7,"(5, 7)",1,8,exact_replay_715_45760_tokens,T4_batch_128,6.739289283752441,7.209578514099121,0.0005305602098815143,0.0005304813385009766,7.887138053774834e-08,0.00014867889747191012,1,0,0.0151831628754735,0.11628653109073639,0.016958048567175865,0.12865854799747467,0.0018886671168729663,0.012858359143137932,0.017351356334984303,0.13033166248351336,-1.3224996328353882,-1.3219691514968872
theta3,T4,batch2_128_255,5,7,"(5, 7)",1,9,exact_replay_715_45760_tokens,T4_batch_128,6.560965061187744,7.154104232788086,0.00043283303966745734,0.0004328489303588867,1.5890691429376602e-08,3.671186484439548e-05,1,0,0.016958048567175865,0.12865854799747467,0.01872701197862625,0.14056451618671417,0.0019055658485740423,0.012484662234783173,0.019256922183558345,0.14281632471829653,-1.2559871673583984,-1.2555543184280396
theta3,T4,batch2_128_255,5,7,"(5, 7)",1,10,exact_replay_715_45760_tokens,T4_batch_128,6.403667449951172,7.097050666809082,0.0003334484063088894,0.00033354759216308594,9.918585419654846e-08,0.0002973664224446033,1,0,0.01872701197862625,0.14056451618671417,0.02049378491938114,0.15200713276863098,0.001923510106280446,0.0121052460744977,0.02118043228983879,0.15492157079279423,-1.1943252086639404,-1.1939916610717773
theta3,T4,batch2_128_255,5,7,"(5, 7)",1,11,exact_replay_715_45760_tokens,T4_batch_128,6.262495040893555,7.047286033630371,0.00026603697915561497,0.00026607513427734375,3.8155121728777885e-08,0.0001433998025873656,1,0,0.02049378491938114,0.15200713276863098,0.022272637113928795,0.16322262585163116,0.0019496940076351166,0.011954044923186302,0.023130126297473907,0.16687561571598053,-1.1447722911834717,-1.1445062160491943
theta3,T4,batch2_128_255,5,7,"(5, 7)",1,12,exact_replay_715_45760_tokens,T4_batch_128,6.114437580108643,7.015059947967529,0.00018767535220831633,0.0001875162124633789,1.591397449374199e-07,0.0008486719246662428,1,0,0.022272637113928795,0.16322262585163116,0.024060441181063652,0.17422766983509064,0.0019740439020097256,0.011836249381303787,0.025104170199483633,0.17871186509728432,-1.0993642807006836,-1.0991767644882202
theta3,T4,batch2_128_255,5,7,"(5, 7)",1,13,exact_replay_715_45760_tokens,T4_batch_128,5.971379280090332,7.003565311431885,0.00010710478090913966,0.00010716915130615234,6.437039701268077e-08,0.0006006429670119577,1,0,0.024060441181063652,0.17422766983509064,0.025858532637357712,0.18486328423023224,0.002002625958994031,0.011565792374312878,0.027106796158477664,0.1902776574715972,-1.0592200756072998,-1.0591129064559937
theta3,T4,batch2_128_255,5,7,"(5, 7)",1,14,exact_replay_715_45760_tokens,T4_batch_128,5.835482597351074,6.993029594421387,3.297967850812711e-05,3.2901763916015625e-05,7.791459211148322e-08,0.0023680977199388585,1,0,0.025858532637357712,0.18486328423023224,0.02766823209822178,0.19513267278671265,0.002031541895121336,0.011292720213532448,0.029138338053599,0.20157037768512964,-1.0169187784194946,-1.0168858766555786
theta3,T4,batch2_128_255,5,7,"(5, 7)",1,15,exact_replay_715_45760_tokens,T4_batch_128,5.709711074829102,6.989188194274902,-3.41707345796749e-05,-3.421306610107422e-05,4.233152139931917e-08,0.0012372910768728223,0,1,0.02766823209822178,0.19513267278671265,0.02949589677155018,0.20514614880084991,0.002060503698885441,0.011109654791653156,0.03119884175248444,0.2126800324767828,-0.9769946336746216,-0.9770288467407227
theta3,T4,batch2_128_255,5,7,"(5, 7)",1,16,exact_replay_715_45760_tokens,T4_batch_128,5.579580307006836,6.973532199859619,-7.951349107315764e-05,-7.95125961303711e-05,8.949427865445614e-10,1.12553586488006e-05,0,1,0.02949589677155018,0.20514614880084991,0.03134065493941307,0.21492351591587067,0.002084297128021717,0.010918302461504936,0.03328313888050616,0.22359833493828773,-0.9417494535446167,-0.9418289661407471
theta3,T4,batch2_128_255,5,7,"(5, 7)",1,17,exact_replay_715_45760_tokens,T4_batch_128,5.456259727478027,6.977651596069336,-0.00012145969230914488,-0.00012153387069702148,7.417838787660003e-08,0.0006103515625,0,1,0.03134065493941307,0.21492351591587067,0.03320037201046944,0.2245059609413147,0.002105634892359376,0.010782637633383274,0.035388773772865534,0.234380972571671,-0.9098695516586304,-0.9099910855293274
theta3,T4,batch2_128_255,5,7,"(5, 7)",1,18,exact_replay_715_45760_tokens,T4_batch_128,5.341474533081055,6.982116222381592,-0.00015899146092124283,-0.0001590251922607422,3.373133949935436e-08,0.0002121131816904048,0,1,0.03320037201046944,0.2245059609413147,0.035073235630989075,0.2338978797197342,0.002122200559824705,0.010624885559082031,0.03751097433269024,0.24500585813075304,-0.8725974559783936,-0.8727564811706543
theta3,T4,batch2_128_255,5,7,"(5, 7)",1,19,exact_replay_715_45760_tokens,T4_batch_128,5.2294087409973145,6.9950385093688965,-0.00018509548681322485,-0.0001850724220275879,2.306478563696146e-08,0.0001246257296698873,0,1,0.035073235630989075,0.2338978797197342,0.03695744648575783,0.24313011765480042,0.0021346411667764187,0.010489645414054394,0.03964561549946666,0.25549550354480743,-0.8303217887878418,-0.8305068612098694
theta3,T4,batch2_128_255,5,7,"(5, 7)",1,20,exact_replay_715_45760_tokens,T4_batch_128,5.119728088378906,7.01466178894043,-0.00021405515144579113,-0.00021415948867797852,1.0433723218739033e-07,0.00048719406658780963,0,1,0.03695744648575783,0.24313011765480042,0.03884964808821678,0.2521617114543915,0.0021441506687551737,0.010324263945221901,0.04178976616822183,0.26581976749002934,-0.7901015877723694,-0.7903157472610474
theta3,T4,batch2_128_255,5,7,"(5, 7)",1,21,exact_replay_715_45760_tokens,T4_batch_128,5.012360095977783,7.026209831237793,-0.00023685685300733894,-0.00023686885833740234,1.2005330063402653e-08,5.068344630724711e-05,0,1,0.03884964808821678,0.2521617114543915,0.04074617475271225,0.2610759139060974,0.0021475700195878744,0.010216239839792252,0.043937336187809706,0.2760360073298216,-0.7501657009124756,-0.750402569770813
theta3,T4,batch2_128_255,5,7,"(5, 7)",1,22,exact_replay_715_45760_tokens,T4_batch_128,4.9050750732421875,7.058186054229736,-0.0002472328196745366,-0.0002472996711730957,6.685149855911732e-08,0.00027032586918534585,0,1,0.04074617475271225,0.2610759139060974,0.04263908043503761,0.269871324300766,0.002141284756362438,0.010100394487380981,0.046078620944172144,0.28613640181720257,-0.7094526886940002,-0.7096999883651733
theta3,T4,batch2_128_255,5,7,"(5, 7)",1,23,exact_replay_715_45760_tokens,T4_batch_128,4.800955772399902,7.097356796264648,-0.0002517992979846895,-0.0002518296241760254,3.032619133591652e-08,0.00012042344674556213,0,1,0.04263908043503761,0.269871324300766,0.044523514807224274,0.2785350978374481,0.002129347063601017,0.009967969730496407,0.04820796800777316,0.296104371547699,-0.6670144200325012,-0.6672662496566772
theta3,T4,batch2_128_255,5,7,"(5, 7)",1,24,exact_replay_715_45760_tokens,T4_batch_128,4.697113513946533,7.124211311340332,-0.00025026165531016886,-0.00025027990341186523,1.8248101696372032e-08,7.291077488687783e-05,0,1,0.044523514807224274,0.2785350978374481,0.04639174044132233,0.2870084047317505,0.00210906402207911,0.0097783412784338,0.05031703202985227,0.3058827128261328,-0.6301082372665405,-0.6303585171699524
theta3,T4,batch2_128_255,5,7,"(5, 7)",1,25,exact_replay_715_45760_tokens,T4_batch_128,4.599345684051514,7.1533918380737305,-0.0002367718843743205,-0.00023674964904785156,2.223532646894455e-08,9.391915281973817e-05,0,1,0.04639174044132233,0.2870084047317505,0.048240356147289276,0.2953585088253021,0.0020831336732953787,0.009632165543735027,0.05240016570314765,0.3155148783698678,-0.5894260406494141,-0.5896627902984619
theta3,T4,batch2_128_255,5,7,"(5, 7)",1,26,exact_replay_715_45760_tokens,T4_batch_128,4.5015692710876465,7.188581943511963,-0.0002295785816386342,-0.0002295970916748047,1.8510036170482635e-08,8.061964563862928e-05,0,1,0.048240356147289276,0.2953585088253021,0.050062160938978195,0.30351778864860535,0.002052155788987875,0.009435391053557396,0.054452321492135525,0.3249502694234252,-0.5560729503631592,-0.556302547454834
theta3,T4,batch2_128_255,5,7,"(5, 7)",1,27,exact_replay_715_45760_tokens,T4_batch_128,4.406868934631348,7.232028007507324,-0.0002145588368875906,-0.00021463632583618164,7.748894859105349e-08,0.00036102438992640935,0,1,0.050062160938978195,0.30351778864860535,0.051851481199264526,0.31146809458732605,0.0020149031188338995,0.009212378412485123,0.056467224610969424,0.3341626478359103,-0.5228378176689148,-0.523052453994751
theta3,T4,batch2_128_255,5,7,"(5, 7)",1,28,exact_replay_715_45760_tokens,T4_batch_128,4.322050094604492,7.266470432281494,-0.00020566627790685743,-0.00020566582679748535,4.511093720793724e-10,2.193409469642081e-06,0,1,0.051851481199264526,0.31146809458732605,0.05360763892531395,0.31919920444488525,0.0019775519613176584,0.008983706124126911,0.05844477657228708,0.34314635396003723,-0.4928969740867615,-0.49310263991355896
theta3,T4,batch2_128_255,5,7,"(5, 7)",1,29,exact_replay_715_45760_tokens,T4_batch_128,4.2382307052612305,7.29892635345459,-0.00019267019524704665,-0.0001927018165588379,3.162131179124117e-08,0.00016409451844262294,0,1,0.05360763892531395,0.31919920444488525,0.0553274042904377,0.32674095034599304,0.0019355642143636942,0.008769352920353413,0.06038034078665078,0.35191570688039064,-0.4663722515106201,-0.46656495332717896
theta3,T4,batch2_128_255,5,7,"(5, 7)",1,30,exact_replay_715_45760_tokens,T4_batch_128,4.160117149353027,7.338558197021484,-0.00018028533668257296,-0.00018033385276794434,4.8516085371375084e-08,0.00026903481862502066,0,1,0.0553274042904377,0.32674095034599304,0.05700996518135071,0.334104061126709,0.0018932268721982837,0.008565844967961311,0.06227356765884906,0.36048155184835196,-0.4432283937931061,-0.443408727645874
theta3,T4,batch2_128_255,5,7,"(5, 7)",1,31,exact_replay_715_45760_tokens,T4_batch_128,4.0859527587890625,7.386119365692139,-0.00016373097605537623,-0.00016373395919799805,2.9831426218152046e-09,1.821944962686567e-05,0,1,0.05700996518135071,0.334104061126709,0.05865180492401123,0.3412564992904663,0.0018471471266821027,0.00833090953528881,0.06412071478553116,0.36881246138364077,-0.41573768854141235,-0.41590142250061035
theta3,T4,batch2_128_255,5,7,"(5, 7)",1,32,exact_replay_715_45760_tokens,T4_batch_128,4.016269683837891,7.435673713684082,-0.00014802544319536537,-0.00014802813529968262,2.6921043172478676e-09,1.8186436732434066e-05,0,1,0.05865180492401123,0.3412564992904663,0.060251809656620026,0.3482259213924408,0.0018002949655056,0.008116191253066063,0.06592100975103676,0.37692865263670683,-0.39010652899742126,-0.39025455713272095
theta3,T4,batch2_128_255,5,7,"(5, 7)",1,33,exact_replay_715_45760_tokens,T4_batch_128,3.951857566833496,7.491101264953613,-0.00013537905761040747,-0.0001353919506072998,1.289299689233303e-08,9.522720394012767e-05,0,1,0.060251809656620026,0.3482259213924408,0.061811663210392,0.35500162839889526,0.001755627105012536,0.007897666655480862,0.0676766368560493,0.3848263192921877,-0.36959192156791687,-0.36972731351852417
theta3,T4,batch2_128_255,5,7,"(5, 7)",1,34,exact_replay_715_45760_tokens,T4_batch_128,3.888248920440674,7.537924766540527,-0.0001236454991158098,-0.00012364983558654785,4.336470738053322e-09,3.507057423475536e-05,0,1,0.061811663210392,0.35500162839889526,0.06332933902740479,0.36157891154289246,0.001708765048533678,0.007671078201383352,0.06938540190458298,0.39249739749357104,-0.35038691759109497,-0.3505105674266815
theta3,T4,batch2_128_255,5,7,"(5, 7)",1,35,exact_replay_715_45760_tokens,T4_batch_128,3.8300907611846924,7.583859920501709,-0.00011141493450850248,-0.00011140108108520508,1.3853423297405243e-08,0.0001243562734082397,0,1,0.06332933902740479,0.36157891154289246,0.06480520218610764,0.36797094345092773,0.0016624045092612505,0.007457145489752293,0.07104780641384423,0.39995454298332334,-0.333689421415329,-0.3338008224964142
theta3,T4,batch2_128_255,5,7,"(5, 7)",1,36,exact_replay_715_45760_tokens,T4_batch_128,3.77535343170166,7.630827903747559,-0.00010075302998302504,-0.00010079145431518555,3.842433216050267e-08,0.00038122609125517445,0,1,0.06480520218610764,0.36797094345092773,0.06623942404985428,0.3741869032382965,0.0016167022986337543,0.007249936461448669,0.07266450871247798,0.407204479444772,-0.3171989917755127,-0.3172997832298279
theta3,T4,batch2_128_255,5,7,"(5, 7)",1,37,exact_replay_715_45760_tokens,T4_batch_128,3.7236218452453613,7.677830696105957,-9.105565550271422e-05,-9.107589721679688e-05,2.024171408265829e-08,0.00022225105325589006,0,1,0.06623942404985428,0.3741869032382965,0.06763288378715515,0.3802186846733093,0.0015724895056337118,0.007039629854261875,0.0742369982181117,0.4142441092990339,-0.30184727907180786,-0.30193835496902466
theta3,T4,batch2_128_255,5,7,"(5, 7)",1,38,exact_replay_715_45760_tokens,T4_batch_128,3.6745219230651855,7.7218523025512695,-8.259125024778768e-05,-8.258223533630371e-05,9.014911483973265e-09,0.0001091628417087694,0,1,0.06763288378715515,0.3802186846733093,0.0689859390258789,0.38607800006866455,0.0015288344584405422,0.006839714013040066,0.07576583267655224,0.42108382331207395,-0.2874037027359009,-0.2874862849712372
theta3,T4,batch2_128_255,5,7,"(5, 7)",1,39,exact_replay_715_45760_tokens,T4_batch_128,3.628598928451538,7.766064167022705,-7.493403245462105e-05,-7.492303848266602e-05,1.0993971955031157e-08,0.0001467368672931583,0,1,0.0689859390258789,0.38607800006866455,0.07029979676008224,0.3917618691921234,0.0014864406548440456,0.006638835184276104,0.07725227333139628,0.42772265849635005,-0.27458375692367554,-0.2746586799621582
theta3,T4,batch2_128_255,6,7,"(6, 7)",1,0,exact_replay_715_45760_tokens,T4_batch_128,8.343635559082031,8.241799354553223,0.0029643396846950054,0.0029633045196533203,1.0351650416851044e-06,0.00034932793265749455,1,0,0.0,0.0,0.0019470086554065347,0.014626082964241505,0.0019470086554065347,0.014626082964241505,0.0019470086554065347,0.014626082964241505,-3.5295913219451904,-3.526628017425537
theta3,T4,batch2_128_255,6,7,"(6, 7)",1,1,exact_replay_715_45760_tokens,T4_batch_128,8.126258850097656,8.055450439453125,0.002602851018309593,0.0026023387908935547,5.122274160385132e-07,0.00019683348602840127,1,0,0.0019470086554065347,0.014626082964241505,0.0038668112829327583,0.029006188735365868,0.0019226071890443563,0.014394380152225494,0.003869615844450891,0.029020463116467,-3.301495313644409,-3.2988929748535156
theta3,T4,batch2_128_255,6,7,"(6, 7)",1,2,exact_replay_715_45760_tokens,T4_batch_128,7.922951698303223,7.887180328369141,0.002282368950545788,0.0022821426391601562,2.2631138563156128e-07,9.916618783953197e-05,1,0,0.0038668112829327583,0.029006188735365868,0.00576402060687542,0.04311905428767204,0.0019054152071475983,0.014148221351206303,0.005775031051598489,0.0431686844676733,-3.0883498191833496,-3.0860676765441895
theta3,T4,batch2_128_255,6,7,"(6, 7)",1,3,exact_replay_715_45760_tokens,T4_batch_128,7.729482650756836,7.717615127563477,0.0019809093791991472,0.0019805431365966797,3.662426024675369e-07,0.00018492028560250393,1,0,0.00576402060687542,0.04311905428767204,0.007635721005499363,0.05696815997362137,0.001887969090603292,0.013916520401835442,0.007663000142201781,0.05708520486950874,-2.8832011222839355,-2.881220579147339
theta3,T4,batch2_128_255,6,7,"(6, 7)",1,4,exact_replay_715_45760_tokens,T4_batch_128,7.542688846588135,7.577085971832275,0.0016990788280963898,0.0016989707946777344,1.0803341865539551e-07,6.358756665731126e-05,1,0,0.007635721005499363,0.05696815997362137,0.009485634975135326,0.07040979713201523,0.0018777725053951144,0.013549759984016418,0.009540772647596896,0.07063496485352516,-2.687657356262207,-2.6859583854675293
theta3,T4,batch2_128_255,6,7,"(6, 7)",1,5,exact_replay_715_45760_tokens,T4_batch_128,7.357748031616211,7.450480937957764,0.0014387140981853008,0.0014383792877197266,3.348104655742645e-07,0.0002327692483010111,1,0,0.009485634975135326,0.07040979713201523,0.011315415613353252,0.08337002992630005,0.0018718175124377012,0.013123947195708752,0.011412590160034597,0.08375891204923391,-2.4942102432250977,-2.492771863937378
theta3,T4,batch2_128_255,6,7,"(6, 7)",1,6,exact_replay_715_45760_tokens,T4_batch_128,7.187830924987793,7.340939521789551,0.001216328819282353,0.0012159347534179688,3.9406586438417435e-07,0.0003240847120098039,1,0,0.011315415613353252,0.08337002992630005,0.013129644095897675,0.09583710879087448,0.0018716052873060107,0.012698352336883545,0.013284195447340608,0.09645726438611746,-2.312379837036133,-2.311163902282715
theta3,T4,batch2_128_255,6,7,"(6, 7)",1,7,exact_replay_715_45760_tokens,T4_batch_128,7.024175643920898,7.2458906173706055,0.0010233712382614613,0.0010232925415039062,7.869675755500793e-08,7.690543452935694e-05,1,0,0.013129644095897675,0.09583710879087448,0.014932348392903805,0.10791350156068802,0.0018746844725683331,0.012374774552881718,0.01515887991990894,0.10883203893899918,-2.1461663246154785,-2.1451430320739746
theta3,T4,batch2_128_255,6,7,"(6, 7)",1,8,exact_replay_715_45760_tokens,T4_batch_128,6.868806838989258,7.169990062713623,0.0008571604848839343,0.0008571147918701172,4.5693013817071915e-08,5.3310261648122395e-05,1,0,0.014932348392903805,0.10791350156068802,0.01673116162419319,0.11954490840435028,0.0018869838677346706,0.012015221640467644,0.01704586378764361,0.12084726057946682,-1.9947216510772705,-1.9938645362854004
theta3,T4,batch2_128_255,6,7,"(6, 7)",1,9,exact_replay_715_45760_tokens,T4_batch_128,6.724886894226074,7.1080427169799805,0.0007121347007341683,0.0007121562957763672,2.1595042198896408e-08,3.0323458947104117e-05,1,0,0.01673116162419319,0.11954490840435028,0.018529655411839485,0.13077381253242493,0.0019027660600841045,0.011698508635163307,0.018948629847727716,0.13254576921463013,-1.8673129081726074,-1.866600751876831
theta3,T4,batch2_128_255,6,7,"(6, 7)",1,10,exact_replay_715_45760_tokens,T4_batch_128,6.585964202880859,7.048914432525635,0.0005856679053977132,0.0005856752395629883,7.334165275096893e-09,1.2522580398941584e-05,1,0,0.018529655411839485,0.13077381253242493,0.02033303678035736,0.14168734848499298,0.001923796720802784,0.011458249762654305,0.0208724265685305,0.14400401897728443,-1.7446545362472534,-1.7440688610076904
theta3,T4,batch2_128_255,6,7,"(6, 7)",1,11,exact_replay_715_45760_tokens,T4_batch_128,6.448338508605957,7.003811359405518,0.0004718941927421838,0.0004718303680419922,6.382470019161701e-08,0.00013527043724734713,1,0,0.02033303678035736,0.14168734848499298,0.022142672911286354,0.15230022370815277,0.0019462667405605316,0.011238913051784039,0.02281869330909103,0.15524293202906847,-1.6304576396942139,-1.6299858093261719
theta3,T4,batch2_128_255,6,7,"(6, 7)",1,12,exact_replay_715_45760_tokens,T4_batch_128,6.313503265380859,6.973385334014893,0.0003626687393989414,0.0003625154495239258,1.5328987501561642e-07,0.0004228505991039132,1,0,0.022142672911286354,0.15230022370815277,0.023961102589964867,0.16263355314731598,0.001971673220396042,0.011065522208809853,0.024790366529487073,0.16630845423787832,-1.5302190780639648,-1.529856562614441
theta3,T4,batch2_128_255,6,7,"(6, 7)",1,13,exact_replay_715_45760_tokens,T4_batch_128,6.189915657043457,6.953200340270996,0.00027000982663594186,0.00026988983154296875,1.1999509297311306e-07,0.00044460768413206715,1,0,0.023961102589964867,0.16263355314731598,0.025791607797145844,0.1726909726858139,0.0019971104338765144,0.010898707434535027,0.026787476963363588,0.17720716167241335,-1.4361112117767334,-1.4358413219451904
theta3,T4,batch2_128_255,6,7,"(6, 7)",1,14,exact_replay_715_45760_tokens,T4_batch_128,6.069693565368652,6.945931911468506,0.00018204421212431043,0.0001819133758544922,1.3083626981824636e-07,0.0007192229224688728,1,0,0.025791607797145844,0.1726909726858139,0.027634693309664726,0.18250836431980133,0.002023128792643547,0.010753104463219643,0.028810605756007135,0.187960266135633,-1.3530495166778564,-1.352867603302002
theta3,T4,batch2_128_255,6,7,"(6, 7)",1,15,exact_replay_715_45760_tokens,T4_batch_128,5.952114105224609,6.935890197753906,0.0001141740067396313,0.00011420249938964844,2.8492650017142296e-08,0.0002494923506002088,1,0,0.027634693309664726,0.18250836431980133,0.02949529141187668,0.19219307601451874,0.0020519394893199205,0.010697505436837673,0.030862545245327055,0.19865777157247066,-1.2714107036590576,-1.271296501159668
theta3,T4,batch2_128_255,6,7,"(6, 7)",1,16,exact_replay_715_45760_tokens,T4_batch_128,5.8407487869262695,6.932042121887207,5.173289537196979e-05,5.173683166503906e-05,3.9362930692732334e-09,7.608299431163595e-05,1,0,0.02949529141187668,0.19219307601451874,0.0313740000128746,0.2017253339290619,0.002081446349620819,0.010591551661491394,0.032943991594947875,0.20924932323396206,-1.2039523124694824,-1.2039005756378174
theta3,T4,batch2_128_255,6,7,"(6, 7)",1,17,exact_replay_715_45760_tokens,T4_batch_128,5.72825288772583,6.941051006317139,-1.1111497769888956e-05,-1.1205673217773438e-05,9.41754478844814e-08,0.008404265058801529,0,1,0.0313740000128746,0.2017253339290619,0.03326862305402756,0.21109060943126678,0.002106861677020788,0.010465221479535103,0.03505085327196866,0.21971454471349716,-1.132202386856079,-1.1322135925292969
theta3,T4,batch2_128_255,6,7,"(6, 7)",1,18,exact_replay_715_45760_tokens,T4_batch_128,5.615837574005127,6.9542388916015625,-5.3611780458595604e-05,-5.364418029785156e-05,3.2399839255958796e-08,0.0006039767795138889,0,1,0.03326862305402756,0.21109060943126678,0.035181768238544464,0.22034016251564026,0.0021340770181268454,0.01041057426482439,0.03718493029009551,0.23012511897832155,-1.0660698413848877,-1.0661234855651855
theta3,T4,batch2_128_255,6,7,"(6, 7)",1,19,exact_replay_715_45760_tokens,T4_batch_128,5.504007339477539,6.971977710723877,-0.00010726517939474434,-0.00010728836059570312,2.3181200958788395e-08,0.000216064453125,0,1,0.035181768238544464,0.22034016251564026,0.037104249000549316,0.22935418784618378,0.0021555277053266764,0.010231063701212406,0.039340457995422184,0.24035618267953396,-1.0042134523391724,-1.004320740699768
theta3,T4,batch2_128_255,6,7,"(6, 7)",1,20,exact_replay_715_45760_tokens,T4_batch_128,5.398702621459961,6.993533134460449,-0.00015397011884488165,-0.00015401840209960938,4.8283254727721214e-08,0.0003134901678599071,0,1,0.037104249000549316,0.22935418784618378,0.03903813287615776,0.23816853761672974,0.0021753646433353424,0.010064972564578056,0.04151582263875753,0.250421155244112,-0.951831579208374,-0.9519855976104736
theta3,T4,batch2_128_255,6,7,"(6, 7)",1,21,exact_replay_715_45760_tokens,T4_batch_128,5.2972307205200195,7.014556407928467,-0.00018801615806296468,-0.00018805265426635742,3.6496203392744064e-08,0.00019407438589540412,0,1,0.03903813287615776,0.23816853761672974,0.04098452255129814,0.24685068428516388,0.0021929170470684767,0.009965009056031704,0.043708739685826004,0.2603861643001437,-0.8952162861824036,-0.8954043388366699
theta3,T4,batch2_128_255,6,7,"(6, 7)",1,22,exact_replay_715_45760_tokens,T4_batch_128,5.199249267578125,7.046380519866943,-0.00022282551799435169,-0.00022292137145996094,9.585346560925245e-08,0.0004299877799131016,0,1,0.04098452255129814,0.24685068428516388,0.04294322058558464,0.255414754152298,0.0022098275367170572,0.009870374575257301,0.04591856722254306,0.270256538875401,-0.8436163663864136,-0.8438392877578735
theta3,T4,batch2_128_255,6,7,"(6, 7)",1,23,exact_replay_715_45760_tokens,T4_batch_128,5.09869384765625,7.072429180145264,-0.0002464430872350931,-0.00024646520614624023,2.2118911147117615e-08,8.974455864570737e-05,0,1,0.04294322058558464,0.255414754152298,0.04490755498409271,0.26387956738471985,0.0022158948704600334,0.009775668382644653,0.048134462093003094,0.2800322072580457,-0.7995483875274658,-0.7997948527336121
theta3,T4,batch2_128_255,6,7,"(6, 7)",1,24,exact_replay_715_45760_tokens,T4_batch_128,5.00048828125,7.106118679046631,-0.0002682008489500731,-0.0002682209014892578,2.0052539184689522e-08,7.476128472222222e-05,0,1,0.04490755498409271,0.26387956738471985,0.04687875136733055,0.2721850574016571,0.0022238418459892273,0.009632851928472519,0.05035830393899232,0.2896650591865182,-0.7616775035858154,-0.7619457244873047
theta3,T4,batch2_128_255,6,7,"(6, 7)",1,25,exact_replay_715_45760_tokens,T4_batch_128,4.906088352203369,7.133542537689209,-0.0002840670640580356,-0.0002841353416442871,6.827758625149727e-08,0.00024029952013845187,0,1,0.04687875136733055,0.2721850574016571,0.048850372433662415,0.28034859895706177,0.0022242513950914145,0.009504883550107479,0.052582555334083736,0.29916994273662567,-0.7223668098449707,-0.722650945186615
theta3,T4,batch2_128_255,6,7,"(6, 7)",1,26,exact_replay_715_45760_tokens,T4_batch_128,4.811511993408203,7.1753692626953125,-0.00029515475034713745,-0.000295102596282959,5.21540641784668e-08,0.00017673197333871945,0,1,0.048850372433662415,0.28034859895706177,0.05081833526492119,0.2883884310722351,0.002221254399046302,0.00939067080616951,0.05480380973313004,0.3085606135427952,-0.6828657388687134,-0.6831608414649963
theta3,T4,batch2_128_255,6,7,"(6, 7)",1,27,exact_replay_715_45760_tokens,T4_batch_128,4.717597961425781,7.20652437210083,-0.00030691386200487614,-0.0003069639205932617,5.005858838558197e-08,0.0001630764563106796,0,1,0.05081833526492119,0.2883884310722351,0.05278034508228302,0.29629063606262207,0.002214618492871523,0.009260040707886219,0.05701842822600156,0.3178206542506814,-0.6474593877792358,-0.6477663516998291
theta3,T4,batch2_128_255,6,7,"(6, 7)",1,28,exact_replay_715_45760_tokens,T4_batch_128,4.631087303161621,7.239498615264893,-0.00031803693855181336,-0.00031810998916625977,7.30506144464016e-08,0.00022963948613453252,0,1,0.05278034508228302,0.29629063606262207,0.05473477020859718,0.30406951904296875,0.002204293617978692,0.009132983162999153,0.05922272184398025,0.32695363741368055,-0.620668351650238,-0.6209864616394043
theta3,T4,batch2_128_255,6,7,"(6, 7)",1,29,exact_replay_715_45760_tokens,T4_batch_128,4.5442118644714355,7.270732402801514,-0.000324546592310071,-0.00032460689544677734,6.030313670635223e-08,0.0001857728149100257,0,1,0.05473477020859718,0.30406951904296875,0.05667589232325554,0.31173112988471985,0.002188022481277585,0.009000490419566631,0.06141074432525784,0.3359541278332472,-0.5903262495994568,-0.5906508564949036
theta3,T4,batch2_128_255,6,7,"(6, 7)",1,30,exact_replay_715_45760_tokens,T4_batch_128,4.464696407318115,7.30816125869751,-0.00032623938750475645,-0.0003262758255004883,3.64379957318306e-08,0.0001116785029229083,0,1,0.05667589232325554,0.31173112988471985,0.05860242620110512,0.3192997872829437,0.002169855870306492,0.008882281370460987,0.06358060019556433,0.34483640920370817,-0.5622944235801697,-0.5626206994056702
theta3,T4,batch2_128_255,6,7,"(6, 7)",1,31,exact_replay_715_45760_tokens,T4_batch_128,4.3856306076049805,7.34736967086792,-0.0003274912596680224,-0.0003274679183959961,2.334127202630043e-08,7.127804195485985e-05,0,1,0.05860242620110512,0.3192997872829437,0.060512274503707886,0.3267538547515869,0.0021496156696230173,0.008749893866479397,0.06573021586518735,0.35358630307018757,-0.5364848971366882,-0.5368123650550842
theta3,T4,batch2_128_255,6,7,"(6, 7)",1,32,exact_replay_715_45760_tokens,T4_batch_128,4.306988716125488,7.403181076049805,-0.00032825733069330454,-0.00032824277877807617,1.4551915228366852e-08,4.433278100599237e-05,0,1,0.060512274503707886,0.3267538547515869,0.062400732189416885,0.3340568244457245,0.002124425955116749,0.00857871025800705,0.0678546418203041,0.3621650133281946,-0.5103054046630859,-0.510633647441864
theta3,T4,batch2_128_255,6,7,"(6, 7)",1,33,exact_replay_715_45760_tokens,T4_batch_128,4.2313666343688965,7.455960750579834,-0.00032309163361787796,-0.0003231167793273926,2.514570951461792e-08,7.782235749861649e-05,0,1,0.062400732189416885,0.3340568244457245,0.064265675842762,0.34123948216438293,0.0020963591523468494,0.008429956622421741,0.06995100097265095,0.37059496995061636,-0.48204779624938965,-0.48237091302871704
theta3,T4,batch2_128_255,6,7,"(6, 7)",1,34,exact_replay_715_45760_tokens,T4_batch_128,4.1583638191223145,7.500853538513184,-0.00031766510801389813,-0.00031766295433044434,2.153683453798294e-09,6.779775307252087e-06,0,1,0.064265675842762,0.34123948216438293,0.06610501557588577,0.3482522666454315,0.002065859967842698,0.008242160081863403,0.07201686094049364,0.37883713003247976,-0.45795729756355286,-0.4582749605178833
theta3,T4,batch2_128_255,6,7,"(6, 7)",1,35,exact_replay_715_45760_tokens,T4_batch_128,4.0890655517578125,7.5540690422058105,-0.00031050064717419446,-0.00031051039695739746,9.74978320300579e-09,3.139921657548709e-05,0,1,0.06610501557588577,0.3482522666454315,0.06791466474533081,0.3550981879234314,0.0020310499239712954,0.008051839657127857,0.07404791086446494,0.3868889696896076,-0.43541669845581055,-0.43572720885276794
theta3,T4,batch2_128_255,6,7,"(6, 7)",1,36,exact_replay_715_45760_tokens,T4_batch_128,4.0236968994140625,7.611059665679932,-0.0003001670411322266,-0.0003001689910888672,1.949956640601158e-09,6.496196137807784e-06,0,1,0.06791466474533081,0.3550981879234314,0.06969371438026428,0.36178717017173767,0.0019953432492911816,0.007870810106396675,0.07604325411375612,0.3947597797960043,-0.41160109639167786,-0.4119012653827667
theta3,T4,batch2_128_255,6,7,"(6, 7)",1,37,exact_replay_715_45760_tokens,T4_batch_128,3.95873761177063,7.6669020652771,-0.00029213406378403306,-0.00029212236404418945,1.1699739843606949e-08,4.005081871046725e-05,0,1,0.06969371438026428,0.36178717017173767,0.07144095748662949,0.3683004081249237,0.0019607378635555506,0.007679104804992676,0.07800399197731167,0.40243888460099697,-0.38748201727867126,-0.38777413964271545
theta3,T4,batch2_128_255,6,7,"(6, 7)",1,38,exact_replay_715_45760_tokens,T4_batch_128,3.899847984313965,7.7233405113220215,-0.0002741799398791045,-0.00027421116828918457,3.1228410080075264e-08,0.00011388453021410717,0,1,0.07144095748662949,0.3683004081249237,0.07315458357334137,0.3746682405471802,0.0019194375490769744,0.007502236869186163,0.07992342952638865,0.40994112147018313,-0.3659713566303253,-0.3662455677986145
theta3,T4,batch2_128_255,6,7,"(6, 7)",1,39,exact_replay_715_45760_tokens,T4_batch_128,3.8423399925231934,7.780213832855225,-0.0002622352330945432,-0.00026226043701171875,2.5203917175531387e-08,9.610262784090909e-05,0,1,0.07315458357334137,0.3746682405471802,0.07483332604169846,0.3808814585208893,0.0018787547014653683,0.007317469455301762,0.08180218422785401,0.4172585909254849,-0.3466169834136963,-0.346879243850708
