state,incoming_task,batch,batch2,trajectory_id,pair_i,pair_j,pair,k,loss,mu_norm,gate_mass,DeltaA_1st,DeltaA_finite,residual,relative_abs_error,A_before,A_after,positive_finite,pair_delta_theta_cum_pre,contains_7,pair_spearman_rho,pair_sign_agreement_n,pair_sign_agreement_den
theta2,T3,batch1_0_127,0,"theta2|batch1_0_127|0,1",0,1,"(0,1)",0,9.035429954528809,6.752513885498047,0.1235911175608635,0.000554655488813296,0.0005546212196350098,-3.426917828620781e-08,6.178843699626204e-05,-0.813374400138855,-0.81281977891922,True,0.0018163215136155486,0,1.0,40,40
theta2,T3,batch1_0_127,0,"theta2|batch1_0_127|0,1",0,1,"(0,1)",1,8.886560440063477,6.752868175506592,0.12537680566310883,0.0005322580763604492,0.0005321502685546875,-1.0780780576168537e-07,0.00020258902819778672,-0.788998007774353,-0.7884658575057983,True,0.0036181642208248377,0,1.0,40,40
theta2,T3,batch1_0_127,0,"theta2|batch1_0_127|0,1",0,1,"(0,1)",2,8.73869800567627,6.757869243621826,0.12709493935108185,0.0005090453748125583,0.0005088448524475098,-2.005223650485737e-07,0.0003940736829390619,-0.7618871331214905,-0.761378288269043,True,0.005405330564826727,0,1.0,40,40
theta2,T3,batch1_0_127,0,"theta2|batch1_0_127|0,1",0,1,"(0,1)",3,8.590554237365723,6.765743255615234,0.12931202352046967,0.0004899120444315486,0.0004897117614746094,-2.0028295693924267e-07,0.0004089813083846608,-0.7350890040397644,-0.7345992922782898,True,0.00717852683737874,0,1.0,40,40
theta2,T3,batch1_0_127,0,"theta2|batch1_0_127|0,1",0,1,"(0,1)",4,8.446929931640625,6.780405521392822,0.13107916712760925,0.0004702913088258356,0.00047016143798828125,-1.2987083755432822e-07,0.00027622605143887884,-0.7051801085472107,-0.7047099471092224,True,0.008939665742218494,0,1.0,40,40
theta2,T3,batch1_0_127,0,"theta2|batch1_0_127|0,1",0,1,"(0,1)",5,8.305352210998535,6.796825408935547,0.13320592045783997,0.00045354406494880096,0.00045359134674072266,4.728179192170067e-08,0.00010423874322436626,-0.6773341298103333,-0.6768805384635925,True,0.010690029710531235,0,1.0,40,40
theta2,T3,batch1_0_127,0,"theta2|batch1_0_127|0,1",0,1,"(0,1)",6,8.166354179382324,6.822216510772705,0.1354781836271286,0.0004385886407690123,0.0004385709762573242,-1.7664511688076593e-08,4.027742975338212e-05,-0.6518176198005676,-0.6513790488243103,True,0.012431617826223373,0,1.0,40,40
theta2,T3,batch1_0_127,0,"theta2|batch1_0_127|0,1",0,1,"(0,1)",7,8.031152725219727,6.855433464050293,0.13788706064224243,0.0004257194579113275,0.00042575597763061523,3.651971928775874e-08,8.577617510151121e-05,-0.6251521110534668,-0.6247263550758362,True,0.014165124855935574,0,1.0,40,40
theta2,T3,batch1_0_127,0,"theta2|batch1_0_127|0,1",0,1,"(0,1)",8,7.896361351013184,6.887792587280273,0.14065808057785034,0.0004145366657176055,0.0004144906997680664,-4.5965949539109475e-08,0.00011089742077404948,-0.6001080870628357,-0.5996935963630676,True,0.01589292846620083,0,1.0,40,40
theta2,T3,batch1_0_127,0,"theta2|batch1_0_127|0,1",0,1,"(0,1)",9,7.762956619262695,6.921424865722656,0.14362753927707672,0.00040605969692114743,0.00040596723556518555,-9.246135596188221e-08,0.0002277557099728947,-0.5748369097709656,-0.5744309425354004,True,0.017617300152778625,0,1.0,40,40
theta2,T3,batch1_0_127,0,"theta2|batch1_0_127|0,1",0,1,"(0,1)",10,7.632472991943359,6.957818984985352,0.14717373251914978,0.00039991757803363724,0.0003998875617980957,-3.001623554154146e-08,7.506168835703057e-05,-0.5485771894454956,-0.5481773018836975,True,0.01933981478214264,0,1.0,40,40
theta2,T3,batch1_0_127,0,"theta2|batch1_0_127|0,1",0,1,"(0,1)",11,7.500557899475098,6.993431091308594,0.15130391716957092,0.00039548968002782204,0.0003954172134399414,-7.246658788063196e-08,0.0001832661437528406,-0.5220344662666321,-0.5216390490531921,True,0.02106243558228016,0,1.0,40,40
theta2,T3,batch1_0_127,0,"theta2|batch1_0_127|0,1",0,1,"(0,1)",12,7.370224952697754,7.029603481292725,0.15620404481887817,0.0003924736851477064,0.0003924071788787842,-6.650626892224735e-08,0.0001694828038372645,-0.4950670897960663,-0.4946746826171875,True,0.02278614230453968,0,1.0,40,40
theta2,T3,batch1_0_127,0,"theta2|batch1_0_127|0,1",0,1,"(0,1)",13,7.235574722290039,7.069771766662598,0.16110053658485413,0.0003928552982688416,0.0003927648067474365,-9.049152140507347e-08,0.00023039620620404294,-0.46821367740631104,-0.4678209125995636,True,0.02451387792825699,0,1.0,40,40
theta2,T3,batch1_0_127,0,"theta2|batch1_0_127|0,1",0,1,"(0,1)",14,7.104674339294434,7.109489440917969,0.16645993292331696,0.00039173256710637363,0.0003916323184967041,-1.0024860966952867e-07,0.00025597634550268185,-0.4422697126865387,-0.441878080368042,True,0.026246313005685806,0,1.0,40,40
theta2,T3,batch1_0_127,0,"theta2|batch1_0_127|0,1",0,1,"(0,1)",15,6.978418350219727,7.144318103790283,0.1728530377149582,0.0003907060478522908,0.00039061903953552246,-8.70083167683498e-08,0.00022274468974121104,-0.4176197946071625,-0.41722917556762695,True,0.027984924614429474,0,1.0,40,40
theta2,T3,batch1_0_127,0,"theta2|batch1_0_127|0,1",0,1,"(0,1)",16,6.84750509262085,7.18587589263916,0.17936883866786957,0.0003900417259137612,0.00038999319076538086,-4.853514838035894e-08,0.00012445127127759927,-0.39127275347709656,-0.3908827602863312,True,0.029730316251516342,0,1.0,40,40
theta2,T3,batch1_0_127,0,"theta2|batch1_0_127|0,1",0,1,"(0,1)",17,6.723443031311035,7.230596542358398,0.18533112108707428,0.0003859625889454037,0.0003859102725982666,-5.231634713707663e-08,0.00013556609101084504,-0.36798691749572754,-0.3676010072231293,True,0.03148418664932251,0,1.0,40,40
theta2,T3,batch1_0_127,0,"theta2|batch1_0_127|0,1",0,1,"(0,1)",18,6.601293563842773,7.278220176696777,0.19222833216190338,0.00038325377633736935,0.000383228063583374,-2.5712753995324293e-08,6.709517501118573e-05,-0.3477696478366852,-0.3473864197731018,True,0.03324681520462036,0,1.0,40,40
theta2,T3,batch1_0_127,0,"theta2|batch1_0_127|0,1",0,1,"(0,1)",19,6.48024845123291,7.3308000564575195,0.19919432699680328,0.0003789930911880219,0.0003789067268371582,-8.636435086371462e-08,0.00022793037110906508,-0.32975026965141296,-0.3293713629245758,True,0.035019032657146454,0,1.0,40,40
theta2,T3,batch1_0_127,0,"theta2|batch1_0_127|0,1",0,1,"(0,1)",20,6.360764503479004,7.381370544433594,0.2069092094898224,0.00037670822883956135,0.00037667155265808105,-3.6676181480298914e-08,9.736913027140987e-05,-0.3139877915382385,-0.31361111998558044,True,0.0368010550737381,0,1.0,40,40
theta2,T3,batch1_0_127,0,"theta2|batch1_0_127|0,1",0,1,"(0,1)",21,6.241433143615723,7.4294047355651855,0.2148183137178421,0.0003739873255472048,0.0003738999366760254,-8.738887117941277e-08,0.00023372261561823416,-0.29965686798095703,-0.299282968044281,True,0.038592591881752014,0,1.0,40,40
theta2,T3,batch1_0_127,0,"theta2|batch1_0_127|0,1",0,1,"(0,1)",22,6.124683380126953,7.471832752227783,0.22363141179084778,0.0003716492453313549,0.00037160515785217285,-4.408747918203514e-08,0.00011864065460462057,-0.2858002781867981,-0.2854286730289459,True,0.040393128991127014,0,1.0,40,40
theta2,T3,batch1_0_127,0,"theta2|batch1_0_127|0,1",0,1,"(0,1)",23,6.010031700134277,7.517126560211182,0.2325931191444397,0.0003694963778107194,0.0003694295883178711,-6.678949284833011e-08,0.00018079085963970467,-0.2727052867412567,-0.27233585715293884,True,0.042202334851026535,0,1.0,40,40
theta2,T3,batch1_0_127,0,"theta2|batch1_0_127|0,1",0,1,"(0,1)",24,5.895147800445557,7.5674943923950195,0.24105694890022278,0.00036415543908515247,0.00036403536796569824,-1.200711194542306e-07,0.00032983366458377877,-0.2605954706668854,-0.2602314352989197,True,0.04401799663901329,0,1.0,40,40
theta2,T3,batch1_0_127,0,"theta2|batch1_0_127|0,1",0,1,"(0,1)",25,5.785219669342041,7.620952129364014,0.24992579221725464,0.00036617845002547255,0.00036607682704925537,-1.0162297621718044e-07,0.0002776001339290103,-0.24969124794006348,-0.24932517111301422,True,0.04584067687392235,0,1.0,40,40
theta2,T3,batch1_0_127,0,"theta2|batch1_0_127|0,1",0,1,"(0,1)",26,5.673211097717285,7.6725568771362305,0.25893405079841614,0.00035966492604711675,0.0003595501184463501,-1.1480760076664929e-07,0.00031930903336298077,-0.23707331717014313,-0.23671376705169678,True,0.04766755923628807,0,1.0,40,40
theta2,T3,batch1_0_127,0,"theta2|batch1_0_127|0,1",0,1,"(0,1)",27,5.564121723175049,7.734042167663574,0.26704978942871094,0.0003530790628938121,0.00035296380519866943,-1.1525769514264452e-07,0.00032654253338460724,-0.22887258231639862,-0.22851961851119995,True,0.04949638992547989,0,1.0,40,40
theta2,T3,batch1_0_127,0,"theta2|batch1_0_127|0,1",0,1,"(0,1)",28,5.455764293670654,7.795114517211914,0.27613312005996704,0.0003486617835624202,0.000348508358001709,-1.5342556071120577e-07,0.00044023495330477384,-0.221888467669487,-0.2215399593114853,True,0.05132457986474037,0,1.0,40,40
theta2,T3,batch1_0_127,0,"theta2|batch1_0_127|0,1",0,1,"(0,1)",29,5.349255561828613,7.854227066040039,0.2843647599220276,0.0003419466637478763,0.0003418177366256714,-1.289271222049181e-07,0.000377180901955675,-0.21313443779945374,-0.21279262006282806,True,0.053149815648794174,0,1.0,40,40
theta2,T3,batch1_0_127,0,"theta2|batch1_0_127|0,1",0,1,"(0,1)",30,5.246185302734375,7.909721851348877,0.29258206486701965,0.00033448352766936296,0.0003343522548675537,-1.3127280180924832e-07,0.0003926182638165523,-0.20457521080970764,-0.2042408585548401,True,0.05496886745095253,0,1.0,40,40
theta2,T3,batch1_0_127,0,"theta2|batch1_0_127|0,1",0,1,"(0,1)",31,5.146186828613281,7.967612266540527,0.3007711172103882,0.0003244856550481927,0.0003243982791900635,-8.737585812924843e-08,0.00026934747726591767,-0.19671224057674408,-0.19638784229755402,True,0.056779034435749054,0,1.0,40,40
theta2,T3,batch1_0_127,0,"theta2|batch1_0_127|0,1",0,1,"(0,1)",32,5.048120021820068,8.020158767700195,0.3084516227245331,0.00031398265660209293,0.0003139078617095947,-7.479489249820467e-08,0.00023827021117234584,-0.189377561211586,-0.1890636533498764,True,0.058577459305524826,0,1.0,40,40
theta2,T3,batch1_0_127,0,"theta2|batch1_0_127|0,1",0,1,"(0,1)",33,4.954270839691162,8.066840171813965,0.31478357315063477,0.00030185754863396144,0.00030174851417541504,-1.0903445854640358e-07,0.00036134215555082646,-0.181328684091568,-0.18102693557739258,True,0.060360874980688095,0,1.0,40,40
theta2,T3,batch1_0_127,0,"theta2|batch1_0_127|0,1",0,1,"(0,1)",34,4.864549160003662,8.114728927612305,0.3211671710014343,0.00028514662726774985,0.00028505921363830566,-8.741362944418704e-08,0.0003066507773192025,-0.17282149195671082,-0.1725364327430725,True,0.06212745979428291,0,1.0,40,40
theta2,T3,batch1_0_127,0,"theta2|batch1_0_127|0,1",0,1,"(0,1)",35,4.777412414550781,8.165102005004883,0.32768702507019043,0.0002725109688362863,0.000272408127784729,-1.0284105155731723e-07,0.0003775256355000815,-0.16467931866645813,-0.1644069105386734,True,0.06387412548065186,0,1.0,40,40
theta2,T3,batch1_0_127,0,"theta2|batch1_0_127|0,1",0,1,"(0,1)",36,4.694018840789795,8.216203689575195,0.33317890763282776,0.000264548131637639,0.0002644658088684082,-8.232276923082066e-08,0.0003112794413125157,-0.15761935710906982,-0.15735489130020142,True,0.06559872627258301,0,1.0,40,40
theta2,T3,batch1_0_127,0,"theta2|batch1_0_127|0,1",0,1,"(0,1)",37,4.614089012145996,8.26549243927002,0.33827853202819824,0.0002537076368143971,0.00025363266468048096,-7.497213391614464e-08,0.0002955933692948909,-0.14969752728939056,-0.14944389462471008,True,0.06729864329099655,0,1.0,40,40
theta2,T3,batch1_0_127,0,"theta2|batch1_0_127|0,1",0,1,"(0,1)",38,4.537967205047607,8.319812774658203,0.3425932824611664,0.00024394327900108693,0.00024390220642089844,-4.107258018849064e-08,0.0001683977393694106,-0.14205162227153778,-0.14180772006511688,True,0.06897249072790146,0,1.0,40,40
theta2,T3,batch1_0_127,0,"theta2|batch1_0_127|0,1",0,1,"(0,1)",39,4.466058254241943,8.364827156066895,0.347260445356369,0.00023481541435830877,0.00023475289344787598,-6.252091043279029e-08,0.00026632647425354225,-0.135984867811203,-0.13575011491775513,True,0.07061836123466492,0,1.0,40,40
theta2,T3,batch1_0_127,0,"theta2|batch1_0_127|0,2",0,2,"(0,2)",0,9.449762344360352,6.752513885498047,0.1600377857685089,0.0008326279753819108,0.0008324384689331055,-1.8950644880535907e-07,0.0002276521999857118,-1.2756098508834839,-1.2747774124145508,True,0.0018554511480033398,0,0.9999530945847442,40,40
theta2,T3,batch1_0_127,0,"theta2|batch1_0_127|0,2",0,2,"(0,2)",1,9.315027236938477,6.758386611938477,0.16346213221549988,0.0008306323719443753,0.0008304119110107422,-2.2046093363316168e-07,0.00026548382882035735,-1.2892919778823853,-1.2884615659713745,True,0.0037114094011485577,0,0.9999530945847442,40,40
theta2,T3,batch1_0_127,0,"theta2|batch1_0_127|0,2",0,2,"(0,2)",2,9.176071166992188,6.771213531494141,0.16729015111923218,0.000830116024822928,0.0008298158645629883,-3.0016025993971195e-07,0.00036171911475540113,-1.306554913520813,-1.30572509765625,True,0.005568475928157568,0,0.9999530945847442,40,40
theta2,T3,batch1_0_127,0,"theta2|batch1_0_127|0,2",0,2,"(0,2)",3,9.039170265197754,6.784181118011475,0.17095327377319336,0.0008320268644019962,0.0008320808410644531,5.397666245693031e-08,6.486949319477153e-05,-1.3200777769088745,-1.31924569606781,True,0.007429847028106451,0,0.9999530945847442,40,40
theta2,T3,batch1_0_127,0,"theta2|batch1_0_127|0,2",0,2,"(0,2)",4,8.903346061706543,6.799833297729492,0.1747315675020218,0.0008327428281772882,0.0008325576782226562,-1.8514995463192203e-07,0.00022238694023839895,-1.3330451250076294,-1.3322125673294067,True,0.009293939918279648,0,0.9999530945847442,40,40
theta2,T3,batch1_0_127,0,"theta2|batch1_0_127|0,2",0,2,"(0,2)",5,8.76714038848877,6.81633186340332,0.1784362941980362,0.0008333386720623821,0.0008332729339599609,-6.573810242113589e-08,7.889144089767667e-05,-1.3456186056137085,-1.3447853326797485,True,0.011160465888679028,0,0.9999530945847442,40,40
theta2,T3,batch1_0_127,0,"theta2|batch1_0_127|0,2",0,2,"(0,2)",6,8.636880874633789,6.835666656494141,0.18203645944595337,0.0008320521821733564,0.0008320808410644531,2.865889109674672e-08,3.4442435977836433e-05,-1.3584526777267456,-1.3576205968856812,True,0.013027829118072987,0,0.9999530945847442,40,40
theta2,T3,batch1_0_127,0,"theta2|batch1_0_127|0,2",0,2,"(0,2)",7,8.501155853271484,6.856156349182129,0.1852087825536728,0.0008265445083379746,0.0008265972137451172,5.270540714258885e-08,6.376189789437237e-05,-1.3680211305618286,-1.3671945333480835,True,0.014894339255988598,0,0.9999530945847442,40,40
theta2,T3,batch1_0_127,0,"theta2|batch1_0_127|0,2",0,2,"(0,2)",8,8.375404357910156,6.878729820251465,0.18847134709358215,0.0008197426651604474,0.0008195638656616211,-1.7879949882628442e-07,0.00021816420454547783,-1.3803369998931885,-1.3795174360275269,True,0.016759628430008888,0,0.9999530945847442,40,40
theta2,T3,batch1_0_127,0,"theta2|batch1_0_127|0,2",0,2,"(0,2)",9,8.25589656829834,6.903116226196289,0.1917681097984314,0.0008123259663116187,0.0008121728897094727,-1.5307660214609106e-07,0.00018847785254300846,-1.3954236507415771,-1.3946114778518677,True,0.018622666597366333,0,0.9999530945847442,40,40
theta2,T3,batch1_0_127,0,"theta2|batch1_0_127|0,2",0,2,"(0,2)",10,8.139642715454102,6.919674396514893,0.19541004300117493,0.0008078707975801081,0.0008078813552856445,1.0557705536424003e-08,1.306838617743702e-05,-1.4129891395568848,-1.4121812582015991,True,0.02048570103943348,0,0.9999530945847442,40,40
theta2,T3,batch1_0_127,0,"theta2|batch1_0_127|0,2",0,2,"(0,2)",11,8.028136253356934,6.946056842803955,0.19879725575447083,0.0008041790204588324,0.000803828239440918,-3.507810179143858e-07,0.00043638802508153045,-1.430137038230896,-1.429333209991455,True,0.022349780425429344,0,0.9999530945847442,40,40
theta2,T3,batch1_0_127,0,"theta2|batch1_0_127|0,2",0,2,"(0,2)",12,7.923654556274414,6.973283290863037,0.2021690160036087,0.0008011982901953161,0.0008009672164916992,-2.310737036168367e-07,0.00028849333513169005,-1.4499768018722534,-1.4491758346557617,True,0.02421507239341736,0,0.9999530945847442,40,40
theta2,T3,batch1_0_127,0,"theta2|batch1_0_127|0,2",0,2,"(0,2)",13,7.822138786315918,7.001925945281982,0.20601704716682434,0.0007961896574124694,0.0007963180541992188,1.2839678674935427e-07,0.00016123807073352203,-1.476272702217102,-1.4754763841629028,True,0.026083825156092644,0,0.9999530945847442,40,40
theta2,T3,batch1_0_127,0,"theta2|batch1_0_127|0,2",0,2,"(0,2)",14,7.72563362121582,7.030158996582031,0.20943401753902435,0.0007986538945115171,0.000798344612121582,-3.0928238993509823e-07,0.00038740461855587345,-1.4980320930480957,-1.4972337484359741,True,0.027960002422332764,0,0.9999530945847442,40,40
theta2,T3,batch1_0_127,0,"theta2|batch1_0_127|0,2",0,2,"(0,2)",15,7.627767562866211,7.061120986938477,0.21303950250148773,0.0008064708823221735,0.0008062124252319336,-2.584570902399493e-07,0.0003205818741451369,-1.524641752243042,-1.52383553981781,True,0.029845289885997772,0,0.9999530945847442,40,40
theta2,T3,batch1_0_127,0,"theta2|batch1_0_127|0,2",0,2,"(0,2)",16,7.531550407409668,7.091316223144531,0.21657127141952515,0.0008179273364366964,0.0008181333541870117,2.060177503153144e-07,0.00025181438852353913,-1.5504579544067383,-1.5496398210525513,True,0.03174130618572235,0,0.9999530945847442,40,40
theta2,T3,batch1_0_127,0,"theta2|batch1_0_127|0,2",0,2,"(0,2)",17,7.434741497039795,7.117955207824707,0.22000199556350708,0.0008292349834810012,0.0008292198181152344,-1.5165365766780722e-08,1.82887160141091e-05,-1.5763784646987915,-1.5755492448806763,True,0.03364916145801544,0,0.9999530945847442,40,40
theta2,T3,batch1_0_127,0,"theta2|batch1_0_127|0,2",0,2,"(0,2)",18,7.339186668395996,7.146937847137451,0.22356265783309937,0.0008446493099909276,0.0008445978164672852,-5.1493523642461535e-08,6.096809941783232e-05,-1.6039981842041016,-1.6031535863876343,True,0.035570260137319565,0,0.9999530945847442,40,40
theta2,T3,batch1_0_127,0,"theta2|batch1_0_127|0,2",0,2,"(0,2)",19,7.243331432342529,7.176513671875,0.2268631011247635,0.0008605323153315112,0.0008604526519775391,-7.966335397217254e-08,9.258307681321672e-05,-1.6315912008285522,-1.6307307481765747,True,0.03750557452440262,0,0.9999530945847442,40,40
theta2,T3,batch1_0_127,0,"theta2|batch1_0_127|0,2",0,2,"(0,2)",20,7.14760684967041,7.204371452331543,0.2303539514541626,0.0008836325156735257,0.0008838176727294922,1.8515705596652485e-07,0.00020949689249220909,-1.6607333421707153,-1.6598495244979858,True,0.039455924183130264,0,0.9999530945847442,40,40
theta2,T3,batch1_0_127,0,"theta2|batch1_0_127|0,2",0,2,"(0,2)",21,7.0500383377075195,7.234584808349609,0.23380354046821594,0.0009073351789847948,0.0009074211120605469,8.59330757521171e-08,9.470032668402725e-05,-1.6924455165863037,-1.6915380954742432,True,0.04142142832279205,0,0.9999530945847442,40,40
theta2,T3,batch1_0_127,0,"theta2|batch1_0_127|0,2",0,2,"(0,2)",22,6.954057693481445,7.26382303237915,0.23726052045822144,0.0009374864897690714,0.0009375810623168945,9.457254782313344e-08,0.00010086866258735153,-1.7236536741256714,-1.7227160930633545,True,0.04340340197086334,0,0.9999530945847442,40,40
theta2,T3,batch1_0_127,0,"theta2|batch1_0_127|0,2",0,2,"(0,2)",23,6.85581636428833,7.296144008636475,0.24095101654529572,0.0009705278616747819,0.0009703636169433594,-1.6424473142249898e-07,0.00016926101572096146,-1.762467622756958,-1.7614972591400146,True,0.04540078341960907,0,0.9999530945847442,40,40
theta2,T3,batch1_0_127,0,"theta2|batch1_0_127|0,2",0,2,"(0,2)",24,6.756453990936279,7.3281025886535645,0.2448658049106598,0.0010117742799047847,0.0010116100311279297,-1.6424877685499925e-07,0.00016236372890832685,-1.8021005392074585,-1.8010889291763306,True,0.04741420969367027,0,0.9999530945847442,40,40
theta2,T3,batch1_0_127,0,"theta2|batch1_0_127|0,2",0,2,"(0,2)",25,6.658029556274414,7.358747482299805,0.24896416068077087,0.001059957596822642,0.0010595321655273438,-4.254312952981648e-07,0.00040152749405811744,-1.8444163799285889,-1.8433568477630615,True,0.049443889409303665,0,0.9999530945847442,40,40
theta2,T3,batch1_0_127,0,"theta2|batch1_0_127|0,2",0,2,"(0,2)",26,6.5566792488098145,7.393883228302002,0.25298672914505005,0.0011128755905956496,0.0011129379272460938,6.233665044417559e-08,5.601089595214384e-05,-1.8890557289123535,-1.8879427909851074,True,0.0514887273311615,0,0.9999530945847442,40,40
theta2,T3,batch1_0_127,0,"theta2|batch1_0_127|0,2",0,2,"(0,2)",27,6.456045150756836,7.428131103515625,0.25698432326316833,0.0011664274881477469,0.0011664628982543945,3.541010664765212e-08,3.035682206493079e-05,-1.9348292350769043,-1.93366277217865,True,0.05354846641421318,0,0.9999530945847442,40,40
theta2,T3,batch1_0_127,0,"theta2|batch1_0_127|0,2",0,2,"(0,2)",28,6.355165958404541,7.461141109466553,0.2610216438770294,0.0012274800544255413,0.0012271404266357422,-3.3962778979912053e-07,0.0002767635899097747,-1.9831703901290894,-1.9819432497024536,True,0.055622268468141556,0,0.9999530945847442,40,40
theta2,T3,batch1_0_127,0,"theta2|batch1_0_127|0,2",0,2,"(0,2)",29,6.252964496612549,7.494123935699463,0.2655177116394043,0.001294357547420077,0.0012941360473632812,-2.215000567957863e-07,0.00017115670121937982,-2.0377328395843506,-2.0364387035369873,True,0.05770907551050186,0,0.9999530945847442,40,40
theta2,T3,batch1_0_127,0,"theta2|batch1_0_127|0,2",0,2,"(0,2)",30,6.154767036437988,7.528608798980713,0.2703457474708557,0.0013592996865627357,0.0013592243194580078,-7.536710472789802e-08,5.544861407273138e-05,-2.096832513809204,-2.095473289489746,True,0.059807129204273224,0,0.9999530945847442,40,40
theta2,T3,batch1_0_127,0,"theta2|batch1_0_127|0,2",0,2,"(0,2)",31,6.052494049072266,7.561788082122803,0.27537649869918823,0.0014361131676705555,0.001435995101928711,-1.1806574184460017e-07,8.221876361975326e-05,-2.1602513790130615,-2.158815383911133,True,0.061916835606098175,0,0.9999530945847442,40,40
theta2,T3,batch1_0_127,0,"theta2|batch1_0_127|0,2",0,2,"(0,2)",32,5.950385093688965,7.598907947540283,0.28097206354141235,0.0015166895673901309,0.001516103744506836,-5.858228832949196e-07,0.0003864002614712084,-2.232407569885254,-2.230891466140747,True,0.06403685361146927,0,0.9999530945847442,40,40
theta2,T3,batch1_0_127,0,"theta2|batch1_0_127|0,2",0,2,"(0,2)",33,5.84869384765625,7.634094715118408,0.2861962616443634,0.0015971722593239974,0.001596689224243164,-4.830350808333276e-07,0.00030252291648193955,-2.304290771484375,-2.302694082260132,True,0.06616494804620743,0,0.9999530945847442,40,40
theta2,T3,batch1_0_127,0,"theta2|batch1_0_127|0,2",0,2,"(0,2)",34,5.7469940185546875,7.673703670501709,0.29222801327705383,0.0016855242577003082,0.0016849040985107422,-6.201591895660472e-07,0.00036806794529979203,-2.3846590518951416,-2.382974147796631,True,0.06829999387264252,0,0.9999530945847442,40,40
theta2,T3,batch1_0_127,0,"theta2|batch1_0_127|0,2",0,2,"(0,2)",35,5.6462297439575195,7.712255477905273,0.29795002937316895,0.0017759247427311493,0.0017757415771484375,-1.8316558271177542e-07,0.00010314878305992622,-2.463762044906616,-2.4619863033294678,True,0.07043985277414322,0,0.9999530945847442,40,40
theta2,T3,batch1_0_127,0,"theta2|batch1_0_127|0,2",0,2,"(0,2)",36,5.545210838317871,7.752569675445557,0.30377036333084106,0.001867517496328219,0.0018665790557861328,-9.384405420861247e-07,0.0005027596014093755,-2.547189235687256,-2.5453226566314697,True,0.07258380949497223,0,0.9999530945847442,40,40
theta2,T3,batch1_0_127,0,"theta2|batch1_0_127|0,2",0,2,"(0,2)",37,5.446613311767578,7.79473876953125,0.31000643968582153,0.0019589144907949958,0.001958131790161133,-7.827006338629455e-07,0.00039971805666795177,-2.6388206481933594,-2.6368625164031982,True,0.07472851127386093,0,0.9999530945847442,40,40
theta2,T3,batch1_0_127,0,"theta2|batch1_0_127|0,2",0,2,"(0,2)",38,5.349236965179443,7.841092109680176,0.31650736927986145,0.0020472562001086774,0.0020465850830078125,-6.711171008648605e-07,0.00032792044974672504,-2.7351276874542236,-2.733081102371216,True,0.07687144726514816,0,0.9999530945847442,40,40
theta2,T3,batch1_0_127,0,"theta2|batch1_0_127|0,2",0,2,"(0,2)",39,5.253371238708496,7.890331268310547,0.3228130042552948,0.002130612152686808,0.0021300315856933594,-5.805669934487445e-07,0.00027256262176964885,-2.8278183937072754,-2.825688362121582,True,0.07901035249233246,0,0.9999530945847442,40,40
theta2,T3,batch1_0_127,0,"theta2|batch1_0_127|0,3",0,3,"(0,3)",0,9.562553405761719,6.752513885498047,0.1469726413488388,0.0007742227730341256,0.0007741451263427734,-7.764669135218102e-08,0.00010029991626893079,-1.192548155784607,-1.1917740106582642,True,0.00189299532212317,0,0.9999530945847442,40,40
theta2,T3,batch1_0_127,0,"theta2|batch1_0_127|0,3",0,3,"(0,3)",1,9.449395179748535,6.7630934715271,0.15133696794509888,0.0007801661735866219,0.0007801055908203125,-6.058276630935364e-08,7.765970020244108e-05,-1.2170222997665405,-1.2162421941757202,True,0.0037817363627254963,0,0.9999530945847442,40,40
theta2,T3,batch1_0_127,0,"theta2|batch1_0_127|0,3",0,3,"(0,3)",2,9.336441993713379,6.779016971588135,0.15544642508029938,0.0007841235720552505,0.0007839202880859375,-2.0328396931296004e-07,0.00025931714283005644,-1.2403467893600464,-1.2395628690719604,True,0.005666415207087994,0,0.9999530945847442,40,40
theta2,T3,batch1_0_127,0,"theta2|batch1_0_127|0,3",0,3,"(0,3)",3,9.222841262817383,6.797030925750732,0.1599390208721161,0.0007916869046166539,0.0007916688919067383,-1.8012709915651848e-08,2.275283278122518e-05,-1.2643998861312866,-1.2636082172393799,True,0.007547725923359394,0,0.9999530945847442,40,40
theta2,T3,batch1_0_127,0,"theta2|batch1_0_127|0,3",0,3,"(0,3)",4,9.11322021484375,6.821077346801758,0.1639420986175537,0.0007952315083239228,0.0007952451705932617,1.3662269338966283e-08,1.7179946316145595e-05,-1.2829872369766235,-1.2821919918060303,True,0.009425479918718338,0,0.9999530945847442,40,40
theta2,T3,batch1_0_127,0,"theta2|batch1_0_127|0,3",0,3,"(0,3)",5,9.001144409179688,6.843118667602539,0.16777294874191284,0.0008008766539860517,0.0008004903793334961,-3.862746525555875e-07,0.0004825475265264366,-1.2999744415283203,-1.2991739511489868,True,0.01129807811230421,0,0.9999530945847442,40,40
theta2,T3,batch1_0_127,0,"theta2|batch1_0_127|0,3",0,3,"(0,3)",6,8.889873504638672,6.864694118499756,0.1714632362127304,0.0008035038961097599,0.0008035898208618164,8.592475205654315e-08,0.00010692613299206858,-1.3163647651672363,-1.3155611753463745,True,0.013167019002139568,0,0.9999530945847442,40,40
theta2,T3,batch1_0_127,0,"theta2|batch1_0_127|0,3",0,3,"(0,3)",7,8.777904510498047,6.888477802276611,0.1750943511724472,0.0008076559100300074,0.000807642936706543,-1.297332346444132e-08,1.6063191881977885e-05,-1.3310331106185913,-1.3302254676818848,True,0.015033990144729614,0,0.9999530945847442,40,40
theta2,T3,batch1_0_127,0,"theta2|batch1_0_127|0,3",0,3,"(0,3)",8,8.670234680175781,6.91895866394043,0.17849360406398773,0.0008088459607679397,0.0008089542388916016,1.0827812366187052e-07,0.00013384950403403425,-1.343207597732544,-1.3423986434936523,True,0.01689865253865719,0,0.9999530945847442,40,40
theta2,T3,batch1_0_127,0,"theta2|batch1_0_127|0,3",0,3,"(0,3)",9,8.563583374023438,6.951354503631592,0.18207590281963348,0.000805646815802902,0.0008054971694946289,-1.4964630827313686e-07,0.00018578129624840936,-1.3577510118484497,-1.356945514678955,True,0.018758926540613174,0,0.9999530945847442,40,40
theta2,T3,batch1_0_127,0,"theta2|batch1_0_127|0,3",0,3,"(0,3)",10,8.459829330444336,6.983023643493652,0.1852620244026184,0.0008066332035232336,0.0008065700531005859,-6.315042264766133e-08,7.82950252180835e-05,-1.3697960376739502,-1.3689894676208496,True,0.020617632195353508,0,0.9999530945847442,40,40
theta2,T3,batch1_0_127,0,"theta2|batch1_0_127|0,3",0,3,"(0,3)",11,8.357007026672363,7.015578746795654,0.18862830102443695,0.0008124997576233,0.0008122920989990234,-2.076586242765431e-07,0.00025564525930073435,-1.3849927186965942,-1.3841804265975952,True,0.022476814687252045,0,0.9999530945847442,40,40
theta2,T3,batch1_0_127,0,"theta2|batch1_0_127|0,3",0,3,"(0,3)",12,8.255313873291016,7.050991058349609,0.1918077915906906,0.0008145055702188983,0.0008144378662109375,-6.770400796083948e-08,8.312973987300377e-05,-1.3967117071151733,-1.3958972692489624,True,0.02433551475405693,0,0.9999530945847442,40,40
theta2,T3,batch1_0_127,0,"theta2|batch1_0_127|0,3",0,3,"(0,3)",13,8.156625747680664,7.086792945861816,0.19485662877559662,0.0008144935549935326,0.0008143186569213867,-1.7489807214586713e-07,0.00021477841709667664,-1.4060049057006836,-1.4051905870437622,True,0.026194222271442413,0,0.9999530945847442,40,40
theta2,T3,batch1_0_127,0,"theta2|batch1_0_127|0,3",0,3,"(0,3)",14,8.058286666870117,7.1225128173828125,0.1978391706943512,0.0008174483347684145,0.000817418098449707,-3.023631870748e-08,3.6990028438109435e-05,-1.4179388284683228,-1.417121410369873,True,0.02805521711707115,0,0.9999530945847442,40,40
theta2,T3,batch1_0_127,0,"theta2|batch1_0_127|0,3",0,3,"(0,3)",15,7.96114444732666,7.157422065734863,0.20044995844364166,0.0008167258356697858,0.0008167028427124023,-2.2992957383438477e-08,2.8153394577488114e-05,-1.4255571365356445,-1.4247404336929321,True,0.029918992891907692,0,0.9999530945847442,40,40
theta2,T3,batch1_0_127,0,"theta2|batch1_0_127|0,3",0,3,"(0,3)",16,7.866838455200195,7.198890686035156,0.20298241078853607,0.0008148756748996676,0.0008147954940795898,-8.018082007772796e-08,9.840606711786238e-05,-1.4336389303207397,-1.4328241348266602,True,0.03178655728697777,0,0.9999530945847442,40,40
theta2,T3,batch1_0_127,0,"theta2|batch1_0_127|0,3",0,3,"(0,3)",17,7.774932861328125,7.236225128173828,0.20544135570526123,0.0008131421615835279,0.0008126497268676758,-4.924347158521232e-07,0.0006059618302588891,-1.4397456645965576,-1.43893301486969,True,0.03365948796272278,0,0.9999530945847442,40,40
theta2,T3,batch1_0_127,0,"theta2|batch1_0_127|0,3",0,3,"(0,3)",18,7.683210372924805,7.275352954864502,0.20768104493618011,0.0008116047612857074,0.0008115768432617188,-2.791802398863317e-08,3.4399729637961236e-05,-1.4469332695007324,-1.4461216926574707,True,0.03553926572203636,0,0.9999530945847442,40,40
theta2,T3,batch1_0_127,0,"theta2|batch1_0_127|0,3",0,3,"(0,3)",19,7.593072891235352,7.3126959800720215,0.2098262906074524,0.0008083669535117224,0.0008082389831542969,-1.2797035742553604e-07,0.00015833232508299572,-1.4518965482711792,-1.451088309288025,True,0.03742610290646553,0,0.9999530945847442,40,40
theta2,T3,batch1_0_127,0,"theta2|batch1_0_127|0,3",0,3,"(0,3)",20,7.504662990570068,7.351595878601074,0.2121371030807495,0.0008059957122895867,0.0008062124252319336,2.1671294234690882e-07,0.0002688037737505276,-1.4570599794387817,-1.4562537670135498,True,0.03932137042284012,0,0.9999530945847442,40,40
theta2,T3,batch1_0_127,0,"theta2|batch1_0_127|0,3",0,3,"(0,3)",21,7.417224884033203,7.3892717361450195,0.21395975351333618,0.0008037747633643449,0.0008037090301513672,-6.573321297768508e-08,8.178732664644213e-05,-1.459460973739624,-1.4586572647094727,True,0.04122607782483101,0,0.9999530945847442,40,40
theta2,T3,batch1_0_127,0,"theta2|batch1_0_127|0,3",0,3,"(0,3)",22,7.331707954406738,7.427750587463379,0.2159218043088913,0.0008005715095787309,0.0008004903793334961,-8.1130245234819e-08,0.00010135068119415704,-1.462996482849121,-1.4621959924697876,True,0.043140728026628494,0,0.9999530945847442,40,40
theta2,T3,batch1_0_127,0,"theta2|batch1_0_127|0,3",0,3,"(0,3)",23,7.245499610900879,7.463772773742676,0.21780042350292206,0.0007973757515428588,0.000797271728515625,-1.0402302723377683e-07,0.0001304737437855081,-1.4661824703216553,-1.4653851985931396,True,0.04506763815879822,0,0.9999530945847442,40,40
theta2,T3,batch1_0_127,0,"theta2|batch1_0_127|0,3",0,3,"(0,3)",24,7.159124374389648,7.496035099029541,0.21981346607208252,0.0007961925438721664,0.0007959604263305664,-2.321175416000092e-07,0.00029161944981371423,-1.4694336652755737,-1.4686377048492432,True,0.047006331384181976,0,0.9999530945847442,40,40
theta2,T3,batch1_0_127,0,"theta2|batch1_0_127|0,3",0,3,"(0,3)",25,7.0732269287109375,7.530858039855957,0.2215532660484314,0.0007930790432728827,0.0007930994033813477,2.0360108464955416e-08,2.567157203517101e-05,-1.4722110033035278,-1.4714179039001465,True,0.04895718768239021,0,0.9999530945847442,40,40
theta2,T3,batch1_0_127,0,"theta2|batch1_0_127|0,3",0,3,"(0,3)",26,6.98866081237793,7.5690507888793945,0.2231505960226059,0.0007916552046663128,0.0007913112640380859,-3.439406282268725e-07,0.0004346464455361507,-1.4731476306915283,-1.4723563194274902,True,0.050921034067869186,0,0.9999530945847442,40,40
theta2,T3,batch1_0_127,0,"theta2|batch1_0_127|0,3",0,3,"(0,3)",27,6.90141487121582,7.60443115234375,0.2249610871076584,0.0007889572296990081,0.000788569450378418,-3.8777932059017896e-07,0.0004917503720237854,-1.474804401397705,-1.4740158319473267,True,0.05289795994758606,0,0.9999530945847442,40,40
theta2,T3,batch1_0_127,0,"theta2|batch1_0_127|0,3",0,3,"(0,3)",28,6.813176155090332,7.637551784515381,0.22680917382240295,0.0007844575390918181,0.0007843971252441406,-6.041384767745041e-08,7.70194659480003e-05,-1.4776620864868164,-1.4768776893615723,True,0.054887887090444565,0,0.9999530945847442,40,40
theta2,T3,batch1_0_127,0,"theta2|batch1_0_127|0,3",0,3,"(0,3)",29,6.724945545196533,7.675704479217529,0.22883844375610352,0.0007823682274029124,0.0007821321487426758,-2.360786602366655e-07,0.0003018398625042789,-1.483139991760254,-1.4823578596115112,True,0.05689099431037903,0,0.9999530945847442,40,40
theta2,T3,batch1_0_127,0,"theta2|batch1_0_127|0,3",0,3,"(0,3)",30,6.636751174926758,7.707830905914307,0.2309979349374771,0.0007865428932273062,0.0007863044738769531,-2.384193503531147e-07,0.0003032150499889237,-1.4881638288497925,-1.4873775243759155,True,0.05890648439526558,0,0.9999530945847442,40,40
theta2,T3,batch1_0_127,0,"theta2|batch1_0_127|0,3",0,3,"(0,3)",31,6.547266960144043,7.743662357330322,0.23327066004276276,0.0007760058389976621,0.0007756948471069336,-3.1099189072851703e-07,0.00040092040302756475,-1.4932937622070312,-1.4925180673599243,True,0.06093423068523407,0,0.9999530945847442,40,40
theta2,T3,batch1_0_127,0,"theta2|batch1_0_127|0,3",0,3,"(0,3)",32,6.457470893859863,7.780306816101074,0.2358701527118683,0.0007725206519389759,0.0007724761962890625,-4.4455649913350236e-08,5.754954020190264e-05,-1.5008888244628906,-1.5001163482666016,True,0.06297457218170166,0,0.9999530945847442,40,40
theta2,T3,batch1_0_127,0,"theta2|batch1_0_127|0,3",0,3,"(0,3)",33,6.366729736328125,7.813138008117676,0.23840802907943726,0.0007694336513741291,0.0007692575454711914,-1.7610590293773865e-07,0.00022892970497919387,-1.5067429542541504,-1.5059736967086792,True,0.06502743810415268,0,0.9999530945847442,40,40
theta2,T3,batch1_0_127,0,"theta2|batch1_0_127|0,3",0,3,"(0,3)",34,6.2775654792785645,7.8434529304504395,0.24085289239883423,0.0007652800781506813,0.0007648468017578125,-4.332763928687573e-07,0.0005664878141256235,-1.5129507780075073,-1.5121859312057495,True,0.06709202378988266,0,0.9999530945847442,40,40
theta2,T3,batch1_0_127,0,"theta2|batch1_0_127|0,3",0,3,"(0,3)",35,6.186799049377441,7.870402812957764,0.24389003217220306,0.0007622996813224745,0.0007622241973876953,-7.548393477917366e-08,9.903114469190716e-05,-1.5217673778533936,-1.5210051536560059,True,0.06916734576225281,0,0.9999530945847442,40,40
theta2,T3,batch1_0_127,0,"theta2|batch1_0_127|0,3",0,3,"(0,3)",36,6.0957722663879395,7.894090175628662,0.24650922417640686,0.0007589448500366416,0.0007587671279907227,-1.777220459188997e-07,0.00023422475666483102,-1.529337763786316,-1.5285789966583252,True,0.07125337421894073,0,0.9999530945847442,40,40
theta2,T3,batch1_0_127,0,"theta2|batch1_0_127|0,3",0,3,"(0,3)",37,6.005579471588135,7.921990394592285,0.24989376962184906,0.000756342049826344,0.0007561445236206055,-1.9752620573855375e-07,0.00026122811125147056,-1.5409847497940063,-1.5402286052703857,True,0.07334847003221512,0,0.9999530945847442,40,40
theta2,T3,batch1_0_127,0,"theta2|batch1_0_127|0,3",0,3,"(0,3)",38,5.91590690612793,7.946421146392822,0.2527002692222595,0.0007496708835606114,0.0007493495941162109,-3.212894444004806e-07,0.0004287577479499565,-1.5509713888168335,-1.5502220392227173,True,0.07545152306556702,0,0.9999530945847442,40,40
theta2,T3,batch1_0_127,0,"theta2|batch1_0_127|0,3",0,3,"(0,3)",39,5.8261942863464355,7.967430591583252,0.2561187744140625,0.0007453315550083061,0.0007454156875610352,8.413255272901425e-08,0.00011286662480138026,-1.5651304721832275,-1.5643850564956665,True,0.07756142318248749,0,0.9999530945847442,40,40
theta2,T3,batch1_0_127,0,"theta2|batch1_0_127|0,4",0,4,"(0,4)",0,9.26671028137207,6.752513885498047,0.24024194478988647,0.001525572155835107,0.001525282859802246,-2.892960328608734e-07,0.0001896671368210227,-1.9825631380081177,-1.9810378551483154,True,0.0017998401308432221,0,0.9998123827392121,40,40
theta2,T3,batch1_0_127,0,"theta2|batch1_0_127|0,4",0,4,"(0,4)",1,9.126842498779297,6.727165222167969,0.2413833886384964,0.0014770268336869777,0.0014767646789550781,-2.6215473189960745e-07,0.00017751963846067987,-1.9479343891143799,-1.9464576244354248,True,0.003601826960220933,0,0.9998123827392121,40,40
theta2,T3,batch1_0_127,0,"theta2|batch1_0_127|0,4",0,4,"(0,4)",2,8.986242294311523,6.707864761352539,0.24209074676036835,0.0014317900743335485,0.0014313459396362305,-4.441346973180216e-07,0.0003102916527858361,-1.9103031158447266,-1.9088717699050903,True,0.0054093957878649235,0,0.9998123827392121,40,40
theta2,T3,batch1_0_127,0,"theta2|batch1_0_127|0,4",0,4,"(0,4)",3,8.848389625549316,6.688796520233154,0.24279816448688507,0.0013861460791667923,0.001385807991027832,-3.380881389602238e-07,0.0002439646337365028,-1.8732208013534546,-1.8718349933624268,True,0.007222745567560196,0,0.9998123827392121,40,40
theta2,T3,batch1_0_127,0,"theta2|batch1_0_127|0,4",0,4,"(0,4)",4,8.713654518127441,6.678241729736328,0.24309203028678894,0.001340590617619455,0.0013403892517089844,-2.0136591047056375e-07,0.0001502294279171696,-1.8356624841690063,-1.8343220949172974,True,0.009044201113283634,0,0.9998123827392121,40,40
theta2,T3,batch1_0_127,0,"theta2|batch1_0_127|0,4",0,4,"(0,4)",5,8.58409595489502,6.6697998046875,0.2434624582529068,0.0012966269227908925,0.0012962818145751953,-3.4510821569715654e-07,0.0002662293120344761,-1.799431324005127,-1.7981350421905518,True,0.01087468396872282,0,0.9998123827392121,40,40
theta2,T3,batch1_0_127,0,"theta2|batch1_0_127|0,4",0,4,"(0,4)",6,8.458098411560059,6.665475845336914,0.24343828856945038,0.0012452461045468226,0.0012451410293579102,-1.0507518891241484e-07,8.438818289250306e-05,-1.7666265964508057,-1.7653814554214478,True,0.0127163827419281,0,0.9998123827392121,40,40
theta2,T3,batch1_0_127,0,"theta2|batch1_0_127|0,4",0,4,"(0,4)",7,8.334369659423828,6.659879684448242,0.24420341849327087,0.0011972834388725459,0.0011970996856689453,-1.837532036005722e-07,0.00015349866498201443,-1.7426578998565674,-1.7414608001708984,True,0.014570931904017925,0,0.9998123827392121,40,40
theta2,T3,batch1_0_127,0,"theta2|batch1_0_127|0,4",0,4,"(0,4)",8,8.219337463378906,6.664785385131836,0.2451302856206894,0.0011592411618330516,0.001159071922302246,-1.6923953080551397e-07,0.00014601296740012146,-1.7231833934783936,-1.7220243215560913,True,0.016441643238067627,0,0.9998123827392121,40,40
theta2,T3,batch1_0_127,0,"theta2|batch1_0_127|0,4",0,4,"(0,4)",9,8.116326332092285,6.681666374206543,0.2454008013010025,0.0011273829476558604,0.001127004623413086,-3.7832424277443703e-07,0.00033569005389587315,-1.7036865949630737,-1.7025595903396606,True,0.01833368092775345,0,0.9998123827392121,40,40
theta2,T3,batch1_0_127,0,"theta2|batch1_0_127|0,4",0,4,"(0,4)",10,8.006811141967773,6.6982622146606445,0.24667726457118988,0.0010987004704074935,0.0010986328125,-6.76579074935374e-08,6.158373090967315e-05,-1.6980215311050415,-1.6969228982925415,True,0.0202481746673584,0,0.9998123827392121,40,40
theta2,T3,batch1_0_127,0,"theta2|batch1_0_127|0,4",0,4,"(0,4)",11,7.901982307434082,6.71492338180542,0.24851840734481812,0.0010773264201707207,0.0010769367218017578,-3.8969836896286456e-07,0.00036185818634811126,-1.6988191604614258,-1.697742223739624,True,0.022189024835824966,0,0.9998123827392121,40,40
theta2,T3,batch1_0_127,0,"theta2|batch1_0_127|0,4",0,4,"(0,4)",12,7.798230171203613,6.737208366394043,0.25027263164520264,0.0010572966770268978,0.0010571479797363281,-1.4869729056963057e-07,0.00014065891759705993,-1.7016429901123047,-1.7005858421325684,True,0.024158693850040436,0,0.9998123827392121,40,40
theta2,T3,batch1_0_127,0,"theta2|batch1_0_127|0,4",0,4,"(0,4)",13,7.69288444519043,6.766242027282715,0.2519989013671875,0.0010388083477737382,0.001038670539855957,-1.3780791778116724e-07,0.00013267721812951244,-1.707219123840332,-1.706180453300476,True,0.02615869790315628,0,0.9998123827392121,40,40
theta2,T3,batch1_0_127,0,"theta2|batch1_0_127|0,4",0,4,"(0,4)",14,7.592795372009277,6.789814472198486,0.25420647859573364,0.001022043819190003,0.0010219812393188477,-6.257987115532507e-08,6.123387470109986e-05,-1.717651128768921,-1.716629147529602,True,0.02819056250154972,0,0.9998123827392121,40,40
theta2,T3,batch1_0_127,0,"theta2|batch1_0_127|0,4",0,4,"(0,4)",15,7.498650550842285,6.814427852630615,0.25605976581573486,0.0010078293717233463,0.0010077953338623047,-3.40378610416605e-08,3.377457693836783e-05,-1.7271925210952759,-1.7261847257614136,True,0.03025471791625023,0,0.9998123827392121,40,40
theta2,T3,batch1_0_127,0,"theta2|batch1_0_127|0,4",0,4,"(0,4)",16,7.401867389678955,6.8393659591674805,0.25862550735473633,0.0010001605839643163,0.001000046730041504,-1.1385392281238783e-07,0.00011384860266246026,-1.746355414390564,-1.7453553676605225,True,0.03235403075814247,0,0.9998123827392121,40,40
theta2,T3,batch1_0_127,0,"theta2|batch1_0_127|0,4",0,4,"(0,4)",17,7.301980018615723,6.865013122558594,0.26102104783058167,0.0009903582459373866,0.0009900331497192383,-3.250962181482707e-07,0.0003283690230377277,-1.7656620740890503,-1.764672040939331,True,0.03448500111699104,0,0.9998123827392121,40,40
theta2,T3,batch1_0_127,0,"theta2|batch1_0_127|0,4",0,4,"(0,4)",18,7.203736782073975,6.887173175811768,0.2635527551174164,0.0009827062832773663,0.0009826421737670898,-6.41095102764215e-08,6.524196903807735e-05,-1.785887360572815,-1.7849047183990479,True,0.03665081039071083,0,0.9998123827392121,40,40
theta2,T3,batch1_0_127,0,"theta2|batch1_0_127|0,4",0,4,"(0,4)",19,7.107997417449951,6.912481307983398,0.2669318616390228,0.0009765165644930676,0.0009762048721313477,-3.1169236171994883e-07,0.0003192899058569858,-1.8131335973739624,-1.812157392501831,True,0.03884933888912201,0,0.9998123827392121,40,40
theta2,T3,batch1_0_127,0,"theta2|batch1_0_127|0,4",0,4,"(0,4)",20,7.011405944824219,6.936009407043457,0.2699677050113678,0.0009728343774768291,0.000972747802734375,-8.657474245409458e-08,8.900019327798499e-05,-1.8396539688110352,-1.8386812210083008,True,0.0410798080265522,0,0.9998123827392121,40,40
theta2,T3,batch1_0_127,0,"theta2|batch1_0_127|0,4",0,4,"(0,4)",21,6.917041301727295,6.961339950561523,0.27338796854019165,0.0009654305917065359,0.0009648799896240234,-5.506020825124134e-07,0.0005706430731628727,-1.873684048652649,-1.872719168663025,True,0.04334111884236336,0,0.9998123827392121,40,40
theta2,T3,batch1_0_127,0,"theta2|batch1_0_127|0,4",0,4,"(0,4)",22,6.822287082672119,6.984103202819824,0.2771714925765991,0.0009679446084919619,0.000967860221862793,-8.438662916891455e-08,8.718885977822268e-05,-1.908586859703064,-1.9076189994812012,True,0.04563288763165474,0,0.9998123827392121,40,40
theta2,T3,batch1_0_127,0,"theta2|batch1_0_127|0,4",0,4,"(0,4)",23,6.727795124053955,7.0055131912231445,0.28093421459198,0.0009899037859140663,0.0009899139404296875,1.0154515621158683e-08,1.0257978200358465e-05,-1.9428824186325073,-1.9418925046920776,True,0.04795368015766144,0,0.9998123827392121,40,40
theta2,T3,batch1_0_127,0,"theta2|batch1_0_127|0,4",0,4,"(0,4)",24,6.632523059844971,7.027426719665527,0.28457415103912354,0.0009870165509346406,0.0009868144989013672,-2.0205203327345114e-07,0.0002047517882017321,-1.97670578956604,-1.9757189750671387,True,0.050304610282182693,0,0.9998123827392121,40,40
theta2,T3,batch1_0_127,0,"theta2|batch1_0_127|0,4",0,4,"(0,4)",25,6.538408279418945,7.047839164733887,0.2888134717941284,0.0009893205334956293,0.0009887218475341797,-5.986859614496264e-07,0.0006055150525324363,-2.0183539390563965,-2.0173652172088623,True,0.052683375775814056,0,0.9998123827392121,40,40
theta2,T3,batch1_0_127,0,"theta2|batch1_0_127|0,4",0,4,"(0,4)",26,6.4442901611328125,7.065659523010254,0.29305243492126465,0.0010011694217246258,0.0010004043579101562,-7.650638144695611e-07,0.0007647545799058479,-2.058598518371582,-2.057598114013672,True,0.05508846044540405,0,0.9998123827392121,40,40
theta2,T3,batch1_0_127,0,"theta2|batch1_0_127|0,4",0,4,"(0,4)",27,6.3489227294921875,7.083347797393799,0.29746076464653015,0.0010093105599007686,0.0010082721710205078,-1.0383888802607561e-06,0.00102986962261367,-2.1049883365631104,-2.10398006439209,True,0.05751855671405792,0,0.9998123827392121,40,40
theta2,T3,batch1_0_127,0,"theta2|batch1_0_127|0,4",0,4,"(0,4)",28,6.254640579223633,7.100331783294678,0.30187666416168213,0.0010235698608157691,0.0010230541229248047,-5.157378909644537e-07,0.0005041159401127411,-2.1498072147369385,-2.1487841606140137,True,0.05997295677661896,0,0.9998123827392121,40,40
theta2,T3,batch1_0_127,0,"theta2|batch1_0_127|0,4",0,4,"(0,4)",29,6.1636738777160645,7.122814655303955,0.3063507080078125,0.0010429360857451685,0.0010426044464111328,-3.316393340356983e-07,0.00031808739659347485,-2.1954188346862793,-2.194376230239868,True,0.06244780868291855,0,0.9998123827392121,40,40
theta2,T3,batch1_0_127,0,"theta2|batch1_0_127|0,4",0,4,"(0,4)",30,6.06956672668457,7.143082141876221,0.31104764342308044,0.0010580658906328608,0.0010581016540527344,3.576341987355028e-08,3.37996068114717e-05,-2.2451276779174805,-2.2440695762634277,True,0.06494136154651642,0,0.9998123827392121,40,40
theta2,T3,batch1_0_127,0,"theta2|batch1_0_127|0,4",0,4,"(0,4)",31,5.977699279785156,7.163148880004883,0.3157211244106293,0.0010689607606618665,0.0010683536529541016,-6.071077077649239e-07,0.0005682647371366327,-2.2953503131866455,-2.2942819595336914,True,0.06745386868715286,0,0.9998123827392121,40,40
theta2,T3,batch1_0_127,0,"theta2|batch1_0_127|0,4",0,4,"(0,4)",32,5.887948513031006,7.182572364807129,0.320340096950531,0.00107740347030267,0.0010766983032226562,-7.051670800138198e-07,0.000654934699816272,-2.3458852767944336,-2.344808578491211,True,0.06998343765735626,0,0.9998123827392121,40,40
theta2,T3,batch1_0_127,0,"theta2|batch1_0_127|0,4",0,4,"(0,4)",33,5.795753479003906,7.202945232391357,0.3254408836364746,0.0010922341518016766,0.0010914802551269531,-7.538966747234425e-07,0.0006907103185625238,-2.4035627841949463,-2.4024713039398193,True,0.07252700626850128,0,0.9998123827392121,40,40
theta2,T3,batch1_0_127,0,"theta2|batch1_0_127|0,4",0,4,"(0,4)",34,5.706083297729492,7.222646236419678,0.330495148897171,0.0010974311330355705,0.001096963882446289,-4.672505892814021e-07,0.00042594892754299976,-2.4644792079925537,-2.4633822441101074,True,0.07508202642202377,0,0.9998123827392121,40,40
theta2,T3,batch1_0_127,0,"theta2|batch1_0_127|0,4",0,4,"(0,4)",35,5.617023468017578,7.243459701538086,0.335710346698761,0.0010873150932784483,0.0010864734649658203,-8.416283126279605e-07,0.0007746423081344536,-2.5290558338165283,-2.5279693603515625,True,0.07764602452516556,0,0.9998123827392121,40,40
theta2,T3,batch1_0_127,0,"theta2|batch1_0_127|0,4",0,4,"(0,4)",36,5.527650833129883,7.267070293426514,0.3416058123111725,0.0010756596803694265,0.0010752677917480469,-3.9188862137958143e-07,0.0003644567654560674,-2.6010375022888184,-2.5999622344970703,True,0.0802164077758789,0,0.9998123827392121,40,40
theta2,T3,batch1_0_127,0,"theta2|batch1_0_127|0,4",0,4,"(0,4)",37,5.439666748046875,7.2894978523254395,0.34715214371681213,0.001057251988346252,0.001056671142578125,-5.808457681269995e-07,0.0005496939820934446,-2.673044204711914,-2.671987533569336,True,0.0827905535697937,0,0.9998123827392121,40,40
theta2,T3,batch1_0_127,0,"theta2|batch1_0_127|0,4",0,4,"(0,4)",38,5.3551483154296875,7.311991214752197,0.3522030711174011,0.0010354693516237603,0.0010347366333007812,-7.327183229790396e-07,0.0007081205974525986,-2.7383744716644287,-2.737339735031128,True,0.08536495268344879,0,0.9998123827392121,40,40
theta2,T3,batch1_0_127,0,"theta2|batch1_0_127|0,4",0,4,"(0,4)",39,5.269863605499268,7.3332977294921875,0.35764583945274353,0.0010032720408053137,0.0010027885437011719,-4.834971041418282e-07,0.000482152600544576,-2.809709072113037,-2.808706283569336,True,0.08793813735246658,0,0.9998123827392121,40,40
theta2,T3,batch1_0_127,0,"theta2|batch1_0_127|0,5",0,5,"(0,5)",0,9.033990859985352,6.752513885498047,0.11740953475236893,0.0004970123489620164,0.0004968643188476562,-1.480301143601693e-07,0.0002979286472079249,-0.866107702255249,-0.8656108379364014,True,0.0018502183957025409,0,0.9999530945847442,40,40
theta2,T3,batch1_0_127,0,"theta2|batch1_0_127|0,5",0,5,"(0,5)",1,8.887086868286133,6.741633892059326,0.11728691309690475,0.0004679733462398872,0.0004679560661315918,-1.7280108295387574e-08,3.6926774853535744e-05,-0.842756986618042,-0.8422890305519104,True,0.003696286352351308,0,0.9999530945847442,40,40
theta2,T3,batch1_0_127,0,"theta2|batch1_0_127|0,5",0,5,"(0,5)",2,8.736515045166016,6.731557846069336,0.11752516031265259,0.00044239333539735525,0.00044226646423339844,-1.2687116395681446e-07,0.0002868658924359691,-0.8190666437149048,-0.8186243772506714,True,0.005538628902286291,0,0.9999530945847442,40,40
theta2,T3,batch1_0_127,0,"theta2|batch1_0_127|0,5",0,5,"(0,5)",3,8.58541202545166,6.721449851989746,0.11814272403717041,0.00042141589289531114,0.00042134523391723633,-7.06589780748168e-08,0.0001676985340925825,-0.7957849502563477,-0.7953636050224304,True,0.007376496214419603,0,0.9999530945847442,40,40
theta2,T3,batch1_0_127,0,"theta2|batch1_0_127|0,5",0,5,"(0,5)",4,8.436897277832031,6.714083194732666,0.11845895648002625,0.00040263484895695,0.00040274858474731445,1.1373579036444512e-07,0.0002823989820741475,-0.7732940316200256,-0.7728912830352783,True,0.009208823554217815,0,0.9999530945847442,40,40
theta2,T3,batch1_0_127,0,"theta2|batch1_0_127|0,5",0,5,"(0,5)",5,8.289239883422852,6.706672668457031,0.11966192722320557,0.0003906323694973253,0.00039064884185791016,1.6472360584872305e-08,4.21666694480148e-05,-0.7535930871963501,-0.7532024383544922,True,0.011038552038371563,0,0.9999530945847442,40,40
theta2,T3,batch1_0_127,0,"theta2|batch1_0_127|0,5",0,5,"(0,5)",6,8.138541221618652,6.6990203857421875,0.12175161391496658,0.000384867969842162,0.0003848075866699219,-6.038317224010825e-08,0.00015691783200704772,-0.7374561429023743,-0.7370713353157043,True,0.01286337710916996,0,0.9999530945847442,40,40
theta2,T3,batch1_0_127,0,"theta2|batch1_0_127|0,5",0,5,"(0,5)",7,7.990004539489746,6.696444988250732,0.12376933544874191,0.00038487378583522517,0.0003848075866699219,-6.619916530329088e-08,0.00017203186110796416,-0.7221372723579407,-0.7217524647712708,True,0.014686260372400284,0,0.9999530945847442,40,40
theta2,T3,batch1_0_127,0,"theta2|batch1_0_127|0,5",0,5,"(0,5)",8,7.844696044921875,6.686119556427002,0.12681132555007935,0.00038906074460828675,0.0003890395164489746,-2.1228159312141042e-08,5.456556060398371e-05,-0.7085692882537842,-0.7081802487373352,True,0.016507552936673164,0,0.9999530945847442,40,40
theta2,T3,batch1_0_127,0,"theta2|batch1_0_127|0,5",0,5,"(0,5)",9,7.697310924530029,6.684173583984375,0.1303037703037262,0.0003993198507232592,0.0003992915153503418,-2.8335372917378393e-08,7.09641247761468e-05,-0.6963295340538025,-0.6959302425384521,True,0.018330149352550507,0,0.9999530945847442,40,40
theta2,T3,batch1_0_127,0,"theta2|batch1_0_127|0,5",0,5,"(0,5)",10,7.555017948150635,6.684484481811523,0.13388317823410034,0.0004136060904711485,0.00041353702545166016,-6.906501948833075e-08,0.00016701048573074872,-0.6834143996238708,-0.6830008625984192,True,0.02015833370387554,0,0.9999530945847442,40,40
theta2,T3,batch1_0_127,0,"theta2|batch1_0_127|0,5",0,5,"(0,5)",11,7.4139604568481445,6.68674898147583,0.13846945762634277,0.0004327765244233888,0.00043272972106933594,-4.6803354052842375e-08,0.00010815839951363801,-0.6746323108673096,-0.6741995811462402,True,0.021993322297930717,0,0.9999530945847442,40,40
theta2,T3,batch1_0_127,0,"theta2|batch1_0_127|0,5",0,5,"(0,5)",12,7.272937774658203,6.682467460632324,0.14393344521522522,0.00045799048960907385,0.00045800209045410156,1.1600845027713667e-08,2.5329240345194973e-05,-0.665564239025116,-0.6651062369346619,True,0.02383720874786377,0,0.9999530945847442,40,40
theta2,T3,batch1_0_127,0,"theta2|batch1_0_127|0,5",0,5,"(0,5)",13,7.132478713989258,6.667299747467041,0.1496480405330658,0.000485818747227313,0.0004857778549194336,-4.089230787942015e-08,8.417902847012684e-05,-0.6585848331451416,-0.6580990552902222,True,0.025691350921988487,0,0.9999530945847442,40,40
theta2,T3,batch1_0_127,0,"theta2|batch1_0_127|0,5",0,5,"(0,5)",14,6.994936943054199,6.653491497039795,0.15609200298786163,0.0005213313219719567,0.0005213022232055664,-2.909876639027153e-08,5.581937903763157e-05,-0.6477776765823364,-0.6472563743591309,True,0.02755914255976677,0,0.9999530945847442,40,40
theta2,T3,batch1_0_127,0,"theta2|batch1_0_127|0,5",0,5,"(0,5)",15,6.859640121459961,6.641613006591797,0.1635092794895172,0.0005622458150028252,0.0005622506141662598,4.799163434601565e-09,8.53563039983169e-06,-0.6392492055892944,-0.6386869549751282,True,0.029439684003591537,0,0.9999530945847442,40,40
theta2,T3,batch1_0_127,0,"theta2|batch1_0_127|0,5",0,5,"(0,5)",16,6.725152492523193,6.622743129730225,0.17158696055412292,0.0006067874920117902,0.0006067752838134766,-1.2208198313596111e-08,2.0119801579375018e-05,-0.6307779550552368,-0.6301711797714233,True,0.031336184591054916,0,0.9999530945847442,40,40
theta2,T3,batch1_0_127,0,"theta2|batch1_0_127|0,5",0,5,"(0,5)",17,6.591418266296387,6.597894668579102,0.18062137067317963,0.0006559792103653308,0.0006560683250427246,8.911467739376646e-08,0.00013583139742032679,-0.6207430362701416,-0.6200869679450989,True,0.03324858471751213,0,0.9999530945847442,40,40
theta2,T3,batch1_0_127,0,"theta2|batch1_0_127|0,5",0,5,"(0,5)",18,6.462446689605713,6.5728888511657715,0.1899442970752716,0.0007108266525028739,0.0007107257843017578,-1.0086820111609128e-07,0.0001419228109406327,-0.6096976399421692,-0.6089869141578674,True,0.035178620368242264,0,0.9999530945847442,40,40
theta2,T3,batch1_0_127,0,"theta2|batch1_0_127|0,5",0,5,"(0,5)",19,6.331577301025391,6.545966625213623,0.19973808526992798,0.0007700790609960677,0.0007700920104980469,1.2949501979183861e-08,1.6815525680897457e-05,-0.6010115742683411,-0.600241482257843,True,0.03712645545601845,0,0.9999530945847442,40,40
theta2,T3,batch1_0_127,0,"theta2|batch1_0_127|0,5",0,5,"(0,5)",20,6.208632469177246,6.5162529945373535,0.21028906106948853,0.0008364889940712601,0.0008364319801330566,-5.701393820348611e-08,6.816326916913977e-05,-0.5978654026985168,-0.5970289707183838,True,0.03908921405673027,0,0.9999530945847442,40,40
theta2,T3,batch1_0_127,0,"theta2|batch1_0_127|0,5",0,5,"(0,5)",21,6.083743095397949,6.485291957855225,0.2210603803396225,0.0009051664165453985,0.000905156135559082,-1.0280986316511635e-08,1.1358246287709738e-05,-0.5941217541694641,-0.593216598033905,True,0.04106492921710014,0,0.9999530945847442,40,40
theta2,T3,batch1_0_127,0,"theta2|batch1_0_127|0,5",0,5,"(0,5)",22,5.962985038757324,6.454651355743408,0.23193691670894623,0.000978410400712164,0.000978231430053711,-1.7897065845312067e-07,0.00018295328994212963,-0.5897040963172913,-0.5887258648872375,True,0.04305213317275047,0,0.9999530945847442,40,40
theta2,T3,batch1_0_127,0,"theta2|batch1_0_127|0,5",0,5,"(0,5)",23,5.842430114746094,6.422391891479492,0.2432200312614441,0.0010533987207709287,0.0010535120964050293,1.1337563410058343e-07,0.00010761683182135525,-0.588329553604126,-0.587276041507721,True,0.04504873603582382,0,0.9999530945847442,40,40
theta2,T3,batch1_0_127,0,"theta2|batch1_0_127|0,5",0,5,"(0,5)",24,5.727873802185059,6.386810302734375,0.2541714906692505,0.001125858207255078,0.0011257529258728027,-1.0528138227536288e-07,9.352086044434449e-05,-0.5886346697807312,-0.5875089168548584,True,0.04705159738659859,0,0.9999530945847442,40,40
theta2,T3,batch1_0_127,0,"theta2|batch1_0_127|0,5",0,5,"(0,5)",25,5.613033771514893,6.356143951416016,0.2646230161190033,0.0011953253277206387,0.0011952519416809082,-7.33860397305209e-08,6.139796738360998e-05,-0.5892027020454407,-0.5880074501037598,True,0.04905623197555542,0,0.9999530945847442,40,40
theta2,T3,batch1_0_127,0,"theta2|batch1_0_127|0,5",0,5,"(0,5)",26,5.500776290893555,6.3220343589782715,0.2756637632846832,0.0012662127230250917,0.0012661218643188477,-9.085870624403122e-08,7.176142265966766e-05,-0.5896973013877869,-0.588431179523468,True,0.051058635115623474,0,0.9999530945847442,40,40
theta2,T3,batch1_0_127,0,"theta2|batch1_0_127|0,5",0,5,"(0,5)",27,5.391329288482666,6.2873663902282715,0.2864707410335541,0.0013348663351716824,0.001334846019744873,-2.0315426809336054e-08,1.5219303581711176e-05,-0.5914421081542969,-0.590107262134552,True,0.053054776042699814,0,0.9999530945847442,40,40
theta2,T3,batch1_0_127,0,"theta2|batch1_0_127|0,5",0,5,"(0,5)",28,5.287437915802002,6.2525835037231445,0.2974027395248413,0.0013986655103162776,0.001398622989654541,-4.252066173660897e-08,3.0401803810697798e-05,-0.5936821103096008,-0.5922834873199463,True,0.05504247918725014,0,0.9999530945847442,40,40
theta2,T3,batch1_0_127,0,"theta2|batch1_0_127|0,5",0,5,"(0,5)",29,5.185909271240234,6.2159881591796875,0.3081338107585907,0.0014648383865951474,0.00146484375,5.363404852621462e-09,3.6614177127229177e-06,-0.5930548906326294,-0.5915900468826294,True,0.057016994804143906,0,0.9999530945847442,40,40
theta2,T3,batch1_0_127,0,"theta2|batch1_0_127|0,5",0,5,"(0,5)",30,5.087556838989258,6.1786065101623535,0.3184799253940582,0.0015209366473791306,0.0015209317207336426,-4.926645488052481e-09,3.2392285734405254e-06,-0.5909828543663025,-0.5894619226455688,True,0.058975085616111755,0,0.9999530945847442,40,40
theta2,T3,batch1_0_127,0,"theta2|batch1_0_127|0,5",0,5,"(0,5)",31,4.990656852722168,6.142078876495361,0.3288499712944031,0.0015685051115306124,0.0015684962272644043,-8.884266208125657e-09,5.664193546464948e-06,-0.5890101194381714,-0.587441623210907,True,0.06091439723968506,0,0.9999530945847442,40,40
theta2,T3,batch1_0_127,0,"theta2|batch1_0_127|0,5",0,5,"(0,5)",32,4.899256229400635,6.106796741485596,0.3394835889339447,0.0016195641680660628,0.0016195178031921387,-4.636487392411723e-08,2.8628813979525314e-05,-0.5912971496582031,-0.589677631855011,True,0.06282997131347656,0,0.9999530945847442,40,40
theta2,T3,batch1_0_127,0,"theta2|batch1_0_127|0,5",0,5,"(0,5)",33,4.809345722198486,6.06578254699707,0.3497043251991272,0.001660620532644316,0.0016605854034423828,-3.512920193323235e-08,2.115470957435236e-05,-0.5908092856407166,-0.5891487002372742,True,0.06471971422433853,0,0.9999530945847442,40,40
theta2,T3,batch1_0_127,0,"theta2|batch1_0_127|0,5",0,5,"(0,5)",34,4.724462509155273,6.031445503234863,0.3597121238708496,0.001694901885665786,0.0016948580741882324,-4.38114775534737e-08,2.584964382605169e-05,-0.5890381336212158,-0.5873432755470276,True,0.06658056378364563,0,0.9999530945847442,40,40
theta2,T3,batch1_0_127,0,"theta2|batch1_0_127|0,5",0,5,"(0,5)",35,4.644396781921387,5.990614891052246,0.36971575021743774,0.0017145655877511673,0.0017145872116088867,2.1623857719395637e-08,1.2611698940122643e-05,-0.5900846123695374,-0.5883700251579285,True,0.06840980798006058,0,0.9999530945847442,40,40
theta2,T3,batch1_0_127,0,"theta2|batch1_0_127|0,5",0,5,"(0,5)",36,4.568342685699463,5.956920623779297,0.37901097536087036,0.001726031499453711,0.0017258524894714355,-1.7900998227553082e-07,0.00010372264337049739,-0.5911497473716736,-0.5894238948822021,True,0.07020688056945801,0,0.9999530945847442,40,40
theta2,T3,batch1_0_127,0,"theta2|batch1_0_127|0,5",0,5,"(0,5)",37,4.497114181518555,5.926864147186279,0.3877078890800476,0.0017303997315848392,0.0017303824424743652,-1.7289110474001668e-08,9.991496705941524e-06,-0.5917287468910217,-0.5899983644485474,True,0.07197137922048569,0,0.9999530945847442,40,40
theta2,T3,batch1_0_127,0,"theta2|batch1_0_127|0,5",0,5,"(0,5)",38,4.428401947021484,5.900116920471191,0.395518958568573,0.0017223974588323472,0.0017223954200744629,-2.0387578843032717e-09,1.1836758624306674e-06,-0.5903065204620361,-0.5885841250419617,True,0.07370185106992722,0,0.9999530945847442,40,40
theta2,T3,batch1_0_127,0,"theta2|batch1_0_127|0,5",0,5,"(0,5)",39,4.3639373779296875,5.874924182891846,0.40310031175613403,0.0017097640173706168,0.0017096400260925293,-1.239912780874857e-07,7.252478661889673e-05,-0.5896148681640625,-0.58790522813797,True,0.07539767771959305,0,0.9999530945847442,40,40
theta2,T3,batch1_0_127,0,"theta2|batch1_0_127|0,6",0,6,"(0,6)",0,9.18718147277832,6.752513885498047,0.4294971525669098,0.002540491208201274,0.002540111541748047,-3.7966645322724465e-07,0.00014946841781836355,-2.7497994899749756,-2.7472593784332275,True,0.0018921839073300362,0,1.0,40,40
theta2,T3,batch1_0_127,0,"theta2|batch1_0_127|0,6",0,6,"(0,6)",1,9.043156623840332,6.717763423919678,0.42178428173065186,0.002443871493102051,0.0024437904357910156,-8.105731103555738e-08,3.316868330787146e-05,-2.664856433868408,-2.662412643432617,True,0.003797218669205904,0,1.0,40,40
theta2,T3,batch1_0_127,0,"theta2|batch1_0_127|0,6",0,6,"(0,6)",2,8.895014762878418,6.687856674194336,0.414825975894928,0.0023654892682097852,0.002364635467529297,-8.538006804883688e-07,0.0003610707410138221,-2.589292526245117,-2.586927890777588,True,0.005719528067857027,0,1.0,40,40
theta2,T3,batch1_0_127,0,"theta2|batch1_0_127|0,6",0,6,"(0,6)",3,8.74764633178711,6.665282249450684,0.40804845094680786,0.0022938470778753983,0.002293109893798828,-7.371840765701791e-07,0.0003214778666141202,-2.5178062915802,-2.5155131816864014,True,0.007660241331905127,0,1.0,40,40
theta2,T3,batch1_0_127,0,"theta2|batch1_0_127|0,6",0,6,"(0,6)",4,8.602373123168945,6.643430233001709,0.40057262778282166,0.002220783649594523,0.0022203922271728516,-3.9142242167162014e-07,0.00017628526027133718,-2.4429421424865723,-2.4407217502593994,True,0.009620524942874908,0,1.0,40,40
theta2,T3,batch1_0_127,0,"theta2|batch1_0_127|0,6",0,6,"(0,6)",5,8.453264236450195,6.627721309661865,0.3940974771976471,0.0021653623644961044,0.0021653175354003906,-4.482909571378382e-08,2.070324327997207e-05,-2.3797848224639893,-2.377619504928589,True,0.011604068800807,0,1.0,40,40
theta2,T3,batch1_0_127,0,"theta2|batch1_0_127|0,6",0,6,"(0,6)",6,8.305811882019043,6.618239879608154,0.38753795623779297,0.002105255437549204,0.0021049976348876953,-2.578026615084744e-07,0.0001224717107685627,-2.3200671672821045,-2.317962169647217,True,0.013612382113933563,0,1.0,40,40
theta2,T3,batch1_0_127,0,"theta2|batch1_0_127|0,6",0,6,"(0,6)",7,8.157772064208984,6.614792823791504,0.38154828548431396,0.002055098155804444,0.0020546913146972656,-4.068411071783684e-07,0.00019800595070812942,-2.2673075199127197,-2.2652528285980225,True,0.01564914733171463,0,1.0,40,40
theta2,T3,batch1_0_127,0,"theta2|batch1_0_127|0,6",0,6,"(0,6)",8,8.012113571166992,6.606799125671387,0.37644147872924805,0.0020007476395112462,0.0020003318786621094,-4.157608491368696e-07,0.00020784593475305945,-2.2224338054656982,-2.220433473587036,True,0.01771598681807518,0,1.0,40,40
theta2,T3,batch1_0_127,0,"theta2|batch1_0_127|0,6",0,6,"(0,6)",9,7.868069648742676,6.612773895263672,0.3713218569755554,0.0019487415137700737,0.0019485950469970703,-1.4646677300340916e-07,7.516532140894299e-05,-2.1847596168518066,-2.1828110218048096,True,0.019817518070340157,0,1.0,40,40
theta2,T3,batch1_0_127,0,"theta2|batch1_0_127|0,6",0,6,"(0,6)",10,7.725293159484863,6.6196699142456055,0.36698776483535767,0.001888021285791183,0.0018877983093261719,-2.229764650110884e-07,0.00011811455911870019,-2.155697822570801,-2.1538100242614746,True,0.02195604331791401,0,1.0,40,40
theta2,T3,batch1_0_127,0,"theta2|batch1_0_127|0,6",0,6,"(0,6)",11,7.585395812988281,6.630802154541016,0.36369431018829346,0.0018243620801367798,0.0018241405487060547,-2.215314307250655e-07,0.00012144427735143969,-2.1398565769195557,-2.1380324363708496,True,0.024133916944265366,0,1.0,40,40
theta2,T3,batch1_0_127,0,"theta2|batch1_0_127|0,6",0,6,"(0,6)",12,7.447544097900391,6.6454596519470215,0.36047303676605225,0.0017504155567585257,0.0017502307891845703,-1.8476757395542893e-07,0.00010556754863255025,-2.127749443054199,-2.1259992122650146,True,0.02635452151298523,0,1.0,40,40
theta2,T3,batch1_0_127,0,"theta2|batch1_0_127|0,6",0,6,"(0,6)",13,7.308479309082031,6.657874584197998,0.3582194447517395,0.0016613915101625026,0.001661062240600586,-3.2926956191670943e-07,0.00019822831069692866,-2.1247479915618896,-2.123086929321289,True,0.02862047776579857,0,1.0,40,40
theta2,T3,batch1_0_127,0,"theta2|batch1_0_127|0,6",0,6,"(0,6)",14,7.173096656799316,6.683689594268799,0.3566574156284332,0.001559958347621432,0.0015597343444824219,-2.2400313901015968e-07,0.00014361621246757395,-2.134955406188965,-2.1333956718444824,True,0.030935892835259438,0,1.0,40,40
theta2,T3,batch1_0_127,0,"theta2|batch1_0_127|0,6",0,6,"(0,6)",15,7.042904853820801,6.710775375366211,0.3557405471801758,0.001441637883996009,0.0014414787292480469,-1.5915474796206718e-07,0.00011041075024748432,-2.1554150581359863,-2.1539735794067383,True,0.03330382704734802,0,1.0,40,40
theta2,T3,batch1_0_127,0,"theta2|batch1_0_127|0,6",0,6,"(0,6)",16,6.916189193725586,6.743922233581543,0.35580143332481384,0.0013189776664221428,0.0013189315795898438,-4.608683229902037e-08,3.494254972145885e-05,-2.187893867492676,-2.186574935913086,True,0.03572969138622284,0,1.0,40,40
theta2,T3,batch1_0_127,0,"theta2|batch1_0_127|0,6",0,6,"(0,6)",17,6.792245864868164,6.779196262359619,0.3561287522315979,0.0011747175612545108,0.0011744499206542969,-2.6764060021390937e-07,0.00022788591961827058,-2.2292118072509766,-2.2280373573303223,True,0.0382142998278141,0,1.0,40,40
theta2,T3,batch1_0_127,0,"theta2|batch1_0_127|0,6",0,6,"(0,6)",18,6.668306827545166,6.816420078277588,0.3568218946456909,0.0010018024075361608,0.001001596450805664,-2.059567304967761e-07,0.000205628454784468,-2.274751901626587,-2.2737503051757812,True,0.04075665771961212,0,1.0,40,40
theta2,T3,batch1_0_127,0,"theta2|batch1_0_127|0,6",0,6,"(0,6)",19,6.546262741088867,6.8599958419799805,0.35776999592781067,0.0008130323966361175,0.0008127689361572266,-2.6346047889093307e-07,0.00032415175724674573,-2.331432580947876,-2.3306198120117188,True,0.04335687682032585,0,1.0,40,40
theta2,T3,batch1_0_127,0,"theta2|batch1_0_127|0,6",0,6,"(0,6)",20,6.426398277282715,6.903400421142578,0.360199898481369,0.0006121559890034405,0.0006120204925537109,-1.3549644972959008e-07,0.00022139201444745563,-2.403362512588501,-2.4027504920959473,True,0.0460137277841568,0,1.0,40,40
theta2,T3,batch1_0_127,0,"theta2|batch1_0_127|0,6",0,6,"(0,6)",21,6.308609962463379,6.954423904418945,0.36240354180336,0.00038983722906459664,0.0003895759582519531,-2.612708126435129e-07,0.0006706543540721767,-2.4792535305023193,-2.4788639545440674,True,0.048725247383117676,0,1.0,40,40
theta2,T3,batch1_0_127,0,"theta2|batch1_0_127|0,6",0,6,"(0,6)",22,6.193446636199951,7.002229690551758,0.36576616764068604,0.0001668131645910762,0.00016617774963378906,-6.354149572871423e-07,0.0038237065954222237,-2.5671205520629883,-2.5669543743133545,True,0.05148940533399582,0,1.0,40,40
theta2,T3,batch1_0_127,0,"theta2|batch1_0_127|0,6",0,6,"(0,6)",23,6.081389427185059,7.055290699005127,0.3705064058303833,-6.0117816603451506e-05,-6.0558319091796875e-05,-4.405024883453692e-07,0.007274021058570611,-2.673112154006958,-2.67317271232605,False,0.054303690791130066,0,1.0,40,40
theta2,T3,batch1_0_127,0,"theta2|batch1_0_127|0,6",0,6,"(0,6)",24,5.971503257751465,7.110681533813477,0.37421098351478577,-0.0002958982284853846,-0.0002963542938232422,-4.560653378575985e-07,0.0015389192846641006,-2.769681692123413,-2.7699780464172363,False,0.057161763310432434,0,1.0,40,40
theta2,T3,batch1_0_127,0,"theta2|batch1_0_127|0,6",0,6,"(0,6)",25,5.865529537200928,7.1678009033203125,0.37827178835868835,-0.0005285110372142299,-0.0005288124084472656,-3.013712330357087e-07,0.0005699019694348986,-2.873850107192993,-2.8743789196014404,False,0.060059841722249985,0,1.0,40,40
theta2,T3,batch1_0_127,0,"theta2|batch1_0_127|0,6",0,6,"(0,6)",26,5.762449264526367,7.225179195404053,0.38206377625465393,-0.0007706117839825311,-0.0007717609405517578,-1.1491565692267527e-06,0.0014890058680673605,-2.9768269062042236,-2.9775986671447754,False,0.0629935935139656,0,1.0,40,40
theta2,T3,batch1_0_127,0,"theta2|batch1_0_127|0,6",0,6,"(0,6)",27,5.661406517028809,7.282600402832031,0.3855413794517517,-0.0009998370847406478,-0.0010008811950683594,-1.0441103277115515e-06,0.0010431910728827707,-3.078917980194092,-3.07991886138916,False,0.06595767289400101,0,1.0,40,40
theta2,T3,batch1_0_127,0,"theta2|batch1_0_127|0,6",0,6,"(0,6)",28,5.562253952026367,7.3438544273376465,0.3893810212612152,-0.0012235588767061927,-0.0012238025665283203,-2.436898221276195e-07,0.00019912511118432943,-3.18782114982605,-3.189044952392578,False,0.06894665211439133,0,1.0,40,40
theta2,T3,batch1_0_127,0,"theta2|batch1_0_127|0,6",0,6,"(0,6)",29,5.466186046600342,7.404688835144043,0.39290735125541687,-0.0014425480795807744,-0.0014438629150390625,-1.3148354582881439e-06,0.0009106373220012871,-3.2937824726104736,-3.2952263355255127,False,0.07195550203323364,0,1.0,40,40
theta2,T3,batch1_0_127,0,"theta2|batch1_0_127|0,6",0,6,"(0,6)",30,5.374886512756348,7.466856002807617,0.39634969830513,-0.0016656553720504235,-0.001667022705078125,-1.367333027701501e-06,0.0008202245977432088,-3.402637481689453,-3.4043045043945312,False,0.07497807592153549,0,1.0,40,40
theta2,T3,batch1_0_127,0,"theta2|batch1_0_127|0,6",0,6,"(0,6)",31,5.28248405456543,7.531536102294922,0.3993483781814575,-0.0018812194407819335,-0.001882314682006836,-1.0952412249024684e-06,0.0005818587271150504,-3.509570837020874,-3.511453151702881,False,0.07800926268100739,0,1.0,40,40
theta2,T3,batch1_0_127,0,"theta2|batch1_0_127|0,6",0,6,"(0,6)",32,5.194018363952637,7.594991207122803,0.402590811252594,-0.002072189482594013,-0.002072572708129883,-3.8322553586999514e-07,0.00018490330127708088,-3.617630958557129,-3.619703531265259,False,0.0810445100069046,0,1.0,40,40
theta2,T3,batch1_0_127,0,"theta2|batch1_0_127|0,6",0,6,"(0,6)",33,5.1071906089782715,7.660318851470947,0.4064992368221283,-0.0022860087615513293,-0.0022869110107421875,-9.022491908581599e-07,0.0003945274593633386,-3.7360637187957764,-3.7383506298065186,False,0.0840778723359108,0,1.0,40,40
theta2,T3,batch1_0_127,0,"theta2|batch1_0_127|0,6",0,6,"(0,6)",34,5.02780818939209,7.7271952629089355,0.41093721985816956,-0.0024962420265540004,-0.0024971961975097656,-9.54170955765228e-07,0.00038209691201545915,-3.8627817630767822,-3.865278959274292,False,0.08710289746522903,0,1.0,40,40
theta2,T3,batch1_0_127,0,"theta2|batch1_0_127|0,6",0,6,"(0,6)",35,4.947690963745117,7.793035507202148,0.41470035910606384,-0.0026972381737487014,-0.002698183059692383,-9.448859436813825e-07,0.00035019341637594745,-3.9831478595733643,-3.9858460426330566,False,0.0901162400841713,0,1.0,40,40
theta2,T3,batch1_0_127,0,"theta2|batch1_0_127|0,6",0,6,"(0,6)",36,4.868725299835205,7.858392715454102,0.41835811734199524,-0.002877062589247771,-0.0028777122497558594,-6.496605080884635e-07,0.0002257558962483409,-4.101692199707031,-4.104569911956787,False,0.09311255812644958,0,1.0,40,40
theta2,T3,batch1_0_127,0,"theta2|batch1_0_127|0,6",0,6,"(0,6)",37,4.791627883911133,7.92643928527832,0.4223291873931885,-0.0030595289142866023,-0.0030608177185058594,-1.288804219257058e-06,0.0004210653288710668,-4.2244977951049805,-4.227558612823486,False,0.09608712047338486,0,1.0,40,40
theta2,T3,batch1_0_127,0,"theta2|batch1_0_127|0,6",0,6,"(0,6)",38,4.718459606170654,7.9942193031311035,0.42642080783843994,-0.0032304027629033952,-0.0032320022583007812,-1.5994953973860054e-06,0.0004948930321066474,-4.3481764793396,-4.3514084815979,False,0.09903521835803986,0,1.0,40,40
theta2,T3,batch1_0_127,0,"theta2|batch1_0_127|0,6",0,6,"(0,6)",39,4.646651268005371,8.059992790222168,0.42993080615997314,-0.003368367677391461,-0.0033698081970214844,-1.4405196300231599e-06,0.00042747822600004666,-4.463530540466309,-4.46690034866333,False,0.10195311903953552,0,1.0,40,40
theta2,T3,batch1_0_127,0,"theta2|batch1_0_127|0,7",0,7,"(0,7)",0,9.147239685058594,6.752513885498047,0.2515484392642975,0.0014087966072838755,0.0014088153839111328,1.8776627257362233e-08,1.3327954444417573e-05,-1.8592010736465454,-1.8577922582626343,True,0.0018583768978714943,1,1.0,40,40
theta2,T3,batch1_0_127,0,"theta2|batch1_0_127|0,7",0,7,"(0,7)",1,9.012757301330566,6.751000881195068,0.24987012147903442,0.0013508693284820766,0.0013507604598999023,-1.0886858217424959e-07,8.059799306112148e-05,-1.8270041942596436,-1.8256534337997437,True,0.0037146296817809343,1,1.0,40,40
theta2,T3,batch1_0_127,0,"theta2|batch1_0_127|0,7",0,7,"(0,7)",2,8.879283905029297,6.755693435668945,0.24818643927574158,0.001298578096088022,0.0012983083724975586,-2.6972359046337907e-07,0.00020775002008537556,-1.796277642250061,-1.7949793338775635,True,0.005570052191615105,1,1.0,40,40
theta2,T3,batch1_0_127,0,"theta2|batch1_0_127|0,7",0,7,"(0,7)",3,8.746541976928711,6.764618873596191,0.24727925658226013,0.0012517744736978784,0.0012514591217041016,-3.1535199377687173e-07,0.00025198745073467486,-1.7705566883087158,-1.7693052291870117,True,0.0074254958890378475,1,1.0,40,40
theta2,T3,batch1_0_127,0,"theta2|batch1_0_127|0,7",0,7,"(0,7)",4,8.615501403808594,6.777951240539551,0.24671563506126404,0.0012085066497093068,0.0012080669403076172,-4.397094016895999e-07,0.00036397767956271873,-1.7488981485366821,-1.7476900815963745,True,0.009281201288104057,1,1.0,40,40
theta2,T3,batch1_0_127,0,"theta2|batch1_0_127|0,7",0,7,"(0,7)",5,8.483479499816895,6.798023700714111,0.24682550132274628,0.001175217651994899,0.0011752843856811523,6.673368625341632e-08,5.678088390048667e-05,-1.7340530157089233,-1.7328777313232422,True,0.011139006353914738,1,1.0,40,40
theta2,T3,batch1_0_127,0,"theta2|batch1_0_127|0,7",0,7,"(0,7)",6,8.358085632324219,6.819965839385986,0.24780090153217316,0.0011452462722081691,0.0011452436447143555,-2.6274938136686132e-09,2.2942662251786236e-06,-1.7253350019454956,-1.7241897583007812,True,0.013000545091927052,1,1.0,40,40
theta2,T3,batch1_0_127,0,"theta2|batch1_0_127|0,7",0,7,"(0,7)",7,8.233816146850586,6.847704887390137,0.2490200400352478,0.0011191993536194787,0.001118779182434082,-4.2017118539669496e-07,0.00037556221280641433,-1.7205066680908203,-1.7193878889083862,True,0.01486548688262701,1,1.0,40,40
theta2,T3,batch1_0_127,0,"theta2|batch1_0_127|0,7",0,7,"(0,7)",8,8.103900909423828,6.877851963043213,0.25096604228019714,0.0011009001125348733,0.0011005401611328125,-3.5995140206077254e-07,0.000327067938793134,-1.7204071283340454,-1.7193065881729126,True,0.016737794503569603,1,1.0,40,40
theta2,T3,batch1_0_127,0,"theta2|batch1_0_127|0,7",0,7,"(0,7)",9,7.9737229347229,6.914729118347168,0.2536819279193878,0.0010860028530587443,0.0010863542556762695,3.514026175252538e-07,0.0003234696377255881,-1.7299327850341797,-1.7288464307785034,True,0.018618976697325706,1,1.0,40,40
theta2,T3,batch1_0_127,0,"theta2|batch1_0_127|0,7",0,7,"(0,7)",10,7.8430256843566895,6.957130432128906,0.25642600655555725,0.0010702416693675332,0.001070261001586914,1.9332219380885363e-08,1.8063088678575408e-05,-1.7422561645507812,-1.7411859035491943,True,0.020511168986558914,1,1.0,40,40
theta2,T3,batch1_0_127,0,"theta2|batch1_0_127|0,7",0,7,"(0,7)",11,7.713291168212891,6.995574951171875,0.25971925258636475,0.0010546506737009623,0.0010544061660766602,-2.445076243021236e-07,0.000231891307324114,-1.763305902481079,-1.7622514963150024,True,0.02241591550409794,1,1.0,40,40
theta2,T3,batch1_0_127,0,"theta2|batch1_0_127|0,7",0,7,"(0,7)",12,7.584105968475342,7.034945011138916,0.2636209726333618,0.0010351055565406568,0.0010353326797485352,2.2712320787835784e-07,0.00021937220018354122,-1.7908653020858765,-1.789829969406128,True,0.024334507063031197,1,1.0,40,40
theta2,T3,batch1_0_127,0,"theta2|batch1_0_127|0,7",0,7,"(0,7)",13,7.4597978591918945,7.0741448402404785,0.26740142703056335,0.0010081295688578393,0.0010077953338623047,-3.34234995534588e-07,0.0003316496755880541,-1.8217840194702148,-1.8207762241363525,True,0.026270318776369095,1,1.0,40,40
theta2,T3,batch1_0_127,0,"theta2|batch1_0_127|0,7",0,7,"(0,7)",14,7.340370178222656,7.1163105964660645,0.27034300565719604,0.000973345250764396,0.0009735822677612305,2.3701699683443232e-07,0.0002434483501630089,-1.8536522388458252,-1.852678656578064,True,0.02822672389447689,1,1.0,40,40
theta2,T3,batch1_0_127,0,"theta2|batch1_0_127|0,7",0,7,"(0,7)",15,7.226214408874512,7.159722328186035,0.2735476791858673,0.0009376921202638187,0.000937342643737793,-3.4947652602574427e-07,0.00037283754063738604,-1.891865611076355,-1.8909282684326172,True,0.030209114775061607,1,1.0,40,40
theta2,T3,batch1_0_127,0,"theta2|batch1_0_127|0,7",0,7,"(0,7)",16,7.114773750305176,7.20055627822876,0.2765074372291565,0.0009030106682621408,0.0009031295776367188,1.1890937457793328e-07,0.00013166369203530196,-1.9287739992141724,-1.9278708696365356,True,0.032221585512161255,1,1.0,40,40
theta2,T3,batch1_0_127,0,"theta2|batch1_0_127|0,7",0,7,"(0,7)",17,7.0061354637146,7.2415571212768555,0.27895650267601013,0.0008637220630334923,0.0008635520935058594,-1.69969527632932e-07,0.0001968260269544222,-1.9663617610931396,-1.9654982089996338,True,0.03426772356033325,1,1.0,40,40
theta2,T3,batch1_0_127,0,"theta2|batch1_0_127|0,7",0,7,"(0,7)",18,6.898658752441406,7.277203559875488,0.28201934695243835,0.0008377128365536919,0.0008378028869628906,9.005040919874124e-08,0.00010748400441204244,-2.010969400405884,-2.010131597518921,True,0.03635081648826599,1,1.0,40,40
theta2,T3,batch1_0_127,0,"theta2|batch1_0_127|0,7",0,7,"(0,7)",19,6.793618679046631,7.310054302215576,0.2848113477230072,0.0008091224504387356,0.0008089542388916016,-1.682115471340201e-07,0.00020793703654300294,-2.053727149963379,-2.0529181957244873,True,0.038473017513751984,1,1.0,40,40
theta2,T3,batch1_0_127,0,"theta2|batch1_0_127|0,7",0,7,"(0,7)",20,6.687435150146484,7.3396897315979,0.28867167234420776,0.0007792516333720415,0.0007789134979248047,-3.3813544723676914e-07,0.0004341116801000826,-2.104732036590576,-2.1039531230926514,True,0.04063531011343002,1,1.0,40,40
theta2,T3,batch1_0_127,0,"theta2|batch1_0_127|0,7",0,7,"(0,7)",21,6.582673072814941,7.373852252960205,0.29193341732025146,0.0007535846896498697,0.0007536411285400391,5.643889016933908e-08,7.488828307270471e-05,-2.154149055480957,-2.153395414352417,True,0.04283982515335083,1,1.0,40,40
theta2,T3,batch1_0_127,0,"theta2|batch1_0_127|0,7",0,7,"(0,7)",22,6.478091716766357,7.406071662902832,0.2954520881175995,0.0007321585641984712,0.0007317066192626953,-4.519449357758389e-07,0.0006176586679388544,-2.2084591388702393,-2.2077274322509766,True,0.045085906982421875,1,1.0,40,40
theta2,T3,batch1_0_127,0,"theta2|batch1_0_127|0,7",0,7,"(0,7)",23,6.37648868560791,7.438597679138184,0.2983139157295227,0.0007143498514888051,0.0007143020629882812,-4.778850052386107e-08,6.690236945969045e-05,-2.260612964630127,-2.2598986625671387,True,0.047373365610837936,1,1.0,40,40
theta2,T3,batch1_0_127,0,"theta2|batch1_0_127|0,7",0,7,"(0,7)",24,6.274065017700195,7.468116283416748,0.30209800601005554,0.0006918445751180115,0.0006911754608154297,-6.691143025818478e-07,0.0009680816818821161,-2.3188133239746094,-2.318122148513794,True,0.049700524657964706,1,1.0,40,40
theta2,T3,batch1_0_127,0,"theta2|batch1_0_127|0,7",0,7,"(0,7)",25,6.171383380889893,7.496931552886963,0.3059753179550171,0.0006613506886696996,0.0006616115570068359,2.608683371363267e-07,0.0003942922918645923,-2.383030652999878,-2.382369041442871,True,0.05206446349620819,1,1.0,40,40
theta2,T3,batch1_0_127,0,"theta2|batch1_0_127|0,7",0,7,"(0,7)",26,6.069659233093262,7.532049179077148,0.31040677428245544,0.0006352143579279073,0.0006351470947265625,-6.726320134480424e-08,0.00010590176968968387,-2.4532856941223145,-2.452650547027588,True,0.05446441471576691,1,1.0,40,40
theta2,T3,batch1_0_127,0,"theta2|batch1_0_127|0,7",0,7,"(0,7)",27,5.965282440185547,7.561527729034424,0.3144640028476715,0.000621881266037235,0.0006215572357177734,-3.2403031946157384e-07,0.0005213201630375746,-2.522886037826538,-2.5222644805908203,True,0.05689483508467674,1,1.0,40,40
theta2,T3,batch1_0_127,0,"theta2|batch1_0_127|0,7",0,7,"(0,7)",28,5.86299991607666,7.594701290130615,0.31951165199279785,0.000597285252149959,0.0005972385406494141,-4.6711500544969684e-08,7.821246849571598e-05,-2.599778413772583,-2.5991811752319336,True,0.059356510639190674,1,1.0,40,40
theta2,T3,batch1_0_127,0,"theta2|batch1_0_127|0,7",0,7,"(0,7)",29,5.76029109954834,7.625583648681641,0.3243173658847809,0.0005706490131451574,0.0005702972412109375,-3.5177193421988447e-07,0.0006168220864490796,-2.6773276329040527,-2.676757335662842,True,0.06184404715895653,1,1.0,40,40
theta2,T3,batch1_0_127,0,"theta2|batch1_0_127|0,7",0,7,"(0,7)",30,5.658295631408691,7.652872562408447,0.3290282189846039,0.0005378787071585975,0.0005376338958740234,-2.448112845740728e-07,0.0004553494235628257,-2.7555127143859863,-2.7549750804901123,True,0.0643511712551117,1,1.0,40,40
theta2,T3,batch1_0_127,0,"theta2|batch1_0_127|0,7",0,7,"(0,7)",31,5.561476707458496,7.681827545166016,0.33420509099960327,0.0004923467925409569,0.0004918575286865234,-4.892638544334209e-07,0.000994726777365737,-2.8391025066375732,-2.8386106491088867,True,0.06688005477190018,1,1.0,40,40
theta2,T3,batch1_0_127,0,"theta2|batch1_0_127|0,7",0,7,"(0,7)",32,5.460900783538818,7.709447860717773,0.339057594537735,0.0004751458307700887,0.0004749298095703125,-2.1602119977618675e-07,0.0004548486858966161,-2.9224722385406494,-2.921997308731079,True,0.06942130625247955,1,1.0,40,40
theta2,T3,batch1_0_127,0,"theta2|batch1_0_127|0,7",0,7,"(0,7)",33,5.3610358238220215,7.740148544311523,0.3445079028606415,0.00045237138745051196,0.0004525184631347656,1.470756842536611e-07,0.000325015875009414,-3.0105531215667725,-3.0101006031036377,True,0.07197000086307526,1,1.0,40,40
theta2,T3,batch1_0_127,0,"theta2|batch1_0_127|0,7",0,7,"(0,7)",34,5.263338565826416,7.771667957305908,0.34964391589164734,0.00042330507634142126,0.00042319297790527344,-1.1209843614782503e-07,0.00026488727838229134,-3.0972185134887695,-3.0967953205108643,True,0.07452027499675751,1,1.0,40,40
theta2,T3,batch1_0_127,0,"theta2|batch1_0_127|0,7",0,7,"(0,7)",35,5.168747901916504,7.799489974975586,0.35378387570381165,0.0003856019318545805,0.00038504600524902344,-5.559266055570511e-07,0.0014437926844547131,-3.1685101985931396,-3.1681251525878906,True,0.07706805318593979,1,1.0,40,40
theta2,T3,batch1_0_127,0,"theta2|batch1_0_127|0,7",0,7,"(0,7)",36,5.0757670402526855,7.826675891876221,0.3576258718967438,0.0003503102967806626,0.0003495216369628906,-7.886598177719731e-07,0.0022563977000820312,-3.2417211532592773,-3.2413716316223145,True,0.07960826903581619,1,1.0,40,40
theta2,T3,batch1_0_127,0,"theta2|batch1_0_127|0,7",0,7,"(0,7)",37,4.985512733459473,7.857783794403076,0.3621543049812317,0.00032128131120316537,0.00032067298889160156,-6.083223115638096e-07,0.0018970176242983888,-3.318394660949707,-3.3180739879608154,True,0.08213459700345993,1,1.0,40,40
theta2,T3,batch1_0_127,0,"theta2|batch1_0_127|0,7",0,7,"(0,7)",38,4.8993425369262695,7.890073776245117,0.3667490482330322,0.00028143693133733904,0.00028061866760253906,-8.182637347999813e-07,0.002915927660090485,-3.3963894844055176,-3.396108865737915,True,0.08464335650205612,1,1.0,40,40
theta2,T3,batch1_0_127,0,"theta2|batch1_0_127|0,7",0,7,"(0,7)",39,4.814436912536621,7.920187950134277,0.37056732177734375,0.0002426422915459625,0.00024175643920898438,-8.858523369781259e-07,0.003664234714395169,-3.4637389183044434,-3.4634971618652344,True,0.08713110536336899,1,1.0,40,40
theta2,T3,batch1_0_127,0,"theta2|batch1_0_127|1,2",1,2,"(1,2)",0,9.174369812011719,6.752513885498047,0.1271960437297821,0.0007246242802357301,0.0007245540618896484,-7.021834608168451e-08,9.691250077123845e-05,-0.7620522975921631,-0.7613277435302734,True,0.002036850666627288,0,1.0,40,40
theta2,T3,batch1_0_127,0,"theta2|batch1_0_127|1,2",1,2,"(1,2)",1,8.982810974121094,6.7313690185546875,0.13189806044101715,0.0007137879631482065,0.0007137060165405273,-8.194660767915207e-08,0.00011481843473362225,-0.7675486207008362,-0.7668349146842957,True,0.004042544402182102,0,1.0,40,40
theta2,T3,batch1_0_127,0,"theta2|batch1_0_127|1,2",1,2,"(1,2)",2,8.78609848022461,6.717527866363525,0.13703234493732452,0.0007039744050707669,0.0007038712501525879,-1.0315491817897496e-07,0.0001465536746338377,-0.7754958868026733,-0.7747920155525208,True,0.006016138941049576,0,1.0,40,40
theta2,T3,batch1_0_127,0,"theta2|batch1_0_127|1,2",1,2,"(1,2)",3,8.592630386352539,6.699748992919922,0.14278298616409302,0.0006947319757891819,0.0006947517395019531,1.9763712771274193e-08,2.8447158384147713e-05,-0.7807369828224182,-0.7800422310829163,True,0.00795753113925457,0,1.0,40,40
theta2,T3,batch1_0_127,0,"theta2|batch1_0_127|1,2",1,2,"(1,2)",4,8.407310485839844,6.6826324462890625,0.14858181774616241,0.0006868694084696472,0.0006867647171020508,-1.0469136759643036e-07,0.00015244138929879474,-0.7810279130935669,-0.7803411483764648,True,0.009870325215160847,0,1.0,40,40
theta2,T3,batch1_0_127,0,"theta2|batch1_0_127|1,2",1,2,"(1,2)",5,8.226237297058105,6.671710014343262,0.1547284871339798,0.0006801525065675378,0.0006802082061767578,5.569960922005568e-08,8.188611768318136e-05,-0.7804619669914246,-0.7797817587852478,True,0.011756236664950848,0,1.0,40,40
theta2,T3,batch1_0_127,0,"theta2|batch1_0_127|1,2",1,2,"(1,2)",6,8.051491737365723,6.659026622772217,0.16149334609508514,0.0006780560594052077,0.0006780028343200684,-5.322508513929628e-08,7.850274725277924e-05,-0.7778191566467285,-0.7771411538124084,True,0.013618985190987587,0,1.0,40,40
theta2,T3,batch1_0_127,0,"theta2|batch1_0_127|1,2",1,2,"(1,2)",7,7.879524230957031,6.6489644050598145,0.16813185811042786,0.0006767384298145771,0.0006766915321350098,-4.6897679567363924e-08,6.93043688893201e-05,-0.7697930335998535,-0.7691163420677185,True,0.015461141243577003,0,1.0,40,40
theta2,T3,batch1_0_127,0,"theta2|batch1_0_127|1,2",1,2,"(1,2)",8,7.713028907775879,6.646310329437256,0.17569775879383087,0.0006816300661303103,0.000681459903717041,-1.7016241326932302e-07,0.0002497027519024489,-0.7633832097053528,-0.7627017498016357,True,0.017285754904150963,0,1.0,40,40
theta2,T3,batch1_0_127,0,"theta2|batch1_0_127|1,2",1,2,"(1,2)",9,7.549307346343994,6.642734527587891,0.18376685678958893,0.0006901172071229666,0.0006902813911437988,1.6418402083218965e-07,0.00023785085754685653,-0.7510169744491577,-0.7503266930580139,True,0.019095594063401222,0,1.0,40,40
theta2,T3,batch1_0_127,0,"theta2|batch1_0_127|1,2",1,2,"(1,2)",10,7.388548851013184,6.6404008865356445,0.19260463118553162,0.0007028987230733037,0.0007028579711914062,-4.075188189743388e-08,5.7980251441633143e-05,-0.7348257303237915,-0.7341228723526001,True,0.0208925548940897,0,1.0,40,40
theta2,T3,batch1_0_127,0,"theta2|batch1_0_127|1,2",1,2,"(1,2)",11,7.233373165130615,6.649232864379883,0.20092657208442688,0.0007158809930551798,0.000715792179107666,-8.881394751374897e-08,0.00012407784005752598,-0.7178756594657898,-0.7171598672866821,True,0.022679630666971207,0,1.0,40,40
theta2,T3,batch1_0_127,0,"theta2|batch1_0_127|1,2",1,2,"(1,2)",12,7.082180500030518,6.65712308883667,0.20940561592578888,0.0007274742433801294,0.000727534294128418,6.005074828856986e-08,8.25400929869709e-05,-0.6979511380195618,-0.6972236037254333,True,0.024458562955260277,0,1.0,40,40
theta2,T3,batch1_0_127,0,"theta2|batch1_0_127|1,2",1,2,"(1,2)",13,6.933515548706055,6.670547962188721,0.21836905181407928,0.0007419229025254026,0.0007417201995849609,-2.027029404416767e-07,0.00027328760974165424,-0.6781288385391235,-0.6773871183395386,True,0.02623024955391884,0,1.0,40,40
theta2,T3,batch1_0_127,0,"theta2|batch1_0_127|1,2",1,2,"(1,2)",14,6.788193225860596,6.692817687988281,0.227321058511734,0.000751891148975119,0.000751793384552002,-9.776442311704592e-08,0.00013004161133355052,-0.653971254825592,-0.65321946144104,True,0.027995022013783455,0,1.0,40,40
theta2,T3,batch1_0_127,0,"theta2|batch1_0_127|1,2",1,2,"(1,2)",15,6.64715051651001,6.720585346221924,0.2364325374364853,0.0007633035408798605,0.0007631182670593262,-1.852738205343745e-07,0.0002427851992697365,-0.6293680667877197,-0.6286049485206604,True,0.029755495488643646,0,1.0,40,40
theta2,T3,batch1_0_127,0,"theta2|batch1_0_127|1,2",1,2,"(1,2)",16,6.510534286499023,6.755530834197998,0.2451937198638916,0.0007725201991852373,0.0007724761962890625,-4.400289617477026e-08,5.6963433159698644e-05,-0.6027975082397461,-0.602025032043457,True,0.03151271119713783,0,1.0,40,40
theta2,T3,batch1_0_127,0,"theta2|batch1_0_127|1,2",1,2,"(1,2)",17,6.380213260650635,6.796153545379639,0.2537859380245209,0.0007825023853220046,0.0007823705673217773,-1.3181800022723546e-07,0.00016848537730461513,-0.5761352181434631,-0.5753528475761414,True,0.03326839581131935,0,1.0,40,40
theta2,T3,batch1_0_127,0,"theta2|batch1_0_127|1,2",1,2,"(1,2)",18,6.2514142990112305,6.8416218757629395,0.2621442675590515,0.000789687538112048,0.000789642333984375,-4.520412767304756e-08,5.724633258320473e-05,-0.5463085174560547,-0.5455188751220703,True,0.03502168506383896,0,1.0,40,40
theta2,T3,batch1_0_127,0,"theta2|batch1_0_127|1,2",1,2,"(1,2)",19,6.126287460327148,6.895133972167969,0.27041181921958923,0.0007958196201361716,0.0007957220077514648,-9.761238470675556e-08,0.00012267146535583032,-0.5164510607719421,-0.5156553387641907,True,0.03677280619740486,0,1.0,40,40
theta2,T3,batch1_0_127,0,"theta2|batch1_0_127|1,2",1,2,"(1,2)",20,6.002747535705566,6.964564323425293,0.2777401804924011,0.0007969920613686554,0.0007969141006469727,-7.796072168278316e-08,9.782826231772151e-05,-0.4882986545562744,-0.48750174045562744,True,0.03852149844169617,0,1.0,40,40
theta2,T3,batch1_0_127,0,"theta2|batch1_0_127|1,2",1,2,"(1,2)",21,5.883835792541504,7.044995307922363,0.2849465310573578,0.0007984189321286976,0.000798344612121582,-7.432000711561377e-08,9.309263942811626e-05,-0.4597771167755127,-0.4589787721633911,True,0.040267445147037506,0,1.0,40,40
theta2,T3,batch1_0_127,0,"theta2|batch1_0_127|1,2",1,2,"(1,2)",22,5.76738977432251,7.128822326660156,0.29203200340270996,0.0007989720775512979,0.0007988810539245605,-9.102362673730872e-08,0.00011393889777476712,-0.43183228373527527,-0.4310334026813507,True,0.04200926423072815,0,1.0,40,40
theta2,T3,batch1_0_127,0,"theta2|batch1_0_127|1,2",1,2,"(1,2)",23,5.653295040130615,7.218523979187012,0.29815956950187683,0.0007955155101371929,0.0007954239845275879,-9.152560960501693e-08,0.0001150651871019141,-0.40732377767562866,-0.4065283536911011,True,0.04374600946903229,0,1.0,40,40
theta2,T3,batch1_0_127,0,"theta2|batch1_0_127|1,2",1,2,"(1,2)",24,5.5426025390625,7.313430309295654,0.3040291965007782,0.0007916384534328245,0.0007915198802947998,-1.1857313802468485e-07,0.00014980437128189698,-0.38109686970710754,-0.38030534982681274,True,0.04547616466879845,0,1.0,40,40
theta2,T3,batch1_0_127,0,"theta2|batch1_0_127|1,2",1,2,"(1,2)",25,5.435876846313477,7.4145636558532715,0.30912545323371887,0.0007810681089758873,0.0007809102535247803,-1.5785545110706505e-07,0.0002021428844026004,-0.356831818819046,-0.35605090856552124,True,0.047197699546813965,0,1.0,40,40
theta2,T3,batch1_0_127,0,"theta2|batch1_0_127|1,2",1,2,"(1,2)",26,5.330852508544922,7.516940593719482,0.3138374090194702,0.0007684203312237515,0.0007683038711547852,-1.1646006896630541e-07,0.00015158073952076047,-0.33465576171875,-0.3338874578475952,True,0.04890851303935051,0,1.0,40,40
theta2,T3,batch1_0_127,0,"theta2|batch1_0_127|1,2",1,2,"(1,2)",27,5.2304840087890625,7.6231584548950195,0.3184572458267212,0.0007595841257425491,0.000759422779083252,-1.6134665929712095e-07,0.0002124595992391654,-0.31194934248924255,-0.3111899197101593,True,0.05060754716396332,0,1.0,40,40
theta2,T3,batch1_0_127,0,"theta2|batch1_0_127|1,2",1,2,"(1,2)",28,5.133338451385498,7.725820541381836,0.3235325217247009,0.000748286543705035,0.0007481873035430908,-9.9240161944192e-08,0.00013264079926808916,-0.2897533178329468,-0.2890051305294037,True,0.0522928461432457,0,1.0,40,40
theta2,T3,batch1_0_127,0,"theta2|batch1_0_127|1,2",1,2,"(1,2)",29,5.040300369262695,7.829737663269043,0.32738807797431946,0.0007374834061629372,0.0007373392581939697,-1.4414796896747295e-07,0.00019549748282838937,-0.26828622817993164,-0.26754888892173767,True,0.053962405771017075,0,1.0,40,40
theta2,T3,batch1_0_127,0,"theta2|batch1_0_127|1,2",1,2,"(1,2)",30,4.949717998504639,7.939034938812256,0.33069083094596863,0.000724136221309891,0.0007240325212478638,-1.0370006202722361e-07,0.0001432256963381941,-0.2494051456451416,-0.24868111312389374,True,0.05561263486742973,0,1.0,40,40
theta2,T3,batch1_0_127,0,"theta2|batch1_0_127|1,2",1,2,"(1,2)",31,4.863103866577148,8.044787406921387,0.33330315351486206,0.0007104523755551782,0.0007103085517883301,-1.438237668481123e-07,0.00020248069164591922,-0.23056107759475708,-0.22985076904296875,True,0.057242680341005325,0,1.0,40,40
theta2,T3,batch1_0_127,0,"theta2|batch1_0_127|1,2",1,2,"(1,2)",32,4.781477928161621,8.147456169128418,0.33585676550865173,0.0006934462561330293,0.0006933659315109253,-8.032462210400427e-08,0.00011584737359242261,-0.21196649968624115,-0.21127313375473022,True,0.058851394802331924,0,1.0,40,40
theta2,T3,batch1_0_127,0,"theta2|batch1_0_127|1,2",1,2,"(1,2)",33,4.703286170959473,8.249674797058105,0.3384972810745239,0.0006809817795583512,0.0006809085607528687,-7.321880548258677e-08,0.00010753103970616851,-0.19292712211608887,-0.192246213555336,True,0.06043798848986626,0,1.0,40,40
theta2,T3,batch1_0_127,0,"theta2|batch1_0_127|1,2",1,2,"(1,2)",34,4.62880802154541,8.346068382263184,0.34067386388778687,0.0006645087981596589,0.0006643980741500854,-1.107240095734284e-07,0.00016665311637916667,-0.1749040186405182,-0.1742396205663681,True,0.06200121343135834,0,1.0,40,40
theta2,T3,batch1_0_127,0,"theta2|batch1_0_127|1,2",1,2,"(1,2)",35,4.557661533355713,8.442119598388672,0.34272241592407227,0.0006480322383285965,0.0006479620933532715,-7.014497532505711e-08,0.00010825475138838684,-0.15834936499595642,-0.15770140290260315,True,0.06354082375764847,0,1.0,40,40
theta2,T3,batch1_0_127,0,"theta2|batch1_0_127|1,2",1,2,"(1,2)",36,4.489462852478027,8.539069175720215,0.34427008032798767,0.0006326763024262619,0.0006325840950012207,-9.220742504115805e-08,0.00014576311002726067,-0.1430683434009552,-0.14243575930595398,True,0.06505412608385086,0,1.0,40,40
theta2,T3,batch1_0_127,0,"theta2|batch1_0_127|1,2",1,2,"(1,2)",37,4.424099922180176,8.632927894592285,0.34574732184410095,0.0006155292881594505,0.0006154626607894897,-6.662736996073271e-08,0.00010825574678286074,-0.12889322638511658,-0.1282777637243271,True,0.06654046475887299,0,1.0,40,40
theta2,T3,batch1_0_127,0,"theta2|batch1_0_127|1,2",1,2,"(1,2)",38,4.362814903259277,8.724723815917969,0.3473086655139923,0.0005999021635361714,0.0005997940897941589,-1.0807374201246209e-07,0.00018018473981554488,-0.11558771878480911,-0.11498792469501495,True,0.06800005584955215,0,1.0,40,40
theta2,T3,batch1_0_127,0,"theta2|batch1_0_127|1,2",1,2,"(1,2)",39,4.302975654602051,8.804506301879883,0.34884950518608093,0.0005850001730723307,0.0005849599838256836,-4.0189246647086806e-08,6.870426654528745e-05,-0.10049165785312653,-0.09990669786930084,True,0.06943167001008987,0,1.0,40,40
theta2,T3,batch1_0_127,0,"theta2|batch1_0_127|1,3",1,3,"(1,3)",0,9.26668930053711,6.752513885498047,0.1141308844089508,0.0006838268406572751,0.0006837844848632812,-4.235579399388713e-08,6.194319252849957e-05,-0.6789906620979309,-0.6783068776130676,True,0.002008883049711585,0,1.0,40,40
theta2,T3,batch1_0_127,0,"theta2|batch1_0_127|1,3",1,3,"(1,3)",1,9.087702751159668,6.7338690757751465,0.11890709400177002,0.0006699165230384097,0.0006697773933410645,-1.3912969734522322e-07,0.00020772528115826612,-0.6775422096252441,-0.6768724322319031,True,0.003984567243605852,0,1.0,40,40
theta2,T3,batch1_0_127,0,"theta2|batch1_0_127|1,3",1,3,"(1,3)",2,8.905590057373047,6.723056316375732,0.12340734899044037,0.0006542730366345495,0.0006542205810546875,-5.245557986198121e-08,8.018026546553471e-05,-0.6742194294929504,-0.6735652089118958,True,0.005927411373704672,0,1.0,40,40
theta2,T3,batch1_0_127,0,"theta2|batch1_0_127|1,3",1,3,"(1,3)",3,8.725112915039062,6.713621139526367,0.12813891470432281,0.0006415056354599074,0.0006413459777832031,-1.5965767670423053e-07,0.0002489415732458219,-0.670035719871521,-0.6693943738937378,True,0.007841010577976704,0,1.0,40,40
theta2,T3,batch1_0_127,0,"theta2|batch1_0_127|1,3",1,3,"(1,3)",4,8.547476768493652,6.708040237426758,0.13342110812664032,0.0006340612066560425,0.0006340146064758301,-4.6600180212460346e-08,7.350016819247656e-05,-0.663114070892334,-0.6624800562858582,True,0.009728321805596352,0,1.0,40,40
theta2,T3,batch1_0_127,0,"theta2|batch1_0_127|1,3",1,3,"(1,3)",5,8.369651794433594,6.703584671020508,0.13862934708595276,0.0006264282844495029,0.0006263852119445801,-4.307250492277363e-08,6.876360441054682e-05,-0.6525178551673889,-0.6518914699554443,True,0.011591406539082527,0,1.0,40,40
theta2,T3,batch1_0_127,0,"theta2|batch1_0_127|1,3",1,3,"(1,3)",6,8.19754695892334,6.704196453094482,0.1442732810974121,0.0006227507238509134,0.0006227493286132812,-1.395237632134845e-09,2.240448231781665e-06,-0.6420719027519226,-0.6414491534233093,True,0.013434788212180138,0,1.0,40,40
theta2,T3,batch1_0_127,0,"theta2|batch1_0_127|1,3",1,3,"(1,3)",7,8.026625633239746,6.710848808288574,0.14994117617607117,0.0006186969268601388,0.0006186366081237793,-6.031873635954036e-08,9.750269474429736e-05,-0.6283466815948486,-0.6277280449867249,True,0.015261152759194374,0,1.0,40,40
theta2,T3,batch1_0_127,0,"theta2|batch1_0_127|1,3",1,3,"(1,3)",8,7.86262321472168,6.720798969268799,0.15667426586151123,0.0006202070793369785,0.0006201267242431641,-8.035509381444563e-08,0.00012957850496205482,-0.6166568994522095,-0.6160367727279663,True,0.01707473397254944,0,1.0,40,40
theta2,T3,batch1_0_127,0,"theta2|batch1_0_127|1,3",1,3,"(1,3)",9,7.701534271240234,6.734227657318115,0.16316339373588562,0.0006217013818677515,0.0006216764450073242,-2.4936860427288154e-08,4.01122812800063e-05,-0.6001865863800049,-0.5995649099349976,True,0.01888047344982624,0,1.0,40,40
theta2,T3,batch1_0_127,0,"theta2|batch1_0_127|1,3",1,3,"(1,3)",10,7.544267654418945,6.751427173614502,0.16962531208992004,0.0006233877097256481,0.0006233453750610352,-4.233466461298161e-08,6.79152622393908e-05,-0.5820041298866272,-0.5813807845115662,True,0.02068103663623333,0,1.0,40,40
theta2,T3,batch1_0_127,0,"theta2|batch1_0_127|1,3",1,3,"(1,3)",11,7.390860557556152,6.775135517120361,0.17632685601711273,0.0006260025979718194,0.0006258487701416016,-1.5382783021781078e-07,0.00024579073660719415,-0.5646375417709351,-0.5640116930007935,True,0.022478999570012093,0,1.0,40,40
theta2,T3,batch1_0_127,0,"theta2|batch1_0_127|1,3",1,3,"(1,3)",12,7.242380142211914,6.797682762145996,0.18283270299434662,0.0006293832727242261,0.0006292462348937988,-1.3703783042725605e-07,0.000217780930306853,-0.5439128279685974,-0.5432835817337036,True,0.024277327582240105,0,1.0,40,40
theta2,T3,batch1_0_127,0,"theta2|batch1_0_127|1,3",1,3,"(1,3)",13,7.097738265991211,6.827702045440674,0.18969129025936127,0.0006312258259858936,0.0006310939788818359,-1.318471040576922e-07,0.0002089183362061181,-0.5240924954414368,-0.5234614014625549,True,0.026078596711158752,0,1.0,40,40
theta2,T3,batch1_0_127,0,"theta2|batch1_0_127|1,3",1,3,"(1,3)",14,6.9570488929748535,6.860107421875,0.19710053503513336,0.000635828597645741,0.0006358027458190918,-2.585182664921644e-08,4.0660136841516864e-05,-0.5033432245254517,-0.5027074217796326,True,0.02788514271378517,0,1.0,40,40
theta2,T3,batch1_0_127,0,"theta2|batch1_0_127|1,3",1,3,"(1,3)",15,6.817637920379639,6.893213748931885,0.20380975306034088,0.0006368401222862304,0.0006366968154907227,-1.4330679550770154e-07,0.00022507854919495772,-0.4814382493495941,-0.4808015525341034,True,0.02969735488295555,0,1.0,40,40
theta2,T3,batch1_0_127,0,"theta2|batch1_0_127|1,3",1,3,"(1,3)",16,6.682964324951172,6.924820423126221,0.21032506227493286,0.0006377644740277902,0.0006376206874847412,-1.4378654304898243e-07,0.00022550482735462276,-0.45857682824134827,-0.4579392075538635,True,0.03151717409491539,0,1.0,40,40
theta2,T3,batch1_0_127,0,"theta2|batch1_0_127|1,3",1,3,"(1,3)",17,6.551692008972168,6.952202796936035,0.21718327701091766,0.0006391648600692861,0.0006390213966369629,-1.4346343232319887e-07,0.00022450489620256405,-0.43789148330688477,-0.4372524619102478,True,0.03334464505314827,0,1.0,40,40
theta2,T3,batch1_0_127,0,"theta2|batch1_0_127|1,3",1,3,"(1,3)",18,6.420383453369141,6.98086404800415,0.22426490485668182,0.0006454502242559102,0.0006453990936279297,-5.113062798048178e-08,7.922327205801502e-05,-0.4146835505962372,-0.41403815150260925,True,0.03518077731132507,0,1.0,40,40
theta2,T3,batch1_0_127,0,"theta2|batch1_0_127|1,3",1,3,"(1,3)",19,6.295870780944824,7.012578964233398,0.23120924830436707,0.0006492527611553669,0.0006491243839263916,-1.2837722897533418e-07,0.00019776984527805337,-0.3881748914718628,-0.3875257670879364,True,0.03702530637383461,0,1.0,40,40
theta2,T3,batch1_0_127,0,"theta2|batch1_0_127|1,3",1,3,"(1,3)",20,6.172634601593018,7.044628143310547,0.23767854273319244,0.0006484796674849349,0.0006483197212219238,-1.599462630111001e-07,0.0002467089273632469,-0.36425745487213135,-0.3636091351509094,True,0.038876891136169434,0,1.0,40,40
theta2,T3,batch1_0_127,0,"theta2|batch1_0_127|1,3",1,3,"(1,3)",21,6.0524444580078125,7.0765299797058105,0.24429328739643097,0.0006507943500910187,0.0006506443023681641,-1.5004772285461595e-07,0.00023061405795529757,-0.3401012122631073,-0.33945056796073914,True,0.040735065937042236,0,1.0,40,40
theta2,T3,batch1_0_127,0,"theta2|batch1_0_127|1,3",1,3,"(1,3)",22,5.935420036315918,7.109312057495117,0.25100430846214294,0.0006549911515321583,0.0006547868251800537,-2.04326352104588e-07,0.0003120501883164833,-0.3184966742992401,-0.31784188747406006,True,0.04259834811091423,0,1.0,40,40
theta2,T3,batch1_0_127,0,"theta2|batch1_0_127|1,3",1,3,"(1,3)",23,5.821723937988281,7.145687580108643,0.25679486989974976,0.000657547668684856,0.0006574094295501709,-1.3823913468514852e-07,0.00021027860032329923,-0.2976208031177521,-0.2969633936882019,True,0.044465322047472,0,1.0,40,40
theta2,T3,batch1_0_127,0,"theta2|batch1_0_127|1,3",1,3,"(1,3)",24,5.71125602722168,7.180859565734863,0.2628737688064575,0.0006620901015412528,0.0006618797779083252,-2.1032363292758545e-07,0.00031776712319607486,-0.27614790201187134,-0.275486022233963,True,0.04633432254195213,0,1.0,40,40
theta2,T3,batch1_0_127,0,"theta2|batch1_0_127|1,3",1,3,"(1,3)",25,5.606302738189697,7.217781066894531,0.2688574492931366,0.0006664270645705984,0.0006662607192993164,-1.663452712819544e-07,0.0002496699362028937,-0.25523483753204346,-0.25456857681274414,True,0.04820302873849869,0,1.0,40,40
theta2,T3,batch1_0_127,0,"theta2|batch1_0_127|1,3",1,3,"(1,3)",26,5.501111030578613,7.255917072296143,0.2749919593334198,0.0006726863289513858,0.0006724894046783447,-1.9692427304107436e-07,0.00029282881138516123,-0.23653793334960938,-0.23586544394493103,True,0.050067801028490067,0,1.0,40,40
theta2,T3,batch1_0_127,0,"theta2|batch1_0_127|1,3",1,3,"(1,3)",27,5.399680137634277,7.291245460510254,0.28045493364334106,0.0006832783803110942,0.0006830990314483643,-1.7934886272993628e-07,0.000262551774300815,-0.2180812656879425,-0.21739816665649414,True,0.051927655935287476,0,1.0,40,40
theta2,T3,batch1_0_127,0,"theta2|batch1_0_127|1,3",1,3,"(1,3)",28,5.299901962280273,7.325827121734619,0.2855025827884674,0.0006900950425770134,0.0006898790597915649,-2.1598278544842416e-07,0.0003130734037842512,-0.19906598329544067,-0.1983761042356491,True,0.05377892032265663,0,1.0,40,40
theta2,T3,batch1_0_127,0,"theta2|batch1_0_127|1,3",1,3,"(1,3)",29,5.203908443450928,7.361158847808838,0.2912536859512329,0.0006998370252840687,0.0006996393203735352,-1.977049105335478e-07,0.0002825811883014148,-0.1803518533706665,-0.17965221405029297,True,0.05561879277229309,0,1.0,40,40
theta2,T3,batch1_0_127,0,"theta2|batch1_0_127|1,3",1,3,"(1,3)",30,5.112753868103027,7.392858028411865,0.2965153753757477,0.0007101782334648306,0.0007099956274032593,-1.8260606157130977e-07,0.0002571932199627396,-0.16311512887477875,-0.1624051332473755,True,0.05744566023349762,0,1.0,40,40
theta2,T3,batch1_0_127,0,"theta2|batch1_0_127|1,3",1,3,"(1,3)",31,5.0230631828308105,7.428638935089111,0.30128082633018494,0.0007195669859502232,0.0007193684577941895,-1.9852815603374659e-07,0.00027597561984090395,-0.14711399376392365,-0.14639462530612946,True,0.05925648286938667,0,1.0,40,40
theta2,T3,batch1_0_127,0,"theta2|batch1_0_127|1,3",1,3,"(1,3)",32,4.936391830444336,7.460883140563965,0.3059173822402954,0.0007264228059357265,0.0007262378931045532,-1.8491283117324977e-07,0.0002546174372460467,-0.131180539727211,-0.13045430183410645,True,0.06104832887649536,0,1.0,40,40
theta2,T3,batch1_0_127,0,"theta2|batch1_0_127|1,3",1,3,"(1,3)",33,4.853142738342285,7.49454927444458,0.3102381229400635,0.000733472759151482,0.0007333233952522278,-1.4936389925422362e-07,0.00020368080470533693,-0.11608561873435974,-0.11535229533910751,True,0.06281904131174088,0,1.0,40,40
theta2,T3,batch1_0_127,0,"theta2|batch1_0_127|1,3",1,3,"(1,3)",34,4.772595405578613,7.528549671173096,0.31416627764701843,0.000739282929658657,0.0007391199469566345,-1.6298270202246088e-07,0.00022050913751353997,-0.1010235995054245,-0.10028447955846786,True,0.06456605345010757,0,1.0,40,40
theta2,T3,batch1_0_127,0,"theta2|batch1_0_127|1,3",1,3,"(1,3)",35,4.695746898651123,7.562363624572754,0.31837818026542664,0.0007456736747699324,0.0007455125451087952,-1.611296611372286e-07,0.00021613272934758516,-0.08819150924682617,-0.08744599670171738,True,0.0662882924079895,0,1.0,40,40
theta2,T3,batch1_0_127,0,"theta2|batch1_0_127|1,3",1,3,"(1,3)",36,4.621887683868408,7.589653491973877,0.322486937046051,0.0007483131326516741,0.000748172402381897,-1.407302697770856e-07,0.00018809871806157755,-0.07558932900428772,-0.07484115660190582,True,0.06798411160707474,0,1.0,40,40
theta2,T3,batch1_0_127,0,"theta2|batch1_0_127|1,3",1,3,"(1,3)",37,4.5507988929748535,7.616915225982666,0.32683640718460083,0.0007519725086240214,0.0007518306374549866,-1.418711690348573e-07,0.00018870096796680673,-0.06495676189661026,-0.06420493125915527,True,0.06965114921331406,0,1.0,40,40
theta2,T3,batch1_0_127,0,"theta2|batch1_0_127|1,3",1,3,"(1,3)",38,4.483049392700195,7.644506454467773,0.3306231200695038,0.0007542789744620677,0.0007541514933109283,-1.274811511393784e-07,0.00016903918147758587,-0.05417241156101227,-0.05341826006770134,True,0.07128866016864777,0,1.0,40,40
theta2,T3,batch1_0_127,0,"theta2|batch1_0_127|1,3",1,3,"(1,3)",39,4.418353080749512,7.669341564178467,0.3349402844905853,0.0007577285198094615,0.0007576011121273041,-1.274076821573952e-07,0.00016817251204877606,-0.04422086477279663,-0.04346326366066933,True,0.07289580255746841,0,1.0,40,40
theta2,T3,batch1_0_127,0,"theta2|batch1_0_127|1,4",1,4,"(1,4)",0,8.94304084777832,6.752513885498047,0.20740020275115967,0.0014943236883264036,0.0014939308166503906,-3.9287167601293783e-07,0.00026297849380589995,-1.4690053462982178,-1.4675114154815674,True,0.0019134670728817582,0,0.9998123827392121,40,40
theta2,T3,batch1_0_127,0,"theta2|batch1_0_127|1,4",1,4,"(1,4)",1,8.764304161071777,6.7248148918151855,0.20325890183448792,0.0013369837657664903,0.0013366937637329102,-2.90002033580131e-07,0.00021695472923450955,-1.362575650215149,-1.361238956451416,True,0.003809581743553281,0,0.9998123827392121,40,40
theta2,T3,batch1_0_127,0,"theta2|batch1_0_127|1,4",1,4,"(1,4)",2,8.589017868041992,6.712404251098633,0.19950322806835175,0.0011979788062162697,0.0011979341506958008,-4.465552046889476e-08,3.727710779674936e-05,-1.2649281024932861,-1.2637301683425903,True,0.005691863130778074,0,0.9998123827392121,40,40
theta2,T3,batch1_0_127,0,"theta2|batch1_0_127|1,4",1,4,"(1,4)",3,8.417989730834961,6.705733776092529,0.19564244151115417,0.0010744962974567898,0.0010745525360107422,5.623855395243092e-08,5.2336718836675577e-05,-1.1746312379837036,-1.1735566854476929,True,0.007560343947261572,0,0.9998123827392121,40,40
theta2,T3,batch1_0_127,0,"theta2|batch1_0_127|1,4",1,4,"(1,4)",4,8.255359649658203,6.70357608795166,0.19116054475307465,0.0009561769797874149,0.0009560585021972656,-1.184775901493006e-07,0.00012392295019291076,-1.0881024599075317,-1.0871464014053345,True,0.009418179281055927,0,0.9998123827392121,40,40
theta2,T3,batch1_0_127,0,"theta2|batch1_0_127|1,4",1,4,"(1,4)",5,8.10657787322998,6.718846321105957,0.18801355361938477,0.0008600444698531646,0.0008600950241088867,5.055425572207586e-08,5.8777523767741e-05,-1.017957091331482,-1.017096996307373,True,0.01126570999622345,0,0.9998123827392121,40,40
theta2,T3,batch1_0_127,0,"theta2|batch1_0_127|1,4",1,4,"(1,4)",6,7.96180534362793,6.7451863288879395,0.18471193313598633,0.0007748774931533262,0.0007748007774353027,-7.671571802347985e-08,9.901347579621621e-05,-0.9535611867904663,-0.952786386013031,True,0.01310806442052126,0,0.9998123827392121,40,40
theta2,T3,batch1_0_127,0,"theta2|batch1_0_127|1,4",1,4,"(1,4)",7,7.824351787567139,6.778609275817871,0.1824720799922943,0.0007183908330916893,0.0007184147834777832,2.3950386093861756e-08,3.3337824672705134e-05,-0.9034170508384705,-0.9026986360549927,True,0.01495341770350933,0,0.9998123827392121,40,40
theta2,T3,batch1_0_127,0,"theta2|batch1_0_127|1,4",1,4,"(1,4)",8,7.691512584686279,6.8147077560424805,0.18040715157985687,0.0006635740013443865,0.0006635189056396484,-5.5095704738078455e-08,8.303562154715826e-05,-0.8581040501594543,-0.8574405312538147,True,0.016800016164779663,0,0.9998123827392121,40,40
theta2,T3,batch1_0_127,0,"theta2|batch1_0_127|1,4",1,4,"(1,4)",9,7.572324275970459,6.853781223297119,0.17884407937526703,0.00062436064989015,0.0006244182586669922,5.760877684222662e-08,9.225991719910596e-05,-0.8212973475456238,-0.8206729292869568,True,0.018651917576789856,0,0.9998123827392121,40,40
theta2,T3,batch1_0_127,0,"theta2|batch1_0_127|1,4",1,4,"(1,4)",10,7.461694717407227,6.8940863609313965,0.17714713513851166,0.000589645014872076,0.0005896091461181641,-3.5868753911916934e-08,6.083479903266027e-05,-0.7854216694831848,-0.7848320603370667,True,0.020512061193585396,0,0.9998123827392121,40,40
theta2,T3,batch1_0_127,0,"theta2|batch1_0_127|1,4",1,4,"(1,4)",11,7.351109027862549,6.93411922454834,0.17513763904571533,0.0005634694292093627,0.0005634427070617676,-2.6722147595170317e-08,4.742655688014947e-05,-0.7493277192115784,-0.7487642765045166,True,0.022379502654075623,0,0.9998123827392121,40,40
theta2,T3,batch1_0_127,0,"theta2|batch1_0_127|1,4",1,4,"(1,4)",12,7.245509624481201,6.973769187927246,0.17377683520317078,0.0005446682339461405,0.0005447864532470703,1.1821930092986103e-07,0.00021700117582814873,-0.7183828949928284,-0.7178381085395813,True,0.02425622195005417,0,0.9998123827392121,40,40
theta2,T3,batch1_0_127,0,"theta2|batch1_0_127|1,4",1,4,"(1,4)",13,7.146093368530273,7.010876178741455,0.17242290079593658,0.0005271003523521358,0.0005270242691040039,-7.608324813191628e-08,0.0001443638416524266,-0.6895613074302673,-0.6890342831611633,True,0.026141038164496422,0,0.9998123827392121,40,40
theta2,T3,batch1_0_127,0,"theta2|batch1_0_127|1,4",1,4,"(1,4)",14,7.0477495193481445,7.0561203956604,0.17044612765312195,0.0005102448138350155,0.0005102753639221191,3.0550087103619304e-08,5.98698061156682e-05,-0.6622774600982666,-0.6617671847343445,True,0.028035055845975876,0,0.9998123827392121,40,40
theta2,T3,batch1_0_127,0,"theta2|batch1_0_127|1,4",1,4,"(1,4)",15,6.951056480407715,7.097919464111328,0.16956980526447296,0.0005006392415343726,0.0005006194114685059,-1.983006586670985e-08,3.961106064293587e-05,-0.6386656165122986,-0.6381649971008301,True,0.029939429834485054,0,0.9998123827392121,40,40
theta2,T3,batch1_0_127,0,"theta2|batch1_0_127|1,4",1,4,"(1,4)",16,6.859816074371338,7.137519359588623,0.16883938014507294,0.0004918526485598704,0.0004918575286865234,4.880126653044464e-09,9.921829734062535e-06,-0.616385281085968,-0.6158934235572815,True,0.031849946826696396,0,0.9998123827392121,40,40
theta2,T3,batch1_0_127,0,"theta2|batch1_0_127|1,4",1,4,"(1,4)",17,6.768162250518799,7.172118663787842,0.16852077841758728,0.0004862416405230761,0.00048619508743286133,-4.6553090214760534e-08,9.574981610892777e-05,-0.5960786938667297,-0.5955924987792969,True,0.03377002105116844,0,0.9998123827392121,40,40
theta2,T3,batch1_0_127,0,"theta2|batch1_0_127|1,4",1,4,"(1,4)",18,6.67813777923584,7.209968090057373,0.16812138259410858,0.00048082454903487814,0.00048083066940307617,6.120368198033778e-09,1.2728739216306367e-05,-0.5761957764625549,-0.5757149457931519,True,0.03569949045777321,0,0.9998123827392121,40,40
theta2,T3,batch1_0_127,0,"theta2|batch1_0_127|1,4",1,4,"(1,4)",19,6.589015007019043,7.250954627990723,0.1678689867258072,0.0004794318088170258,0.0004794597625732422,2.7953756216410938e-08,5.830261139409113e-05,-0.5597740411758423,-0.559294581413269,True,0.03763691335916519,0,0.9998123827392121,40,40
theta2,T3,batch1_0_127,0,"theta2|batch1_0_127|1,4",1,4,"(1,4)",20,6.498419284820557,7.2825775146484375,0.16780968010425568,0.0004790097827499267,0.00047892332077026367,-8.646197966301946e-08,0.00018053407698744053,-0.5422658920288086,-0.5417869687080383,True,0.03958385810256004,0,0.9998123827392121,40,40
theta2,T3,batch1_0_127,0,"theta2|batch1_0_127|1,4",1,4,"(1,4)",21,6.411966323852539,7.31585168838501,0.16808928549289703,0.00047944052259845196,0.0004794001579284668,-4.036466998516043e-08,8.419828261963861e-05,-0.5258464813232422,-0.5253670811653137,True,0.04153687134385109,0,0.9998123827392121,40,40
theta2,T3,batch1_0_127,0,"theta2|batch1_0_127|1,4",1,4,"(1,4)",22,6.324657440185547,7.349367141723633,0.16853640973567963,0.000478330603800714,0.0004782676696777344,-6.29341229796518e-08,0.00013158765889832776,-0.5117910504341125,-0.5113127827644348,True,0.04349549114704132,0,0.9998123827392121,40,40
theta2,T3,batch1_0_127,0,"theta2|batch1_0_127|1,4",1,4,"(1,4)",23,6.238329887390137,7.38838529586792,0.16899050772190094,0.00048206648509949444,0.000482022762298584,-4.3722800910459426e-08,9.070692160254414e-05,-0.49804794788360596,-0.4975659251213074,True,0.045459482818841934,0,0.9998123827392121,40,40
theta2,T3,batch1_0_127,0,"theta2|batch1_0_127|1,4",1,4,"(1,4)",24,6.150172710418701,7.42399787902832,0.1703808754682541,0.0004851097771752393,0.0004850029945373535,-1.0678263788580248e-07,0.00022016902800293616,-0.48695600032806396,-0.4864709973335266,True,0.04742804169654846,0,0.9998123827392121,40,40
theta2,T3,batch1_0_127,0,"theta2|batch1_0_127|1,4",1,4,"(1,4)",25,6.064316749572754,7.458350658416748,0.17160673439502716,0.00048442785727092997,0.0004843473434448242,-8.051382610575405e-08,0.00016623158399737566,-0.47340551018714905,-0.4729211628437042,True,0.049400847405195236,0,0.9998123827392121,40,40
theta2,T3,batch1_0_127,0,"theta2|batch1_0_127|1,4",1,4,"(1,4)",26,5.977514266967773,7.48719596862793,0.1735326647758484,0.00048710861481959,0.0004870593547821045,-4.926003748553483e-08,0.00010113764780798075,-0.4600071907043457,-0.4595201313495636,True,0.05137571692466736,0,0.9998123827392121,40,40
theta2,T3,batch1_0_127,0,"theta2|batch1_0_127|1,4",1,4,"(1,4)",27,5.891648769378662,7.523319244384766,0.17515210807323456,0.0004931289582746104,0.0004930794239044189,-4.953437019144646e-08,0.00010045921161992851,-0.4509819447994232,-0.4504888653755188,True,0.05335118621587753,0,0.9998123827392121,40,40
theta2,T3,batch1_0_127,0,"theta2|batch1_0_127|1,4",1,4,"(1,4)",28,5.8051557540893555,7.551153659820557,0.17721013724803925,0.000499046697106678,0.0004990100860595703,-3.661104710768557e-08,7.336734893834402e-05,-0.44000720977783203,-0.43950819969177246,True,0.055324748158454895,0,0.9998123827392121,40,40
theta2,T3,batch1_0_127,0,"theta2|batch1_0_127|1,4",1,4,"(1,4)",29,5.715902328491211,7.584664821624756,0.1788797676563263,0.0005042789534491022,0.0005041062831878662,-1.7267026123594237e-07,0.00034252749270255185,-0.4281907379627228,-0.4276866316795349,True,0.05729488655924797,0,0.9998123827392121,40,40
theta2,T3,batch1_0_127,0,"theta2|batch1_0_127|1,4",1,4,"(1,4)",30,5.628087043762207,7.621977806091309,0.18098804354667664,0.0005072871730662882,0.0005072951316833496,7.95861706138351e-09,1.568833715193472e-05,-0.4179965853691101,-0.41748929023742676,True,0.059257276356220245,0,0.9998123827392121,40,40
theta2,T3,batch1_0_127,0,"theta2|batch1_0_127|1,4",1,4,"(1,4)",31,5.54168176651001,7.660391330718994,0.18272577226161957,0.0005118310273101087,0.0005117654800415039,-6.554726860483022e-08,0.00012808067593678723,-0.406174898147583,-0.4056631326675415,True,0.061212193220853806,0,0.9998123827392121,40,40
theta2,T3,batch1_0_127,0,"theta2|batch1_0_127|1,4",1,4,"(1,4)",32,5.456508636474609,7.688871383666992,0.18442264199256897,0.0005164771893178113,0.000516355037689209,-1.2215162860232994e-07,0.00023656519194425343,-0.3925477862358093,-0.3920314311981201,True,0.06315705180168152,0,0.9998123827392121,40,40
theta2,T3,batch1_0_127,0,"theta2|batch1_0_127|1,4",1,4,"(1,4)",33,5.371887683868408,7.720718860626221,0.18679995834827423,0.0005201129268098157,0.0005200803279876709,-3.2598822144827046e-08,6.268035991855442e-05,-0.3798433840274811,-0.3793233036994934,True,0.06509120017290115,0,0.9998123827392121,40,40
theta2,T3,batch1_0_127,0,"theta2|batch1_0_127|1,4",1,4,"(1,4)",34,5.287693977355957,7.747579097747803,0.1894313246011734,0.000522958129295148,0.0005228519439697266,-1.0618532542139292e-07,0.00020308870732159144,-0.36624544858932495,-0.3657225966453552,True,0.06701146811246872,0,0.9998123827392121,40,40
theta2,T3,batch1_0_127,0,"theta2|batch1_0_127|1,4",1,4,"(1,4)",35,5.208930015563965,7.772922515869141,0.19156786799430847,0.0005259907261352055,0.0005259513854980469,-3.934063715863457e-08,7.479899900136428e-05,-0.3534090518951416,-0.35288310050964355,True,0.06891663372516632,0,0.9998123827392121,40,40
theta2,T3,batch1_0_127,0,"theta2|batch1_0_127|1,4",1,4,"(1,4)",36,5.1251115798950195,7.797672271728516,0.19398337602615356,0.0005260756515490357,0.0005260109901428223,-6.466140621346709e-08,0.00012292786163253024,-0.33965620398521423,-0.3391301929950714,True,0.07080377638339996,0,0.9998123827392121,40,40
theta2,T3,batch1_0_127,0,"theta2|batch1_0_127|1,4",1,4,"(1,4)",37,5.0500335693359375,7.818553447723389,0.1962577849626541,0.0005200989191653207,0.0005199611186981201,-1.378004672005417e-07,0.0002650207145210527,-0.3248511254787445,-0.3243311643600464,True,0.07266944646835327,0,0.9998123827392121,40,40
theta2,T3,batch1_0_127,0,"theta2|batch1_0_127|1,4",1,4,"(1,4)",38,4.973424911499023,7.840556621551514,0.19874626398086548,0.0005157383518817369,0.0005156993865966797,-3.8965285057237543e-08,7.555813729852597e-05,-0.3086230456829071,-0.3081073462963104,True,0.07451247423887253,0,0.9998123827392121,40,40
theta2,T3,batch1_0_127,0,"theta2|batch1_0_127|1,4",1,4,"(1,4)",39,4.897187232971191,7.8583760261535645,0.2012612223625183,0.0005130450949654915,0.000512927770614624,-1.1732435086745253e-07,0.00022873464372355335,-0.2909031808376312,-0.2903902530670166,True,0.0763309970498085,0,0.9998123827392121,40,40
theta2,T3,batch1_0_127,0,"theta2|batch1_0_127|1,5",1,5,"(1,5)",0,8.40677261352539,6.752513885498047,0.08456778526306152,0.00026959657145198435,0.0002695620059967041,-3.456545528024869e-08,0.00012822821655612444,-0.35255005955696106,-0.35228049755096436,True,0.0019545170944184065,0,1.0,40,40
theta2,T3,batch1_0_127,0,"theta2|batch1_0_127|1,5",1,5,"(1,5)",1,8.240421295166016,6.764817714691162,0.08795736730098724,0.00027419352112337947,0.0002741515636444092,-4.195747897029053e-08,0.00015304482824220498,-0.35957783460617065,-0.35930368304252625,True,0.0038861348293721676,0,1.0,40,40
theta2,T3,batch1_0_127,0,"theta2|batch1_0_127|1,5",1,5,"(1,5)",2,8.075227737426758,6.782823085784912,0.09098082035779953,0.00027887053898302837,0.00027880072593688965,-6.981304613871758e-08,0.00025040482195344327,-0.36335450410842896,-0.36307570338249207,True,0.005794894881546497,0,1.0,40,40
theta2,T3,batch1_0_127,0,"theta2|batch1_0_127|1,5",1,5,"(1,5)",3,7.915349960327148,6.808981895446777,0.0942741185426712,0.00028329531650524587,0.00028327107429504395,-2.4242210201926018e-08,8.557954694899872e-05,-0.3673989474773407,-0.36711567640304565,True,0.007682558614760637,0,1.0,40,40
theta2,T3,batch1_0_127,0,"theta2|batch1_0_127|1,5",1,5,"(1,5)",4,7.756711959838867,6.836889743804932,0.09762950986623764,0.00028826236427994444,0.00028827786445617676,1.550017623231986e-08,5.376818043785722e-05,-0.3698764741420746,-0.3695881962776184,True,0.009549723006784916,0,1.0,40,40
theta2,T3,batch1_0_127,0,"theta2|batch1_0_127|1,5",1,5,"(1,5)",5,7.60311222076416,6.863481521606445,0.10105542838573456,0.00029709625139366836,0.0002970695495605469,-2.6701833121488532e-08,8.988411353835622e-05,-0.3717052638530731,-0.3714081943035126,True,0.011401280760765076,0,1.0,40,40
theta2,T3,batch1_0_127,0,"theta2|batch1_0_127|1,5",1,5,"(1,5)",6,7.453508377075195,6.902778625488281,0.10392238944768906,0.0003038814048632048,0.0003039538860321045,7.248116889969555e-08,0.00023846107001915376,-0.37148866057395935,-0.37118470668792725,True,0.01323690079152584,0,1.0,40,40
theta2,T3,batch1_0_127,0,"theta2|batch1_0_127|1,5",1,5,"(1,5)",7,7.307090759277344,6.945220947265625,0.10732465237379074,0.0003148094813222997,0.0003148019313812256,-7.549941074126536e-09,2.3983147247541966e-05,-0.37136390805244446,-0.37104910612106323,True,0.015062185004353523,0,1.0,40,40
theta2,T3,batch1_0_127,0,"theta2|batch1_0_127|1,5",1,5,"(1,5)",8,7.165122985839844,6.997004985809326,0.1102595254778862,0.0003247570996754803,0.0003247559070587158,-1.1926167644595032e-09,3.6723481807026166e-06,-0.36830949783325195,-0.36798474192619324,True,0.016874615103006363,0,1.0,40,40
theta2,T3,batch1_0_127,0,"theta2|batch1_0_127|1,5",1,5,"(1,5)",9,7.024038314819336,7.051027297973633,0.11284241825342178,0.0003363863455306273,0.000336378812789917,-7.532740710326172e-09,2.239362416392941e-05,-0.36412978172302246,-0.36379340291023254,True,0.018676243722438812,0,1.0,40,40
theta2,T3,batch1_0_127,0,"theta2|batch1_0_127|1,5",1,5,"(1,5)",10,6.889446258544922,7.114840507507324,0.1150830090045929,0.0003477471473161131,0.0003477931022644043,4.595494829118252e-08,0.00013213300664095972,-0.3594781458377838,-0.3591303527355194,True,0.020469188690185547,0,1.0,40,40
theta2,T3,batch1_0_127,0,"theta2|batch1_0_127|1,5",1,5,"(1,5)",11,6.755399227142334,7.177769184112549,0.11777554452419281,0.00036105089346528984,0.0003610551357269287,4.242261638872681e-09,1.174962275590276e-05,-0.35426315665245056,-0.35390210151672363,True,0.02225489541888237,0,1.0,40,40
theta2,T3,batch1_0_127,0,"theta2|batch1_0_127|1,5",1,5,"(1,5)",12,6.627086639404297,7.241351127624512,0.11989118903875351,0.00037461561933741904,0.0003745853900909424,-3.02292464766582e-08,8.070054859672744e-05,-0.34850865602493286,-0.3481340706348419,True,0.024034934118390083,0,1.0,40,40
theta2,T3,batch1_0_127,0,"theta2|batch1_0_127|1,5",1,5,"(1,5)",13,6.5008063316345215,7.3126091957092285,0.12175692617893219,0.000388492833939381,0.0003884732723236084,-1.956161577257873e-08,5.0355113636449597e-05,-0.3413907587528229,-0.34100228548049927,True,0.025809917598962784,0,1.0,40,40
theta2,T3,batch1_0_127,0,"theta2|batch1_0_127|1,5",1,5,"(1,5)",14,6.379425048828125,7.387421607971191,0.12350870668888092,0.00040366063080728056,0.000403672456741333,1.1825934052443927e-08,2.929586563301692e-05,-0.3348570168018341,-0.3344533443450928,True,0.02757943421602249,0,1.0,40,40
theta2,T3,batch1_0_127,0,"theta2|batch1_0_127|1,5",1,5,"(1,5)",15,6.256509780883789,7.469966411590576,0.1250341683626175,0.0004196379109052941,0.0004196465015411377,8.590635843582373e-09,2.0471124653806362e-05,-0.3271385133266449,-0.32671886682510376,True,0.029347075149416924,0,1.0,40,40
theta2,T3,batch1_0_127,0,"theta2|batch1_0_127|1,5",1,5,"(1,5)",16,6.137181282043457,7.55010461807251,0.1266213357448578,0.0004366684999258723,0.00043657422065734863,-9.427926852368729e-08,0.000215952440759629,-0.31971660256385803,-0.3192800283432007,True,0.03111056610941887,0,1.0,40,40
theta2,T3,batch1_0_127,0,"theta2|batch1_0_127|1,5",1,5,"(1,5)",17,6.019987106323242,7.644137859344482,0.12747685611248016,0.0004540040895371931,0.0004540383815765381,3.429203934501119e-08,7.552674121060076e-05,-0.31140342354774475,-0.3109493851661682,True,0.03287149965763092,0,1.0,40,40
theta2,T3,batch1_0_127,0,"theta2|batch1_0_127|1,5",1,5,"(1,5)",18,5.904576301574707,7.741351127624512,0.1278240978717804,0.000467433759913547,0.0004674196243286133,-1.413558493369195e-08,3.0241744672136638e-05,-0.30066829919815063,-0.300200879573822,True,0.03462830185890198,0,1.0,40,40
theta2,T3,batch1_0_127,0,"theta2|batch1_0_127|1,5",1,5,"(1,5)",19,5.792978286743164,7.8411431312561035,0.12812592089176178,0.00047918336110160456,0.00047913193702697754,-5.1424074627021144e-08,0.00010732758694005762,-0.2891937494277954,-0.28871461749076843,True,0.03637750819325447,0,1.0,40,40
theta2,T3,batch1_0_127,0,"theta2|batch1_0_127|1,5",1,5,"(1,5)",20,5.6836771965026855,7.941975116729736,0.12889429926872253,0.00049468906490074,0.0004946291446685791,-5.992023216093347e-08,0.00012114173377527597,-0.2780849039554596,-0.277590274810791,True,0.03811905160546303,0,1.0,40,40
theta2,T3,batch1_0_127,0,"theta2|batch1_0_127|1,5",1,5,"(1,5)",21,5.574158668518066,8.046548843383789,0.12894779443740845,0.0005060600110664381,0.0005060732364654541,1.3225399015954348e-08,2.6133369763483133e-05,-0.2658034563064575,-0.26529738306999207,True,0.03985088691115379,0,1.0,40,40
theta2,T3,batch1_0_127,0,"theta2|batch1_0_127|1,5",1,5,"(1,5)",22,5.471052169799805,8.148385047912598,0.12915804982185364,0.000516131121563376,0.0005160868167877197,-4.430477565625212e-08,8.58475245153876e-05,-0.25313422083854675,-0.25261813402175903,True,0.04157145693898201,0,1.0,40,40
theta2,T3,batch1_0_127,0,"theta2|batch1_0_127|1,5",1,5,"(1,5)",23,5.369160175323486,8.25798511505127,0.12895667552947998,0.0005261813605538919,0.0005261600017547607,-2.1358799131144905e-08,4.059373395908586e-05,-0.24147282540798187,-0.2409466654062271,True,0.04327764734625816,0,1.0,40,40
theta2,T3,batch1_0_127,0,"theta2|batch1_0_127|1,5",1,5,"(1,5)",24,5.275758266448975,8.375134468078613,0.12865829467773438,0.0005393383960981737,0.0005393028259277344,-3.557017043930022e-08,6.595583914864662e-05,-0.23147433996200562,-0.23093503713607788,True,0.04497075825929642,0,1.0,40,40
theta2,T3,batch1_0_127,0,"theta2|batch1_0_127|1,5",1,5,"(1,5)",25,5.180839538574219,8.494322776794434,0.12825565040111542,0.000547404084023583,0.0005473941564559937,-9.92756758939374e-09,1.8136049631344286e-05,-0.21952246129512787,-0.21897506713867188,True,0.046646952629089355,0,1.0,40,40
theta2,T3,batch1_0_127,0,"theta2|batch1_0_127|1,5",1,5,"(1,5)",26,5.085204124450684,8.6157808303833,0.12741775810718536,0.0005506579677348782,0.0005506128072738647,-4.516046101345813e-08,8.201854445967534e-05,-0.2076159119606018,-0.20706529915332794,True,0.048305608332157135,0,1.0,40,40
theta2,T3,batch1_0_127,0,"theta2|batch1_0_127|1,5",1,5,"(1,5)",27,4.996927261352539,8.73694133758545,0.12693525850772858,0.0005561693433228357,0.0005561709403991699,1.5970763342452315e-09,2.8715565993055887e-06,-0.19699618220329285,-0.19644001126289368,True,0.049944065511226654,0,1.0,40,40
theta2,T3,batch1_0_127,0,"theta2|batch1_0_127|1,5",1,5,"(1,5)",28,4.910180568695068,8.85901165008545,0.1261926293373108,0.0005579285961466667,0.0005578994750976562,-2.9121049010464965e-08,5.219766339691848e-05,-0.18584595620632172,-0.18528805673122406,True,0.051560770720243454,0,1.0,40,40
theta2,T3,batch1_0_127,0,"theta2|batch1_0_127|1,5",1,5,"(1,5)",29,4.825814247131348,8.98011302947998,0.12529566884040833,0.0005556762480955513,0.0005556643009185791,-1.194717697222767e-08,2.1500709965490976e-05,-0.17526735365390778,-0.1747116893529892,True,0.05315263941884041,0,1.0,40,40
theta2,T3,batch1_0_127,0,"theta2|batch1_0_127|1,5",1,5,"(1,5)",30,4.746815204620361,9.09506893157959,0.12458380311727524,0.0005536166299061734,0.0005536079406738281,-8.689232345259444e-09,1.5695642542054724e-05,-0.16476406157016754,-0.1642104536294937,True,0.05471949279308319,0,1.0,40,40
theta2,T3,batch1_0_127,0,"theta2|batch1_0_127|1,5",1,5,"(1,5)",31,4.671317100524902,9.217812538146973,0.12345897406339645,0.0005477990741637769,0.0005477666854858398,-3.2388677937019404e-08,5.912860127353742e-05,-0.15445175766944885,-0.153903990983963,True,0.056260380893945694,0,1.0,40,40
theta2,T3,batch1_0_127,0,"theta2|batch1_0_127|1,5",1,5,"(1,5)",32,4.598791599273682,9.331016540527344,0.12222670018672943,0.0005410169616952772,0.0005409568548202515,-6.010687502572536e-08,0.00011111214229034515,-0.14440107345581055,-0.1438601166009903,True,0.05777496099472046,0,1.0,40,40
theta2,T3,batch1_0_127,0,"theta2|batch1_0_127|1,5",1,5,"(1,5)",33,4.5297064781188965,9.444464683532715,0.12118812650442123,0.0005341040877137858,0.0005341023206710815,-1.7670427042166398e-09,3.3084347995275703e-06,-0.13489754498004913,-0.13436344265937805,True,0.05926165729761124,0,1.0,40,40
theta2,T3,batch1_0_127,0,"theta2|batch1_0_127|1,5",1,5,"(1,5)",34,4.463457107543945,9.55323600769043,0.12014090269804001,0.0005248192799226672,0.0005248188972473145,-3.826753527773341e-10,7.291569621148818e-07,-0.12550954520702362,-0.1249847263097763,True,0.06072019413113594,0,1.0,40,40
theta2,T3,batch1_0_127,0,"theta2|batch1_0_127|1,5",1,5,"(1,5)",35,4.39991569519043,9.661064147949219,0.11893767863512039,0.0005135131141723832,0.0005135014653205872,-1.16488517960334e-08,2.2685138373969073e-05,-0.11670328676700592,-0.11618978530168533,True,0.062149420380592346,0,1.0,40,40
theta2,T3,batch1_0_127,0,"theta2|batch1_0_127|1,5",1,5,"(1,5)",36,4.340210914611816,9.76759147644043,0.11779319494962692,0.0005021933444986644,0.0005021765828132629,-1.6761685401418466e-08,3.33780705335107e-05,-0.10796654224395752,-0.10746436566114426,True,0.06354992836713791,0,1.0,40,40
theta2,T3,batch1_0_127,0,"theta2|batch1_0_127|1,5",1,5,"(1,5)",37,4.283321380615234,9.873799324035645,0.11661947518587112,0.0004905028393477551,0.0004904717206954956,-3.111865225951301e-08,6.344637406492333e-05,-0.09993530809879303,-0.09944483637809753,True,0.06492084264755249,0,1.0,40,40
theta2,T3,batch1_0_127,0,"theta2|batch1_0_127|1,5",1,5,"(1,5)",38,4.228304862976074,9.972387313842773,0.11564499884843826,0.00047961210630091954,0.0004796162247657776,4.118464858049193e-09,8.587000700529806e-06,-0.09260972589254379,-0.09213010966777802,True,0.06626293063163757,0,1.0,40,40
theta2,T3,batch1_0_127,0,"theta2|batch1_0_127|1,5",1,5,"(1,5)",39,4.176136016845703,10.070693969726562,0.11473953723907471,0.0004692872035120672,0.00046925991773605347,-2.7285776013738668e-08,5.814640241463412e-05,-0.08596666902303696,-0.0854974091053009,True,0.06757614761590958,0,1.0,40,40
theta2,T3,batch1_0_127,0,"theta2|batch1_0_127|1,6",1,6,"(1,6)",0,8.89056396484375,6.752513885498047,0.39665547013282776,0.00264069036138244,0.0026400089263916016,-6.814349908382603e-07,0.0002581184419590787,-2.2362418174743652,-2.2336018085479736,True,0.002013188088312745,0,1.0,40,40
theta2,T3,batch1_0_127,0,"theta2|batch1_0_127|1,6",1,6,"(1,6)",1,8.703178405761719,6.7190093994140625,0.3811541199684143,0.002403343867743388,0.002402782440185547,-5.614275578411793e-07,0.00023365725853973898,-2.0858099460601807,-2.083407163619995,True,0.004006645642220974,0,1.0,40,40
theta2,T3,batch1_0_127,0,"theta2|batch1_0_127|1,6",1,6,"(1,6)",2,8.509554862976074,6.699395179748535,0.36483660340309143,0.002187308725900948,0.002187013626098633,-2.9509980231526636e-07,0.0001349327680420943,-1.9368386268615723,-1.9346516132354736,True,0.005980126094073057,0,1.0,40,40
theta2,T3,batch1_0_127,0,"theta2|batch1_0_127|1,6",1,6,"(1,6)",3,8.318830490112305,6.693760871887207,0.34791091084480286,0.001983315384015441,0.001983046531677246,-2.688523381946979e-07,0.0001355754057708896,-1.791303038597107,-1.7893199920654297,True,0.007930007763206959,0,1.0,40,40
theta2,T3,batch1_0_127,0,"theta2|batch1_0_127|1,6",1,6,"(1,6)",4,8.130492210388184,6.696956634521484,0.332051545381546,0.0017987362314015626,0.0017986297607421875,-1.0647065937512308e-07,5.91954284861766e-05,-1.6573326587677002,-1.655534029006958,True,0.00985366478562355,0,1.0,40,40
theta2,T3,batch1_0_127,0,"theta2|batch1_0_127|1,6",1,6,"(1,6)",5,7.947749137878418,6.712306022644043,0.3156123161315918,0.001625283128465526,0.0016251802444458008,-1.0288401972513225e-07,6.330622100333032e-05,-1.5228215456008911,-1.5211963653564453,True,0.011750423349440098,0,1.0,40,40
theta2,T3,batch1_0_127,0,"theta2|batch1_0_127|1,6",1,6,"(1,6)",6,7.773412704467773,6.737331390380859,0.30021700263023376,0.0014655745999771171,0.001465439796447754,-1.3480352936321403e-07,9.198844585084943e-05,-1.3963963985443115,-1.3949309587478638,True,0.013621310703456402,0,1.0,40,40
theta2,T3,batch1_0_127,0,"theta2|batch1_0_127|1,6",1,6,"(1,6)",7,7.606448650360107,6.773094654083252,0.28410616517066956,0.001321214208554011,0.0013210773468017578,-1.3686175225307955e-07,0.00010359859139543414,-1.266373634338379,-1.2650525569915771,True,0.015470821410417557,0,1.0,40,40
theta2,T3,batch1_0_127,0,"theta2|batch1_0_127|1,6",1,6,"(1,6)",8,7.449605464935303,6.819594383239746,0.27028828859329224,0.0012047540160710923,0.0012046098709106445,-1.441451604477801e-07,0.00011966128115720255,-1.1539641618728638,-1.1527595520019531,True,0.017304416745901108,0,1.0,40,40
theta2,T3,batch1_0_127,0,"theta2|batch1_0_127|1,6",1,6,"(1,6)",9,7.299430847167969,6.874815464019775,0.2576138973236084,0.0011066466942429543,0.00110626220703125,-3.844872117043322e-07,0.000347555226293174,-1.0512770414352417,-1.0501707792282104,True,0.01912675052881241,0,1.0,40,40
theta2,T3,batch1_0_127,0,"theta2|batch1_0_127|1,6",1,6,"(1,6)",10,7.156154632568359,6.940507888793945,0.24591824412345886,0.0010218164388788864,0.0010216832160949707,-1.3322278391569853e-07,0.00013039539244355639,-0.9575929641723633,-0.9565712809562683,True,0.020940449088811874,0,1.0,40,40
theta2,T3,batch1_0_127,0,"theta2|batch1_0_127|1,6",1,6,"(1,6)",11,7.016386032104492,7.013559818267822,0.23481041193008423,0.000945396688679466,0.0009453892707824707,-7.417896995330457e-09,7.846394310346767e-06,-0.8658369183540344,-0.864891529083252,True,0.022747816517949104,0,1.0,40,40
theta2,T3,batch1_0_127,0,"theta2|batch1_0_127|1,6",1,6,"(1,6)",12,6.8814697265625,7.092828273773193,0.22383303940296173,0.0008740115985274316,0.0008739829063415527,-2.8692185878825653e-08,3.282923003486379e-05,-0.7764678597450256,-0.7755938768386841,True,0.02454979717731476,0,1.0,40,40
theta2,T3,batch1_0_127,0,"theta2|batch1_0_127|1,6",1,6,"(1,6)",13,6.749782085418701,7.179736614227295,0.21319645643234253,0.0008096679587906693,0.0008096098899841309,-5.806880653842078e-08,7.172442834111004e-05,-0.6930990815162659,-0.6922894716262817,True,0.026347007602453232,0,1.0,40,40
theta2,T3,batch1_0_127,0,"theta2|batch1_0_127|1,6",1,6,"(1,6)",14,6.626096248626709,7.272886753082275,0.20407024025917053,0.0007488837555865757,0.0007488131523132324,-7.06032733432992e-08,9.428690338196073e-05,-0.6220423579216003,-0.6212935447692871,True,0.028139229863882065,0,1.0,40,40
theta2,T3,batch1_0_127,0,"theta2|batch1_0_127|1,6",1,6,"(1,6)",15,6.501392364501953,7.371833324432373,0.19597679376602173,0.0006988619238254614,0.0006988644599914551,2.5361659936875766e-09,3.628981210059796e-06,-0.5578518509864807,-0.5571529865264893,True,0.029925541952252388,0,1.0,40,40
theta2,T3,batch1_0_127,0,"theta2|batch1_0_127|1,6",1,6,"(1,6)",16,6.382362365722656,7.474253177642822,0.1877421885728836,0.0006457948554016185,0.0006458163261413574,2.1470739738969728e-08,3.3245891857912206e-05,-0.4951938986778259,-0.49454808235168457,True,0.031705621629953384,0,1.0,40,40
theta2,T3,batch1_0_127,0,"theta2|batch1_0_127|1,6",1,6,"(1,6)",17,6.266484260559082,7.578490257263184,0.18023885786533356,0.0006023450224747649,0.0006023049354553223,-4.008701944262921e-08,6.655602018656011e-05,-0.44040775299072266,-0.43980544805526733,True,0.033478934317827225,0,1.0,40,40
theta2,T3,batch1_0_127,0,"theta2|batch1_0_127|1,6",1,6,"(1,6)",18,6.154599189758301,7.69042444229126,0.17319680750370026,0.0005615727536496706,0.0005615651607513428,-7.592898327874603e-09,1.3520956887203847e-05,-0.39090320467948914,-0.3903416395187378,True,0.03524487465620041,0,1.0,40,40
theta2,T3,batch1_0_127,0,"theta2|batch1_0_127|1,6",1,6,"(1,6)",19,6.043193817138672,7.799400806427002,0.1672130525112152,0.0005305816953477915,0.0005304515361785889,-1.301591692026531e-07,0.0002453742902515264,-0.3470035791397095,-0.3464731276035309,True,0.03700322285294533,0,1.0,40,40
theta2,T3,batch1_0_127,0,"theta2|batch1_0_127|1,6",1,6,"(1,6)",20,5.9365739822387695,7.914057731628418,0.16169564425945282,0.0005032912205933826,0.000503242015838623,-4.920475475960091e-08,9.777552988616044e-05,-0.3073219060897827,-0.3068186640739441,True,0.03875333443284035,0,1.0,40,40
theta2,T3,batch1_0_127,0,"theta2|batch1_0_127|1,6",1,6,"(1,6)",21,5.833740234375,8.031242370605469,0.15634597837924957,0.0004795136222965084,0.0004794597625732422,-5.385972326623191e-08,0.00011233418833140208,-0.2697139084339142,-0.26923444867134094,True,0.04049587622284889,0,1.0,40,40
theta2,T3,batch1_0_127,0,"theta2|batch1_0_127|1,6",1,6,"(1,6)",22,5.731723308563232,8.159782409667969,0.15109245479106903,0.0004590251397166867,0.00045897066593170166,-5.4473784985022925e-08,0.00011868685523603602,-0.23493771255016327,-0.23447874188423157,True,0.04222910478711128,0,1.0,40,40
theta2,T3,batch1_0_127,0,"theta2|batch1_0_127|1,6",1,6,"(1,6)",23,5.630715370178223,8.293144226074219,0.14625859260559082,0.0004405842851265334,0.0004405081272125244,-7.615791400896734e-08,0.00017288651287976066,-0.20400089025497437,-0.20356038212776184,True,0.04395192116498947,0,1.0,40,40
theta2,T3,batch1_0_127,0,"theta2|batch1_0_127|1,6",1,6,"(1,6)",24,5.534265041351318,8.421789169311523,0.14196805655956268,0.00042500875174300746,0.00042495131492614746,-5.7436816860002935e-08,0.00013516093454137191,-0.17581616342067719,-0.17539121210575104,True,0.045664310455322266,0,1.0,40,40
theta2,T3,batch1_0_127,0,"theta2|batch1_0_127|1,6",1,6,"(1,6)",25,5.440034866333008,8.552441596984863,0.13795851171016693,0.00041250798376859165,0.00041243433952331543,-7.364424527622412e-08,0.00017855992631782524,-0.15230733156204224,-0.15189489722251892,True,0.04736539348959923,0,1.0,40,40
theta2,T3,batch1_0_127,0,"theta2|batch1_0_127|1,6",1,6,"(1,6)",26,5.345480918884277,8.6849946975708,0.1344781517982483,0.0004026084366632858,0.0004025101661682129,-9.827049507292593e-08,0.0002441441318325802,-0.13136574625968933,-0.13096323609352112,True,0.04905333369970322,0,1.0,40,40
theta2,T3,batch1_0_127,0,"theta2|batch1_0_127|1,6",1,6,"(1,6)",27,5.254532337188721,8.813761711120605,0.13173554837703705,0.0003968029763636878,0.000396728515625,-7.44607386877886e-08,0.00018768688348626592,-0.11311253160238266,-0.11271580308675766,True,0.050726909190416336,0,1.0,40,40
theta2,T3,batch1_0_127,0,"theta2|batch1_0_127|1,6",1,6,"(1,6)",28,5.1665143966674805,8.946685791015625,0.12879128754138947,0.0003909550015523564,0.000390857458114624,-9.754343773237797e-08,0.00024956268764295163,-0.0955628976225853,-0.09517204016447067,True,0.05238533020019531,0,1.0,40,40
theta2,T3,batch1_0_127,0,"theta2|batch1_0_127|1,6",1,6,"(1,6)",29,5.080394744873047,9.083758354187012,0.12616263329982758,0.0003868412890151376,0.0003867596387863159,-8.165022882166079e-08,0.0002111136236394419,-0.07998225837945938,-0.07959549874067307,True,0.05402686819434166,0,1.0,40,40
theta2,T3,batch1_0_127,0,"theta2|batch1_0_127|1,6",1,6,"(1,6)",30,4.995861053466797,9.213706016540527,0.12481016665697098,0.0003854386755556334,0.0003853514790534973,-8.719650213608347e-08,0.00022627784471012296,-0.06718456000089645,-0.06679920852184296,True,0.05564981326460838,0,1.0,40,40
theta2,T3,batch1_0_127,0,"theta2|batch1_0_127|1,6",1,6,"(1,6)",31,4.915131092071533,9.34173583984375,0.12354817986488342,0.0003848263840554864,0.000384744256734848,-8.212732063839732e-08,0.00021345951031309752,-0.0563696026802063,-0.05598485842347145,True,0.05725354328751564,0,1.0,40,40
theta2,T3,batch1_0_127,0,"theta2|batch1_0_127|1,6",1,6,"(1,6)",32,4.836740493774414,9.476311683654785,0.1224527582526207,0.0003846125829513767,0.0003845319151878357,-8.066776354098129e-08,0.00020978171214105023,-0.04698028042912483,-0.046595748513936996,True,0.05883652716875076,0,1.0,40,40
theta2,T3,batch1_0_127,0,"theta2|batch1_0_127|1,6",1,6,"(1,6)",33,4.760954856872559,9.604290008544922,0.12219392508268356,0.0003858130411244929,0.00038573145866394043,-8.158246055247438e-08,0.0002115006663834261,-0.03878399729728699,-0.03839826583862305,True,0.06039777025580406,0,1.0,40,40
theta2,T3,batch1_0_127,0,"theta2|batch1_0_127|1,6",1,6,"(1,6)",34,4.687994003295898,9.737630844116211,0.12131106853485107,0.00038514712309370224,0.0003850683569908142,-7.876610288803194e-08,0.00020455096207739267,-0.0315813384950161,-0.031196270138025284,True,0.0619361512362957,0,1.0,40,40
theta2,T3,batch1_0_127,0,"theta2|batch1_0_127|1,6",1,6,"(1,6)",35,4.618387699127197,9.867117881774902,0.12098468095064163,0.00038533201929203645,0.0003852527588605881,-7.926043144837643e-08,0.00020573618131326218,-0.02484792284667492,-0.02446267008781433,True,0.06345093995332718,0,1.0,40,40
theta2,T3,batch1_0_127,0,"theta2|batch1_0_127|1,6",1,6,"(1,6)",36,4.551065921783447,9.988716125488281,0.12064063549041748,0.00038418598394491713,0.0003841109573841095,-7.502656080763228e-08,0.00019532522924777177,-0.01908712089061737,-0.01870300993323326,True,0.0649414211511612,0,1.0,40,40
theta2,T3,batch1_0_127,0,"theta2|batch1_0_127|1,6",1,6,"(1,6)",37,4.487194061279297,10.110358238220215,0.12066750973463058,0.00038422572444687833,0.0003841547295451164,-7.09949017619043e-08,0.0001848080898183148,-0.013824820518493652,-0.013440665788948536,True,0.06640692055225372,0,1.0,40,40
theta2,T3,batch1_0_127,0,"theta2|batch1_0_127|1,6",1,6,"(1,6)",38,4.425952911376953,10.233567237854004,0.1204327642917633,0.00038317069687218464,0.00038310233503580093,-6.836183638370434e-08,0.00017844275571255895,-0.009723442606627941,-0.00934034027159214,True,0.06784726679325104,0,1.0,40,40
theta2,T3,batch1_0_127,0,"theta2|batch1_0_127|1,6",1,6,"(1,6)",39,4.366493225097656,10.346287727355957,0.12033578753471375,0.00038155209486831157,0.00038148509338498116,-6.700148333041054e-08,0.00017563329339003827,-0.0058486927300691605,-0.005467207636684179,True,0.06926190108060837,0,1.0,40,40
theta2,T3,batch1_0_127,0,"theta2|batch1_0_127|1,7",1,7,"(1,7)",0,8.634380340576172,6.752513885498047,0.21870668232440948,0.0013664514553966,0.0013661384582519531,-3.129971446469426e-07,0.00022911085092168411,-1.3456432819366455,-1.3442771434783936,True,0.0020892731845378876,1,1.0,40,40
theta2,T3,batch1_0_127,0,"theta2|batch1_0_127|1,7",1,7,"(1,7)",1,8.463785171508789,6.75474214553833,0.2116680145263672,0.0012488947947858833,0.0012488365173339844,-5.8277451898958166e-08,4.6665397023598284e-05,-1.277048945426941,-1.275800108909607,True,0.004151200409978628,1,1.0,40,40
theta2,T3,batch1_0_127,0,"theta2|batch1_0_127|1,7",1,7,"(1,7)",2,8.293163299560547,6.765098571777344,0.20482325553894043,0.0011467236942844467,0.001146554946899414,-1.687473850325947e-07,0.00014717775671277856,-1.2111375331878662,-1.2099909782409668,True,0.006186918821185827,1,1.0,40,40
theta2,T3,batch1_0_127,0,"theta2|batch1_0_127|1,7",1,7,"(1,7)",3,8.131261825561523,6.781754493713379,0.19943097233772278,0.0010586059314082377,0.0010582208633422852,-3.8506806595249576e-07,0.00036388251195151893,-1.1546999216079712,-1.153641700744629,True,0.008198018185794353,1,1.0,40,40
theta2,T3,batch1_0_127,0,"theta2|batch1_0_127|1,7",1,7,"(1,7)",4,7.973017692565918,6.80312442779541,0.19349230825901031,0.0009782917395350524,0.000978231430053711,-6.030948134145599e-08,6.165154736251382e-05,-1.0977956056594849,-1.0968173742294312,True,0.010185620747506618,1,1.0,40,40
theta2,T3,batch1_0_127,0,"theta2|batch1_0_127|1,7",1,7,"(1,7)",5,7.820412635803223,6.834160804748535,0.18890385329723358,0.0009151721291709692,0.0009149312973022461,-2.408318687230869e-07,0.00026322399226390053,-1.0524535179138184,-1.0515385866165161,True,0.012154459953308105,1,1.0,40,40
theta2,T3,batch1_0_127,0,"theta2|batch1_0_127|1,7",1,7,"(1,7)",6,7.67810583114624,6.873266696929932,0.18472832441329956,0.0008559483807766811,0.0008558034896850586,-1.4489109162246425e-07,0.00016930416079021264,-1.007487416267395,-1.00663161277771,True,0.014106911607086658,1,1.0,40,40
theta2,T3,batch1_0_127,0,"theta2|batch1_0_127|1,7",1,7,"(1,7)",7,7.5373125076293945,6.914795398712158,0.18083985149860382,0.0007990479528089054,0.0007990002632141113,-4.768959479411767e-08,5.968658208231165e-05,-0.9643921852111816,-0.9635931849479675,True,0.016042247414588928,1,1.0,40,40
theta2,T3,batch1_0_127,0,"theta2|batch1_0_127|1,7",1,7,"(1,7)",8,7.394427299499512,6.964812755584717,0.17714795470237732,0.0007606932440248784,0.0007606148719787598,-7.837204611866634e-08,0.00010303775143756969,-0.925841212272644,-0.9250805974006653,True,0.017967144027352333,1,1.0,40,40
theta2,T3,batch1_0_127,0,"theta2|batch1_0_127|1,7",1,7,"(1,7)",9,7.257781982421875,7.025024890899658,0.1733034998178482,0.0007238516189099755,0.0007238984107971191,4.679188714360599e-08,6.463874826314539e-05,-0.8857957720756531,-0.885071873664856,True,0.019882362335920334,1,1.0,40,40
theta2,T3,batch1_0_127,0,"theta2|batch1_0_127|1,7",1,7,"(1,7)",10,7.126067638397217,7.086953163146973,0.16971229016780853,0.0006919878231710755,0.000691831111907959,-1.5671126311650897e-07,0.00022651664607034583,-0.8468366861343384,-0.8461448550224304,True,0.02179095521569252,1,1.0,40,40
theta2,T3,batch1_0_127,0,"theta2|batch1_0_127|1,7",1,7,"(1,7)",11,6.9949259757995605,7.1552629470825195,0.16521671414375305,0.0006581972980930005,0.0006581544876098633,-4.281048313721156e-08,6.504625273114978e-05,-0.8023326992988586,-0.8016745448112488,True,0.023692958056926727,1,1.0,40,40
theta2,T3,batch1_0_127,0,"theta2|batch1_0_127|1,7",1,7,"(1,7)",12,6.869269371032715,7.236157417297363,0.16066470742225647,0.0006265359554672614,0.0006264448165893555,-9.113887790594341e-08,0.00014548588397960422,-0.7596401572227478,-0.7590137124061584,True,0.02558980882167816,1,1.0,40,40
theta2,T3,batch1_0_127,0,"theta2|batch1_0_127|1,7",1,7,"(1,7)",13,6.747376441955566,7.324355602264404,0.15606839954853058,0.000598016884046956,0.0005978941917419434,-1.2269230501265726e-07,0.0002052073873726681,-0.7191339135169983,-0.7185360193252563,True,0.02748311497271061,1,1.0,40,40
theta2,T3,batch1_0_127,0,"theta2|batch1_0_127|1,7",1,7,"(1,7)",14,6.626728057861328,7.420236587524414,0.15132704377174377,0.0005729378450196236,0.0005728602409362793,-7.760408334434726e-08,0.00013546774204038252,-0.679009735584259,-0.6784368753433228,True,0.029373981058597565,1,1.0,40,40
theta2,T3,batch1_0_127,0,"theta2|batch1_0_127|1,7",1,7,"(1,7)",15,6.510231018066406,7.508671283721924,0.14609180390834808,0.00054383728466928,0.0005438327789306641,-4.505738615979277e-09,8.28515453746442e-06,-0.6381300091743469,-0.6375861763954163,True,0.0312621034681797,1,1.0,40,40
theta2,T3,batch1_0_127,0,"theta2|batch1_0_127|1,7",1,7,"(1,7)",16,6.395856857299805,7.608274936676025,0.14138929545879364,0.0005188761593817617,0.0005190372467041016,1.6108732233983004e-07,0.00031035792395004065,-0.5989752411842346,-0.5984562039375305,True,0.03314948081970215,1,1.0,40,40
theta2,T3,batch1_0_127,0,"theta2|batch1_0_127|1,7",1,7,"(1,7)",17,6.288022994995117,7.708674907684326,0.13688471913337708,0.0004922274251002818,0.0004921555519104004,-7.187318988143704e-08,0.0001460375476867971,-0.5597316026687622,-0.5592394471168518,True,0.03503565490245819,1,1.0,40,40
theta2,T3,batch1_0_127,0,"theta2|batch1_0_127|1,7",1,7,"(1,7)",18,6.178600311279297,7.819402694702148,0.13158410787582397,0.0004735366508102743,0.0004735589027404785,2.225193020420407e-08,4.6988727432706835e-05,-0.5215290188789368,-0.5210554599761963,True,0.03692295029759407,1,1.0,40,40
theta2,T3,batch1_0_127,0,"theta2|batch1_0_127|1,7",1,7,"(1,7)",19,6.0749077796936035,7.9298272132873535,0.1265980452299118,0.00044807806661083303,0.000448077917098999,-1.4951183401144125e-10,3.336737391108874e-07,-0.48413804173469543,-0.48368996381759644,True,0.03880847245454788,1,1.0,40,40
theta2,T3,batch1_0_127,0,"theta2|batch1_0_127|1,7",1,7,"(1,7)",20,5.971049785614014,8.050981521606445,0.1214284747838974,0.00042334248562838185,0.0004232823848724365,-6.010075594533107e-08,0.00014198737791425804,-0.4479954242706299,-0.44757214188575745,True,0.040692344307899475,1,1.0,40,40
theta2,T3,batch1_0_127,0,"theta2|batch1_0_127|1,7",1,7,"(1,7)",21,5.8714494705200195,8.1774320602417,0.11673759669065475,0.00039864142097212606,0.0003986656665802002,2.4245608074133142e-08,6.081689522480014e-05,-0.4114881157875061,-0.4110894501209259,True,0.04257312789559364,1,1.0,40,40
theta2,T3,batch1_0_127,0,"theta2|batch1_0_127|1,7",1,7,"(1,7)",22,5.771410942077637,8.30665397644043,0.11177206039428711,0.00037126082175382183,0.0003713071346282959,4.631287447406972e-08,0.00012472928784530927,-0.37877321243286133,-0.37840190529823303,True,0.0444464385509491,1,1.0,40,40
theta2,T3,batch1_0_127,0,"theta2|batch1_0_127|1,7",1,7,"(1,7)",23,5.675646781921387,8.435738563537598,0.1071053296327591,0.0003499488366287551,0.00034993886947631836,-9.96715243672952e-09,2.8482553114620592e-05,-0.34614068269729614,-0.3457907438278198,True,0.046314723789691925,1,1.0,40,40
theta2,T3,batch1_0_127,0,"theta2|batch1_0_127|1,7",1,7,"(1,7)",24,5.582118988037109,8.575203895568848,0.1023864820599556,0.0003286996554961661,0.0003286898136138916,-9.841882274484823e-09,2.994276630077127e-05,-0.31314101815223694,-0.31281232833862305,True,0.048177558928728104,1,1.0,40,40
theta2,T3,batch1_0_127,0,"theta2|batch1_0_127|1,7",1,7,"(1,7)",25,5.489293575286865,8.717612266540527,0.09774348139762878,0.0003083118412760086,0.000308305025100708,-6.816175300615804e-09,2.2108544284639202e-05,-0.28355515003204346,-0.28324684500694275,True,0.05003150925040245,1,1.0,40,40
theta2,T3,batch1_0_127,0,"theta2|batch1_0_127|1,7",1,7,"(1,7)",26,5.398789405822754,8.876450538635254,0.09311732649803162,0.00028978837758768353,0.0002897977828979492,9.4053102656891e-09,3.245473506262513e-05,-0.25531765818595886,-0.2550278604030609,True,0.05187547206878662,1,1.0,40,40
theta2,T3,batch1_0_127,0,"theta2|batch1_0_127|1,7",1,7,"(1,7)",27,5.308074474334717,9.03727912902832,0.08891483396291733,0.00027291913105000277,0.00027292966842651367,1.053737651090592e-08,3.860839523843524e-05,-0.23043806850910187,-0.23016513884067535,True,0.05370797589421272,1,1.0,40,40
theta2,T3,batch1_0_127,0,"theta2|batch1_0_127|1,7",1,7,"(1,7)",28,5.221698760986328,9.19898796081543,0.08527400344610214,0.0002559045984089607,0.00025588274002075195,-2.1858388208771586e-08,8.542345688106545e-05,-0.2084527611732483,-0.20819687843322754,True,0.055525295436382294,1,1.0,40,40
theta2,T3,batch1_0_127,0,"theta2|batch1_0_127|1,7",1,7,"(1,7)",29,5.137917518615723,9.357440948486328,0.0812157541513443,0.0002426093013273203,0.00024259090423583984,-1.8397091480450893e-08,7.58358667172689e-05,-0.186923548579216,-0.18668095767498016,True,0.05732935294508934,1,1.0,40,40
theta2,T3,batch1_0_127,0,"theta2|batch1_0_127|1,7",1,7,"(1,7)",30,5.055584907531738,9.522262573242188,0.07761169224977493,0.0002275919210514985,0.00022758543491363525,-6.48613786324078e-09,2.8499793344429785e-05,-0.16792422533035278,-0.16769663989543915,True,0.05911663547158241,1,1.0,40,40
theta2,T3,batch1_0_127,0,"theta2|batch1_0_127|1,7",1,7,"(1,7)",31,4.9745192527771,9.684540748596191,0.07431740313768387,0.00021193390532425838,0.00021190941333770752,-2.449198655086267e-08,0.00011557762425509261,-0.14935946464538574,-0.14914755523204803,True,0.06088367849588394,1,1.0,40,40
theta2,T3,batch1_0_127,0,"theta2|batch1_0_127|1,7",1,7,"(1,7)",32,4.894689559936523,9.85526180267334,0.07098495960235596,0.0001969261077247211,0.00019693374633789062,7.638613169536112e-09,3.878773095815737e-05,-0.13258984684944153,-0.13239291310310364,True,0.0626276507973671,1,1.0,40,40
theta2,T3,batch1_0_127,0,"theta2|batch1_0_127|1,7",1,7,"(1,7)",33,4.819637298583984,10.022019386291504,0.06828542053699493,0.00018502309346513356,0.00018502026796340942,-2.8255017241380666e-09,1.527130922054903e-05,-0.11954306811094284,-0.11935804784297943,True,0.06434880197048187,1,1.0,40,40
theta2,T3,batch1_0_127,0,"theta2|batch1_0_127|1,7",1,7,"(1,7)",34,4.743264198303223,10.195599555969238,0.06543377041816711,0.00017363029664556963,0.00017357617616653442,-5.412047903520555e-08,0.00031179670062140706,-0.1069820448756218,-0.10680846869945526,True,0.06604375690221786,1,1.0,40,40
theta2,T3,batch1_0_127,0,"theta2|batch1_0_127|1,7",1,7,"(1,7)",35,4.669063568115234,10.36252212524414,0.06304431706666946,0.00016238306876766728,0.0001623407006263733,-4.2368141293990056e-08,0.0002609828658526011,-0.09699009358882904,-0.09682775288820267,True,0.06770995259284973,1,1.0,40,40
theta2,T3,batch1_0_127,0,"theta2|batch1_0_127|1,7",1,7,"(1,7)",36,4.601910591125488,10.523931503295898,0.06058775633573532,0.00015298070773860672,0.0001529604196548462,-2.0288083760531097e-08,0.00013263616696600973,-0.08841079473495483,-0.08825783431529999,True,0.06934962421655655,1,1.0,40,40
theta2,T3,batch1_0_127,0,"theta2|batch1_0_127|1,7",1,7,"(1,7)",37,4.535829067230225,10.677191734313965,0.05833980068564415,0.00014330397411686135,0.0001433044672012329,4.930843715647039e-10,3.440816474145906e-06,-0.08035869151353836,-0.08021538704633713,True,0.07096067816019058,1,1.0,40,40
theta2,T3,batch1_0_127,0,"theta2|batch1_0_127|1,7",1,7,"(1,7)",38,4.472654342651367,10.82452392578125,0.056284256279468536,0.00013454061676384298,0.00013452768325805664,-1.2933505786342408e-08,9.61401064309776e-05,-0.07262039184570312,-0.07248586416244507,True,0.07254254072904587,1,1.0,40,40
theta2,T3,batch1_0_127,0,"theta2|batch1_0_127|1,7",1,7,"(1,7)",39,4.4123759269714355,10.968671798706055,0.054282139986753464,0.00012646642272738973,0.00012646615505218506,-2.6767520467404875e-10,2.1165758108451635e-06,-0.06610123813152313,-0.06597477197647095,True,0.0740933045744896,1,1.0,40,40
theta2,T3,batch1_0_127,0,"theta2|batch1_0_127|2,3",2,3,"(2,3)",0,9.710699081420898,6.752513885498047,0.15057756006717682,0.0009422093876637519,0.0009419918060302734,-2.1758163347841523e-07,0.00023098038866743885,-1.141226053237915,-1.1402840614318848,True,0.002044478664174676,0,0.9999530945847442,40,40
theta2,T3,batch1_0_127,0,"theta2|batch1_0_127|2,3",2,3,"(2,3)",1,9.566854476928711,6.742879867553711,0.15356139838695526,0.0009489215812645853,0.0009485483169555664,-3.732643090189171e-07,0.00039351111835497803,-1.1604268550872803,-1.1594783067703247,True,0.00408718828111887,0,0.9999530945847442,40,40
theta2,T3,batch1_0_127,0,"theta2|batch1_0_127|2,3",2,3,"(2,3)",2,9.417988777160645,6.739862442016602,0.15670163929462433,0.000958607029169798,0.0009584426879882812,-1.6434118151672106e-07,0.00017146688432843513,-1.1846098899841309,-1.1836514472961426,True,0.0061288271099328995,0,0.9999530945847442,40,40
theta2,T3,batch1_0_127,0,"theta2|batch1_0_127|2,3",2,3,"(2,3)",3,9.268257141113281,6.73836088180542,0.16006030142307281,0.0009804632540326567,0.000980377197265625,-8.605676703166663e-08,8.777924177723432e-05,-1.21065354347229,-1.2096731662750244,True,0.008173494599759579,0,0.9999530945847442,40,40
theta2,T3,batch1_0_127,0,"theta2|batch1_0_127|2,3",2,3,"(2,3)",4,9.114320755004883,6.735809326171875,0.16336578130722046,0.0009990384513512253,0.0009989738464355469,-6.460491567845256e-08,6.467127834124016e-05,-1.2365187406539917,-1.2355197668075562,True,0.01021984126418829,0,0.9999530945847442,40,40
theta2,T3,batch1_0_127,0,"theta2|batch1_0_127|2,3",2,3,"(2,3)",5,8.957579612731934,6.734308242797852,0.16653913259506226,0.0010196896842680871,0.0010198354721069336,1.4578783884646764e-07,0.0001429523122443237,-1.2624107599258423,-1.2613909244537354,True,0.012267294339835644,0,0.9999530945847442,40,40
theta2,T3,batch1_0_127,0,"theta2|batch1_0_127|2,3",2,3,"(2,3)",6,8.799747467041016,6.735027313232422,0.16971632838249207,0.001045115946792066,0.0010449886322021484,-1.2731458991764068e-07,0.00012183346879989048,-1.2872884273529053,-1.2862434387207031,True,0.014316878281533718,0,0.9999530945847442,40,40
theta2,T3,batch1_0_127,0,"theta2|batch1_0_127|2,3",2,3,"(2,3)",7,8.641916275024414,6.736525058746338,0.17252248525619507,0.0010694862387608736,0.0010694265365600586,-5.970220081502609e-08,5.582636934283072e-05,-1.3134939670562744,-1.3124245405197144,True,0.01636846363544464,0,0.9999530945847442,40,40
theta2,T3,batch1_0_127,0,"theta2|batch1_0_127|2,3",2,3,"(2,3)",8,8.484190940856934,6.73709774017334,0.17523008584976196,0.0010935904057696462,0.0010936260223388672,3.561656922103536e-08,3.256741197952158e-05,-1.3363615274429321,-1.3352679014205933,True,0.018422555178403854,0,0.9999530945847442,40,40
theta2,T3,batch1_0_127,0,"theta2|batch1_0_127|2,3",2,3,"(2,3)",9,8.327678680419922,6.750004291534424,0.17832191288471222,0.0011223693246720358,0.0011223554611206055,-1.3863551430329593e-08,1.2352193142525148e-05,-1.3633097410202026,-1.362187385559082,True,0.02048030123114586,0,0.9999530945847442,40,40
theta2,T3,batch1_0_127,0,"theta2|batch1_0_127|2,3",2,3,"(2,3)",10,8.17483901977539,6.760913372039795,0.18091772496700287,0.0011470755031332373,0.0011470317840576172,-4.371907562014665e-08,3.8114964404465515e-05,-1.3860305547714233,-1.3848835229873657,True,0.022542022168636322,0,0.9999530945847442,40,40
theta2,T3,batch1_0_127,0,"theta2|batch1_0_127|2,3",2,3,"(2,3)",11,8.021495819091797,6.779130935668945,0.18340228497982025,0.001171420238679275,0.0011714696884155273,4.944973625237506e-08,4.2211707858406784e-05,-1.4072227478027344,-1.4060512781143188,True,0.02461029775440693,0,0.9999530945847442,40,40
theta2,T3,batch1_0_127,0,"theta2|batch1_0_127|2,3",2,3,"(2,3)",12,7.869617462158203,6.796815872192383,0.18622267246246338,0.0011926667167572304,0.001192331314086914,-3.3540267031632355e-07,0.0002812998923652144,-1.4321370124816895,-1.4309446811676025,True,0.026683013886213303,0,0.9999530945847442,40,40
theta2,T3,batch1_0_127,0,"theta2|batch1_0_127|2,3",2,3,"(2,3)",13,7.724606513977051,6.821619510650635,0.18867094814777374,0.0012111579994671046,0.001210927963256836,-2.3003621026865956e-07,0.00018996688262939157,-1.4511966705322266,-1.4499857425689697,True,0.028763139620423317,0,0.9999530945847442,40,40
theta2,T3,batch1_0_127,0,"theta2|batch1_0_127|2,3",2,3,"(2,3)",14,7.581963539123535,6.852053165435791,0.19111822545528412,0.0012292292525526137,0.0012291669845581055,-6.226799450820449e-08,5.065869429497432e-05,-1.4731972217559814,-1.4719680547714233,True,0.0308524202555418,0,0.9999530945847442,40,40
theta2,T3,batch1_0_127,0,"theta2|batch1_0_127|2,3",2,3,"(2,3)",15,7.444220542907715,6.884576320648193,0.1940712332725525,0.0012464607395231723,0.001246333122253418,-1.2761726975434734e-07,0.0001023941893830202,-1.4991896152496338,-1.4979432821273804,True,0.032952502369880676,0,0.9999530945847442,40,40
theta2,T3,batch1_0_127,0,"theta2|batch1_0_127|2,3",2,3,"(2,3)",16,7.3119916915893555,6.915676593780518,0.19661235809326172,0.0012625194775173442,0.0012623071670532227,-2.123104641215106e-07,0.0001681923937872714,-1.522402048110962,-1.5211397409439087,True,0.03506571054458618,0,0.9999530945847442,40,40
theta2,T3,batch1_0_127,0,"theta2|batch1_0_127|2,3",2,3,"(2,3)",17,7.183039665222168,6.951059341430664,0.19958138465881348,0.0012800479321740568,0.0012797117233276367,-3.362088464200618e-07,0.0002627223305775596,-1.5498239994049072,-1.5485442876815796,True,0.03719480335712433,0,0.9999530945847442,40,40
theta2,T3,batch1_0_127,0,"theta2|batch1_0_127|2,3",2,3,"(2,3)",18,7.05955171585083,6.98785400390625,0.2018180936574936,0.0012881715714465826,0.0012879371643066406,-2.3440713994198406e-07,0.0001820020001272165,-1.5702574253082275,-1.568969488143921,True,0.03934112936258316,0,0.9999530945847442,40,40
theta2,T3,batch1_0_127,0,"theta2|batch1_0_127|2,3",2,3,"(2,3)",19,6.936698913574219,7.025062561035156,0.20414189994335175,0.0013031100332736969,0.001302480697631836,-6.293356418609133e-07,0.0004831823174079803,-1.5943148136138916,-1.5930123329162598,True,0.04150697588920593,0,0.9999530945847442,40,40
theta2,T3,batch1_0_127,0,"theta2|batch1_0_127|2,3",2,3,"(2,3)",20,6.8135294914245605,7.059246063232422,0.20633721351623535,0.0013151583741419018,0.0013147592544555664,-3.9911968633538075e-07,0.0003035686457294828,-1.6158133745193481,-1.6144986152648926,True,0.04369229078292847,0,0.9999530945847442,40,40
theta2,T3,batch1_0_127,0,"theta2|batch1_0_127|2,3",2,3,"(2,3)",21,6.692692279815674,7.0990681648254395,0.20865748822689056,0.0013261067624553108,0.001325368881225586,-7.378812297248287e-07,0.0005567364981758892,-1.6394507884979248,-1.6381254196166992,True,0.04589872807264328,0,0.9999530945847442,40,40
theta2,T3,batch1_0_127,0,"theta2|batch1_0_127|2,3",2,3,"(2,3)",22,6.5738606452941895,7.134265422821045,0.21123500168323517,0.001336296932771802,0.0013359785079956055,-3.1842477619644163e-07,0.00023834573257782457,-1.6643435955047607,-1.6630076169967651,True,0.048126090317964554,0,0.9999530945847442,40,40
theta2,T3,batch1_0_127,0,"theta2|batch1_0_127|2,3",2,3,"(2,3)",23,6.454563140869141,7.1720871925354,0.21384450793266296,0.0013514320309041068,0.0013512372970581055,-1.9473384600134612e-07,0.00014411520939017734,-1.6917259693145752,-1.690374732017517,True,0.050375498831272125,0,0.9999530945847442,40,40
theta2,T3,batch1_0_127,0,"theta2|batch1_0_127|2,3",2,3,"(2,3)",24,6.334846496582031,7.211295127868652,0.21649189293384552,0.001363314441870898,0.0013631582260131836,-1.562158577143695e-07,0.00011459847780932415,-1.7208107709884644,-1.7194476127624512,True,0.05264563858509064,0,0.9999530945847442,40,40
theta2,T3,batch1_0_127,0,"theta2|batch1_0_127|2,3",2,3,"(2,3)",25,6.217571258544922,7.246140480041504,0.21873162686824799,0.0013722265496035108,0.0013718605041503906,-3.6604545312012536e-07,0.0002668241063961686,-1.747520089149475,-1.7461482286453247,True,0.05493554472923279,0,0.9999530945847442,40,40
theta2,T3,batch1_0_127,0,"theta2|batch1_0_127|2,3",2,3,"(2,3)",26,6.1035332679748535,7.273533821105957,0.220998153090477,0.0013667070839146619,0.0013660192489624023,-6.878349522595421e-07,0.0005035324010126549,-1.775635838508606,-1.7742698192596436,True,0.05724380910396576,0,0.9999530945847442,40,40
theta2,T3,batch1_0_127,0,"theta2|batch1_0_127|2,3",2,3,"(2,3)",27,5.988214492797852,7.303609848022461,0.22385963797569275,0.0013744973849388771,0.0013740062713623047,-4.911135765724422e-07,0.00035743183041334384,-1.8076939582824707,-1.8063199520111084,True,0.05956842377781868,0,0.9999530945847442,40,40
theta2,T3,batch1_0_127,0,"theta2|batch1_0_127|2,3",2,3,"(2,3)",28,5.875530242919922,7.335358142852783,0.22650682926177979,0.0013768769218004309,0.0013759136199951172,-9.633018053136887e-07,0.0007001179371399109,-1.8394070863723755,-1.8380311727523804,True,0.061906106770038605,0,0.9999530945847442,40,40
theta2,T3,batch1_0_127,0,"theta2|batch1_0_127|2,3",2,3,"(2,3)",29,5.764655113220215,7.362639904022217,0.228970006108284,0.0013793056829308626,0.0013786554336547852,-6.502492760774702e-07,0.00047165467179400563,-1.869701862335205,-1.8683232069015503,True,0.06425482034683228,0,0.9999530945847442,40,40
theta2,T3,batch1_0_127,0,"theta2|batch1_0_127|2,3",2,3,"(2,3)",30,5.6544108390808105,7.394595623016357,0.2319694608449936,0.0013808198483311572,0.0013802051544189453,-6.146939122118888e-07,0.0004453641621637544,-1.9060715436935425,-1.9046913385391235,True,0.06661047786474228,0,0.9999530945847442,40,40
theta2,T3,batch1_0_127,0,"theta2|batch1_0_127|2,3",2,3,"(2,3)",31,5.546287536621094,7.423215389251709,0.23512138426303864,0.0013859891418833287,0.0013850927352905273,-8.964065928013243e-07,0.0006471816434827378,-1.9458783864974976,-1.944493293762207,True,0.06896928697824478,0,0.9999530945847442,40,40
theta2,T3,batch1_0_127,0,"theta2|batch1_0_127|2,3",2,3,"(2,3)",32,5.439287185668945,7.452276706695557,0.23788850009441376,0.001385392094089184,0.0013850927352905273,-2.9935879865663e-07,0.00021612906560645456,-1.9840940237045288,-1.9827089309692383,True,0.07132694125175476,0,0.9999530945847442,40,40
theta2,T3,batch1_0_127,0,"theta2|batch1_0_127|2,3",2,3,"(2,3)",33,5.337184429168701,7.483165264129639,0.241618812084198,0.0013892766586504877,0.0013883113861083984,-9.652725420892811e-07,0.000695285331336981,-2.0300490856170654,-2.028660774230957,True,0.07367958128452301,0,0.9999530945847442,40,40
theta2,T3,batch1_0_127,0,"theta2|batch1_0_127|2,3",2,3,"(2,3)",34,5.238685607910156,7.513970375061035,0.2455567717552185,0.0013862609596544645,0.0013854503631591797,-8.105964952847666e-07,0.0005850779766922867,-2.079862117767334,-2.078476667404175,True,0.07602312415838242,0,0.9999530945847442,40,40
theta2,T3,batch1_0_127,0,"theta2|batch1_0_127|2,3",2,3,"(2,3)",35,5.142927169799805,7.541232109069824,0.2502662241458893,0.001389768815774005,0.0013895034790039062,-2.65336770098731e-07,0.0001909579746348984,-2.138485908508301,-2.137096405029297,True,0.07835283130407333,0,0.9999530945847442,40,40
theta2,T3,batch1_0_127,0,"theta2|batch1_0_127|2,3",2,3,"(2,3)",36,5.050238609313965,7.568661212921143,0.2549472153186798,0.0013920229626237415,0.0013911724090576172,-8.505535661243024e-07,0.0006113933546888476,-2.195988893508911,-2.1945977210998535,True,0.08066466450691223,0,0.9999530945847442,40,40
theta2,T3,batch1_0_127,0,"theta2|batch1_0_127|2,3",2,3,"(2,3)",37,4.9611053466796875,7.593755722045898,0.25981229543685913,0.0013937488317315,0.0013933181762695312,-4.306554619688211e-07,0.0003090862297668847,-2.2602484226226807,-2.258855104446411,True,0.08295493572950363,0,0.9999530945847442,40,40
theta2,T3,batch1_0_127,0,"theta2|batch1_0_127|2,3",2,3,"(2,3)",38,4.87581729888916,7.618358612060547,0.2645394504070282,0.001394216707441956,0.0013935565948486328,-6.601125933231033e-07,0.0004736891173011917,-2.320970058441162,-2.3195765018463135,True,0.08522001653909683,0,0.9999530945847442,40,40
theta2,T3,batch1_0_127,0,"theta2|batch1_0_127|2,3",2,3,"(2,3)",39,4.793247699737549,7.638195991516113,0.2690136432647705,0.0013931232999748319,0.0013926029205322266,-5.203794426053218e-07,0.000373673956109788,-2.3796722888946533,-2.378279685974121,True,0.08745627105236053,0,0.9999530945847442,40,40
theta2,T3,batch1_0_127,0,"theta2|batch1_0_127|2,4",2,4,"(2,4)",0,9.35114574432373,6.752513885498047,0.2438468486070633,0.001713339840527624,0.0017124414443969727,-8.983961306513293e-07,0.0005246288178733579,-1.9312406778335571,-1.9295282363891602,True,0.0019048709655180573,0,0.9998123827392121,40,40
theta2,T3,batch1_0_127,0,"theta2|batch1_0_127|2,4",2,4,"(2,4)",1,9.179530143737793,6.70968770980835,0.24859295785427094,0.0016998248912859708,0.0016995668411254883,-2.580501604824807e-07,0.00015183289897065453,-1.922475814819336,-1.9207762479782104,True,0.0038154746871441603,0,0.9998123827392121,40,40
theta2,T3,batch1_0_127,0,"theta2|batch1_0_127|2,4",2,4,"(2,4)",2,9.004460334777832,6.671260833740234,0.2535559833049774,0.0016881592362187803,0.0016872882843017578,-8.70951917022458e-07,0.0005161844156245533,-1.9159071445465088,-1.914219856262207,True,0.005733428057283163,0,0.9998123827392121,40,40
theta2,T3,batch1_0_127,0,"theta2|batch1_0_127|2,4",2,4,"(2,4)",3,8.831299781799316,6.63638973236084,0.2589277923107147,0.0016766544275451452,0.0016762018203735352,-4.5260717161004285e-07,0.00027001949652410057,-1.9155560731887817,-1.9138798713684082,True,0.007661697454750538,0,0.9998123827392121,40,40
theta2,T3,batch1_0_127,0,"theta2|batch1_0_127|2,4",2,4,"(2,4)",4,8.661907196044922,6.604650974273682,0.2636140286922455,0.0016502337309066207,0.0016502141952514648,-1.9535655155838647e-08,1.1838254216969538e-05,-1.9124971628189087,-1.9108469486236572,True,0.009598173201084137,0,0.9998123827392121,40,40
theta2,T3,batch1_0_127,0,"theta2|batch1_0_127|2,4",2,4,"(2,4)",5,8.502861022949219,6.579792499542236,0.26823464035987854,0.0016198914966080338,0.0016196966171264648,-1.948794815689707e-07,0.00012031850873079562,-1.912937879562378,-1.9113181829452515,True,0.011546757072210312,0,0.9998123827392121,40,40
theta2,T3,batch1_0_127,0,"theta2|batch1_0_127|2,4",2,4,"(2,4)",6,8.350780487060547,6.5541462898254395,0.272731214761734,0.00157559675257653,0.0015753507614135742,-2.4599116295580953e-07,0.0001561500898600384,-1.9195910692214966,-1.918015718460083,True,0.013507085852324963,0,0.9998123827392121,40,40
theta2,T3,batch1_0_127,0,"theta2|batch1_0_127|2,4",2,4,"(2,4)",7,8.20530891418457,6.534749507904053,0.27733901143074036,0.0015288186417892575,0.0015287399291992188,-7.871259003876946e-08,5.148854199157375e-05,-1.9310868978500366,-1.9295581579208374,True,0.015479383058845997,0,0.9998123827392121,40,40
theta2,T3,batch1_0_127,0,"theta2|batch1_0_127|2,4",2,4,"(2,4)",8,8.069295883178711,6.522792816162109,0.2813856899738312,0.0014868999435566365,0.001486659049987793,-2.408935688435771e-07,0.00016203686302219402,-1.945583462715149,-1.9440968036651611,True,0.01746925339102745,0,0.9998123827392121,40,40
theta2,T3,batch1_0_127,0,"theta2|batch1_0_127|2,4",2,4,"(2,4)",9,7.93867301940918,6.51703405380249,0.2856729328632355,0.0014410218072589487,0.0014411211013793945,9.929412044581282e-08,6.890060824921077e-05,-1.969981074333191,-1.9685399532318115,True,0.01947890780866146,0,0.9998123827392121,40,40
theta2,T3,batch1_0_127,0,"theta2|batch1_0_127|2,4",2,4,"(2,4)",10,7.814367294311523,6.513092994689941,0.2898317277431488,0.0013921673910226673,0.001391768455505371,-3.989355172962037e-07,0.0002866392866702418,-1.9971585273742676,-1.9957667589187622,True,0.02150925248861313,0,0.9998123827392121,40,40
theta2,T3,batch1_0_127,0,"theta2|batch1_0_127|2,4",2,4,"(2,4)",11,7.694456100463867,6.512375831604004,0.29361021518707275,0.0013644513764884323,0.0013644695281982422,1.815170980992882e-08,1.330312581908504e-05,-2.0276262760162354,-2.026261806488037,True,0.023564372211694717,0,0.9998123827392121,40,40
theta2,T3,batch1_0_127,0,"theta2|batch1_0_127|2,4",2,4,"(2,4)",12,7.577832221984863,6.5150837898254395,0.297185480594635,0.0013353031612932682,0.00133514404296875,-1.591183245181621e-07,0.00011917689732139739,-2.055544376373291,-2.0542092323303223,True,0.025644715875387192,0,0.9998123827392121,40,40
theta2,T3,batch1_0_127,0,"theta2|batch1_0_127|2,4",2,4,"(2,4)",13,7.47441291809082,6.516115188598633,0.3010326027870178,0.0013009849071968346,0.001300811767578125,-1.7313961870961923e-07,0.00013310120881822413,-2.0875630378723145,-2.0862622261047363,True,0.027750667184591293,0,0.9998123827392121,40,40
theta2,T3,batch1_0_127,0,"theta2|batch1_0_127|2,4",2,4,"(2,4)",14,7.366589546203613,6.513981342315674,0.30502405762672424,0.0012790141531731933,0.0012791156768798828,1.015237066895238e-07,7.937023095297232e-05,-2.121769905090332,-2.120490789413452,True,0.02988429181277752,0,0.9998123827392121,40,40
theta2,T3,batch1_0_127,0,"theta2|batch1_0_127|2,4",2,4,"(2,4)",15,7.259859085083008,6.514678001403809,0.30846717953681946,0.0012687022478785365,0.001268625259399414,-7.698847912245184e-08,6.0686541239845187e-05,-2.1544411182403564,-2.153172492980957,True,0.03204645216464996,0,0.9998123827392121,40,40
theta2,T3,batch1_0_127,0,"theta2|batch1_0_127|2,4",2,4,"(2,4)",16,7.156670570373535,6.5165886878967285,0.3118840157985687,0.0012510912022553385,0.0012505054473876953,-5.85754867643215e-07,0.00046841448701151716,-2.185920476913452,-2.1846699714660645,True,0.0342353992164135,0,0.9998123827392121,40,40
theta2,T3,batch1_0_127,0,"theta2|batch1_0_127|2,4",2,4,"(2,4)",17,7.057064056396484,6.518876075744629,0.31509846448898315,0.001240734828519635,0.0012402534484863281,-4.813800333067827e-07,0.0003881303727833087,-2.2214388847351074,-2.220198631286621,True,0.036451566964387894,0,0.9998123827392121,40,40
theta2,T3,batch1_0_127,0,"theta2|batch1_0_127|2,4",2,4,"(2,4)",18,6.959447860717773,6.519841194152832,0.3183949887752533,0.001229945222963579,0.0012292861938476562,-6.590291159228566e-07,0.0005361071483769785,-2.2567927837371826,-2.255563497543335,True,0.03869369998574257,0,0.9998123827392121,40,40
theta2,T3,batch1_0_127,0,"theta2|batch1_0_127|2,4",2,4,"(2,4)",19,6.862677574157715,6.524573802947998,0.3215826749801636,0.0012258746840525419,0.0012257099151611328,-1.6476889140907246e-07,0.000134427313813001,-2.291024923324585,-2.289799213409424,True,0.04096023365855217,0,0.9998123827392121,40,40
theta2,T3,batch1_0_127,0,"theta2|batch1_0_127|2,4",2,4,"(2,4)",20,6.767726421356201,6.525977611541748,0.3243011236190796,0.0012383995216805489,0.0012383460998535156,-5.3421827033231506e-08,4.3139657838427233e-05,-2.3212897777557373,-2.320051431655884,True,0.043250083923339844,0,0.9998123827392121,40,40
theta2,T3,batch1_0_127,0,"theta2|batch1_0_127|2,4",2,4,"(2,4)",21,6.671833515167236,6.52906608581543,0.3280350863933563,0.0012426958750002086,0.0012423992156982422,-2.96659301966427e-07,0.00023877936996257777,-2.3631303310394287,-2.3618879318237305,True,0.04556223377585411,0,0.9998123827392121,40,40
theta2,T3,batch1_0_127,0,"theta2|batch1_0_127|2,4",2,4,"(2,4)",22,6.576419830322266,6.5313568115234375,0.3308996558189392,0.0012520698775188067,0.0012514591217041016,-6.107558147051568e-07,0.00048803496983065305,-2.3974075317382812,-2.396156072616577,True,0.047896236181259155,0,0.9998123827392121,40,40
theta2,T3,batch1_0_127,0,"theta2|batch1_0_127|2,4",2,4,"(2,4)",23,6.479791641235352,6.533081531524658,0.33424845337867737,0.001235520298127085,0.0012357234954833984,2.0319735631341845e-07,0.00016443594141902303,-2.4357614517211914,-2.434525728225708,True,0.050247445702552795,0,0.9998123827392121,40,40
theta2,T3,batch1_0_127,0,"theta2|batch1_0_127|2,4",2,4,"(2,4)",24,6.387247085571289,6.5338969230651855,0.33730581402778625,0.0012369006781373173,0.0012362003326416016,-7.003454957157668e-07,0.0005665307452386931,-2.474809408187866,-2.4735732078552246,True,0.0526166670024395,0,0.9998123827392121,40,40
theta2,T3,batch1_0_127,0,"theta2|batch1_0_127|2,4",2,4,"(2,4)",25,6.294348239898682,6.532598495483398,0.34066757559776306,0.0012487040568958036,0.001249074935913086,3.7087901728232765e-07,0.00029692295203346744,-2.5147252082824707,-2.5134761333465576,True,0.05500286445021629,0,0.9998123827392121,40,40
theta2,T3,batch1_0_127,0,"theta2|batch1_0_127|2,4",2,4,"(2,4)",26,6.200214385986328,6.529792785644531,0.3432925045490265,0.0012631009039469063,0.001262664794921875,-4.361090250313334e-07,0.00034538780742541955,-2.5502591133117676,-2.5489964485168457,True,0.0574064627289772,0,0.9998123827392121,40,40
theta2,T3,batch1_0_127,0,"theta2|batch1_0_127|2,4",2,4,"(2,4)",27,6.110084056854248,6.528022289276123,0.34630534052848816,0.0012771987862652168,0.0012767314910888672,-4.6729517634959764e-07,0.0003660089686916569,-2.589843511581421,-2.588566780090332,True,0.05982251092791557,0,0.9998123827392121,40,40
theta2,T3,batch1_0_127,0,"theta2|batch1_0_127|2,4",2,4,"(2,4)",28,6.0192766189575195,6.527602195739746,0.3498627543449402,0.0012948501745704561,0.0012938976287841797,-9.525457862764441e-07,0.0007361832691288805,-2.635335683822632,-2.6340417861938477,True,0.06224921718239784,0,0.9998123827392121,40,40
theta2,T3,batch1_0_127,0,"theta2|batch1_0_127|2,4",2,4,"(2,4)",29,5.929709434509277,6.521912097930908,0.35302838683128357,0.0012987273801118135,0.0012977123260498047,-1.0150540620088196e-06,0.0007821872703472056,-2.6763219833374023,-2.6750242710113525,True,0.06468582153320312,0,0.9998123827392121,40,40
theta2,T3,batch1_0_127,0,"theta2|batch1_0_127|2,4",2,4,"(2,4)",30,5.838869094848633,6.518970966339111,0.35585618019104004,0.001302453785610851,0.0013020038604736328,-4.499251372181573e-07,0.0003455635969116766,-2.7167277336120605,-2.715425729751587,True,0.06712983548641205,0,0.9998123827392121,40,40
theta2,T3,batch1_0_127,0,"theta2|batch1_0_127|2,4",2,4,"(2,4)",31,5.750187873840332,6.518523693084717,0.3593365252017975,0.001306603772158269,0.0013065338134765625,-6.995868170639637e-08,5.354525155398998e-05,-2.7642533779144287,-2.762946844100952,True,0.06957951933145523,0,0.9998123827392121,40,40
theta2,T3,batch1_0_127,0,"theta2|batch1_0_127|2,4",2,4,"(2,4)",32,5.661800384521484,6.514861106872559,0.36281439661979675,0.0013015115761081688,0.0013010501861572266,-4.6138995094219086e-07,0.0003546288650900925,-2.810819387435913,-2.809518337249756,True,0.07203152030706406,0,0.9998123827392121,40,40
theta2,T3,batch1_0_127,0,"theta2|batch1_0_127|2,4",2,4,"(2,4)",33,5.574908256530762,6.5115861892700195,0.3661174476146698,0.001303376065043267,0.0013031959533691406,-1.8011167412634171e-07,0.0001382076683561675,-2.858732223510742,-2.857429027557373,True,0.07448341697454453,0,0.9998123827392121,40,40
theta2,T3,batch1_0_127,0,"theta2|batch1_0_127|2,4",2,4,"(2,4)",34,5.489827632904053,6.505715370178223,0.3693344295024872,0.0013024210958974436,0.001302480697631836,5.9601734392301584e-08,4.576016711853708e-05,-2.9054064750671387,-2.904103994369507,True,0.07693302631378174,0,0.9998123827392121,40,40
theta2,T3,batch1_0_127,0,"theta2|batch1_0_127|2,4",2,4,"(2,4)",35,5.405754566192627,6.496413707733154,0.37225770950317383,0.0013028050033026374,0.001302957534790039,1.5253148740162342e-07,0.00011706558604475365,-2.9472479820251465,-2.9459450244903564,True,0.07937639206647873,0,0.9998123827392121,40,40
theta2,T3,batch1_0_127,0,"theta2|batch1_0_127|2,4",2,4,"(2,4)",36,5.32271671295166,6.488551616668701,0.37515196204185486,0.0012996288603026188,0.001298666000366211,-9.628599364078574e-07,0.0007414223026831692,-2.990649461746216,-2.9893507957458496,True,0.08181258291006088,0,0.9998123827392121,40,40
theta2,T3,batch1_0_127,0,"theta2|batch1_0_127|2,4",2,4,"(2,4)",37,5.242445945739746,6.483572006225586,0.3784683048725128,0.0012896480682538822,0.0012886524200439453,-9.95648209936844e-07,0.0007726274319206188,-3.0417001247406006,-3.0404114723205566,True,0.08424162864685059,0,0.9998123827392121,40,40
theta2,T3,batch1_0_127,0,"theta2|batch1_0_127|2,4",2,4,"(2,4)",38,5.161228179931641,6.479160785675049,0.3814755380153656,0.0012820098954543938,0.00128173828125,-2.7161420439376395e-07,0.00021191081546606804,-3.0886828899383545,-3.0874011516571045,True,0.08665703982114792,0,0.9998123827392121,40,40
theta2,T3,batch1_0_127,0,"theta2|batch1_0_127|2,4",2,4,"(2,4)",39,5.082302570343018,6.474277496337891,0.3846575617790222,0.001274024937665672,0.0012738704681396484,-1.5446952602356928e-07,0.0001212599945496464,-3.1357476711273193,-3.1344738006591797,True,0.08905496448278427,0,0.9998123827392121,40,40
theta2,T3,batch1_0_127,0,"theta2|batch1_0_127|2,5",2,5,"(2,5)",0,9.071279525756836,6.752513885498047,0.12101445347070694,0.00064446388091892,0.000644385814666748,-7.806625217196984e-08,0.00012114830959204579,-0.8147857189178467,-0.8141413331031799,True,0.0020259390585124493,0,1.0,40,40
theta2,T3,batch1_0_127,0,"theta2|batch1_0_127|2,5",2,5,"(2,5)",1,8.882150650024414,6.719468116760254,0.1234009712934494,0.0006153428482939489,0.0006154179573059082,7.510901195927847e-08,0.00012204553193098286,-0.8149462342262268,-0.8143308162689209,True,0.004032421857118607,0,1.0,40,40
theta2,T3,batch1_0_127,0,"theta2|batch1_0_127|2,5",2,5,"(2,5)",2,8.691019058227539,6.687027454376221,0.12614355981349945,0.0005919708712608554,0.0005920529365539551,8.206529309969304e-08,0.0001386114112993919,-0.815549373626709,-0.814957320690155,True,0.006021365988999605,0,1.0,40,40
theta2,T3,batch1_0_127,0,"theta2|batch1_0_127|2,5",2,5,"(2,5)",3,8.498308181762695,6.655567169189453,0.12974151968955994,0.0005752766415243969,0.0005751848220825195,-9.18194418773324e-08,0.00015963467454667887,-0.8205463290214539,-0.8199711441993713,True,0.00799352303147316,0,1.0,40,40
theta2,T3,batch1_0_127,0,"theta2|batch1_0_127|2,5",2,5,"(2,5)",4,8.308076858520508,6.622243404388428,0.13389471173286438,0.0005653288832399994,0.0005654692649841309,1.403817441314589e-07,0.0002482570721777399,-0.8246735334396362,-0.8241080641746521,True,0.009952262975275517,0,1.0,40,40
theta2,T3,batch1_0_127,0,"theta2|batch1_0_127|2,5",2,5,"(2,5)",5,8.119573593139648,6.590983867645264,0.13859184086322784,0.000560611431254074,0.0005605816841125488,-2.9747141525211795e-08,5.306477605008482e-05,-0.8297438621520996,-0.8291832804679871,True,0.011897343210875988,0,1.0,40,40
theta2,T3,batch1_0_127,0,"theta2|batch1_0_127|2,5",2,5,"(2,5)",6,7.937777042388916,6.560708045959473,0.14504599571228027,0.0005691261840984226,0.0005691647529602051,3.8568861782497035e-08,6.776396743105014e-05,-0.8396692276000977,-0.8391000628471375,True,0.013829895295202732,0,1.0,40,40
theta2,T3,batch1_0_127,0,"theta2|batch1_0_127|2,5",2,5,"(2,5)",7,7.761422157287598,6.535853385925293,0.15167948603630066,0.0005819406933151186,0.0005817413330078125,-1.9936030730611544e-07,0.0003426957927767497,-0.8497710824012756,-0.8491893410682678,True,0.015753071755170822,0,1.0,40,40
theta2,T3,batch1_0_127,0,"theta2|batch1_0_127|2,5",2,5,"(2,5)",8,7.591424942016602,6.509729385375977,0.15929171442985535,0.0006015112581662834,0.0006012916564941406,-2.19601672142751e-07,0.0003652165629956499,-0.859900176525116,-0.8592988848686218,True,0.017669904977083206,0,1.0,40,40
theta2,T3,batch1_0_127,0,"theta2|batch1_0_127|2,5",2,5,"(2,5)",9,7.426891326904297,6.485743999481201,0.1668771505355835,0.0006248975663911551,0.0006250739097595215,1.7634336836635286e-07,0.0002821160275817554,-0.8668100833892822,-0.8661850094795227,True,0.019582021981477737,0,1.0,40,40
theta2,T3,batch1_0_127,0,"theta2|batch1_0_127|2,5",2,5,"(2,5)",10,7.269182205200195,6.466708183288574,0.17498941719532013,0.0006555985577870161,0.0006557703018188477,1.7174403183157008e-07,0.00026189662958999517,-0.8754836916923523,-0.8748279213905334,True,0.02149217016994953,0,1.0,40,40
theta2,T3,batch1_0_127,0,"theta2|batch1_0_127|2,5",2,5,"(2,5)",11,7.116203308105469,6.448784351348877,0.1836806833744049,0.0006892921172548086,0.0006892085075378418,-8.360971696680809e-08,0.00012131265945265105,-0.8829926252365112,-0.8823034167289734,True,0.023401036858558655,0,1.0,40,40
theta2,T3,batch1_0_127,0,"theta2|batch1_0_127|2,5",2,5,"(2,5)",12,6.968317985534668,6.429858207702637,0.19305352866649628,0.0007306852141628042,0.0007306337356567383,-5.147850606586953e-08,7.045733526059743e-05,-0.8931222558021545,-0.8923916220664978,True,0.02531040832400322,0,1.0,40,40
theta2,T3,batch1_0_127,0,"theta2|batch1_0_127|2,5",2,5,"(2,5)",13,6.825141906738281,6.411158561706543,0.20293818414211273,0.0007762458014767618,0.0007762312889099121,-1.4512566849644859e-08,1.869618895422954e-05,-0.8993977904319763,-0.8986215591430664,True,0.027220744639635086,0,1.0,40,40
theta2,T3,batch1_0_127,0,"theta2|batch1_0_127|2,5",2,5,"(2,5)",14,6.689977645874023,6.387301445007324,0.21308182179927826,0.0008254948658868671,0.0008256435394287109,1.4867354184387987e-07,0.00018006989062949833,-0.9041614532470703,-0.9033358097076416,True,0.029134105890989304,0,1.0,40,40
theta2,T3,batch1_0_127,0,"theta2|batch1_0_127|2,5",2,5,"(2,5)",15,6.553182125091553,6.363944053649902,0.22349423170089722,0.0008812458122265525,0.000881195068359375,-5.0743867177518824e-08,5.7585282759235905e-05,-0.9093694090843201,-0.9084882140159607,True,0.031051013618707657,0,1.0,40,40
theta2,T3,batch1_0_127,0,"theta2|batch1_0_127|2,5",2,5,"(2,5)",16,6.423224925994873,6.339383125305176,0.2341582328081131,0.0009399460350396112,0.0009398460388183594,-9.99962212518005e-08,0.00010639638528191574,-0.9120824933052063,-0.9111426472663879,True,0.03297106921672821,0,1.0,40,40
theta2,T3,batch1_0_127,0,"theta2|batch1_0_127|2,5",2,5,"(2,5)",17,6.29669713973999,6.312524795532227,0.2451939880847931,0.001003143981215544,0.0010032057762145996,6.179499905550369e-08,6.159753115524813e-05,-0.9136323928833008,-0.9126291871070862,True,0.034894298762083054,0,1.0,40,40
theta2,T3,batch1_0_127,0,"theta2|batch1_0_127|2,5",2,5,"(2,5)",18,6.172646999359131,6.284204483032227,0.2564988434314728,0.0010675741219893099,0.0010674595832824707,-1.1453870683918004e-07,0.00010730027500148532,-0.9160922169685364,-0.9150247573852539,True,0.03682021051645279,0,1.0,40,40
theta2,T3,batch1_0_127,0,"theta2|batch1_0_127|2,5",2,5,"(2,5)",19,6.051613807678223,6.256941318511963,0.26713478565216064,0.0011246852813637815,0.0011246800422668457,-5.2390969357968276e-09,4.658299906555806e-06,-0.9168561697006226,-0.9157314896583557,True,0.03874717652797699,0,1.0,40,40
theta2,T3,batch1_0_127,0,"theta2|batch1_0_127|2,5",2,5,"(2,5)",20,5.93488883972168,6.227348327636719,0.27714022994041443,0.0011825937047833578,0.00118255615234375,-3.7552439607771784e-08,3.175531202754751e-05,-0.9123129844665527,-0.911130428314209,True,0.04067547619342804,0,1.0,40,40
theta2,T3,batch1_0_127,0,"theta2|batch1_0_127|2,5",2,5,"(2,5)",21,5.820716857910156,6.195093154907227,0.2870333790779114,0.0012429339044028893,0.0012426972389221191,-2.3666548077012906e-07,0.0001904450041068781,-0.9067021012306213,-0.9054594039916992,True,0.042602770030498505,0,1.0,40,40
theta2,T3,batch1_0_127,0,"theta2|batch1_0_127|2,5",2,5,"(2,5)",22,5.709819316864014,6.161385536193848,0.29754626750946045,0.0013021473902626894,0.001302182674407959,3.528414526960538e-08,2.709615629439043e-05,-0.8988695740699768,-0.8975673913955688,True,0.04452706500887871,0,1.0,40,40
theta2,T3,batch1_0_127,0,"theta2|batch1_0_127|2,5",2,5,"(2,5)",23,5.60153341293335,6.129168510437012,0.3080603778362274,0.001360663514933549,0.0013605356216430664,-1.2789329048253952e-07,9.400216241900945e-05,-0.892583429813385,-0.8912228941917419,True,0.046446118503808975,0,1.0,40,40
theta2,T3,batch1_0_127,0,"theta2|batch1_0_127|2,5",2,5,"(2,5)",24,5.495460510253906,6.098367691040039,0.31829339265823364,0.0014171260601724498,0.0014170408248901367,-8.523528231309252e-08,6.01501952632175e-05,-0.8842052221298218,-0.8827881813049316,True,0.04835736006498337,0,1.0,40,40
theta2,T3,batch1_0_127,0,"theta2|batch1_0_127|2,5",2,5,"(2,5)",25,5.392592430114746,6.065335750579834,0.32897573709487915,0.0014724359739921055,0.0014723539352416992,-8.203875040630262e-08,5.5719449272796815e-05,-0.8769670724868774,-0.8754947185516357,True,0.050258569419384,0,1.0,40,40
theta2,T3,batch1_0_127,0,"theta2|batch1_0_127|2,5",2,5,"(2,5)",26,5.293177127838135,6.029800891876221,0.3391287922859192,0.00152177328048856,0.0015217065811157227,-6.669937283737548e-08,4.3831953981871574e-05,-0.866966187953949,-0.8654444813728333,True,0.05214746668934822,0,1.0,40,40
theta2,T3,batch1_0_127,0,"theta2|batch1_0_127|2,5",2,5,"(2,5)",27,5.196722030639648,5.994256019592285,0.3489569127559662,0.0015654111678886694,0.0015655159950256348,1.0482713696537659e-07,6.69601187713576e-05,-0.8551052212715149,-0.8535397052764893,True,0.054021600633859634,0,1.0,40,40
theta2,T3,batch1_0_127,0,"theta2|batch1_0_127|2,5",2,5,"(2,5)",28,5.103091239929199,5.967025279998779,0.35811102390289307,0.0016039010180247716,0.0016039609909057617,5.997288099013169e-08,3.7390486009428956e-05,-0.8413296937942505,-0.8397257328033447,True,0.055878713726997375,0,1.0,40,40
theta2,T3,batch1_0_127,0,"theta2|batch1_0_127|2,5",2,5,"(2,5)",29,5.0120649337768555,5.93278169631958,0.3678092956542969,0.001640004450135166,0.0016399025917053223,-1.0185842984366568e-07,6.21124878751145e-05,-0.8274590969085693,-0.825819194316864,True,0.0577157661318779,0,1.0,40,40
theta2,T3,batch1_0_127,0,"theta2|batch1_0_127|2,5",2,5,"(2,5)",30,4.924510955810547,5.90512228012085,0.3768617510795593,0.0016655687770980876,0.0016655921936035156,2.3416505428057108e-08,1.4058966845537022e-05,-0.8161821961402893,-0.8145166039466858,True,0.05953091382980347,0,1.0,40,40
theta2,T3,batch1_0_127,0,"theta2|batch1_0_127|2,5",2,5,"(2,5)",31,4.840149879455566,5.879212856292725,0.38556286692619324,0.0016835011538350955,0.0016835331916809082,3.203784581270845e-08,1.9030124247636935e-05,-0.8052960634231567,-0.8036125302314758,True,0.06132180243730545,0,1.0,40,40
theta2,T3,batch1_0_127,0,"theta2|batch1_0_127|2,5",2,5,"(2,5)",32,4.758841514587402,5.856246471405029,0.39385461807250977,0.001694082172922208,0.0016940832138061523,1.0408839443577095e-09,6.144231498635308e-07,-0.7919683456420898,-0.7902742624282837,True,0.0630863681435585,0,1.0,40,40
theta2,T3,batch1_0_127,0,"theta2|batch1_0_127|2,5",2,5,"(2,5)",33,4.681894302368164,5.837398052215576,0.4016628563404083,0.0017003808697336354,0.001700282096862793,-9.87728708424368e-08,5.8092048975098654e-05,-0.7808775305747986,-0.7791772484779358,True,0.06482405215501785,0,1.0,40,40
theta2,T3,batch1_0_127,0,"theta2|batch1_0_127|2,5",2,5,"(2,5)",34,4.607046127319336,5.821373462677002,0.409000962972641,0.0016963399114465574,0.0016962885856628418,-5.1325783715586853e-08,3.0257695624079665e-05,-0.7674527764320374,-0.7657564878463745,True,0.06653274595737457,0,1.0,40,40
theta2,T3,batch1_0_127,0,"theta2|batch1_0_127|2,5",2,5,"(2,5)",35,4.535979270935059,5.800559997558594,0.4164610207080841,0.0016895498080411926,0.0016895532608032227,3.452762030063325e-09,2.0435946650310766e-06,-0.7546529769897461,-0.7529634237289429,True,0.06821200251579285,0,1.0,40,40
theta2,T3,batch1_0_127,0,"theta2|batch1_0_127|2,5",2,5,"(2,5)",36,4.466830253601074,5.7829179763793945,0.4233965277671814,0.0016737580990593415,0.0016736388206481934,-1.19278411148116e-07,7.126890800843157e-05,-0.7410746216773987,-0.7394009828567505,True,0.06985940039157867,0,1.0,40,40
theta2,T3,batch1_0_127,0,"theta2|batch1_0_127|2,5",2,5,"(2,5)",37,4.400845527648926,5.765491008758545,0.4299450218677521,0.0016563086409005336,0.0016562938690185547,-1.4771881978910273e-08,8.918635910705524e-06,-0.7274635434150696,-0.725807249546051,True,0.07147446274757385,0,1.0,40,40
theta2,T3,batch1_0_127,0,"theta2|batch1_0_127|2,5",2,5,"(2,5)",38,4.337991714477539,5.748244285583496,0.43638619780540466,0.0016360224902527989,0.0016359686851501465,-5.380510265237323e-08,3.288883408390858e-05,-0.7147942185401917,-0.7131582498550415,True,0.07305698841810226,0,1.0,40,40
theta2,T3,batch1_0_127,0,"theta2|batch1_0_127|2,5",2,5,"(2,5)",39,4.2785186767578125,5.734902381896973,0.4421268105506897,0.0016105630158490386,0.001610398292541504,-1.6472330753472368e-07,0.00010228730885870481,-0.700463056564331,-0.6988526582717896,True,0.07460679858922958,0,1.0,40,40
theta2,T3,batch1_0_127,0,"theta2|batch1_0_127|2,6",2,6,"(2,6)",0,9.180801391601562,6.752513885498047,0.4331021010875702,0.0026679876265116036,0.0026674270629882812,-5.605635233223334e-07,0.00021015139686494068,-2.6984777450561523,-2.695810317993164,True,0.0019902335479855537,0,1.0,40,40
theta2,T3,batch1_0_127,0,"theta2|batch1_0_127|2,6",2,6,"(2,6)",1,9.019359588623047,6.700403690338135,0.4273252487182617,0.0025681239063851534,0.0025675296783447266,-5.942280404268481e-07,0.000231439599486906,-2.6321468353271484,-2.6295793056488037,True,0.003987329080700874,0,1.0,40,40
theta2,T3,batch1_0_127,0,"theta2|batch1_0_127|2,6",2,6,"(2,6)",2,8.85203742980957,6.655757904052734,0.4218898415565491,0.0024801831536460667,0.0024797916412353516,-3.915124107151807e-07,0.00015788117203272044,-2.5742621421813965,-2.571782350540161,True,0.005994436331093311,0,1.0,40,40
theta2,T3,batch1_0_127,0,"theta2|batch1_0_127|2,6",2,6,"(2,6)",3,8.686256408691406,6.616907119750977,0.4158681035041809,0.002406051664613187,0.002405405044555664,-6.466200575231014e-07,0.00026881961480318905,-2.515578269958496,-2.5131728649139404,True,0.008014618419110775,0,1.0,40,40
theta2,T3,batch1_0_127,0,"theta2|batch1_0_127|2,6",2,6,"(2,6)",4,8.515495300292969,6.5808424949646,0.4093235731124878,0.00233934193640016,0.002338886260986328,-4.5567541383196783e-07,0.00019482581151244424,-2.457108974456787,-2.454770088195801,True,0.010049518197774887,0,1.0,40,40
theta2,T3,batch1_0_127,0,"theta2|batch1_0_127|2,6",2,6,"(2,6)",5,8.345687866210938,6.552508354187012,0.40325433015823364,0.0022783249819185586,0.0022776126861572266,-7.122957613320269e-07,0.0003127378792984367,-2.4066457748413086,-2.4043681621551514,True,0.012098908424377441,0,1.0,40,40
theta2,T3,batch1_0_127,0,"theta2|batch1_0_127|2,6",2,6,"(2,6)",6,8.176362991333008,6.5285797119140625,0.3966999351978302,0.002226730910362676,0.002226591110229492,-1.3980013318379628e-07,6.278662145982755e-05,-2.3559703826904297,-2.3537437915802,True,0.014167831279337406,0,1.0,40,40
theta2,T3,batch1_0_127,0,"theta2|batch1_0_127|2,6",2,6,"(2,6)",7,8.009033203125,6.5120320320129395,0.38994091749191284,0.0021639715363271535,0.002163410186767578,-5.61349559575347e-07,0.0002594743997272555,-2.3076069355010986,-2.305443525314331,True,0.01625450700521469,0,1.0,40,40
theta2,T3,batch1_0_127,0,"theta2|batch1_0_127|2,6",2,6,"(2,6)",8,7.843601703643799,6.49953556060791,0.38331398367881775,0.002091043427120894,0.0020906925201416016,-3.5090697929254094e-07,0.00016784246172592333,-2.263597249984741,-2.2615065574645996,True,0.018359294161200523,0,1.0,40,40
theta2,T3,batch1_0_127,0,"theta2|batch1_0_127|2,6",2,6,"(2,6)",9,7.684067249298096,6.494451999664307,0.376986563205719,0.002019039542181417,0.0020189285278320312,-1.1101434938595028e-07,5.498676543302891e-05,-2.22271466255188,-2.220695734024048,True,0.02048482932150364,0,1.0,40,40
theta2,T3,batch1_0_127,0,"theta2|batch1_0_127|2,6",2,6,"(2,6)",10,7.527778625488281,6.489450454711914,0.37041008472442627,0.0019376263085287065,0.0019376277923583984,1.4838296919297833e-09,7.657970729887853e-07,-2.181723117828369,-2.1797854900360107,True,0.02263258770108223,0,1.0,40,40
theta2,T3,batch1_0_127,0,"theta2|batch1_0_127|2,6",2,6,"(2,6)",11,7.37673807144165,6.485960483551025,0.3633563816547394,0.0018486004704609514,0.001848459243774414,-1.4122668653732302e-07,7.640238053014834e-05,-2.13834285736084,-2.1364943981170654,True,0.02480568364262581,0,1.0,40,40
theta2,T3,batch1_0_127,0,"theta2|batch1_0_127|2,6",2,6,"(2,6)",12,7.235114097595215,6.489047527313232,0.3570023775100708,0.0017532322006300093,0.001753091812133789,-1.4038849622025583e-07,8.008051560595728e-05,-2.1008620262145996,-2.099108934402466,True,0.027005411684513092,0,1.0,40,40
theta2,T3,batch1_0_127,0,"theta2|batch1_0_127|2,6",2,6,"(2,6)",13,7.097305774688721,6.498843669891357,0.3514120280742645,0.0016535661770030856,0.0016531944274902344,-3.717495128511845e-07,0.00022486738805159714,-2.0726096630096436,-2.0709564685821533,True,0.029232310131192207,0,1.0,40,40
theta2,T3,batch1_0_127,0,"theta2|batch1_0_127|2,6",2,6,"(2,6)",14,6.964979648590088,6.509921073913574,0.34669286012649536,0.0015617490741424262,0.0015614032745361328,-3.457996062934069e-07,0.0002214671968048346,-2.0510294437408447,-2.0494680404663086,True,0.0314905121922493,0,1.0,40,40
theta2,T3,batch1_0_127,0,"theta2|batch1_0_127|2,6",2,6,"(2,6)",15,6.837469577789307,6.52365779876709,0.3425515592098236,0.001471324777812697,0.0014712810516357422,-4.372617695485789e-08,2.971979888291497e-05,-2.0369250774383545,-2.0354537963867188,True,0.03378249704837799,0,1.0,40,40
theta2,T3,batch1_0_127,0,"theta2|batch1_0_127|2,6",2,6,"(2,6)",16,6.7103681564331055,6.540072917938232,0.3385668992996216,0.0013789288108237087,0.001379251480102539,3.2266927883035576e-07,0.00023394521121439525,-2.0254650115966797,-2.024085760116577,True,0.036109115928411484,0,1.0,40,40
theta2,T3,batch1_0_127,0,"theta2|batch1_0_127|2,6",2,6,"(2,6)",17,6.5900983810424805,6.561680316925049,0.33525946736335754,0.0012848930649925023,0.0012845993041992188,-2.937607932835748e-07,0.00022867892915970136,-2.0214898586273193,-2.02020525932312,True,0.038471926003694534,0,1.0,40,40
theta2,T3,batch1_0_127,0,"theta2|batch1_0_127|2,6",2,6,"(2,6)",18,6.4684038162231445,6.584640979766846,0.3323030471801758,0.0011807486931211316,0.0011806488037109375,-9.988941019408067e-08,8.460552357323775e-05,-2.0249414443969727,-2.0237607955932617,True,0.04087027534842491,0,1.0,40,40
theta2,T3,batch1_0_127,0,"theta2|batch1_0_127|2,6",2,6,"(2,6)",19,6.353018760681152,6.601142406463623,0.3291531205177307,0.0010740211117372383,0.001073598861694336,-4.2225004290232133e-07,0.00039330336307914234,-2.0241870880126953,-2.023113489151001,True,0.04330223798751831,0,1.0,40,40
theta2,T3,batch1_0_127,0,"theta2|batch1_0_127|2,6",2,6,"(2,6)",20,6.2412309646606445,6.619478702545166,0.3260639011859894,0.0009688532311120071,0.00096893310546875,7.987435674287544e-08,8.24353676141903e-05,-2.023716449737549,-2.02274751663208,True,0.04576822370290756,0,1.0,40,40
theta2,T3,batch1_0_127,0,"theta2|batch1_0_127|2,6",2,6,"(2,6)",21,6.134397029876709,6.641860008239746,0.32340943813323975,0.0008645749832794536,0.0008640289306640625,-5.460526153911339e-07,0.0006319841801725978,-2.028515100479126,-2.027651071548462,True,0.04826907441020012,0,1.0,40,40
theta2,T3,batch1_0_127,0,"theta2|batch1_0_127|2,6",2,6,"(2,6)",22,6.028635025024414,6.666362285614014,0.3206009864807129,0.0007637626831710804,0.0007636547088623047,-1.0797430877575263e-07,0.00014139153143783153,-2.0350804328918457,-2.0343167781829834,True,0.050802700221538544,0,1.0,40,40
theta2,T3,batch1_0_127,0,"theta2|batch1_0_127|2,6",2,6,"(2,6)",23,5.925361633300781,6.690650463104248,0.3182397186756134,0.000657363842416089,0.0006573200225830078,-4.3819833081223426e-08,6.666438199924112e-05,-2.0453011989593506,-2.0446438789367676,True,0.0533670149743557,0,1.0,40,40
theta2,T3,batch1_0_127,0,"theta2|batch1_0_127|2,6",2,6,"(2,6)",24,5.823473930358887,6.715428352355957,0.3162415027618408,0.0005504100819816813,0.0005507469177246094,3.3683574292807383e-07,0.000611598053639044,-2.059562921524048,-2.0590121746063232,True,0.05595937371253967,0,1.0,40,40
theta2,T3,batch1_0_127,0,"theta2|batch1_0_127|2,6",2,6,"(2,6)",25,5.725135803222656,6.740525722503662,0.3152095079421997,0.0004475631108653033,0.00044727325439453125,-2.898564707720674e-07,0.000648052321314054,-2.081972122192383,-2.0815248489379883,True,0.058577507734298706,0,1.0,40,40
theta2,T3,batch1_0_127,0,"theta2|batch1_0_127|2,6",2,6,"(2,6)",26,5.629859924316406,6.762763500213623,0.3145506978034973,0.0003457936951308511,0.0003452301025390625,-5.63592591788602e-07,0.0016325128881970307,-2.108386516571045,-2.108041286468506,True,0.06121872365474701,0,1.0,40,40
theta2,T3,batch1_0_127,0,"theta2|batch1_0_127|2,6",2,6,"(2,6)",27,5.536740303039551,6.7870965003967285,0.31277015805244446,0.00024676152561733033,0.00024628639221191406,-4.751334054162691e-07,0.0019291906513756818,-2.126410484313965,-2.126164197921753,True,0.06387940049171448,0,1.0,40,40
theta2,T3,batch1_0_127,0,"theta2|batch1_0_127|2,6",2,6,"(2,6)",28,5.44515323638916,6.812483787536621,0.3113310933113098,0.00014970666627414175,0.0001494884490966797,-2.1821717746206646e-07,0.0014597594582102954,-2.1467347145080566,-2.14658522605896,True,0.06655648350715637,0,1.0,40,40
theta2,T3,batch1_0_127,0,"theta2|batch1_0_127|2,6",2,6,"(2,6)",29,5.355740547180176,6.837779998779297,0.30993014574050903,5.602481558526051e-05,5.602836608886719e-05,3.5505036066754638e-09,6.336975097656733e-05,-2.1698155403137207,-2.169759511947632,True,0.06924648582935333,0,1.0,40,40
theta2,T3,batch1_0_127,0,"theta2|batch1_0_127|2,6",2,6,"(2,6)",30,5.269098281860352,6.863989353179932,0.30928683280944824,-3.4774539999489205e-05,-3.528594970703125e-05,-5.114097075420448e-07,0.0144932958242056,-2.1995184421539307,-2.1995537281036377,False,0.07194570451974869,0,1.0,40,40
theta2,T3,batch1_0_127,0,"theta2|batch1_0_127|2,6",2,6,"(2,6)",31,5.184233665466309,6.886138916015625,0.3088163733482361,-0.00012476455874639214,-0.0001251697540283203,-4.051952819281678e-07,0.0032371660795665557,-2.2310538291931152,-2.2311789989471436,False,0.07464960217475891,0,1.0,40,40
theta2,T3,batch1_0_127,0,"theta2|batch1_0_127|2,6",2,6,"(2,6)",32,5.102366924285889,6.9099225997924805,0.30822935700416565,-0.0002046569806707339,-0.00020503997802734375,-3.8299735660984055e-07,0.0018679155172303264,-2.2592172622680664,-2.2594223022460938,False,0.07735460251569748,0,1.0,40,40
theta2,T3,batch1_0_127,0,"theta2|batch1_0_127|2,6",2,6,"(2,6)",33,5.021323204040527,6.933445930480957,0.307984858751297,-0.0002868759431817125,-0.0002872943878173828,-4.184446356703185e-07,0.0014565012524237009,-2.293422222137451,-2.2937095165252686,False,0.08005750924348831,0,1.0,40,40
theta2,T3,batch1_0_127,0,"theta2|batch1_0_127|2,6",2,6,"(2,6)",34,4.942165374755859,6.959531784057617,0.30802294611930847,-0.00036285692703131645,-0.00036334991455078125,-4.929875194647961e-07,0.001356784465118945,-2.3318076133728027,-2.3321709632873535,False,0.08275263011455536,0,1.0,40,40
theta2,T3,batch1_0_127,0,"theta2|batch1_0_127|2,6",2,6,"(2,6)",35,4.8669328689575195,6.983010768890381,0.3072505295276642,-0.0004305036482146534,-0.00043082237243652344,-3.187242218700482e-07,0.0007398042494114171,-2.3629047870635986,-2.363335609436035,False,0.08543740212917328,0,1.0,40,40
theta2,T3,batch1_0_127,0,"theta2|batch1_0_127|2,6",2,6,"(2,6)",36,4.793726921081543,7.0062360763549805,0.30745595693588257,-0.0005033644313007244,-0.0005040168762207031,-6.524449199787549e-07,0.001294490225944452,-2.402233839035034,-2.402737855911255,False,0.0881081223487854,0,1.0,40,40
theta2,T3,batch1_0_127,0,"theta2|batch1_0_127|2,6",2,6,"(2,6)",37,4.722779273986816,7.035176753997803,0.3071354627609253,-0.0005750631477294519,-0.0005750656127929688,-2.4650635168082385e-09,4.286577847762381e-06,-2.4374303817749023,-2.4380054473876953,False,0.09075979143381119,0,1.0,40,40
theta2,T3,batch1_0_127,0,"theta2|batch1_0_127|2,6",2,6,"(2,6)",38,4.6554741859436035,7.057132720947266,0.3072431683540344,-0.0006387674206862357,-0.0006392002105712891,-4.3278988505338675e-07,0.0006770803230283327,-2.4751627445220947,-2.475801944732666,False,0.0933915302157402,0,1.0,40,40
theta2,T3,batch1_0_127,0,"theta2|batch1_0_127|2,6",2,6,"(2,6)",39,4.58981990814209,7.0779619216918945,0.3074437975883484,-0.000692025194179223,-0.0006921291351318359,-1.0394095261291418e-07,0.00015017566424669528,-2.513457775115967,-2.5141499042510986,False,0.09599915891885757,0,1.0,40,40
theta2,T3,batch1_0_127,0,"theta2|batch1_0_127|2,7",2,7,"(2,7)",0,9.210742950439453,6.752513885498047,0.2551533281803131,0.0015551680312491953,0.001554727554321289,-4.4047692790622796e-07,0.00028331454387744265,-1.8078784942626953,-1.806323766708374,True,0.0020467995200306177,1,1.0,40,40
theta2,T3,batch1_0_127,0,"theta2|batch1_0_127|2,7",2,7,"(2,7)",1,9.052373886108398,6.733384609222412,0.2588558793067932,0.001542813598178327,0.0015426874160766602,-1.2618210166689438e-07,8.179369349352627e-05,-1.8315223455429077,-1.829979658126831,True,0.004088986665010452,1,1.0,40,40
theta2,T3,batch1_0_127,0,"theta2|batch1_0_127|2,7",2,7,"(2,7)",2,8.887043952941895,6.720529556274414,0.26255255937576294,0.0015341616934165358,0.0015338659286499023,-2.957647666334672e-07,0.00019282308910388096,-1.85860013961792,-1.85706627368927,True,0.006127191707491875,1,1.0,40,40
theta2,T3,batch1_0_127,0,"theta2|batch1_0_127|2,7",2,7,"(2,7)",3,8.726491928100586,6.71266508102417,0.26675114035606384,0.0015259315031580626,0.0015257596969604492,-1.7180619761342393e-07,0.0001126037068325298,-1.8910760879516602,-1.8895503282546997,True,0.00816156342625618,1,1.0,40,40
theta2,T3,batch1_0_127,0,"theta2|batch1_0_127|2,7",2,7,"(2,7)",4,8.567476272583008,6.705657958984375,0.271043598651886,0.0015158230988308787,0.0015153884887695312,-4.346100613474707e-07,0.00028679778457362204,-1.924175500869751,-1.9226601123809814,True,0.010191681794822216,1,1.0,40,40
theta2,T3,batch1_0_127,0,"theta2|batch1_0_127|2,7",2,7,"(2,7)",5,8.409019470214844,6.704051494598389,0.2757604718208313,0.0015044661436695605,0.001504063606262207,-4.0253740735346835e-07,0.00026763323417805843,-1.9607832431793213,-1.959279179573059,True,0.012218598276376724,1,1.0,40,40
theta2,T3,batch1_0_127,0,"theta2|batch1_0_127|2,7",2,7,"(2,7)",6,8.257131576538086,6.700196743011475,0.2809663414955139,0.0015048997602425515,0.0015048980712890625,-1.6889534890009855e-09,1.1223042418775014e-06,-2.0024008750915527,-2.0008959770202637,True,0.0142460186034441,1,1.0,40,40
theta2,T3,batch1_0_127,0,"theta2|batch1_0_127|2,7",2,7,"(2,7)",7,8.104076385498047,6.702172756195068,0.2865554988384247,0.001507460672641173,0.0015072822570800781,-1.7841556109485061e-07,0.00011836904485327053,-2.0479912757873535,-2.0464839935302734,True,0.016276881098747253,1,1.0,40,40
theta2,T3,batch1_0_127,0,"theta2|batch1_0_127|2,7",2,7,"(2,7)",8,7.954375743865967,6.705596923828125,0.2914694547653198,0.0015005523478612303,0.0014998912811279297,-6.610667333006338e-07,0.00044074310026224475,-2.0913753509521484,-2.0898754596710205,True,0.018311327323317528,1,1.0,40,40
theta2,T3,batch1_0_127,0,"theta2|batch1_0_127|2,7",2,7,"(2,7)",9,7.808391571044922,6.710228443145752,0.296389639377594,0.0014946212945505977,0.0014944076538085938,-2.1364074200393504e-07,0.00014296014976867785,-2.1367061138153076,-2.135211706161499,True,0.020353855565190315,1,1.0,40,40
theta2,T3,batch1_0_127,0,"theta2|batch1_0_127|2,7",2,7,"(2,7)",10,7.665867805480957,6.719601631164551,0.300723135471344,0.0014835871830582619,0.0014836788177490234,9.163469076155922e-08,6.176181102361737e-05,-2.181514263153076,-2.180030584335327,True,0.02240777015686035,1,1.0,40,40
theta2,T3,batch1_0_127,0,"theta2|batch1_0_127|2,7",2,7,"(2,7)",11,7.52885103225708,6.729559421539307,0.3052445948123932,0.0014726244393968955,0.0014719963073730469,-6.281320238485811e-07,0.0004267211953605765,-2.2297916412353516,-2.2283196449279785,True,0.024475887417793274,1,1.0,40,40
theta2,T3,batch1_0_127,0,"theta2|batch1_0_127|2,7",2,7,"(2,7)",12,7.3955817222595215,6.749448776245117,0.309213787317276,0.001463417584192939,0.0014634132385253906,-4.345667548467241e-09,2.9695423234288604e-06,-2.2786195278167725,-2.277156114578247,True,0.026561476290225983,1,1.0,40,40
theta2,T3,batch1_0_127,0,"theta2|batch1_0_127|2,7",2,7,"(2,7)",13,7.266843795776367,6.768980979919434,0.3133697807788849,0.0014445338533259928,0.001444101333618164,-4.325197078287185e-07,0.00029950786538299906,-2.3324270248413086,-2.3309829235076904,True,0.028668908402323723,1,1.0,40,40
theta2,T3,batch1_0_127,0,"theta2|batch1_0_127|2,7",2,7,"(2,7)",14,7.1423139572143555,6.791361331939697,0.316836416721344,0.0014235673029907047,0.0014231204986572266,-4.468043334781603e-07,0.0003139609990157115,-2.3860602378845215,-2.3846371173858643,True,0.030801137909293175,1,1.0,40,40
theta2,T3,batch1_0_127,0,"theta2|batch1_0_127|2,7",2,7,"(2,7)",15,7.018115997314453,6.815638542175293,0.3207226097583771,0.0014014217648655176,0.0014009475708007812,-4.741940647363767e-07,0.00033848095005106256,-2.445979356765747,-2.4445784091949463,True,0.03296014294028282,1,1.0,40,40
theta2,T3,batch1_0_127,0,"theta2|batch1_0_127|2,7",2,7,"(2,7)",16,6.898941993713379,6.838959693908691,0.3238835036754608,0.0013655132070416584,0.0013649463653564453,-5.668416852130844e-07,0.00041528495155562984,-2.502642869949341,-2.5012779235839844,True,0.035148318856954575,1,1.0,40,40
theta2,T3,batch1_0_127,0,"theta2|batch1_0_127|2,7",2,7,"(2,7)",17,6.783028602600098,6.8612380027771,0.3267906904220581,0.0013511052909307181,0.0013511180877685547,1.2796837836571637e-08,9.47129488711554e-06,-2.554450511932373,-2.5530993938446045,True,0.03736948221921921,1,1.0,40,40
theta2,T3,batch1_0_127,0,"theta2|batch1_0_127|2,7",2,7,"(2,7)",18,6.666831016540527,6.884105205535889,0.32912325859069824,0.0013336848802864552,0.0013339519500732422,2.6706978678700186e-07,0.00020020945040212135,-2.605004072189331,-2.603670120239258,True,0.039624109864234924,1,1.0,40,40
theta2,T3,batch1_0_127,0,"theta2|batch1_0_127|2,7",2,7,"(2,7)",19,6.553597450256348,6.909830093383789,0.33260706067085266,0.0013334276743698866,0.001332998275756836,-4.293986130506945e-07,0.0003221299088379503,-2.664353609085083,-2.663020610809326,True,0.041913773864507675,1,1.0,40,40
theta2,T3,batch1_0_127,0,"theta2|batch1_0_127|2,7",2,7,"(2,7)",20,6.441694736480713,6.929957389831543,0.3351150453090668,0.0013224626141018234,0.0013225078582763672,4.5244174543815005e-08,3.421089278273327e-05,-2.7146551609039307,-2.7133326530456543,True,0.04423768073320389,1,1.0,40,40
theta2,T3,batch1_0_127,0,"theta2|batch1_0_127|2,7",2,7,"(2,7)",21,6.330171585083008,6.9583306312561035,0.33796635270118713,0.001322302347572986,0.001322031021118164,-2.71326454821981e-07,0.00020523455992166892,-2.7693936824798584,-2.7680716514587402,True,0.046591971069574356,1,1.0,40,40
theta2,T3,batch1_0_127,0,"theta2|batch1_0_127|2,7",2,7,"(2,7)",22,6.220515727996826,6.980433464050293,0.33940383791923523,0.0013054745411500335,0.0013053417205810547,-1.328205689787778e-07,0.00010175156963469656,-2.8093996047973633,-2.8080942630767822,True,0.048976603895425797,1,1.0,40,40
theta2,T3,batch1_0_127,0,"theta2|batch1_0_127|2,7",2,7,"(2,7)",23,6.115469932556152,7.002468109130859,0.3411995768547058,0.001307351457711775,0.001306772232055664,-5.792256561108853e-07,0.00044324913087548086,-2.8539938926696777,-2.852687120437622,True,0.05139295756816864,1,1.0,40,40
theta2,T3,batch1_0_127,0,"theta2|batch1_0_127|2,7",2,7,"(2,7)",24,6.010107517242432,7.027966499328613,0.3423404097557068,0.0013035192610404921,0.0013034343719482422,-8.48890922499311e-08,6.512724696913389e-05,-2.8913121223449707,-2.8900086879730225,True,0.05383801460266113,1,1.0,40,40
theta2,T3,batch1_0_127,0,"theta2|batch1_0_127|2,7",2,7,"(2,7)",25,5.906642913818359,7.060283660888672,0.3445984125137329,0.0012960269282921218,0.0012958049774169922,-2.2195087512962182e-07,0.00017128416621153142,-2.943427324295044,-2.942131519317627,True,0.056309107691049576,1,1.0,40,40
theta2,T3,batch1_0_127,0,"theta2|batch1_0_127|2,7",2,7,"(2,7)",26,5.804792404174805,7.08885383605957,0.34633922576904297,0.0012956048203050159,0.001294851303100586,-7.5351720442993e-07,0.0005819333869654342,-2.9886744022369385,-2.987379550933838,True,0.05880405381321907,1,1.0,40,40
theta2,T3,batch1_0_127,0,"theta2|batch1_0_127|2,7",2,7,"(2,7)",27,5.703681945800781,7.1165080070495605,0.3481866419315338,0.0012780543615226634,0.0012784004211425781,3.4605961991471777e-07,0.0002706973606950355,-3.0355677604675293,-3.0342893600463867,True,0.061319343745708466,1,1.0,40,40
theta2,T3,batch1_0_127,0,"theta2|batch1_0_127|2,7",2,7,"(2,7)",28,5.6042327880859375,7.142807960510254,0.3500133752822876,0.0012744651961838827,0.00127410888671875,-3.5630946513274045e-07,0.0002796538575681351,-3.082141399383545,-3.080867290496826,True,0.06385110318660736,1,1.0,40,40
theta2,T3,batch1_0_127,0,"theta2|batch1_0_127|2,7",2,7,"(2,7)",29,5.508843898773193,7.1727776527404785,0.3517446517944336,0.001238501298270421,0.001238107681274414,-3.93616996007028e-07,0.0003179182246909805,-3.126723051071167,-3.1254849433898926,True,0.06639381498098373,1,1.0,40,40
theta2,T3,batch1_0_127,0,"theta2|batch1_0_127|2,7",2,7,"(2,7)",30,5.417054176330566,7.200600624084473,0.35348811745643616,0.0012089145305508283,0.0012080669403076172,-8.475902432110785e-07,0.0007016086732704164,-3.1701560020446777,-3.16894793510437,True,0.06894553452730179,1,1.0,40,40
theta2,T3,batch1_0_127,0,"theta2|batch1_0_127|2,7",2,7,"(2,7)",31,5.32515811920166,7.228194713592529,0.3551291525363922,0.0011876671482605162,0.0011873245239257812,-3.426243347349166e-07,0.00028856839712369467,-3.213491439819336,-3.21230411529541,True,0.0715014636516571,1,1.0,40,40
theta2,T3,batch1_0_127,0,"theta2|batch1_0_127|2,7",2,7,"(2,7)",32,5.234376430511475,7.254209995269775,0.3563992977142334,0.001162363760144217,0.001161336898803711,-1.0268613405059728e-06,0.0008842062467521173,-3.252002477645874,-3.2508411407470703,True,0.07405794411897659,1,1.0,40,40
theta2,T3,batch1_0_127,0,"theta2|batch1_0_127|2,7",2,7,"(2,7)",33,5.147500991821289,7.282241344451904,0.357941210269928,0.0011445665592618752,0.0011444091796875,-1.5737957437516464e-07,0.00013752037048334387,-3.292424201965332,-3.2912797927856445,True,0.07661020010709763,1,1.0,40,40
theta2,T3,batch1_0_127,0,"theta2|batch1_0_127|2,7",2,7,"(2,7)",34,5.063183784484863,7.308812618255615,0.35947155952453613,0.0011256456370756496,0.0011250972747802734,-5.483622953761629e-07,0.00048739100846480643,-3.331444025039673,-3.3303189277648926,True,0.07915567606687546,1,1.0,40,40
theta2,T3,batch1_0_127,0,"theta2|batch1_0_127|2,7",2,7,"(2,7)",35,4.9795331954956055,7.332212448120117,0.36095568537712097,0.0011020946311182344,0.0011014938354492188,-6.007956690156063e-07,0.0005454371596828643,-3.3693759441375732,-3.368274450302124,True,0.0816880464553833,1,1.0,40,40
theta2,T3,batch1_0_127,0,"theta2|batch1_0_127|2,7",2,7,"(2,7)",36,4.898086071014404,7.356086730957031,0.3623705208301544,0.0010819457426987356,0.0010802745819091797,-1.671160789555896e-06,0.0015469777939257235,-3.4055118560791016,-3.4044315814971924,True,0.08420339971780777,1,1.0,40,40
theta2,T3,batch1_0_127,0,"theta2|batch1_0_127|2,7",2,7,"(2,7)",37,4.821154594421387,7.384321689605713,0.36383408308029175,0.0010502906989349867,0.0010499954223632812,-2.9527657170540754e-07,0.00028121700858544,-3.442871332168579,-3.441821336746216,True,0.08669888228178024,1,1.0,40,40
theta2,T3,batch1_0_127,0,"theta2|batch1_0_127|2,7",2,7,"(2,7)",38,4.749327182769775,7.403871059417725,0.36427217721939087,0.0010111300702119479,0.0010111331939697266,3.1237577787033427e-09,3.0893632978652545e-06,-3.4679508209228516,-3.466939687728882,True,0.08917217701673508,1,1.0,40,40
theta2,T3,batch1_0_127,0,"theta2|batch1_0_127|2,7",2,7,"(2,7)",39,4.677682876586914,7.4211554527282715,0.3653072118759155,0.0009872700752021047,0.0009865760803222656,-6.939948798390626e-07,0.0007034377719885209,-3.497704267501831,-3.496717691421509,True,0.09161891788244247,1,1.0,40,40
theta2,T3,batch1_0_127,0,"theta2|batch1_0_127|3,4",3,4,"(3,4)",0,9.358489990234375,6.752513885498047,0.2307817041873932,0.0016578911221586169,0.0016574859619140625,-4.0516024455436797e-07,0.00024444264015756095,-1.8481791019439697,-1.8465216159820557,True,0.0019389117369428277,0,1.0,40,40
theta2,T3,batch1_0_127,0,"theta2|batch1_0_127|3,4",3,4,"(3,4)",1,9.179463386535645,6.713707447052002,0.23337657749652863,0.0016282626192551106,0.001627802848815918,-4.597704391926579e-07,0.0002824484792658399,-1.8076368570327759,-1.80600905418396,True,0.0038913972675800323,0,1.0,40,40
theta2,T3,batch1_0_127,0,"theta2|batch1_0_127|3,4",3,4,"(3,4)",2,8.995586395263672,6.681774139404297,0.23521360754966736,0.0015965164966182783,0.0015960931777954102,-4.2331882286810937e-07,0.00026522187348285945,-1.7605563402175903,-1.758960247039795,True,0.005863412283360958,0,1.0,40,40
theta2,T3,batch1_0_127,0,"theta2|batch1_0_127|3,4",3,4,"(3,4)",3,8.813096046447754,6.652923583984375,0.23696808516979218,0.0015544170923531056,0.0015541315078735352,-2.855844795704703e-07,0.00018375824576211428,-1.7142179012298584,-1.7126637697219849,True,0.007854579016566277,0,1.0,40,40
theta2,T3,batch1_0_127,0,"theta2|batch1_0_127|3,4",3,4,"(3,4)",4,8.634374618530273,6.633749485015869,0.23795931041240692,0.0015011005790438504,0.0015007257461547852,-3.748328890652592e-07,0.00024976774738866834,-1.6682387590408325,-1.6667380332946777,True,0.009866299107670784,0,1.0,40,40
theta2,T3,batch1_0_127,0,"theta2|batch1_0_127|3,4",3,4,"(3,4)",5,8.465044021606445,6.614529609680176,0.23883426189422607,0.0014372201742371546,0.0014368295669555664,-3.906072815881498e-07,0.0002718535938926911,-1.6280291080474854,-1.6265922784805298,True,0.01189997885376215,0,1.0,40,40
theta2,T3,batch1_0_127,0,"theta2|batch1_0_127|3,4",3,4,"(3,4)",6,8.308517456054688,6.60914421081543,0.2400217056274414,0.0013742474472383038,0.0013742446899414062,-2.7572968975316664e-09,2.0064089879432094e-06,-1.597537875175476,-1.5961636304855347,True,0.013957102783024311,0,1.0,40,40
theta2,T3,batch1_0_127,0,"theta2|batch1_0_127|3,4",3,4,"(3,4)",7,8.158044815063477,6.610525131225586,0.24095793068408966,0.0013123346423963085,0.0013120174407958984,-3.172016004100893e-07,0.00024176629863827714,-1.5740582942962646,-1.5727462768554688,True,0.016042262315750122,0,1.0,40,40
theta2,T3,batch1_0_127,0,"theta2|batch1_0_127|3,4",3,4,"(3,4)",8,8.01626968383789,6.615401744842529,0.24207502603530884,0.001248591073206626,0.0012483596801757812,-2.3139303084469126e-07,0.00018535766135294345,-1.558032512664795,-1.5567841529846191,True,0.018156085163354874,0,1.0,40,40
theta2,T3,batch1_0_127,0,"theta2|batch1_0_127|3,4",3,4,"(3,4)",9,7.882944107055664,6.631112575531006,0.24228008091449738,0.0011907605055021123,0.0011904239654541016,-3.365400480107375e-07,0.00028270604236563756,-1.5425602197647095,-1.5413697957992554,True,0.02030259557068348,0,1.0,40,40
theta2,T3,batch1_0_127,0,"theta2|batch1_0_127|3,4",3,4,"(3,4)",10,7.761656761169434,6.646745681762695,0.24335573613643646,0.0011476735529722646,0.001147627830505371,-4.5722466893551375e-08,3.984084881717879e-05,-1.5361262559890747,-1.5349786281585693,True,0.022483360022306442,0,1.0,40,40
theta2,T3,batch1_0_127,0,"theta2|batch1_0_127|3,4",3,4,"(3,4)",11,7.64443302154541,6.659976482391357,0.2445911020040512,0.0011135206191102043,0.0011136531829833984,1.3256387319414073e-07,0.00011903514955976819,-1.5326201915740967,-1.5315065383911133,True,0.024700047448277473,0,1.0,40,40
theta2,T3,batch1_0_127,0,"theta2|batch1_0_127|3,4",3,4,"(3,4)",12,7.533888339996338,6.6746439933776855,0.2454712837934494,0.0010811505869496613,0.0010811090469360352,-4.154001362615019e-08,3.842351864863077e-05,-1.531537413597107,-1.530456304550171,True,0.026952609419822693,0,1.0,40,40
theta2,T3,batch1_0_127,0,"theta2|batch1_0_127|3,4",3,4,"(3,4)",13,7.426151275634766,6.6957926750183105,0.24564209580421448,0.0010495376055478119,0.001049637794494629,1.0018894681701647e-07,9.545097112785904e-05,-1.5272905826568604,-1.5262409448623657,True,0.029237214475870132,0,1.0,40,40
theta2,T3,batch1_0_127,0,"theta2|batch1_0_127|3,4",3,4,"(3,4)",14,7.320370197296143,6.714966773986816,0.24609124660491943,0.0010240198553656229,0.001024007797241211,-1.2058124411939639e-08,1.1775422457158573e-05,-1.527255654335022,-1.5262316465377808,True,0.03155515715479851,0,1.0,40,40
theta2,T3,batch1_0_127,0,"theta2|batch1_0_127|3,4",3,4,"(3,4)",15,7.219098091125488,6.731843948364258,0.2463536113500595,0.0010014181311707943,0.0010013580322265625,-6.009894423179146e-08,6.001743861599521e-05,-1.5273535251617432,-1.5263521671295166,True,0.0339064747095108,0,1.0,40,40
theta2,T3,batch1_0_127,0,"theta2|batch1_0_127|3,4",3,4,"(3,4)",16,7.120000839233398,6.7522101402282715,0.246940016746521,0.00098251726932358,0.0009822845458984375,-2.3272342514245661e-07,0.00023692058081764718,-1.531032681465149,-1.5300503969192505,True,0.03629091754555702,0,1.0,40,40
theta2,T3,batch1_0_127,0,"theta2|batch1_0_127|3,4",3,4,"(3,4)",17,7.02255392074585,6.772515296936035,0.24762775003910065,0.00096703257097397,0.0009667873382568359,-2.4523271713403766e-07,0.00025365735299782066,-1.5368746519088745,-1.5359078645706177,True,0.038707833737134933,0,1.0,40,40
theta2,T3,batch1_0_127,0,"theta2|batch1_0_127|3,4",3,4,"(3,4)",18,6.927403450012207,6.792634963989258,0.248209610581398,0.0009541590199805797,0.0009540319442749023,-1.2707570567734375e-07,0.0001331985856866939,-1.5435822010040283,-1.5426281690597534,True,0.041156161576509476,0,1.0,40,40
theta2,T3,batch1_0_127,0,"theta2|batch1_0_127|3,4",3,4,"(3,4)",19,6.834271430969238,6.810469627380371,0.24958953261375427,0.0009465555935166776,0.0009464025497436523,-1.5304377302526734e-07,0.0001617110742851671,-1.55721914768219,-1.5562727451324463,True,0.04363434389233589,0,1.0,40,40
theta2,T3,batch1_0_127,0,"theta2|batch1_0_127|3,4",3,4,"(3,4)",20,6.741940498352051,6.828804016113281,0.2509864568710327,0.0009357085826632102,0.0009355545043945312,-1.5407826867890398e-07,0.00016469192116029603,-1.570875644683838,-1.5699400901794434,True,0.04614100977778435,0,1.0,40,40
theta2,T3,batch1_0_127,0,"theta2|batch1_0_127|3,4",3,4,"(3,4)",21,6.649055480957031,6.8455610275268555,0.25235605239868164,0.0009232237046817317,0.0009229183197021484,-3.053849795832918e-07,0.0003308905816084007,-1.585810661315918,-1.5848877429962158,True,0.048675213009119034,0,1.0,40,40
theta2,T3,batch1_0_127,0,"theta2|batch1_0_127|3,4",3,4,"(3,4)",22,6.556654930114746,6.861094951629639,0.25443312525749207,0.0009207352838420774,0.0009206533432006836,-8.194064139385206e-08,8.900270878176855e-05,-1.6061540842056274,-1.6052334308624268,True,0.05123548209667206,0,1.0,40,40
theta2,T3,batch1_0_127,0,"theta2|batch1_0_127|3,4",3,4,"(3,4)",23,6.464494228363037,6.877352237701416,0.2567843794822693,0.0009100718107656576,0.0009096860885620117,-3.8572220364583524e-07,0.0004240168212922399,-1.6284658908843994,-1.6275562047958374,True,0.053820569068193436,0,1.0,40,40
theta2,T3,batch1_0_127,0,"theta2|batch1_0_127|3,4",3,4,"(3,4)",24,6.3740234375,6.893333911895752,0.2592318654060364,0.0009051784079929349,0.0009052753448486328,9.693685569793931e-08,0.00010707996881782715,-1.6543372869491577,-1.653432011604309,True,0.05642795190215111,0,1.0,40,40
theta2,T3,batch1_0_127,0,"theta2|batch1_0_127|3,4",3,4,"(3,4)",25,6.283385276794434,6.908114910125732,0.2615427076816559,0.0009023874767590314,0.0009021759033203125,-2.115734387188881e-07,0.00023451461953287187,-1.6789430379867554,-1.678040862083435,True,0.05905674025416374,0,1.0,40,40
theta2,T3,batch1_0_127,0,"theta2|batch1_0_127|3,4",3,4,"(3,4)",26,6.19448709487915,6.92144775390625,0.2638826370239258,0.0008954613620007877,0.0008955001831054688,3.8821104681049066e-08,4.335130847927125e-05,-1.7050490379333496,-1.7041535377502441,True,0.06170514225959778,0,1.0,40,40
theta2,T3,batch1_0_127,0,"theta2|batch1_0_127|3,4",3,4,"(3,4)",27,6.1048173904418945,6.935223579406738,0.2666235566139221,0.0008916864021739457,0.000891566276550293,-1.2012562365269416e-07,0.000134735495063241,-1.7362284660339355,-1.7353368997573853,True,0.06437041610479355,0,1.0,40,40
theta2,T3,batch1_0_127,0,"theta2|batch1_0_127|3,4",3,4,"(3,4)",28,6.015181064605713,6.950399398803711,0.2695048451423645,0.000877042144886218,0.0008770227432250977,-1.9401661120353395e-08,2.2122186990279386e-05,-1.7710938453674316,-1.7702168226242065,True,0.06705213338136673,0,1.0,40,40
theta2,T3,batch1_0_127,0,"theta2|batch1_0_127|3,4",3,4,"(3,4)",29,5.9268012046813965,6.962002277374268,0.2726286053657532,0.0008716363945277408,0.0008716583251953125,2.1930667571659276e-08,2.5159706432844856e-05,-1.8060944080352783,-1.805222749710083,True,0.06974763423204422,0,1.0,40,40
theta2,T3,batch1_0_127,0,"theta2|batch1_0_127|3,4",3,4,"(3,4)",30,5.838521957397461,6.976088047027588,0.2756953239440918,0.0008605482590501197,0.0008603334426879883,-2.1481636213144077e-07,0.0002496896569082307,-1.845776081085205,-1.844915747642517,True,0.07245529443025589,0,1.0,40,40
theta2,T3,batch1_0_127,0,"theta2|batch1_0_127|3,4",3,4,"(3,4)",31,5.75208854675293,6.9948649406433105,0.2790975272655487,0.0008516764753730968,0.000851750373840332,7.389846723524635e-08,8.67607100682051e-05,-1.8897675275802612,-1.888915777206421,True,0.07517111301422119,0,1.0,40,40
theta2,T3,batch1_0_127,0,"theta2|batch1_0_127|3,4",3,4,"(3,4)",32,5.665955066680908,7.009871482849121,0.2828327417373657,0.0008409737151814625,0.0008406639099121094,-3.0980526935313855e-07,0.00036852452650849306,-1.9377634525299072,-1.9369227886199951,True,0.07789343595504761,0,1.0,40,40
theta2,T3,batch1_0_127,0,"theta2|batch1_0_127|3,4",3,4,"(3,4)",33,5.5788774490356445,7.023495197296143,0.28659680485725403,0.0008291415208368562,0.0008289813995361328,-1.6012130072339762e-07,0.00019315427440591015,-1.9881494045257568,-1.9873204231262207,True,0.08061948418617249,0,1.0,40,40
theta2,T3,batch1_0_127,0,"theta2|batch1_0_127|3,4",3,4,"(3,4)",34,5.4925537109375,7.040350914001465,0.29057392477989197,0.0008170190155651654,0.00081634521484375,-6.738007214153593e-07,0.0008253869921248035,-2.042590379714966,-2.041774034500122,True,0.08334775269031525,0,1.0,40,40
theta2,T3,batch1_0_127,0,"theta2|batch1_0_127|3,4",3,4,"(3,4)",35,5.409395217895508,7.057147026062012,0.2944430112838745,0.0007951313807570841,0.0007948875427246094,-2.438380324747179e-07,0.00030675789890847007,-2.09645414352417,-2.0956592559814453,True,0.08607495576143265,0,1.0,40,40
theta2,T3,batch1_0_127,0,"theta2|batch1_0_127|3,4",3,4,"(3,4)",36,5.326671600341797,7.075455188751221,0.2986692190170288,0.0007778062910947483,0.0007774829864501953,-3.2330464455295523e-07,0.0004158350088522043,-2.1585419178009033,-2.157764434814453,True,0.08879848569631577,0,1.0,40,40
theta2,T3,batch1_0_127,0,"theta2|batch1_0_127|3,4",3,4,"(3,4)",37,5.242650508880615,7.097436904907227,0.30303066968917847,0.0007556924629898277,0.00075531005859375,-3.8240439607765703e-07,0.0005062879697241481,-2.2222394943237305,-2.2214841842651367,True,0.09151599556207657,0,1.0,40,40
theta2,T3,batch1_0_127,0,"theta2|batch1_0_127|3,4",3,4,"(3,4)",38,5.160234451293945,7.119268417358398,0.30763277411460876,0.0007402578930777963,0.0007398128509521484,-4.4504212564787284e-07,0.0006015604150091446,-2.2922658920288086,-2.2915260791778564,True,0.09422315657138824,0,1.0,40,40
theta2,T3,batch1_0_127,0,"theta2|batch1_0_127|3,4",3,4,"(3,4)",39,5.080844402313232,7.142297744750977,0.3120279014110565,0.0007078581476816908,0.0007078647613525391,6.613670848281371e-09,9.34312768394407e-06,-2.3608710765838623,-2.3601632118225098,True,0.09691840410232544,0,1.0,40,40
theta2,T3,batch1_0_127,0,"theta2|batch1_0_127|3,5",3,5,"(3,5)",0,9.203895568847656,6.752513885498047,0.10794930160045624,0.0005612171729444526,0.0005611181259155273,-9.904702892528285e-08,0.00017651725073695754,-0.7317239046096802,-0.7311627864837646,True,0.0019997910130769014,0,1.0,40,40
theta2,T3,batch1_0_127,0,"theta2|batch1_0_127|3,5",3,5,"(3,5)",1,9.014512062072754,6.728504180908203,0.1104346290230751,0.0005483477819943801,0.000548243522644043,-1.0425935033711586e-07,0.00019016978045504083,-0.7362484335899353,-0.7357001900672913,True,0.0039829108864068985,0,1.0,40,40
theta2,T3,batch1_0_127,0,"theta2|batch1_0_127|3,5",3,5,"(3,5)",2,8.819448471069336,6.707569122314453,0.11286821961402893,0.0005382462304551154,0.0005380511283874512,-1.951020676642509e-07,0.0003626087882186499,-0.7364252805709839,-0.7358872294425964,True,0.0059524537064135075,0,1.0,40,40
theta2,T3,batch1_0_127,0,"theta2|batch1_0_127|3,5",3,5,"(3,5)",3,8.622007369995117,6.68879508972168,0.11570684611797333,0.0005322584789246321,0.0005322694778442383,1.0998919606152423e-08,2.0664193728897437e-05,-0.735404372215271,-0.7348721027374268,True,0.007911855354905128,0,1.0,40,40
theta2,T3,batch1_0_127,0,"theta2|batch1_0_127|3,5",3,5,"(3,5)",4,8.426351547241211,6.669930934906006,0.1199055016040802,0.0005329372908454388,0.0005328059196472168,-1.3137119822201077e-07,0.0002465648247845945,-0.7387951612472534,-0.7382623553276062,True,0.009863901883363724,0,1.0,40,40
theta2,T3,batch1_0_127,0,"theta2|batch1_0_127|3,5",3,5,"(3,5)",5,8.235577583312988,6.656670093536377,0.12356363236904144,0.0005347422409104183,0.0005345940589904785,-1.4818191993977783e-07,0.00027718587112547216,-0.738301157951355,-0.7377665638923645,True,0.011811317875981331,0,1.0,40,40
theta2,T3,batch1_0_127,0,"theta2|batch1_0_127|3,5",3,5,"(3,5)",6,8.04911994934082,6.655516624450684,0.1280060112476349,0.0005473394106375053,0.0005472898483276367,-4.956230986860252e-08,9.055952713183143e-05,-0.7396962642669678,-0.7391489744186401,True,0.013759213499724865,0,1.0,40,40
theta2,T3,batch1_0_127,0,"theta2|batch1_0_127|3,5",3,5,"(3,5)",7,7.867437362670898,6.659053802490234,0.13320399820804596,0.000568782119313255,0.0005688071250915527,2.5005778297722096e-08,4.396178809064193e-05,-0.7420284152030945,-0.7414596080780029,True,0.015711935237050056,0,1.0,40,40
theta2,T3,batch1_0_127,0,"theta2|batch1_0_127|3,5",3,5,"(3,5)",8,7.694404602050781,6.667949676513672,0.13911934196949005,0.0005987929676193744,0.0005987882614135742,-4.706205800173065e-09,7.859549198681699e-06,-0.7458909749984741,-0.7452921867370605,True,0.017669683322310448,0,1.0,40,40
theta2,T3,batch1_0_127,0,"theta2|batch1_0_127|3,5",3,5,"(3,5)",9,7.522974967956543,6.677729606628418,0.14544253051280975,0.0006337143261916935,0.0006337165832519531,2.257060259611837e-09,3.561624106520304e-06,-0.7512975335121155,-0.7506638169288635,True,0.019635038450360298,0,1.0,40,40
theta2,T3,batch1_0_127,0,"theta2|batch1_0_127|3,5",3,5,"(3,5)",10,7.358549118041992,6.692066192626953,0.15170526504516602,0.0006671620669076219,0.0006671547889709473,-7.2779366746536164e-09,1.090891768292553e-05,-0.7542833089828491,-0.7536161541938782,True,0.021608596667647362,0,1.0,40,40
theta2,T3,batch1_0_127,0,"theta2|batch1_0_127|3,5",3,5,"(3,5)",11,7.201944351196289,6.706048011779785,0.15800495445728302,0.0007062099108588882,0.0007061362266540527,-7.368420483543168e-08,0.0001043484274763469,-0.7554273009300232,-0.7547211647033691,True,0.023591818287968636,0,1.0,40,40
theta2,T3,batch1_0_127,0,"theta2|batch1_0_127|3,5",3,5,"(3,5)",12,7.052968502044678,6.7179155349731445,0.16529613733291626,0.0007519953650189563,0.0007520914077758789,9.604275692256213e-08,0.0001277009096628087,-0.7595270872116089,-0.758774995803833,True,0.025586966425180435,0,1.0,40,40
theta2,T3,batch1_0_127,0,"theta2|batch1_0_127|3,5",3,5,"(3,5)",13,6.906271934509277,6.725859642028809,0.17323075234889984,0.0008072818987420761,0.0008074045181274414,1.2261938536534036e-07,0.00015186858955127376,-0.7637175917625427,-0.7629101872444153,True,0.027595212683081627,0,1.0,40,40
theta2,T3,batch1_0_127,0,"theta2|batch1_0_127|3,5",3,5,"(3,5)",14,6.764068603515625,6.731415748596191,0.1810000240802765,0.0008612082730396651,0.0008611679077148438,-4.036532482137173e-08,4.68727694793961e-05,-0.7673364281654358,-0.766475260257721,True,0.029616979882121086,0,1.0,40,40
theta2,T3,batch1_0_127,0,"theta2|batch1_0_127|3,5",3,5,"(3,5)",15,6.625219345092773,6.734048843383789,0.18898026645183563,0.000919394095952157,0.000919342041015625,-5.205493653194591e-08,5.66219472291719e-05,-0.7714095115661621,-0.7704901695251465,True,0.031653109937906265,0,1.0,40,40
theta2,T3,batch1_0_127,0,"theta2|batch1_0_127|3,5",3,5,"(3,5)",16,6.490851402282715,6.739171981811523,0.19722658395767212,0.000981917986413464,0.0009818673133850098,-5.0673028454285146e-08,5.160883529118485e-05,-0.7748866677284241,-0.7739048004150391,True,0.033702582120895386,0,1.0,40,40
theta2,T3,batch1_0_127,0,"theta2|batch1_0_127|3,5",3,5,"(3,5)",17,6.358847141265869,6.739572048187256,0.2054985910654068,0.0010475418839487247,0.0010476112365722656,6.935262354093759e-08,6.620072515435792e-05,-0.7763766050338745,-0.7753289937973022,True,0.035763077437877655,0,1.0,40,40
theta2,T3,batch1_0_127,0,"theta2|batch1_0_127|3,5",3,5,"(3,5)",18,6.231819152832031,6.738992691040039,0.2141186147928238,0.0011202845965453889,0.0011203289031982422,4.430665285332612e-08,3.954789769936522e-05,-0.7800819873809814,-0.7789616584777832,True,0.03783414885401726,0,1.0,40,40
theta2,T3,batch1_0_127,0,"theta2|batch1_0_127|3,5",3,5,"(3,5)",19,6.10945987701416,6.730916500091553,0.22323937714099884,0.0011907461461378261,0.0011906027793884277,-1.4336674939840338e-07,0.0001204152651752132,-0.7819998860359192,-0.7808092832565308,True,0.03991358354687691,0,1.0,40,40
theta2,T3,batch1_0_127,0,"theta2|batch1_0_127|3,5",3,5,"(3,5)",20,5.988829612731934,6.720220565795898,0.2318534404039383,0.0012590632942738012,0.001259148120880127,8.482660632572712e-08,6.736825073958297e-05,-0.782528281211853,-0.7812691330909729,True,0.041999101638793945,0,1.0,40,40
theta2,T3,batch1_0_127,0,"theta2|batch1_0_127|3,5",3,5,"(3,5)",21,5.871532440185547,6.706132411956787,0.24076303839683533,0.001326900580956135,0.001326918601989746,1.802103361111737e-08,1.3581114609512897e-05,-0.7829792499542236,-0.7816523313522339,True,0.0440869964659214,0,1.0,40,40
theta2,T3,batch1_0_127,0,"theta2|batch1_0_127|3,5",3,5,"(3,5)",22,5.755609035491943,6.692193031311035,0.24932973086833954,0.001394151714281179,0.0013941526412963867,9.270152076523708e-10,6.649309266382504e-07,-0.7838932275772095,-0.7824990749359131,True,0.04617500305175781,0,1.0,40,40
theta2,T3,batch1_0_127,0,"theta2|batch1_0_127|3,5",3,5,"(3,5)",23,5.643083572387695,6.67510986328125,0.25792914628982544,0.0014579165178001858,0.001457810401916504,-1.0611588368192489e-07,7.279127899102663e-05,-0.7831412553787231,-0.7816834449768066,True,0.04825936630368233,0,1.0,40,40
theta2,T3,batch1_0_127,0,"theta2|batch1_0_127|3,5",3,5,"(3,5)",24,5.533105373382568,6.65598201751709,0.2665664851665497,0.0015216501521354076,0.0015215873718261719,-6.278030923573784e-08,4.125974649775809e-05,-0.7839993238449097,-0.7824777364730835,True,0.0503368079662323,0,1.0,40,40
theta2,T3,batch1_0_127,0,"theta2|batch1_0_127|3,5",3,5,"(3,5)",25,5.4268622398376465,6.6328229904174805,0.27517053484916687,0.0015804786948719993,0.0015804171562194824,-6.153865251688935e-08,3.893823366489897e-05,-0.7822498083114624,-0.7806693911552429,True,0.05240554362535477,0,1.0,40,40
theta2,T3,batch1_0_127,0,"theta2|batch1_0_127|3,5",3,5,"(3,5)",26,5.323847770690918,6.612796306610107,0.28403469920158386,0.0016367967453843448,0.0016369223594665527,1.2561408220795184e-07,7.6737959794799e-05,-0.7843589782714844,-0.7827220559120178,True,0.05446046590805054,0,1.0,40,40
theta2,T3,batch1_0_127,0,"theta2|batch1_0_127|3,5",3,5,"(3,5)",27,5.224071502685547,6.587133884429932,0.29264163970947266,0.00168661110814719,0.0016868114471435547,2.0033899636472986e-07,0.00011876786626269567,-0.7825577259063721,-0.7808709144592285,True,0.056498415768146515,0,1.0,40,40
theta2,T3,batch1_0_127,0,"theta2|batch1_0_127|3,5",3,5,"(3,5)",28,5.126706123352051,6.557326316833496,0.3019385039806366,0.0017354606516455534,0.0017356276512145996,1.669995690462521e-07,9.621854602822506e-05,-0.7834714651107788,-0.7817358374595642,True,0.05851563438773155,0,1.0,40,40
theta2,T3,batch1_0_127,0,"theta2|batch1_0_127|3,5",3,5,"(3,5)",29,5.033048629760742,6.530712127685547,0.31035318970680237,0.001775384420878254,0.0017752647399902344,-1.1968088801960798e-07,6.741579738707948e-05,-0.782051146030426,-0.7802758812904358,True,0.060510214418172836,0,1.0,40,40
theta2,T3,batch1_0_127,0,"theta2|batch1_0_127|3,5",3,5,"(3,5)",30,4.940825462341309,6.496382713317871,0.31941500306129456,0.0018130640641757054,0.0018131136894226074,4.962524690200858e-08,2.737017937237676e-05,-0.7824987173080444,-0.7806856036186218,True,0.062477678060531616,0,1.0,40,40
theta2,T3,batch1_0_127,0,"theta2|batch1_0_127|3,5",3,5,"(3,5)",31,4.853458881378174,6.467065334320068,0.32794249057769775,0.0018392569868301508,0.0018392205238342285,-3.6462995922333444e-08,1.98252441454486e-05,-0.7831659317016602,-0.7813267111778259,True,0.06441643834114075,0,1.0,40,40
theta2,T3,batch1_0_127,0,"theta2|batch1_0_127|3,5",3,5,"(3,5)",32,4.770503044128418,6.432826519012451,0.3363151252269745,0.0018627475852117641,0.0018627047538757324,-4.283133603170952e-08,2.2994162624318373e-05,-0.7838563323020935,-0.7819936275482178,True,0.06632442772388458,0,1.0,40,40
theta2,T3,batch1_0_127,0,"theta2|batch1_0_127|3,5",3,5,"(3,5)",33,4.69121789932251,6.399533271789551,0.3444954454898834,0.0018797772387842996,0.0018798112869262695,3.404814196989597e-08,1.8112531936952574e-05,-0.7841601967811584,-0.7822803854942322,True,0.06820029765367508,0,1.0,40,40
theta2,T3,batch1_0_127,0,"theta2|batch1_0_127|3,5",3,5,"(3,5)",34,4.616124153137207,6.366844654083252,0.3525928556919098,0.0018859932581326575,0.001886129379272461,1.3612113980345647e-07,7.21695665734037e-05,-0.7835173010826111,-0.7816311717033386,True,0.07004379481077194,0,1.0,40,40
theta2,T3,batch1_0_127,0,"theta2|batch1_0_127|3,5",3,5,"(3,5)",35,4.544807434082031,6.331054210662842,0.36021754145622253,0.0018870540343414177,0.0018870234489440918,-3.0585397325921804e-08,1.6208276236861952e-05,-0.7821177244186401,-0.780230700969696,True,0.07185293734073639,0,1.0,40,40
theta2,T3,batch1_0_127,0,"theta2|batch1_0_127|3,5",3,5,"(3,5)",36,4.476195335388184,6.2978515625,0.36771267652511597,0.0018852281574363587,0.0018851757049560547,-5.245248030404451e-08,2.7823655994583925e-05,-0.7799609303474426,-0.7780757546424866,True,0.07362696528434753,0,1.0,40,40
theta2,T3,batch1_0_127,0,"theta2|batch1_0_127|3,5",3,5,"(3,5)",37,4.409447193145752,6.258431911468506,0.37566226720809937,0.0018760388138252893,0.0018759965896606445,-4.222416464475659e-08,2.2507591366354597e-05,-0.7802057862281799,-0.7783297896385193,True,0.07536385953426361,0,1.0,40,40
theta2,T3,batch1_0_127,0,"theta2|batch1_0_127|3,5",3,5,"(3,5)",38,4.3469390869140625,6.223930835723877,0.38286858797073364,0.0018605610282684212,0.00186079740524292,2.363769744987386e-07,0.000127029935571025,-0.7815566658973694,-0.7796958684921265,True,0.07706443220376968,0,1.0,40,40
theta2,T3,batch1_0_127,0,"theta2|batch1_0_127|3,5",3,5,"(3,5)",39,4.287208557128906,6.19048547744751,0.39004552364349365,0.0018395228003064404,0.0018396377563476562,1.1495604121587212e-07,6.248841154690219e-05,-0.7826752066612244,-0.7808355689048767,True,0.07872764021158218,0,1.0,40,40
theta2,T3,batch1_0_127,0,"theta2|batch1_0_127|3,6",3,6,"(3,6)",0,9.167703628540039,6.752513885498047,0.4200369715690613,0.002576612228178419,0.0025758743286132812,-7.378995651378777e-07,0.0002864656699052259,-2.6154158115386963,-2.612839937210083,True,0.0020098257809877396,0,1.0,40,40
theta2,T3,batch1_0_127,0,"theta2|batch1_0_127|3,6",3,6,"(3,6)",1,9.007198333740234,6.704773426055908,0.4116646349430084,0.0024778493440244347,0.0024771690368652344,-6.80307159200283e-07,0.0002746308988510475,-2.533177375793457,-2.530700206756592,True,0.004031802527606487,0,1.0,40,40
theta2,T3,batch1_0_127,0,"theta2|batch1_0_127|3,6",3,6,"(3,6)",2,8.840967178344727,6.668362140655518,0.40362557768821716,0.002399854486808181,0.002399444580078125,-4.099067300558819e-07,0.00017083400611092066,-2.462496519088745,-2.460097074508667,True,0.006071890238672495,0,1.0,40,40
theta2,T3,batch1_0_127,0,"theta2|batch1_0_127|3,6",3,6,"(3,6)",3,8.679271697998047,6.6334757804870605,0.39514434337615967,0.002326484531397,0.0023260116577148438,-4.7287368215619477e-07,0.00020329807057835756,-2.388904571533203,-2.3865785598754883,True,0.008131425827741623,0,1.0,40,40
theta2,T3,batch1_0_127,0,"theta2|batch1_0_127|3,6",3,6,"(3,6)",4,8.516031265258789,6.608495235443115,0.38588830828666687,0.00225759488332551,0.002257823944091797,2.2906076628699534e-07,0.00010145200509826924,-2.3176302909851074,-2.3153724670410156,True,0.010212982073426247,0,1.0,40,40
theta2,T3,batch1_0_127,0,"theta2|batch1_0_127|3,6",3,6,"(3,6)",5,8.354186058044434,6.587905406951904,0.3766472339630127,0.0021909447407815604,0.0021905899047851562,-3.548359964042e-07,0.00016198193720745772,-2.249645709991455,-2.24745512008667,True,0.012319568544626236,0,1.0,40,40
theta2,T3,batch1_0_127,0,"theta2|batch1_0_127|3,6",3,6,"(3,6)",6,8.192180633544922,6.568314552307129,0.3691636025905609,0.0021400722656399014,0.0021398067474365234,-2.655182033779388e-07,0.00012408513231207825,-2.1934356689453125,-2.191295862197876,True,0.014453819952905178,0,1.0,40,40
theta2,T3,batch1_0_127,0,"theta2|batch1_0_127|3,6",3,6,"(3,6)",7,8.030890464782715,6.563817024230957,0.3619457483291626,0.0020886131612351164,0.002088308334350586,-3.048268845304812e-07,0.00014596833212623993,-2.146022319793701,-2.1439340114593506,True,0.016619782894849777,0,1.0,40,40
theta2,T3,batch1_0_127,0,"theta2|batch1_0_127|3,6",3,6,"(3,6)",8,7.87155818939209,6.560468673706055,0.3540066182613373,0.0020273258101660757,0.0020275115966796875,1.8578651361182003e-07,9.163277483397356e-05,-2.0950469970703125,-2.093019485473633,True,0.018819624558091164,0,1.0,40,40
theta2,T3,batch1_0_127,0,"theta2|batch1_0_127|3,6",3,6,"(3,6)",9,7.713757038116455,6.566151142120361,0.3472636640071869,0.0019634359461488202,0.0019631385803222656,-2.973658265546103e-07,0.0001514746995119393,-2.0577187538146973,-2.055755615234375,True,0.021055378019809723,0,1.0,40,40
theta2,T3,batch1_0_127,0,"theta2|batch1_0_127|3,6",3,6,"(3,6)",10,7.561243534088135,6.57843017578125,0.34031587839126587,0.0018874660537112505,0.0018868446350097656,-6.214187014848532e-07,0.000329342803299561,-2.019522190093994,-2.0176353454589844,True,0.023329835385084152,0,1.0,40,40
theta2,T3,batch1_0_127,0,"theta2|batch1_0_127|3,6",3,6,"(3,6)",11,7.411116600036621,6.592617511749268,0.3328753709793091,0.0017965369843877853,0.0017966032028198242,6.621843203890448e-08,3.68575720754436e-05,-1.9806851148605347,-1.9788885116577148,True,0.025645071640610695,0,1.0,40,40
theta2,T3,batch1_0_127,0,"theta2|batch1_0_127|3,6",3,6,"(3,6)",12,7.266166687011719,6.615311622619629,0.326657235622406,0.0016861029560677708,0.0016859769821166992,-1.2597395107161007e-07,7.471866603626647e-05,-1.9502089023590088,-1.948522925376892,True,0.027999335899949074,0,1.0,40,40
theta2,T3,batch1_0_127,0,"theta2|batch1_0_127|3,6",3,6,"(3,6)",13,7.128566741943359,6.64476203918457,0.32048937678337097,0.0015851848587044514,0.0015848875045776367,-2.973541268146921e-07,0.00018761844355251903,-1.9234013557434082,-1.9218164682388306,True,0.030397629365324974,0,1.0,40,40
theta2,T3,batch1_0_127,0,"theta2|batch1_0_127|3,6",3,6,"(3,6)",14,6.996249198913574,6.679971694946289,0.31449925899505615,0.0014683225493645295,0.0014684200286865234,9.747932199388916e-08,6.638381395620348e-05,-1.8996758460998535,-1.898207426071167,True,0.03283940255641937,0,1.0,40,40
theta2,T3,batch1_0_127,0,"theta2|batch1_0_127|3,6",3,6,"(3,6)",15,6.87105655670166,6.72037935256958,0.3090610206127167,0.0013514267309510616,0.0013517141342163086,2.8740326524700696e-07,0.0002126213361034628,-1.8812214136123657,-1.8798696994781494,True,0.035325318574905396,0,1.0,40,40
theta2,T3,batch1_0_127,0,"theta2|batch1_0_127|3,6",3,6,"(3,6)",16,6.749678611755371,6.759537220001221,0.30437397956848145,0.0012320719179115258,0.001232147216796875,7.529888534918427e-08,6.11119226036426e-05,-1.868404507637024,-1.867172360420227,True,0.03785688057541847,0,1.0,40,40
theta2,T3,batch1_0_127,0,"theta2|batch1_0_127|3,6",3,6,"(3,6)",17,6.632936477661133,6.800485134124756,0.2999308109283447,0.001111570477776695,0.0011115074157714844,-6.306200521066091e-08,5.673556857638265e-05,-1.8573004007339478,-1.8561888933181763,True,0.04043405503034592,0,1.0,40,40
theta2,T3,batch1_0_127,0,"theta2|batch1_0_127|3,6",3,6,"(3,6)",18,6.521437644958496,6.841334819793701,0.2961879074573517,0.0009922768030373845,0.0009920597076416016,-2.1709539578290867e-07,0.00021883299373079475,-1.8520474433898926,-1.851055383682251,True,0.04305670037865639,0,1.0,40,40
theta2,T3,batch1_0_127,0,"theta2|batch1_0_127|3,6",3,6,"(3,6)",19,6.412141799926758,6.882585048675537,0.2928338646888733,0.0008759339296084363,0.0008757114410400391,-2.2248856839724492e-07,0.00025406607470265124,-1.8503246307373047,-1.8494489192962646,True,0.04572369530797005,0,1.0,40,40
theta2,T3,batch1_0_127,0,"theta2|batch1_0_127|3,6",3,6,"(3,6)",20,6.306601524353027,6.92379093170166,0.2900526523590088,0.0007593057889607735,0.0007592439651489258,-6.182381184771657e-08,8.142812414134872e-05,-1.8541388511657715,-1.8533796072006226,True,0.04843399301171303,0,1.0,40,40
theta2,T3,batch1_0_127,0,"theta2|batch1_0_127|3,6",3,6,"(3,6)",21,6.2038068771362305,6.963465213775635,0.287197470664978,0.0006461922231683275,0.0006461143493652344,-7.787380309316142e-08,0.00012052634826895178,-1.85419762134552,-1.8535515069961548,True,0.05118602514266968,0,1.0,40,40
theta2,T3,batch1_0_127,0,"theta2|batch1_0_127|3,6",3,6,"(3,6)",22,6.102475166320801,7.006165981292725,0.28509554266929626,0.0005372674128011568,0.0005372762680053711,8.855204214320254e-09,1.648165895581997e-05,-1.862519383430481,-1.8619821071624756,True,0.053978629410266876,0,1.0,40,40
theta2,T3,batch1_0_127,0,"theta2|batch1_0_127|3,6",3,6,"(3,6)",23,6.002756118774414,7.045897483825684,0.28258195519447327,0.000429927534685703,0.0004298686981201172,-5.883656558583906e-08,0.00013687101629669834,-1.8659722805023193,-1.8655424118041992,True,0.056808359920978546,0,1.0,40,40
theta2,T3,batch1_0_127,0,"theta2|batch1_0_127|3,6",3,6,"(3,6)",24,5.904444694519043,7.090817451477051,0.2808767259120941,0.0003275905215268722,0.00032711029052734375,-4.802309995284473e-07,0.0014681011678179042,-1.8788318634033203,-1.878504753112793,True,0.05967232957482338,0,1.0,40,40
theta2,T3,batch1_0_127,0,"theta2|batch1_0_127|3,6",3,6,"(3,6)",25,5.80943489074707,7.131075382232666,0.2794743478298187,0.00021734709362499416,0.00021696090698242188,-3.861866425722803e-07,0.0017799826150411927,-1.8955587148666382,-1.8953417539596558,True,0.06256916373968124,0,1.0,40,40
theta2,T3,batch1_0_127,0,"theta2|batch1_0_127|3,6",3,6,"(3,6)",26,5.718631744384766,7.173612594604492,0.2787092328071594,0.00011707181221572682,0.0001169443130493164,-1.2749916641041604e-07,0.0010902553795552978,-1.9174928665161133,-1.917375922203064,True,0.06549286097288132,0,1.0,40,40
theta2,T3,batch1_0_127,0,"theta2|batch1_0_127|3,6",3,6,"(3,6)",27,5.626131057739258,7.215257167816162,0.27821341156959534,2.1038622377091088e-05,2.086162567138672e-05,-1.7699670570436927e-07,0.008484319893973245,-1.9443269968032837,-1.9443061351776123,True,0.06843961775302887,0,1.0,40,40
theta2,T3,batch1_0_127,0,"theta2|batch1_0_127|3,6",3,6,"(3,6)",28,5.535493850708008,7.255226135253906,0.2778945565223694,-7.00298269657651e-05,-7.033348083496094e-05,-3.036538691958353e-07,0.004317344536215488,-1.9705712795257568,-1.9706416130065918,False,0.07140549272298813,0,1.0,40,40
theta2,T3,batch1_0_127,0,"theta2|batch1_0_127|3,6",3,6,"(3,6)",29,5.445801258087158,7.2968339920043945,0.27837562561035156,-0.00015382346438855166,-0.0001537799835205078,4.348086804384257e-08,0.00028274725389110245,-2.007584810256958,-2.0077385902404785,False,0.07438308000564575,0,1.0,40,40
theta2,T3,batch1_0_127,0,"theta2|batch1_0_127|3,6",3,6,"(3,6)",30,5.358644962310791,7.336016654968262,0.278493732213974,-0.00024045593506889418,-0.00024080276489257812,-3.4682982368394277e-07,0.0014403066502939167,-2.0406079292297363,-2.040848731994629,False,0.0773722231388092,0,1.0,40,40
theta2,T3,batch1_0_127,0,"theta2|batch1_0_127|3,6",3,6,"(3,6)",31,5.273931503295898,7.377118110656738,0.2787872850894928,-0.00031506042429828085,-0.0003154277801513672,-3.673558530863422e-07,0.0011646274558000434,-2.0768327713012695,-2.077148199081421,False,0.08036620914936066,0,1.0,40,40
theta2,T3,batch1_0_127,0,"theta2|batch1_0_127|3,6",3,6,"(3,6)",32,5.195837497711182,7.416269302368164,0.27961042523384094,-0.00040279918650776384,-0.0004031658172607422,-3.666307529783474e-07,0.0009093795586872231,-2.1182916164398193,-2.11869478225708,False,0.08336004614830017,0,1.0,40,40
theta2,T3,batch1_0_127,0,"theta2|batch1_0_127|3,6",3,6,"(3,6)",33,5.11133337020874,7.454978942871094,0.28022274374961853,-0.00047151809897331986,-0.0004715919494628906,-7.385048957076184e-08,0.00015659828301749478,-2.158785820007324,-2.159257411956787,False,0.08634796738624573,0,1.0,40,40
theta2,T3,batch1_0_127,0,"theta2|batch1_0_127|3,6",3,6,"(3,6)",34,5.030989646911621,7.490583419799805,0.2809271812438965,-0.0005485597456536198,-0.0005488395690917969,-2.798234381770756e-07,0.0005098455977584105,-2.1996757984161377,-2.2002246379852295,False,0.08932725340127945,0,1.0,40,40
theta2,T3,batch1_0_127,0,"theta2|batch1_0_127|3,6",3,6,"(3,6)",35,4.952467918395996,7.528085708618164,0.2818622887134552,-0.0006228983008259093,-0.0006232261657714844,-3.278649455750685e-07,0.00052607699031572,-2.2430591583251953,-2.243682384490967,False,0.09229309856891632,0,1.0,40,40
theta2,T3,batch1_0_127,0,"theta2|batch1_0_127|3,6",3,6,"(3,6)",36,4.875704765319824,7.5648722648620605,0.2830455005168915,-0.0006917698329234554,-0.0006918907165527344,-1.2088362927895144e-07,0.000174714917236121,-2.2915451526641846,-2.2922370433807373,False,0.09524151682853699,0,1.0,40,40
theta2,T3,batch1_0_127,0,"theta2|batch1_0_127|3,6",3,6,"(3,6)",37,4.802281379699707,7.601842880249023,0.2842007279396057,-0.0007661382887526998,-0.0007665157318115234,-3.7744305882365155e-07,0.0004924139755509415,-2.33611798286438,-2.3368844985961914,False,0.09816987067461014,0,1.0,40,40
theta2,T3,batch1_0_127,0,"theta2|batch1_0_127|3,6",3,6,"(3,6)",38,4.731324195861816,7.639426231384277,0.28549322485923767,-0.0008373452992855164,-0.0008373260498046875,1.9249480828873074e-08,2.29892296237089e-05,-2.3843796253204346,-2.3852169513702393,False,0.10107526928186417,0,1.0,40,40
theta2,T3,batch1_0_127,0,"theta2|batch1_0_127|3,6",3,6,"(3,6)",39,4.6619873046875,7.674957275390625,0.2865639626979828,-0.00089476015029868,-0.0008950233459472656,-2.6319564858567814e-07,0.0002940656797137731,-2.4302191734313965,-2.4311141967773438,False,0.10395292192697525,0,1.0,40,40
theta2,T3,batch1_0_127,0,"theta2|batch1_0_127|3,7",3,7,"(3,7)",0,9.332748413085938,6.752513885498047,0.2420882135629654,0.0015082527187187224,0.001507878303527832,-3.7441519089038283e-07,0.0002483059740394175,-1.7248170375823975,-1.7233091592788696,True,0.002082329010590911,1,1.0,40,40
theta2,T3,batch1_0_127,0,"theta2|batch1_0_127|3,7",3,7,"(3,7)",1,9.17381763458252,6.741517066955566,0.24866624176502228,0.0015244916130322964,0.001523733139038086,-7.584739942104266e-07,0.0004977735108453715,-1.7658559083938599,-1.7643321752548218,True,0.00416215555742383,1,1.0,40,40
theta2,T3,batch1_0_127,0,"theta2|batch1_0_127|3,7",3,7,"(3,7)",2,9.016845703125,6.735260486602783,0.25502046942710876,0.0015419065481983125,0.0015414953231811523,-4.1122501716014427e-07,0.00026677020097051453,-1.8084439039230347,-1.8069024085998535,True,0.006241480819880962,1,1.0,40,40
theta2,T3,batch1_0_127,0,"theta2|batch1_0_127|3,7",3,7,"(3,7)",3,8.859000205993652,6.738257884979248,0.2617902457714081,0.0015526343830861151,0.0015524625778198242,-1.718052662909135e-07,0.00011066628513016105,-1.856914758682251,-1.8553622961044312,True,0.008319970220327377,1,1.0,40,40
theta2,T3,batch1_0_127,0,"theta2|batch1_0_127|3,7",3,7,"(3,7)",4,8.701552391052246,6.73798131942749,0.26883408427238464,0.0015758579809917138,0.0015751123428344727,-7.456381572411557e-07,0.00047338728607722823,-1.9066859483718872,-1.9051108360290527,True,0.01040106825530529,1,1.0,40,40
theta2,T3,batch1_0_127,0,"theta2|batch1_0_127|3,7",3,7,"(3,7)",5,8.546355247497559,6.742013454437256,0.2760044038295746,0.0016019580977736042,0.0016018152236938477,-1.4287407975655843e-07,8.919510667846276e-05,-1.959416389465332,-1.9578145742416382,True,0.012488353066146374,1,1.0,40,40
theta2,T3,batch1_0_127,0,"theta2|batch1_0_127|3,7",3,7,"(3,7)",6,8.393078804016113,6.744882583618164,0.28259938955307007,0.0016158849515486508,0.0016155242919921875,-3.6065955646329487e-07,0.00022324613640971422,-2.0122475624084473,-2.010632038116455,True,0.014584308490157127,1,1.0,40,40
theta2,T3,batch1_0_127,0,"theta2|batch1_0_127|3,7",3,7,"(3,7)",7,8.241670608520508,6.754732131958008,0.28935256600379944,0.0016275158608332276,0.0016274452209472656,-7.063988596194351e-08,4.340538474212182e-05,-2.069343328475952,-2.067715883255005,True,0.016692426055669785,1,1.0,40,40
theta2,T3,batch1_0_127,0,"theta2|batch1_0_127|3,7",3,7,"(3,7)",8,8.087915420532227,6.771270275115967,0.29590272903442383,0.0016429503838298843,0.0016427040100097656,-2.463738201187102e-07,0.00014998065300713884,-2.127345323562622,-2.1257026195526123,True,0.018813250586390495,1,1.0,40,40
theta2,T3,batch1_0_127,0,"theta2|batch1_0_127|3,7",3,7,"(3,7)",9,7.94287633895874,6.7949604988098145,0.3020864427089691,0.0016318598814541473,0.0016317367553710938,-1.2312608305359643e-07,7.545707519813439e-05,-2.1864452362060547,-2.1848134994506836,True,0.02094775065779686,1,1.0,40,40
theta2,T3,batch1_0_127,0,"theta2|batch1_0_127|3,7",3,7,"(3,7)",10,7.805253505706787,6.820628643035889,0.3081720471382141,0.0016156699806451798,0.001615285873413086,-3.841072320938388e-07,0.0002377952029520467,-2.2493109703063965,-2.2476956844329834,True,0.023099802434444427,1,1.0,40,40
theta2,T3,batch1_0_127,0,"theta2|batch1_0_127|3,7",3,7,"(3,7)",11,7.674175262451172,6.84924840927124,0.31376218795776367,0.0015846720073604958,0.0015845298767089844,-1.4213065151137856e-07,8.969894073981059e-05,-2.3124308586120605,-2.3108463287353516,True,0.025273026898503304,1,1.0,40,40
theta2,T3,batch1_0_127,0,"theta2|batch1_0_127|3,7",3,7,"(3,7)",12,7.550220966339111,6.878443241119385,0.31974154710769653,0.0015463493135757745,0.0015456676483154297,-6.816652603448478e-07,0.00044101670956739726,-2.3808181285858154,-2.3792724609375,True,0.027470923960208893,1,1.0,40,40
theta2,T3,batch1_0_127,0,"theta2|batch1_0_127|3,7",3,7,"(3,7)",13,7.433990955352783,6.910911560058594,0.32389193773269653,0.001485600891057402,0.0014851093292236328,-4.915618337692114e-07,0.00033099370133657705,-2.4380459785461426,-2.436560869216919,True,0.0296962670981884,1,1.0,40,40
theta2,T3,batch1_0_127,0,"theta2|batch1_0_127|3,7",3,7,"(3,7)",14,7.320979595184326,6.942743301391602,0.32871484756469727,0.0014416289469227194,0.0014412403106689453,-3.886362537740967e-07,0.0002696540270884548,-2.5038368701934814,-2.5023956298828125,True,0.03195369243621826,1,1.0,40,40
theta2,T3,batch1_0_127,0,"theta2|batch1_0_127|3,7",3,7,"(3,7)",15,7.210860729217529,6.969548225402832,0.33295324444770813,0.0013884585103951395,0.0013880729675292969,-3.855428658426554e-07,0.00027775403372987166,-2.5647406578063965,-2.563352584838867,True,0.034245532006025314,1,1.0,40,40
theta2,T3,batch1_0_127,0,"theta2|batch1_0_127|3,7",3,7,"(3,7)",16,7.103242874145508,6.996908664703369,0.33687061071395874,0.0013412561243167148,0.0013408660888671875,-3.9003544952728036e-07,0.00029088322298969954,-2.6265640258789062,-2.625223159790039,True,0.036573927849531174,1,1.0,40,40
theta2,T3,batch1_0_127,0,"theta2|batch1_0_127|3,7",3,7,"(3,7)",17,6.997139930725098,7.023813724517822,0.34006771445274353,0.0012950274660834113,0.0012950897216796875,6.225559627624083e-08,4.807048904341348e-05,-2.6815192699432373,-2.6802241802215576,True,0.0389409214258194,1,1.0,40,40
theta2,T3,batch1_0_127,0,"theta2|batch1_0_127|3,7",3,7,"(3,7)",18,6.890756607055664,7.054182529449463,0.34318870306015015,0.0012563051379402169,0.0012562274932861328,-7.764465408404038e-08,6.18077971537876e-05,-2.736382246017456,-2.73512601852417,True,0.04134715721011162,1,1.0,40,40
theta2,T3,batch1_0_127,0,"theta2|batch1_0_127|3,7",3,7,"(3,7)",19,6.786602020263672,7.086541175842285,0.3461436927318573,0.0012147297008777969,0.0012145042419433594,-2.2545893443750957e-07,0.00018563865538810055,-2.7939860820770264,-2.792771577835083,True,0.04379229247570038,1,1.0,40,40
theta2,T3,batch1_0_127,0,"theta2|batch1_0_127|3,7",3,7,"(3,7)",20,6.681453704833984,7.117033004760742,0.34955060482025146,0.0011821000647032633,0.0011820793151855469,-2.0749517716436156e-08,1.7553405638587945e-05,-2.8577263355255127,-2.856544256210327,True,0.04627598822116852,1,1.0,40,40
theta2,T3,batch1_0_127,0,"theta2|batch1_0_127|3,7",3,7,"(3,7)",21,6.579230785369873,7.146183013916016,0.35291698575019836,0.001152027310046833,0.0011518001556396484,-2.2715440718451725e-07,0.00019721685751845363,-2.915982246398926,-2.914830446243286,True,0.04879772290587425,1,1.0,40,40
theta2,T3,batch1_0_127,0,"theta2|batch1_0_127|3,7",3,7,"(3,7)",22,6.476574897766113,7.178466796875,0.3560531735420227,0.0011311293254839257,0.001130819320678711,-3.100048052147135e-07,0.0002741417656612468,-2.9756932258605957,-2.974562406539917,True,0.051355697214603424,1,1.0,40,40
theta2,T3,batch1_0_127,0,"theta2|batch1_0_127|3,7",3,7,"(3,7)",23,6.3734283447265625,7.209494590759277,0.35918107628822327,0.0011012191130721476,0.001100778579711914,-4.4053336023357204e-07,0.0004002016103446203,-3.0365347862243652,-3.0354340076446533,True,0.053947076201438904,1,1.0,40,40
theta2,T3,batch1_0_127,0,"theta2|batch1_0_127|3,7",3,7,"(3,7)",24,6.271086692810059,7.241887092590332,0.3623056411743164,0.0010681373103288935,0.0010676383972167969,-4.98913112096603e-07,0.00046730532865547794,-3.100295066833496,-3.0992274284362793,True,0.05656883865594864,1,1.0,40,40
theta2,T3,batch1_0_127,0,"theta2|batch1_0_127|3,7",3,7,"(3,7)",25,6.166785717010498,7.275111675262451,0.3655978739261627,0.0010395070303056855,0.001039743423461914,2.3639315622852285e-07,0.00022735720264662195,-3.1635169982910156,-3.1624772548675537,True,0.05921788141131401,1,1.0,40,40
theta2,T3,batch1_0_127,0,"theta2|batch1_0_127|3,7",3,7,"(3,7)",26,6.0668134689331055,7.314436912536621,0.36890965700149536,0.0009915486405952833,0.0009908676147460938,-6.810258491895312e-07,0.0006873025609622348,-3.232206106185913,-3.231215238571167,True,0.06189035251736641,1,1.0,40,40
theta2,T3,batch1_0_127,0,"theta2|batch1_0_127|3,7",3,7,"(3,7)",27,5.96544075012207,7.3537797927856445,0.37246859073638916,0.0009332856663386337,0.0009331703186035156,-1.1534773511812004e-07,0.0001236084483384955,-3.302300453186035,-3.3013672828674316,True,0.06458204984664917,1,1.0,40,40
theta2,T3,batch1_0_127,0,"theta2|batch1_0_127|3,7",3,7,"(3,7)",28,5.866580009460449,7.390445232391357,0.37537261843681335,0.0008857052929524799,0.0008857250213623047,1.9728409824835633e-08,2.2273741114925273e-05,-3.365922212600708,-3.3650364875793457,True,0.06729131937026978,1,1.0,40,40
theta2,T3,batch1_0_127,0,"theta2|batch1_0_127|3,7",3,7,"(3,7)",29,5.768314361572266,7.430186748504639,0.3783848285675049,0.0008254034575948026,0.0008256435394287109,2.4008183390834045e-07,0.0002907814600892544,-3.4315249919891357,-3.430699348449707,True,0.0700126439332962,1,1.0,40,40
theta2,T3,batch1_0_127,0,"theta2|batch1_0_127|3,7",3,7,"(3,7)",30,5.668733596801758,7.473667621612549,0.38161900639533997,0.0007637426250439603,0.000762939453125,-8.031719189602543e-07,0.0010527334976195846,-3.500842571258545,-3.50007963180542,True,0.07274320721626282,1,1.0,40,40
theta2,T3,batch1_0_127,0,"theta2|batch1_0_127|3,7",3,7,"(3,7)",31,5.5729522705078125,7.5194854736328125,0.38509267568588257,0.0007048371961718658,0.0007047653198242188,-7.18763476470442e-08,0.00010198621530493506,-3.5730559825897217,-3.5723512172698975,True,0.0754808783531189,1,1.0,40,40
theta2,T3,batch1_0_127,0,"theta2|batch1_0_127|3,7",3,7,"(3,7)",32,5.474451065063477,7.559450149536133,0.38849031925201416,0.0006568367611325812,0.0006563663482666016,-4.704128659796048e-07,0.0007166925410206031,-3.6440212726593018,-3.643364906311035,True,0.07821749150753021,1,1.0,40,40
theta2,T3,batch1_0_127,0,"theta2|batch1_0_127|3,7",3,7,"(3,7)",33,5.378913402557373,7.602865695953369,0.3918781280517578,0.0006017034098913427,0.0006012916564941406,-4.1175339720212097e-07,0.0006847814912364968,-3.7198801040649414,-3.7192788124084473,True,0.08094874769449234,1,1.0,40,40
theta2,T3,batch1_0_127,0,"theta2|batch1_0_127|3,7",3,7,"(3,7)",34,5.286706924438477,7.6466779708862305,0.39558669924736023,0.0005471684322546935,0.0005462169647216797,-9.514675330138346e-07,0.001741922339410763,-3.8008928298950195,-3.800346612930298,True,0.08367246389389038,1,1.0,40,40
theta2,T3,batch1_0_127,0,"theta2|batch1_0_127|3,7",3,7,"(3,7)",35,5.195052146911621,7.694267749786377,0.399541437625885,0.0004929437275714008,0.0004918575286865234,-1.0861988848773945e-06,0.002208360798660589,-3.8849613666534424,-3.884469509124756,True,0.08638273179531097,1,1.0,40,40
theta2,T3,batch1_0_127,0,"theta2|batch1_0_127|3,7",3,7,"(3,7)",36,5.106074333190918,7.745095729827881,0.4038659334182739,0.00043210047674074306,0.0004315376281738281,-5.628485669149355e-07,0.0013042861854174483,-3.9747822284698486,-3.974350690841675,True,0.08907631784677505,1,1.0,40,40
theta2,T3,batch1_0_127,0,"theta2|batch1_0_127|3,7",3,7,"(3,7)",37,5.021305561065674,7.794623851776123,0.40802979469299316,0.00033884470799239354,0.0003380775451660156,-7.67162826377911e-07,0.0022691918979747374,-4.06464958190918,-4.064311504364014,True,0.0917540192604065,1,1.0,40,40
theta2,T3,batch1_0_127,0,"theta2|batch1_0_127|3,7",3,7,"(3,7)",38,4.9363274574279785,7.843514919281006,0.41274312138557434,0.0002777426902757725,0.00027751922607421875,-2.234642015537568e-07,0.0008052206137746808,-4.157604217529297,-4.157326698303223,True,0.09440582245588303,1,1.0,40,40
theta2,T3,batch1_0_127,0,"theta2|batch1_0_127|3,7",3,7,"(3,7)",39,4.855493545532227,7.893339157104492,0.41692742705345154,0.00021026928530773148,0.00020885467529296875,-1.4146100147627262e-06,0.006773178588309774,-4.2484588623046875,-4.2482500076293945,True,0.09702873975038528,1,1.0,40,40
theta2,T3,batch1_0_127,0,"theta2|batch1_0_127|4,5",4,5,"(4,5)",0,8.944966316223145,6.752513885498047,0.2012186050415039,0.0014534795101499185,0.001453399658203125,-7.985194679354518e-08,5.494149275655409e-05,-1.5217387676239014,-1.5202853679656982,True,0.0018573226407170296,0,1.0,40,40
theta2,T3,batch1_0_127,0,"theta2|batch1_0_127|4,5",4,5,"(4,5)",1,8.765933990478516,6.722728252410889,0.19579587876796722,0.001288219983340241,0.0012878179550170898,-4.0202832315115733e-07,0.00031217791426570244,-1.4121898412704468,-1.4109020233154297,True,0.0037007227074354887,0,1.0,40,40
theta2,T3,batch1_0_127,0,"theta2|batch1_0_127|4,5",4,5,"(4,5)",2,8.588096618652344,6.703638553619385,0.19078534841537476,0.001144346959539689,0.0011441707611083984,-1.7619843129066531e-07,0.00015399662120361797,-1.3112401962280273,-1.310096025466919,True,0.005533390678465366,0,1.0,40,40
theta2,T3,batch1_0_127,0,"theta2|batch1_0_127|4,5",4,5,"(4,5)",3,8.4102144241333,6.690252780914307,0.1854984015226364,0.0010125487368786708,0.0010122060775756836,-3.426593029871687e-07,0.0003385272135570118,-1.2120352983474731,-1.2110230922698975,True,0.007353092078119516,0,1.0,40,40
theta2,T3,batch1_0_127,0,"theta2|batch1_0_127|4,5",4,5,"(4,5)",4,8.237062454223633,6.689225673675537,0.18071042001247406,0.0008948998884297908,0.0008950233459472656,1.2345751747484552e-07,0.00013793776222024892,-1.126600980758667,-1.1257059574127197,True,0.009159736335277557,0,1.0,40,40
theta2,T3,batch1_0_127,0,"theta2|batch1_0_127|4,5",4,5,"(4,5)",5,8.083698272705078,6.699691295623779,0.17640095949172974,0.0007972774310037494,0.0007971525192260742,-1.2491177767517177e-07,0.0001566974633617717,-1.0547165870666504,-1.0539194345474243,True,0.010951802134513855,0,1.0,40,40
theta2,T3,batch1_0_127,0,"theta2|batch1_0_127|4,5",4,5,"(4,5)",6,7.927938938140869,6.721626281738281,0.17290088534355164,0.0007240027119405568,0.0007240176200866699,1.4908146113109567e-08,2.059086091209349e-05,-0.9937347769737244,-0.9930107593536377,True,0.012736450880765915,0,1.0,40,40
theta2,T3,batch1_0_127,0,"theta2|batch1_0_127|4,5",4,5,"(4,5)",7,7.779867649078369,6.750748634338379,0.17052608728408813,0.0006773422051919624,0.0006773471832275391,4.978035576634621e-09,7.349311697015451e-06,-0.9465858936309814,-0.9459085464477539,True,0.014519954100251198,0,1.0,40,40
theta2,T3,batch1_0_127,0,"theta2|batch1_0_127|4,5",4,5,"(4,5)",8,7.63685417175293,6.781030178070068,0.16888363659381866,0.0006379336921963841,0.0006380081176757812,7.442547939712999e-08,0.00011665287217387889,-0.9043219089508057,-0.9036839008331299,True,0.016301846131682396,0,1.0,40,40
theta2,T3,batch1_0_127,0,"theta2|batch1_0_127|4,5",4,5,"(4,5)",9,7.503081321716309,6.811845302581787,0.16758058965206146,0.0006119291105424054,0.0006117820739746094,-1.470365677960295e-07,0.0002403414124914878,-0.8672640919685364,-0.8666523098945618,True,0.018086379393935204,0,1.0,40,40
theta2,T3,batch1_0_127,0,"theta2|batch1_0_127|4,5",4,5,"(4,5)",10,7.373448371887207,6.839724540710449,0.16701781749725342,0.00059842184453737,0.0005984902381896973,6.839365232730148e-08,0.00011427697222627623,-0.8376139998435974,-0.8370155096054077,True,0.019877882674336433,0,1.0,40,40
theta2,T3,batch1_0_127,0,"theta2|batch1_0_127|4,5",4,5,"(4,5)",11,7.242553234100342,6.868307113647461,0.166632279753685,0.0005925956215942278,0.0005925297737121582,-6.584788206961522e-08,0.00011113008154355312,-0.8095334768295288,-0.8089409470558167,True,0.021677687764167786,0,1.0,40,40
theta2,T3,batch1_0_127,0,"theta2|batch1_0_127|4,5",4,5,"(4,5)",12,7.119593620300293,6.895940780639648,0.16698035597801208,0.0005914305952610448,0.0005914568901062012,2.6294845156403686e-08,4.445775439640617e-05,-0.7876845598220825,-0.7870931029319763,True,0.023486459627747536,0,1.0,40,40
theta2,T3,batch1_0_127,0,"theta2|batch1_0_127|4,5",4,5,"(4,5)",13,6.998865127563477,6.923107624053955,0.1678958684206009,0.0005979898150544614,0.0005977749824523926,-2.1483260206878706e-07,0.00035938707435936656,-0.7690433263778687,-0.7684455513954163,True,0.02530485764145851,0,1.0,40,40
theta2,T3,batch1_0_127,0,"theta2|batch1_0_127|4,5",4,5,"(4,5)",14,6.8836750984191895,6.952969074249268,0.16954612731933594,0.0006071993671357632,0.0006071925163269043,-6.850808858898348e-09,1.1282762344208414e-05,-0.7529707551002502,-0.7523635625839233,True,0.027134068310260773,0,1.0,40,40
theta2,T3,batch1_0_127,0,"theta2|batch1_0_127|4,5",4,5,"(4,5)",15,6.772502899169922,6.9779462814331055,0.17188116908073425,0.0006236051921732724,0.0006235241889953613,-8.100317791103363e-08,0.00012991184518686933,-0.7405661344528198,-0.7399426102638245,True,0.02897455543279648,0,1.0,40,40
theta2,T3,batch1_0_127,0,"theta2|batch1_0_127|4,5",4,5,"(4,5)",16,6.660051345825195,7.00284481048584,0.174586683511734,0.0006436535109532997,0.0006435513496398926,-1.0216131340716472e-07,0.00015874617225856242,-0.7298856377601624,-0.7292420864105225,True,0.030827699229121208,0,1.0,40,40
theta2,T3,batch1_0_127,0,"theta2|batch1_0_127|4,5",4,5,"(4,5)",17,6.550253391265869,7.019172191619873,0.17785723507404327,0.0006695604703854769,0.0006695985794067383,3.810902126136738e-08,5.691323493417776e-05,-0.7232668995857239,-0.7225973010063171,True,0.032693102955818176,0,1.0,40,40
theta2,T3,batch1_0_127,0,"theta2|batch1_0_127|4,5",4,5,"(4,5)",18,6.444727897644043,7.03587532043457,0.1812685877084732,0.0006974303256720304,0.0006974339485168457,3.622844815267222e-09,5.194534655176334e-06,-0.7165244221687317,-0.7158269882202148,True,0.0345698706805706,0,1.0,40,40
theta2,T3,batch1_0_127,0,"theta2|batch1_0_127|4,5",4,5,"(4,5)",19,6.339300155639648,7.046927452087402,0.1853601485490799,0.0007307306468719617,0.0007306933403015137,-3.73065704479961e-08,5.1056398615323225e-05,-0.71187424659729,-0.7111435532569885,True,0.03645987808704376,0,1.0,40,40
theta2,T3,batch1_0_127,0,"theta2|batch1_0_127|4,5",4,5,"(4,5)",20,6.231685638427734,7.06146240234375,0.18992164731025696,0.0007666845794301481,0.0007666945457458496,9.9663157015345e-09,1.2999069521016546e-05,-0.7087481617927551,-0.7079814672470093,True,0.0383605994284153,0,1.0,40,40
theta2,T3,batch1_0_127,0,"theta2|batch1_0_127|4,5",4,5,"(4,5)",21,6.129254341125488,7.078472137451172,0.1944015622138977,0.0008025174664508086,0.0008026361465454102,1.1868009460152661e-07,0.0001478628829667493,-0.7057594656944275,-0.7049568295478821,True,0.04027074575424194,0,1.0,40,40
theta2,T3,batch1_0_127,0,"theta2|batch1_0_127|4,5",4,5,"(4,5)",22,6.026303291320801,7.086806774139404,0.19918164610862732,0.0008421723513747565,0.0008422136306762695,4.127930151301071e-08,4.901286325639826e-05,-0.7025798559188843,-0.701737642288208,True,0.042187679558992386,0,1.0,40,40
theta2,T3,batch1_0_127,0,"theta2|batch1_0_127|4,5",4,5,"(4,5)",23,5.920766830444336,7.099661350250244,0.20413601398468018,0.0008830566706601531,0.0008830428123474121,-1.3858312740964475e-08,1.5693817499204392e-05,-0.7026304602622986,-0.7017474174499512,True,0.04411047697067261,0,1.0,40,40
theta2,T3,batch1_0_127,0,"theta2|batch1_0_127|4,5",4,5,"(4,5)",24,5.8182053565979,7.103960037231445,0.21004584431648254,0.0009291332812281325,0.0009291768074035645,4.352617543191932e-08,4.6843803122407064e-05,-0.7041755318641663,-0.7032463550567627,True,0.046039313077926636,0,1.0,40,40
theta2,T3,batch1_0_127,0,"theta2|batch1_0_127|4,5",4,5,"(4,5)",25,5.718137741088867,7.107370376586914,0.215586856007576,0.0009576531190832611,0.0009577274322509766,7.431316771547378e-08,7.759323291055079e-05,-0.7034367918968201,-0.7024790644645691,True,0.04796965792775154,0,1.0,40,40
theta2,T3,batch1_0_127,0,"theta2|batch1_0_127|4,5",4,5,"(4,5)",26,5.618452072143555,7.106077671051025,0.22230611741542816,0.001001571910630446,0.0010017752647399902,2.0335410954425669e-07,0.00020299374191180199,-0.7055167555809021,-0.7045149803161621,True,0.049900732934474945,0,1.0,40,40
theta2,T3,batch1_0_127,0,"theta2|batch1_0_127|4,5",4,5,"(4,5)",27,5.519434452056885,7.106691837310791,0.22863224148750305,0.0010434658746235072,0.001043558120727539,9.224610403183245e-08,8.839575122803998e-05,-0.7072767019271851,-0.7062331438064575,True,0.051827624440193176,0,1.0,40,40
theta2,T3,batch1_0_127,0,"theta2|batch1_0_127|4,5",4,5,"(4,5)",28,5.422119140625,7.10250997543335,0.23504997789859772,0.001089552758523496,0.0010895729064941406,2.0147970644732865e-08,1.849162229039073e-05,-0.7081782817840576,-0.7070887088775635,True,0.05374841392040253,0,1.0,40,40
theta2,T3,batch1_0_127,0,"theta2|batch1_0_127|4,5",4,5,"(4,5)",29,5.3268351554870605,7.099367618560791,0.24175290763378143,0.0011353935181105043,0.001135408878326416,1.5360215911697228e-08,1.352835635241647e-05,-0.7111000418663025,-0.7099646329879761,True,0.05566079914569855,0,1.0,40,40
theta2,T3,batch1_0_127,0,"theta2|batch1_0_127|4,5",4,5,"(4,5)",30,5.233485221862793,7.093379020690918,0.24890728294849396,0.0011891367240750696,0.0011892318725585938,9.514848352417359e-08,8.000835305520757e-05,-0.715035080909729,-0.7138458490371704,True,0.05756356939673424,0,1.0,40,40
theta2,T3,batch1_0_127,0,"theta2|batch1_0_127|4,5",4,5,"(4,5)",31,5.141091346740723,7.083548545837402,0.2566107511520386,0.0012287390637793578,0.0012288093566894531,7.029291009528517e-08,5.72040810990095e-05,-0.7201436161994934,-0.718914806842804,True,0.059451501816511154,0,1.0,40,40
theta2,T3,batch1_0_127,0,"theta2|batch1_0_127|4,5",4,5,"(4,5)",32,5.051196098327637,7.067978382110596,0.26434192061424255,0.0012815687732509104,0.00128173828125,1.69507999089576e-07,0.0001322485265277911,-0.725520670413971,-0.724238932132721,True,0.061322636902332306,0,1.0,40,40
theta2,T3,batch1_0_127,0,"theta2|batch1_0_127|4,5",4,5,"(4,5)",33,4.964141845703125,7.052741050720215,0.2722184658050537,0.0013268042192212306,0.0013267993927001953,-4.826521035269926e-09,3.637717247855668e-06,-0.7305386066436768,-0.7292118072509766,True,0.06317373365163803,0,1.0,40,40
theta2,T3,batch1_0_127,0,"theta2|batch1_0_127|4,5",4,5,"(4,5)",34,4.88102912902832,7.0365986824035645,0.27983972430229187,0.0013568475694046356,0.0013570189476013184,1.7137819668272027e-07,0.00012629020175853128,-0.7357092499732971,-0.7343522310256958,True,0.06500134617090225,0,1.0,40,40
theta2,T3,batch1_0_127,0,"theta2|batch1_0_127|4,5",4,5,"(4,5)",35,4.799553871154785,7.020026206970215,0.2876913547515869,0.0013870439300444559,0.001387178897857666,1.3496781321015693e-07,9.729661647722494e-05,-0.7420434355735779,-0.7406562566757202,True,0.06680496037006378,0,1.0,40,40
theta2,T3,batch1_0_127,0,"theta2|batch1_0_127|4,5",4,5,"(4,5)",36,4.721590518951416,7.001659393310547,0.295013427734375,0.0014094213939097244,0.0014095306396484375,1.0924573871310544e-07,7.750504716971126e-05,-0.7463311553001404,-0.7449216246604919,True,0.06858216226100922,0,1.0,40,40
theta2,T3,batch1_0_127,0,"theta2|batch1_0_127|4,5",4,5,"(4,5)",37,4.645998001098633,6.981027126312256,0.3025410771369934,0.001428732401051093,0.0014290809631347656,3.4856208367263324e-07,0.00024390646342950623,-0.7520237565040588,-0.7505946755409241,True,0.07033073902130127,0,1.0,40,40
theta2,T3,batch1_0_127,0,"theta2|batch1_0_127|4,5",4,5,"(4,5)",38,4.573404312133789,6.959872245788574,0.30952149629592896,0.0014419192936911713,0.0014420747756958008,1.554820046295157e-07,0.00010781826799133608,-0.7561277151107788,-0.754685640335083,True,0.07204969972372055,0,1.0,40,40
theta2,T3,batch1_0_127,0,"theta2|batch1_0_127|4,5",4,5,"(4,5)",39,4.504437446594238,6.936985015869141,0.3169421851634979,0.0014467018135255786,0.0014470219612121582,3.201476865795968e-07,0.0002212459072227292,-0.7611410617828369,-0.7596940398216248,True,0.07373759895563126,0,1.0,40,40
theta2,T3,batch1_0_127,0,"theta2|batch1_0_127|4,6",4,6,"(4,6)",0,9.15022087097168,6.752513885498047,0.5133062601089478,0.003013539668172598,0.003012418746948242,-1.120921224355767e-06,0.0003721000692521006,-3.405430316925049,-3.4024178981781006,True,0.0018669929122552276,0,1.0,40,40
theta2,T3,batch1_0_127,0,"theta2|batch1_0_127|4,6",4,6,"(4,6)",1,8.971335411071777,6.703402042388916,0.502721905708313,0.0028691506125032903,0.0028684139251708984,-7.36687332391836e-07,0.00025682741459566184,-3.255018949508667,-3.252150535583496,True,0.003744260175153613,0,1.0,40,40
theta2,T3,batch1_0_127,0,"theta2|batch1_0_127|4,6",4,6,"(4,6)",2,8.787796020507812,6.666445732116699,0.4920148253440857,0.0027356542721390727,0.002735614776611328,-3.949552774456036e-08,1.4437532682684374e-05,-3.114179849624634,-3.1114442348480225,True,0.0056346929632127285,0,1.0,40,40
theta2,T3,batch1_0_127,0,"theta2|batch1_0_127|4,6",4,6,"(4,6)",3,8.60395622253418,6.639267444610596,0.4802621603012085,0.0025989238950423895,0.0025987625122070312,-1.6138283535829107e-07,6.209987815363502e-05,-2.977754592895508,-2.975155830383301,True,0.007538712117820978,0,1.0,40,40
theta2,T3,batch1_0_127,0,"theta2|batch1_0_127|4,6",4,6,"(4,6)",4,8.421425819396973,6.623612403869629,0.46759888529777527,0.002460245790891349,0.002460002899169922,-2.4289172142729146e-07,9.87363557617149e-05,-2.8427419662475586,-2.8402819633483887,True,0.009457017295062542,0,1.0,40,40
theta2,T3,batch1_0_127,0,"theta2|batch1_0_127|4,6",4,6,"(4,6)",5,8.242955207824707,6.607995986938477,0.45405659079551697,0.002309436606243253,0.0023093223571777344,-1.1424906551848676e-07,4.947298291352995e-05,-2.710700750350952,-2.7083914279937744,True,0.011388477869331837,0,1.0,40,40
theta2,T3,batch1_0_127,0,"theta2|batch1_0_127|4,6",4,6,"(4,6)",6,8.074742317199707,6.616184234619141,0.44058290123939514,0.0021627861780580135,0.0021622180938720703,-5.680841859432087e-07,0.000262732139534496,-2.596883535385132,-2.5947213172912598,True,0.013336030766367912,0,1.0,40,40
theta2,T3,batch1_0_127,0,"theta2|batch1_0_127|4,6",4,6,"(4,6)",7,7.9214253425598145,6.64000129699707,0.42732474207878113,0.0020332511928863825,0.002033233642578125,-1.7550308257455877e-08,8.631722341167943e-06,-2.495321750640869,-2.493288516998291,True,0.015304080210626125,0,1.0,40,40
theta2,T3,batch1_0_127,0,"theta2|batch1_0_127|4,6",4,6,"(4,6)",8,7.768972396850586,6.6690192222595215,0.4159073233604431,0.001907816211692989,0.0019075870513916016,-2.2916030138742625e-07,0.00012013097972134576,-2.4144935607910156,-2.412585973739624,True,0.017294155433773994,0,1.0,40,40
theta2,T3,batch1_0_127,0,"theta2|batch1_0_127|4,6",4,6,"(4,6)",9,7.629521369934082,6.705472469329834,0.4032648503780365,0.0017976593980565667,0.0017969608306884766,-6.985673680901579e-07,0.00038874935733713967,-2.3282063007354736,-2.326409339904785,True,0.019312961027026176,0,1.0,40,40
theta2,T3,batch1_0_127,0,"theta2|batch1_0_127|4,6",4,6,"(4,6)",10,7.4977593421936035,6.748885631561279,0.3919621407985687,0.0017000805740244687,0.0016999244689941406,-1.5610503032803882e-07,9.183056846073135e-05,-2.257612705230713,-2.2559127807617188,True,0.021365560591220856,0,1.0,40,40
theta2,T3,batch1_0_127,0,"theta2|batch1_0_127|4,6",4,6,"(4,6)",11,7.369874954223633,6.789227485656738,0.3809531331062317,0.001616071947850287,0.001615762710571289,-3.092372789978686e-07,0.00019138780526042147,-2.189971446990967,-2.1883556842803955,True,0.023456210270524025,0,1.0,40,40
theta2,T3,batch1_0_127,0,"theta2|batch1_0_127|4,6",4,6,"(4,6)",12,7.24983024597168,6.83203649520874,0.3700409233570099,0.0015299208804499358,0.0015299320220947266,1.1141644790796379e-08,7.282444337325295e-06,-2.123385429382324,-2.1218554973602295,True,0.025585955008864403,0,1.0,40,40
theta2,T3,batch1_0_127,0,"theta2|batch1_0_127|4,6",4,6,"(4,6)",13,7.128109931945801,6.881120204925537,0.3599783778190613,0.00146173047774937,0.0014612674713134766,-4.630064358935107e-07,0.0003168526262186157,-2.0672507286071777,-2.0657894611358643,True,0.02775919809937477,0,1.0,40,40
theta2,T3,batch1_0_127,0,"theta2|batch1_0_127|4,6",4,6,"(4,6)",14,7.009122848510742,6.932579517364502,0.3500376045703888,0.001385503293015063,0.0013854503631591797,-5.2929855883215166e-08,3.82040795474777e-05,-2.0151267051696777,-2.0137412548065186,True,0.029975000768899918,0,1.0,40,40
theta2,T3,batch1_0_127,0,"theta2|batch1_0_127|4,6",4,6,"(4,6)",15,6.8925862312316895,6.982863426208496,0.3406476080417633,0.0013293369186576456,0.0013289451599121094,-3.917587455362116e-07,0.0002947892489123636,-1.9666662216186523,-1.9653372764587402,True,0.03223305568099022,0,1.0,40,40
theta2,T3,batch1_0_127,0,"theta2|batch1_0_127|4,6",4,6,"(4,6)",16,6.782334804534912,7.038102149963379,0.3315275013446808,0.001258320812601596,0.0012578964233398438,-4.2438926175234273e-07,0.0003373801323208677,-1.921712875366211,-1.920454978942871,True,0.03453247621655464,0,1.0,40,40
theta2,T3,batch1_0_127,0,"theta2|batch1_0_127|4,6",4,6,"(4,6)",17,6.674452781677246,7.09476375579834,0.3229482173919678,0.0011970285543357023,0.0011966228485107422,-4.057058249600908e-07,0.00033904235195325935,-1.878396987915039,-1.8772003650665283,True,0.03687319904565811,0,1.0,40,40
theta2,T3,batch1_0_127,0,"theta2|batch1_0_127|4,6",4,6,"(4,6)",18,6.569701194763184,7.147210597991943,0.3169766366481781,0.001148714706359897,0.0011487007141113281,-1.3992248568779272e-08,1.218093485699983e-05,-1.8557775020599365,-1.8546288013458252,True,0.0392552949488163,0,1.0,40,40
theta2,T3,batch1_0_127,0,"theta2|batch1_0_127|4,6",4,6,"(4,6)",19,6.4677557945251465,7.198204040527344,0.3121143579483032,0.001098697406006977,0.0010982751846313477,-4.222213756293388e-07,0.00038444042216164944,-1.8441953659057617,-1.8430970907211304,True,0.041675958782434464,0,1.0,40,40
theta2,T3,batch1_0_127,0,"theta2|batch1_0_127|4,6",4,6,"(4,6)",20,6.369955062866211,7.252922058105469,0.307187020778656,0.0010440758900513174,0.0010442733764648438,1.974864135263852e-07,0.00018911371100442274,-1.8309261798858643,-1.8298819065093994,True,0.0441342256963253,0,1.0,40,40
theta2,T3,batch1_0_127,0,"theta2|batch1_0_127|4,6",4,6,"(4,6)",21,6.273153781890869,7.2991509437561035,0.30251166224479675,0.0009949870236450806,0.0009949207305908203,-6.629305426028402e-08,6.66314935672481e-05,-1.8200645446777344,-1.8190696239471436,True,0.046629585325717926,0,1.0,40,40
theta2,T3,batch1_0_127,0,"theta2|batch1_0_127|4,6",4,6,"(4,6)",22,6.177589416503906,7.352078437805176,0.29923078417778015,0.000949399236444151,0.0009495019912719727,1.0275482782164634e-07,0.00010821970755847899,-1.8210432529449463,-1.8200937509536743,True,0.04915975034236908,0,1.0,40,40
theta2,T3,batch1_0_127,0,"theta2|batch1_0_127|4,6",4,6,"(4,6)",23,6.0825605392456055,7.40247106552124,0.2966831624507904,0.0009071606432116823,0.000906825065612793,-3.3557759888936094e-07,0.0003700577008891921,-1.8263460397720337,-1.825439214706421,True,0.05172264948487282,0,1.0,40,40
theta2,T3,batch1_0_127,0,"theta2|batch1_0_127|4,6",4,6,"(4,6)",24,5.98976993560791,7.450225830078125,0.29469719529151917,0.0008599488171748817,0.000859379768371582,-5.690488032996863e-07,0.0006621622060965703,-1.8365256786346436,-1.835666298866272,True,0.054315242916345596,0,1.0,40,40
theta2,T3,batch1_0_127,0,"theta2|batch1_0_127|4,6",4,6,"(4,6)",25,5.898584365844727,7.50112771987915,0.2928195297718048,0.0008189462229347555,0.000819087028503418,1.4080556866248508e-07,0.00017190550425362708,-1.8487839698791504,-1.847964882850647,True,0.05693679302930832,0,1.0,40,40
theta2,T3,batch1_0_127,0,"theta2|batch1_0_127|4,6",4,6,"(4,6)",26,5.807693004608154,7.554976463317871,0.2909574508666992,0.0007665875865313865,0.0007666349411010742,4.735456968771919e-08,6.176938611708268e-05,-1.8608657121658325,-1.8600990772247314,True,0.05958321690559387,0,1.0,40,40
theta2,T3,batch1_0_127,0,"theta2|batch1_0_127|4,6",4,6,"(4,6)",27,5.720447540283203,7.60448694229126,0.2895737886428833,0.0007130471972577652,0.0007123947143554688,-6.524829022964583e-07,0.0009159008189536962,-1.876613736152649,-1.8759013414382935,True,0.06225282698869705,0,1.0,40,40
theta2,T3,batch1_0_127,0,"theta2|batch1_0_127|4,6",4,6,"(4,6)",28,5.634532928466797,7.657019138336182,0.2888680100440979,0.0006552332988794661,0.0006548166275024414,-4.1667137702465756e-07,0.0006363176491316327,-1.9051252603530884,-1.904470443725586,True,0.06494422256946564,0,1.0,40,40
theta2,T3,batch1_0_127,0,"theta2|batch1_0_127|4,6",4,6,"(4,6)",29,5.550298690795898,7.7053632736206055,0.28783920407295227,0.0006039565569317347,0.0006042718887329102,3.15331801175483e-07,0.000521837614913211,-1.9265291690826416,-1.9259248971939087,True,0.06765183061361313,0,1.0,40,40
theta2,T3,batch1_0_127,0,"theta2|batch1_0_127|4,6",4,6,"(4,6)",30,5.467100620269775,7.749696254730225,0.28628218173980713,0.0005421763526028371,0.0005418062210083008,-3.701315945363456e-07,0.0006831438624819241,-1.9389967918395996,-1.9384549856185913,True,0.07037494331598282,0,1.0,40,40
theta2,T3,batch1_0_127,0,"theta2|batch1_0_127|4,6",4,6,"(4,6)",31,5.382469654083252,7.79634952545166,0.28601038455963135,0.0004939005433843704,0.0004935264587402344,-3.7408464413602686e-07,0.0007579829561537749,-1.9666451215744019,-1.9661515951156616,True,0.0731099545955658,0,1.0,40,40
theta2,T3,batch1_0_127,0,"theta2|batch1_0_127|4,6",4,6,"(4,6)",32,5.3007354736328125,7.845635414123535,0.2859097123146057,0.00044060479872314317,0.00044035911560058594,-2.4568312255722783e-07,0.0005579153782751873,-1.998270034790039,-1.9978296756744385,True,0.07585305720567703,0,1.0,40,40
theta2,T3,batch1_0_127,0,"theta2|batch1_0_127|4,6",4,6,"(4,6)",33,5.220442771911621,7.894778251647949,0.2859528660774231,0.0003782858106351341,0.0003781318664550781,-1.539441800559949e-07,0.00040711771134021413,-2.031097173690796,-2.030719041824341,True,0.07859882712364197,0,1.0,40,40
theta2,T3,batch1_0_127,0,"theta2|batch1_0_127|4,6",4,6,"(4,6)",34,5.141511917114258,7.942840576171875,0.2859533429145813,0.0003334685509762494,0.0003333091735839844,-1.5937739226501782e-07,0.0004781668339676204,-2.064714193344116,-2.0643808841705322,True,0.08134783804416656,0,1.0,40,40
theta2,T3,batch1_0_127,0,"theta2|batch1_0_127|4,6",4,6,"(4,6)",35,5.0648040771484375,7.985928535461426,0.28612372279167175,0.0002761879949539434,0.0002760887145996094,-9.928035433402716e-08,0.0003595958439590911,-2.098205804824829,-2.0979297161102295,True,0.08409585058689117,0,1.0,40,40
theta2,T3,batch1_0_127,0,"theta2|batch1_0_127|4,6",4,6,"(4,6)",36,4.988800525665283,8.028620719909668,0.28649768233299255,0.00021998021082981722,0.00021982192993164062,-1.5828089817659344e-07,0.0007200414363835993,-2.135634183883667,-2.1354143619537354,True,0.08683845400810242,0,1.0,40,40
theta2,T3,batch1_0_127,0,"theta2|batch1_0_127|4,6",4,6,"(4,6)",37,4.914706707000732,8.069779396057129,0.28754737973213196,0.000163566050472582,0.00016355514526367188,-1.090520891012972e-08,6.667603695713224e-05,-2.1788504123687744,-2.1786868572235107,True,0.0895705446600914,0,1.0,40,40
theta2,T3,batch1_0_127,0,"theta2|batch1_0_127|4,6",4,6,"(4,6)",38,4.843862533569336,8.112865447998047,0.2882387042045593,0.00011564077365801496,0.00011563301086425781,-7.762793757142613e-09,6.71330245500171e-05,-2.218813180923462,-2.2186975479125977,True,0.09228891879320145,0,1.0,40,40
theta2,T3,batch1_0_127,0,"theta2|batch1_0_127|4,6",4,6,"(4,6)",39,4.772658348083496,8.150215148925781,0.28933829069137573,7.04781444692344e-05,7.05718994140625e-05,9.375494482810165e-08,0.0013285025003793448,-2.263782024383545,-2.263711452484131,True,0.09499131888151169,0,1.0,40,40
theta2,T3,batch1_0_127,0,"theta2|batch1_0_127|4,7",4,7,"(4,7)",0,9.03581428527832,6.752513885498047,0.33535751700401306,0.0020771890012547373,0.002076864242553711,-3.247587010263807e-07,0.0001563697300826257,-2.514831781387329,-2.5127549171447754,True,0.0018829484470188618,1,0.9999530945847442,40,40
theta2,T3,batch1_0_127,0,"theta2|batch1_0_127|4,7",4,7,"(4,7)",1,8.857878684997559,6.729798793792725,0.3318743109703064,0.0019540186934173106,0.0019540786743164062,5.998089909562548e-08,3.069523243050004e-05,-2.4297659397125244,-2.427811861038208,True,0.0037664694245904684,1,0.9999530945847442,40,40
theta2,T3,batch1_0_127,0,"theta2|batch1_0_127|4,7",4,7,"(4,7)",2,8.681407928466797,6.71586275100708,0.3288883566856384,0.001842760846950114,0.0018422603607177734,-5.004862323404816e-07,0.00027166965267899716,-2.3523447513580322,-2.3505024909973145,True,0.005651470273733139,1,0.9999530945847442,40,40
theta2,T3,batch1_0_127,0,"theta2|batch1_0_127|4,7",4,7,"(4,7)",3,8.510797500610352,6.710132122039795,0.32626035809516907,0.0017435587979853153,0.001743316650390625,-2.42147594690283e-07,0.00013890052311266857,-2.282015085220337,-2.2802717685699463,True,0.007538340520113707,1,0.9999530945847442,40,40
theta2,T3,batch1_0_127,0,"theta2|batch1_0_127|4,7",4,7,"(4,7)",4,8.346857070922852,6.719176292419434,0.3240680396556854,0.0016479920358397067,0.0016477108001708984,-2.812356688082322e-07,0.0001706826639596359,-2.2216224670410156,-2.2199747562408447,True,0.009427056647837162,1,0.9999530945847442,40,40
theta2,T3,batch1_0_127,0,"theta2|batch1_0_127|4,7",4,7,"(4,7)",5,8.194894790649414,6.725595474243164,0.32112792134284973,0.0015581172863021492,0.001558065414428711,-5.187187343829065e-08,3.329248756690379e-05,-2.159839391708374,-2.1582813262939453,True,0.011319855228066444,1,0.9999530945847442,40,40
theta2,T3,batch1_0_127,0,"theta2|batch1_0_127|4,7",4,7,"(4,7)",6,8.047846794128418,6.74865198135376,0.3188971281051636,0.0014767412375658751,0.0014765262603759766,-2.149771898985603e-07,0.0001455965909091379,-2.112750291824341,-2.111273765563965,True,0.013219235464930534,1,0.9999530945847442,40,40
theta2,T3,batch1_0_127,0,"theta2|batch1_0_127|4,7",4,7,"(4,7)",7,7.9065961837768555,6.7793288230896,0.31622737646102905,0.0013946457507554443,0.0013947486877441406,1.0293698869635534e-07,7.380325186958598e-05,-2.0672895908355713,-2.065894842147827,True,0.015128500759601593,1,0.9999530945847442,40,40
theta2,T3,batch1_0_127,0,"theta2|batch1_0_127|4,7",4,7,"(4,7)",8,7.773250579833984,6.814442157745361,0.3136838376522064,0.0013254589159041644,0.0013251304626464844,-3.284532576800468e-07,0.0002478648457179653,-2.027894973754883,-2.0265698432922363,True,0.01705215312540531,1,0.9999530945847442,40,40
theta2,T3,batch1_0_127,0,"theta2|batch1_0_127|4,7",4,7,"(4,7)",9,7.650344371795654,6.851877689361572,0.3111739754676819,0.0012681903704069555,0.0012679100036621094,-2.803667448461524e-07,0.0002211251145872878,-1.9921566247940063,-1.9908887147903442,True,0.01899283193051815,1,0.9999530945847442,40,40
theta2,T3,batch1_0_127,0,"theta2|batch1_0_127|4,7",4,7,"(4,7)",10,7.531497955322266,6.8977837562561035,0.3087911605834961,0.0012067335657775403,0.001206517219543457,-2.1634623408321903e-07,0.00017931466752300798,-1.9622678756713867,-1.9610613584518433,True,0.020951176062226295,1,0.9999530945847442,40,40
theta2,T3,batch1_0_127,0,"theta2|batch1_0_127|4,7",4,7,"(4,7)",11,7.421757698059082,6.943084239959717,0.30641642212867737,0.001149627631297335,0.0011495351791381836,-9.245215915141408e-08,8.042568929532567e-05,-1.933970332145691,-1.9328207969665527,True,0.02292894944548607,1,0.9999530945847442,40,40
theta2,T3,batch1_0_127,0,"theta2|batch1_0_127|4,7",4,7,"(4,7)",12,7.3134565353393555,6.988038539886475,0.30289044976234436,0.0011169803491793574,0.001117110252380371,1.299032010137341e-07,0.0001162850316134263,-1.900665044784546,-1.8995479345321655,True,0.02493095025420189,1,0.9999530945847442,40,40
theta2,T3,batch1_0_127,0,"theta2|batch1_0_127|4,7",4,7,"(4,7)",13,7.204339504241943,7.043832778930664,0.30009424686431885,0.0010681373359402641,0.0010676383972167969,-4.989387234672661e-07,0.00046732931746173474,-1.8793182373046875,-1.8782505989074707,True,0.026955613866448402,1,0.9999530945847442,40,40
theta2,T3,batch1_0_127,0,"theta2|batch1_0_127|4,7",4,7,"(4,7)",14,7.10418701171875,7.088973045349121,0.2979012429714203,0.0010225752412807198,0.0010223388671875,-2.3637409321975583e-07,0.00023120914288432713,-1.862635850906372,-1.8616135120391846,True,0.02900192141532898,1,0.9999530945847442,40,40
theta2,T3,batch1_0_127,0,"theta2|batch1_0_127|4,7",4,7,"(4,7)",15,7.007018089294434,7.137051105499268,0.2957214117050171,0.000982935478910804,0.0009828805923461914,-5.488656461250484e-08,5.584255609472104e-05,-1.8481467962265015,-1.8471639156341553,True,0.03107188642024994,1,0.9999530945847442,40,40
theta2,T3,batch1_0_127,0,"theta2|batch1_0_127|4,7",4,7,"(4,7)",16,6.913227081298828,7.190718650817871,0.2931918501853943,0.000946087570511736,0.0009461641311645508,7.656065281475954e-08,8.09168835437967e-05,-1.8331365585327148,-1.8321903944015503,True,0.03316600248217583,1,0.9999530945847442,40,40
theta2,T3,batch1_0_127,0,"theta2|batch1_0_127|4,7",4,7,"(4,7)",17,6.8197431564331055,7.237401008605957,0.2898370921611786,0.0009168342847842723,0.0009168386459350586,4.361150786314459e-09,4.756726612310982e-06,-1.8124459981918335,-1.8115291595458984,True,0.0352855809032917,1,0.9999530945847442,40,40
theta2,T3,batch1_0_127,0,"theta2|batch1_0_127|4,7",4,7,"(4,7)",18,6.724499702453613,7.281111240386963,0.28650903701782227,0.0008907784655457362,0.0008910894393920898,3.109738463536035e-07,0.0003489816314799477,-1.790892481803894,-1.790001392364502,True,0.03742895647883415,1,0.9999530945847442,40,40
theta2,T3,batch1_0_127,0,"theta2|batch1_0_127|4,7",4,7,"(4,7)",19,6.631542205810547,7.327022552490234,0.2836831510066986,0.0008621435111854226,0.0008618831634521484,-2.603477332741152e-07,0.0003020684755359764,-1.7735759019851685,-1.7727140188217163,True,0.03959532454609871,1,0.9999530945847442,40,40
theta2,T3,batch1_0_127,0,"theta2|batch1_0_127|4,7",4,7,"(4,7)",20,6.540902614593506,7.3663811683654785,0.28043264150619507,0.0008353301355964504,0.0008352994918823242,-3.064371412620382e-08,3.668590059494597e-05,-1.756324291229248,-1.7554889917373657,True,0.04178450629115105,1,0.9999530945847442,40,40
theta2,T3,batch1_0_127,0,"theta2|batch1_0_127|4,7",4,7,"(4,7)",21,6.449635028839111,7.405708312988281,0.27696865797042847,0.0008140428055194207,0.0008140802383422852,3.7432822864503536e-08,4.598173632211997e-05,-1.7364453077316284,-1.7356312274932861,True,0.04399488493800163,1,0.9999530945847442,40,40
theta2,T3,batch1_0_127,0,"theta2|batch1_0_127|4,7",4,7,"(4,7)",22,6.359016418457031,7.44002628326416,0.27440741658210754,0.0008002078501158394,0.0008007287979125977,5.209477967582339e-07,0.0006505920582802583,-1.722025990486145,-1.7212252616882324,True,0.046224795281887054,1,0.9999530945847442,40,40
theta2,T3,batch1_0_127,0,"theta2|batch1_0_127|4,7",4,7,"(4,7)",23,6.272037506103516,7.4743266105651855,0.2715987265110016,0.0007821326800913084,0.0007821321487426758,-5.313486326277705e-10,6.793591511126927e-07,-1.7053916454315186,-1.7046095132827759,True,0.048472315073013306,1,0.9999530945847442,40,40
theta2,T3,batch1_0_127,0,"theta2|batch1_0_127|4,7",4,7,"(4,7)",24,6.184518814086914,7.5053935050964355,0.2698688209056854,0.0007735085390158929,0.0007730722427368164,-4.3629627907650244e-07,0.0005643667628421559,-1.698628306388855,-1.6978552341461182,True,0.0507374107837677,1,0.9999530945847442,40,40
theta2,T3,batch1_0_127,0,"theta2|batch1_0_127|4,7",4,7,"(4,7)",25,6.097149848937988,7.535218715667725,0.26768243312835693,0.0007594474581419491,0.0007600784301757812,6.309720338321676e-07,0.0008301406917786687,-1.6875262260437012,-1.6867661476135254,True,0.053016602993011475,1,0.9999530945847442,40,40
theta2,T3,batch1_0_127,0,"theta2|batch1_0_127|4,7",4,7,"(4,7)",26,6.011052131652832,7.5674262046813965,0.2651248574256897,0.0007383394101416343,0.0007380247116088867,-3.146985327475522e-07,0.000426406498044642,-1.6748547554016113,-1.6741167306900024,True,0.05530773475766182,1,0.9999530945847442,40,40
theta2,T3,batch1_0_127,0,"theta2|batch1_0_127|4,7",4,7,"(4,7)",27,5.92546272277832,7.596530914306641,0.2625628113746643,0.0007340165144341882,0.0007340908050537109,7.429061952277712e-08,0.00010120085827439499,-1.6603753566741943,-1.6596412658691406,True,0.057608745992183685,1,0.9999530945847442,40,40
theta2,T3,batch1_0_127,0,"theta2|batch1_0_127|4,7",4,7,"(4,7)",28,5.839618682861328,7.624990463256836,0.2597615420818329,0.0007219397799563013,0.0007214546203613281,-4.851595949731348e-07,0.0006724741671626566,-1.643843412399292,-1.6431219577789307,True,0.05992076173424721,1,0.9999530945847442,40,40
theta2,T3,batch1_0_127,0,"theta2|batch1_0_127|4,7",4,7,"(4,7)",29,5.755800247192383,7.653421401977539,0.2572389841079712,0.0007110739177005599,0.0007108449935913086,-2.2892410925126443e-07,0.0003220450468318012,-1.6284878253936768,-1.6277769804000854,True,0.06223877891898155,1,0.9999530945847442,40,40
theta2,T3,batch1_0_127,0,"theta2|batch1_0_127|4,7",4,7,"(4,7)",30,5.672102928161621,7.681506156921387,0.2553825080394745,0.000704674311557028,0.0007050037384033203,3.294268462923373e-07,0.00046726964460985305,-1.6204140186309814,-1.6197090148925781,True,0.06456366181373596,1,0.9999530945847442,40,40
theta2,T3,batch1_0_127,0,"theta2|batch1_0_127|4,7",4,7,"(4,7)",31,5.589443206787109,7.707448959350586,0.2534194588661194,0.0006933877851697616,0.0006936788558959961,2.9107072623446757e-07,0.00041960443764500164,-1.6133016347885132,-1.6126079559326172,True,0.06689278781414032,1,0.9999530945847442,40,40
theta2,T3,batch1_0_127,0,"theta2|batch1_0_127|4,7",4,7,"(4,7)",32,5.508800506591797,7.727776527404785,0.2516982853412628,0.0006843417962663807,0.0006843805313110352,3.8735044654431006e-08,5.6598694559922864e-05,-1.608456015586853,-1.607771635055542,True,0.06922555714845657,1,0.9999530945847442,40,40
theta2,T3,batch1_0_127,0,"theta2|batch1_0_127|4,7",4,7,"(4,7)",33,5.425797462463379,7.752089500427246,0.24994492530822754,0.0006844460697029717,0.0006843805313110352,-6.553839193654959e-08,9.576308637973791e-05,-1.6026043891906738,-1.6019200086593628,True,0.07155656814575195,1,0.9999530945847442,40,40
theta2,T3,batch1_0_127,0,"theta2|batch1_0_127|4,7",4,7,"(4,7)",34,5.344845771789551,7.7736124992370605,0.24836130440235138,0.0006764902839786373,0.000676274299621582,-2.159843570553096e-07,0.00031937389484735173,-1.5994765758514404,-1.5988003015518188,True,0.07388479262590408,1,0.9999530945847442,40,40
theta2,T3,batch1_0_127,0,"theta2|batch1_0_127|4,7",4,7,"(4,7)",35,5.263676643371582,7.790987014770508,0.24718943238258362,0.0006728238069918007,0.0006728172302246094,-6.576767191284784e-09,9.774968439927191e-06,-1.5999085903167725,-1.5992357730865479,True,0.07620857656002045,1,0.9999530945847442,40,40
theta2,T3,batch1_0_127,0,"theta2|batch1_0_127|4,7",4,7,"(4,7)",36,5.183703422546387,7.809648513793945,0.24597851932048798,0.0006655876470613294,0.0006653070449829102,-2.8060207841920214e-07,0.00042176327537071247,-1.5998817682266235,-1.5992164611816406,True,0.07852436602115631,1,0.9999530945847442,40,40
theta2,T3,batch1_0_127,0,"theta2|batch1_0_127|4,7",4,7,"(4,7)",37,5.105398178100586,7.823742866516113,0.24446843564510345,0.0006599293886101805,0.0006598234176635742,-1.0597094660623734e-07,0.0001606050100214373,-1.5959898233413696,-1.595329999923706,True,0.08083050698041916,1,0.9999530945847442,40,40
theta2,T3,batch1_0_127,0,"theta2|batch1_0_127|4,7",4,7,"(4,7)",38,5.027446746826172,7.839872360229492,0.24343152344226837,0.000656343031077995,0.0006562471389770508,-9.589210094420111e-08,0.00014612193371795333,-1.5970114469528198,-1.5963551998138428,True,0.08312305063009262,1,0.9999530945847442,40,40
theta2,T3,batch1_0_127,0,"theta2|batch1_0_127|4,7",4,7,"(4,7)",39,4.952645301818848,7.857426166534424,0.242446169257164,0.0006479101433651522,0.0006475448608398438,-3.6528252530848744e-07,0.0005641038133400184,-1.5986229181289673,-1.5979753732681274,True,0.0854007825255394,1,0.9999530945847442,40,40
theta2,T3,batch1_0_127,0,"theta2|batch1_0_127|5,6",5,6,"(5,6)",0,8.935473442077637,6.752513885498047,0.390473872423172,0.0025184651468589435,0.0025177001953125,-7.649515464435222e-07,0.0003038294821074101,-2.288975238800049,-2.2864575386047363,True,0.001981965498998761,0,1.0,40,40
theta2,T3,batch1_0_127,0,"theta2|batch1_0_127|5,6",5,6,"(5,6)",1,8.752201080322266,6.7204413414001465,0.3747366964817047,0.0022906001912779174,0.002290010452270508,-5.897390074095787e-07,0.0002575267754017726,-2.1509106159210205,-2.14862060546875,True,0.003946374170482159,0,1.0,40,40
theta2,T3,batch1_0_127,0,"theta2|batch1_0_127|5,6",5,6,"(5,6)",2,8.565009117126465,6.6988348960876465,0.3590956926345825,0.0020936819317284973,0.0020933151245117188,-3.6680721677857103e-07,0.00017522790165868196,-2.0193450450897217,-2.01725172996521,True,0.005895530804991722,0,1.0,40,40
theta2,T3,batch1_0_127,0,"theta2|batch1_0_127|5,6",5,6,"(5,6)",3,8.381583213806152,6.690413475036621,0.3429531455039978,0.0019094752842793241,0.0019092559814453125,-2.193028340116438e-07,0.00011486298125703967,-1.8920074701309204,-1.890098214149475,True,0.007826884277164936,0,1.0,40,40
theta2,T3,batch1_0_127,0,"theta2|batch1_0_127|5,6",5,6,"(5,6)",4,8.201606750488281,6.695295810699463,0.32830125093460083,0.001752014899160713,0.0017516613006591797,-3.535985015333011e-07,0.000201864653515058,-1.7781131267547607,-1.7763614654541016,True,0.00973949022591114,0,1.0,40,40
theta2,T3,batch1_0_127,0,"theta2|batch1_0_127|5,6",5,6,"(5,6)",5,8.025569915771484,6.7042927742004395,0.3142605423927307,0.0016034260956803337,0.0016031265258789062,-2.995698014274413e-07,0.00018686597507530084,-1.6677287817001343,-1.6661256551742554,True,0.011632095091044903,0,1.0,40,40
theta2,T3,batch1_0_127,0,"theta2|batch1_0_127|5,6",5,6,"(5,6)",6,7.855316162109375,6.720205783843994,0.30060821771621704,0.0014681484608445317,0.001467585563659668,-5.628971848636866e-07,0.00038355323110429696,-1.5586152076721191,-1.5571476221084595,True,0.013505063019692898,0,1.0,40,40
theta2,T3,batch1_0_127,0,"theta2|batch1_0_127|5,6",5,6,"(5,6)",7,7.692449569702148,6.747502326965332,0.2868862450122833,0.0013395837190328167,0.0013393163681030273,-2.6735092978932666e-07,0.00019961745869498745,-1.452866554260254,-1.4515272378921509,True,0.015358595177531242,0,1.0,40,40
theta2,T3,batch1_0_127,0,"theta2|batch1_0_127|5,6",5,6,"(5,6)",8,7.537128448486328,6.7852983474731445,0.27438193559646606,0.0012380627791862935,0.001238107681274414,4.4902088120607475e-08,3.626670668450153e-05,-1.3570221662521362,-1.3557840585708618,True,0.017200123518705368,0,1.0,40,40
theta2,T3,batch1_0_127,0,"theta2|batch1_0_127|5,6",5,6,"(5,6)",9,7.3923115730285645,6.831936359405518,0.26340949535369873,0.0011602436479297468,0.0011600255966186523,-2.1805131109444223e-07,0.00018797112040461688,-1.2727628946304321,-1.2716028690338135,True,0.019035158678889275,0,1.0,40,40
theta2,T3,batch1_0_127,0,"theta2|batch1_0_127|5,6",5,6,"(5,6)",10,7.25133752822876,6.882194519042969,0.2527416944503784,0.001088443475193344,0.001088261604309082,-1.8187088426198025e-07,0.0001671205558864193,-1.1906633377075195,-1.1895750761032104,True,0.020864292979240417,0,1.0,40,40
theta2,T3,batch1_0_127,0,"theta2|batch1_0_127|5,6",5,6,"(5,6)",11,7.114970684051514,6.9394001960754395,0.242376908659935,0.0010258536646142603,0.0010257959365844727,-5.7728029787635846e-08,5.627632916918075e-05,-1.115201473236084,-1.1141756772994995,True,0.022688791155815125,0,1.0,40,40
theta2,T3,batch1_0_127,0,"theta2|batch1_0_127|5,6",5,6,"(5,6)",12,6.981915473937988,6.996216773986816,0.23305536806583405,0.0009730987646616996,0.0009728670120239258,-2.3175263777377823e-07,0.00023821615381083424,-1.045177698135376,-1.044204831123352,True,0.024511262774467468,0,1.0,40,40
theta2,T3,batch1_0_127,0,"theta2|batch1_0_127|5,6",5,6,"(5,6)",13,6.851931095123291,7.05515718460083,0.22451208531856537,0.0009277985810767859,0.0009276866912841797,-1.1188979260625363e-07,0.0001206116177557389,-0.9797081351280212,-0.9787804484367371,True,0.02633190155029297,0,1.0,40,40
theta2,T3,batch1_0_127,0,"theta2|batch1_0_127|5,6",5,6,"(5,6)",14,6.730085849761963,7.11423397064209,0.21669147908687592,0.0008856362391961739,0.0008854866027832031,-1.496364129707859e-07,0.00016898777745530941,-0.9185758829116821,-0.9176903963088989,True,0.028150731697678566,0,1.0,40,40
theta2,T3,batch1_0_127,0,"theta2|batch1_0_127|5,6",5,6,"(5,6)",15,6.608271598815918,7.179105281829834,0.20898489654064178,0.0008531245563644916,0.000853121280670166,-3.275694325597517e-09,3.839658439916431e-06,-0.8598213791847229,-0.8589682579040527,True,0.0299686286598444,0,1.0,40,40
theta2,T3,batch1_0_127,0,"theta2|batch1_0_127|5,6",5,6,"(5,6)",16,6.488228797912598,7.239640235900879,0.20278000831604004,0.0008269387122709304,0.0008268356323242188,-1.0307994671168112e-07,0.0001246680025411162,-0.8079365491867065,-0.8071097135543823,True,0.03178512677550316,0,1.0,40,40
theta2,T3,batch1_0_127,0,"theta2|batch1_0_127|5,6",5,6,"(5,6)",17,6.367124080657959,7.29880428314209,0.19638878107070923,0.0008057481187861413,0.0008056759834289551,-7.213535718622946e-08,8.953395492716756e-05,-0.7551383376121521,-0.7543326616287231,True,0.033597592264413834,0,1.0,40,40
theta2,T3,batch1_0_127,0,"theta2|batch1_0_127|5,6",5,6,"(5,6)",18,6.2526750564575195,7.3633575439453125,0.1902330219745636,0.0007883834731183015,0.000788271427154541,-1.1204596376049574e-07,0.0001421413486531576,-0.7057346701622009,-0.7049463987350464,True,0.035408567637205124,0,1.0,40,40
theta2,T3,batch1_0_127,0,"theta2|batch1_0_127|5,6",5,6,"(5,6)",19,6.136724472045898,7.422173023223877,0.18536843359470367,0.0007789948431309313,0.0007789731025695801,-2.1740561351180077e-08,2.7909258072538068e-05,-0.6607667207717896,-0.65998774766922,True,0.037216246128082275,0,1.0,40,40
theta2,T3,batch1_0_127,0,"theta2|batch1_0_127|5,6",5,6,"(5,6)",20,6.032187461853027,7.478954315185547,0.1812642216682434,0.0007711724112741649,0.0007710456848144531,-1.2672645971175452e-07,0.00016435661622598975,-0.620050847530365,-0.6192798018455505,True,0.03901868686079979,0,1.0,40,40
theta2,T3,batch1_0_127,0,"theta2|batch1_0_127|5,6",5,6,"(5,6)",21,5.926207542419434,7.539865970611572,0.17730920016765594,0.0007703111806185917,0.0007701516151428223,-1.5956547576940951e-07,0.00020718709489406004,-0.5811062455177307,-0.5803360939025879,True,0.0408158041536808,0,1.0,40,40
theta2,T3,batch1_0_127,0,"theta2|batch1_0_127|5,6",5,6,"(5,6)",22,5.819372653961182,7.607845306396484,0.17353937029838562,0.0007742511560209095,0.0007742047309875488,-4.6425033360685854e-08,5.996480194775829e-05,-0.5454573631286621,-0.5446831583976746,True,0.04260659217834473,0,1.0,40,40
theta2,T3,batch1_0_127,0,"theta2|batch1_0_127|5,6",5,6,"(5,6)",23,5.713572978973389,7.671955108642578,0.17032910883426666,0.0007857662632013671,0.0007855892181396484,-1.7704506171864736e-07,0.0002253659516075173,-0.5111662149429321,-0.5103806257247925,True,0.04439138248562813,0,1.0,40,40
theta2,T3,batch1_0_127,0,"theta2|batch1_0_127|5,6",5,6,"(5,6)",24,5.610666275024414,7.7289886474609375,0.1683112382888794,0.0008036280000815168,0.000803530216217041,-9.778386447583352e-08,0.00012169282810071848,-0.4807097911834717,-0.47990626096725464,True,0.04616911709308624,0,1.0,40,40
theta2,T3,batch1_0_127,0,"theta2|batch1_0_127|5,6",5,6,"(5,6)",25,5.510348320007324,7.7935028076171875,0.16572511196136475,0.0008179371739679483,0.0008177757263183594,-1.6144764958887954e-07,0.00019742289284584134,-0.4497848153114319,-0.4489670395851135,True,0.047936949878931046,0,1.0,40,40
theta2,T3,batch1_0_127,0,"theta2|batch1_0_127|5,6",5,6,"(5,6)",26,5.411739826202393,7.859908103942871,0.16332629323005676,0.0008375391597219277,0.000837475061416626,-6.409830530175638e-08,7.653756900334592e-05,-0.4195050299167633,-0.4186675548553467,True,0.04969497397542,0,1.0,40,40
theta2,T3,batch1_0_127,0,"theta2|batch1_0_127|5,6",5,6,"(5,6)",27,5.314902305603027,7.917866230010986,0.16185693442821503,0.0008608674128336134,0.0008606612682342529,-2.061445993604711e-07,0.00023951885250210087,-0.3941156566143036,-0.39325499534606934,True,0.05144081264734268,0,1.0,40,40
theta2,T3,batch1_0_127,0,"theta2|batch1_0_127|5,6",5,6,"(5,6)",28,5.220402717590332,7.972774028778076,0.16153205931186676,0.0008868977146048565,0.000886768102645874,-1.296119589824828e-07,0.00014616217993831317,-0.3731922209262848,-0.3723054528236389,True,0.0531730018556118,0,1.0,40,40
theta2,T3,batch1_0_127,0,"theta2|batch1_0_127|5,6",5,6,"(5,6)",29,5.130618095397949,8.026436805725098,0.1610337793827057,0.0009117935027097701,0.0009116530418395996,-1.4046087017051314e-07,0.0001540727269302815,-0.35142266750335693,-0.35051101446151733,True,0.05489181727170944,0,1.0,40,40
theta2,T3,batch1_0_127,0,"theta2|batch1_0_127|5,6",5,6,"(5,6)",30,5.042559623718262,8.080097198486328,0.16098862886428833,0.0009366515643268941,0.0009365081787109375,-1.4338561595656722e-07,0.00015310663506850654,-0.33225083351135254,-0.3313143253326416,True,0.056594979017972946,0,1.0,40,40
theta2,T3,batch1_0_127,0,"theta2|batch1_0_127|5,6",5,6,"(5,6)",31,4.957632064819336,8.136258125305176,0.16125190258026123,0.0009611649917060277,0.0009609758853912354,-1.8910631479230472e-07,0.00019678570260409312,-0.31462618708610535,-0.3136652112007141,True,0.05828092247247696,0,1.0,40,40
theta2,T3,batch1_0_127,0,"theta2|batch1_0_127|5,6",5,6,"(5,6)",32,4.87544059753418,8.185018539428711,0.16214802861213684,0.0009842446021866636,0.0009841620922088623,-8.250997780129797e-08,8.383779303682774e-05,-0.2993519604206085,-0.29836779832839966,True,0.05994879826903343,0,1.0,40,40
theta2,T3,batch1_0_127,0,"theta2|batch1_0_127|5,6",5,6,"(5,6)",33,4.796460151672363,8.235268592834473,0.16332224011421204,0.001003922030387912,0.0010037124156951904,-2.096146927215662e-07,0.00020883939407721988,-0.28687620162963867,-0.2858724892139435,True,0.06159670278429985,0,1.0,40,40
theta2,T3,batch1_0_127,0,"theta2|batch1_0_127|5,6",5,6,"(5,6)",34,4.721760272979736,8.28044605255127,0.16470491886138916,0.0010214323964028154,0.0010212361812591553,-1.9621514366009903e-07,0.00019213493143003542,-0.2739175260066986,-0.27289628982543945,True,0.06322262436151505,0,1.0,40,40
theta2,T3,batch1_0_127,0,"theta2|batch1_0_127|5,6",5,6,"(5,6)",35,4.6490302085876465,8.325565338134766,0.16646462678909302,0.001039527465169158,0.0010394155979156494,-1.1186725350849532e-07,0.00010762514410292076,-0.2628127336502075,-0.26177331805229187,True,0.06482619047164917,0,1.0,40,40
theta2,T3,batch1_0_127,0,"theta2|batch1_0_127|5,6",5,6,"(5,6)",36,4.578713417053223,8.364209175109863,0.1689993292093277,0.001059624976998748,0.0010594427585601807,-1.8221843856741117e-07,0.00017199460480059567,-0.25392428040504456,-0.2528648376464844,True,0.06640667468309402,0,1.0,40,40
theta2,T3,batch1_0_127,0,"theta2|batch1_0_127|5,6",5,6,"(5,6)",37,4.511000156402588,8.405024528503418,0.17062532901763916,0.0010700772336022055,0.0010699480772018433,-1.2915640036225036e-07,0.00012071277393200577,-0.24370823800563812,-0.24263828992843628,True,0.06796207278966904,0,1.0,40,40
theta2,T3,batch1_0_127,0,"theta2|batch1_0_127|5,6",5,6,"(5,6)",38,4.445561408996582,8.446149826049805,0.1727670133113861,0.0010770814438055823,0.0010769367218017578,-1.447220038244476e-07,0.00013438301517132962,-0.2347983717918396,-0.23372143507003784,True,0.06949023902416229,0,1.0,40,40
theta2,T3,batch1_0_127,0,"theta2|batch1_0_127|5,6",5,6,"(5,6)",39,4.3843278884887695,8.47979736328125,0.17526410520076752,0.0010871148811347666,0.001086995005607605,-1.1987552716165133e-07,0.00011028158045182893,-0.22611895203590393,-0.22503195703029633,True,0.070992611348629,0,1.0,40,40
theta2,T3,batch1_0_127,0,"theta2|batch1_0_127|5,7",5,7,"(5,7)",0,8.607444763183594,6.752513885498047,0.21252509951591492,0.0012873421737458557,0.0012869834899902344,-3.5868375562134874e-07,0.0002787011320744064,-1.3983765840530396,-1.3970896005630493,True,0.002087871078401804,1,1.0,40,40
theta2,T3,batch1_0_127,0,"theta2|batch1_0_127|5,7",5,7,"(5,7)",1,8.432225227355957,6.751692295074463,0.20502738654613495,0.001160947029828094,0.0011609792709350586,3.224110696454195e-08,2.7770613801377177e-05,-1.3293803930282593,-1.3282194137573242,True,0.004156435374170542,1,1.0,40,40
theta2,T3,batch1_0_127,0,"theta2|batch1_0_127|5,7",5,7,"(5,7)",2,8.258782386779785,6.761320114135742,0.19842354953289032,0.0010529754606541247,0.0010524988174438477,-4.7664321027704633e-07,0.0004528681670490104,-1.2671229839324951,-1.2660704851150513,True,0.006208541803061962,1,1.0,40,40
theta2,T3,batch1_0_127,0,"theta2|batch1_0_127|5,7",5,7,"(5,7)",3,8.094051361083984,6.776839733123779,0.1925182044506073,0.0009613438177038916,0.0009613037109375,-4.010676639160538e-08,4.1721222892702385e-05,-1.2116838693618774,-1.21072256565094,True,0.008246222510933876,1,1.0,40,40
theta2,T3,batch1_0_127,0,"theta2|batch1_0_127|5,7",5,7,"(5,7)",4,7.9360456466674805,6.788759708404541,0.187702015042305,0.0008845334961079061,0.0008845329284667969,-5.676411092472161e-10,6.417410714501444e-07,-1.1592859029769897,-1.158401370048523,True,0.010271718725562096,1,1.0,40,40
theta2,T3,batch1_0_127,0,"theta2|batch1_0_127|5,7",5,7,"(5,7)",5,7.783417701721191,6.818745136260986,0.18333981931209564,0.0008174819186097011,0.0008175373077392578,5.538912955670074e-08,6.77511950003465e-05,-1.1156851053237915,-1.1148675680160522,True,0.012288224883377552,1,1.0,40,40
theta2,T3,batch1_0_127,0,"theta2|batch1_0_127|5,7",5,7,"(5,7)",6,7.636701583862305,6.857378005981445,0.17968907952308655,0.0007680637128651142,0.0007679462432861328,-1.1746957898138392e-07,0.00015296588792298494,-1.074467420578003,-1.0736994743347168,True,0.014301816932857037,1,1.0,40,40
theta2,T3,batch1_0_127,0,"theta2|batch1_0_127|5,7",5,7,"(5,7)",7,7.490401268005371,6.902851104736328,0.1767292022705078,0.0007270211467985064,0.0007269382476806641,-8.289911784234352e-08,0.00011403873452365129,-1.0389771461486816,-1.038250207901001,True,0.016313495114445686,1,1.0,40,40
theta2,T3,batch1_0_127,0,"theta2|batch1_0_127|5,7",5,7,"(5,7)",8,7.350190162658691,6.958794116973877,0.17350949347019196,0.0006947286280337722,0.0006949901580810547,2.615300472825306e-07,0.0003763075552100539,-1.0028049945831299,-1.0021100044250488,True,0.01832568645477295,1,1.0,40,40
theta2,T3,batch1_0_127,0,"theta2|batch1_0_127|5,7",5,7,"(5,7)",9,7.210945129394531,7.016119480133057,0.16952864825725555,0.000668372678454034,0.0006682872772216797,-8.540123235434467e-08,0.00012779119888289592,-0.9603292346000671,-0.9596609473228455,True,0.020340600982308388,1,1.0,40,40
theta2,T3,batch1_0_127,0,"theta2|batch1_0_127|5,7",5,7,"(5,7)",10,7.074833869934082,7.0842204093933105,0.16660729050636292,0.0006490354508860037,0.0006488561630249023,-1.792878611013831e-07,0.0002763137214657268,-0.9266933798789978,-0.9260445237159729,True,0.02235811948776245,1,1.0,40,40
theta2,T3,batch1_0_127,0,"theta2|batch1_0_127|5,7",5,7,"(5,7)",11,6.939817428588867,7.1566314697265625,0.16441872715950012,0.0006328286934876814,0.0006328821182250977,5.342473741621213e-08,8.441498958137811e-05,-0.8962160348892212,-0.8955831527709961,True,0.024376679211854935,1,1.0,40,40
theta2,T3,batch1_0_127,0,"theta2|batch1_0_127|5,7",5,7,"(5,7)",12,6.806943893432617,7.227118492126465,0.16212506592273712,0.0006259853083174676,0.0006260275840759277,4.227575846013111e-08,6.753018482809169e-05,-0.8667246699333191,-0.8660986423492432,True,0.026398979127407074,1,1.0,40,40
theta2,T3,batch1_0_127,0,"theta2|batch1_0_127|5,7",5,7,"(5,7)",13,6.682023048400879,7.300878524780273,0.15899105370044708,0.0006185284425737337,0.0006185770034790039,4.856090527025243e-08,7.850422016521136e-05,-0.8306955099105835,-0.8300769329071045,True,0.02842598780989647,1,1.0,40,40
theta2,T3,batch1_0_127,0,"theta2|batch1_0_127|5,7",5,7,"(5,7)",14,6.560702323913574,7.38228178024292,0.1564902663230896,0.0006125118347117677,0.0006126165390014648,1.0470428969710285e-07,0.0001709132598146399,-0.7987641096115112,-0.7981514930725098,True,0.030456680804491043,1,1.0,40,40
theta2,T3,batch1_0_127,0,"theta2|batch1_0_127|5,7",5,7,"(5,7)",15,6.439279079437256,7.4658589363098145,0.15363019704818726,0.0006097005518968217,0.0006098747253417969,1.7417344497520828e-07,0.00028558888856657387,-0.7655372023582458,-0.764927327632904,True,0.03249207139015198,1,1.0,40,40
theta2,T3,batch1_0_127,0,"theta2|batch1_0_127|5,7",5,7,"(5,7)",16,6.320335388183594,7.543642044067383,0.15089476108551025,0.0006105275774607435,0.0006105303764343262,2.7989735826381562e-09,4.584495203965068e-06,-0.7321885824203491,-0.7315780520439148,True,0.03453020006418228,1,1.0,40,40
theta2,T3,batch1_0_127,0,"theta2|batch1_0_127|5,7",5,7,"(5,7)",17,6.206936836242676,7.624054908752441,0.14785513281822205,0.0006096295388997533,0.0006095170974731445,-1.1244142660872796e-07,0.00018447624697465054,-0.6960911154747009,-0.6954815983772278,True,0.03657127916812897,1,1.0,40,40
theta2,T3,batch1_0_127,0,"theta2|batch1_0_127|5,7",5,7,"(5,7)",18,6.093273162841797,7.706295490264893,0.144658163189888,0.0006099978258134797,0.0006099343299865723,-6.349582690743424e-08,0.00010410272677852401,-0.6636534929275513,-0.6630435585975647,True,0.038619283586740494,1,1.0,40,40
theta2,T3,batch1_0_127,0,"theta2|batch1_0_127|5,7",5,7,"(5,7)",19,5.983577728271484,7.793890476226807,0.14150941371917725,0.0006114434774499387,0.000611424446105957,-1.9031343981637527e-08,3.1126239885965374e-05,-0.6309933066368103,-0.6303818821907043,True,0.04066910967230797,1,1.0,40,40
theta2,T3,batch1_0_127,0,"theta2|batch1_0_127|5,7",5,7,"(5,7)",20,5.875113010406494,7.879573345184326,0.1385727971792221,0.0006145162779721432,0.0006145238876342773,7.609662134146558e-09,1.2383020883763121e-05,-0.595609188079834,-0.5949946641921997,True,0.04271858185529709,1,1.0,40,40
theta2,T3,batch1_0_127,0,"theta2|batch1_0_127|5,7",5,7,"(5,7)",21,5.767064094543457,7.971805095672607,0.13583628833293915,0.0006197910532355309,0.0006197690963745117,-2.195686101913539e-08,3.542748605501198e-05,-0.5666040182113647,-0.5659842491149902,True,0.04476722702383995,1,1.0,40,40
theta2,T3,batch1_0_127,0,"theta2|batch1_0_127|5,7",5,7,"(5,7)",22,5.663435459136963,8.057765007019043,0.13288982212543488,0.0006214525390241761,0.0006214380264282227,-1.4512595953425876e-08,2.3353247365370407e-05,-0.5355796813964844,-0.5349582433700562,True,0.04681312292814255,1,1.0,40,40
theta2,T3,batch1_0_127,0,"theta2|batch1_0_127|5,7",5,7,"(5,7)",23,5.562132358551025,8.145988464355469,0.13038580119609833,0.0006269848822266795,0.000626981258392334,-3.6238343455565272e-09,5.779812868487546e-06,-0.5073279738426208,-0.5067009925842285,True,0.04885469377040863,1,1.0,40,40
theta2,T3,batch1_0_127,0,"theta2|batch1_0_127|5,7",5,7,"(5,7)",24,5.460928916931152,8.228511810302734,0.1284046322107315,0.0006326055832614657,0.0006325244903564453,-8.109290502034822e-08,0.000128205162419324,-0.4792546033859253,-0.47862207889556885,True,0.050885993987321854,1,1.0,40,40
theta2,T3,batch1_0_127,0,"theta2|batch1_0_127|5,7",5,7,"(5,7)",25,5.361497402191162,8.311384201049805,0.12632690370082855,0.0006392489931313321,0.0006392300128936768,-1.898023765532688e-08,2.9692344340039405e-05,-0.449037104845047,-0.4483978748321533,True,0.05290728434920311,1,1.0,40,40
theta2,T3,batch1_0_127,0,"theta2|batch1_0_127|5,7",5,7,"(5,7)",26,5.262380123138428,8.390841484069824,0.12370499223470688,0.0006413143604731885,0.0006411969661712646,-1.1739430192390151e-07,0.00018308617806614094,-0.41641074419021606,-0.4157695472240448,True,0.05491505563259125,1,1.0,40,40
theta2,T3,batch1_0_127,0,"theta2|batch1_0_127|5,7",5,7,"(5,7)",27,5.165870666503906,8.470620155334473,0.1213153600692749,0.0006436820823291782,0.0006436407566070557,-4.1325722122554504e-08,6.42061921939228e-05,-0.38601309061050415,-0.3853694498538971,True,0.056906796991825104,1,1.0,40,40
theta2,T3,batch1_0_127,0,"theta2|batch1_0_127|5,7",5,7,"(5,7)",28,5.0748291015625,8.548216819763184,0.1197546124458313,0.0006475890628935304,0.0006477534770965576,1.6441420302721731e-07,0.00025382218519949193,-0.3612794876098633,-0.3606317341327667,True,0.058880023658275604,1,1.0,40,40
theta2,T3,batch1_0_127,0,"theta2|batch1_0_127|5,7",5,7,"(5,7)",29,4.986730575561523,8.629624366760254,0.11838921159505844,0.0006503450352465734,0.0006503760814666748,3.1046220101368406e-08,4.773579623554962e-05,-0.3388226628303528,-0.3381722867488861,True,0.06083264574408531,1,1.0,40,40
theta2,T3,batch1_0_127,0,"theta2|batch1_0_127|5,7",5,7,"(5,7)",30,4.901535987854004,8.705472946166992,0.11691522598266602,0.0006519795228523436,0.0006519854068756104,5.8840232667776646e-09,9.024777555949583e-06,-0.3191075325012207,-0.3184555470943451,True,0.0627598911523819,1,1.0,40,40
theta2,T3,batch1_0_127,0,"theta2|batch1_0_127|5,7",5,7,"(5,7)",31,4.8201446533203125,8.783100128173828,0.11560084670782089,0.0006509975993540138,0.0006510019302368164,4.330882802557057e-09,6.652642029773402e-06,-0.29932111501693726,-0.29867011308670044,True,0.06466317921876907,1,1.0,40,40
theta2,T3,batch1_0_127,0,"theta2|batch1_0_127|5,7",5,7,"(5,7)",32,4.742388725280762,8.859393119812012,0.11435026675462723,0.0006500439313385869,0.0006500482559204102,4.32458182328746e-09,6.652708908762841e-06,-0.2792750298976898,-0.2786249816417694,True,0.06653913110494614,1,1.0,40,40
theta2,T3,batch1_0_127,0,"theta2|batch1_0_127|5,7",5,7,"(5,7)",33,4.668615341186523,8.930493354797363,0.11344649642705917,0.0006475723948824452,0.0006476044654846191,3.2070602173916996e-08,4.952189782990106e-05,-0.26215261220932007,-0.26150500774383545,True,0.06838594377040863,1,1.0,40,40
theta2,T3,batch1_0_127,0,"theta2|batch1_0_127|5,7",5,7,"(5,7)",34,4.595369338989258,8.997737884521484,0.11309757083654404,0.0006433952602674253,0.0006434321403503418,3.688008291650741e-08,5.731775055008382e-05,-0.24766692519187927,-0.24702349305152893,True,0.07020146399736404,1,1.0,40,40
theta2,T3,batch1_0_127,0,"theta2|batch1_0_127|5,7",5,7,"(5,7)",35,4.526332378387451,9.069995880126953,0.11209183931350708,0.0006359796916149208,0.0006360262632369995,4.657162207873794e-08,7.322279718720385e-05,-0.23226900398731232,-0.23163297772407532,True,0.07198450714349747,1,1.0,40,40
theta2,T3,batch1_0_127,0,"theta2|batch1_0_127|5,7",5,7,"(5,7)",36,4.460711479187012,9.13960075378418,0.11163835972547531,0.0006322081033649738,0.0006322115659713745,3.4626064007161825e-09,5.476974144558696e-06,-0.21742625534534454,-0.21679404377937317,True,0.07373461127281189,1,1.0,40,40
theta2,T3,batch1_0_127,0,"theta2|batch1_0_127|5,7",5,7,"(5,7)",37,4.397721290588379,9.202693939208984,0.11127761751413345,0.0006252543976443121,0.0006252676248550415,1.3227210729385534e-08,2.1154478824090815e-05,-0.20435510575771332,-0.20372983813285828,True,0.0754513368010521,1,1.0,40,40
theta2,T3,batch1_0_127,0,"theta2|batch1_0_127|5,7",5,7,"(5,7)",38,4.336843967437744,9.26596736907959,0.11073623597621918,0.0006166852697497234,0.0006166994571685791,1.4187418855720647e-08,2.3005401887101737e-05,-0.19243329763412476,-0.19181659817695618,True,0.07713475823402405,1,1.0,40,40
theta2,T3,batch1_0_127,0,"theta2|batch1_0_127|5,7",5,7,"(5,7)",39,4.279372215270996,9.326026916503906,0.11064519733190536,0.0006088836605886172,0.0006088912487030029,7.588114385751951e-09,1.2462183356905468e-05,-0.18168126046657562,-0.18107236921787262,True,0.07878393679857254,1,1.0,40,40
theta2,T3,batch1_0_127,0,"theta2|batch1_0_127|6,7",6,7,"(6,7)",0,9.063873291015625,6.752513885498047,0.5246127247810364,0.0029169156844727697,0.002915620803833008,-1.2948806397618425e-06,0.0004441183291254931,-3.2820682525634766,-3.2791526317596436,True,0.0018848433392122388,1,1.0,40,40
theta2,T3,batch1_0_127,0,"theta2|batch1_0_127|6,7",6,7,"(6,7)",1,8.894142150878906,6.716867446899414,0.5122768878936768,0.0027756867408752443,0.002774953842163086,-7.32898712158328e-07,0.00026411203711663577,-3.1762330532073975,-3.1734580993652344,True,0.003770821960642934,1,1.0,40,40
theta2,T3,batch1_0_127,0,"theta2|batch1_0_127|6,7",6,7,"(6,7)",2,8.718111991882324,6.6915717124938965,0.500461995601654,0.002661212706938386,0.0026607513427734375,-4.6136416494840793e-07,0.00017339619735660995,-3.081547975540161,-3.0788872241973877,True,0.005659408867359161,1,1.0,40,40
theta2,T3,batch1_0_127,0,"theta2|batch1_0_127|6,7",6,7,"(6,7)",3,8.550628662109375,6.67417049407959,0.488446444272995,0.002549043782055378,0.002548694610595703,-3.491714596747658e-07,0.00013700011693168465,-2.988976240158081,-2.9864275455474854,True,0.007551518268883228,1,1.0,40,40
theta2,T3,batch1_0_127,0,"theta2|batch1_0_127|6,7",6,7,"(6,7)",4,8.385266304016113,6.667431354522705,0.47740206122398376,0.002449225619900972,0.00244903564453125,-1.89975369721887e-07,7.757150049902546e-05,-2.9068493843078613,-2.90440034866333,True,0.009447341784834862,1,1.0,40,40
theta2,T3,batch1_0_127,0,"theta2|batch1_0_127|6,7",6,7,"(6,7)",5,8.22718334197998,6.667422294616699,0.4672878086566925,0.0023608569158241155,0.0023610591888427734,2.0227301865795647e-07,8.567045655348292e-05,-2.8363919258117676,-2.834030866622925,True,0.011349465698003769,1,1.0,40,40
theta2,T3,batch1_0_127,0,"theta2|batch1_0_127|6,7",6,7,"(6,7)",6,8.066638946533203,6.681055068969727,0.4562250077724457,0.0022802985860034823,0.0022797584533691406,-5.401326343417064e-07,0.0002369253784511563,-2.7607030868530273,-2.758423328399658,True,0.013258966617286205,1,1.0,40,40
theta2,T3,batch1_0_127,0,"theta2|batch1_0_127|6,7",6,7,"(6,7)",7,7.914035797119141,6.700695037841797,0.44574782252311707,0.0022056644442491236,0.0022051334381103516,-5.310061387720118e-07,0.00024080453799070215,-2.690047264099121,-2.6878421306610107,True,0.015179630368947983,1,1.0,40,40
theta2,T3,batch1_0_127,0,"theta2|batch1_0_127|6,7",6,7,"(6,7)",8,7.765191555023193,6.73018741607666,0.4348936975002289,0.002134533712407574,0.0021343231201171875,-2.1059229038649513e-07,9.866935723159496e-05,-2.6189730167388916,-2.6168386936187744,True,0.017112670466303825,1,1.0,40,40
theta2,T3,batch1_0_127,0,"theta2|batch1_0_127|6,7",6,7,"(6,7)",9,7.628427505493164,6.770740985870361,0.4249494671821594,0.0020572750652208924,0.0020568370819091797,-4.379833117127037e-07,0.00021294020589426684,-2.5585834980010986,-2.5565266609191895,True,0.01905740238726139,1,1.0,40,40
theta2,T3,batch1_0_127,0,"theta2|batch1_0_127|6,7",6,7,"(6,7)",10,7.488701820373535,6.814550399780273,0.4143935441970825,0.0019913475539069625,0.0019910335540771484,-3.139998298140427e-07,0.00015770695032790786,-2.4941868782043457,-2.4921958446502686,True,0.02101879008114338,1,1.0,40,40
theta2,T3,batch1_0_127,0,"theta2|batch1_0_127|6,7",6,7,"(6,7)",11,7.355075836181641,6.863013744354248,0.404857337474823,0.0019314744726289064,0.0019316673278808594,1.9285525195301273e-07,9.983875026999865e-05,-2.4353485107421875,-2.4334168434143066,True,0.022998226806521416,1,1.0,40,40
theta2,T3,batch1_0_127,0,"theta2|batch1_0_127|6,7",6,7,"(6,7)",12,7.225822448730469,6.910675525665283,0.3966335952281952,0.0018736144516151398,0.0018732547760009766,-3.596756141632622e-07,0.0001920057104731357,-2.383944272994995,-2.382071018218994,True,0.024996792897582054,1,1.0,40,40
theta2,T3,batch1_0_127,0,"theta2|batch1_0_127|6,7",6,7,"(6,7)",13,7.098978519439697,6.969969749450684,0.3868337571620941,0.0018199010542593896,0.0018198490142822266,-5.203997716302436e-08,2.8595766327103594e-05,-2.3234987258911133,-2.321678876876831,True,0.027017200365662575,1,1.0,40,40
theta2,T3,batch1_0_127,0,"theta2|batch1_0_127|6,7",6,7,"(6,7)",14,6.980637073516846,7.038812160491943,0.3780578374862671,0.0017652876866050065,0.001764535903930664,-7.517826743424442e-07,0.00042605121985207555,-2.2694344520568848,-2.267669916152954,True,0.029059894382953644,1,1.0,40,40
theta2,T3,batch1_0_127,0,"theta2|batch1_0_127|6,7",6,7,"(6,7)",15,6.8590497970581055,7.1044392585754395,0.36880335211753845,0.0017190806153230369,0.0017189979553222656,-8.266000077125635e-08,4.80861542128826e-05,-2.2093582153320312,-2.207639217376709,True,0.03112604469060898,1,1.0,40,40
theta2,T3,batch1_0_127,0,"theta2|batch1_0_127|6,7",6,7,"(6,7)",16,6.742837905883789,7.176684856414795,0.3592011630535126,0.0016799809322692455,0.0016798973083496094,-8.362391963612215e-08,4.9779185442160894e-05,-2.1454434394836426,-2.143763542175293,True,0.033216655254364014,1,1.0,40,40
theta2,T3,batch1_0_127,0,"theta2|batch1_0_127|6,7",6,7,"(6,7)",17,6.62925910949707,7.24636173248291,0.3501581847667694,0.0016501022055745126,0.0016498565673828125,-2.4563819170007016e-07,0.0001488845736994756,-2.0809338092803955,-2.0792839527130127,True,0.03533034026622772,1,1.0,40,40
theta2,T3,batch1_0_127,0,"theta2|batch1_0_127|6,7",6,7,"(6,7)",18,6.5234375,7.323108196258545,0.34116330742836,0.0016073153563775124,0.0016069412231445312,-3.7413323298110535e-07,0.00023282322190290534,-2.017975091934204,-2.0163681507110596,True,0.03746727481484413,1,1.0,40,40
theta2,T3,batch1_0_127,0,"theta2|batch1_0_127|6,7",6,7,"(6,7)",19,6.420677185058594,7.404191493988037,0.33190807700157166,0.0015674818981206045,0.0015671253204345703,-3.5657768603417593e-07,0.00022753616534974718,-1.9517574310302734,-1.9501903057098389,True,0.03962777182459831,1,1.0,40,40
theta2,T3,batch1_0_127,0,"theta2|batch1_0_127|6,7",6,7,"(6,7)",20,6.320217609405518,7.488132476806641,0.32311201095581055,0.001538355498574674,0.0015380382537841797,-3.1724479049441076e-07,0.00020626586478838458,-1.888805627822876,-1.8872675895690918,True,0.0418112650513649,1,1.0,40,40
theta2,T3,batch1_0_127,0,"theta2|batch1_0_127|6,7",6,7,"(6,7)",21,6.2242584228515625,7.570347309112549,0.3139010965824127,0.0015001156121725217,0.0015001296997070312,1.408753450959227e-08,9.390877677005864e-06,-1.8214970827102661,-1.819996953010559,True,0.04401695355772972,1,1.0,40,40
theta2,T3,batch1_0_127,0,"theta2|batch1_0_127|6,7",6,7,"(6,7)",22,6.131669998168945,7.6570868492126465,0.3062293529510498,0.0014717664426425472,0.0014716386795043945,-1.2776313815265374e-07,8.681692043843308e-05,-1.7666594982147217,-1.7651878595352173,True,0.04624306783080101,1,1.0,40,40
theta2,T3,batch1_0_127,0,"theta2|batch1_0_127|6,7",6,7,"(6,7)",23,6.042509078979492,7.740900039672852,0.29741770029067993,0.001438100129715167,0.0014376640319824219,-4.360977327452168e-07,0.00030333772219638374,-1.6980880498886108,-1.6966503858566284,True,0.048488982021808624,1,1.0,40,40
theta2,T3,batch1_0_127,0,"theta2|batch1_0_127|6,7",6,7,"(6,7)",24,5.951353073120117,7.82373046875,0.28937384486198425,0.0014078627318958752,0.001407623291015625,-2.394408802502447e-07,0.00017010295423392996,-1.6340043544769287,-1.632596731185913,True,0.050750982016325,1,1.0,40,40
theta2,T3,batch1_0_127,0,"theta2|batch1_0_127|6,7",6,7,"(6,7)",25,5.864934921264648,7.904153347015381,0.2809303402900696,0.001387529258383438,0.0013871192932128906,-4.0996517054747716e-07,0.0002955514875709807,-1.566160798072815,-1.564773678779602,True,0.053029634058475494,1,1.0,40,40
theta2,T3,batch1_0_127,0,"theta2|batch1_0_127|6,7",6,7,"(6,7)",26,5.777171611785889,7.987298011779785,0.2728281617164612,0.00136010631226236,0.001359701156616211,-4.05155646149161e-07,0.0002979740394995635,-1.50379478931427,-1.5024350881576538,True,0.05532138794660568,1,1.0,40,40
theta2,T3,batch1_0_127,0,"theta2|batch1_0_127|6,7",6,7,"(6,7)",27,5.689366817474365,8.0649995803833,0.26536038517951965,0.0013389553105225788,0.0013388395309448242,-1.157795777545316e-07,8.647756140933896e-05,-1.4470587968826294,-1.4457199573516846,True,0.05762403458356857,1,1.0,40,40
theta2,T3,batch1_0_127,0,"theta2|batch1_0_127|6,7",6,7,"(6,7)",28,5.605854034423828,8.151638984680176,0.2575761675834656,0.001323935810069088,0.0013239383697509766,2.559681888539625e-09,1.93338447394729e-06,-1.3851499557495117,-1.3838260173797607,True,0.05993553251028061,1,1.0,40,40
theta2,T3,batch1_0_127,0,"theta2|batch1_0_127|6,7",6,7,"(6,7)",29,5.523212432861328,8.233282089233398,0.25079286098480225,0.0013051409518811852,0.0013048648834228516,-2.7606845833362884e-07,0.0002115686166750544,-1.3326669931411743,-1.3313621282577515,True,0.0622534416615963,1,1.0,40,40
theta2,T3,batch1_0_127,0,"theta2|batch1_0_127|6,7",6,7,"(6,7)",30,5.446470260620117,8.320219993591309,0.24368974566459656,0.001279493200709112,0.0012794733047485352,-1.9895960576754232e-08,1.5550117773394686e-05,-1.2771564722061157,-1.2758769989013672,True,0.06457530707120895,1,1.0,40,40
theta2,T3,batch1_0_127,0,"theta2|batch1_0_127|6,7",6,7,"(6,7)",31,5.36788272857666,8.415475845336914,0.23588356375694275,0.0012555792189086787,0.0012555122375488281,-6.69813598505424e-08,5.334982634762047e-05,-1.2181885242462158,-1.216933012008667,True,0.06689658015966415,1,1.0,40,40
theta2,T3,batch1_0_127,0,"theta2|batch1_0_127|6,7",6,7,"(6,7)",32,5.291837215423584,8.507716178894043,0.22898507118225098,0.0012335273264325224,0.0012335777282714844,5.040183896198175e-08,4.085825952176187e-05,-1.1650463342666626,-1.1638127565383911,True,0.06921792775392532,1,1.0,40,40
theta2,T3,batch1_0_127,0,"theta2|batch1_0_127|6,7",6,7,"(6,7)",33,5.219238758087158,8.592673301696777,0.22207188606262207,0.0012116088193724864,0.001211404800415039,-2.0401895744733348e-07,0.00016841517994433785,-1.1140470504760742,-1.1128356456756592,True,0.0715366005897522,1,1.0,40,40
theta2,T3,batch1_0_127,0,"theta2|batch1_0_127|6,7",6,7,"(6,7)",34,5.145594596862793,8.676888465881348,0.21532076597213745,0.0011865823768312112,0.0011867284774780273,1.4610064681609865e-07,0.00012311210996350573,-1.064573049545288,-1.06338632106781,True,0.07384996116161346,1,1.0,40,40
theta2,T3,batch1_0_127,0,"theta2|batch1_0_127|6,7",6,7,"(6,7)",35,5.0741167068481445,8.766569137573242,0.20906026661396027,0.001165016237704549,0.0011647939682006836,-2.2226950386543091e-07,0.00019082302100927078,-1.0189886093139648,-1.0178238153457642,True,0.0761556550860405,1,1.0,40,40
theta2,T3,batch1_0_127,0,"theta2|batch1_0_127|6,7",6,7,"(6,7)",36,5.003866672515869,8.861760139465332,0.20231640338897705,0.001132608785177581,0.0011326074600219727,-1.3251556082918142e-09,1.170004308700303e-06,-0.969216525554657,-0.968083918094635,True,0.07845094054937363,1,1.0,40,40
theta2,T3,batch1_0_127,0,"theta2|batch1_0_127|6,7",6,7,"(6,7)",37,4.9321699142456055,8.949721336364746,0.19655664265155792,0.0011106052075047046,0.0011104941368103027,-1.1107069440184289e-07,0.00010001916328966287,-0.9282365441322327,-0.9271260499954224,True,0.08073246479034424,1,1.0,40,40
theta2,T3,batch1_0_127,0,"theta2|batch1_0_127|6,7",6,7,"(6,7)",38,4.863206386566162,9.033330917358398,0.19111494719982147,0.0010853666884358972,0.0010853409767150879,-2.5711720809309252e-08,2.3689993615765617e-05,-0.889493465423584,-0.8884081244468689,True,0.08299929648637772,1,1.0,40,40
theta2,T3,batch1_0_127,0,"theta2|batch1_0_127|6,7",6,7,"(6,7)",39,4.798700332641602,9.11712646484375,0.18671901524066925,0.0010604738281690515,0.00106048583984375,1.2011674698506405e-08,1.1326577166062098e-05,-0.8557282090187073,-0.8546677231788635,True,0.08524972200393677,1,1.0,40,40
theta2,T3,batch2_128_255,1,"theta2|batch2_128_255|0,1",0,1,"(0,1)",0,9.001075744628906,6.752513885498047,0.1235911175608635,0.0005853359575849026,0.0005851387977600098,-1.9715982489286119e-07,0.00033694539765200253,-0.813374400138855,-0.812789261341095,True,0.0018633188446983695,0,1.0,40,40
theta2,T3,batch2_128_255,1,"theta2|batch2_128_255|0,1",0,1,"(0,1)",1,8.856973648071289,6.760447978973389,0.12547358870506287,0.0005601096588652581,0.0005598664283752441,-2.432304900139336e-07,0.0004344437846001924,-0.7908617258071899,-0.7903018593788147,True,0.003714216873049736,0,1.0,40,40
theta2,T3,batch2_128_255,1,"theta2|batch2_128_255|0,1",0,1,"(0,1)",2,8.706867218017578,6.77307653427124,0.12703897058963776,0.0005327454102225602,0.000532686710357666,-5.8699864894165565e-08,0.00011019585011751515,-0.7634971737861633,-0.7629644870758057,True,0.005551608745008707,0,1.0,40,40
theta2,T3,batch2_128_255,1,"theta2|batch2_128_255|0,1",0,1,"(0,1)",3,8.558244705200195,6.786069869995117,0.12943431735038757,0.0005115663588512689,0.000511467456817627,-9.890203364192485e-08,0.0001933691622479711,-0.7390772700309753,-0.7385658025741577,True,0.00737637048587203,0,1.0,40,40
theta2,T3,batch2_128_255,1,"theta2|batch2_128_255|0,1",0,1,"(0,1)",4,8.405701637268066,6.812669277191162,0.13108056783676147,0.0004896942056948319,0.000489652156829834,-4.204886499788781e-08,8.587497146979955e-05,-0.7083222270011902,-0.7078325748443604,True,0.009189258329570293,0,1.0,40,40
theta2,T3,batch2_128_255,1,"theta2|batch2_128_255|0,1",0,1,"(0,1)",5,8.255922317504883,6.84151554107666,0.13336403667926788,0.00047316196525935085,0.0004730820655822754,-7.989967707545736e-08,0.00016889179042776822,-0.6826565861701965,-0.6821835041046143,True,0.010991754941642284,0,1.0,40,40
theta2,T3,batch2_128_255,1,"theta2|batch2_128_255|0,1",0,1,"(0,1)",6,8.103860855102539,6.882055282592773,0.13588210940361023,0.00045898596383631233,0.00045877695083618164,-2.0901300013068677e-07,0.0004555874041835209,-0.6571022272109985,-0.6566434502601624,True,0.012783973477780819,0,1.0,40,40
theta2,T3,batch2_128_255,1,"theta2|batch2_128_255|0,1",0,1,"(0,1)",7,7.950637340545654,6.926275253295898,0.13842394948005676,0.00044883122266037393,0.0004487037658691406,-1.2745679123330475e-07,0.0002840555416030898,-0.6301143765449524,-0.6296656727790833,True,0.014567459933459759,0,1.0,40,40
theta2,T3,batch2_128_255,1,"theta2|batch2_128_255|0,1",0,1,"(0,1)",8,7.793109893798828,6.972805976867676,0.14163000881671906,0.00044107397308107464,0.00044089555740356445,-1.7841567751019152e-07,0.0004046665349972726,-0.6052575707435608,-0.6048166751861572,True,0.01633990742266178,0,1.0,40,40
theta2,T3,batch2_128_255,1,"theta2|batch2_128_255|0,1",0,1,"(0,1)",9,7.6407470703125,7.030956268310547,0.1456436812877655,0.00043647129193414,0.00043648481369018555,1.3521756045528546e-08,3.097875486482838e-05,-0.5825510621070862,-0.582114577293396,True,0.018104925751686096,0,1.0,40,40
theta2,T3,batch2_128_255,1,"theta2|batch2_128_255|0,1",0,1,"(0,1)",10,7.483301162719727,7.08649206161499,0.15013499557971954,0.00043581762176472696,0.00043570995330810547,-1.0766845662149409e-07,0.0002471103903044373,-0.5580004453659058,-0.5575647354125977,True,0.01986275054514408,0,1.0,40,40
theta2,T3,batch2_128_255,1,"theta2|batch2_128_255|0,1",0,1,"(0,1)",11,7.331165313720703,7.147003650665283,0.15488889813423157,0.00043583748923265375,0.00043582916259765625,-8.326634997495898e-09,1.9105272689571682e-05,-0.5326335430145264,-0.5321977138519287,True,0.02161785401403904,0,1.0,40,40
theta2,T3,batch2_128_255,1,"theta2|batch2_128_255|0,1",0,1,"(0,1)",12,7.179249286651611,7.203350067138672,0.16078856587409973,0.00043603689226438293,0.0004360675811767578,3.0688912374884914e-08,7.037650515562017e-05,-0.5115431547164917,-0.5111070871353149,True,0.023371409624814987,0,1.0,40,40
theta2,T3,batch2_128_255,1,"theta2|batch2_128_255|0,1",0,1,"(0,1)",13,7.031099319458008,7.272147178649902,0.16726911067962646,0.0004372075041173957,0.00043720006942749023,-7.4346899054918494e-09,1.700523496079841e-05,-0.490616112947464,-0.4901789128780365,True,0.025126179680228233,0,1.0,40,40
theta2,T3,batch2_128_255,1,"theta2|batch2_128_255|0,1",0,1,"(0,1)",14,6.8871917724609375,7.338962078094482,0.17398567497730255,0.0004327254918171093,0.00043267011642456055,-5.537539254875032e-08,0.00012798524891516387,-0.4683256447315216,-0.46789297461509705,True,0.026883510872721672,0,1.0,40,40
theta2,T3,batch2_128_255,1,"theta2|batch2_128_255|0,1",0,1,"(0,1)",15,6.747791290283203,7.4108757972717285,0.1803198605775833,0.00042191191572055686,0.00042191147804260254,-4.3767795431751827e-10,1.037369157028062e-06,-0.44463393092155457,-0.44421201944351196,True,0.02864571288228035,0,1.0,40,40
theta2,T3,batch2_128_255,1,"theta2|batch2_128_255|0,1",0,1,"(0,1)",16,6.6079254150390625,7.479622840881348,0.1885421872138977,0.0004079335205606185,0.00040790438652038574,-2.913404023276644e-08,7.142369926759887e-05,-0.4262326657772064,-0.42582476139068604,True,0.03041476383805275,0,1.0,40,40
theta2,T3,batch2_128_255,1,"theta2|batch2_128_255|0,1",0,1,"(0,1)",17,6.481420516967773,7.549154758453369,0.19606025516986847,0.0003849107489222661,0.00038486719131469727,-4.355760756881476e-08,0.00011317568385089671,-0.41242703795433044,-0.41204217076301575,True,0.03219126537442207,0,1.0,40,40
theta2,T3,batch2_128_255,1,"theta2|batch2_128_255|0,1",0,1,"(0,1)",18,6.3605427742004395,7.617101669311523,0.20364628732204437,0.0003627512044113246,0.00036272406578063965,-2.7138630684939505e-08,7.481894157348747e-05,-0.4016665816307068,-0.40130385756492615,True,0.03397735580801964,0,1.0,40,40
theta2,T3,batch2_128_255,1,"theta2|batch2_128_255|0,1",0,1,"(0,1)",19,6.243677139282227,7.690537452697754,0.21132798492908478,0.0003389436166180531,0.0003389120101928711,-3.1606425181989004e-08,9.325849846395865e-05,-0.3937697410583496,-0.39343082904815674,True,0.03577382117509842,0,1.0,40,40
theta2,T3,batch2_128_255,1,"theta2|batch2_128_255|0,1",0,1,"(0,1)",20,6.131910800933838,7.765742301940918,0.21842627227306366,0.00031358782686584163,0.000313490629196167,-9.719766967463761e-08,0.0003100496813058361,-0.3886473476886749,-0.38833385705947876,True,0.037580642849206924,0,1.0,40,40
theta2,T3,batch2_128_255,1,"theta2|batch2_128_255|0,1",0,1,"(0,1)",21,6.024014472961426,7.834323883056641,0.2254585474729538,0.00028671520019270247,0.0002866983413696289,-1.6858823073564837e-08,5.8803350563613545e-05,-0.3833988904953003,-0.38311219215393066,True,0.03939810022711754,0,1.0,40,40
theta2,T3,batch2_128_255,1,"theta2|batch2_128_255|0,1",0,1,"(0,1)",22,5.919203281402588,7.9018235206604,0.23194044828414917,0.00025937754167898675,0.0002593994140625,2.1872383513252876e-08,8.431932505438474e-05,-0.3751472532749176,-0.3748878538608551,True,0.0412248894572258,0,1.0,40,40
theta2,T3,batch2_128_255,1,"theta2|batch2_128_255|0,1",0,1,"(0,1)",23,5.818360805511475,7.97196102142334,0.23835262656211853,0.0002331377487498685,0.00023308396339416504,-5.378535570345127e-08,0.00023075528200323077,-0.3718966543674469,-0.37166357040405273,True,0.04305966570973396,0,1.0,40,40
theta2,T3,batch2_128_255,1,"theta2|batch2_128_255|0,1",0,1,"(0,1)",24,5.718828201293945,8.03696346282959,0.24507346749305725,0.0002099210056476295,0.0002098381519317627,-8.285371586681583e-08,0.00039484581380491306,-0.3703276813030243,-0.37011784315109253,True,0.04490099474787712,0,1.0,40,40
theta2,T3,batch2_128_255,1,"theta2|batch2_128_255|0,1",0,1,"(0,1)",25,5.623204231262207,8.101134300231934,0.2521616220474243,0.00018920176273968536,0.00018918514251708984,-1.6620222595512294e-08,8.785162711184322e-05,-0.3695037066936493,-0.3693145215511322,True,0.046746429055929184,0,1.0,40,40
theta2,T3,batch2_128_255,1,"theta2|batch2_128_255|0,1",0,1,"(0,1)",26,5.530968189239502,8.162555694580078,0.2583616077899933,0.0001686128517249017,0.00016862154006958008,8.688344678366329e-09,5.152571062262369e-05,-0.36793848872184753,-0.36776986718177795,True,0.048593923449516296,0,1.0,40,40
theta2,T3,batch2_128_255,1,"theta2|batch2_128_255|0,1",0,1,"(0,1)",27,5.439647197723389,8.224417686462402,0.2643831968307495,0.00014462112262117444,0.00014457106590270996,-5.005671846448033e-08,0.0003462429923437538,-0.3652987480163574,-0.3651541769504547,True,0.05044069141149521,0,1.0,40,40
theta2,T3,batch2_128_255,1,"theta2|batch2_128_255|0,1",0,1,"(0,1)",28,5.3490118980407715,8.28426456451416,0.2699993848800659,0.00012390844481342356,0.00012385845184326172,-4.999297016183672e-08,0.0004036298647192924,-0.36188143491744995,-0.3617575764656067,True,0.05228470638394356,0,1.0,40,40
theta2,T3,batch2_128_255,1,"theta2|batch2_128_255|0,1",0,1,"(0,1)",29,5.259929180145264,8.341382026672363,0.2755688726902008,0.00010533326209770167,0.00010529160499572754,-4.165710197413287e-08,0.0003956355492522239,-0.3592056930065155,-0.3591004014015198,True,0.05412290245294571,0,1.0,40,40
theta2,T3,batch2_128_255,1,"theta2|batch2_128_255|0,1",0,1,"(0,1)",30,5.17397928237915,8.39498233795166,0.28100743889808655,8.408455955213868e-05,8.401274681091309e-05,-7.181274122559055e-08,0.0008547838744901293,-0.3558681607246399,-0.355784147977829,True,0.055953070521354675,0,1.0,40,40
theta2,T3,batch2_128_255,1,"theta2|batch2_128_255|0,1",0,1,"(0,1)",31,5.09012508392334,8.449281692504883,0.28598031401634216,6.447102521633496e-05,6.443262100219727e-05,-3.840421413769512e-08,0.0005960368139670349,-0.35362908244132996,-0.35356464982032776,True,0.05777238681912422,0,1.0,40,40
theta2,T3,batch2_128_255,1,"theta2|batch2_128_255|0,1",0,1,"(0,1)",32,5.008273124694824,8.500083923339844,0.2908326983451843,4.895350578863145e-05,4.89354133605957e-05,-1.8092428035743882e-08,0.0003697205519124614,-0.3529618978500366,-0.352912962436676,True,0.05957861617207527,0,1.0,40,40
theta2,T3,batch2_128_255,1,"theta2|batch2_128_255|0,1",0,1,"(0,1)",33,4.928711891174316,8.551751136779785,0.2954377830028534,3.88347807675018e-05,3.883242607116699e-05,-2.354696334807725e-09,6.063737378891407e-05,-0.3516823351383209,-0.35164350271224976,True,0.06136995926499367,0,1.0,40,40
theta2,T3,batch2_128_255,1,"theta2|batch2_128_255|0,1",0,1,"(0,1)",34,4.851672172546387,8.598589897155762,0.2999316453933716,2.6117760335182538e-05,2.613663673400879e-05,1.8876398826251078e-08,0.0007222198869102869,-0.3496493399143219,-0.3496232032775879,True,0.06314300745725632,0,1.0,40,40
theta2,T3,batch2_128_255,1,"theta2|batch2_128_255|0,1",0,1,"(0,1)",35,4.776969909667969,8.645369529724121,0.3043546676635742,1.4203037151673925e-05,1.4215707778930664e-05,1.2670627256739251e-08,0.0008913117414750603,-0.34728237986564636,-0.34726816415786743,True,0.06489559262990952,0,1.0,40,40
theta2,T3,batch2_128_255,1,"theta2|batch2_128_255|0,1",0,1,"(0,1)",36,4.704312324523926,8.688199043273926,0.30855804681777954,1.1096526868641378e-06,1.1324882507324219e-06,2.2835563868284114e-08,0.020164062499999903,-0.3450493812561035,-0.3450482487678528,True,0.06662604212760925,0,1.0,40,40
theta2,T3,batch2_128_255,1,"theta2|batch2_128_255|0,1",0,1,"(0,1)",37,4.635128021240234,8.729381561279297,0.3126247823238373,-1.2230293797983905e-05,-1.2278556823730469e-05,-4.826302574656388e-08,0.003930675765843027,-0.33993715047836304,-0.33994942903518677,False,0.06833276897668839,0,1.0,40,40
theta2,T3,batch2_128_255,1,"theta2|batch2_128_255|0,1",0,1,"(0,1)",38,4.568197250366211,8.778797149658203,0.3159765303134918,-2.0568593417920055e-05,-2.0563602447509766e-05,4.9909704102892255e-09,0.00024270895253052452,-0.33740946650505066,-0.33743003010749817,False,0.07001420855522156,0,1.0,40,40
theta2,T3,batch2_128_255,1,"theta2|batch2_128_255|0,1",0,1,"(0,1)",39,4.50175142288208,8.824612617492676,0.31956204771995544,-3.52263527033756e-05,-3.522634506225586e-05,7.64111973835472e-12,2.1691491765184537e-07,-0.33455777168273926,-0.3345929980278015,False,0.07166687399148941,0,1.0,40,40
theta2,T3,batch2_128_255,1,"theta2|batch2_128_255|0,2",0,2,"(0,2)",0,9.406352996826172,6.752513885498047,0.1600377857685089,0.0008143702039960772,0.0008141994476318359,-1.7075636424127884e-07,0.00020972301656300228,-1.2756098508834839,-1.274795651435852,True,0.0018903253367170691,0,0.9999061869691638,40,40
theta2,T3,batch2_128_255,1,"theta2|batch2_128_255|0,2",0,2,"(0,2)",1,9.27817153930664,6.758212566375732,0.16290873289108276,0.0008151546235894785,0.0008151531219482422,-1.5016412362699183e-09,1.8421584802140578e-06,-1.284608006477356,-1.2837928533554077,True,0.0037777023389935493,0,0.9999061869691638,40,40
theta2,T3,batch2_128_255,1,"theta2|batch2_128_255|0,2",0,2,"(0,2)",2,9.154802322387695,6.767813682556152,0.16596710681915283,0.0008142719720490277,0.0008141994476318359,-7.252441719179589e-08,8.907451043198193e-05,-1.2956057786941528,-1.294791579246521,True,0.005665268748998642,0,0.9999061869691638,40,40
theta2,T3,batch2_128_255,1,"theta2|batch2_128_255|0,2",0,2,"(0,2)",3,9.03010368347168,6.779294013977051,0.1693652868270874,0.0008153122807852924,0.0008151531219482422,-1.5915883705018476e-07,0.00019525023307251775,-1.3064600229263306,-1.3056448698043823,True,0.00755320955067873,0,0.9999061869691638,40,40
theta2,T3,batch2_128_255,1,"theta2|batch2_128_255|0,2",0,2,"(0,2)",4,8.903783798217773,6.785231590270996,0.17245601117610931,0.0008166199999395758,0.0008165836334228516,-3.636651672422192e-08,4.453495666057544e-05,-1.314897894859314,-1.3140813112258911,True,0.00944278109818697,0,0.9999061869691638,40,40
theta2,T3,batch2_128_255,1,"theta2|batch2_128_255|0,2",0,2,"(0,2)",5,8.77705192565918,6.796661853790283,0.17557275295257568,0.0008195131461834535,0.0008192062377929688,-3.069083904847338e-07,0.0003746411786506638,-1.3221145868301392,-1.3212953805923462,True,0.0113340700045228,0,0.9999061869691638,40,40
theta2,T3,batch2_128_255,1,"theta2|batch2_128_255|0,2",0,2,"(0,2)",6,8.650810241699219,6.813358306884766,0.17850244045257568,0.0008209665571339428,0.0008207559585571289,-2.1059857681392843e-07,0.00025659098129991785,-1.3286916017532349,-1.3278708457946777,True,0.013226829469203949,0,0.9999061869691638,40,40
theta2,T3,batch2_128_255,1,"theta2|batch2_128_255|0,2",0,2,"(0,2)",7,8.523588180541992,6.8322553634643555,0.18121443688869476,0.0008246952306944877,0.0008246898651123047,-5.365582182986078e-09,6.506181790236265e-06,-1.3350634574890137,-1.3342387676239014,True,0.015121178701519966,0,0.9999061869691638,40,40
theta2,T3,batch2_128_255,1,"theta2|batch2_128_255|0,2",0,2,"(0,2)",8,8.398529052734375,6.856898784637451,0.1839703619480133,0.0008351677305763588,0.0008350610733032227,-1.0665727313613396e-07,0.00012772391929878065,-1.3412879705429077,-1.3404529094696045,True,0.017018314450979233,0,0.9999061869691638,40,40
theta2,T3,batch2_128_255,1,"theta2|batch2_128_255|0,2",0,2,"(0,2)",9,8.27393913269043,6.885270595550537,0.18780778348445892,0.0008439246327616274,0.0008436441421508789,-2.804906107484965e-07,0.0003324750291436659,-1.359663963317871,-1.3588203191757202,True,0.018915565684437752,0,0.9999061869691638,40,40
theta2,T3,batch2_128_255,1,"theta2|batch2_128_255|0,2",0,2,"(0,2)",10,8.1564302444458,6.920146942138672,0.19124223291873932,0.0008552330532111227,0.0008550882339477539,-1.4481926336883284e-07,0.0001693617776732048,-1.3771673440933228,-1.376312255859375,True,0.02081519179046154,0,0.9999061869691638,40,40
theta2,T3,batch2_128_255,1,"theta2|batch2_128_255|0,2",0,2,"(0,2)",11,8.038496017456055,6.952606201171875,0.1948784738779068,0.0008777728229761124,0.0008776187896728516,-1.5403330326079628e-07,0.0001755127682694841,-1.3989471197128296,-1.3980695009231567,True,0.02271896041929722,0,0.9999061869691638,40,40
theta2,T3,batch2_128_255,1,"theta2|batch2_128_255|0,2",0,2,"(0,2)",12,7.922824859619141,6.989041805267334,0.198455348610878,0.000899559811106883,0.0008995532989501953,-6.5121566877055295e-09,7.239322778656256e-06,-1.4206904172897339,-1.4197908639907837,True,0.024628711864352226,0,0.9999061869691638,40,40
theta2,T3,batch2_128_255,1,"theta2|batch2_128_255|0,2",0,2,"(0,2)",13,7.805675506591797,7.030781269073486,0.2025270313024521,0.0009266041023656726,0.0009264945983886719,-1.095039770007385e-07,0.00011819170580290929,-1.4491885900497437,-1.448262095451355,True,0.02654501050710678,0,0.9999061869691638,40,40
theta2,T3,batch2_128_255,1,"theta2|batch2_128_255|0,2",0,2,"(0,2)",14,7.690036773681641,7.077760696411133,0.20686517655849457,0.0009624900935450569,0.000962376594543457,-1.1349900159985087e-07,0.0001179361616267214,-1.4848612546920776,-1.4838988780975342,True,0.028468776494264603,0,0.9999061869691638,40,40
theta2,T3,batch2_128_255,1,"theta2|batch2_128_255|0,2",0,2,"(0,2)",15,7.572558879852295,7.117895126342773,0.21120932698249817,0.0010023199028801172,0.0010018348693847656,-4.850334953516132e-07,0.00048414515223399636,-1.5206893682479858,-1.519687533378601,True,0.030401069670915604,0,0.9999061869691638,40,40
theta2,T3,batch2_128_255,1,"theta2|batch2_128_255|0,2",0,2,"(0,2)",16,7.455197811126709,7.15762186050415,0.21577653288841248,0.0010540438604075462,0.0010538101196289062,-2.3374077863990914e-07,0.00022180540335124105,-1.5616689920425415,-1.5606151819229126,True,0.03234510123729706,0,0.9999061869691638,40,40
theta2,T3,batch2_128_255,1,"theta2|batch2_128_255|0,2",0,2,"(0,2)",17,7.339200496673584,7.203638076782227,0.2210330218076706,0.0011031663921894507,0.0011029243469238281,-2.420452656225376e-07,0.0002194577228235348,-1.6081204414367676,-1.6070175170898438,True,0.03430020064115524,0,0.9999061869691638,40,40
theta2,T3,batch2_128_255,1,"theta2|batch2_128_255|0,2",0,2,"(0,2)",18,7.222628116607666,7.250855445861816,0.22685009241104126,0.001166789457667619,0.0011665821075439453,-2.0735012367365836e-07,0.00017774156000918044,-1.6577608585357666,-1.6565942764282227,True,0.036270104348659515,0,0.9999061869691638,40,40
theta2,T3,batch2_128_255,1,"theta2|batch2_128_255|0,2",0,2,"(0,2)",19,7.108885765075684,7.302438735961914,0.23236027359962463,0.0012423595922300592,0.0012422800064086914,-7.958582136781238e-08,6.406431799372439e-05,-1.7080672979354858,-1.7068250179290771,True,0.038258347660303116,0,0.9999061869691638,40,40
theta2,T3,batch2_128_255,1,"theta2|batch2_128_255|0,2",0,2,"(0,2)",20,6.995896339416504,7.361485958099365,0.23797117173671722,0.0013141158712096513,0.0013135671615600586,-5.487096495927334e-07,0.0004177248530947273,-1.7622570991516113,-1.7609435319900513,True,0.040267836302518845,0,0.9999061869691638,40,40
theta2,T3,batch2_128_255,1,"theta2|batch2_128_255|0,2",0,2,"(0,2)",21,6.885237693786621,7.416154384613037,0.24356669187545776,0.0013941136228095275,0.0013937950134277344,-3.186093817930929e-07,0.00022859127685465218,-1.817895770072937,-1.8165019750595093,True,0.042299043387174606,0,0.9999061869691638,40,40
theta2,T3,batch2_128_255,1,"theta2|batch2_128_255|0,2",0,2,"(0,2)",22,6.767824172973633,7.476351737976074,0.24943366646766663,0.001474577336688526,0.0014742612838745117,-3.1605281401421784e-07,0.00021438046123248807,-1.8808026313781738,-1.8793283700942993,True,0.04435207322239876,0,0.9999061869691638,40,40
theta2,T3,batch2_128_255,1,"theta2|batch2_128_255|0,2",0,2,"(0,2)",23,6.650173187255859,7.5369977951049805,0.2564798593521118,0.0015751284616417251,0.0015747547149658203,-3.7374667590482635e-07,0.00023733643871829172,-1.9546418190002441,-1.9530670642852783,True,0.046429187059402466,0,0.9999061869691638,40,40
theta2,T3,batch2_128_255,1,"theta2|batch2_128_255|0,2",0,2,"(0,2)",24,6.536304473876953,7.601635932922363,0.26399219036102295,0.0016763755629654042,0.0016756057739257812,-7.697890396229923e-07,0.0004594093978438923,-2.0401623249053955,-2.0384867191314697,True,0.04852989688515663,0,0.9999061869691638,40,40
theta2,T3,batch2_128_255,1,"theta2|batch2_128_255|0,2",0,2,"(0,2)",25,6.4158735275268555,7.664254665374756,0.27161771059036255,0.0017899446063674987,0.0017895698547363281,-3.7475163117053206e-07,0.00020940877506329435,-2.1269938945770264,-2.12520432472229,True,0.0506543293595314,0,0.9999061869691638,40,40
theta2,T3,batch2_128_255,1,"theta2|batch2_128_255|0,2",0,2,"(0,2)",26,6.299050331115723,7.738399505615234,0.279594749212265,0.0019037310783169233,0.0019030570983886719,-6.739799282514704e-07,0.0003541564406144895,-2.2224180698394775,-2.220515012741089,True,0.05280333384871483,0,0.9999061869691638,40,40
theta2,T3,batch2_128_255,1,"theta2|batch2_128_255|0,2",0,2,"(0,2)",27,6.181537628173828,7.820891380310059,0.28764230012893677,0.002022143498979858,0.0020215511322021484,-5.923667777095465e-07,0.00029302586923154404,-2.3209075927734375,-2.3188860416412354,True,0.05497400835156441,0,0.9999061869691638,40,40
theta2,T3,batch2_128_255,1,"theta2|batch2_128_255|0,2",0,2,"(0,2)",28,6.064945220947266,7.897600173950195,0.295552521944046,0.0021248686102771897,0.0021240711212158203,-7.974890613693907e-07,0.0003754530878951488,-2.4213051795959473,-2.4191811084747314,True,0.057163264602422714,0,0.9999061869691638,40,40
theta2,T3,batch2_128_255,1,"theta2|batch2_128_255|0,2",0,2,"(0,2)",29,5.949821472167969,7.979697227478027,0.3045467138290405,0.002236274665716337,0.002235889434814453,-3.852309018838665e-07,0.00017229425385957654,-2.5340397357940674,-2.531803846359253,True,0.05936817824840546,0,0.9999061869691638,40,40
theta2,T3,batch2_128_255,1,"theta2|batch2_128_255|0,2",0,2,"(0,2)",30,5.837013244628906,8.058585166931152,0.3137901723384857,0.0023409596565325047,0.0023403167724609375,-6.428840715671721e-07,0.0002746995958547755,-2.6467459201812744,-2.6444056034088135,True,0.06158614531159401,0,0.9999061869691638,40,40
theta2,T3,batch2_128_255,1,"theta2|batch2_128_255|0,2",0,2,"(0,2)",31,5.7293243408203125,8.137625694274902,0.3241629898548126,0.002403132238207036,0.0024023056030273438,-8.266351796920417e-07,0.00034410075830915534,-2.7731597423553467,-2.7707574367523193,True,0.0638129785656929,0,0.9999061869691638,40,40
theta2,T3,batch2_128_255,1,"theta2|batch2_128_255|0,2",0,2,"(0,2)",32,5.623003005981445,8.219073295593262,0.33425018191337585,0.002482287399718189,0.0024809837341308594,-1.3036655873294167e-06,0.0005254631738994928,-2.8991127014160156,-2.8966317176818848,True,0.06604614108800888,0,0.9999061869691638,40,40
theta2,T3,batch2_128_255,1,"theta2|batch2_128_255|0,2",0,2,"(0,2)",33,5.519388198852539,8.301684379577637,0.3444425165653229,0.002550419736013282,0.0025489330291748047,-1.4867068384772676e-06,0.0005832663398608696,-3.0327017307281494,-3.0301527976989746,True,0.06828248500823975,0,0.9999061869691638,40,40
theta2,T3,batch2_128_255,1,"theta2|batch2_128_255|0,2",0,2,"(0,2)",34,5.416281700134277,8.389107704162598,0.3547852039337158,0.0026173673752855394,0.0026154518127441406,-1.9155625413987826e-06,0.000732402154023617,-3.1699161529541016,-3.1673007011413574,True,0.07051607966423035,0,0.9999061869691638,40,40
theta2,T3,batch2_128_255,1,"theta2|batch2_128_255|0,2",0,2,"(0,2)",35,5.316948890686035,8.478343963623047,0.36517658829689026,0.0026822563120294943,0.002680540084838867,-1.716227190627119e-06,0.0006402542533626334,-3.310908317565918,-3.308227777481079,True,0.07274478673934937,0,0.9999061869691638,40,40
theta2,T3,batch2_128_255,1,"theta2|batch2_128_255|0,2",0,2,"(0,2)",36,5.221410274505615,8.560441017150879,0.37523025274276733,0.00271407439163886,0.0027132034301757812,-8.709614630788946e-07,0.00032100853676956593,-3.446110725402832,-3.4433975219726562,True,0.07496289163827896,0,0.9999061869691638,40,40
theta2,T3,batch2_128_255,1,"theta2|batch2_128_255|0,2",0,2,"(0,2)",37,5.129970550537109,8.63903522491455,0.3853599727153778,0.0027450295322778403,0.0027441978454589844,-8.316868188558771e-07,0.00030307101225668815,-3.5836050510406494,-3.5808608531951904,True,0.07716704159975052,0,0.9999061869691638,40,40
theta2,T3,batch2_128_255,1,"theta2|batch2_128_255|0,2",0,2,"(0,2)",38,5.042795181274414,8.715499877929688,0.3950381278991699,0.0027503286876308266,0.002749204635620117,-1.124052010709458e-06,0.0004088644388801251,-3.716449499130249,-3.713700294494629,True,0.07935471832752228,0,0.9999061869691638,40,40
theta2,T3,batch2_128_255,1,"theta2|batch2_128_255|0,2",0,2,"(0,2)",39,4.958939552307129,8.789401054382324,0.40390369296073914,0.002787547408712271,0.002786397933959961,-1.1494747523101492e-06,0.00041253072229943254,-3.8413166999816895,-3.8385303020477295,True,0.08152300119400024,0,0.9999061869691638,40,40
theta2,T3,batch2_128_255,1,"theta2|batch2_128_255|0,3",0,3,"(0,3)",0,9.534841537475586,6.752513885498047,0.1469726413488388,0.0007867376897484064,0.0007865428924560547,-1.9479729235173313e-07,0.0002476626439830384,-1.192548155784607,-1.1917616128921509,True,0.0019053576979786158,0,1.0,40,40
theta2,T3,batch2_128_255,1,"theta2|batch2_128_255|0,3",0,3,"(0,3)",1,9.432486534118652,6.761724948883057,0.15084955096244812,0.0007875025838147849,0.0007873773574829102,-1.2522633187469958e-07,0.0001590423329863376,-1.2141088247299194,-1.2133214473724365,True,0.003805684857070446,0,1.0,40,40
theta2,T3,batch2_128_255,1,"theta2|batch2_128_255|0,3",0,3,"(0,3)",2,9.332698822021484,6.776729583740234,0.15480700135231018,0.0007933212172938511,0.0007933378219604492,1.660466659807701e-08,2.093013359308213e-05,-1.2353332042694092,-1.2345398664474487,True,0.005702931433916092,0,1.0,40,40
theta2,T3,batch2_128_255,1,"theta2|batch2_128_255|0,3",0,3,"(0,3)",3,9.230594635009766,6.794028282165527,0.15896306931972504,0.0007993953844998033,0.0007994174957275391,2.211122773581025e-08,2.7659174153659373e-05,-1.2558969259262085,-1.255097508430481,True,0.007596482522785664,0,1.0,40,40
theta2,T3,batch2_128_255,1,"theta2|batch2_128_255|0,3",0,3,"(0,3)",4,9.129533767700195,6.811141490936279,0.1630755364894867,0.0008052709705661982,0.0008052587509155273,-1.2219650670887774e-08,1.5174812638788239e-05,-1.2766393423080444,-1.275834083557129,True,0.00948677584528923,0,1.0,40,40
theta2,T3,batch2_128_255,1,"theta2|batch2_128_255|0,3",0,3,"(0,3)",5,9.030004501342773,6.828533172607422,0.16721758246421814,0.0008107687499141321,0.0008108615875244141,9.283761028195444e-08,0.00011449254929610192,-1.293898344039917,-1.2930874824523926,True,0.011374450288712978,0,1.0,40,40
theta2,T3,batch2_128_255,1,"theta2|batch2_128_255|0,3",0,3,"(0,3)",6,8.929058074951172,6.8492913246154785,0.171139195561409,0.0008180678942007944,0.0008177757263183594,-2.921678824349943e-07,0.0003572714046555762,-1.3116506338119507,-1.3108328580856323,True,0.013260360807180405,0,1.0,40,40
theta2,T3,batch2_128_255,1,"theta2|batch2_128_255|0,3",0,3,"(0,3)",7,8.826499938964844,6.870153427124023,0.1751689612865448,0.0008245297423563897,0.0008244514465332031,-7.829582318662036e-08,9.496717304075608e-05,-1.3295674324035645,-1.3287429809570312,True,0.015144315548241138,0,1.0,40,40
theta2,T3,batch2_128_255,1,"theta2|batch2_128_255|0,3",0,3,"(0,3)",8,8.725521087646484,6.890869617462158,0.17933140695095062,0.0008301014539320022,0.0008298158645629883,-2.8558936901392114e-07,0.0003441599289793321,-1.346559762954712,-1.345729947090149,True,0.017025871202349663,0,1.0,40,40
theta2,T3,batch2_128_255,1,"theta2|batch2_128_255|0,3",0,3,"(0,3)",9,8.624897956848145,6.9140424728393555,0.18344154953956604,0.0008361679995432497,0.0008361339569091797,-3.404263406998724e-08,4.071433026811627e-05,-1.3642503023147583,-1.3634141683578491,True,0.018906258046627045,0,1.0,40,40
theta2,T3,batch2_128_255,1,"theta2|batch2_128_255|0,3",0,3,"(0,3)",10,8.525957107543945,6.940677642822266,0.18773217499256134,0.0008424106205347925,0.000841975212097168,-4.354084376245607e-07,0.0005171273825746696,-1.3814795017242432,-1.380637526512146,True,0.020785149186849594,0,1.0,40,40
theta2,T3,batch2_128_255,1,"theta2|batch2_128_255|0,3",0,3,"(0,3)",11,8.425862312316895,6.965460300445557,0.19208823144435883,0.000848894095630385,0.0008487701416015625,-1.2395402882250679e-07,0.00014603957272650437,-1.3991875648498535,-1.398338794708252,True,0.022662682458758354,0,1.0,40,40
theta2,T3,batch2_128_255,1,"theta2|batch2_128_255|0,3",0,3,"(0,3)",12,8.323862075805664,6.997008800506592,0.1962481588125229,0.0008542779723647982,0.0008540153503417969,-2.6262202300136265e-07,0.0003075144057964007,-1.4151278734207153,-1.4142738580703735,True,0.024539126083254814,0,1.0,40,40
theta2,T3,batch2_128_255,1,"theta2|batch2_128_255|0,3",0,3,"(0,3)",13,8.221359252929688,7.029178142547607,0.20059704780578613,0.0008602247200906277,0.0008600950241088867,-1.296959817409602e-07,0.00015079261954262962,-1.432017207145691,-1.431157112121582,True,0.02641506865620613,0,1.0,40,40
theta2,T3,batch2_128_255,1,"theta2|batch2_128_255|0,3",0,3,"(0,3)",14,8.120179176330566,7.063831329345703,0.20509396493434906,0.0008667612136341632,0.0008664131164550781,-3.480971790850414e-07,0.0004017681317075139,-1.447441816329956,-1.446575403213501,True,0.028290821239352226,0,1.0,40,40
theta2,T3,batch2_128_255,1,"theta2|batch2_128_255|0,3",0,3,"(0,3)",15,8.015520095825195,7.09902811050415,0.20938444137573242,0.0008726307172328234,0.0008723735809326172,-2.5713630020618265e-07,0.0002947547998086889,-1.4621936082839966,-1.461321234703064,True,0.030165620148181915,0,1.0,40,40
theta2,T3,batch2_128_255,1,"theta2|batch2_128_255|0,3",0,3,"(0,3)",16,7.910852909088135,7.13521671295166,0.21405017375946045,0.0008791935422923416,0.0008790493011474609,-1.4424114488063855e-07,0.00016408766231012795,-1.4796035289764404,-1.478724479675293,True,0.0320405475795269,0,1.0,40,40
theta2,T3,batch2_128_255,1,"theta2|batch2_128_255|0,3",0,3,"(0,3)",17,7.805294036865234,7.170621871948242,0.21872597932815552,0.0008857903007883579,0.0008857250213623047,-6.527942605319848e-08,7.370168447177244e-05,-1.4964842796325684,-1.495598554611206,True,0.03391668573021889,0,1.0,40,40
theta2,T3,batch2_128_255,1,"theta2|batch2_128_255|0,3",0,3,"(0,3)",18,7.701163291931152,7.205237865447998,0.22420822083950043,0.0008985736796166748,0.0008983612060546875,-2.1247356198734416e-07,0.0002365123967456915,-1.5171020030975342,-1.5162036418914795,True,0.03579451143741608,0,1.0,40,40
theta2,T3,batch2_128_255,1,"theta2|batch2_128_255|0,3",0,3,"(0,3)",19,7.5941267013549805,7.239178657531738,0.22933679819107056,0.0009092840715311468,0.0009092092514038086,-7.482012733819269e-08,8.229142765834299e-05,-1.5370129346847534,-1.5361037254333496,True,0.03767477720975876,0,1.0,40,40
theta2,T3,batch2_128_255,1,"theta2|batch2_128_255|0,3",0,3,"(0,3)",20,7.488831520080566,7.274169921875,0.23436622321605682,0.0009221846701111645,0.0009218454360961914,-3.3923401497311465e-07,0.0003679944616417418,-1.558222770690918,-1.5573009252548218,True,0.03955739736557007,0,1.0,40,40
theta2,T3,batch2_128_255,1,"theta2|batch2_128_255|0,3",0,3,"(0,3)",21,7.383333206176758,7.31049919128418,0.23918363451957703,0.0009261209175456316,0.0009257793426513672,-3.415748942644115e-07,0.00036895929572825094,-1.5793938636779785,-1.5784680843353271,True,0.04144434258341789,0,1.0,40,40
theta2,T3,batch2_128_255,1,"theta2|batch2_128_255|0,3",0,3,"(0,3)",22,7.27531623840332,7.348483562469482,0.24398580193519592,0.000933633336913772,0.0009331703186035156,-4.6301831025633185e-07,0.0004961777084265135,-1.5997806787490845,-1.598847508430481,True,0.043335430324077606,0,1.0,40,40
theta2,T3,batch2_128_255,1,"theta2|batch2_128_255|0,3",0,3,"(0,3)",23,7.171361446380615,7.381190776824951,0.2483164370059967,0.0009421947851078585,0.000942230224609375,3.543950151646113e-08,3.761235905073355e-05,-1.6163156032562256,-1.6153733730316162,True,0.04523324966430664,0,1.0,40,40
theta2,T3,batch2_128_255,1,"theta2|batch2_128_255|0,3",0,3,"(0,3)",24,7.067317485809326,7.415760040283203,0.2530296742916107,0.0009482782827108168,0.0009483098983764648,3.161566564807445e-08,3.333895987187461e-05,-1.6332669258117676,-1.6323186159133911,True,0.04713720455765724,0,1.0,40,40
theta2,T3,batch2_128_255,1,"theta2|batch2_128_255|0,3",0,3,"(0,3)",25,6.963321685791016,7.448899269104004,0.25777071714401245,0.0009503817035001703,0.000949859619140625,-5.220843595452615e-07,0.0005496437042113776,-1.6475924253463745,-1.6466425657272339,True,0.04904722794890404,0,1.0,40,40
theta2,T3,batch2_128_255,1,"theta2|batch2_128_255|0,3",0,3,"(0,3)",26,6.863879203796387,7.478944301605225,0.2624599039554596,0.000963272346649319,0.0009628534317016602,-4.189149476588371e-07,0.00043507654837817285,-1.662416696548462,-1.6614538431167603,True,0.05096528306603432,0,1.0,40,40
theta2,T3,batch2_128_255,1,"theta2|batch2_128_255|0,3",0,3,"(0,3)",27,6.7605509757995605,7.509304046630859,0.2671218514442444,0.0009622769298730418,0.0009622573852539062,-1.9544619135570748e-08,2.0311217596333234e-05,-1.6759018898010254,-1.6749396324157715,True,0.05288950353860855,0,1.0,40,40
theta2,T3,batch2_128_255,1,"theta2|batch2_128_255|0,3",0,3,"(0,3)",28,6.6582865715026855,7.539056301116943,0.2717970311641693,0.000956751752004493,0.0009561777114868164,-5.740405176766009e-07,0.000600349193231028,-1.6933636665344238,-1.692407488822937,True,0.054820381104946136,0,1.0,40,40
theta2,T3,batch2_128_255,1,"theta2|batch2_128_255|0,3",0,3,"(0,3)",29,6.559543609619141,7.562615394592285,0.27628862857818604,0.000952224908862263,0.0009522438049316406,1.8896069377619118e-08,1.984373043936539e-05,-1.7076841592788696,-1.706731915473938,True,0.05675875395536423,0,1.0,40,40
theta2,T3,batch2_128_255,1,"theta2|batch2_128_255|0,3",0,3,"(0,3)",30,6.461330413818359,7.590778827667236,0.2803885340690613,0.0009399917795090005,0.0009399652481079102,-2.653140109031612e-08,2.8225938292635956e-05,-1.7215919494628906,-1.7206519842147827,True,0.0587044395506382,0,1.0,40,40
theta2,T3,batch2_128_255,1,"theta2|batch2_128_255|0,3",0,3,"(0,3)",31,6.365383148193359,7.6115312576293945,0.2846662700176239,0.0009284976152703166,0.0009278059005737305,-6.917146965861303e-07,0.0007455381520621849,-1.7333883047103882,-1.7324604988098145,True,0.060657333582639694,0,1.0,40,40
theta2,T3,batch2_128_255,1,"theta2|batch2_128_255|0,3",0,3,"(0,3)",32,6.269760608673096,7.631861209869385,0.28964999318122864,0.0009165469252911862,0.0009164810180664062,-6.590722477993992e-08,7.191335497487022e-05,-1.7502415180206299,-1.7493250370025635,True,0.06261803209781647,0,1.0,40,40
theta2,T3,batch2_128_255,1,"theta2|batch2_128_255|0,3",0,3,"(0,3)",33,6.175830364227295,7.6525187492370605,0.29430219531059265,0.0009024615372181871,0.0009020566940307617,-4.048431874253359e-07,0.00044880015868662245,-1.7658978700637817,-1.764995813369751,True,0.0645853653550148,0,1.0,40,40
theta2,T3,batch2_128_255,1,"theta2|batch2_128_255|0,3",0,3,"(0,3)",34,6.0785346031188965,7.671957969665527,0.29901063442230225,0.0008980355304229307,0.000897526741027832,-5.087893950986343e-07,0.0005668793717677732,-1.7829091548919678,-1.78201162815094,True,0.06655941903591156,0,1.0,40,40
theta2,T3,batch2_128_255,1,"theta2|batch2_128_255|0,3",0,3,"(0,3)",35,5.986903190612793,7.685858726501465,0.3036075234413147,0.0008832187005173183,0.0008829832077026367,-2.3549281468154652e-07,0.000266701351313641,-1.7984989881515503,-1.7976160049438477,True,0.0685405507683754,0,1.0,40,40
theta2,T3,batch2_128_255,1,"theta2|batch2_128_255|0,3",0,3,"(0,3)",36,5.896121025085449,7.701993942260742,0.3083271384239197,0.0008645602155447705,0.0008646249771118164,6.47615670458946e-08,7.490133729680516e-05,-1.8162602186203003,-1.8153955936431885,True,0.07052719593048096,0,1.0,40,40
theta2,T3,batch2_128_255,1,"theta2|batch2_128_255|0,3",0,3,"(0,3)",37,5.805389881134033,7.721737384796143,0.31276652216911316,0.0008447149451531004,0.0008443593978881836,-3.555472649168206e-07,0.00042108522248473254,-1.8343465328216553,-1.833502173423767,True,0.07251887023448944,0,1.0,40,40
theta2,T3,batch2_128_255,1,"theta2|batch2_128_255|0,3",0,3,"(0,3)",38,5.717217922210693,7.738067150115967,0.31798169016838074,0.0008262051034544129,0.0008260011672973633,-2.0393615704961034e-07,0.00024689572499864593,-1.8562310934066772,-1.8554050922393799,True,0.07451431453227997,0,1.0,40,40
theta2,T3,batch2_128_255,1,"theta2|batch2_128_255|0,3",0,3,"(0,3)",39,5.63029670715332,7.760819435119629,0.32265377044677734,0.0008022070240986068,0.0008018016815185547,-4.0534258005208833e-07,0.0005055396981512918,-1.8778034448623657,-1.8770016431808472,True,0.07651281356811523,0,1.0,40,40
theta2,T3,batch2_128_255,1,"theta2|batch2_128_255|0,4",0,4,"(0,4)",0,9.178922653198242,6.752513885498047,0.24024194478988647,0.0014855761537328363,0.0014854669570922852,-1.0919664055115443e-07,7.35099761255548e-05,-1.9825631380081177,-1.9810776710510254,True,0.001821256591938436,0,1.0,40,40
theta2,T3,batch2_128_255,1,"theta2|batch2_128_255|0,4",0,4,"(0,4)",1,9.048905372619629,6.7369184494018555,0.24200712144374847,0.001456662832060829,0.0014564990997314453,-1.6373232938362257e-07,0.00011241498838812338,-1.9574636220932007,-1.9560071229934692,True,0.0036536308471113443,0,1.0,40,40
theta2,T3,batch2_128_255,1,"theta2|batch2_128_255|0,4",0,4,"(0,4)",2,8.914640426635742,6.726884841918945,0.24377840757369995,0.001430445557460189,0.0014307498931884766,3.043357282876344e-07,0.00021271064197629362,-1.9308637380599976,-1.929432988166809,True,0.005499464459717274,0,1.0,40,40
theta2,T3,batch2_128_255,1,"theta2|batch2_128_255|0,4",0,4,"(0,4)",3,8.780303955078125,6.718865871429443,0.2452470362186432,0.0014056239833589643,0.0014052391052246094,-3.848781343549195e-07,0.0002738880044854727,-1.9001384973526,-1.8987332582473755,True,0.007362151984125376,0,1.0,40,40
theta2,T3,batch2_128_255,1,"theta2|batch2_128_255|0,4",0,4,"(0,4)",4,8.642091751098633,6.716200828552246,0.24639150500297546,0.001381709311157465,0.0013816356658935547,-7.364526391040287e-08,5.3302955133815076e-05,-1.8703268766403198,-1.8689452409744263,True,0.00923917070031166,0,1.0,40,40
theta2,T3,batch2_128_255,1,"theta2|batch2_128_255|0,4",0,4,"(0,4)",5,8.507001876831055,6.716980934143066,0.248123437166214,0.0013502065193606542,0.0013499259948730469,-2.8052448760727995e-07,0.00020780730845446215,-1.845747947692871,-1.844398021697998,True,0.01113529596477747,0,1.0,40,40
theta2,T3,batch2_128_255,1,"theta2|batch2_128_255|0,4",0,4,"(0,4)",6,8.372705459594727,6.721382141113281,0.25105929374694824,0.001347258770139888,0.0013470649719238281,-1.9379821605976753e-07,0.00014386701465705261,-1.8327511548995972,-1.8314040899276733,True,0.01305467076599598,0,1.0,40,40
theta2,T3,batch2_128_255,1,"theta2|batch2_128_255|0,4",0,4,"(0,4)",7,8.23717975616455,6.72983455657959,0.2542676329612732,0.0013525588524062188,0.0013523101806640625,-2.48671742156259e-07,0.00018388661544657364,-1.82534658908844,-1.8239942789077759,True,0.014997949823737144,0,1.0,40,40
theta2,T3,batch2_128_255,1,"theta2|batch2_128_255|0,4",0,4,"(0,4)",8,8.104927062988281,6.745738506317139,0.2577809989452362,0.0013614355640602298,0.0013613700866699219,-6.547739030788799e-08,4.8096686528535174e-05,-1.8200390338897705,-1.8186776638031006,True,0.01696714758872986,0,1.0,40,40
theta2,T3,batch2_128_255,1,"theta2|batch2_128_255|0,4",0,4,"(0,4)",9,7.971160411834717,6.762979507446289,0.2622969150543213,0.0013756660232320428,0.001375436782836914,-2.292403951287443e-07,0.00016666734377709702,-1.8231818675994873,-1.8218064308166504,True,0.018960608169436455,0,1.0,40,40
theta2,T3,batch2_128_255,1,"theta2|batch2_128_255|0,4",0,4,"(0,4)",10,7.841965198516846,6.783304691314697,0.26654842495918274,0.0013740711282007397,0.001373887062072754,-1.8406612798576097e-07,0.00013397471529287447,-1.8227734565734863,-1.8213995695114136,True,0.02097744308412075,0,1.0,40,40
theta2,T3,batch2_128_255,1,"theta2|batch2_128_255|0,4",0,4,"(0,4)",11,7.716906547546387,6.810790538787842,0.2716120183467865,0.001377521286951378,0.0013772249221801758,-2.9636477120228294e-07,0.00021518981135857702,-1.8362360000610352,-1.834858775138855,True,0.02301689051091671,0,1.0,40,40
theta2,T3,batch2_128_255,1,"theta2|batch2_128_255|0,4",0,4,"(0,4)",12,7.596244812011719,6.834184646606445,0.2770656943321228,0.0013764557351823897,0.0013763904571533203,-6.527802906943284e-08,4.742697010878892e-05,-1.8519431352615356,-1.8505667448043823,True,0.025077927857637405,0,1.0,40,40
theta2,T3,batch2_128_255,1,"theta2|batch2_128_255|0,4",0,4,"(0,4)",13,7.479775428771973,6.864245414733887,0.28228235244750977,0.0013641860134375747,0.001363992691040039,-1.93322397535646e-07,0.00014173272247392941,-1.8697423934936523,-1.8683784008026123,True,0.027160070836544037,0,1.0,40,40
theta2,T3,batch2_128_255,1,"theta2|batch2_128_255|0,4",0,4,"(0,4)",14,7.367974281311035,6.892806529998779,0.2870149612426758,0.0013614087894384284,0.001361250877380371,-1.5791205805731207e-07,0.00011600511021245578,-1.8891505002975464,-1.887789249420166,True,0.029265213757753372,0,1.0,40,40
theta2,T3,batch2_128_255,1,"theta2|batch2_128_255|0,4",0,4,"(0,4)",15,7.259897232055664,6.918478012084961,0.2917933464050293,0.001349118600017391,0.0013490915298461914,-2.707017119968e-08,2.0065481548732457e-05,-1.9084748029708862,-1.90712571144104,True,0.03139350563287735,0,1.0,40,40
theta2,T3,batch2_128_255,1,"theta2|batch2_128_255|0,4",0,4,"(0,4)",16,7.1558732986450195,6.945011138916016,0.29650458693504333,0.0013323212016257459,0.0013321638107299805,-1.5739089576538752e-07,0.00011814680334180724,-1.9269516468048096,-1.9256194829940796,True,0.0335448756814003,0,1.0,40,40
theta2,T3,batch2_128_255,1,"theta2|batch2_128_255|0,4",0,4,"(0,4)",17,7.054451942443848,6.97184944152832,0.3011445701122284,0.001314333563001128,0.0013138055801391602,-5.279828619677608e-07,0.00040187290261915016,-1.948951005935669,-1.9476372003555298,True,0.0357193797826767,0,1.0,40,40
theta2,T3,batch2_128_255,1,"theta2|batch2_128_255|0,4",0,4,"(0,4)",18,6.955134391784668,6.999823093414307,0.3056672215461731,0.0013012460147001548,0.0013009309768676758,-3.1503783247898397e-07,0.00024216337229321586,-1.9741806983947754,-1.9728797674179077,True,0.03791656717658043,0,1.0,40,40
theta2,T3,batch2_128_255,1,"theta2|batch2_128_255|0,4",0,4,"(0,4)",19,6.858199119567871,7.026583671569824,0.3096393346786499,0.001288227936718613,0.0012884140014648438,1.8606474623083895e-07,0.00014441378781920666,-1.9948822259902954,-1.9935938119888306,True,0.04013587534427643,0,1.0,40,40
theta2,T3,batch2_128_255,1,"theta2|batch2_128_255|0,4",0,4,"(0,4)",20,6.76242733001709,7.052546977996826,0.3132556676864624,0.0012752608894516016,0.0012748241424560547,-4.3674699554694177e-07,0.0003425939162914756,-2.0147294998168945,-2.0134546756744385,True,0.042376913130283356,0,1.0,40,40
theta2,T3,batch2_128_255,1,"theta2|batch2_128_255|0,4",0,4,"(0,4)",21,6.668945789337158,7.0826544761657715,0.31710800528526306,0.0012562513712473446,0.0012562274932861328,-2.387796121179793e-08,1.9007672845414482e-05,-2.0374183654785156,-2.0361621379852295,True,0.04463864117860794,0,1.0,40,40
theta2,T3,batch2_128_255,1,"theta2|batch2_128_255|0,4",0,4,"(0,4)",22,6.575798034667969,7.1075897216796875,0.3207074999809265,0.0012411490695521934,0.0012404918670654297,-6.572024867637291e-07,0.0005297918545152904,-2.0604066848754883,-2.059166193008423,True,0.046921372413635254,0,1.0,40,40
theta2,T3,batch2_128_255,1,"theta2|batch2_128_255|0,4",0,4,"(0,4)",23,6.483743190765381,7.132813453674316,0.3245423436164856,0.0012293850799323992,0.0012285709381103516,-8.141418220476183e-07,0.0006626738406329543,-2.085287570953369,-2.084059000015259,True,0.049223799258470535,0,1.0,40,40
theta2,T3,batch2_128_255,1,"theta2|batch2_128_255|0,4",0,4,"(0,4)",24,6.392879486083984,7.156949043273926,0.3287558853626251,0.0012302107612995315,0.0012295246124267578,-6.861488727736599e-07,0.0005580602989470725,-2.115074396133423,-2.113844871520996,True,0.05154487490653992,0,1.0,40,40
theta2,T3,batch2_128_255,1,"theta2|batch2_128_255|0,4",0,4,"(0,4)",25,6.302652359008789,7.179957389831543,0.3322373926639557,0.0012188219109448256,0.0012180805206298828,-7.413903149427591e-07,0.0006086546023733949,-2.1388068199157715,-2.1375887393951416,True,0.05388406291604042,0,1.0,40,40
theta2,T3,batch2_128_255,1,"theta2|batch2_128_255|0,4",0,4,"(0,4)",26,6.214766979217529,7.2024054527282715,0.33648815751075745,0.00121080747047381,0.0012102127075195312,-5.947629542787762e-07,0.0004914532384127833,-2.172311782836914,-2.1711015701293945,True,0.056239888072013855,0,1.0,40,40
theta2,T3,batch2_128_255,1,"theta2|batch2_128_255|0,4",0,4,"(0,4)",27,6.126280784606934,7.221243858337402,0.3406349718570709,0.0011986001327240956,0.00119781494140625,-7.851913178455721e-07,0.0006555197223735976,-2.2060539722442627,-2.2048561573028564,True,0.05861065536737442,0,1.0,40,40
theta2,T3,batch2_128_255,1,"theta2|batch2_128_255|0,4",0,4,"(0,4)",28,6.038902282714844,7.24055814743042,0.3447890281677246,0.001178616124605469,0.0011785030364990234,-1.1308810644546953e-07,9.595911333535477e-05,-2.24116587638855,-2.239987373352051,True,0.060995735228061676,0,1.0,40,40
theta2,T3,batch2_128_255,1,"theta2|batch2_128_255|0,4",0,4,"(0,4)",29,5.951869964599609,7.259779930114746,0.3490528166294098,0.0011622538072988391,0.0011615753173828125,-6.784899160266339e-07,0.0005841118572968339,-2.278914213180542,-2.277752637863159,True,0.06339322775602341,0,1.0,40,40
theta2,T3,batch2_128_255,1,"theta2|batch2_128_255|0,4",0,4,"(0,4)",30,5.866369247436523,7.277832508087158,0.35338571667671204,0.0011383645309397253,0.001138448715209961,8.418427023559362e-08,7.394647568298036e-05,-2.317906141281128,-2.316767692565918,True,0.0658024251461029,0,1.0,40,40
theta2,T3,batch2_128_255,1,"theta2|batch2_128_255|0,4",0,4,"(0,4)",31,5.782260894775391,7.295348644256592,0.35825133323669434,0.0011178743695490995,0.0011169910430908203,-8.833264582791631e-07,0.0007908089001635276,-2.3628811836242676,-2.3617641925811768,True,0.06822145730257034,0,1.0,40,40
theta2,T3,batch2_128_255,1,"theta2|batch2_128_255|0,4",0,4,"(0,4)",32,5.69759464263916,7.310758113861084,0.3635409474372864,0.0011015790354576894,0.0011010169982910156,-5.620371666737768e-07,0.0005104709260130985,-2.412048578262329,-2.410947561264038,True,0.0706484392285347,0,1.0,40,40
theta2,T3,batch2_128_255,1,"theta2|batch2_128_255|0,4",0,4,"(0,4)",33,5.61456298828125,7.329826831817627,0.36862367391586304,0.0010764347217918839,0.0010755062103271484,-9.28511464735448e-07,0.0008633250610919416,-2.4614827632904053,-2.460407257080078,True,0.0730818584561348,0,1.0,40,40
theta2,T3,batch2_128_255,1,"theta2|batch2_128_255|0,4",0,4,"(0,4)",34,5.531914710998535,7.345264911651611,0.3743284046649933,0.001054951690537564,0.0010542869567871094,-6.647337504545395e-07,0.0006305055243026859,-2.519022226333618,-2.517967939376831,True,0.07551886886358261,0,1.0,40,40
theta2,T3,batch2_128_255,1,"theta2|batch2_128_255|0,4",0,4,"(0,4)",35,5.449836730957031,7.359400272369385,0.3797479569911957,0.001013448549863824,0.001012563705444336,-8.8484441948815e-07,0.0008738654316074465,-2.575850248336792,-2.5748376846313477,True,0.07795730233192444,0,1.0,40,40
theta2,T3,batch2_128_255,1,"theta2|batch2_128_255|0,4",0,4,"(0,4)",36,5.368434429168701,7.3758015632629395,0.38562777638435364,0.000982658801982325,0.0009815692901611328,-1.089511821192107e-06,0.0011099693441033128,-2.638185739517212,-2.637204170227051,True,0.08039605617523193,0,1.0,40,40
theta2,T3,batch2_128_255,1,"theta2|batch2_128_255|0,4",0,4,"(0,4)",37,5.288583755493164,7.393830299377441,0.39169779419898987,0.0009586186151500442,0.000957489013671875,-1.1296014781692412e-06,0.0011797539836382372,-2.705396890640259,-2.704439401626587,True,0.08283121883869171,0,1.0,40,40
theta2,T3,batch2_128_255,1,"theta2|batch2_128_255|0,4",0,4,"(0,4)",38,5.208953380584717,7.407129764556885,0.3982875347137451,0.0009405568776674045,0.0009396076202392578,-9.49257428146705e-07,0.0010102700400673528,-2.7760348320007324,-2.775095224380493,True,0.08525875955820084,0,1.0,40,40
theta2,T3,batch2_128_255,1,"theta2|batch2_128_255|0,4",0,4,"(0,4)",39,5.131289005279541,7.419315338134766,0.4050021767616272,0.0009087893269388587,0.00090789794921875,-8.913777201087058e-07,0.0009818038700007419,-2.8515052795410156,-2.850597381591797,True,0.08767717331647873,0,1.0,40,40
theta2,T3,batch2_128_255,1,"theta2|batch2_128_255|0,5",0,5,"(0,5)",0,8.962968826293945,6.752513885498047,0.11740953475236893,0.0005162628219695761,0.0005161166191101074,-1.4620285946871994e-07,0.0002832748531151819,-0.866107702255249,-0.8655915856361389,True,0.0018569874810054898,0,1.0,40,40
theta2,T3,batch2_128_255,1,"theta2|batch2_128_255|0,5",0,5,"(0,5)",1,8.832213401794434,6.743978023529053,0.11763685196638107,0.0004924706738675014,0.000492393970489502,-7.67033779994035e-08,0.00015577643634253,-0.8465366363525391,-0.8460442423820496,True,0.00371192442253232,0,1.0,40,40
theta2,T3,batch2_128_255,1,"theta2|batch2_128_255|0,5",0,5,"(0,5)",2,8.69828987121582,6.737763404846191,0.11842416226863861,0.00047272779152262955,0.00047272443771362305,-3.3538090064995883e-09,7.094638522858277e-06,-0.828935980796814,-0.8284632563591003,True,0.005565376952290535,0,1.0,40,40
theta2,T3,batch2_128_255,1,"theta2|batch2_128_255|0,5",0,5,"(0,5)",3,8.559959411621094,6.726982593536377,0.11925695836544037,0.00045643671159632506,0.0004563331604003906,-1.0355119593443091e-07,0.0002269201647401083,-0.8062323331832886,-0.8057760000228882,True,0.007418179884552956,0,1.0,40,40
theta2,T3,batch2_128_255,1,"theta2|batch2_128_255|0,5",0,5,"(0,5)",4,8.424072265625,6.725233554840088,0.11987753212451935,0.0004426319824415259,0.00044274330139160156,1.1131895007567352e-07,0.0002514300040808819,-0.786063551902771,-0.7856208086013794,True,0.009272294119000435,0,1.0,40,40
theta2,T3,batch2_128_255,1,"theta2|batch2_128_255|0,5",0,5,"(0,5)",5,8.28355884552002,6.718760967254639,0.12140661478042603,0.00043631924537476153,0.0004363059997558594,-1.3245618902158092e-08,3.0358553193331854e-05,-0.7684085965156555,-0.7679722905158997,True,0.011128165759146214,0,1.0,40,40
theta2,T3,batch2_128_255,1,"theta2|batch2_128_255|0,5",0,5,"(0,5)",6,8.143383979797363,6.70914888381958,0.12377642095088959,0.00043579459376633166,0.00043576955795288086,-2.503581345079768e-08,5.745195595674163e-05,-0.7526629567146301,-0.7522271871566772,True,0.012988133355975151,0,1.0,40,40
theta2,T3,batch2_128_255,1,"theta2|batch2_128_255|0,5",0,5,"(0,5)",7,7.999102592468262,6.705080509185791,0.1258978545665741,0.0004369901743484661,0.00043702125549316406,3.108114469794901e-08,7.112044164276396e-05,-0.7359996438026428,-0.7355626225471497,True,0.014851568266749382,0,1.0,40,40
theta2,T3,batch2_128_255,1,"theta2|batch2_128_255|0,5",0,5,"(0,5)",8,7.848282814025879,6.703324794769287,0.12855511903762817,0.0004454256915487349,0.00044530630111694336,-1.1939043179152835e-07,0.0002681085614375235,-0.7219362258911133,-0.7214909195899963,True,0.01672130823135376,0,1.0,40,40
theta2,T3,batch2_128_255,1,"theta2|batch2_128_255|0,5",0,5,"(0,5)",9,7.6952667236328125,6.705509662628174,0.13117463886737823,0.0004569090568693355,0.00045680999755859375,-9.905931074174297e-08,0.00021685013741197051,-0.7059711217880249,-0.7055143117904663,True,0.01859830692410469,0,1.0,40,40
theta2,T3,batch2_128_255,1,"theta2|batch2_128_255|0,5",0,5,"(0,5)",10,7.543968200683594,6.712264537811279,0.1346265971660614,0.00047695228719385344,0.000476837158203125,-1.1512899072843932e-07,0.00024144299316412797,-0.6948359608650208,-0.6943591237068176,True,0.020484941080212593,0,1.0,40,40
theta2,T3,batch2_128_255,1,"theta2|batch2_128_255|0,5",0,5,"(0,5)",11,7.390941143035889,6.706971645355225,0.13926802575588226,0.0005043038054136559,0.0005043745040893555,7.069867569956152e-08,0.00014017099422423715,-0.6841821670532227,-0.6836777925491333,True,0.022381937131285667,0,1.0,40,40
theta2,T3,batch2_128_255,1,"theta2|batch2_128_255|0,5",0,5,"(0,5)",12,7.23663330078125,6.702489376068115,0.14410200715065002,0.0005387042750953696,0.0005387067794799805,2.5043846108236192e-09,4.6488826690488825e-06,-0.6723963022232056,-0.6718575954437256,True,0.02429058402776718,0,1.0,40,40
theta2,T3,batch2_128_255,1,"theta2|batch2_128_255|0,5",0,5,"(0,5)",13,7.083539962768555,6.69619607925415,0.15007907152175903,0.000582521230855491,0.000582575798034668,5.4567179176979834e-08,9.36653725765186e-05,-0.6611985564231873,-0.6606159806251526,True,0.026211068034172058,0,1.0,40,40
theta2,T3,batch2_128_255,1,"theta2|batch2_128_255|0,5",0,5,"(0,5)",14,6.931674957275391,6.695224761962891,0.1564556509256363,0.0006299968420353252,0.0006300210952758789,2.4253240553688202e-08,3.8495918209005354e-05,-0.6488139629364014,-0.6481839418411255,True,0.02814514935016632,0,1.0,40,40
theta2,T3,batch2_128_255,1,"theta2|batch2_128_255|0,5",0,5,"(0,5)",15,6.782663345336914,6.691515922546387,0.16376416385173798,0.0006851993398158811,0.0006850957870483398,-1.0355276754126213e-07,0.0001511507872313854,-0.6398122906684875,-0.6391271948814392,True,0.030091170221567154,0,1.0,40,40
theta2,T3,batch2_128_255,1,"theta2|batch2_128_255|0,5",0,5,"(0,5)",16,6.637845993041992,6.677582740783691,0.17212560772895813,0.0007479532050492707,0.000747978687286377,2.5482237106218622e-08,3.406813260771733e-05,-0.6344314813613892,-0.6336835026741028,True,0.032050661742687225,0,1.0,40,40
theta2,T3,batch2_128_255,1,"theta2|batch2_128_255|0,5",0,5,"(0,5)",17,6.499698638916016,6.665144443511963,0.18092596530914307,0.0008136344279919285,0.000813603401184082,-3.1026807846470245e-08,3.813505179712279e-05,-0.6256676316261292,-0.6248540282249451,True,0.034020405262708664,0,1.0,40,40
theta2,T3,batch2_128_255,1,"theta2|batch2_128_255|0,5",0,5,"(0,5)",18,6.361521244049072,6.657871246337891,0.19076453149318695,0.0008802858077324345,0.000880122184753418,-1.6362297901653666e-07,0.00018590939059487358,-0.6236865520477295,-0.6228064298629761,True,0.036000847816467285,0,1.0,40,40
theta2,T3,batch2_128_255,1,"theta2|batch2_128_255|0,5",0,5,"(0,5)",19,6.22700309753418,6.651744842529297,0.2003972977399826,0.0009416438102998654,0.0009416341781616211,-9.632138244343794e-09,1.02291722918861e-05,-0.6198345422744751,-0.6188929080963135,True,0.03799034655094147,0,1.0,40,40
theta2,T3,batch2_128_255,1,"theta2|batch2_128_255|0,5",0,5,"(0,5)",20,6.096514701843262,6.6376142501831055,0.2112685889005661,0.0010119095977279358,0.0010117888450622559,-1.2075266567993653e-07,0.00011934571750739806,-0.6207044124603271,-0.6196926236152649,True,0.03998756408691406,0,1.0,40,40
theta2,T3,batch2_128_255,1,"theta2|batch2_128_255|0,5",0,5,"(0,5)",21,5.971723556518555,6.616185665130615,0.22150516510009766,0.001081315609255398,0.0010811686515808105,-1.4695767458754866e-07,0.00013592483871288465,-0.6177799701690674,-0.6166988015174866,True,0.04199196770787239,0,1.0,40,40
theta2,T3,batch2_128_255,1,"theta2|batch2_128_255|0,5",0,5,"(0,5)",22,5.850643634796143,6.601061820983887,0.23175625503063202,0.0011474584222742124,0.0011473298072814941,-1.2861499271827302e-07,0.00011209940847175924,-0.6162824034690857,-0.6151350736618042,True,0.04399995878338814,0,1.0,40,40
theta2,T3,batch2_128_255,1,"theta2|batch2_128_255|0,5",0,5,"(0,5)",23,5.733512878417969,6.5869059562683105,0.24133257567882538,0.0012057510775593983,0.0012056827545166016,-6.832304279670923e-08,5.666751269416822e-05,-0.6143026351928711,-0.6130969524383545,True,0.046009235084056854,0,1.0,40,40
theta2,T3,batch2_128_255,1,"theta2|batch2_128_255|0,5",0,5,"(0,5)",24,5.618230819702148,6.569421768188477,0.2513692080974579,0.0012623962214638597,0.0012622475624084473,-1.4865905541240274e-07,0.00011777329569862822,-0.6127222180366516,-0.6114599704742432,True,0.04801668971776962,0,1.0,40,40
theta2,T3,batch2_128_255,1,"theta2|batch2_128_255|0,5",0,5,"(0,5)",25,5.50969123840332,6.548097133636475,0.26187360286712646,0.001310974670741416,0.001310884952545166,-8.9718196250076e-08,6.844093837211454e-05,-0.6123490333557129,-0.6110381484031677,True,0.05001920834183693,0,1.0,40,40
theta2,T3,batch2_128_255,1,"theta2|batch2_128_255|0,5",0,5,"(0,5)",26,5.40641450881958,6.52215051651001,0.272332102060318,0.0013606629176611024,0.0013607144355773926,5.151791629019395e-08,3.7860931686473454e-05,-0.6129127740859985,-0.6115520596504211,True,0.05201531946659088,0,1.0,40,40
theta2,T3,batch2_128_255,1,"theta2|batch2_128_255|0,5",0,5,"(0,5)",27,5.303442001342773,6.497896671295166,0.2824515402317047,0.0014079670689134218,0.0014078021049499512,-1.6496396347065803e-07,0.00011717837534880137,-0.6135614514350891,-0.6121536493301392,True,0.05400221794843674,0,1.0,40,40
theta2,T3,batch2_128_255,1,"theta2|batch2_128_255|0,5",0,5,"(0,5)",28,5.204293251037598,6.471303462982178,0.2925594449043274,0.0014426446997713356,0.0014426708221435547,2.6122372219104448e-08,1.810695261743161e-05,-0.6141635775566101,-0.6127209067344666,True,0.05597623810172081,0,1.0,40,40
theta2,T3,batch2_128_255,1,"theta2|batch2_128_255|0,5",0,5,"(0,5)",29,5.107409477233887,6.439334392547607,0.3028848469257355,0.0014798868551552005,0.0014797449111938477,-1.4194396135282054e-07,9.592461530298569e-05,-0.6166046261787415,-0.6151248812675476,True,0.05793501064181328,0,1.0,40,40
theta2,T3,batch2_128_255,1,"theta2|batch2_128_255|0,5",0,5,"(0,5)",30,5.015292167663574,6.410669803619385,0.31230390071868896,0.001510996228811564,0.001510918140411377,-7.80884001870541e-08,5.1682747131352205e-05,-0.6156114339828491,-0.6141005158424377,True,0.0598750002682209,0,1.0,40,40
theta2,T3,batch2_128_255,1,"theta2|batch2_128_255|0,5",0,5,"(0,5)",31,4.926751136779785,6.377166748046875,0.3220232427120209,0.0015335872765544992,0.00153350830078125,-7.897577324923744e-08,5.1500062444398256e-05,-0.6162809729576111,-0.6147474646568298,True,0.06179410219192505,0,1.0,40,40
theta2,T3,batch2_128_255,1,"theta2|batch2_128_255|0,5",0,5,"(0,5)",32,4.842044353485107,6.3522491455078125,0.33090245723724365,0.0015482147158672889,0.0015482306480407715,1.5932173482629056e-08,1.0290568464582866e-05,-0.6157510876655579,-0.6142028570175171,True,0.06369028240442276,0,1.0,40,40
theta2,T3,batch2_128_255,1,"theta2|batch2_128_255|0,5",0,5,"(0,5)",33,4.760336399078369,6.323634624481201,0.3397991359233856,0.0015583819741641493,0.0015582442283630371,-1.3774580111215393e-07,8.83980820239317e-05,-0.6170629858970642,-0.6155047416687012,True,0.06556102633476257,0,1.0,40,40
theta2,T3,batch2_128_255,1,"theta2|batch2_128_255|0,5",0,5,"(0,5)",34,4.68265438079834,6.2976226806640625,0.3484181761741638,0.001559816906406013,0.0015596747398376465,-1.4216656836658903e-07,9.115142070031075e-05,-0.617322564125061,-0.6157628893852234,True,0.06740403920412064,0,1.0,40,40
theta2,T3,batch2_128_255,1,"theta2|batch2_128_255|0,5",0,5,"(0,5)",35,4.608066558837891,6.273519039154053,0.3569507598876953,0.0015590134960957586,0.0015588998794555664,-1.1361664019218613e-07,7.288257680272953e-05,-0.6166804432868958,-0.6151215434074402,True,0.06921757757663727,0,1.0,40,40
theta2,T3,batch2_128_255,1,"theta2|batch2_128_255|0,5",0,5,"(0,5)",36,4.537354469299316,6.250906467437744,0.36447498202323914,0.0015515757604025566,0.0015514492988586426,-1.264615439140141e-07,8.151187667366784e-05,-0.6158326864242554,-0.6142812371253967,True,0.07100043445825577,0,1.0,40,40
theta2,T3,batch2_128_255,1,"theta2|batch2_128_255|0,5",0,5,"(0,5)",37,4.470388412475586,6.22536039352417,0.37218958139419556,0.0015425343999099824,0.0015424489974975586,-8.540241242384165e-08,5.536806245288952e-05,-0.6146873235702515,-0.6131448745727539,True,0.07275225222110748,0,1.0,40,40
theta2,T3,batch2_128_255,1,"theta2|batch2_128_255|0,5",0,5,"(0,5)",38,4.4072723388671875,6.2033867835998535,0.37956804037094116,0.0015223814569189926,0.0015224218368530273,4.037993403473335e-08,2.652348584161275e-05,-0.6132808923721313,-0.6117584705352783,True,0.07447172701358795,0,1.0,40,40
theta2,T3,batch2_128_255,1,"theta2|batch2_128_255|0,5",0,5,"(0,5)",39,4.347064018249512,6.1810173988342285,0.38657286763191223,0.0015014673885330012,0.001501321792602539,-1.4559593046210156e-07,9.697849666839995e-05,-0.6117585897445679,-0.6102572679519653,True,0.07615822553634644,0,1.0,40,40
theta2,T3,batch2_128_255,1,"theta2|batch2_128_255|0,6",0,6,"(0,6)",0,9.045267105102539,6.752513885498047,0.4294971525669098,0.00234280435659457,0.0023424625396728516,-3.4181692171826247e-07,0.00014592204397257966,-2.7497994899749756,-2.7474570274353027,True,0.0018803481943905354,0,1.0,40,40
theta2,T3,batch2_128_255,1,"theta2|batch2_128_255|0,6",0,6,"(0,6)",1,8.914535522460938,6.728784561157227,0.4192347228527069,0.0022441191605757924,0.0022437572479248047,-3.6191265098770714e-07,0.00016129759639659378,-2.647129774093628,-2.644886016845703,True,0.003779422724619508,0,1.0,40,40
theta2,T3,batch2_128_255,1,"theta2|batch2_128_255|0,6",0,6,"(0,6)",2,8.780092239379883,6.709076404571533,0.4097641408443451,0.0021672216198639943,0.0021669864654541016,-2.351544098927634e-07,0.00010851678754877953,-2.5541770458221436,-2.5520100593566895,True,0.0056994897313416,0,1.0,40,40
theta2,T3,batch2_128_255,1,"theta2|batch2_128_255|0,6",0,6,"(0,6)",3,8.64116382598877,6.697533130645752,0.3992435336112976,0.002095703949336894,0.0020952224731445312,-4.814761923625441e-07,0.00022979716881326673,-2.455960988998413,-2.4538657665252686,True,0.007644085679203272,0,1.0,40,40
theta2,T3,batch2_128_255,1,"theta2|batch2_128_255|0,6",0,6,"(0,6)",4,8.501941680908203,6.689115047454834,0.3890953063964844,0.002030760531430133,0.002030611038208008,-1.4949322212510358e-07,7.361982147847956e-05,-2.3615667819976807,-2.3595361709594727,True,0.009616230614483356,0,1.0,40,40
theta2,T3,batch2_128_255,1,"theta2|batch2_128_255|0,6",0,6,"(0,6)",5,8.35920524597168,6.686395645141602,0.3795986473560333,0.001969581308076158,0.001969575881958008,-5.426118150284043e-09,2.7549678080388525e-06,-2.2745559215545654,-2.2725863456726074,True,0.011615891009569168,0,1.0,40,40
theta2,T3,batch2_128_255,1,"theta2|batch2_128_255|0,6",0,6,"(0,6)",6,8.216769218444824,6.690706253051758,0.3695336580276489,0.0019142384660663083,0.0019137859344482422,-4.525316180661529e-07,0.000236458848359454,-2.188494920730591,-2.1865811347961426,True,0.013647624291479588,0,1.0,40,40
theta2,T3,batch2_128_255,1,"theta2|batch2_128_255|0,6",0,6,"(0,6)",7,8.075193405151367,6.699719429016113,0.3601142168045044,0.0018640473614796064,0.0018634796142578125,-5.67747221793917e-07,0.0003046704763765498,-2.1109883785247803,-2.1091248989105225,True,0.015712222084403038,0,1.0,40,40
theta2,T3,batch2_128_255,1,"theta2|batch2_128_255|0,6",0,6,"(0,6)",8,7.93206787109375,6.714972496032715,0.35151100158691406,0.0018202346389298329,0.0018200874328613281,-1.472060685047457e-07,8.087856981316858e-05,-2.044687271118164,-2.0428671836853027,True,0.01781301014125347,0,1.0,40,40
theta2,T3,batch2_128_255,1,"theta2|batch2_128_255|0,6",0,6,"(0,6)",9,7.791689395904541,6.733314037322998,0.34439125657081604,0.0017750365685205906,0.0017750263214111328,-1.0247109457836578e-08,5.772933806237984e-06,-1.9919523000717163,-1.9901772737503052,True,0.019950080662965775,0,1.0,40,40
theta2,T3,batch2_128_255,1,"theta2|batch2_128_255|0,6",0,6,"(0,6)",10,7.652722358703613,6.755410194396973,0.3382369577884674,0.001727961624506861,0.0017279386520385742,-2.2972468286799538e-08,1.3294724473983643e-05,-1.950606346130371,-1.9488784074783325,True,0.02212429977953434,0,1.0,40,40
theta2,T3,batch2_128_255,1,"theta2|batch2_128_255|0,6",0,6,"(0,6)",11,7.519678115844727,6.779108047485352,0.33241671323776245,0.0016732056009350345,0.0016733407974243164,1.3519648928194197e-07,8.079435431804607e-05,-1.9131836891174316,-1.9115103483200073,True,0.024335892871022224,0,1.0,40,40
theta2,T3,batch2_128_255,1,"theta2|batch2_128_255|0,6",0,6,"(0,6)",12,7.38713264465332,6.806715965270996,0.3276451826095581,0.001607884492550511,0.0016077756881713867,-1.088043791242551e-07,6.767385520551341e-05,-1.8872487545013428,-1.8856409788131714,True,0.02658572420477867,0,1.0,40,40
theta2,T3,batch2_128_255,1,"theta2|batch2_128_255|0,6",0,6,"(0,6)",13,7.257821083068848,6.83624267578125,0.3240925967693329,0.001551050379232038,0.0015510320663452148,-1.831288682307107e-08,1.180690407402264e-05,-1.8754558563232422,-1.873904824256897,True,0.028876887634396553,0,1.0,40,40
theta2,T3,batch2_128_255,1,"theta2|batch2_128_255|0,6",0,6,"(0,6)",14,7.131464958190918,6.8734235763549805,0.321296364068985,0.0014749598324706314,0.001474618911743164,-3.4092072746729103e-07,0.00023119242860128838,-1.8752498626708984,-1.8737752437591553,True,0.031209975481033325,0,1.0,40,40
theta2,T3,batch2_128_255,1,"theta2|batch2_128_255|0,6",0,6,"(0,6)",15,7.009243965148926,6.9007110595703125,0.32091671228408813,0.001400804595614318,0.0014008283615112305,2.3765896912551418e-08,1.6965602328976607e-05,-1.8958197832107544,-1.8944189548492432,True,0.03358740732073784,0,1.0,40,40
theta2,T3,batch2_128_255,1,"theta2|batch2_128_255|0,6",0,6,"(0,6)",16,6.88911771774292,6.940192222595215,0.3201519846916199,0.001308997862302931,0.0013089179992675781,-7.98630353528694e-08,6.101454437753762e-05,-1.917880892753601,-1.9165719747543335,True,0.03601079806685448,0,1.0,40,40
theta2,T3,batch2_128_255,1,"theta2|batch2_128_255|0,6",0,6,"(0,6)",17,6.774823188781738,6.980588436126709,0.32041871547698975,0.001215287111030193,0.0012151002883911133,-1.868226390797957e-07,0.00015375079807376503,-1.9507125616073608,-1.9494974613189697,True,0.03848082944750786,0,1.0,40,40
theta2,T3,batch2_128_255,1,"theta2|batch2_128_255|0,6",0,6,"(0,6)",18,6.665657997131348,7.019188404083252,0.32184097170829773,0.0011198168224727852,0.0011199712753295898,1.5445285680461274e-07,0.00013790787335966247,-1.9979594945907593,-1.9968395233154297,True,0.04099884629249573,0,1.0,40,40
theta2,T3,batch2_128_255,1,"theta2|batch2_128_255|0,6",0,6,"(0,6)",19,6.557371616363525,7.060276508331299,0.3233165144920349,0.0010170907687934232,0.0010170936584472656,2.889653842380255e-09,2.8410892334062052e-06,-2.0493886470794678,-2.0483715534210205,True,0.043565474450588226,0,1.0,40,40
theta2,T3,batch2_128_255,1,"theta2|batch2_128_255|0,6",0,6,"(0,6)",20,6.451920509338379,7.104715347290039,0.3253127932548523,0.0009035159695631592,0.0009036064147949219,9.044523176270688e-08,0.0001000936140800128,-2.1060681343078613,-2.1051645278930664,True,0.04618055373430252,0,1.0,40,40
theta2,T3,batch2_128_255,1,"theta2|batch2_128_255|0,6",0,6,"(0,6)",21,6.3475799560546875,7.149074554443359,0.32736173272132874,0.0007804878015595023,0.0007805824279785156,9.462641901330279e-08,0.00012122540249638727,-2.167064905166626,-2.1662843227386475,True,0.04884285852313042,0,1.0,40,40
theta2,T3,batch2_128_255,1,"theta2|batch2_128_255|0,6",0,6,"(0,6)",22,6.245163440704346,7.203879356384277,0.32920408248901367,0.0006454096861707513,0.0006453990936279297,-1.0592542821607348e-08,1.641239184589545e-05,-2.232219934463501,-2.231574535369873,True,0.051550012081861496,0,1.0,40,40
theta2,T3,batch2_128_255,1,"theta2|batch2_128_255|0,6",0,6,"(0,6)",23,6.144202709197998,7.2577314376831055,0.331587016582489,0.0005115165428032924,0.0005114078521728516,-1.0869063044082264e-07,0.00021253218928692967,-2.305274486541748,-2.304763078689575,True,0.05430028587579727,0,1.0,40,40
theta2,T3,batch2_128_255,1,"theta2|batch2_128_255|0,6",0,6,"(0,6)",24,6.044548988342285,7.314304351806641,0.3347318768501282,0.0003634411234615982,0.00036334991455078125,-9.120891081694591e-08,0.0002510222437501047,-2.3884856700897217,-2.388122320175171,True,0.05708989500999451,0,1.0,40,40
theta2,T3,batch2_128_255,1,"theta2|batch2_128_255|0,6",0,6,"(0,6)",25,5.946445465087891,7.369330883026123,0.33773526549339294,0.00020721179619977192,0.0002067089080810547,-5.028881187172296e-07,0.002432832350505364,-2.469345808029175,-2.4691390991210938,True,0.05991595983505249,0,1.0,40,40
theta2,T3,batch2_128_255,1,"theta2|batch2_128_255|0,6",0,6,"(0,6)",26,5.850083827972412,7.430817127227783,0.341280996799469,2.7245494258750116e-05,2.7418136596679688e-05,1.7264233792957165e-07,0.006296647378672644,-2.5592455863952637,-2.559218168258667,True,0.06277493387460709,0,1.0,40,40
theta2,T3,batch2_128_255,1,"theta2|batch2_128_255|0,6",0,6,"(0,6)",27,5.756230354309082,7.491325855255127,0.34550756216049194,-0.0001411771616221813,-0.00014138221740722656,-2.0505578504525948e-07,0.0014503647545336797,-2.6566035747528076,-2.656744956970215,False,0.06566299498081207,0,1.0,40,40
theta2,T3,batch2_128_255,1,"theta2|batch2_128_255|0,6",0,6,"(0,6)",28,5.662193298339844,7.552417755126953,0.3499777019023895,-0.0003161567201104845,-0.00031638145446777344,-2.247343572889574e-07,0.0007103272145550137,-2.7604432106018066,-2.7607595920562744,False,0.06857507675886154,0,1.0,40,40
theta2,T3,batch2_128_255,1,"theta2|batch2_128_255|0,6",0,6,"(0,6)",29,5.57161283493042,7.617796897888184,0.35547444224357605,-0.0005048599054020997,-0.0005049705505371094,-1.1064513500964705e-07,0.0002191120549346094,-2.882730007171631,-2.883234977722168,False,0.07150711119174957,0,1.0,40,40
theta2,T3,batch2_128_255,1,"theta2|batch2_128_255|0,6",0,6,"(0,6)",30,5.481411933898926,7.681718826293945,0.36024385690689087,-0.000701374809936226,-0.0007016658782958984,-2.910683596724431e-07,0.0004148247316505494,-2.9958415031433105,-2.9965431690216064,False,0.07445330917835236,0,1.0,40,40
theta2,T3,batch2_128_255,1,"theta2|batch2_128_255|0,6",0,6,"(0,6)",31,5.3926801681518555,7.742254257202148,0.364501953125,-0.0008902503674374884,-0.0008904933929443359,-2.4302550684753357e-07,0.00027291107241569944,-3.1031382083892822,-3.1040287017822266,False,0.07740955054759979,0,1.0,40,40
theta2,T3,batch2_128_255,1,"theta2|batch2_128_255|0,6",0,6,"(0,6)",32,5.30622673034668,7.805360794067383,0.369080513715744,-0.001081902298736395,-0.0010819435119628906,-4.121322649559139e-08,3.809184679227963e-05,-3.2138564586639404,-3.2149384021759033,False,0.08037103712558746,0,1.0,40,40
theta2,T3,batch2_128_255,1,"theta2|batch2_128_255|0,6",0,6,"(0,6)",33,5.222253799438477,7.866942405700684,0.37357425689697266,-0.0012774823853942507,-0.0012776851654052734,-2.0278001102271362e-07,0.00015870890303276952,-3.32757568359375,-3.3288533687591553,False,0.08333373814821243,0,1.0,40,40
theta2,T3,batch2_128_255,1,"theta2|batch2_128_255|0,6",0,6,"(0,6)",34,5.140399932861328,7.930664539337158,0.37762606143951416,-0.0014671081074466201,-0.0014677047729492188,-5.966655025986187e-07,0.00040652964655805664,-3.438230276107788,-3.4396979808807373,False,0.0862933024764061,0,1.0,40,40
theta2,T3,batch2_128_255,1,"theta2|batch2_128_255|0,6",0,6,"(0,6)",35,5.060172080993652,7.993484020233154,0.3820952773094177,-0.0016502560658202584,-0.0016505718231201172,-3.15757299858754e-07,0.00019130176308345678,-3.554271697998047,-3.555922269821167,False,0.08924537152051926,0,1.0,40,40
theta2,T3,batch2_128_255,1,"theta2|batch2_128_255|0,6",0,6,"(0,6)",36,4.982652187347412,8.059819221496582,0.38641929626464844,-0.0018326678545095092,-0.0018336772918701172,-1.0094373606079655e-06,0.0005504989155308064,-3.670793056488037,-3.6726267337799072,False,0.09218555688858032,0,1.0,40,40
theta2,T3,batch2_128_255,1,"theta2|batch2_128_255|0,6",0,6,"(0,6)",37,4.908339500427246,8.123549461364746,0.39052799344062805,-0.0019987466843781475,-0.0019991397857666016,-3.931013884540639e-07,0.0001966352684553887,-3.7826662063598633,-3.78466534614563,False,0.0951104462146759,0,1.0,40,40
theta2,T3,batch2_128_255,1,"theta2|batch2_128_255|0,6",0,6,"(0,6)",38,4.8354387283325195,8.190150260925293,0.39484062790870667,-0.002168230566940565,-0.0021696090698242188,-1.3785028836537858e-06,0.0006353692482330338,-3.9001893997192383,-3.9023590087890625,False,0.0980156734585762,0,1.0,40,40
theta2,T3,batch2_128_255,1,"theta2|batch2_128_255|0,6",0,6,"(0,6)",39,4.764747142791748,8.25069522857666,0.3978349268436432,-0.002295746772607117,-0.002296924591064453,-1.1778184573359683e-06,0.0005127806380400749,-4.00070858001709,-4.003005504608154,False,0.1008966863155365,0,1.0,40,40
theta2,T3,batch2_128_255,1,"theta2|batch2_128_255|0,7",0,7,"(0,7)",0,9.120197296142578,6.752513885498047,0.2515484392642975,0.0014137740861624479,0.0014138221740722656,4.8087909817768476e-08,3.401270025300263e-05,-1.8592010736465454,-1.8577872514724731,True,0.001888287952169776,1,0.9999530945847442,40,40
theta2,T3,batch2_128_255,1,"theta2|batch2_128_255|0,7",0,7,"(0,7)",1,8.995284080505371,6.748507499694824,0.2524397075176239,0.0013941647601313889,0.0013933181762695312,-8.465838618576093e-07,0.0006076026827728984,-1.8477357625961304,-1.8463424444198608,True,0.0037810434587299824,1,0.9999530945847442,40,40
theta2,T3,batch2_128_255,1,"theta2|batch2_128_255|0,7",0,7,"(0,7)",2,8.868915557861328,6.749599456787109,0.25327348709106445,0.0013799634024035186,0.001379847526550293,-1.158758532256339e-07,8.397728806698734e-05,-1.8381456136703491,-1.8367657661437988,True,0.005680378060787916,1,0.9999530945847442,40,40
theta2,T3,batch2_128_255,1,"theta2|batch2_128_255|0,7",0,7,"(0,7)",3,8.741719245910645,6.75473690032959,0.2546781599521637,0.0013707989358808846,0.0013707876205444336,-1.131533645102635e-08,8.25462404346215e-06,-1.8332149982452393,-1.8318442106246948,True,0.007586158346384764,1,0.9999530945847442,40,40
theta2,T3,batch2_128_255,1,"theta2|batch2_128_255|0,7",0,7,"(0,7)",4,8.610542297363281,6.764095783233643,0.2556716203689575,0.0013653970997547732,0.0013649463653564453,-4.5073439832788754e-07,0.00033022132573698725,-1.8254437446594238,-1.8240787982940674,True,0.009499278850853443,1,0.9999530945847442,40,40
theta2,T3,batch2_128_255,1,"theta2|batch2_128_255|0,7",0,7,"(0,7)",5,8.477725982666016,6.779335975646973,0.2574978470802307,0.0013678606112953275,0.001367807388305664,-5.322298966348518e-08,3.891117281462691e-05,-1.824620008468628,-1.8232522010803223,True,0.011419926770031452,1,0.9999530945847442,40,40
theta2,T3,batch2_128_255,1,"theta2|batch2_128_255|0,7",0,7,"(0,7)",6,8.34213924407959,6.797075271606445,0.2593332529067993,0.0013713856937829405,0.0013713836669921875,-2.0267907530242824e-09,1.4779166485696732e-06,-1.8254239559173584,-1.8240525722503662,True,0.013348461128771305,1,0.9999530945847442,40,40
theta2,T3,batch2_128_255,1,"theta2|batch2_128_255|0,7",0,7,"(0,7)",7,8.202402114868164,6.8212761878967285,0.26239702105522156,0.0013741523943608628,0.001373887062072754,-2.6533228810886496e-07,0.00019312525420289194,-1.836800456047058,-1.8354265689849854,True,0.015283022075891495,1,0.9999530945847442,40,40
theta2,T3,batch2_128_255,1,"theta2|batch2_128_255|0,7",0,7,"(0,7)",8,8.063653945922852,6.847817897796631,0.2652994990348816,0.0013867656509391963,0.0013867616653442383,-3.985594958016633e-09,2.8740302372198053e-06,-1.8492069244384766,-1.8478201627731323,True,0.01722698286175728,1,0.9999530945847442,40,40
theta2,T3,batch2_128_255,1,"theta2|batch2_128_255|0,7",0,7,"(0,7)",9,7.92419958114624,6.879100799560547,0.26892104744911194,0.0014060101254144684,0.001405954360961914,-5.576445255431675e-08,3.966306026901492e-05,-1.869710087776184,-1.8683041334152222,True,0.019181309267878532,1,0.9999530945847442,40,40
theta2,T3,batch2_128_255,1,"theta2|batch2_128_255|0,7",0,7,"(0,7)",10,7.786114692687988,6.90542459487915,0.273531436920166,0.0014228895948035644,0.0014225244522094727,-3.6514259409170004e-07,0.0002566863392221895,-1.8989603519439697,-1.8975378274917603,True,0.021146738901734352,1,0.9999530945847442,40,40
theta2,T3,batch2_128_255,1,"theta2|batch2_128_255|0,7",0,7,"(0,7)",11,7.653212547302246,6.948038101196289,0.27742671966552734,0.0014343975682277234,0.0014345645904541016,1.670222263782089e-07,0.00011642712185258884,-1.9286001920700073,-1.9271656274795532,True,0.0231245718896389,1,0.9999530945847442,40,40
theta2,T3,batch2_128_255,1,"theta2|batch2_128_255|0,7",0,7,"(0,7)",12,7.521920204162598,6.990825176239014,0.2824243903160095,0.0014444894634361846,0.0014448165893554688,3.271259192841672e-07,0.0002264134573856864,-1.9698058366775513,-1.9683610200881958,True,0.025116486474871635,1,0.9999530945847442,40,40
theta2,T3,batch2_128_255,1,"theta2|batch2_128_255|0,7",0,7,"(0,7)",13,7.3917107582092285,7.035904884338379,0.2866422235965729,0.001454045089543797,0.0014536380767822266,-4.0701276157045774e-07,0.0002799959412671834,-2.0081400871276855,-2.0066864490509033,True,0.027125684544444084,1,0.9999530945847442,40,40
theta2,T3,batch2_128_255,1,"theta2|batch2_128_255|0,7",0,7,"(0,7)",14,7.265813827514648,7.081287384033203,0.2913854420185089,0.0014534939222212416,0.0014531612396240234,-3.326825972181386e-07,0.00022893715311606688,-2.0552825927734375,-2.0538294315338135,True,0.029154162853956223,1,0.9999530945847442,40,40
theta2,T3,batch2_128_255,1,"theta2|batch2_128_255|0,7",0,7,"(0,7)",15,7.142609119415283,7.127285003662109,0.2957795262336731,0.0014510983484215102,0.0014510154724121094,-8.287600940085939e-08,5.7115868835698676e-05,-2.10274338722229,-2.101292371749878,True,0.031205488368868828,1,0.9999530945847442,40,40
theta2,T3,batch2_128_255,1,"theta2|batch2_128_255|0,7",0,7,"(0,7)",16,7.019493579864502,7.176543712615967,0.30080702900886536,0.0014556932211853564,0.0014553070068359375,-3.8621434941886294e-07,0.0002653834191718438,-2.162597894668579,-2.161142587661743,True,0.03328288719058037,1,0.9999530945847442,40,40
theta2,T3,batch2_128_255,1,"theta2|batch2_128_255|0,7",0,7,"(0,7)",17,6.901000499725342,7.223758697509766,0.30609598755836487,0.0014578377554717008,0.0014576911926269531,-1.4656284474771908e-07,0.00010054450866482453,-2.2278225421905518,-2.226364850997925,True,0.035390812903642654,1,0.9999530945847442,40,40
theta2,T3,batch2_128_255,1,"theta2|batch2_128_255|0,7",0,7,"(0,7)",18,6.784381866455078,7.275428295135498,0.3110288381576538,0.0014474931428121636,0.0014472007751464844,-2.9236766567919577e-07,0.0002020228780278276,-2.293339729309082,-2.2918925285339355,True,0.03753054141998291,1,0.9999530945847442,40,40
theta2,T3,batch2_128_255,1,"theta2|batch2_128_255|0,7",0,7,"(0,7)",19,6.6723809242248535,7.331623077392578,0.31571856141090393,0.0014449735848320415,0.0014448165893554688,-1.5699547657277262e-07,0.0001086611807543047,-2.3603017330169678,-2.3588569164276123,True,0.03970607742667198,1,0.9999530945847442,40,40
theta2,T3,batch2_128_255,1,"theta2|batch2_128_255|0,7",0,7,"(0,7)",20,6.564892768859863,7.385138511657715,0.3199075162410736,0.0014415854091348592,0.0014414787292480469,-1.0667988681236501e-07,7.400725702557886e-05,-2.427602767944336,-2.426161289215088,True,0.04191954806447029,1,0.9999530945847442,40,40
theta2,T3,batch2_128_255,1,"theta2|batch2_128_255|0,7",0,7,"(0,7)",21,6.4601945877075195,7.438074588775635,0.3237999677658081,0.0014234255863193538,0.0014233589172363281,-6.6669083025701e-08,4.683926325142878e-05,-2.4908664226531982,-2.489443063735962,True,0.04417112097144127,1,0.9999530945847442,40,40
theta2,T3,batch2_128_255,1,"theta2|batch2_128_255|0,7",0,7,"(0,7)",22,6.355612754821777,7.4943437576293945,0.3268722593784332,0.0014051416188449366,0.0014042854309082031,-8.561879367334838e-07,0.0006096965174521219,-2.551603317260742,-2.550199031829834,True,0.04646146297454834,1,0.9999530945847442,40,40
theta2,T3,batch2_128_255,1,"theta2|batch2_128_255|0,7",0,7,"(0,7)",23,6.256965637207031,7.548659801483154,0.33045345544815063,0.0013871993739594474,0.001386880874633789,-3.184993256583144e-07,0.00022965153783839964,-2.614309310913086,-2.612922430038452,True,0.048790011554956436,1,0.9999530945847442,40,40
theta2,T3,batch2_128_255,1,"theta2|batch2_128_255|0,7",0,7,"(0,7)",24,6.157018661499023,7.605441093444824,0.3342849016189575,0.001367118961778033,0.0013663768768310547,-7.420849469782446e-07,0.000543104146126442,-2.6821067333221436,-2.6807403564453125,True,0.05115627497434616,1,0.9999530945847442,40,40
theta2,T3,batch2_128_255,1,"theta2|batch2_128_255|0,7",0,7,"(0,7)",25,6.058756351470947,7.656219005584717,0.3383673131465912,0.001339022424625,0.0013387203216552734,-3.0210296972647994e-07,0.00022566548429842453,-2.7516303062438965,-2.750291585922241,True,0.05355694517493248,1,0.9999530945847442,40,40
theta2,T3,batch2_128_255,1,"theta2|batch2_128_255|0,7",0,7,"(0,7)",26,5.959592819213867,7.707217216491699,0.3424595594406128,0.0013216785932781932,0.0013210773468017578,-6.01246476435429e-07,0.0004551183001442024,-2.8227076530456543,-2.8213865756988525,True,0.05599020794034004,1,0.9999530945847442,40,40
theta2,T3,batch2_128_255,1,"theta2|batch2_128_255|0,7",0,7,"(0,7)",27,5.859866142272949,7.757309436798096,0.3460754454135895,0.0012977688756873249,0.0012979507446289062,1.8186894158137186e-07,0.0001401200641349218,-2.888286590576172,-2.886988639831543,True,0.058453481644392014,1,0.9999530945847442,40,40
theta2,T3,batch2_128_255,1,"theta2|batch2_128_255|0,7",0,7,"(0,7)",28,5.762847423553467,7.807668209075928,0.3497050404548645,0.0012710276916222938,0.0012705326080322266,-4.950835900672558e-07,0.00038966618167638416,-2.9558284282684326,-2.9545578956604004,True,0.06094404309988022,1,0.9999530945847442,40,40
theta2,T3,batch2_128_255,1,"theta2|batch2_128_255|0,7",0,7,"(0,7)",29,5.664435386657715,7.85617208480835,0.35309135913848877,0.00126169628723801,0.0012619495391845703,2.532519465603747e-07,0.0002006831007870708,-3.020998954772949,-3.0197370052337646,True,0.06345758587121964,1,0.9999530945847442,40,40
theta2,T3,batch2_128_255,1,"theta2|batch2_128_255|0,7",0,7,"(0,7)",30,5.568978309631348,7.8994903564453125,0.3560425639152527,0.0012449248035864002,0.001245260238647461,3.354350610607071e-07,0.0002693694463617017,-3.0825374126434326,-3.081292152404785,True,0.06599005311727524,1,0.9999530945847442,40,40
theta2,T3,batch2_128_255,1,"theta2|batch2_128_255|0,7",0,7,"(0,7)",31,5.475207328796387,7.944582939147949,0.35882532596588135,0.0012256032561053871,0.0012252330780029297,-3.701781024574493e-07,0.0003021287207335453,-3.1417806148529053,-3.1405553817749023,True,0.06853626668453217,1,0.9999530945847442,40,40
theta2,T3,batch2_128_255,1,"theta2|batch2_128_255|0,7",0,7,"(0,7)",32,5.383966445922852,7.987075328826904,0.3618147075176239,0.001205970075345249,0.0012049674987792969,-1.0025765659520472e-06,0.0008320361893310121,-3.1990044116973877,-3.1977994441986084,True,0.07109197974205017,1,0.9999530945847442,40,40
theta2,T3,batch2_128_255,1,"theta2|batch2_128_255|0,7",0,7,"(0,7)",33,5.293047904968262,8.029057502746582,0.36446210741996765,0.0011810398277721107,0.0011811256408691406,8.58130970299558e-08,7.265365686821393e-05,-3.2560629844665527,-3.2548818588256836,True,0.07365184277296066,1,0.9999530945847442,40,40
theta2,T3,batch2_128_255,1,"theta2|batch2_128_255|0,7",0,7,"(0,7)",34,5.204689979553223,8.068596839904785,0.366920530796051,0.0011588114747155488,0.001157999038696289,-8.124360192597515e-07,0.0007015860912755307,-3.306813955307007,-3.3056559562683105,True,0.07621096819639206,1,0.9999530945847442,40,40
theta2,T3,batch2_128_255,1,"theta2|batch2_128_255|0,7",0,7,"(0,7)",35,5.118860244750977,8.105674743652344,0.3691101670265198,0.0011338543703841423,0.0011327266693115234,-1.1277010726188676e-06,0.0009955632750346468,-3.3552727699279785,-3.354140043258667,True,0.07876510173082352,1,0.9999530945847442,40,40
theta2,T3,batch2_128_255,1,"theta2|batch2_128_255|0,7",0,7,"(0,7)",36,5.034938335418701,8.142815589904785,0.37138694524765015,0.0011066334629467748,0.0011055469512939453,-1.0865116528294486e-06,0.0009827820080891023,-3.4032773971557617,-3.4021718502044678,True,0.08130943775177002,1,0.9999530945847442,40,40
theta2,T3,batch2_128_255,1,"theta2|batch2_128_255|0,7",0,7,"(0,7)",37,4.953413963317871,8.177644729614258,0.37356632947921753,0.0010738052953565785,0.0010728836059570312,-9.216893995472961e-07,0.0008590767856175161,-3.449791193008423,-3.448718309402466,True,0.08383911103010178,1,0.9999530945847442,40,40
theta2,T3,batch2_128_255,1,"theta2|batch2_128_255|0,7",0,7,"(0,7)",38,4.873656749725342,8.21109390258789,0.3756314516067505,0.001041858797560053,0.0010411739349365234,-6.848626235296095e-07,0.0006577792629541414,-3.494722366333008,-3.4936811923980713,True,0.08634989708662033,1,0.9999530945847442,40,40
theta2,T3,batch2_128_255,1,"theta2|batch2_128_255|0,7",0,7,"(0,7)",39,4.796450138092041,8.243250846862793,0.37741827964782715,0.0010101450008201027,0.001009225845336914,-9.191554831886571e-07,0.0009107530167163046,-3.5366122722625732,-3.5356030464172363,True,0.08883810043334961,1,0.9999530945847442,40,40
theta2,T3,batch2_128_255,1,"theta2|batch2_128_255|1,2",1,2,"(1,2)",0,9.077547073364258,6.752513885498047,0.1271960437297821,0.0006807452490320429,0.0006806254386901855,-1.198103418573399e-07,0.00017602977356812616,-0.7620522975921631,-0.7613716721534729,True,0.0020565702579915524,0,1.0,40,40
theta2,T3,batch2_128_255,1,"theta2|batch2_128_255|1,2",1,2,"(1,2)",1,8.896854400634766,6.7445244789123535,0.13155074417591095,0.0006840599123388529,0.0006838440895080566,-2.1582283079625304e-07,0.00031560239257388557,-0.7706853747367859,-0.7700015306472778,True,0.004086471628397703,0,1.0,40,40
theta2,T3,batch2_128_255,1,"theta2|batch2_128_255|1,2",1,2,"(1,2)",2,8.719006538391113,6.740231037139893,0.13614380359649658,0.0006876748332870193,0.0006874203681945801,-2.544650924392669e-07,0.0003701739200826799,-0.7799749374389648,-0.7792875170707703,True,0.006094157695770264,0,1.0,40,40
theta2,T3,batch2_128_255,1,"theta2|batch2_128_255|1,2",1,2,"(1,2)",3,8.538125991821289,6.737761497497559,0.1413709670305252,0.0006975367218255997,0.0006974935531616211,-4.316866397864345e-08,6.18911297215109e-05,-0.7910662889480591,-0.7903687953948975,True,0.008081967942416668,0,1.0,40,40
theta2,T3,batch2_128_255,1,"theta2|batch2_128_255|1,2",1,2,"(1,2)",4,8.358049392700195,6.740102291107178,0.14693541824817657,0.0006971989638404921,0.0006972551345825195,5.6170742027410354e-08,8.05598112390273e-05,-0.797034740447998,-0.7963374853134155,True,0.010050476528704166,0,1.0,40,40
theta2,T3,batch2_128_255,1,"theta2|batch2_128_255|1,2",1,2,"(1,2)",5,8.177330017089844,6.750437259674072,0.15221548080444336,0.0007031229338608682,0.000702977180480957,-1.4575337991119645e-07,0.00020733728484824518,-0.8021263480186462,-0.8014233708381653,True,0.011999917216598988,0,1.0,40,40
theta2,T3,batch2_128_255,1,"theta2|batch2_128_255|1,2",1,2,"(1,2)",6,7.99612283706665,6.762172222137451,0.15830998122692108,0.0007171436921926215,0.0007169246673583984,-2.1902483422308987e-07,0.0003055060652747731,-0.8079692721366882,-0.8072523474693298,True,0.013933361507952213,0,1.0,40,40
theta2,T3,batch2_128_255,1,"theta2|batch2_128_255|1,2",1,2,"(1,2)",7,7.814697742462158,6.794871807098389,0.1644476056098938,0.0007321845616679639,0.0007320642471313477,-1.203145366162001e-07,0.00016434969620175038,-0.8092206120491028,-0.8084885478019714,True,0.015852592885494232,0,1.0,40,40
theta2,T3,batch2_128_255,1,"theta2|batch2_128_255|1,2",1,2,"(1,2)",8,7.634226322174072,6.8320746421813965,0.17095664143562317,0.0007506752966437489,0.0007505416870117188,-1.3360963203011295e-07,0.00017801760294232239,-0.8108280897140503,-0.8100775480270386,True,0.01775766909122467,0,1.0,40,40
theta2,T3,batch2_128_255,1,"theta2|batch2_128_255|1,2",1,2,"(1,2)",9,7.455954551696777,6.871664047241211,0.17791621387004852,0.0007595760654658079,0.0007594823837280273,-9.368173778054063e-08,0.00012334945455968379,-0.8089064955711365,-0.8081470131874084,True,0.01964467577636242,0,1.0,40,40
theta2,T3,batch2_128_255,1,"theta2|batch2_128_255|1,2",1,2,"(1,2)",10,7.281493186950684,6.925429344177246,0.1851651817560196,0.0007735372640891001,0.0007734298706054688,-1.0739348363137009e-07,0.0001388535505453114,-0.8050841093063354,-0.80431067943573,True,0.021516824141144753,0,1.0,40,40
theta2,T3,batch2_128_255,1,"theta2|batch2_128_255|1,2",1,2,"(1,2)",11,7.10935640335083,6.9890642166137695,0.192564457654953,0.0007848130303900689,0.000784754753112793,-5.82772772759468e-08,7.42617703744836e-05,-0.7958576083183289,-0.7950728535652161,True,0.023373384028673172,0,1.0,40,40
theta2,T3,batch2_128_255,1,"theta2|batch2_128_255|1,2",1,2,"(1,2)",12,6.944711685180664,7.060454368591309,0.2003479152917862,0.0007892643358791247,0.000789344310760498,7.997488137337881e-08,0.00010131811971423039,-0.7833897471427917,-0.7826004028320312,True,0.02521457150578499,0,1.0,40,40
theta2,T3,batch2_128_255,1,"theta2|batch2_128_255|1,2",1,2,"(1,2)",13,6.783774375915527,7.138443470001221,0.20880569517612457,0.0007910633927676827,0.000791013240814209,-5.015195347370365e-08,6.340216684878883e-05,-0.7699552178382874,-0.7691642045974731,True,0.02704007737338543,0,1.0,40,40
theta2,T3,batch2_128_255,1,"theta2|batch2_128_255|1,2",1,2,"(1,2)",14,6.623699188232422,7.2221856117248535,0.21670003235340118,0.0007828284981660545,0.0007827877998352051,-4.069833084939783e-08,5.199152421379813e-05,-0.7480209469795227,-0.7472381591796875,True,0.028849469497799873,0,1.0,40,40
theta2,T3,batch2_128_255,1,"theta2|batch2_128_255|1,2",1,2,"(1,2)",15,6.478533744812012,7.310545921325684,0.22431305050849915,0.0007698053225758486,0.0007699131965637207,1.0787398787215005e-07,0.00014011188320139676,-0.7256443500518799,-0.7248744368553162,True,0.030646318569779396,0,1.0,40,40
theta2,T3,batch2_128_255,1,"theta2|batch2_128_255|1,2",1,2,"(1,2)",16,6.33735990524292,7.404070854187012,0.23185481131076813,0.0007461167147848755,0.0007459521293640137,-1.6458542086183244e-07,0.00022063804684377698,-0.7028042078018188,-0.7020582556724548,True,0.032429639250040054,0,1.0,40,40
theta2,T3,batch2_128_255,1,"theta2|batch2_128_255|1,2",1,2,"(1,2)",17,6.205597877502441,7.49983549118042,0.23943491280078888,0.0007290833737934008,0.0007290244102478027,-5.896354559806454e-08,8.088007036420391e-05,-0.6790366768836975,-0.6783076524734497,True,0.034204911440610886,0,1.0,40,40
theta2,T3,batch2_128_255,1,"theta2|batch2_128_255|1,2",1,2,"(1,2)",18,6.0808539390563965,7.599320888519287,0.24688082933425903,0.0007104680080665276,0.0007104873657226562,1.9357656128645567e-08,2.7245602191611617e-05,-0.6584606766700745,-0.6577501893043518,True,0.03597329929471016,0,1.0,40,40
theta2,T3,batch2_128_255,1,"theta2|batch2_128_255|1,2",1,2,"(1,2)",19,5.961210250854492,7.700104236602783,0.2539426386356354,0.0006911703363293782,0.0006909966468811035,-1.7368944827463473e-07,0.00025136076862109673,-0.6379037499427795,-0.6372127532958984,True,0.03773565590381622,0,1.0,40,40
theta2,T3,batch2_128_255,1,"theta2|batch2_128_255|1,2",1,2,"(1,2)",20,5.845991134643555,7.8056769371032715,0.2606586217880249,0.0006719887856015703,0.0006718039512634277,-1.8483433814259816e-07,0.00027513136502842764,-0.6176674962043762,-0.6169956922531128,True,0.03949213773012161,0,1.0,40,40
theta2,T3,batch2_128_255,1,"theta2|batch2_128_255|1,2",1,2,"(1,2)",21,5.736230850219727,7.912377834320068,0.26720741391181946,0.0006524516073986888,0.0006524920463562012,4.043895751235354e-08,6.197616927008112e-05,-0.5987988114356995,-0.5981463193893433,True,0.041242849081754684,0,1.0,40,40
theta2,T3,batch2_128_255,1,"theta2|batch2_128_255|1,2",1,2,"(1,2)",22,5.629846572875977,8.023842811584473,0.27311068773269653,0.000633092670206679,0.0006330609321594238,-3.173804725520139e-08,5.013426929843903e-05,-0.579950213432312,-0.5793171525001526,True,0.042987216264009476,0,1.0,40,40
theta2,T3,batch2_128_255,1,"theta2|batch2_128_255|1,2",1,2,"(1,2)",23,5.5284810066223145,8.129560470581055,0.27866458892822266,0.0006040396093740128,0.0006039142608642578,-1.2534850975503414e-07,0.00020756010890626874,-0.5603302717208862,-0.559726357460022,True,0.04472360387444496,0,1.0,40,40
theta2,T3,batch2_128_255,1,"theta2|batch2_128_255|1,2",1,2,"(1,2)",24,5.430736541748047,8.234868049621582,0.28387632966041565,0.0005880111256847158,0.0005879998207092285,-1.1304975487311762e-08,1.922615465031269e-05,-0.5425091981887817,-0.5419211983680725,True,0.046452444046735764,0,1.0,40,40
theta2,T3,batch2_128_255,1,"theta2|batch2_128_255|1,2",1,2,"(1,2)",25,5.337225914001465,8.340710639953613,0.28930896520614624,0.0005771257998421789,0.0005771517753601074,2.5975517928549137e-08,4.500639006497381e-05,-0.5259247422218323,-0.5253475904464722,True,0.04817346855998039,0,1.0,40,40
theta2,T3,batch2_128_255,1,"theta2|batch2_128_255|1,2",1,2,"(1,2)",26,5.246583938598633,8.442680358886719,0.2943580746650696,0.0005648147598840297,0.0005647540092468262,-6.075063720351395e-08,0.00010757008575208333,-0.5107887387275696,-0.5102239847183228,True,0.049884483218193054,0,1.0,40,40
theta2,T3,batch2_128_255,1,"theta2|batch2_128_255|1,2",1,2,"(1,2)",27,5.159471035003662,8.542795181274414,0.298589289188385,0.0005513257056591101,0.0005512237548828125,-1.0195077629760862e-07,0.00018495352457965615,-0.4955316483974457,-0.49498042464256287,True,0.051584020256996155,0,1.0,40,40
theta2,T3,batch2_128_255,1,"theta2|batch2_128_255|1,2",1,2,"(1,2)",28,5.075570106506348,8.645471572875977,0.3021312654018402,0.0005372073901235126,0.0005370974540710449,-1.0993605246772346e-07,0.0002046854842346387,-0.47807225584983826,-0.4775351583957672,True,0.053270548582077026,0,1.0,40,40
theta2,T3,batch2_128_255,1,"theta2|batch2_128_255|1,2",1,2,"(1,2)",29,4.993896484375,8.745441436767578,0.3054078221321106,0.0005202701326925308,0.0005201995372772217,-7.059541530908889e-08,0.00013570833930109323,-0.4609992802143097,-0.46047908067703247,True,0.05494197458028793,0,1.0,40,40
theta2,T3,batch2_128_255,1,"theta2|batch2_128_255|1,2",1,2,"(1,2)",30,4.915567398071289,8.845259666442871,0.30807748436927795,0.0005045875340001657,0.0005045533180236816,-3.4215976484086065e-08,6.781439198162226e-05,-0.44414278864860535,-0.44363823533058167,True,0.05659688264131546,0,1.0,40,40
theta2,T3,batch2_128_255,1,"theta2|batch2_128_255|1,2",1,2,"(1,2)",31,4.840634346008301,8.940751075744629,0.31087595224380493,0.0004908111107652076,0.0004907846450805664,-2.646568464121507e-08,5.392524991663198e-05,-0.4261515736579895,-0.42566078901290894,True,0.05823372304439545,0,1.0,40,40
theta2,T3,batch2_128_255,1,"theta2|batch2_128_255|1,2",1,2,"(1,2)",32,4.767892360687256,9.042145729064941,0.3132123053073883,0.00047785551304696126,0.00047782063484191895,-3.4878205042317666e-08,7.299434662100077e-05,-0.412399023771286,-0.4119212031364441,True,0.05985085666179657,0,1.0,40,40
theta2,T3,batch2_128_255,1,"theta2|batch2_128_255|1,2",1,2,"(1,2)",33,4.698064804077148,9.133596420288086,0.3160462975502014,0.00046325220391736367,0.00046312808990478516,-1.2411401257851314e-07,0.00026799068180906457,-0.39805418252944946,-0.3975910544395447,True,0.06144683063030243,0,1.0,40,40
theta2,T3,batch2_128_255,1,"theta2|batch2_128_255|1,2",1,2,"(1,2)",34,4.630758285522461,9.230409622192383,0.31788983941078186,0.0004533948124735616,0.0004534125328063965,1.77203328348809e-08,3.908214165409349e-05,-0.3828481137752533,-0.3823947012424469,True,0.06302095949649811,0,1.0,40,40
theta2,T3,batch2_128_255,1,"theta2|batch2_128_255|1,2",1,2,"(1,2)",35,4.566063404083252,9.325241088867188,0.3194533586502075,0.0004423179267323576,0.00044232606887817383,8.14214581623977e-09,1.84075648918678e-05,-0.36755749583244324,-0.36711516976356506,True,0.06457196921110153,0,1.0,40,40
theta2,T3,batch2_128_255,1,"theta2|batch2_128_255|1,2",1,2,"(1,2)",36,4.503011703491211,9.416875839233398,0.3212970495223999,0.0004320613750605844,0.00043207406997680664,1.2694916222248404e-08,2.938134246966002e-05,-0.3537611961364746,-0.3533291220664978,True,0.0660991445183754,0,1.0,40,40
theta2,T3,batch2_128_255,1,"theta2|batch2_128_255|1,2",1,2,"(1,2)",37,4.44340705871582,9.508606910705566,0.3225027322769165,0.0004209601553302491,0.0004209578037261963,-2.351604052816276e-09,5.586317754417567e-06,-0.339895635843277,-0.3394746780395508,True,0.06760118156671524,0,1.0,40,40
theta2,T3,batch2_128_255,1,"theta2|batch2_128_255|1,2",1,2,"(1,2)",38,4.3858642578125,9.601360321044922,0.323703408241272,0.0004080017197265988,0.00040799379348754883,-7.92623904997871e-09,1.9427352024708197e-05,-0.32759416103363037,-0.3271861672401428,True,0.06907716393470764,0,1.0,40,40
theta2,T3,batch2_128_255,1,"theta2|batch2_128_255|1,2",1,2,"(1,2)",39,4.330451965332031,9.687807083129883,0.32535290718078613,0.000395299177558627,0.00039523839950561523,-6.077805301174435e-08,0.00015377567839503626,-0.3170716166496277,-0.31667637825012207,True,0.07052765786647797,0,1.0,40,40
theta2,T3,batch2_128_255,1,"theta2|batch2_128_255|1,3",1,3,"(1,3)",0,9.181770324707031,6.752513885498047,0.1141308844089508,0.000668643209268339,0.0006685853004455566,-5.790882278236022e-08,8.661396345951488e-05,-0.6789906620979309,-0.6783220767974854,True,0.001995920669287443,0,1.0,40,40
theta2,T3,batch2_128_255,1,"theta2|batch2_128_255|1,3",1,3,"(1,3)",1,9.014928817749023,6.731723308563232,0.11846582591533661,0.0006482591401436366,0.0006480813026428223,-1.7783750081432678e-07,0.0002744061587475523,-0.6739234328269958,-0.673275351524353,True,0.0039633275009691715,0,1.0,40,40
theta2,T3,batch2_128_255,1,"theta2|batch2_128_255|1,3",1,3,"(1,3)",2,8.844902038574219,6.722472190856934,0.12253683805465698,0.0006338360668160021,0.0006338357925415039,-2.7427449818696187e-10,4.327216945057615e-07,-0.6685755848884583,-0.6679417490959167,True,0.005906798876821995,0,1.0,40,40
theta2,T3,batch2_128_255,1,"theta2|batch2_128_255|1,3",1,3,"(1,3)",3,8.675938606262207,6.715064525604248,0.1270143985748291,0.0006250069288071245,0.0006250739097595215,6.698095239695764e-08,0.00010715685193568,-0.6615726947784424,-0.6609476208686829,True,0.007829807698726654,0,1.0,40,40
theta2,T3,batch2_128_255,1,"theta2|batch2_128_255|1,3",1,3,"(1,3)",4,8.503281593322754,6.714688301086426,0.1315435916185379,0.0006193670872598887,0.0006192922592163086,-7.482804358007345e-08,0.00012082832050051064,-0.6531584858894348,-0.6525391936302185,True,0.009735409170389175,0,1.0,40,40
theta2,T3,batch2_128_255,1,"theta2|batch2_128_255|1,3",1,3,"(1,3)",5,8.328959465026855,6.7161641120910645,0.1363484263420105,0.0006185898801777512,0.0006185770034790039,-1.2876698747316291e-08,2.0816646391467995e-05,-0.6419575810432434,-0.6413390040397644,True,0.011626757681369781,0,1.0,40,40
theta2,T3,batch2_128_255,1,"theta2|batch2_128_255|1,3",1,3,"(1,3)",6,8.155637741088867,6.723888397216797,0.14135456085205078,0.0006200724170776084,0.0006200075149536133,-6.490212399511228e-08,0.00010467957634347065,-0.6289600729942322,-0.6283400654792786,True,0.013505787588655949,0,1.0,40,40
theta2,T3,batch2_128_255,1,"theta2|batch2_128_255|1,3",1,3,"(1,3)",7,7.983963966369629,6.7345075607299805,0.14662276208400726,0.0006280643271747977,0.0006279349327087402,-1.293944660574458e-07,0.0002060634937114795,-0.6157453656196594,-0.6151174306869507,True,0.015375020913779736,0,1.0,40,40
theta2,T3,batch2_128_255,1,"theta2|batch2_128_255|1,3",1,3,"(1,3)",8,7.816267013549805,6.746086120605469,0.1528017818927765,0.0006375068492488936,0.0006374120712280273,-9.477802086622737e-08,0.00014869191398215857,-0.6005811095237732,-0.5999436974525452,True,0.017237083986401558,0,1.0,40,40
theta2,T3,batch2_128_255,1,"theta2|batch2_128_255|1,3",1,3,"(1,3)",9,7.643527984619141,6.763046741485596,0.15885606408119202,0.0006427844499703497,0.0006427168846130371,-6.756535731258523e-08,0.00010512460296303645,-0.5814845561981201,-0.5808418393135071,True,0.019090311601758003,0,1.0,40,40
theta2,T3,batch2_128_255,1,"theta2|batch2_128_255|1,3",1,3,"(1,3)",10,7.478999614715576,6.787945747375488,0.165705606341362,0.0006529676291393117,0.0006529688835144043,1.2543750926201705e-09,1.9210334891746787e-06,-0.5656157732009888,-0.5649628043174744,True,0.0209384523332119,0,1.0,40,40
theta2,T3,batch2_128_255,1,"theta2|batch2_128_255|1,3",1,3,"(1,3)",11,7.31901216506958,6.819071292877197,0.17222729325294495,0.0006593105985084549,0.0006591677665710449,-1.4283193740997988e-07,0.0002166852577652331,-0.546352207660675,-0.545693039894104,True,0.022782865911722183,0,1.0,40,40
theta2,T3,batch2_128_255,1,"theta2|batch2_128_255|1,3",1,3,"(1,3)",12,7.157236099243164,6.855234146118164,0.17875397205352783,0.000661309770133812,0.0006612539291381836,-5.58409956283876e-08,8.444712865625694e-05,-0.5274021625518799,-0.5267409086227417,True,0.024622753262519836,0,1.0,40,40
theta2,T3,batch2_128_255,1,"theta2|batch2_128_255|1,3",1,3,"(1,3)",13,7.007284164428711,6.900110721588135,0.18570798635482788,0.0006568425337318331,0.0006567239761352539,-1.1855759657916718e-07,0.00018052880797327545,-0.5074496269226074,-0.5067929029464722,True,0.026461666449904442,0,1.0,40,40
theta2,T3,batch2_128_255,1,"theta2|batch2_128_255|1,3",1,3,"(1,3)",14,6.860072135925293,6.944816589355469,0.1929725557565689,0.0006474757880787365,0.0006473958492279053,-7.99388508312222e-08,0.00012347754612044326,-0.4874231517314911,-0.4867757558822632,True,0.028299715369939804,0,1.0,40,40
theta2,T3,batch2_128_255,1,"theta2|batch2_128_255|1,3",1,3,"(1,3)",15,6.719207763671875,6.991923809051514,0.2006787359714508,0.0006358275362290442,0.0006357133388519287,-1.1419737711547157e-07,0.0001796365911115019,-0.46575242280960083,-0.4651167094707489,True,0.030138837173581123,0,1.0,40,40
theta2,T3,batch2_128_255,1,"theta2|batch2_128_255|1,3",1,3,"(1,3)",16,6.586408615112305,7.040608882904053,0.207866370677948,0.0006188393388292752,0.0006187260150909424,-1.1332373833284389e-07,0.00018315657588147024,-0.4464073181152344,-0.44578859210014343,True,0.03197971358895302,0,1.0,40,40
theta2,T3,batch2_128_255,1,"theta2|batch2_128_255|1,3",1,3,"(1,3)",17,6.457246780395508,7.096645355224609,0.21426922082901,0.0005966695434472058,0.0005965232849121094,-1.4625853509645653e-07,0.0002451849555512422,-0.4288710653781891,-0.428274542093277,True,0.033822838217020035,0,1.0,40,40
theta2,T3,batch2_128_255,1,"theta2|batch2_128_255|1,3",1,3,"(1,3)",18,6.333700180053711,7.1517720222473145,0.2199074923992157,0.0005725693516651517,0.0005724430084228516,-1.2634324230017483e-07,0.0002207088573730081,-0.4118358790874481,-0.41126343607902527,True,0.03566865995526314,0,1.0,40,40
theta2,T3,batch2_128_255,1,"theta2|batch2_128_255|1,3",1,3,"(1,3)",19,6.214287757873535,7.2055344581604,0.2255755513906479,0.0005509953758737538,0.0005508065223693848,-1.8885350436899286e-07,0.00034286722596640375,-0.3930906653404236,-0.3925398588180542,True,0.03751804679632187,0,1.0,40,40
theta2,T3,batch2_128_255,1,"theta2|batch2_128_255|1,3",1,3,"(1,3)",20,6.097261428833008,7.260524749755859,0.23111531138420105,0.0005280452756851446,0.0005280077457427979,-3.752994234677322e-08,7.107839354511048e-05,-0.3750816583633423,-0.3745536506175995,True,0.03936925530433655,0,1.0,40,40
theta2,T3,batch2_128_255,1,"theta2|batch2_128_255|1,3",1,3,"(1,3)",21,5.985607147216797,7.317262172698975,0.23656488955020905,0.0005079467102186754,0.0005078911781311035,-5.55320875719181e-08,0.00010933855511383469,-0.3562493622303009,-0.3557414710521698,True,0.041222408413887024,0,1.0,40,40
theta2,T3,batch2_128_255,1,"theta2|batch2_128_255|1,3",1,3,"(1,3)",22,5.877434730529785,7.368649959564209,0.24220263957977295,0.000489010144257918,0.0004888772964477539,-1.3284781016410525e-07,0.00027174060061572656,-0.33964651823043823,-0.3391576409339905,True,0.04307744279503822,0,1.0,40,40
theta2,T3,batch2_128_255,1,"theta2|batch2_128_255|1,3",1,3,"(1,3)",23,5.771313667297363,7.416991710662842,0.24791687726974487,0.0004754468560277019,0.00047537684440612793,-7.001162157394686e-08,0.0001472760450951497,-0.32511159777641296,-0.32463622093200684,True,0.04493175446987152,0,1.0,40,40
theta2,T3,batch2_128_255,1,"theta2|batch2_128_255|1,3",1,3,"(1,3)",24,5.6682329177856445,7.4645819664001465,0.25375625491142273,0.00046629803365794945,0.0004661679267883301,-1.301068696193692e-07,0.00027909871559749324,-0.3100917339324951,-0.3096255660057068,True,0.04678386077284813,0,1.0,40,40
theta2,T3,batch2_128_255,1,"theta2|batch2_128_255|1,3",1,3,"(1,3)",25,5.5685930252075195,7.508862495422363,0.25958696007728577,0.00045596837159246205,0.0004558861255645752,-8.224602788685538e-08,0.0001804091488526896,-0.2942536473274231,-0.2937977612018585,True,0.04863156005740166,0,1.0,40,40
theta2,T3,batch2_128_255,1,"theta2|batch2_128_255|1,3",1,3,"(1,3)",26,5.471350193023682,7.552361011505127,0.2651588022708893,0.0004488858475961024,0.0004487931728363037,-9.26747597986932e-08,0.00020649770408271364,-0.2796434462070465,-0.2791946530342102,True,0.05047304928302765,0,1.0,40,40
theta2,T3,batch2_128_255,1,"theta2|batch2_128_255|1,3",1,3,"(1,3)",27,5.37718391418457,7.589790344238281,0.2708698511123657,0.00043806666147429497,0.0004379749298095703,-9.173166472465277e-08,0.0002094450126735275,-0.266326367855072,-0.26588839292526245,True,0.052305229008197784,0,1.0,40,40
theta2,T3,batch2_128_255,1,"theta2|batch2_128_255|1,3",1,3,"(1,3)",28,5.28499698638916,7.625110149383545,0.2763153910636902,0.0004313754608592717,0.00043126940727233887,-1.0605358693283962e-07,0.0002459102944574705,-0.2529681324958801,-0.2525368630886078,True,0.05412524938583374,0,1.0,40,40
theta2,T3,batch2_128_255,1,"theta2|batch2_128_255|1,3",1,3,"(1,3)",29,5.195103645324707,7.661781311035156,0.28168153762817383,0.0004262780706776539,0.0004261583089828491,-1.1976169480475357e-07,0.0002810263047330926,-0.24147026240825653,-0.24104410409927368,True,0.05593095347285271,0,1.0,40,40
theta2,T3,batch2_128_255,1,"theta2|batch2_128_255|1,3",1,3,"(1,3)",30,5.109047889709473,7.696929931640625,0.28738290071487427,0.00042354757244174833,0.00042344629764556885,-1.0127479617948187e-07,0.00023916798125898472,-0.22849170863628387,-0.2280682623386383,True,0.05772056803107262,0,1.0,40,40
theta2,T3,batch2_128_255,1,"theta2|batch2_128_255|1,3",1,3,"(1,3)",31,5.026300430297852,7.72855806350708,0.2928558886051178,0.00042110780584334864,0.00042100250720977783,-1.0529863357080713e-07,0.00025011402964956396,-0.21750153601169586,-0.21708053350448608,True,0.059492506086826324,0,1.0,40,40
theta2,T3,batch2_128_255,1,"theta2|batch2_128_255|1,3",1,3,"(1,3)",32,4.945481300354004,7.760004997253418,0.29842185974121094,0.0004214576806552941,0.00042138993740081787,-6.77432544762195e-08,0.00016076144317557216,-0.20787428319454193,-0.2074528932571411,True,0.06124468147754669,0,1.0,40,40
theta2,T3,batch2_128_255,1,"theta2|batch2_128_255|1,3",1,3,"(1,3)",33,4.866578578948975,7.7879719734191895,0.3038671612739563,0.0004280250316078309,0.000427931547164917,-9.348444291389871e-08,0.00021845653477347283,-0.1977076679468155,-0.19727973639965057,True,0.06297500431537628,0,1.0,40,40
theta2,T3,batch2_128_255,1,"theta2|batch2_128_255|1,3",1,3,"(1,3)",34,4.791584491729736,7.816439628601074,0.30858471989631653,0.0004278339198353933,0.00042773783206939697,-9.608776599634135e-08,0.00022464172862958704,-0.18688653409481049,-0.1864587962627411,True,0.06468164920806885,0,1.0,40,40
theta2,T3,batch2_128_255,1,"theta2|batch2_128_255|1,3",1,3,"(1,3)",35,4.719256401062012,7.845229148864746,0.3135203719139099,0.0004265917953598546,0.00042651593685150146,-7.585850835315454e-08,0.00017785621075061008,-0.17795047163963318,-0.17752395570278168,True,0.06636358797550201,0,1.0,40,40
theta2,T3,batch2_128_255,1,"theta2|batch2_128_255|1,3",1,3,"(1,3)",36,4.649273872375488,7.877781391143799,0.3175482451915741,0.00042493014737556223,0.0004248321056365967,-9.804173896555335e-08,0.0002307776122961354,-0.16833986341953278,-0.16791503131389618,True,0.06801936775445938,0,1.0,40,40
theta2,T3,batch2_128_255,1,"theta2|batch2_128_255|1,3",1,3,"(1,3)",37,4.581324100494385,7.9078168869018555,0.32186704874038696,0.00041317333657934797,0.0004131197929382324,-5.3543641115544414e-08,0.00012960802660827724,-0.15892454981803894,-0.1585114300251007,True,0.0696452409029007,0,1.0,40,40
theta2,T3,batch2_128_255,1,"theta2|batch2_128_255|1,3",1,3,"(1,3)",38,4.516576766967773,7.938632965087891,0.3260757327079773,0.00041297811970434853,0.00041294097900390625,-3.714070044227727e-08,8.99419101777398e-05,-0.14938271045684814,-0.14896976947784424,True,0.07124317437410355,0,1.0,40,40
theta2,T3,batch2_128_255,1,"theta2|batch2_128_255|1,3",1,3,"(1,3)",39,4.454237937927246,7.965661525726318,0.3300928771495819,0.00041117647605278765,0.00041112303733825684,-5.343871453081673e-08,0.0001299822916195507,-0.14113016426563263,-0.14071904122829437,True,0.07281249016523361,0,1.0,40,40
theta2,T3,batch2_128_255,1,"theta2|batch2_128_255|1,4",1,4,"(1,4)",0,8.791254997253418,6.752513885498047,0.20740020275115967,0.0014671134553500451,0.0014667510986328125,-3.623567172326373e-07,0.00024704717628669045,-1.4690053462982178,-1.467538595199585,True,0.001958296401426196,0,1.0,40,40
theta2,T3,batch2_128_255,1,"theta2|batch2_128_255|1,4",1,4,"(1,4)",1,8.618803024291992,6.735736846923828,0.20372985303401947,0.0013055858247971628,0.0013053417205810547,-2.441042161081212e-07,0.0001870040712400287,-1.375441074371338,-1.3741357326507568,True,0.003907396923750639,0,1.0,40,40
theta2,T3,batch2_128_255,1,"theta2|batch2_128_255|1,4",1,4,"(1,4)",2,8.452169418334961,6.72902774810791,0.20045557618141174,0.0011754068259033374,0.0011752843856811523,-1.2244022218506345e-07,0.00010417922987558583,-1.2897249460220337,-1.2885496616363525,True,0.005852826405316591,0,1.0,40,40
theta2,T3,batch2_128_255,1,"theta2|batch2_128_255|1,4",1,4,"(1,4)",3,8.286209106445312,6.72655725479126,0.19764511287212372,0.001061660853738431,0.001061558723449707,-1.0213028872390825e-07,9.62078559271967e-05,-1.2136352062225342,-1.2125736474990845,True,0.007797992788255215,0,1.0,40,40
theta2,T3,batch2_128_255,1,"theta2|batch2_128_255|1,4",1,4,"(1,4)",4,8.129791259765625,6.7413411140441895,0.19449807703495026,0.0009769313985598274,0.0009768009185791016,-1.304799807258332e-07,0.00013357888822999392,-1.144088864326477,-1.143112063407898,True,0.009747544303536415,0,1.0,40,40
theta2,T3,batch2_128_255,1,"theta2|batch2_128_255|1,4",1,4,"(1,4)",5,7.979066371917725,6.761908054351807,0.19305744767189026,0.0009166316298651509,0.000916600227355957,-3.1402509193889996e-08,3.425976587904008e-05,-1.091063380241394,-1.090146780014038,True,0.01170345675200224,0,1.0,40,40
theta2,T3,batch2_128_255,1,"theta2|batch2_128_255|1,4",1,4,"(1,4)",6,7.83445930480957,6.791110992431641,0.19131863117218018,0.0008620828365965281,0.0008620023727416992,-8.046385482885464e-08,9.334528230233282e-05,-1.0400092601776123,-1.0391472578048706,True,0.013667796738445759,0,1.0,40,40
theta2,T3,batch2_128_255,1,"theta2|batch2_128_255|1,4",1,4,"(1,4)",7,7.693048477172852,6.818600177764893,0.18924111127853394,0.0008126593253400642,0.0008127689361572266,1.0961081716234777e-07,0.00013486098236060542,-0.9884777069091797,-0.9876649379730225,True,0.015638863667845726,0,1.0,40,40
theta2,T3,batch2_128_255,1,"theta2|batch2_128_255|1,4",1,4,"(1,4)",8,7.555856227874756,6.862675666809082,0.18845117092132568,0.0007776187277631835,0.0007776021957397461,-1.6532023437384503e-08,2.1260258173084646e-05,-0.9528619647026062,-0.9520843625068665,True,0.017616691067814827,0,1.0,40,40
theta2,T3,batch2_128_255,1,"theta2|batch2_128_255|1,4",1,4,"(1,4)",9,7.42963981628418,6.910017013549805,0.18764431774616241,0.0007399808841000777,0.0007399916648864746,1.0780786396957266e-08,1.4568794364205702e-05,-0.9199472069740295,-0.9192072153091431,True,0.019593296572566032,0,1.0,40,40
theta2,T3,batch2_128_255,1,"theta2|batch2_128_255|1,4",1,4,"(1,4)",10,7.308141231536865,6.958108425140381,0.18656766414642334,0.000702157293970231,0.0007020235061645508,-1.3378780568020898e-07,0.0001905745384668783,-0.8855777382850647,-0.8848757147789001,True,0.021574756130576134,0,1.0,40,40
theta2,T3,batch2_128_255,1,"theta2|batch2_128_255|1,4",1,4,"(1,4)",11,7.193842887878418,7.0047221183776855,0.18555259704589844,0.0006717572583438596,0.0006717443466186523,-1.2911725207238878e-08,1.9221189239972618e-05,-0.8554648756980896,-0.854793131351471,True,0.023560887202620506,0,1.0,40,40
theta2,T3,batch2_128_255,1,"theta2|batch2_128_255|1,4",1,4,"(1,4)",12,7.081642150878906,7.05566930770874,0.18400439620018005,0.0006420145876763854,0.0006418824195861816,-1.3216809020377522e-07,0.00020590701064687723,-0.8304661512374878,-0.8298242688179016,True,0.025551170110702515,0,1.0,40,40
theta2,T3,batch2_128_255,1,"theta2|batch2_128_255|1,4",1,4,"(1,4)",13,6.975550174713135,7.099374771118164,0.18290115892887115,0.0006153457050386351,0.0006154179573059082,7.225226727309263e-08,0.00011740357332013617,-0.8042019009590149,-0.803586483001709,True,0.0275422353297472,0,1.0,40,40
theta2,T3,batch2_128_255,1,"theta2|batch2_128_255|1,4",1,4,"(1,4)",14,6.87035608291626,7.148346424102783,0.18163244426250458,0.0005966018718609121,0.0005964040756225586,-1.9779623835352884e-07,0.0003316480326648648,-0.782092809677124,-0.7814964056015015,True,0.029535900801420212,0,1.0,40,40
theta2,T3,batch2_128_255,1,"theta2|batch2_128_255|1,4",1,4,"(1,4)",15,6.772378921508789,7.189943790435791,0.18037737905979156,0.000578782206568576,0.0005787014961242676,-8.071044430837601e-08,0.00013946817979375786,-0.7589482069015503,-0.758369505405426,True,0.0315311923623085,0,1.0,40,40
theta2,T3,batch2_128_255,1,"theta2|batch2_128_255|1,4",1,4,"(1,4)",16,6.675316333770752,7.2333831787109375,0.17881378531455994,0.0005642511354453745,0.0005640983581542969,-1.5277729107764787e-07,0.0002708344898884796,-0.7361806631088257,-0.7356165647506714,True,0.0335252545773983,0,1.0,40,40
theta2,T3,batch2_128_255,1,"theta2|batch2_128_255|1,4",1,4,"(1,4)",17,6.580689430236816,7.274260997772217,0.17778275907039642,0.0005453693404560909,0.0005453824996948242,1.3159238733298322e-08,2.4128457991706266e-05,-0.7175936102867126,-0.7170482277870178,True,0.03551420196890831,0,1.0,40,40
theta2,T3,batch2_128_255,1,"theta2|batch2_128_255|1,4",1,4,"(1,4)",18,6.489017486572266,7.312842845916748,0.17672252655029297,0.0005309692946393624,0.0005308985710144043,-7.072362495814943e-08,0.00013321494692105805,-0.6978445053100586,-0.6973136067390442,True,0.037499237805604935,0,1.0,40,40
theta2,T3,batch2_128_255,1,"theta2|batch2_128_255|1,4",1,4,"(1,4)",19,6.402543067932129,7.3530802726745605,0.1759553700685501,0.0005167939948623826,0.0005167126655578613,-8.13293045212344e-08,0.00015739754401690228,-0.682334303855896,-0.6818175911903381,True,0.03948062285780907,0,1.0,40,40
theta2,T3,batch2_128_255,1,"theta2|batch2_128_255|1,4",1,4,"(1,4)",20,6.31294584274292,7.39103364944458,0.17507949471473694,0.000502837865267793,0.0005028843879699707,4.652270217773025e-08,9.251172494245002e-05,-0.6650627851486206,-0.6645599007606506,True,0.041455499827861786,0,1.0,40,40
theta2,T3,batch2_128_255,1,"theta2|batch2_128_255|1,4",1,4,"(1,4)",21,6.22527551651001,7.427178382873535,0.17441022396087646,0.0004918767940980615,0.0004917383193969727,-1.3847470108888007e-07,0.00028160242069134254,-0.6483637094497681,-0.6478719711303711,True,0.04342421516776085,0,1.0,40,40
theta2,T3,batch2_128_255,1,"theta2|batch2_128_255|1,4",1,4,"(1,4)",22,6.13906192779541,7.461866855621338,0.17410151660442352,0.00048035308471298775,0.00048029422760009766,-5.885711289009424e-08,0.00012254386896171448,-0.6331854462623596,-0.6327051520347595,True,0.04538511112332344,0,1.0,40,40
theta2,T3,batch2_128_255,1,"theta2|batch2_128_255|1,4",1,4,"(1,4)",23,6.054053783416748,7.496058464050293,0.1740512102842331,0.0004697007303038845,0.00046956539154052734,-1.35338763357167e-07,0.0002882213335892455,-0.6193121075630188,-0.6188425421714783,True,0.047336358577013016,0,1.0,40,40
theta2,T3,batch2_128_255,1,"theta2|batch2_128_255|1,4",1,4,"(1,4)",24,5.969137191772461,7.531980037689209,0.17393939197063446,0.0004597044033871498,0.0004596114158630371,-9.29875241127069e-08,0.00020231769904605006,-0.6057508587837219,-0.6052912473678589,True,0.049279458820819855,0,1.0,40,40
theta2,T3,batch2_128_255,1,"theta2|batch2_128_255|1,4",1,4,"(1,4)",25,5.886819839477539,7.563326835632324,0.17377308011054993,0.00044934305624337866,0.00044929981231689453,-4.324392648412693e-08,9.624737268669649e-05,-0.5914638638496399,-0.591014564037323,True,0.05121283605694771,0,1.0,40,40
theta2,T3,batch2_128_255,1,"theta2|batch2_128_255|1,4",1,4,"(1,4)",26,5.805727481842041,7.593627452850342,0.1739625632762909,0.0004379912153817713,0.0004379749298095703,-1.6285572201012698e-08,3.7183800013607166e-05,-0.5764604210853577,-0.5760224461555481,True,0.053135909140110016,0,1.0,40,40
theta2,T3,batch2_128_255,1,"theta2|batch2_128_255|1,4",1,4,"(1,4)",27,5.7248125076293945,7.61776876449585,0.17406223714351654,0.00042674183986673596,0.0004267692565917969,2.741672506091728e-08,6.424250256419307e-05,-0.5608222484588623,-0.5603954792022705,True,0.055047400295734406,0,1.0,40,40
theta2,T3,batch2_128_255,1,"theta2|batch2_128_255|1,4",1,4,"(1,4)",28,5.645230293273926,7.643311977386475,0.17425008118152618,0.00041614066489273685,0.00041621923446655273,7.856957381588165e-08,0.00018876968508334393,-0.5490673780441284,-0.5486511588096619,True,0.056946367025375366,0,1.0,40,40
theta2,T3,batch2_128_255,1,"theta2|batch2_128_255|1,4",1,4,"(1,4)",29,5.567294597625732,7.668068885803223,0.17495150864124298,0.0004072497596498579,0.00040727853775024414,2.8778100386267578e-08,7.065950625641659e-05,-0.5352944135665894,-0.5348871350288391,True,0.058832813054323196,0,1.0,40,40
theta2,T3,batch2_128_255,1,"theta2|batch2_128_255|1,4",1,4,"(1,4)",30,5.489436149597168,7.68885612487793,0.1760309934616089,0.00039842868360574356,0.00039833784103393555,-9.08425718080131e-08,0.0002280540848748386,-0.5214765667915344,-0.5210782289505005,True,0.06070498004555702,0,1.0,40,40
theta2,T3,batch2_128_255,1,"theta2|batch2_128_255|1,4",1,4,"(1,4)",31,5.412691593170166,7.708825588226318,0.17722031474113464,0.0003904705070890486,0.0003904104232788086,-6.008381024002118e-08,0.00015389909351142705,-0.5105289816856384,-0.5101385712623596,True,0.06256262958049774,0,1.0,40,40
theta2,T3,batch2_128_255,1,"theta2|batch2_128_255|1,4",1,4,"(1,4)",32,5.337155818939209,7.726927757263184,0.17800922691822052,0.00038165812205988916,0.0003816187381744385,-3.93838854506807e-08,0.00010320217932453376,-0.49723729491233826,-0.4968556761741638,True,0.0644042119383812,0,1.0,40,40
theta2,T3,batch2_128_255,1,"theta2|batch2_128_255|1,4",1,4,"(1,4)",33,5.263530731201172,7.745893955230713,0.17897598445415497,0.0003729814395774156,0.00037297606468200684,-5.374895408740907e-09,1.4410832001574828e-05,-0.48514074087142944,-0.48476776480674744,True,0.06622857600450516,0,1.0,40,40
theta2,T3,batch2_128_255,1,"theta2|batch2_128_255|1,4",1,4,"(1,4)",34,5.190996170043945,7.764297962188721,0.17986337840557098,0.00036406122040352784,0.00036403536796569824,-2.585243782959358e-08,7.101628057202827e-05,-0.47273945808410645,-0.47237542271614075,True,0.068035788834095,0,1.0,40,40
theta2,T3,batch2_128_255,1,"theta2|batch2_128_255|1,4",1,4,"(1,4)",35,5.118744850158691,7.77809476852417,0.18109890818595886,0.0003559467655722983,0.0003558993339538574,-4.743161844089324e-08,0.00013327256871754296,-0.4585328698158264,-0.45817697048187256,True,0.06982351839542389,0,1.0,40,40
theta2,T3,batch2_128_255,1,"theta2|batch2_128_255|1,4",1,4,"(1,4)",36,5.047197341918945,7.791511058807373,0.1822824329137802,0.0003516298141330481,0.0003515779972076416,-5.1816925406488953e-08,0.0001473838687802921,-0.44582363963127136,-0.4454720616340637,True,0.07159135490655899,0,1.0,40,40
theta2,T3,batch2_128_255,1,"theta2|batch2_128_255|1,4",1,4,"(1,4)",37,4.977025985717773,7.804375171661377,0.18392616510391235,0.00034679426572984084,0.00034669041633605957,-1.0384939378127152e-07,0.00029954503755479225,-0.4340938627719879,-0.43374717235565186,True,0.07333877682685852,0,1.0,40,40
theta2,T3,batch2_128_255,1,"theta2|batch2_128_255|1,4",1,4,"(1,4)",38,4.909409046173096,7.813892841339111,0.1857706904411316,0.00033982951441430487,0.00033974647521972656,-8.303919457830706e-08,0.0002444151761239099,-0.42060190439224243,-0.4202621579170227,True,0.07506534457206726,0,1.0,40,40
theta2,T3,batch2_128_255,1,"theta2|batch2_128_255|1,4",1,4,"(1,4)",39,4.842594146728516,7.82712459564209,0.18701788783073425,0.0003314570911170449,0.0003313720226287842,-8.50684882607272e-08,0.0002567159640873612,-0.4079324007034302,-0.4076010286808014,True,0.07676911354064941,0,1.0,40,40
theta2,T3,batch2_128_255,1,"theta2|batch2_128_255|1,5",1,5,"(1,5)",0,8.324995994567871,6.752513885498047,0.08456778526306152,0.0002676522876136005,0.0002675950527191162,-5.7234894484264626e-08,0.00021388622062584167,-0.35255005955696106,-0.35228246450424194,True,0.0019594356417655945,0,1.0,40,40
theta2,T3,batch2_128_255,1,"theta2|batch2_128_255|1,5",1,5,"(1,5)",1,8.169779777526855,6.775064945220947,0.08777361363172531,0.00027578347141388805,0.00027573108673095703,-5.238468293102287e-08,0.00018998468236603626,-0.36148500442504883,-0.36120927333831787,True,0.003907009959220886,0,1.0,40,40
theta2,T3,batch2_128_255,1,"theta2|batch2_128_255|1,5",1,5,"(1,5)",2,8.010915756225586,6.80502986907959,0.09089824557304382,0.00028441439440939575,0.00028443336486816406,1.8970458768316836e-08,6.669561701071784e-05,-0.3690875768661499,-0.36880314350128174,True,0.005841011181473732,0,1.0,40,40
theta2,T3,batch2_128_255,1,"theta2|batch2_128_255|1,5",1,5,"(1,5)",3,7.852291584014893,6.8398542404174805,0.0943782702088356,0.0002939585098065436,0.00029394030570983887,-1.8204096704718415e-08,6.193127091147705e-05,-0.3766027092933655,-0.37630876898765564,True,0.007762149907648563,0,1.0,40,40
theta2,T3,batch2_128_255,1,"theta2|batch2_128_255|1,5",1,5,"(1,5)",4,7.6920013427734375,6.878814220428467,0.09763079136610031,0.000303317507437896,0.0003033280372619629,1.0529824066884182e-08,3.471431181216632e-05,-0.3822696805000305,-0.38196635246276855,True,0.009668437764048576,0,1.0,40,40
theta2,T3,batch2_128_255,1,"theta2|batch2_128_255|1,5",1,5,"(1,5)",5,7.531131744384766,6.924911975860596,0.10069859027862549,0.0003134906476479955,0.0003134608268737793,-2.9820774216193606e-08,9.513397419895623e-05,-0.386218786239624,-0.38590532541275024,True,0.011563301086425781,0,1.0,40,40
theta2,T3,batch2_128_255,1,"theta2|batch2_128_255|1,5",1,5,"(1,5)",6,7.37212610244751,6.97545051574707,0.10355282574892044,0.00032267308986047284,0.00032266974449157715,-3.3453688956931564e-09,1.0367779913683487e-05,-0.388051301240921,-0.38772863149642944,True,0.013446498662233353,0,1.0,40,40
theta2,T3,batch2_128_255,1,"theta2|batch2_128_255|1,5",1,5,"(1,5)",7,7.213054656982422,7.036191463470459,0.10613887012004852,0.00033225327904801816,0.00033223628997802734,-1.6989069990820237e-08,5.113550356568158e-05,-0.3873843550682068,-0.38705211877822876,True,0.015317535027861595,0,1.0,40,40
theta2,T3,batch2_128_255,1,"theta2|batch2_128_255|1,5",1,5,"(1,5)",8,7.056005001068115,7.101926803588867,0.10854469239711761,0.00034273969708010555,0.0003427267074584961,-1.298962160945806e-08,3.790081521741661e-05,-0.38406872749328613,-0.38372600078582764,True,0.0171764325350523,0,1.0,40,40
theta2,T3,batch2_128_255,1,"theta2|batch2_128_255|1,5",1,5,"(1,5)",9,6.901616096496582,7.170738697052002,0.11087840795516968,0.00035267591421143154,0.00035262107849121094,-5.4835720220602815e-08,0.0001555089118756966,-0.3781595826148987,-0.37780696153640747,True,0.019022373482584953,0,1.0,40,40
theta2,T3,batch2_128_255,1,"theta2|batch2_128_255|1,5",1,5,"(1,5)",10,6.7510986328125,7.251617431640625,0.11282093822956085,0.00035888827397138813,0.00035890936851501465,2.1094543626513744e-08,5.8774012263297254e-05,-0.3719344735145569,-0.37157556414604187,True,0.020853137597441673,0,1.0,40,40
theta2,T3,batch2_128_255,1,"theta2|batch2_128_255|1,5",1,5,"(1,5)",11,6.607760429382324,7.328126430511475,0.11530861258506775,0.0003662324598408304,0.0003662109375,-2.1522340830425028e-08,5.877033869428061e-05,-0.3633567690849304,-0.3629905581474304,True,0.02266855165362358,0,1.0,40,40
theta2,T3,batch2_128_255,1,"theta2|batch2_128_255|1,5",1,5,"(1,5)",12,6.4663496017456055,7.413619041442871,0.1166079193353653,0.00037077920098090543,0.0003706812858581543,-9.791512275113268e-08,0.0002641490857151097,-0.3524446189403534,-0.35207393765449524,True,0.024471953511238098,0,1.0,40,40
theta2,T3,batch2_128_255,1,"theta2|batch2_128_255|1,5",1,5,"(1,5)",13,6.335414886474609,7.517565727233887,0.11698717623949051,0.00037046676327008756,0.00037044286727905273,-2.3895991034820954e-08,6.450654917542311e-05,-0.34078067541122437,-0.3404102325439453,True,0.026261400431394577,0,1.0,40,40
theta2,T3,batch2_128_255,1,"theta2|batch2_128_255|1,5",1,5,"(1,5)",14,6.2141571044921875,7.615346908569336,0.11723921447992325,0.00036778577603399756,0.00036779046058654785,4.684552550287668e-09,1.2737014828543402e-05,-0.32795849442481995,-0.3275907039642334,True,0.02803671546280384,0,1.0,40,40
theta2,T3,batch2_128_255,1,"theta2|batch2_128_255|1,5",1,5,"(1,5)",15,6.093374729156494,7.721102714538574,0.11771650612354279,0.0003682682437211042,0.00036829710006713867,2.8856346034455277e-08,7.835072833642978e-05,-0.31736117601394653,-0.3169928789138794,True,0.02979946881532669,0,1.0,40,40
theta2,T3,batch2_128_255,1,"theta2|batch2_128_255|1,5",1,5,"(1,5)",16,5.975490093231201,7.8132171630859375,0.11824341118335724,0.0003680978344345931,0.0003679990768432617,-9.875759133138196e-08,0.0002683636931335152,-0.3054543435573578,-0.3050863444805145,True,0.03154904395341873,0,1.0,40,40
theta2,T3,batch2_128_255,1,"theta2|batch2_128_255|1,5",1,5,"(1,5)",17,5.862805366516113,7.9158711433410645,0.11869063228368759,0.00036722603953967336,0.00036713480949401855,-9.123004565480359e-08,0.00024849195253518977,-0.29417794942855835,-0.29381081461906433,True,0.03328537940979004,0,1.0,40,40
theta2,T3,batch2_128_255,1,"theta2|batch2_128_255|1,5",1,5,"(1,5)",18,5.755302906036377,8.017486572265625,0.11850949376821518,0.000363813566036697,0.0003637969493865967,-1.661665010032091e-08,4.567561692954954e-05,-0.2813017964363098,-0.2809379994869232,True,0.0350080169737339,0,1.0,40,40
theta2,T3,batch2_128_255,1,"theta2|batch2_128_255|1,5",1,5,"(1,5)",19,5.652475357055664,8.121186256408691,0.1183866560459137,0.00036042097985045985,0.0003604590892791748,3.810942871495214e-08,0.00010572469899749558,-0.26933059096336365,-0.2689701318740845,True,0.03671744093298912,0,1.0,40,40
theta2,T3,batch2_128_255,1,"theta2|batch2_128_255|1,5",1,5,"(1,5)",20,5.550727367401123,8.22419548034668,0.1179133728146553,0.0003565114863522467,0.00035649538040161133,-1.6105950635398724e-08,4.5178567579906645e-05,-0.25727754831314087,-0.25692105293273926,True,0.038411881774663925,0,1.0,40,40
theta2,T3,batch2_128_255,1,"theta2|batch2_128_255|1,5",1,5,"(1,5)",21,5.45484733581543,8.330976486206055,0.11712896823883057,0.00035041858539625536,0.0003503859043121338,-3.268108412157137e-08,9.327168621617303e-05,-0.24551749229431152,-0.2451671063899994,True,0.040092140436172485,0,1.0,40,40
theta2,T3,batch2_128_255,1,"theta2|batch2_128_255|1,5",1,5,"(1,5)",22,5.363022327423096,8.437735557556152,0.11619862914085388,0.0003438158542776364,0.00034381449222564697,-1.362051989424462e-09,3.961589811433956e-06,-0.2342052459716797,-0.23386143147945404,True,0.04175762087106705,0,1.0,40,40
theta2,T3,batch2_128_255,1,"theta2|batch2_128_255|1,5",1,5,"(1,5)",23,5.272558212280273,8.541255950927734,0.11542271077632904,0.00034122087847390505,0.0003412216901779175,8.117040124354553e-10,2.3788171613950514e-06,-0.22456763684749603,-0.22422641515731812,True,0.043406639248132706,0,1.0,40,40
theta2,T3,batch2_128_255,1,"theta2|batch2_128_255|1,5",1,5,"(1,5)",24,5.1844611167907715,8.647738456726074,0.11451330035924911,0.00033816862317326014,0.00033818185329437256,1.3230121112420366e-08,3.912132180819331e-05,-0.21480250358581543,-0.21446432173252106,True,0.04504084214568138,0,1.0,40,40
theta2,T3,batch2_128_255,1,"theta2|batch2_128_255|1,5",1,5,"(1,5)",25,5.103047847747803,8.75253677368164,0.11363118141889572,0.00033414008184263366,0.0003341585397720337,1.8457929400032564e-08,5.5237042311187824e-05,-0.20587067306041718,-0.20553651452064514,True,0.0466582328081131,0,1.0,40,40
theta2,T3,batch2_128_255,1,"theta2|batch2_128_255|1,5",1,5,"(1,5)",26,5.02402925491333,8.854379653930664,0.11221226304769516,0.0003285701915556274,0.00032858550548553467,1.531392990726261e-08,4.660561604698286e-05,-0.19697292149066925,-0.19664433598518372,True,0.04825763404369354,0,1.0,40,40
theta2,T3,batch2_128_255,1,"theta2|batch2_128_255|1,5",1,5,"(1,5)",27,4.947200298309326,8.960342407226562,0.11062769591808319,0.00032370033765437257,0.0003236830234527588,-1.7314201613779535e-08,5.3491225548647054e-05,-0.1877058893442154,-0.18738220632076263,True,0.049838289618492126,0,1.0,40,40
theta2,T3,batch2_128_255,1,"theta2|batch2_128_255|1,5",1,5,"(1,5)",28,4.8709516525268555,9.062139511108398,0.10946765542030334,0.0003199137051760772,0.0003199279308319092,1.4225655831968682e-08,4.4465188753534845e-05,-0.17973671853542328,-0.17941679060459137,True,0.05139913409948349,0,1.0,40,40
theta2,T3,batch2_128_255,1,"theta2|batch2_128_255|1,5",1,5,"(1,5)",29,4.799159049987793,9.160343170166016,0.10806278884410858,0.0003149189670366468,0.0003148764371871948,-4.2529849451976125e-08,0.00013506837739875728,-0.17198877036571503,-0.17167389392852783,True,0.052939772605895996,0,1.0,40,40
theta2,T3,batch2_128_255,1,"theta2|batch2_128_255|1,5",1,5,"(1,5)",30,4.729496002197266,9.254547119140625,0.10664448887109756,0.0003086678992203815,0.00030863285064697266,-3.504857340886746e-08,0.00011356073514338078,-0.16438093781471252,-0.16407230496406555,True,0.054459232836961746,0,1.0,40,40
theta2,T3,batch2_128_255,1,"theta2|batch2_128_255|1,5",1,5,"(1,5)",31,4.6615705490112305,9.34685230255127,0.10562345385551453,0.00030435247624700426,0.0003043562173843384,3.741137334113947e-09,1.2291969476640168e-05,-0.15682603418827057,-0.15652167797088623,True,0.0559571348130703,0,1.0,40,40
theta2,T3,batch2_128_255,1,"theta2|batch2_128_255|1,5",1,5,"(1,5)",32,4.594822883605957,9.44179630279541,0.10445693880319595,0.0002982509478570137,0.00029824674129486084,-4.206562152862109e-09,1.4104302144590081e-05,-0.1501512974500656,-0.14985305070877075,True,0.05743031203746796,0,1.0,40,40
theta2,T3,batch2_128_255,1,"theta2|batch2_128_255|1,5",1,5,"(1,5)",33,4.5325822830200195,9.536317825317383,0.10291717201471329,0.00029232638248140574,0.0002923011779785156,-2.520450289011369e-08,8.622785260197016e-05,-0.14364609122276306,-0.14335379004478455,True,0.05888058990240097,0,1.0,40,40
theta2,T3,batch2_128_255,1,"theta2|batch2_128_255|1,5",1,5,"(1,5)",34,4.472171783447266,9.628070831298828,0.10175314545631409,0.00028710747406148585,0.00028711557388305664,8.099821570785922e-09,2.8211014335589517e-05,-0.1377839744091034,-0.13749685883522034,True,0.06030737981200218,0,1.0,40,40
theta2,T3,batch2_128_255,1,"theta2|batch2_128_255|1,5",1,5,"(1,5)",35,4.415825843811035,9.714357376098633,0.10078496485948563,0.0002821686700244754,0.0002821385860443115,-3.008398016389902e-08,0.0001066283792858243,-0.1318572759628296,-0.13157513737678528,True,0.061711132526397705,0,1.0,40,40
theta2,T3,batch2_128_255,1,"theta2|batch2_128_255|1,5",1,5,"(1,5)",36,4.360036373138428,9.80179500579834,0.09965141862630844,0.0002773821529171983,0.0002773851156234741,2.962706275840346e-09,1.0680840856154513e-05,-0.12694239616394043,-0.12666501104831696,True,0.06309021264314651,0,1.0,40,40
theta2,T3,batch2_128_255,1,"theta2|batch2_128_255|1,5",1,5,"(1,5)",37,4.306818008422852,9.886543273925781,0.09866156429052353,0.00027228551340522246,0.0002722814679145813,-4.045490641156439e-09,1.4857752428547833e-05,-0.12194477021694183,-0.12167248874902725,True,0.0644451230764389,0,1.0,40,40
theta2,T3,batch2_128_255,1,"theta2|batch2_128_255|1,5",1,5,"(1,5)",38,4.2555413246154785,9.968206405639648,0.09755795449018478,0.00026716826661686354,0.0002671778202056885,9.553588824933509e-09,3.575741735439948e-05,-0.11763782799243927,-0.11737065017223358,True,0.06577591598033905,0,1.0,40,40
theta2,T3,batch2_128_255,1,"theta2|batch2_128_255|1,5",1,5,"(1,5)",39,4.205327987670898,10.047758102416992,0.09647835791110992,0.00026188370087947986,0.000261843204498291,-4.0496381188844487e-08,0.00015465889697782398,-0.11313524842262268,-0.11287340521812439,True,0.06708266586065292,0,1.0,40,40
theta2,T3,batch2_128_255,1,"theta2|batch2_128_255|1,6",1,6,"(1,6)",0,8.76688003540039,6.752513885498047,0.39665547013282776,0.0023391862385615243,0.002338886260986328,-2.999775751961857e-07,0.00012825658955715213,-2.2362418174743652,-2.233902931213379,True,0.0019828795921057463,0,1.0,40,40
theta2,T3,batch2_128_255,1,"theta2|batch2_128_255|1,6",1,6,"(1,6)",1,8.58905029296875,6.735127925872803,0.37798750400543213,0.002122723617882002,0.0021224021911621094,-3.2142671989266944e-07,0.00015144477386572715,-2.0687315464019775,-2.0666091442108154,True,0.0039564440958201885,0,1.0,40,40
theta2,T3,batch2_128_255,1,"theta2|batch2_128_255|1,6",1,6,"(1,6)",2,8.405988693237305,6.733916282653809,0.35807833075523376,0.0019298894283128903,0.0019298791885375977,-1.023977529266036e-08,5.305915185509484e-06,-1.901039958000183,-1.8991100788116455,True,0.005922058597207069,0,1.0,40,40
theta2,T3,batch2_128_255,1,"theta2|batch2_128_255|1,6",1,6,"(1,6)",3,8.216489791870117,6.752094745635986,0.3382098078727722,0.0017606360620702618,0.0017603635787963867,-2.724832738750741e-07,0.00015478806603200636,-1.7467447519302368,-1.7449843883514404,True,0.00787823460996151,0,1.0,40,40
theta2,T3,batch2_128_255,1,"theta2|batch2_128_255|1,6",1,6,"(1,6)",4,8.028916358947754,6.771798610687256,0.3189733624458313,0.0016073312849621288,0.0016071796417236328,-1.516432384959885e-07,9.435363325866764e-05,-1.595455288887024,-1.5938481092453003,True,0.009825929068028927,0,1.0,40,40
theta2,T3,batch2_128_255,1,"theta2|batch2_128_255|1,6",1,6,"(1,6)",5,7.840371608734131,6.806186199188232,0.29996219277381897,0.0014773578444728628,0.0014770030975341797,-3.5474693868314984e-07,0.00024018022661928816,-1.4502334594726562,-1.448756456375122,True,0.011766710318624973,0,1.0,40,40
theta2,T3,batch2_128_255,1,"theta2|batch2_128_255|1,6",1,6,"(1,6)",6,7.656555652618408,6.8575944900512695,0.2798721492290497,0.0013420658451505005,0.0013420581817626953,-7.663387805193975e-09,5.710175541814942e-06,-1.3018431663513184,-1.3005011081695557,True,0.01369878463447094,0,1.0,40,40
theta2,T3,batch2_128_255,1,"theta2|batch2_128_255|1,6",1,6,"(1,6)",7,7.483340263366699,6.920274257659912,0.2611105144023895,0.0012267906102351844,0.001226663589477539,-1.270207576453252e-07,0.0001035497904518597,-1.1650282144546509,-1.1638015508651733,True,0.015624349936842918,0,1.0,40,40
theta2,T3,batch2_128_255,1,"theta2|batch2_128_255|1,6",1,6,"(1,6)",8,7.310738563537598,6.999439239501953,0.24471727013587952,0.0011216628763941116,0.0011216402053833008,-2.267101081084716e-08,2.021237354192358e-05,-1.0505805015563965,-1.0494588613510132,True,0.01753949373960495,0,1.0,40,40
theta2,T3,batch2_128_255,1,"theta2|batch2_128_255|1,6",1,6,"(1,6)",9,7.146355152130127,7.080018520355225,0.22834686934947968,0.0010170149109035265,0.0010166764259338379,-3.384849696886575e-07,0.00033293283984405577,-0.9354663491249084,-0.9344496726989746,True,0.01944279856979847,0,1.0,40,40
theta2,T3,batch2_128_255,1,"theta2|batch2_128_255|1,6",1,6,"(1,6)",10,6.9922637939453125,7.175075054168701,0.21295854449272156,0.0009184269720572047,0.0009183287620544434,-9.821000276129949e-08,0.00010694427401096371,-0.830061674118042,-0.8291433453559875,True,0.02133375033736229,0,1.0,40,40
theta2,T3,batch2_128_255,1,"theta2|batch2_128_255|1,6",1,6,"(1,6)",11,6.846058368682861,7.275200366973877,0.1991235762834549,0.0008249025289260316,0.0008246898651123047,-2.126638137269453e-07,0.0002578712589101421,-0.7379072904586792,-0.7370826005935669,True,0.02321021258831024,0,1.0,40,40
theta2,T3,batch2_128_255,1,"theta2|batch2_128_255|1,6",1,6,"(1,6)",12,6.708958625793457,7.381292819976807,0.18692892789840698,0.0007431212402298115,0.0007429718971252441,-1.493431045673961e-07,0.00020100774355698284,-0.6577965021133423,-0.657053530216217,True,0.02507193572819233,0,1.0,40,40
theta2,T3,batch2_128_255,1,"theta2|batch2_128_255|1,6",1,6,"(1,6)",13,6.57945442199707,7.485792636871338,0.17575201392173767,0.0006716737087990623,0.0006715655326843262,-1.0817611473615003e-07,0.00016108050439062502,-0.5854520797729492,-0.5847805142402649,True,0.02692152000963688,0,1.0,40,40
theta2,T3,batch2_128_255,1,"theta2|batch2_128_255|1,6",1,6,"(1,6)",14,6.456699848175049,7.598046779632568,0.16595742106437683,0.0006090699385385961,0.0006090998649597168,2.992642112072119e-08,4.913220777466499e-05,-0.5235500335693359,-0.5229409337043762,True,0.02875715121626854,0,1.0,40,40
theta2,T3,batch2_128_255,1,"theta2|batch2_128_255|1,6",1,6,"(1,6)",15,6.340320587158203,7.705094814300537,0.15777277946472168,0.0005547354232985527,0.0005547404289245605,5.005626007876379e-09,9.023366149066263e-06,-0.46638044714927673,-0.4658257067203522,True,0.030577071011066437,0,1.0,40,40
theta2,T3,batch2_128_255,1,"theta2|batch2_128_255|1,6",1,6,"(1,6)",16,6.22791862487793,7.813929080963135,0.15042433142662048,0.0005068019259488211,0.000506669282913208,-1.3264303561305677e-07,0.00026179411321403985,-0.41756904125213623,-0.417062371969223,True,0.032381027936935425,0,1.0,40,40
theta2,T3,batch2_128_255,1,"theta2|batch2_128_255|1,6",1,6,"(1,6)",17,6.117678165435791,7.9158711433410645,0.1445106863975525,0.0004689637312549167,0.00046890974044799805,-5.3990806918628124e-08,0.00011514115033533983,-0.37361136078834534,-0.37314245104789734,True,0.034169189631938934,0,1.0,40,40
theta2,T3,batch2_128_255,1,"theta2|batch2_128_255|1,6",1,6,"(1,6)",18,6.013662338256836,8.023348808288574,0.13887423276901245,0.0004374450900941156,0.0004374086856842041,-3.640440991150781e-08,8.322745090112523e-05,-0.3356665372848511,-0.33522912859916687,True,0.035943225026130676,0,1.0,40,40
theta2,T3,batch2_128_255,1,"theta2|batch2_128_255|1,6",1,6,"(1,6)",19,5.911035060882568,8.137271881103516,0.13280607759952545,0.000406205439925543,0.0004062056541442871,2.142187440889315e-10,5.273652444356166e-07,-0.29702234268188477,-0.2966161370277405,True,0.03770320862531662,0,1.0,40,40
theta2,T3,batch2_128_255,1,"theta2|batch2_128_255|1,6",1,6,"(1,6)",20,5.813650131225586,8.253936767578125,0.1267811506986618,0.0003764940562141419,0.0003764927387237549,-1.3174903870237682e-09,3.4993779468093656e-06,-0.2586544454097748,-0.258277952671051,True,0.039449360221624374,0,1.0,40,40
theta2,T3,batch2_128_255,1,"theta2|batch2_128_255|1,6",1,6,"(1,6)",21,5.716938018798828,8.369132995605469,0.12199373543262482,0.0003552514577677357,0.0003552287817001343,-2.2676067601445395e-08,6.383510787869479e-05,-0.22831609845161438,-0.22796086966991425,True,0.0411815270781517,0,1.0,40,40
theta2,T3,batch2_128_255,1,"theta2|batch2_128_255|1,6",1,6,"(1,6)",22,5.621925354003906,8.481302261352539,0.11821799725294113,0.00033907632344562445,0.0003390312194824219,-4.510396320257966e-08,0.0001330377871142283,-0.20213472843170166,-0.20179569721221924,True,0.04289840906858444,0,1.0,40,40
theta2,T3,batch2_128_255,1,"theta2|batch2_128_255|1,6",1,6,"(1,6)",23,5.529387950897217,8.591310501098633,0.11532261222600937,0.0003278757231601048,0.0003278404474258423,-3.527573426252576e-08,0.00010760031149147682,-0.18009038269519806,-0.17976254224777222,True,0.04460042342543602,0,1.0,40,40
theta2,T3,batch2_128_255,1,"theta2|batch2_128_255|1,6",1,6,"(1,6)",24,5.438375949859619,8.69779109954834,0.11299142241477966,0.0003204881237434165,0.0003204345703125,-5.3553430916512997e-08,0.0001671275070735522,-0.16141796112060547,-0.16109752655029297,True,0.046287763863801956,0,1.0,40,40
theta2,T3,batch2_128_255,1,"theta2|batch2_128_255|1,6",1,6,"(1,6)",25,5.349470138549805,8.806414604187012,0.11027516424655914,0.0003133852819482854,0.00031332671642303467,-5.8565525250752187e-08,0.00018691519803782253,-0.14200881123542786,-0.14169548451900482,True,0.04795989394187927,0,1.0,40,40
theta2,T3,batch2_128_255,1,"theta2|batch2_128_255|1,6",1,6,"(1,6)",26,5.257061958312988,8.919248580932617,0.10843165963888168,0.00031031307300145275,0.0003102719783782959,-4.109462315685271e-08,0.00013244709809645948,-0.12668542563915253,-0.12637515366077423,True,0.04961129277944565,0,1.0,40,40
theta2,T3,batch2_128_255,1,"theta2|batch2_128_255|1,6",1,6,"(1,6)",27,5.1739325523376465,9.031878471374512,0.10673892498016357,0.000306557408603112,0.0003064945340156555,-6.287458745649326e-08,0.0002051409747270784,-0.11392342299222946,-0.1136169284582138,True,0.05124698951840401,0,1.0,40,40
theta2,T3,batch2_128_255,1,"theta2|batch2_128_255|1,6",1,6,"(1,6)",28,5.0917558670043945,9.140402793884277,0.10542649775743484,0.00030557331265299584,0.0003055259585380554,-4.735411494042252e-08,0.00015499211643754397,-0.10172897577285767,-0.10142344981431961,True,0.052865806967020035,0,1.0,40,40
theta2,T3,batch2_128_255,1,"theta2|batch2_128_255|1,6",1,6,"(1,6)",29,5.013518333435059,9.2444429397583,0.10467364639043808,0.00030598944765915806,0.00030593574047088623,-5.370718827183091e-08,0.00017555055250872804,-0.09173775464296341,-0.09143181890249252,True,0.05446789786219597,0,1.0,40,40
theta2,T3,batch2_128_255,1,"theta2|batch2_128_255|1,6",1,6,"(1,6)",30,4.93696403503418,9.350545883178711,0.10386481136083603,0.00030618282028081013,0.0003061369061470032,-4.5914133806957465e-08,0.000149979087411663,-0.08202085644006729,-0.08171471953392029,True,0.05605284497141838,0,1.0,40,40
theta2,T3,batch2_128_255,1,"theta2|batch2_128_255|1,6",1,6,"(1,6)",31,4.8622612953186035,9.454387664794922,0.10330739617347717,0.00030622335448242665,0.0003061741590499878,-4.919543243885353e-08,0.00016067793765319559,-0.0728025957942009,-0.07249642163515091,True,0.057619497179985046,0,1.0,40,40
theta2,T3,batch2_128_255,1,"theta2|batch2_128_255|1,6",1,6,"(1,6)",32,4.791777610778809,9.552034378051758,0.10308046638965607,0.0003069356210344267,0.0003068968653678894,-3.8755666537321556e-08,0.00012628237988310376,-0.06530449539422989,-0.064997598528862,True,0.05916820466518402,0,1.0,40,40
theta2,T3,batch2_128_255,1,"theta2|batch2_128_255|1,6",1,6,"(1,6)",33,4.722102165222168,9.647101402282715,0.10320572555065155,0.00030837821454861113,0.00030833855271339417,-3.966183521696533e-08,0.0001286308016559696,-0.059038400650024414,-0.05873006209731102,True,0.06069787219166756,0,1.0,40,40
theta2,T3,batch2_128_255,1,"theta2|batch2_128_255|1,6",1,6,"(1,6)",34,4.652134895324707,9.737059593200684,0.10377133637666702,0.0003091694710419688,0.0003091283142566681,-4.115678530072038e-08,0.00013313819343817226,-0.05349789187312126,-0.053188763558864594,True,0.06220541521906853,0,1.0,40,40
theta2,T3,batch2_128_255,1,"theta2|batch2_128_255|1,6",1,6,"(1,6)",35,4.588259696960449,9.825328826904297,0.10435716807842255,0.00031074169305566105,0.000310700386762619,-4.130629304203125e-08,0.00013294574066169426,-0.049355100840330124,-0.049044400453567505,True,0.06369300186634064,0,1.0,40,40
theta2,T3,batch2_128_255,1,"theta2|batch2_128_255|1,6",1,6,"(1,6)",36,4.526676177978516,9.912437438964844,0.10509840399026871,0.00031246910283334726,0.0003124214708805084,-4.763195283883541e-08,0.00015246056138392986,-0.04500330239534378,-0.04469088092446327,True,0.06516026705503464,0,1.0,40,40
theta2,T3,batch2_128_255,1,"theta2|batch2_128_255|1,6",1,6,"(1,6)",37,4.467792987823486,10.003251075744629,0.10546544939279556,0.00031213218275343024,0.00031209737062454224,-3.481212888800395e-08,0.00011154252539308785,-0.04116223752498627,-0.040850140154361725,True,0.0666067898273468,0,1.0,40,40
theta2,T3,batch2_128_255,1,"theta2|batch2_128_255|1,6",1,6,"(1,6)",38,4.410857677459717,10.090709686279297,0.10585688054561615,0.00031133976516048277,0.00031130388379096985,-3.5881369512917854e-08,0.00011526155432423386,-0.03765420243144035,-0.037342898547649384,True,0.06803207099437714,0,1.0,40,40
theta2,T3,batch2_128_255,1,"theta2|batch2_128_255|1,6",1,6,"(1,6)",39,4.357132434844971,10.179889678955078,0.10618951171636581,0.0003110983426390703,0.0003110654652118683,-3.287742720203737e-08,0.00010569295173813133,-0.03412141278386116,-0.03381034731864929,True,0.06943660974502563,0,1.0,40,40
theta2,T3,batch2_128_255,1,"theta2|batch2_128_255|1,7",1,7,"(1,7)",0,8.503453254699707,6.752513885498047,0.21870668232440948,0.0013941287294146605,0.0013937950134277344,-3.3371598692614503e-07,0.0002394297466350116,-1.3456432819366455,-1.3442494869232178,True,0.0021071042865514755,1,1.0,40,40
theta2,T3,batch2_128_255,1,"theta2|batch2_128_255|1,7",1,7,"(1,7)",1,8.34108829498291,6.7619500160217285,0.21212850511074066,0.0012860550216864796,0.0012859106063842773,-1.4441530220223216e-07,0.00011230586440864581,-1.2841086387634277,-1.2828227281570435,True,0.004192141350358725,1,1.0,40,40
theta2,T3,batch2_128_255,1,"theta2|batch2_128_255|1,7",1,7,"(1,7)",2,8.180307388305664,6.782863616943359,0.20521385967731476,0.0011904437604243867,0.001190185546875,-2.5821354938666656e-07,0.00021695234836672538,-1.2224398851394653,-1.2212496995925903,True,0.006256843451410532,1,1.0,40,40
theta2,T3,batch2_128_255,1,"theta2|batch2_128_255|1,7",1,7,"(1,7)",3,8.018404006958008,6.811232566833496,0.19788311421871185,0.0011020003308076412,0.0011019706726074219,-2.965820021928571e-08,2.691378360288856e-05,-1.15800142288208,-1.1568994522094727,True,0.008302750997245312,1,1.0,40,40
theta2,T3,batch2_128_255,1,"theta2|batch2_128_255|1,7",1,7,"(1,7)",4,7.851292610168457,6.848413467407227,0.19104287028312683,0.0010179663538583555,0.0010178089141845703,-1.5743967378520525e-07,0.00015468490361114583,-1.095097303390503,-1.0940794944763184,True,0.010327225551009178,1,1.0,40,40
theta2,T3,batch2_128_255,1,"theta2|batch2_128_255|1,7",1,7,"(1,7)",5,7.690942764282227,6.898841381072998,0.18503952026367188,0.0009514133447082714,0.0009514093399047852,-4.004803486230835e-09,4.209337998123527e-06,-1.0419411659240723,-1.0409897565841675,True,0.012335115112364292,1,1.0,40,40
theta2,T3,batch2_128_255,1,"theta2|batch2_128_255|1,7",1,7,"(1,7)",6,7.529129981994629,6.954352855682373,0.17882220447063446,0.0008872753455070779,0.0008873343467712402,5.900126416233907e-08,6.649270861319418e-05,-0.9862533807754517,-0.9853660464286804,True,0.014326793141663074,1,1.0,40,40
theta2,T3,batch2_128_255,1,"theta2|batch2_128_255|1,7",1,7,"(1,7)",7,7.367710113525391,7.024656772613525,0.17252083122730255,0.000832600079709664,0.0008327960968017578,1.9601709209384963e-07,0.00023537225119885539,-0.9340908527374268,-0.933258056640625,True,0.016302354633808136,1,1.0,40,40
theta2,T3,batch2_128_255,1,"theta2|batch2_128_255|1,7",1,7,"(1,7)",8,7.207406997680664,7.103858947753906,0.1662181317806244,0.0007771566404262557,0.000777125358581543,-3.128184471277041e-08,4.025328007551826e-05,-0.8791704773902893,-0.8783933520317078,True,0.018260646611452103,1,1.0,40,40
theta2,T3,batch2_128_255,1,"theta2|batch2_128_255|1,7",1,7,"(1,7)",9,7.054887771606445,7.190537929534912,0.1604236215353012,0.0007290917166974395,0.0007290244102478027,-6.730644963679616e-08,9.232399997953158e-05,-0.8245484828948975,-0.8238194584846497,True,0.020204594358801842,1,1.0,40,40
theta2,T3,batch2_128_255,1,"theta2|batch2_128_255|1,7",1,7,"(1,7)",10,6.903921127319336,7.284759521484375,0.1545323133468628,0.000677692337660119,0.0006777048110961914,1.2473436072435798e-08,1.8405411719388482e-05,-0.7718772292137146,-0.7711995244026184,True,0.022127646952867508,1,1.0,40,40
theta2,T3,batch2_128_255,1,"theta2|batch2_128_255|1,7",1,7,"(1,7)",11,6.760246276855469,7.386139869689941,0.14891071617603302,0.0006323068518540822,0.000632166862487793,-1.3998936628921866e-07,0.00022144369563806713,-0.7182658314704895,-0.7176336646080017,True,0.024036932736635208,1,1.0,40,40
theta2,T3,batch2_128_255,1,"theta2|batch2_128_255|1,7",1,7,"(1,7)",12,6.623855113983154,7.498775959014893,0.14321672916412354,0.0005893624021846335,0.0005891919136047363,-1.7048857989720913e-07,0.0002893600131986581,-0.6694312691688538,-0.668842077255249,True,0.02593403123319149,1,1.0,40,40
theta2,T3,batch2_128_255,1,"theta2|batch2_128_255|1,7",1,7,"(1,7)",13,6.494619369506836,7.616366863250732,0.13718973100185394,0.0005457052948186174,0.0005456805229187012,-2.4771899916216887e-08,4.53963425040691e-05,-0.6152963042259216,-0.6147506237030029,True,0.027821436524391174,1,1.0,40,40
theta2,T3,batch2_128_255,1,"theta2|batch2_128_255|1,7",1,7,"(1,7)",14,6.37122917175293,7.7407121658325195,0.13146592676639557,0.0005013451280537993,0.0005012750625610352,-7.00654927641162e-08,0.00013977454295481743,-0.561653196811676,-0.561151921749115,True,0.029698185622692108,1,1.0,40,40
theta2,T3,batch2_128_255,1,"theta2|batch2_128_255|1,7",1,7,"(1,7)",15,6.255936622619629,7.871307373046875,0.12659528851509094,0.00046352955637848936,0.0004634261131286621,-1.0344324982724563e-07,0.0002232141152532042,-0.5152249336242676,-0.5147615075111389,True,0.031565673649311066,1,1.0,40,40
theta2,T3,batch2_128_255,1,"theta2|batch2_128_255|1,7",1,7,"(1,7)",16,6.140775203704834,8.005960464477539,0.12183444947004318,0.00042810223405831497,0.00042808055877685547,-2.1675281459499016e-08,5.063365064143835e-05,-0.4719092845916748,-0.47148120403289795,True,0.03342433646321297,1,1.0,40,40
theta2,T3,batch2_128_255,1,"theta2|batch2_128_255|1,7",1,7,"(1,7)",17,6.030177116394043,8.148674011230469,0.11687586456537247,0.00039459213500958867,0.0003947317600250244,1.396250154357486e-07,0.0003537212597914516,-0.430663526058197,-0.430268794298172,True,0.035276032984256744,1,1.0,40,40
theta2,T3,batch2_128_255,1,"theta2|batch2_128_255|1,7",1,7,"(1,7)",18,5.923745155334473,8.295750617980957,0.11233387887477875,0.0003644157837552484,0.0003643929958343506,-2.2787920897818746e-08,6.2536660030035e-05,-0.39348214864730835,-0.393117755651474,True,0.03712095320224762,1,1.0,40,40
theta2,T3,batch2_128_255,1,"theta2|batch2_128_255|1,7",1,7,"(1,7)",19,5.822216033935547,8.448315620422363,0.10781174898147583,0.0003371989763836609,0.00033724308013916016,4.4103755499243225e-08,0.0001307773475471883,-0.360029935836792,-0.35969269275665283,True,0.03895964473485947,1,1.0,40,40
theta2,T3,batch2_128_255,1,"theta2|batch2_128_255|1,7",1,7,"(1,7)",20,5.724205017089844,8.608009338378906,0.10322941094636917,0.00031044932187796804,0.00031048059463500977,3.127275704172504e-08,0.00010072370892772931,-0.32739129662513733,-0.3270808160305023,True,0.040791530162096024,1,1.0,40,40
theta2,T3,batch2_128_255,1,"theta2|batch2_128_255|1,7",1,7,"(1,7)",21,5.628968238830566,8.76862907409668,0.09884824603796005,0.0002845600301225204,0.00028452277183532715,-3.7258287193268815e-08,0.0001309501062179752,-0.2964537441730499,-0.2961692214012146,True,0.04261496663093567,1,1.0,40,40
theta2,T3,batch2_128_255,1,"theta2|batch2_128_255|1,7",1,7,"(1,7)",22,5.534924030303955,8.926534652709961,0.09498276561498642,0.0002639676444559882,0.0002639591693878174,-8.475068170800577e-09,3.21074967407127e-05,-0.2710244059562683,-0.2707604467868805,True,0.04443064704537392,1,1.0,40,40
theta2,T3,batch2_128_255,1,"theta2|batch2_128_255|1,7",1,7,"(1,7)",23,5.4449992179870605,9.085416793823242,0.09169722348451614,0.0002463518829354143,0.00024634599685668945,-5.886078724849208e-09,2.3893543227631196e-05,-0.24783416092395782,-0.24758781492710114,True,0.04623791202902794,1,1.0,40,40
theta2,T3,batch2_128_255,1,"theta2|batch2_128_255|1,7",1,7,"(1,7)",24,5.356320381164551,9.246627807617188,0.08842483907938004,0.000230594118078443,0.00023065507411956787,6.095604112487047e-08,0.0002642735754136145,-0.22674202919006348,-0.2265113741159439,True,0.0480358749628067,1,1.0,40,40
theta2,T3,batch2_128_255,1,"theta2|batch2_128_255|1,7",1,7,"(1,7)",25,5.2704620361328125,9.4088716506958,0.08547195792198181,0.0002171793612506008,0.00021713972091674805,-3.9640333852745437e-08,0.00018255680575339622,-0.20736846327781677,-0.20715132355690002,True,0.049823589622974396,1,1.0,40,40
theta2,T3,batch2_128_255,1,"theta2|batch2_128_255|1,7",1,7,"(1,7)",26,5.1875834465026855,9.568608283996582,0.0826352909207344,0.00020493933929901687,0.00020492076873779297,-1.8570561223903376e-08,9.062312882334245e-05,-0.18874269723892212,-0.18853777647018433,True,0.05160011351108551,1,1.0,40,40
theta2,T3,batch2_128_255,1,"theta2|batch2_128_255|1,7",1,7,"(1,7)",27,5.108131408691406,9.726116180419922,0.07979483902454376,0.0001939171493286267,0.0001938939094543457,-2.3239874280984183e-08,0.00011985871215029706,-0.17348811030387878,-0.17329421639442444,True,0.053364288061857224,1,1.0,40,40
theta2,T3,batch2_128_255,1,"theta2|batch2_128_255|1,7",1,7,"(1,7)",28,5.030406475067139,9.880767822265625,0.07728129625320435,0.00018442497323849238,0.0001844167709350586,-8.202303433788201e-09,4.447699302075189e-05,-0.16053323447704315,-0.1603488177061081,True,0.055115025490522385,1,1.0,40,40
theta2,T3,batch2_128_255,1,"theta2|batch2_128_255|1,7",1,7,"(1,7)",29,4.95456600189209,10.03805923461914,0.07495386153459549,0.00017564631804634702,0.00017565488815307617,8.570106729149669e-09,4.878945766474295e-05,-0.14948035776615143,-0.14930470287799835,True,0.05685051158070564,1,1.0,40,40
theta2,T3,batch2_128_255,1,"theta2|batch2_128_255|1,7",1,7,"(1,7)",30,4.881106376647949,10.191962242126465,0.073201484978199,0.0001686524449942226,0.00016863644123077393,-1.6003763448680687e-08,9.49009794791626e-05,-0.14044888317584991,-0.14028024673461914,True,0.05856967717409134,1,1.0,40,40
theta2,T3,batch2_128_255,1,"theta2|batch2_128_255|1,7",1,7,"(1,7)",31,4.8109211921691895,10.348458290100098,0.07134521007537842,0.00016267055704884115,0.00016267597675323486,5.419704393713927e-09,3.331594806979485e-05,-0.13208767771720886,-0.13192500174045563,True,0.06027163565158844,1,1.0,40,40
theta2,T3,batch2_128_255,1,"theta2|batch2_128_255|1,7",1,7,"(1,7)",32,4.7419867515563965,10.50177001953125,0.06939683854579926,0.00015628341315095895,0.0001562759280204773,-7.485130481659765e-09,4.789688710521666e-05,-0.12509167194366455,-0.12493539601564407,True,0.06195461377501488,1,1.0,40,40
theta2,T3,batch2_128_255,1,"theta2|batch2_128_255|1,7",1,7,"(1,7)",33,4.675108909606934,10.649736404418945,0.06752712279558182,0.00015022602684985033,0.00015019625425338745,-2.9772596462875793e-08,0.0001982246269114552,-0.11834266781806946,-0.11819247156381607,True,0.06361712515354156,1,1.0,40,40
theta2,T3,batch2_128_255,1,"theta2|batch2_128_255|1,7",1,7,"(1,7)",34,4.6106061935424805,10.792698860168457,0.06581688672304153,0.00014464769274854917,0.00014465302228927612,5.329540726952244e-09,3.6843618215554906e-05,-0.11179646849632263,-0.11165181547403336,True,0.0652584582567215,1,1.0,40,40
theta2,T3,batch2_128_255,1,"theta2|batch2_128_255|1,7",1,7,"(1,7)",35,4.547689437866211,10.934341430664062,0.06420314311981201,0.0001390790618279425,0.00013908743858337402,8.376755431530524e-09,6.022654178442718e-05,-0.10626397281885147,-0.1061248853802681,True,0.0668768361210823,1,1.0,40,40
theta2,T3,batch2_128_255,1,"theta2|batch2_128_255|1,7",1,7,"(1,7)",36,4.487241744995117,11.069514274597168,0.06285426020622253,0.0001346218855724146,0.0001346096396446228,-1.2245927791802074e-08,9.097363178545034e-05,-0.10138143599033356,-0.10124682635068893,True,0.06847213208675385,1,1.0,40,40
theta2,T3,batch2_128_255,1,"theta2|batch2_128_255|1,7",1,7,"(1,7)",37,4.428920269012451,11.206184387207031,0.06130487099289894,0.00013008180111137335,0.00013009458780288696,1.2786691513607968e-08,9.828765154305839e-05,-0.09637054800987244,-0.09624045342206955,True,0.07004346698522568,1,1.0,40,40
theta2,T3,batch2_128_255,1,"theta2|batch2_128_255|1,7",1,7,"(1,7)",38,4.372474670410156,11.334433555603027,0.06014150753617287,0.0001262893469665869,0.00012627243995666504,-1.69070099218481e-08,0.00013389311181165385,-0.09264715760946274,-0.09252088516950607,True,0.07158958166837692,1,1.0,40,40
theta2,T3,batch2_128_255,1,"theta2|batch2_128_255|1,7",1,7,"(1,7)",39,4.318899154663086,11.461919784545898,0.05894799157977104,0.00012253017740658834,0.00012251734733581543,-1.283007077291262e-08,0.00010472044205908148,-0.08883853256702423,-0.08871601521968842,True,0.07311086356639862,1,1.0,40,40
theta2,T3,batch2_128_255,1,"theta2|batch2_128_255|2,3",2,3,"(2,3)",0,9.588766098022461,6.752513885498047,0.15057756006717682,0.0008690665494650603,0.0008689165115356445,-1.500379294157696e-07,0.00017267243449040474,-1.141226053237915,-1.1403571367263794,True,0.002016164129599929,0,1.0,40,40
theta2,T3,batch2_128_255,1,"theta2|batch2_128_255|2,3",2,3,"(2,3)",1,9.456869125366211,6.741353988647461,0.1525111198425293,0.0008656282224692404,0.0008655786514282227,-4.9571041017761226e-08,5.7269250964043516e-05,-1.150308609008789,-1.1494430303573608,True,0.004027641844004393,0,1.0,40,40
theta2,T3,batch2_128_255,1,"theta2|batch2_128_255|2,3",2,3,"(2,3)",2,9.325616836547852,6.737484455108643,0.15464414656162262,0.0008704517208971083,0.0008702278137207031,-2.239071764052183e-07,0.00025729719606167473,-1.1635607481002808,-1.16269052028656,True,0.006037496495991945,0,1.0,40,40
theta2,T3,batch2_128_255,1,"theta2|batch2_128_255|2,3",2,3,"(2,3)",3,9.192302703857422,6.733272552490234,0.15662451088428497,0.0008797341652680189,0.0008796453475952148,-8.881767280400753e-08,0.00010096986592018973,-1.1761192083358765,-1.1752395629882812,True,0.008046968840062618,0,1.0,40,40
theta2,T3,batch2_128_255,1,"theta2|batch2_128_255|2,3",2,3,"(2,3)",4,9.056058883666992,6.7340545654296875,0.15873707830905914,0.0008910027334932238,0.0008910894393920898,8.670589886599755e-08,9.730325041799304e-05,-1.1908711194992065,-1.1899800300598145,True,0.010058318264782429,0,1.0,40,40
theta2,T3,batch2_128_255,1,"theta2|batch2_128_255|2,3",2,3,"(2,3)",5,8.916905403137207,6.738702774047852,0.16078701615333557,0.000905286890687421,0.000905156135559082,-1.3075512833896855e-07,0.0001444558824740285,-1.2034608125686646,-1.2025556564331055,True,0.012072467245161533,0,1.0,40,40
theta2,T3,batch2_128_255,1,"theta2|batch2_128_255|2,3",2,3,"(2,3)",6,8.771016120910645,6.750180244445801,0.16302460432052612,0.0009242523026186973,0.0009241104125976562,-1.4189002104107642e-07,0.0001535422814274177,-1.2200250625610352,-1.2191009521484375,True,0.014089653268456459,0,1.0,40,40
theta2,T3,batch2_128_255,1,"theta2|batch2_128_255|2,3",2,3,"(2,3)",7,8.626965522766113,6.759648323059082,0.164995476603508,0.0009452323076548056,0.0009452104568481445,-2.1850806661023042e-08,2.3117398355796594e-05,-1.233973503112793,-1.2330282926559448,True,0.016112541779875755,0,1.0,40,40
theta2,T3,batch2_128_255,1,"theta2|batch2_128_255|2,3",2,3,"(2,3)",8,8.476556777954102,6.773343086242676,0.1674027442932129,0.0009747407222166658,0.0009744167327880859,-3.2398942857985585e-07,0.0003324957563616843,-1.2534934282302856,-1.2525190114974976,True,0.018142003566026688,0,1.0,40,40
theta2,T3,batch2_128_255,1,"theta2|batch2_128_255|2,3",2,3,"(2,3)",9,8.328018188476562,6.7931084632873535,0.16999542713165283,0.0010073821872938424,0.0010075569152832031,1.7472798936077165e-07,0.00017341748809461476,-1.275970458984375,-1.2749629020690918,True,0.02017895318567753,0,1.0,40,40
theta2,T3,batch2_128_255,1,"theta2|batch2_128_255|2,3",2,3,"(2,3)",10,8.1773099899292,6.816561222076416,0.17265377938747406,0.0010453870529308915,0.0010451078414916992,-2.7921143919227426e-07,0.0002671604097752738,-1.2994441986083984,-1.2983990907669067,True,0.02222329005599022,0,1.0,40,40
theta2,T3,batch2_128_255,1,"theta2|batch2_128_255|2,3",2,3,"(2,3)",11,8.026025772094727,6.844954490661621,0.17580793797969818,0.001093526527285576,0.0010933876037597656,-1.3892352581030068e-07,0.0001270578935892384,-1.3277451992034912,-1.3266518115997314,True,0.024277202785015106,0,1.0,40,40
theta2,T3,batch2_128_255,1,"theta2|batch2_128_255|2,3",2,3,"(2,3)",12,7.874529838562012,6.8726043701171875,0.17918983101844788,0.001141337688313797,0.0011413097381591797,-2.7950154617411432e-08,2.4489543620728482e-05,-1.355751395225525,-1.3546100854873657,True,0.026341430842876434,0,1.0,40,40
theta2,T3,batch2_128_255,1,"theta2|batch2_128_255|2,3",2,3,"(2,3)",13,7.724274635314941,6.9047956466674805,0.18295305967330933,0.001194632837548852,0.0011944770812988281,-1.5575625002392166e-07,0.00013039701846314066,-1.3889144659042358,-1.387719988822937,True,0.028416259214282036,0,1.0,40,40
theta2,T3,batch2_128_255,1,"theta2|batch2_128_255|2,3",2,3,"(2,3)",14,7.571033000946045,6.941398620605469,0.1866569072008133,0.0012504292899975554,0.0012503862380981445,-4.3051899410902206e-08,3.4430880714414105e-05,-1.4231828451156616,-1.4219324588775635,True,0.03050352819263935,0,1.0,40,40
theta2,T3,batch2_128_255,1,"theta2|batch2_128_255|2,3",2,3,"(2,3)",15,7.424260139465332,6.981686592102051,0.19106116890907288,0.0013105467665009201,0.0013103485107421875,-1.9825575873263362e-07,0.00015130002217527658,-1.4648897647857666,-1.4635794162750244,True,0.032604094594717026,0,1.0,40,40
theta2,T3,batch2_128_255,1,"theta2|batch2_128_255|2,3",2,3,"(2,3)",16,7.279467582702637,7.018319129943848,0.19532975554466248,0.001370937688741833,0.0013707876205444336,-1.5006819739931017e-07,0.00010947589192533546,-1.5022563934326172,-1.5008856058120728,True,0.03471853584051132,0,1.0,40,40
theta2,T3,batch2_128_255,1,"theta2|batch2_128_255|2,3",2,3,"(2,3)",17,7.134468078613281,7.05744743347168,0.1995360106229782,0.0014277052223915234,0.0014270544052124023,-6.508171791210719e-07,0.0004560563190470684,-1.538533091545105,-1.5371060371398926,True,0.036847639828920364,0,1.0,40,40
theta2,T3,batch2_128_255,1,"theta2|batch2_128_255|2,3",2,3,"(2,3)",18,6.9915032386779785,7.097249507904053,0.20361682772636414,0.0014823654217179865,0.001482248306274414,-1.1711544357245231e-07,7.901202725393454e-05,-1.5769215822219849,-1.5754393339157104,True,0.038991838693618774,0,1.0,40,40
theta2,T3,batch2_128_255,1,"theta2|batch2_128_255|2,3",2,3,"(2,3)",19,6.851189613342285,7.137794494628906,0.2084343433380127,0.0015391655357088895,0.001538991928100586,-1.736076083035283e-07,0.00011280605514142866,-1.6203781366348267,-1.618839144706726,True,0.04115189611911774,0,1.0,40,40
theta2,T3,batch2_128_255,1,"theta2|batch2_128_255|2,3",2,3,"(2,3)",20,6.714671611785889,7.181040287017822,0.2136085033416748,0.0015930322326021269,0.0015925168991088867,-5.15333493240162e-07,0.0003235968758187266,-1.6660301685333252,-1.6644376516342163,True,0.043327827006578445,0,1.0,40,40
theta2,T3,batch2_128_255,1,"theta2|batch2_128_255|2,3",2,3,"(2,3)",21,6.579156875610352,7.229365348815918,0.21938857436180115,0.0016466908606234938,0.001646280288696289,-4.1057192720476456e-07,0.00024939369682297653,-1.7200902700424194,-1.7184439897537231,True,0.04551823064684868,0,1.0,40,40
theta2,T3,batch2_128_255,1,"theta2|batch2_128_255|2,3",2,3,"(2,3)",22,6.447238922119141,7.280505657196045,0.22502459585666656,0.0016968554038903677,0.0016963481903076172,-5.072135827505122e-07,0.00029900322684255857,-1.7745683193206787,-1.772871971130371,True,0.047718778252601624,0,1.0,40,40
theta2,T3,batch2_128_255,1,"theta2|batch2_128_255|2,3",2,3,"(2,3)",23,6.318687438964844,7.324442386627197,0.231191486120224,0.001746047781954985,0.0017457008361816406,-3.469457733444332e-07,0.0001987429725377833,-1.8306093215942383,-1.8288636207580566,True,0.04993188753724098,0,1.0,40,40
theta2,T3,batch2_128_255,1,"theta2|batch2_128_255|2,3",2,3,"(2,3)",24,6.194094181060791,7.3720502853393555,0.23790276050567627,0.0017820861165528186,0.001781463623046875,-6.224935059436117e-07,0.0003494281319530667,-1.8940075635910034,-1.8922260999679565,True,0.052155401557683945,0,1.0,40,40
theta2,T3,batch2_128_255,1,"theta2|batch2_128_255|2,3",2,3,"(2,3)",25,6.071516990661621,7.4134135246276855,0.2440522164106369,0.001815597766195424,0.001815199851989746,-3.979142056778108e-07,0.00021921233920421153,-1.9561971426010132,-1.9543819427490234,True,0.054386381059885025,0,1.0,40,40
theta2,T3,batch2_128_255,1,"theta2|batch2_128_255|2,3",2,3,"(2,3)",26,5.955674171447754,7.449224948883057,0.25082623958587646,0.0018394733746827114,0.0018384456634521484,-1.0277112305629582e-06,0.000559010935701613,-2.0202767848968506,-2.0184383392333984,True,0.05662401765584946,0,1.0,40,40
theta2,T3,batch2_128_255,1,"theta2|batch2_128_255|2,3",2,3,"(2,3)",27,5.844634056091309,7.486565113067627,0.25786519050598145,0.0018546650240314193,0.00185394287109375,-7.221529376693486e-07,0.0003895227565687114,-2.0905532836914062,-2.0886993408203125,True,0.05886666849255562,0,1.0,40,40
theta2,T3,batch2_128_255,1,"theta2|batch2_128_255|2,3",2,3,"(2,3)",28,5.738104343414307,7.524495601654053,0.26575055718421936,0.0018736104390700348,0.0018727779388427734,-8.325002272613954e-07,0.00044452692975218073,-2.1684799194335938,-2.166607141494751,True,0.06111213192343712,0,1.0,40,40
theta2,T3,batch2_128_255,1,"theta2|batch2_128_255|2,3",2,3,"(2,3)",29,5.634372711181641,7.566213130950928,0.273480087518692,0.0018702125563286244,0.00186920166015625,-1.010896172374447e-06,0.000540817073899851,-2.246467351913452,-2.244598150253296,True,0.06335783749818802,0,1.0,40,40
theta2,T3,batch2_128_255,1,"theta2|batch2_128_255|2,3",2,3,"(2,3)",30,5.534151077270508,7.6031389236450195,0.2811228930950165,0.0018714955661125715,0.0018706321716308594,-8.633944817120886e-07,0.00046155224677835074,-2.3227813243865967,-2.320910692214966,True,0.06560175120830536,0,1.0,40,40
theta2,T3,batch2_128_255,1,"theta2|batch2_128_255|2,3",2,3,"(2,3)",31,5.436864852905273,7.6494951248168945,0.28915518522262573,0.0018601588579185773,0.0018591880798339844,-9.70778084592944e-07,0.0005221516290485411,-2.408353567123413,-2.406494379043579,True,0.06784026324748993,0,1.0,40,40
theta2,T3,batch2_128_255,1,"theta2|batch2_128_255|2,3",2,3,"(2,3)",32,5.344301223754883,7.693914413452148,0.2968253195285797,0.001847188800937147,0.0018460750579833984,-1.1137429537485047e-06,0.0006033031804054201,-2.4912021160125732,-2.48935604095459,True,0.07007353752851486,0,1.0,40,40
theta2,T3,batch2_128_255,1,"theta2|batch2_128_255|2,3",2,3,"(2,3)",33,5.253785133361816,7.733303070068359,0.3039090037345886,0.0018244439387781312,0.0018236637115478516,-7.802272302796526e-07,0.000427835036327738,-2.567901134490967,-2.566077470779419,True,0.07229619473218918,0,1.0,40,40
theta2,T3,batch2_128_255,1,"theta2|batch2_128_255|2,3",2,3,"(2,3)",34,5.165717124938965,7.774041652679443,0.31095314025878906,0.0018069780188670849,0.001806020736694336,-9.57282172748923e-07,0.0005300504879590098,-2.645359754562378,-2.6435537338256836,True,0.07450580596923828,0,1.0,40,40
theta2,T3,batch2_128_255,1,"theta2|batch2_128_255|2,3",2,3,"(2,3)",35,5.08209228515625,7.810893535614014,0.31776151061058044,0.0017778507373150205,0.0017769336700439453,-9.170672710752305e-07,0.0005160953875405775,-2.7233898639678955,-2.7216129302978516,True,0.07670097798109055,0,1.0,40,40
theta2,T3,batch2_128_255,1,"theta2|batch2_128_255|2,3",2,3,"(2,3)",36,5.000255584716797,7.850116729736328,0.3247826397418976,0.0017390363460726803,0.001737833023071289,-1.2033230013912266e-06,0.0006924272846792739,-2.8057994842529297,-2.8040616512298584,True,0.07887885719537735,0,1.0,40,40
theta2,T3,batch2_128_255,1,"theta2|batch2_128_255|2,3",2,3,"(2,3)",37,4.922183036804199,7.888864994049072,0.3315425515174866,0.0017075719715066954,0.001707315444946289,-2.5652656040629947e-07,0.00015025141438603317,-2.886362314224243,-2.884654998779297,True,0.08103744685649872,0,1.0,40,40
theta2,T3,batch2_128_255,1,"theta2|batch2_128_255|2,3",2,3,"(2,3)",38,4.846490383148193,7.925898551940918,0.3380267918109894,0.0016793857230295544,0.0016782283782958984,-1.157344733656012e-06,0.000689622907480089,-2.963253974914551,-2.961575746536255,True,0.08317437767982483,0,1.0,40,40
theta2,T3,batch2_128_255,1,"theta2|batch2_128_255|2,3",2,3,"(2,3)",39,4.773747444152832,7.962997913360596,0.34413716197013855,0.0016497545816673664,0.0016489028930664062,-8.516886009601703e-07,0.000516518349589596,-3.0381031036376953,-3.036454200744629,True,0.08528758585453033,0,1.0,40,40
theta2,T3,batch2_128_255,1,"theta2|batch2_128_255|2,4",2,4,"(2,4)",0,9.197408676147461,6.752513885498047,0.2438468486070633,0.0015835256015416235,0.0015829801559448242,-5.454455967992752e-07,0.00034456881518752725,-1.9312406778335571,-1.9296576976776123,True,0.0018888136837631464,0,0.9999061869691638,40,40
theta2,T3,batch2_128_255,1,"theta2|batch2_128_255|2,4",2,4,"(2,4)",1,9.050138473510742,6.721218109130859,0.24904555082321167,0.001560132827144116,0.0015599727630615234,-1.6006408259266504e-07,0.00010260697262337542,-1.9341371059417725,-1.932577133178711,True,0.00378218200057745,0,0.9999061869691638,40,40
theta2,T3,batch2_128_255,1,"theta2|batch2_128_255|2,4",2,4,"(2,4)",2,8.903672218322754,6.6948041915893555,0.2545190155506134,0.0015392470322549343,0.0015388727188110352,-3.7431344389912517e-07,0.0002432387287938456,-1.9408140182495117,-1.9392751455307007,True,0.005682932212948799,0,0.9999061869691638,40,40
theta2,T3,batch2_128_255,1,"theta2|batch2_128_255|2,4",2,4,"(2,4)",3,8.754510879516602,6.670121192932129,0.26012468338012695,0.0015301307060290128,0.0015298128128051758,-3.178932238370215e-07,0.0002077987719648585,-1.950332522392273,-1.9488027095794678,True,0.00759325735270977,0,0.9999061869691638,40,40
theta2,T3,batch2_128_255,1,"theta2|batch2_128_255|2,4",2,4,"(2,4)",4,8.605594635009766,6.65009069442749,0.26603779196739197,0.0015183263358194382,0.0015177726745605469,-5.536612588913185e-07,0.0003647853648779285,-1.9650485515594482,-1.9635307788848877,True,0.009512832388281822,0,0.9999061869691638,40,40
theta2,T3,batch2_128_255,1,"theta2|batch2_128_255|2,4",2,4,"(2,4)",5,8.453152656555176,6.633066654205322,0.2722611427307129,0.001510594192892313,0.0015105009078979492,-9.328499436388367e-08,6.175765527589215e-05,-1.983187198638916,-1.981676697731018,True,0.011446096003055573,0,0.9999061869691638,40,40
theta2,T3,batch2_128_255,1,"theta2|batch2_128_255|2,4",2,4,"(2,4)",6,8.305728912353516,6.615559101104736,0.27970239520072937,0.0015353508742991836,0.001535177230834961,-1.7364346422267356e-07,0.00011310971836667442,-2.011047124862671,-2.009511947631836,True,0.013397746719419956,0,0.9999061869691638,40,40
theta2,T3,batch2_128_255,1,"theta2|batch2_128_255|2,4",2,4,"(2,4)",7,8.161319732666016,6.610238075256348,0.28776970505714417,0.0015644355323165655,0.00156402587890625,-4.0965341031548065e-07,0.00026192239900912526,-2.05024790763855,-2.0486838817596436,True,0.01536643784493208,0,0.9999061869691638,40,40
theta2,T3,batch2_128_255,1,"theta2|batch2_128_255|2,4",2,4,"(2,4)",8,8.016756057739258,6.609033107757568,0.29641222953796387,0.001610128777101636,0.0016100406646728516,-8.811242878446583e-08,5.472683436996893e-05,-2.0926010608673096,-2.0909910202026367,True,0.01735633797943592,0,0.9999061869691638,40,40
theta2,T3,batch2_128_255,1,"theta2|batch2_128_255|2,4",2,4,"(2,4)",9,7.877650260925293,6.606209754943848,0.3049156367778778,0.0016416866942308844,0.0016415119171142578,-1.747771166266121e-07,0.00010647325481125137,-2.134981393814087,-2.1333398818969727,True,0.01936524733901024,0,0.9999061869691638,40,40
theta2,T3,batch2_128_255,1,"theta2|batch2_128_255|2,4",2,4,"(2,4)",10,7.74489164352417,6.609691619873047,0.3131447732448578,0.001664798099314794,0.0016646385192871094,-1.5958002768452946e-07,9.586467322219029e-05,-2.1809654235839844,-2.1793007850646973,True,0.021392758935689926,0,0.9999061869691638,40,40
theta2,T3,batch2_128_255,1,"theta2|batch2_128_255|2,4",2,4,"(2,4)",11,7.6165924072265625,6.61766242980957,0.321809858083725,0.0016939064599573613,0.0016942024230957031,2.959631383418499e-07,0.0001746917217843758,-2.2324278354644775,-2.230733633041382,True,0.02343893237411976,0,0.9999061869691638,40,40
theta2,T3,batch2_128_255,1,"theta2|batch2_128_255|2,4",2,4,"(2,4)",12,7.491986274719238,6.627028942108154,0.3298315405845642,0.0017102409646613523,0.0017094612121582031,-7.797525031492166e-07,0.0004561393365367883,-2.278773069381714,-2.2770636081695557,True,0.025503339245915413,0,0.9999061869691638,40,40
theta2,T3,batch2_128_255,1,"theta2|batch2_128_255|2,4",2,4,"(2,4)",13,7.374349594116211,6.631494045257568,0.33732789754867554,0.001743570957798511,0.001743316650390625,-2.5430740788591824e-07,0.00014587562611126072,-2.3246052265167236,-2.322861909866333,True,0.027589354664087296,0,0.9999061869691638,40,40
theta2,T3,batch2_128_255,1,"theta2|batch2_128_255|2,4",2,4,"(2,4)",14,7.259653091430664,6.63657283782959,0.3447016775608063,0.0017495690314099192,0.0017490386962890625,-5.303351208567342e-07,0.00030321520157441164,-2.3720076084136963,-2.3702585697174072,True,0.0296930018812418,0,0.9999061869691638,40,40
theta2,T3,batch2_128_255,1,"theta2|batch2_128_255|2,4",2,4,"(2,4)",15,7.148520469665527,6.647053241729736,0.3508627712726593,0.0017421199916861953,0.001741647720336914,-4.722713492812114e-07,0.00027116353311096265,-2.4135560989379883,-2.4118144512176514,True,0.031813811510801315,0,0.9999061869691638,40,40
theta2,T3,batch2_128_255,1,"theta2|batch2_128_255|2,4",2,4,"(2,4)",16,7.0406293869018555,6.656785488128662,0.35635045170783997,0.0017358538003172726,0.0017359256744384766,7.187412120394747e-08,4.1403916228842426e-05,-2.450471878051758,-2.4487359523773193,True,0.033950891345739365,0,0.9999061869691638,40,40
theta2,T3,batch2_128_255,1,"theta2|batch2_128_255|2,4",2,4,"(2,4)",17,6.940006732940674,6.66664457321167,0.3615306615829468,0.001734608145430684,0.0017337799072265625,-8.282382041216018e-07,0.00047770665738449547,-2.4869067668914795,-2.485172986984253,True,0.036103930324316025,0,0.9999061869691638,40,40
theta2,T3,batch2_128_255,1,"theta2|batch2_128_255|2,4",2,4,"(2,4)",18,6.838449478149414,6.6774797439575195,0.36600035429000854,0.0017176631136098877,0.0017170906066894531,-5.72506920434564e-07,0.0003334168378792521,-2.5183193683624268,-2.5166022777557373,True,0.03827144205570221,0,0.9999061869691638,40,40
theta2,T3,batch2_128_255,1,"theta2|batch2_128_255|2,4",2,4,"(2,4)",19,6.738162040710449,6.683103561401367,0.3698081076145172,0.0017096378250280396,0.0017092227935791016,-4.150314489379924e-07,0.00024281881244335573,-2.5461535453796387,-2.5444443225860596,True,0.04045471176505089,0,0.9999061869691638,40,40
theta2,T3,batch2_128_255,1,"theta2|batch2_128_255|2,4",2,4,"(2,4)",20,6.642682075500488,6.693736553192139,0.3728756904602051,0.0016948333198088222,0.0016942024230957031,-6.308967131190679e-07,0.00037238567512273553,-2.569256067276001,-2.5675618648529053,True,0.04265124723315239,0,0.9999061869691638,40,40
theta2,T3,batch2_128_255,1,"theta2|batch2_128_255|2,4",2,4,"(2,4)",21,6.548605442047119,6.699653148651123,0.37566158175468445,0.0016790241098497063,0.001678466796875,-5.573129747062523e-07,0.0003320369373668086,-2.591123342514038,-2.589444875717163,True,0.044860005378723145,0,0.9999061869691638,40,40
theta2,T3,batch2_128_255,1,"theta2|batch2_128_255|2,4",2,4,"(2,4)",22,6.454107761383057,6.706718444824219,0.3783559799194336,0.001678174797212705,0.0016777515411376953,-4.232560750097678e-07,0.0002522757778084083,-2.613085985183716,-2.611408233642578,True,0.04708091542124748,0,0.9999061869691638,40,40
theta2,T3,batch2_128_255,1,"theta2|batch2_128_255|2,4",2,4,"(2,4)",23,6.361104488372803,6.71327543258667,0.3806937336921692,0.001662342589639593,0.0016617774963378906,-5.650933017024157e-07,0.0003400535287953585,-2.632627248764038,-2.6309654712677,True,0.049311548471450806,0,0.9999061869691638,40,40
theta2,T3,batch2_128_255,1,"theta2|batch2_128_255|2,4",2,4,"(2,4)",24,6.269948959350586,6.7191033363342285,0.38283616304397583,0.0016424110101070255,0.0016415119171142578,-8.99092992767735e-07,0.0005477224888798376,-2.6499712467193604,-2.648329734802246,True,0.05155191197991371,0,0.9999061869691638,40,40
theta2,T3,batch2_128_255,1,"theta2|batch2_128_255|2,4",2,4,"(2,4)",25,6.182183265686035,6.724732875823975,0.3849315345287323,0.0016160811671288684,0.001615762710571289,-3.184565575793056e-07,0.0001970936422135328,-2.670182943344116,-2.668567180633545,True,0.05379871279001236,0,0.9999061869691638,40,40
theta2,T3,batch2_128_255,1,"theta2|batch2_128_255|2,4",2,4,"(2,4)",26,6.094093322753906,6.731423377990723,0.38667330145835876,0.0015949990060180426,0.0015947818756103516,-2.1713040769099495e-07,0.00013615053632829585,-2.6861555576324463,-2.684560775756836,True,0.05605204775929451,0,0.9999061869691638,40,40
theta2,T3,batch2_128_255,1,"theta2|batch2_128_255|2,4",2,4,"(2,4)",27,6.006563186645508,6.737247943878174,0.38864389061927795,0.0015776411004480907,0.0015766620635986328,-9.790368494578573e-07,0.0006209554171825932,-2.705397605895996,-2.7038209438323975,True,0.05831022933125496,0,0.9999061869691638,40,40
theta2,T3,batch2_128_255,1,"theta2|batch2_128_255|2,4",2,4,"(2,4)",28,5.9204607009887695,6.742920398712158,0.3905964195728302,0.0015576084454078229,0.0015571117401123047,-4.967052955181725e-07,0.0003189914267054131,-2.724461793899536,-2.722904682159424,True,0.06057150661945343,0,0.9999061869691638,40,40
theta2,T3,batch2_128_255,1,"theta2|batch2_128_255|2,4",2,4,"(2,4)",29,5.836613655090332,6.746563911437988,0.3922950327396393,0.0015406861432420557,0.0015397071838378906,-9.78959404165057e-07,0.0006358088177031767,-2.7423830032348633,-2.7408432960510254,True,0.06283476948738098,0,0.9999061869691638,40,40
theta2,T3,batch2_128_255,1,"theta2|batch2_128_255|2,4",2,4,"(2,4)",30,5.753174304962158,6.746402740478516,0.3941141664981842,0.001522179095831234,0.0015218257904052734,-3.533054259605931e-07,0.00023215891607836748,-2.761889696121216,-2.7603678703308105,True,0.06509805470705032,0,0.9999061869691638,40,40
theta2,T3,batch2_128_255,1,"theta2|batch2_128_255|2,4",2,4,"(2,4)",31,5.67203426361084,6.747008323669434,0.3958524465560913,0.001504301762499381,0.0015037059783935547,-5.957841058262109e-07,0.00039621050550234655,-2.780691385269165,-2.7791876792907715,True,0.06735987216234207,0,0.9999061869691638,40,40
theta2,T3,batch2_128_255,1,"theta2|batch2_128_255|2,4",2,4,"(2,4)",32,5.590487480163574,6.7467193603515625,0.3980746269226074,0.0014890471518738196,0.0014886856079101562,-3.615439636633303e-07,0.00024286119362090984,-2.80576753616333,-2.80427885055542,True,0.0696180909872055,0,0.9999061869691638,40,40
theta2,T3,batch2_128_255,1,"theta2|batch2_128_255|2,4",2,4,"(2,4)",33,5.510380268096924,6.747235298156738,0.40017056465148926,0.0014693205973308069,0.001468658447265625,-6.621500651818671e-07,0.00045085367970658537,-2.829374074935913,-2.8279054164886475,True,0.07187139987945557,0,0.9999061869691638,40,40
theta2,T3,batch2_128_255,1,"theta2|batch2_128_255|2,4",2,4,"(2,4)",34,5.43159294128418,6.747976303100586,0.40260475873947144,0.0014513357571559026,0.0014505386352539062,-7.971219019963904e-07,0.000549535105527789,-2.8561222553253174,-2.8546717166900635,True,0.07411772757768631,0,0.9999061869691638,40,40
theta2,T3,batch2_128_255,1,"theta2|batch2_128_255|2,4",2,4,"(2,4)",35,5.354071617126465,6.744917869567871,0.4049205482006073,0.0014318098175572231,0.0014307498931884766,-1.059924368746563e-06,0.0007408173670273595,-2.882510185241699,-2.8810794353485107,True,0.07635487616062164,0,0.9999061869691638,40,40
theta2,T3,batch2_128_255,1,"theta2|batch2_128_255|2,4",2,4,"(2,4)",36,5.277873992919922,6.740020751953125,0.40772390365600586,0.0014141067114978795,0.001413583755493164,-5.229560047154743e-07,0.00036995049121304314,-2.913153648376465,-2.9117400646209717,True,0.07858096808195114,0,0.9999061869691638,40,40
theta2,T3,batch2_128_255,1,"theta2|batch2_128_255|2,4",2,4,"(2,4)",37,5.205804347991943,6.734557628631592,0.41016635298728943,0.0013980933811399154,0.0013976097106933594,-4.836704465560355e-07,0.00034606975241756495,-2.940765380859375,-2.9393677711486816,True,0.08079730719327927,0,0.9999061869691638,40,40
theta2,T3,batch2_128_255,1,"theta2|batch2_128_255|2,4",2,4,"(2,4)",38,5.132912635803223,6.725169658660889,0.4131825864315033,0.001377239663794171,0.0013768672943115234,-3.7236948264760504e-07,0.0002704468936011741,-2.9740068912506104,-2.972630023956299,True,0.08299975842237473,0,0.9999061869691638,40,40
theta2,T3,batch2_128_255,1,"theta2|batch2_128_255|2,4",2,4,"(2,4)",39,5.061318397521973,6.716179370880127,0.41634702682495117,0.0013500973623304163,0.0013499259948730469,-1.7136745736941877e-07,0.0001269458163042004,-3.0096237659454346,-3.0082738399505615,True,0.08518613129854202,0,0.9999061869691638,40,40
theta2,T3,batch2_128_255,1,"theta2|batch2_128_255|2,5",2,5,"(2,5)",0,8.995354652404785,6.752513885498047,0.12101445347070694,0.0006032632302376442,0.0006032586097717285,-4.620465915688293e-09,7.659179398097054e-06,-0.8147857189178467,-0.814182460308075,True,0.0020176584366708994,0,1.0,40,40
theta2,T3,batch2_128_255,1,"theta2|batch2_128_255|2,5",2,5,"(2,5)",1,8.821382522583008,6.732499122619629,0.12364532053470612,0.000589352376293391,0.0005893707275390625,1.8351245671503758e-08,3.11370158272536e-05,-0.8197298645973206,-0.8191404938697815,True,0.004016013350337744,0,1.0,40,40
theta2,T3,batch2_128_255,1,"theta2|batch2_128_255|2,5",2,5,"(2,5)",2,8.64734172821045,6.712328910827637,0.1269407570362091,0.0005881434301845729,0.0005880594253540039,-8.400483056901758e-08,0.0001428509210926222,-0.8273035883903503,-0.8267155289649963,True,0.005998673383146524,0,1.0,40,40
theta2,T3,batch2_128_255,1,"theta2|batch2_128_255|2,5",2,5,"(2,5)",3,8.476473808288574,6.6952385902404785,0.1308363974094391,0.0005867875260300935,0.0005866289138793945,-1.5861215069894012e-07,0.0002703790197623115,-0.837009608745575,-0.8364229798316956,True,0.007967566139996052,0,1.0,40,40
theta2,T3,batch2_128_255,1,"theta2|batch2_128_255|2,5",2,5,"(2,5)",4,8.306934356689453,6.6741251945495605,0.13526003062725067,0.0005873646487016231,0.0005872249603271484,-1.3968837447462992e-07,0.00023787880950565903,-0.8450666069984436,-0.8444793820381165,True,0.009923532605171204,0,1.0,40,40
theta2,T3,batch2_128_255,1,"theta2|batch2_128_255|2,5",2,5,"(2,5)",5,8.139082908630371,6.651764392852783,0.14065445959568024,0.0005896772624691949,0.0005896091461181641,-6.811635103079298e-08,0.00011552797557374004,-0.8574931621551514,-0.8569035530090332,True,0.011868325993418694,0,1.0,40,40
theta2,T3,batch2_128_255,1,"theta2|batch2_128_255|2,5",2,5,"(2,5)",6,7.96966552734375,6.6368842124938965,0.14636461436748505,0.0006010433540213853,0.0006008744239807129,-1.6893004067244834e-07,0.0002811403413600289,-0.8740304112434387,-0.873429536819458,True,0.01380270253866911,0,1.0,40,40
theta2,T3,batch2_128_255,1,"theta2|batch2_128_255|2,5",2,5,"(2,5)",7,7.800962924957275,6.627643585205078,0.15235276520252228,0.0006160177198471502,0.0006160140037536621,-3.7160934880479946e-09,6.032482160152358e-06,-0.8869768381118774,-0.8863608241081238,True,0.015729019418358803,0,1.0,40,40
theta2,T3,batch2_128_255,1,"theta2|batch2_128_255|2,5",2,5,"(2,5)",8,7.635072231292725,6.616629600524902,0.15958628058433533,0.0006363527248613536,0.0006361007690429688,-2.5195581838488405e-07,0.00039609418923350554,-0.9058722853660583,-0.9052361845970154,True,0.017646709457039833,0,1.0,40,40
theta2,T3,batch2_128_255,1,"theta2|batch2_128_255|2,5",2,5,"(2,5)",9,7.473814964294434,6.6034770011901855,0.16704213619232178,0.0006628222689032554,0.0006629228591918945,1.0059028863909723e-07,0.00015173754720378352,-0.9212774634361267,-0.9206145405769348,True,0.019559036940336227,0,1.0,40,40
theta2,T3,batch2_128_255,1,"theta2|batch2_128_255|2,5",2,5,"(2,5)",10,7.314999580383301,6.591648578643799,0.1752723902463913,0.0006972941600251943,0.0006972551345825195,-3.9025442674731764e-08,5.597010439815289e-05,-0.9367919564247131,-0.9360947012901306,True,0.021467674523591995,0,1.0,40,40
theta2,T3,batch2_128_255,1,"theta2|batch2_128_255|2,5",2,5,"(2,5)",11,7.158855438232422,6.5897650718688965,0.18288199603557587,0.0007335242495173589,0.000733494758605957,-2.9490911401829946e-08,4.020602881727318e-05,-0.9508921504020691,-0.9501586556434631,True,0.023374883458018303,0,1.0,40,40
theta2,T3,batch2_128_255,1,"theta2|batch2_128_255|2,5",2,5,"(2,5)",12,7.0051960945129395,6.58320951461792,0.19130395352840424,0.0007768781811464578,0.0007769465446472168,6.83635007589934e-08,8.798996691597977e-05,-0.9631405472755432,-0.962363600730896,True,0.02528056688606739,0,1.0,40,40
theta2,T3,batch2_128_255,1,"theta2|batch2_128_255|2,5",2,5,"(2,5)",13,6.853704452514648,6.57933235168457,0.20029836893081665,0.0008246365587692708,0.0008244514465332031,-1.851122360676475e-07,0.00022452775945271204,-0.9746239185333252,-0.973799467086792,True,0.027185074985027313,0,1.0,40,40
theta2,T3,batch2_128_255,1,"theta2|batch2_128_255|2,5",2,5,"(2,5)",14,6.706226348876953,6.570634841918945,0.20941618084907532,0.0008739610819611699,0.000873565673828125,-3.9540813304486926e-07,0.00045263698527910133,-0.9827633500099182,-0.9818897843360901,True,0.02908794768154621,0,1.0,40,40
theta2,T3,batch2_128_255,1,"theta2|batch2_128_255|2,5",2,5,"(2,5)",15,6.560466289520264,6.559507369995117,0.21939095854759216,0.0009301890275673941,0.0009303689002990723,1.798727316781575e-07,0.00019333484988625092,-0.9917418360710144,-0.9908114671707153,True,0.03098897822201252,0,1.0,40,40
theta2,T3,batch2_128_255,1,"theta2|batch2_128_255|2,5",2,5,"(2,5)",16,6.419044017791748,6.54950475692749,0.22920678555965424,0.000985669981688261,0.0009854435920715332,-2.2638961672785847e-07,0.00022973371438943295,-0.9976668953895569,-0.9966814517974854,True,0.03288722410798073,0,1.0,40,40
theta2,T3,batch2_128_255,1,"theta2|batch2_128_255|2,5",2,5,"(2,5)",17,6.281008243560791,6.538465976715088,0.23925061523914337,0.0010443122439319269,0.001044154167175293,-1.580767566339205e-07,0.0001513921618122341,-1.0010243654251099,-0.9999802112579346,True,0.034782469272613525,0,1.0,40,40
theta2,T3,batch2_128_255,1,"theta2|batch2_128_255|2,5",2,5,"(2,5)",18,6.145835876464844,6.524523735046387,0.24972069263458252,0.0011037560512777418,0.0011038780212402344,1.2196996249254875e-07,0.00011049224655774237,-1.0024009943008423,-1.001297116279602,True,0.03667289763689041,0,1.0,40,40
theta2,T3,batch2_128_255,1,"theta2|batch2_128_255|2,5",2,5,"(2,5)",19,6.0164690017700195,6.512307643890381,0.26053839921951294,0.0011622985581634566,0.0011622905731201172,-7.98504333943302e-09,6.87009214743739e-06,-1.0062685012817383,-1.0051062107086182,True,0.03855803236365318,0,1.0,40,40
theta2,T3,batch2_128_255,1,"theta2|batch2_128_255|2,5",2,5,"(2,5)",20,5.891172409057617,6.4983344078063965,0.2712332010269165,0.0012138015658129007,0.0012137889862060547,-1.2579606845997474e-08,1.0363915795049026e-05,-1.0080088376998901,-1.006795048713684,True,0.04043499380350113,0,1.0,40,40
theta2,T3,batch2_128_255,1,"theta2|batch2_128_255|2,5",2,5,"(2,5)",21,5.7730889320373535,6.481810569763184,0.2820468842983246,0.001265747636789456,0.0012655258178710938,-2.218189183622772e-07,0.00017527806642098206,-1.0080841779708862,-1.0068186521530151,True,0.042304717004299164,0,1.0,40,40
theta2,T3,batch2_128_255,1,"theta2|batch2_128_255|2,5",2,5,"(2,5)",22,5.658677577972412,6.460106372833252,0.29330337047576904,0.0013204270058777183,0.0013200044631958008,-4.225426819175551e-07,0.0003201070100131002,-1.0066312551498413,-1.0053112506866455,True,0.04416494444012642,0,1.0,40,40
theta2,T3,batch2_128_255,1,"theta2|batch2_128_255|2,5",2,5,"(2,5)",23,5.549691200256348,6.434800148010254,0.3046029508113861,0.0013690671713557094,0.0013691186904907227,5.15191350132331e-08,3.7629414725736814e-05,-1.0023857355117798,-1.001016616821289,True,0.04601437598466873,0,1.0,40,40
theta2,T3,batch2_128_255,1,"theta2|batch2_128_255|2,5",2,5,"(2,5)",24,5.444237232208252,6.414529323577881,0.3153088688850403,0.0014132659910828806,0.0014132857322692871,1.974118640649461e-08,1.3968291022648723e-05,-0.9962642788887024,-0.9948509931564331,True,0.04785147309303284,0,1.0,40,40
theta2,T3,batch2_128_255,1,"theta2|batch2_128_255|2,5",2,5,"(2,5)",25,5.343527793884277,6.3992156982421875,0.3259791135787964,0.0014553735384833998,0.001455068588256836,-3.049502265638996e-07,0.00020957790514138463,-0.99244225025177,-0.9909871816635132,True,0.04967493936419487,0,1.0,40,40
theta2,T3,batch2_128_255,1,"theta2|batch2_128_255|2,5",2,5,"(2,5)",26,5.244855880737305,6.38077974319458,0.33638107776641846,0.0014783354449900798,0.0014781355857849121,-1.9985920516772324e-07,0.00013521033326695467,-0.9852746725082397,-0.9837965369224548,True,0.051480311900377274,0,1.0,40,40
theta2,T3,batch2_128_255,1,"theta2|batch2_128_255|2,5",2,5,"(2,5)",27,5.153712749481201,6.367928504943848,0.34584879875183105,0.0015032106728758664,0.001503288745880127,7.807300426054993e-08,5.193480259498697e-05,-0.9782877564430237,-0.9767844676971436,True,0.05326934531331062,0,1.0,40,40
theta2,T3,batch2_128_255,1,"theta2|batch2_128_255|2,5",2,5,"(2,5)",28,5.065464019775391,6.354148864746094,0.3553401231765747,0.0015314215648104437,0.0015313029289245605,-1.1863588588313483e-07,7.747381895654914e-05,-0.9702126383781433,-0.9686813354492188,True,0.05504080280661583,0,1.0,40,40
theta2,T3,batch2_128_255,1,"theta2|batch2_128_255|2,5",2,5,"(2,5)",29,4.97979736328125,6.341358661651611,0.3643580377101898,0.0015507863945094869,0.0015506744384765625,-1.1195603292438877e-07,7.219828362836647e-05,-0.9604259729385376,-0.958875298500061,True,0.05679335445165634,0,1.0,40,40
theta2,T3,batch2_128_255,1,"theta2|batch2_128_255|2,5",2,5,"(2,5)",30,4.897106170654297,6.328378677368164,0.3728276789188385,0.0015659364918537903,0.0015659928321838379,5.634033004757802e-08,3.597738692648372e-05,-0.9492130875587463,-0.9476470947265625,True,0.05852527916431427,0,1.0,40,40
theta2,T3,batch2_128_255,1,"theta2|batch2_128_255|2,5",2,5,"(2,5)",31,4.8175740242004395,6.313937664031982,0.3813384473323822,0.0015729787092423066,0.0015732645988464355,2.858896041289024e-07,0.00018171743287081216,-0.9369431138038635,-0.9353698492050171,True,0.06023517623543739,0,1.0,40,40
theta2,T3,batch2_128_255,1,"theta2|batch2_128_255|2,5",2,5,"(2,5)",32,4.742009162902832,6.299045085906982,0.38978689908981323,0.0015809256042412017,0.001580953598022461,2.7993781259207096e-08,1.7706896201269395e-05,-0.9246429800987244,-0.9230620265007019,True,0.06192217022180557,0,1.0,40,40
theta2,T3,batch2_128_255,1,"theta2|batch2_128_255|2,5",2,5,"(2,5)",33,4.669727325439453,6.286933898925781,0.39830562472343445,0.0015841872518940364,0.0015841126441955566,-7.460769847972629e-08,4.7097470469098825e-05,-0.9130325317382812,-0.9114484190940857,True,0.06358558684587479,0,1.0,40,40
theta2,T3,batch2_128_255,1,"theta2|batch2_128_255|2,5",2,5,"(2,5)",34,4.599844455718994,6.271153926849365,0.40619614720344543,0.0015800577250483913,0.00158005952835083,1.803302438797838e-09,1.141287658117549e-06,-0.8999702334403992,-0.8983901739120483,True,0.0652240589261055,0,1.0,40,40
theta2,T3,batch2_128_255,1,"theta2|batch2_128_255|2,5",2,5,"(2,5)",35,4.532207489013672,6.254704475402832,0.4137478768825531,0.0015773608143645106,0.0015774369239807129,7.610961620229534e-08,4.8248912552541415e-05,-0.8854922652244568,-0.8839148283004761,True,0.06683708727359772,0,1.0,40,40
theta2,T3,batch2_128_255,1,"theta2|batch2_128_255|2,5",2,5,"(2,5)",36,4.468442916870117,6.241990089416504,0.4206044673919678,0.0015671219349023887,0.0015671253204345703,3.385532181638881e-09,2.160345530439173e-06,-0.872908353805542,-0.8713412284851074,True,0.06842415779829025,0,1.0,40,40
theta2,T3,batch2_128_255,1,"theta2|batch2_128_255|2,5",2,5,"(2,5)",37,4.4064226150512695,6.2288818359375,0.427378386259079,0.0015581414191692601,0.001558065414428711,-7.600474054921154e-08,4.87814823725356e-05,-0.8595572710037231,-0.8579992055892944,True,0.06998394429683685,0,1.0,40,40
theta2,T3,batch2_128_255,1,"theta2|batch2_128_255|2,5",2,5,"(2,5)",38,4.348559379577637,6.216211318969727,0.4337994158267975,0.0015397424038965256,0.0015395879745483398,-1.5442934818573305e-07,0.00010030563419478326,-0.8452343344688416,-0.8436947464942932,True,0.07151682674884796,0,1.0,40,40
theta2,T3,batch2_128_255,1,"theta2|batch2_128_255|2,5",2,5,"(2,5)",39,4.29234504699707,6.2014336585998535,0.4402432143688202,0.0015243571459723172,0.0015242695808410645,-8.756513125273563e-08,5.7447273338892435e-05,-0.8303966522216797,-0.8288723826408386,True,0.07302297651767731,0,1.0,40,40
theta2,T3,batch2_128_255,1,"theta2|batch2_128_255|2,6",2,6,"(2,6)",0,9.091218948364258,6.752513885498047,0.4331021010875702,0.002287730926182121,0.0022873878479003906,-3.430782817303614e-07,0.00014998693030798224,-2.6984777450561523,-2.696190357208252,True,0.0019242861308157444,0,1.0,40,40
theta2,T3,batch2_128_255,1,"theta2|batch2_128_255|2,6",2,6,"(2,6)",1,8.943988800048828,6.711343288421631,0.4258440434932709,0.002213255640352145,0.0022127628326416016,-4.928077105433547e-07,0.00022271149138700945,-2.618809938430786,-2.6165971755981445,True,0.0038617777172476053,0,1.0,40,40
theta2,T3,batch2_128_255,1,"theta2|batch2_128_255|2,6",2,6,"(2,6)",2,8.797051429748535,6.680211544036865,0.41896799206733704,0.0021460968621540813,0.0021457672119140625,-3.2965024001881463e-07,0.00015362814670131936,-2.5491373538970947,-2.5469915866851807,True,0.005813197698444128,0,1.0,40,40
theta2,T3,batch2_128_255,1,"theta2|batch2_128_255|2,6",2,6,"(2,6)",3,8.64229965209961,6.650440216064453,0.4113415777683258,0.0020911197480745613,0.0020906925201416016,-4.272279329597256e-07,0.00020434756849409385,-2.4762766361236572,-2.4741859436035156,True,0.007780819665640593,0,1.0,40,40
theta2,T3,batch2_128_255,1,"theta2|batch2_128_255|2,6",2,6,"(2,6)",4,8.488232612609863,6.625503063201904,0.40384167432785034,0.002040670544607565,0.0020399093627929688,-7.611818145960951e-07,0.0003731449193183333,-2.4083058834075928,-2.4062659740448,True,0.009766292758286,0,1.0,40,40
theta2,T3,batch2_128_255,1,"theta2|batch2_128_255|2,6",2,6,"(2,6)",5,8.33171558380127,6.607614517211914,0.3966943919658661,0.001988257530378178,0.0019881725311279297,-8.499925024810576e-08,4.27524517703119e-05,-2.346595525741577,-2.344607353210449,True,0.011769110336899757,0,1.0,40,40
theta2,T3,batch2_128_255,1,"theta2|batch2_128_255|2,6",2,6,"(2,6)",6,8.174778938293457,6.592828750610352,0.38826727867126465,0.0019473215171601625,0.001947164535522461,-1.5698163770153442e-07,8.06206331502506e-05,-2.2814340591430664,-2.279486894607544,True,0.013791494071483612,0,1.0,40,40
theta2,T3,batch2_128_255,1,"theta2|batch2_128_255|2,6",2,6,"(2,6)",7,8.01569938659668,6.586689472198486,0.38058584928512573,0.0019068721479270608,0.0019061565399169922,-7.156080100685983e-07,0.0003754193294637601,-2.2234678268432617,-2.2215616703033447,True,0.01583472266793251,0,1.0,40,40
theta2,T3,batch2_128_255,1,"theta2|batch2_128_255|2,6",2,6,"(2,6)",8,7.861433982849121,6.5840983390808105,0.37415891885757446,0.0018782842746004464,0.0018777847290039062,-4.995455965401113e-07,0.00026602921454425783,-2.1740684509277344,-2.1721906661987305,True,0.017899690195918083,0,1.0,40,40
theta2,T3,batch2_128_255,1,"theta2|batch2_128_255|2,6",2,6,"(2,6)",9,7.711065292358398,6.585748672485352,0.36795732378959656,0.0018390244394540787,0.0018391609191894531,1.3647973537444548e-07,7.420760954109128e-05,-2.1356446743011475,-2.133805513381958,True,0.019985752180218697,0,1.0,40,40
theta2,T3,batch2_128_255,1,"theta2|batch2_128_255|2,6",2,6,"(2,6)",10,7.565218925476074,6.58720064163208,0.3613061010837555,0.0018009988747071475,0.0018007755279541016,-2.2334675304591482e-07,0.0001240280921074398,-2.0907366275787354,-2.0889358520507812,True,0.022095253691077232,0,1.0,40,40
theta2,T3,batch2_128_255,1,"theta2|batch2_128_255|2,6",2,6,"(2,6)",11,7.422367095947266,6.596557140350342,0.35459083318710327,0.0017452033362351357,0.001744985580444336,-2.17755790799792e-07,0.00012478944997605285,-2.0460355281829834,-2.044290542602539,True,0.0242265947163105,0,1.0,40,40
theta2,T3,batch2_128_255,1,"theta2|batch2_128_255|2,6",2,6,"(2,6)",12,7.284895896911621,6.612382888793945,0.34861698746681213,0.001681751684169285,0.0016813278198242188,-4.238643450662702e-07,0.00025210095263313064,-2.0105719566345215,-2.0088906288146973,True,0.026378659531474113,0,1.0,40,40
theta2,T3,batch2_128_255,1,"theta2|batch2_128_255|2,6",2,6,"(2,6)",13,7.151595592498779,6.629602909088135,0.34278780221939087,0.001613569088978693,0.0016133785247802734,-1.9056419841949335e-07,0.00011811499625944652,-1.977650761604309,-1.9760373830795288,True,0.0285525880753994,0,1.0,40,40
theta2,T3,batch2_128_255,1,"theta2|batch2_128_255|2,6",2,6,"(2,6)",14,7.025341510772705,6.649440765380859,0.33724290132522583,0.0015428713962901384,0.0015429258346557617,5.4438365623297666e-08,3.528255500073552e-05,-1.9462121725082397,-1.944669246673584,True,0.030750330537557602,0,1.0,40,40
theta2,T3,batch2_128_255,1,"theta2|batch2_128_255|2,6",2,6,"(2,6)",15,6.903502464294434,6.673551082611084,0.33206915855407715,0.0014710898185148836,0.0014711618423461914,7.202383130785334e-08,4.895710943195114e-05,-1.9205920696258545,-1.9191209077835083,True,0.032972026616334915,0,1.0,40,40
theta2,T3,batch2_128_255,1,"theta2|batch2_128_255|2,6",2,6,"(2,6)",16,6.785432815551758,6.696110248565674,0.3271476626396179,0.001391877916175872,0.0013921260833740234,2.4816719815137604e-07,0.0001782648864317707,-1.8973768949508667,-1.8959847688674927,True,0.03521731495857239,0,1.0,40,40
theta2,T3,batch2_128_255,1,"theta2|batch2_128_255|2,6",2,6,"(2,6)",17,6.670975208282471,6.716806411743164,0.32226648926734924,0.0013237392944283784,0.0013234615325927734,-2.7776183560493384e-07,0.00020987526177717824,-1.8758329153060913,-1.8745094537734985,True,0.03748948499560356,0,1.0,40,40
theta2,T3,batch2_128_255,1,"theta2|batch2_128_255|2,6",2,6,"(2,6)",18,6.559965133666992,6.739941120147705,0.31795522570610046,0.0012505525035085157,0.0012509822845458984,4.297810373826965e-07,0.0003435548550063643,-1.858976125717163,-1.8577251434326172,True,0.039787013083696365,0,1.0,40,40
theta2,T3,batch2_128_255,1,"theta2|batch2_128_255|2,6",2,6,"(2,6)",19,6.452703475952148,6.76397705078125,0.3137795329093933,0.00118054668023251,0.0011799335479736328,-6.131322588772466e-07,0.000519632872486941,-1.844885230064392,-1.8437052965164185,True,0.04211069270968437,0,1.0,40,40
theta2,T3,batch2_128_255,1,"theta2|batch2_128_255|2,6",2,6,"(2,6)",20,6.348115921020508,6.791344165802002,0.3101354241371155,0.0011148089884663933,0.0011146068572998047,-2.0213116658858617e-07,0.00018134749958228306,-1.8357963562011719,-1.834681749343872,True,0.04446030408143997,0,1.0,40,40
theta2,T3,batch2_128_255,1,"theta2|batch2_128_255|2,6",2,6,"(2,6)",21,6.24661922454834,6.818757057189941,0.306261271238327,0.0010512338025146163,0.0010510683059692383,-1.6549654537805283e-07,0.0001574555568255299,-1.8249070644378662,-1.823855996131897,True,0.04683645814657211,0,1.0,40,40
theta2,T3,batch2_128_255,1,"theta2|batch2_128_255|2,6",2,6,"(2,6)",22,6.146949768066406,6.841774940490723,0.30256199836730957,0.000985608689574292,0.000985860824584961,2.52135010668942e-07,0.0002557511206260668,-1.816046118736267,-1.8150602579116821,True,0.04923766106367111,0,1.0,40,40
theta2,T3,batch2_128_255,1,"theta2|batch2_128_255|2,6",2,6,"(2,6)",23,6.051700592041016,6.866077899932861,0.29936301708221436,0.0009257353482535109,0.000925898551940918,1.6320368740707462e-07,0.00017626519348686566,-1.811786413192749,-1.810860514640808,True,0.05166320875287056,0,1.0,40,40
theta2,T3,batch2_128_255,1,"theta2|batch2_128_255|2,6",2,6,"(2,6)",24,5.958970069885254,6.8869547843933105,0.2960250973701477,0.0008671607376891188,0.0008673667907714844,2.0605308236553398e-07,0.00023756164584334485,-1.805182695388794,-1.8043153285980225,True,0.05411181226372719,0,1.0,40,40
theta2,T3,batch2_128_255,1,"theta2|batch2_128_255|2,6",2,6,"(2,6)",25,5.870176315307617,6.90493106842041,0.29250940680503845,0.0008135386659705546,0.0008134841918945312,-5.447407602332099e-08,6.696390239182864e-05,-1.7957797050476074,-1.794966220855713,True,0.05658331513404846,0,1.0,40,40
theta2,T3,batch2_128_255,1,"theta2|batch2_128_255|2,6",2,6,"(2,6)",26,5.780231952667236,6.925887107849121,0.2900477945804596,0.0007577462721383199,0.0007573366165161133,-4.0965562220663266e-07,0.0005409161702640542,-1.7976940870285034,-1.7969367504119873,True,0.059074677526950836,0,1.0,40,40
theta2,T3,batch2_128_255,1,"theta2|batch2_128_255|2,6",2,6,"(2,6)",27,5.692355155944824,6.943288326263428,0.287828266620636,0.0007043070344661828,0.0007040500640869141,-2.569703792687115e-07,0.00036498878755444425,-1.8006622791290283,-1.7999582290649414,True,0.06158357486128807,0,1.0,40,40
theta2,T3,batch2_128_255,1,"theta2|batch2_128_255|2,6",2,6,"(2,6)",28,5.60578727722168,6.9605021476745605,0.2856753468513489,0.0006527330451353919,0.0006529092788696289,1.7623373423699545e-07,0.0002699207071189217,-1.8051202297210693,-1.8044673204421997,True,0.06410817801952362,0,1.0,40,40
theta2,T3,batch2_128_255,1,"theta2|batch2_128_255|2,6",2,6,"(2,6)",29,5.521297931671143,6.977611064910889,0.28398945927619934,0.0006030197593208869,0.0006028413772583008,-1.7838206258608772e-07,0.0002959021548875136,-1.8143012523651123,-1.813698410987854,True,0.0666467547416687,0,1.0,40,40
theta2,T3,batch2_128_255,1,"theta2|batch2_128_255|2,6",2,6,"(2,6)",30,5.437925338745117,6.994266033172607,0.2825951874256134,0.0005657442441297462,0.0005657672882080078,2.3044078261585423e-08,4.073066566745924e-05,-1.8247511386871338,-1.8241853713989258,True,0.06919751316308975,0,1.0,40,40
theta2,T3,batch2_128_255,1,"theta2|batch2_128_255|2,6",2,6,"(2,6)",31,5.358856201171875,7.010759353637695,0.2813970446586609,0.0005057945173975896,0.0005056858062744141,-1.0871112317550197e-07,0.00021497760432791165,-1.8383796215057373,-1.837873935699463,True,0.07175551354885101,0,1.0,40,40
theta2,T3,batch2_128_255,1,"theta2|batch2_128_255|2,6",2,6,"(2,6)",32,5.280521392822266,7.02696418762207,0.2803131937980652,0.00045719535922398793,0.0004571676254272461,-2.7733796741839876e-08,6.066439353819346e-05,-1.853835105895996,-1.8533779382705688,True,0.07431989908218384,0,1.0,40,40
theta2,T3,batch2_128_255,1,"theta2|batch2_128_255|2,6",2,6,"(2,6)",33,5.2033233642578125,7.043340682983398,0.27922168374061584,0.0004098145931129693,0.0004099607467651367,1.4615365216740037e-07,0.00035650645414384187,-1.8704496622085571,-1.870039701461792,True,0.07688791304826736,0,1.0,40,40
theta2,T3,batch2_128_255,1,"theta2|batch2_128_255|2,6",2,6,"(2,6)",34,5.127948760986328,7.060591697692871,0.2787492573261261,0.0003626674377519521,0.00036203861236572266,-6.288253862294377e-07,0.0017369014374472673,-1.891589641571045,-1.8912276029586792,True,0.07945773750543594,0,1.0,40,40
theta2,T3,batch2_128_255,1,"theta2|batch2_128_255|2,6",2,6,"(2,6)",35,5.05357551574707,7.075383186340332,0.2780151963233948,0.0003166224869037251,0.0003161430358886719,-4.794510150532192e-07,0.0015165635823844476,-1.9112752676010132,-1.9109591245651245,True,0.0820256695151329,0,1.0,40,40
theta2,T3,batch2_128_255,1,"theta2|batch2_128_255|2,6",2,6,"(2,6)",36,4.983028411865234,7.089208602905273,0.2776700556278229,0.0002711530537198996,0.0002709627151489258,-1.903385709738385e-07,0.0007024529956795905,-1.935651421546936,-1.935380458831787,True,0.0845889151096344,0,1.0,40,40
theta2,T3,batch2_128_255,1,"theta2|batch2_128_255|2,6",2,6,"(2,6)",37,4.911708831787109,7.099455833435059,0.27776435017585754,0.0002271143606981241,0.00022673606872558594,-3.782919725381492e-07,0.0016684243255359087,-1.9629391431808472,-1.9627124071121216,True,0.08714508265256882,0,1.0,40,40
theta2,T3,batch2_128_255,1,"theta2|batch2_128_255|2,6",2,6,"(2,6)",38,4.84431791305542,7.114105224609375,0.27772191166877747,0.00018801610308855744,0.0001882314682006836,2.153651121261581e-07,0.001144150413237737,-1.9901920557022095,-1.9900038242340088,True,0.08969102799892426,0,1.0,40,40
theta2,T3,batch2_128_255,1,"theta2|batch2_128_255|2,6",2,6,"(2,6)",39,4.776878356933594,7.130533218383789,0.2779959440231323,0.00015088434617337043,0.00015044212341308594,-4.4222276028449566e-07,0.0029394876265488134,-2.0214741230010986,-2.0213236808776855,True,0.09222560375928879,0,1.0,40,40
theta2,T3,batch2_128_255,1,"theta2|batch2_128_255|2,7",2,7,"(2,7)",0,9.125147819519043,6.752513885498047,0.2551533281803131,0.0015249936496838927,0.0015243291854858398,-6.644641980528727e-07,0.00043590597384061253,-1.8078784942626953,-1.8063541650772095,True,0.002042059786617756,1,0.9998592771529491,40,40
theta2,T3,batch2_128_255,1,"theta2|batch2_128_255|2,7",2,7,"(2,7)",1,8.975915908813477,6.737135410308838,0.25794345140457153,0.0015168172935955226,0.0015168190002441406,1.7066486180002116e-09,1.1251498153210875e-06,-1.826625108718872,-1.825108289718628,True,0.00407961942255497,1,0.9998592771529491,40,40
theta2,T3,batch2_128_255,1,"theta2|batch2_128_255|2,7",2,7,"(2,7)",2,8.827152252197266,6.7287278175354,0.26041415333747864,0.0015144629876594992,0.0015141963958740234,-2.665917854757262e-07,0.0001760615638778114,-1.8473000526428223,-1.8457858562469482,True,0.006115732714533806,1,0.9998592771529491,40,40
theta2,T3,batch2_128_255,1,"theta2|batch2_128_255|2,7",2,7,"(2,7)",3,8.677471160888672,6.722579479217529,0.26315709948539734,0.0015148596395738424,0.001514434814453125,-4.248251207173651e-07,0.0002805172706431561,-1.8682185411453247,-1.8667041063308716,True,0.008150321431457996,1,0.9998592771529491,40,40
theta2,T3,batch2_128_255,1,"theta2|batch2_128_255|2,7",2,7,"(2,7)",4,8.528329849243164,6.7226972579956055,0.2660738229751587,0.0015242276159115136,0.0015238523483276367,-3.752675838768725e-07,0.0002462624310607998,-1.893054485321045,-1.8915306329727173,True,0.01018557883799076,1,0.9998592771529491,40,40
theta2,T3,batch2_128_255,1,"theta2|batch2_128_255|2,7",2,7,"(2,7)",5,8.376411437988281,6.726632595062256,0.26903900504112244,0.0015359271685592831,0.0015355348587036133,-3.923098556698687e-07,0.00025548743061494495,-1.9193089008331299,-1.9177733659744263,True,0.012222927995026112,1,0.9998592771529491,40,40
theta2,T3,batch2_128_255,1,"theta2|batch2_128_255|2,7",2,7,"(2,7)",6,8.224318504333496,6.729785919189453,0.27172210812568665,0.0015452432930469513,0.0015451908111572266,-5.248188972468981e-08,3.3964665946586235e-05,-1.9426560401916504,-1.9411108493804932,True,0.014263324439525604,1,0.9998592771529491,40,40
theta2,T3,batch2_128_255,1,"theta2|batch2_128_255|2,7",2,7,"(2,7)",7,8.06977653503418,6.7423577308654785,0.2743983566761017,0.0015484795630909503,0.0015486478805541992,1.6831746324887445e-07,0.00010868672301972244,-1.9668365716934204,-1.9652879238128662,True,0.01630553975701332,1,0.9998592771529491,40,40
theta2,T3,batch2_128_255,1,"theta2|batch2_128_255|2,7",2,7,"(2,7)",8,7.9188642501831055,6.758968830108643,0.27668994665145874,0.0015667395412456244,0.0015665292739868164,-2.1026725880802025e-07,0.0001342249151034951,-1.989549994468689,-1.9879834651947021,True,0.01835477724671364,1,0.9998592771529491,40,40
theta2,T3,batch2_128_255,1,"theta2|batch2_128_255|2,7",2,7,"(2,7)",9,7.772094249725342,6.781321048736572,0.2793630063533783,0.0015835082535631956,0.001583099365234375,-4.08888328820578e-07,0.00025828342667552195,-2.0165457725524902,-2.014962673187256,True,0.020411500707268715,1,0.9998592771529491,40,40
theta2,T3,batch2_128_255,1,"theta2|batch2_128_255|2,7",2,7,"(2,7)",10,7.624881744384766,6.809747695922852,0.2827224135398865,0.0016029013602528721,0.0016028881072998047,-1.325295306744273e-08,8.268171063898157e-06,-2.049851417541504,-2.048248529434204,True,0.02247699163854122,1,0.9998592771529491,40,40
theta2,T3,batch2_128_255,1,"theta2|batch2_128_255|2,7",2,7,"(2,7)",11,7.4806718826293945,6.841397762298584,0.28574270009994507,0.0016141717499122024,0.0016143321990966797,1.604491844772911e-07,9.93904380815005e-05,-2.0821731090545654,-2.0805587768554688,True,0.024551259353756905,1,0.9998592771529491,40,40
theta2,T3,batch2_128_255,1,"theta2|batch2_128_255|2,7",2,7,"(2,7)",12,7.342423439025879,6.871261119842529,0.28904446959495544,0.0016246100820135325,0.0016241073608398438,-5.027211736887902e-07,0.0003095369098190821,-2.117658853530884,-2.116034746170044,True,0.026637094095349312,1,0.9998592771529491,40,40
theta2,T3,batch2_128_255,1,"theta2|batch2_128_255|2,7",2,7,"(2,7)",13,7.2083845138549805,6.903108596801758,0.2918582558631897,0.0016383939757943153,0.0016376972198486328,-6.967559456824701e-07,0.00042544857330030093,-2.1509368419647217,-2.149299144744873,True,0.028737105429172516,1,0.9998592771529491,40,40
theta2,T3,batch2_128_255,1,"theta2|batch2_128_255|2,7",2,7,"(2,7)",14,7.075183868408203,6.937222480773926,0.29480084776878357,0.0016573090150486679,0.0016567707061767578,-5.383088719100506e-07,0.0003249145279447133,-2.1866672039031982,-2.1850104331970215,True,0.030854148790240288,1,0.9998592771529491,40,40
theta2,T3,batch2_128_255,1,"theta2|batch2_128_255|2,7",2,7,"(2,7)",15,6.948431015014648,6.9718241691589355,0.2976163923740387,0.0016584406705806032,0.0016582012176513672,-2.394529292359688e-07,0.0001444052306119541,-2.2218472957611084,-2.220189094543457,True,0.03298703581094742,1,0.9998592771529491,40,40
theta2,T3,batch2_128_255,1,"theta2|batch2_128_255|2,7",2,7,"(2,7)",16,6.826206207275391,7.006784915924072,0.30101826786994934,0.001660406976705417,0.0016598701477050781,-5.368290003388444e-07,0.00032341626306193853,-2.2625577449798584,-2.2608978748321533,True,0.03513867408037186,1,0.9998592771529491,40,40
theta2,T3,batch2_128_255,1,"theta2|batch2_128_255|2,7",2,7,"(2,7)",17,6.703995227813721,7.049365043640137,0.3038375973701477,0.0016602125072386117,0.0016598701477050781,-3.423595335335511e-07,0.0002062568171413254,-2.30214786529541,-2.300487995147705,True,0.03730998933315277,1,0.9998592771529491,40,40
theta2,T3,batch2_128_255,1,"theta2|batch2_128_255|2,7",2,7,"(2,7)",18,6.589379787445068,7.0864667892456055,0.3070744276046753,0.0016659977664239705,0.0016651153564453125,-8.824099786580199e-07,0.0005299392472974295,-2.3448004722595215,-2.343135356903076,True,0.03950243070721626,1,0.9998592771529491,40,40
theta2,T3,batch2_128_255,1,"theta2|batch2_128_255|2,7",2,7,"(2,7)",19,6.477597236633301,7.126870632171631,0.31033846735954285,0.0016478500089142471,0.00164794921875,9.920983575287257e-08,6.020199811018756e-05,-2.390214681625366,-2.388566732406616,True,0.04171432554721832,1,0.9998592771529491,40,40
theta2,T3,batch2_128_255,1,"theta2|batch2_128_255|2,7",2,7,"(2,7)",20,6.36729621887207,7.165194988250732,0.313527911901474,0.0016381605088245123,0.0016376972198486328,-4.6328897587949273e-07,0.00028289049420399765,-2.4351367950439453,-2.4334990978240967,True,0.0439477376639843,1,0.9998592771529491,40,40
theta2,T3,batch2_128_255,1,"theta2|batch2_128_255|2,7",2,7,"(2,7)",21,6.260295867919922,7.205196380615234,0.31743958592414856,0.0016286913944641129,0.0016283988952636719,-2.924992004410109e-07,0.0001796238018164764,-2.4864370822906494,-2.4848086833953857,True,0.04620187357068062,1,0.9998592771529491,40,40
theta2,T3,batch2_128_255,1,"theta2|batch2_128_255|2,7",2,7,"(2,7)",22,6.157565116882324,7.245726585388184,0.3202272355556488,0.0016152709741145373,0.0016148090362548828,-4.6193785965451505e-07,0.00028606345969295306,-2.5274336338043213,-2.5258188247680664,True,0.04847763851284981,1,0.9998592771529491,40,40
theta2,T3,batch2_128_255,1,"theta2|batch2_128_255|2,7",2,7,"(2,7)",23,6.056098937988281,7.285168647766113,0.3226475119590759,0.001597071081865579,0.0015971660614013672,9.497953578816408e-08,5.946753946476187e-05,-2.5659244060516357,-2.5643272399902344,True,0.05077337846159935,1,0.9998592771529491,40,40
theta2,T3,batch2_128_255,1,"theta2|batch2_128_255|2,7",2,7,"(2,7)",24,5.95747709274292,7.322706699371338,0.3251754343509674,0.0015832039280794562,0.001583099365234375,-1.0456284508120889e-07,6.604945171317692e-05,-2.605156660079956,-2.6035735607147217,True,0.0530877411365509,1,0.9998592771529491,40,40
theta2,T3,batch2_128_255,1,"theta2|batch2_128_255|2,7",2,7,"(2,7)",25,5.860953330993652,7.362907409667969,0.32764625549316406,0.0015661504522431642,0.0015659332275390625,-2.1722470410173549e-07,0.00013871900811704104,-2.6453185081481934,-2.6437525749206543,True,0.0554187186062336,1,0.9998592771529491,40,40
theta2,T3,batch2_128_255,1,"theta2|batch2_128_255|2,7",2,7,"(2,7)",26,5.765303134918213,7.404324531555176,0.3297290802001953,0.0015581627384526656,0.001558065414428711,-9.732402395470387e-08,6.246465844977969e-05,-2.678969621658325,-2.6774115562438965,True,0.05776449292898178,1,0.9998592771529491,40,40
theta2,T3,batch2_128_255,1,"theta2|batch2_128_255|2,7",2,7,"(2,7)",27,5.672255992889404,7.440310001373291,0.33136266469955444,0.0015465791559545325,0.0015463829040527344,-1.962519017980821e-07,0.00012691028934926042,-2.709399938583374,-2.7078535556793213,True,0.06012433394789696,1,0.9998592771529491,40,40
theta2,T3,batch2_128_255,1,"theta2|batch2_128_255|2,7",2,7,"(2,7)",28,5.5821709632873535,7.477799415588379,0.33294036984443665,0.0015258470286498777,0.00152587890625,3.187760012229347e-08,2.089130401614625e-05,-2.740821361541748,-2.739295482635498,True,0.06249501183629036,1,0.9998592771529491,40,40
theta2,T3,batch2_128_255,1,"theta2|batch2_128_255|2,7",2,7,"(2,7)",29,5.493474006652832,7.5141377449035645,0.3341410756111145,0.001516349490149878,0.001516580581665039,2.3109151516096e-07,0.00015237668077435547,-2.7650146484375,-2.763498067855835,True,0.06487400829792023,1,0.9998592771529491,40,40
theta2,T3,batch2_128_255,1,"theta2|batch2_128_255|2,7",2,7,"(2,7)",30,5.406835079193115,7.547828197479248,0.3353618085384369,0.0014974971108022146,0.001497030258178711,-4.668526235036656e-07,0.00031185249660326783,-2.788896083831787,-2.7873990535736084,True,0.06725797057151794,1,0.9998592771529491,40,40
theta2,T3,batch2_128_255,1,"theta2|batch2_128_255|2,7",2,7,"(2,7)",31,5.322113037109375,7.581946849822998,0.33668625354766846,0.001483447358914418,0.0014829635620117188,-4.837969026993353e-07,0.0003262365408648606,-2.8141863346099854,-2.8127033710479736,True,0.06964359432458878,1,0.9998592771529491,40,40
theta2,T3,batch2_128_255,1,"theta2|batch2_128_255|2,7",2,7,"(2,7)",32,5.238771438598633,7.614912986755371,0.3381716012954712,0.0014624252510548105,0.0014619827270507812,-4.425240040292072e-07,0.0003026875734174364,-2.840803623199463,-2.839341640472412,True,0.07202643156051636,1,0.9998592771529491,40,40
theta2,T3,batch2_128_255,1,"theta2|batch2_128_255|2,7",2,7,"(2,7)",33,5.15993070602417,7.649287700653076,0.339020311832428,0.0014500400627148339,0.0014498233795166016,-2.1668319823229393e-07,0.00014945489312259553,-2.8592166900634766,-2.85776686668396,True,0.07440563291311264,1,0.9998592771529491,40,40
theta2,T3,batch2_128_255,1,"theta2|batch2_128_255|2,7",2,7,"(2,7)",34,5.081573486328125,7.683025360107422,0.3395627737045288,0.0014289299533702434,0.0014286041259765625,-3.258273936809341e-07,0.00022807395537809022,-2.8752360343933105,-2.873807430267334,True,0.07677752524614334,1,0.9998592771529491,40,40
theta2,T3,batch2_128_255,1,"theta2|batch2_128_255|2,7",2,7,"(2,7)",35,5.005903244018555,7.711111068725586,0.3395128846168518,0.001410514664312359,0.0014100074768066406,-5.071875057182686e-07,0.0003597055434535267,-2.8819010257720947,-2.880491018295288,True,0.07913902401924133,1,0.9998592771529491,40,40
theta2,T3,batch2_128_255,1,"theta2|batch2_128_255|2,7",2,7,"(2,7)",36,4.93096923828125,7.743478775024414,0.3394986689090729,0.0013943184428208042,0.0013935565948486328,-7.618479721713776e-07,0.0005466932415860219,-2.8918983936309814,-2.890504837036133,True,0.08148625493049622,1,0.9998592771529491,40,40
theta2,T3,batch2_128_255,1,"theta2|batch2_128_255|2,7",2,7,"(2,7)",37,4.85941743850708,7.772969722747803,0.33976441621780396,0.001368284768454032,0.0013675689697265625,-7.157987274694546e-07,0.0005234096000383618,-2.9023072719573975,-2.900939702987671,True,0.08381698280572891,1,0.9998592771529491,40,40
theta2,T3,batch2_128_255,1,"theta2|batch2_128_255|2,7",2,7,"(2,7)",38,4.791281700134277,7.804077625274658,0.3402574360370636,0.001343185509380419,0.0013425350189208984,-6.504904595204791e-07,0.0004845240163964808,-2.9144415855407715,-2.9130990505218506,True,0.08612914383411407,1,0.9998592771529491,40,40
theta2,T3,batch2_128_255,1,"theta2|batch2_128_255|2,7",2,7,"(2,7)",39,4.7241716384887695,7.835418224334717,0.34073734283447266,0.0013210557276324836,0.0013208389282226562,-2.1679940982732848e-07,0.00016413765917624605,-2.925549268722534,-2.9242284297943115,True,0.08841928094625473,1,0.9998592771529491,40,40
theta2,T3,batch2_128_255,1,"theta2|batch2_128_255|3,4",3,4,"(3,4)",0,9.199790000915527,6.752513885498047,0.2307817041873932,0.00160764449252747,0.0016072988510131836,-3.456415142864735e-07,0.00021504495823448979,-1.8481791019439697,-1.8465718030929565,True,0.0019301045686006546,0,1.0,40,40
theta2,T3,batch2_128_255,1,"theta2|batch2_128_255|3,4",3,4,"(3,4)",1,9.045948028564453,6.722553730010986,0.23296578228473663,0.0015575810223817826,0.0015573501586914062,-2.308636903763147e-07,0.0001482413502755876,-1.8147872686386108,-1.8132299184799194,True,0.003874105866998434,0,1.0,40,40
theta2,T3,batch2_128_255,1,"theta2|batch2_128_255|3,4",3,4,"(3,4)",2,8.892486572265625,6.69780969619751,0.23523209989070892,0.0015118956805672498,0.0015115737915039062,-3.218890633435202e-07,0.0002129496192331199,-1.7827553749084473,-1.7812438011169434,True,0.005836070515215397,0,1.0,40,40
theta2,T3,batch2_128_255,1,"theta2|batch2_128_255|3,4",3,4,"(3,4)",3,8.737746238708496,6.681252479553223,0.23663613200187683,0.0014739122963510454,0.001473546028137207,-3.662682138384169e-07,0.00024856245196591334,-1.748862385749817,-1.7473888397216797,True,0.007817837409675121,0,1.0,40,40
theta2,T3,batch2_128_255,1,"theta2|batch2_128_255|3,4",3,4,"(3,4)",4,8.583595275878906,6.669627666473389,0.23855899274349213,0.0014242000258527696,0.001423954963684082,-2.4506216868757855e-07,0.0001720996625156945,-1.7194632291793823,-1.7180392742156982,True,0.009821814484894276,0,1.0,40,40
theta2,T3,batch2_128_255,1,"theta2|batch2_128_255|3,4",3,4,"(3,4)",5,8.437009811401367,6.6589202880859375,0.24105317890644073,0.0013946784862782806,0.0013943910598754883,-2.874264027922721e-07,0.00020613041137680397,-1.694941520690918,-1.6935471296310425,True,0.011852656491100788,0,1.0,40,40
theta2,T3,batch2_128_255,1,"theta2|batch2_128_255|3,4",3,4,"(3,4)",6,8.292226791381836,6.654388427734375,0.24370509386062622,0.0013782933088950812,0.0013779401779174805,-3.5313097760075567e-07,0.0002562745344536309,-1.6766537427902222,-1.6752758026123047,True,0.01391243189573288,0,1.0,40,40
theta2,T3,batch2_128_255,1,"theta2|batch2_128_255|3,4",3,4,"(3,4)",7,8.149094581604004,6.656283855438232,0.24672754108905792,0.0013620256966678426,0.0013617277145385742,-2.9798212926833434e-07,0.00021882651435151744,-1.6614257097244263,-1.6600639820098877,True,0.01600128971040249,0,1.0,40,40
theta2,T3,batch2_128_255,1,"theta2|batch2_128_255|3,4",3,4,"(3,4)",8,8.014287948608398,6.665193557739258,0.25055834650993347,0.0013508429374778643,0.0013507604598999023,-8.247757796197609e-08,6.106010681426673e-05,-1.6581029891967773,-1.6567522287368774,True,0.01811770536005497,0,1.0,40,40
theta2,T3,batch2_128_255,1,"theta2|batch2_128_255|3,4",3,4,"(3,4)",9,7.8817362785339355,6.674371242523193,0.2537976801395416,0.0013296254019951447,0.0013293027877807617,-3.226142143829963e-07,0.0002426943036218203,-1.6523914337158203,-1.6510621309280396,True,0.020259208977222443,0,1.0,40,40
theta2,T3,batch2_128_255,1,"theta2|batch2_128_255|3,4",3,4,"(3,4)",10,7.754229545593262,6.686692714691162,0.25704479217529297,0.0013069053923245519,0.0013066530227661133,-2.523695584386032e-07,0.0001931419849351824,-1.649052381515503,-1.6477457284927368,True,0.022424103692173958,0,1.0,40,40
theta2,T3,batch2_128_255,1,"theta2|batch2_128_255|3,4",3,4,"(3,4)",11,7.631175994873047,6.697415828704834,0.2597382664680481,0.0012746614494826645,0.0012743473052978516,-3.141441848129173e-07,0.0002465137906337808,-1.6455186605453491,-1.6442443132400513,True,0.024609429761767387,0,1.0,40,40
theta2,T3,batch2_128_255,1,"theta2|batch2_128_255|3,4",3,4,"(3,4)",12,7.516357421875,6.714054107666016,0.26240426301956177,0.0012391855457099155,0.0012388229370117188,-3.626086981967265e-07,0.0002927042173366672,-1.6474658250808716,-1.6462270021438599,True,0.026815030723810196,0,1.0,40,40
theta2,T3,batch2_128_255,1,"theta2|batch2_128_255|3,4",3,4,"(3,4)",13,7.404897689819336,6.731919765472412,0.2646021246910095,0.0012004620485240594,0.0012004375457763672,-2.4502747692162555e-08,2.0411513933709668e-05,-1.646699070930481,-1.6454986333847046,True,0.029040200635790825,0,1.0,40,40
theta2,T3,batch2_128_255,1,"theta2|batch2_128_255|3,4",3,4,"(3,4)",14,7.299030303955078,6.748930931091309,0.26650765538215637,0.0011674193226499483,0.00116729736328125,-1.2195936869826077e-07,0.00010448012009162375,-1.6456936597824097,-1.6445263624191284,True,0.03128563240170479,0,1.0,40,40
theta2,T3,batch2_128_255,1,"theta2|batch2_128_255|3,4",3,4,"(3,4)",15,7.196351051330566,6.772153377532959,0.26876094937324524,0.0011313637411221862,0.0011315345764160156,1.7083529382940464e-07,0.00015097664480612035,-1.6500120162963867,-1.6488804817199707,True,0.03355191648006439,0,1.0,40,40
theta2,T3,batch2_128_255,1,"theta2|batch2_128_255|3,4",3,4,"(3,4)",16,7.095747470855713,6.7907185554504395,0.2706398665904999,0.0010993792099761777,0.0010989904403686523,-3.887696075253154e-07,0.000353751582584198,-1.6522451639175415,-1.6511461734771729,True,0.03583860024809837,0,1.0,40,40
theta2,T3,batch2_128_255,1,"theta2|batch2_128_255|3,4",3,4,"(3,4)",17,6.997814178466797,6.8093085289001465,0.2723156213760376,0.0010693436728906817,0.0010690689086914062,-2.747641992754523e-07,0.000257012618215394,-1.6549427509307861,-1.6538736820220947,True,0.03814520314335823,0,1.0,40,40
theta2,T3,batch2_128_255,1,"theta2|batch2_128_255|3,4",3,4,"(3,4)",18,6.903092384338379,6.832883358001709,0.2741160988807678,0.0010568429627455772,0.0010570287704467773,1.8580770120017916e-07,0.0001757830121517348,-1.66130793094635,-1.6602509021759033,True,0.04047343507409096,0,1.0,40,40
theta2,T3,batch2_128_255,1,"theta2|batch2_128_255|3,4",3,4,"(3,4)",19,6.807048320770264,6.8532938957214355,0.27560076117515564,0.0010307327086338774,0.0010306835174560547,-4.919117782271713e-08,4.772675315904089e-05,-1.6650696992874146,-1.6640390157699585,True,0.042820047587156296,0,1.0,40,40
theta2,T3,batch2_128_255,1,"theta2|batch2_128_255|3,4",3,4,"(3,4)",20,6.712162494659424,6.87942361831665,0.277008593082428,0.001001220750506036,0.0010007619857788086,-4.587647272273447e-07,0.0004584154211956071,-1.670667290687561,-1.6696665287017822,True,0.045185379683971405,0,1.0,40,40
theta2,T3,batch2_128_255,1,"theta2|batch2_128_255|3,4",3,4,"(3,4)",21,6.6172990798950195,6.903195381164551,0.27840346097946167,0.0009733987834188156,0.0009733438491821289,-5.493423668669235e-08,5.643867450629283e-05,-1.6766846179962158,-1.6757112741470337,True,0.04756908491253853,0,1.0,40,40
theta2,T3,batch2_128_255,1,"theta2|batch2_128_255|3,4",3,4,"(3,4)",22,6.524811267852783,6.928229331970215,0.27960941195487976,0.0009462205729796552,0.0009461641311645508,-5.644181510437284e-08,5.965330247184867e-05,-1.6822576522827148,-1.6813114881515503,True,0.04997079446911812,0,1.0,40,40
theta2,T3,batch2_128_255,1,"theta2|batch2_128_255|3,4",3,4,"(3,4)",23,6.431950092315674,6.951572418212891,0.2814639210700989,0.0009220787809754256,0.0009213685989379883,-7.101820374373277e-07,0.000770790363656756,-1.6932047605514526,-1.6922833919525146,True,0.05238938331604004,0,1.0,40,40
theta2,T3,batch2_128_255,1,"theta2|batch2_128_255|3,4",3,4,"(3,4)",24,6.339635848999023,6.974040985107422,0.2832103371620178,0.000893478836020222,0.0008932352066040039,-2.4362941621806997e-07,0.0002727494554814135,-1.7059087753295898,-1.7050155401229858,True,0.054824452847242355,0,1.0,40,40
theta2,T3,batch2_128_255,1,"theta2|batch2_128_255|3,4",3,4,"(3,4)",25,6.249752044677734,6.996614933013916,0.2852303981781006,0.0008589445374673233,0.0008587837219238281,-1.60815543495175e-07,0.00018725965500943545,-1.720550775527954,-1.7196919918060303,True,0.057273950427770615,0,1.0,40,40
theta2,T3,batch2_128_255,1,"theta2|batch2_128_255|3,4",3,4,"(3,4)",26,6.159706115722656,7.02146577835083,0.2869829833507538,0.0008272071483952459,0.0008268356323242188,-3.7151607102715346e-07,0.00044932276319881024,-1.7362498044967651,-1.735422968864441,True,0.05973723903298378,0,1.0,40,40
theta2,T3,batch2_128_255,1,"theta2|batch2_128_255|3,4",3,4,"(3,4)",27,6.0702104568481445,7.04683780670166,0.28901854157447815,0.0007951636027137283,0.0007951259613037109,-3.7641410017370466e-08,4.7340184888005104e-05,-1.7538834810256958,-1.753088355064392,True,0.06221245601773262,0,1.0,40,40
theta2,T3,batch2_128_255,1,"theta2|batch2_128_255|3,4",3,4,"(3,4)",28,5.981507778167725,7.070677757263184,0.2912386357784271,0.0007700842428603209,0.0007699728012084961,-1.1144165182482534e-07,0.00014473453042745694,-1.7743523120880127,-1.7735823392868042,True,0.06469878554344177,0,1.0,40,40
theta2,T3,batch2_128_255,1,"theta2|batch2_128_255|3,4",3,4,"(3,4)",29,5.894723415374756,7.09356164932251,0.2934265732765198,0.0007378174502227921,0.000737309455871582,-5.079943512100544e-07,0.0006889839092183463,-1.7954713106155396,-1.794734001159668,True,0.06719493120908737,0,1.0,40,40
theta2,T3,batch2_128_255,1,"theta2|batch2_128_255|3,4",3,4,"(3,4)",30,5.807666301727295,7.116926670074463,0.2956087589263916,0.0007103781062178314,0.0007097721099853516,-6.059962324798506e-07,0.0008537898629073454,-1.8155494928359985,-1.8148397207260132,True,0.06969790905714035,0,1.0,40,40
theta2,T3,batch2_128_255,1,"theta2|batch2_128_255|3,4",3,4,"(3,4)",31,5.722466468811035,7.139662742614746,0.29840949177742004,0.0006823163820808986,0.0006818771362304688,-4.3924585042983116e-07,0.0006441715480563785,-1.8440302610397339,-1.8433483839035034,True,0.07220680266618729,0,1.0,40,40
theta2,T3,batch2_128_255,1,"theta2|batch2_128_255|3,4",3,4,"(3,4)",32,5.63759708404541,7.162469863891602,0.30140450596809387,0.0006414537400269183,0.000640869140625,-5.845994019182702e-07,0.0009121977715265657,-1.8757792711257935,-1.8751384019851685,True,0.07471972703933716,0,1.0,40,40
theta2,T3,batch2_128_255,1,"theta2|batch2_128_255|3,4",3,4,"(3,4)",33,5.554471015930176,7.184212684631348,0.30454447865486145,0.0006063629524869612,0.0006059408187866211,-4.2213370034010957e-07,0.0006966582993788405,-1.9097297191619873,-1.9091237783432007,True,0.07723481208086014,0,1.0,40,40
theta2,T3,batch2_128_255,1,"theta2|batch2_128_255|3,4",3,4,"(3,4)",34,5.472091197967529,7.203799247741699,0.308205783367157,0.0005754634434269974,0.0005748271942138672,-6.362492131302064e-07,0.0011068530151924004,-1.9502259492874146,-1.9496511220932007,True,0.0797492116689682,0,1.0,40,40
theta2,T3,batch2_128_255,1,"theta2|batch2_128_255|3,4",3,4,"(3,4)",35,5.3907012939453125,7.223671913146973,0.31197795271873474,0.0005495645793562289,0.0005491971969604492,-3.6738239577967843e-07,0.0006689444116120202,-1.9923232793807983,-1.991774082183838,True,0.0822613537311554,0,1.0,40,40
theta2,T3,batch2_128_255,1,"theta2|batch2_128_255|3,4",3,4,"(3,4)",36,5.311129093170166,7.241786479949951,0.31578460335731506,0.0005174828463641461,0.0005173683166503906,-1.1452971375545008e-07,0.00022136978641628538,-2.0353658199310303,-2.03484845161438,True,0.08476798236370087,0,1.0,40,40
theta2,T3,batch2_128_255,1,"theta2|batch2_128_255|3,4",3,4,"(3,4)",37,5.232692241668701,7.257446765899658,0.32010141015052795,0.0004887578258785652,0.00048828125,-4.765758785652257e-07,0.0009760273993015822,-2.084825277328491,-2.084336996078491,True,0.08726691454648972,0,1.0,40,40
theta2,T3,batch2_128_255,1,"theta2|batch2_128_255|3,4",3,4,"(3,4)",38,5.15451192855835,7.2732133865356445,0.32409369945526123,0.0004473698624788085,0.00044655799865722656,-8.118638215819486e-07,0.0018180478773713047,-2.1331446170806885,-2.1326980590820312,True,0.08975627273321152,0,1.0,40,40
theta2,T3,batch2_128_255,1,"theta2|batch2_128_255|3,4",3,4,"(3,4)",39,5.079105854034424,7.2912397384643555,0.3284095823764801,0.0004109356452536304,0.0004100799560546875,-8.556891989428884e-07,0.00208663990109474,-2.184291124343872,-2.1838810443878174,True,0.09223330765962601,0,1.0,40,40
theta2,T3,batch2_128_255,1,"theta2|batch2_128_255|3,5",3,5,"(3,5)",0,9.086079597473145,6.752513885498047,0.10794930160045624,0.0005670079961419106,0.0005668997764587402,-1.0821968317038366e-07,0.0001908973819788762,-0.7317239046096802,-0.7311570048332214,True,0.0019632368348538876,0,1.0,40,40
theta2,T3,batch2_128_255,1,"theta2|batch2_128_255|3,5",3,5,"(3,5)",1,8.918983459472656,6.724191665649414,0.110160693526268,0.0005480076852836647,0.0005480051040649414,-2.5812187232467435e-09,4.71020927378234e-06,-0.7314333319664001,-0.7308853268623352,True,0.003918102476745844,0,1.0,40,40
theta2,T3,batch2_128_255,1,"theta2|batch2_128_255|3,5",3,5,"(3,5)",2,8.749519348144531,6.701026916503906,0.11290713399648666,0.0005375559451058507,0.0005374550819396973,-1.0086316615341012e-07,0.00018766808528331494,-0.7325394749641418,-0.7320020198822021,True,0.005869086366146803,0,1.0,40,40
theta2,T3,batch2_128_255,1,"theta2|batch2_128_255|3,5",3,5,"(3,5)",3,8.579208374023438,6.681629657745361,0.11563768237829208,0.0005318429549224675,0.0005317330360412598,-1.0991888120775832e-07,0.0002067181720099655,-0.7303482294082642,-0.7298164963722229,True,0.00781991146504879,0,1.0,40,40
theta2,T3,batch2_128_255,1,"theta2|batch2_128_255|3,5",3,5,"(3,5)",4,8.404939651489258,6.663074970245361,0.11928094923496246,0.000534564322908409,0.0005344748497009277,-8.947320748122108e-08,0.00016740396209716314,-0.7323228120803833,-0.7317883372306824,True,0.009773469530045986,0,1.0,40,40
theta2,T3,batch2_128_255,1,"theta2|batch2_128_255|3,5",3,5,"(3,5)",5,8.23373031616211,6.646225929260254,0.1232035830616951,0.0005454871507827193,0.0005454421043395996,-4.5046443119698895e-08,8.258702942311247e-05,-0.7336656451225281,-0.7331202030181885,True,0.011733205989003181,0,1.0,40,40
theta2,T3,batch2_128_255,1,"theta2|batch2_128_255|3,5",3,5,"(3,5)",6,8.06268310546875,6.637977123260498,0.12714894115924835,0.0005588753302581608,0.0005587339401245117,-1.413901336490709e-07,0.0002530544924791264,-0.7335599064826965,-0.733001172542572,True,0.013698611408472061,0,1.0,40,40
theta2,T3,batch2_128_255,1,"theta2|batch2_128_255|3,5",3,5,"(3,5)",7,7.896702766418457,6.630791187286377,0.13213230669498444,0.0005855967281386256,0.0005856156349182129,1.8906779587248013e-08,3.2285305343475907e-05,-0.7374681830406189,-0.7368825674057007,True,0.015674728900194168,0,1.0,40,40
theta2,T3,batch2_128_255,1,"theta2|batch2_128_255|3,5",3,5,"(3,5)",8,7.7300262451171875,6.6259965896606445,0.13751515746116638,0.0006151891588233411,0.0006151199340820312,-6.922474130987427e-08,0.00011253860828487244,-0.7403119802474976,-0.7396968603134155,True,0.017663119360804558,0,1.0,40,40
theta2,T3,batch2_128_255,1,"theta2|batch2_128_255|3,5",3,5,"(3,5)",9,7.561068058013916,6.620786666870117,0.14371255040168762,0.0006571253502042964,0.0006570816040039062,-4.3746200390133196e-08,6.657651062450552e-05,-0.7440003752708435,-0.7433432936668396,True,0.01966508850455284,0,1.0,40,40
theta2,T3,batch2_128_255,1,"theta2|batch2_128_255|3,5",3,5,"(3,5)",10,7.397662162780762,6.619990348815918,0.1497681736946106,0.0006989820703165605,0.0006989836692810059,1.598964445331981e-09,2.2875562271386403e-06,-0.7443268299102783,-0.7436278462409973,True,0.021680394187569618,0,1.0,40,40
theta2,T3,batch2_128_255,1,"theta2|batch2_128_255|3,5",3,5,"(3,5)",11,7.236871719360352,6.624645709991455,0.1564830094575882,0.0007492965210112744,0.0007491111755371094,-1.8534547416499455e-07,0.0002474205167638871,-0.7466817498207092,-0.7459326386451721,True,0.02370975911617279,0,1.0,40,40
theta2,T3,batch2_128_255,1,"theta2|batch2_128_255|3,5",3,5,"(3,5)",12,7.08014440536499,6.629704475402832,0.16354532539844513,0.0008068157616071403,0.0008068084716796875,-7.2899274528156685e-09,9.03551178340856e-06,-0.7492390275001526,-0.7484322190284729,True,0.02575298212468624,0,1.0,40,40
theta2,T3,batch2_128_255,1,"theta2|batch2_128_255|3,5",3,5,"(3,5)",13,6.923505783081055,6.6372785568237305,0.1710020899772644,0.0008680485497461633,0.0008680820465087891,3.34967626258037e-08,3.858709296030183e-05,-0.7535411715507507,-0.7526730895042419,True,0.027809148654341698,0,1.0,40,40
theta2,T3,batch2_128_255,1,"theta2|batch2_128_255|3,5",3,5,"(3,5)",14,6.7707014083862305,6.645061492919922,0.1792839914560318,0.0009339563059038483,0.0009338855743408203,-7.073156302794727e-08,7.573900376164701e-05,-0.7608230710029602,-0.7598891854286194,True,0.029875053092837334,0,1.0,40,40
theta2,T3,batch2_128_255,1,"theta2|batch2_128_255|3,5",3,5,"(3,5)",15,6.622309684753418,6.6521172523498535,0.1872115135192871,0.0009989495440386237,0.000998854637145996,-9.490689262758e-08,9.501572010393347e-05,-0.764613151550293,-0.763614296913147,True,0.031949274241924286,0,1.0,40,40
theta2,T3,batch2_128_255,1,"theta2|batch2_128_255|3,5",3,5,"(3,5)",16,6.478453159332275,6.659156799316406,0.19538912177085876,0.0010645808016997763,0.0010643601417541504,-2.2065994562591937e-07,0.00020731699447355684,-0.7690901756286621,-0.768025815486908,True,0.03402959182858467,0,1.0,40,40
theta2,T3,batch2_128_255,1,"theta2|batch2_128_255|3,5",3,5,"(3,5)",17,6.341065406799316,6.663567066192627,0.20392076671123505,0.001126567618106492,0.0011266469955444336,7.937743794162941e-08,7.045457739251466e-05,-0.7753219604492188,-0.7741953134536743,True,0.0361144058406353,0,1.0,40,40
theta2,T3,batch2_128_255,1,"theta2|batch2_128_255|3,5",3,5,"(3,5)",18,6.204631805419922,6.664406776428223,0.21297450363636017,0.0011882346434576904,0.0011880993843078613,-1.352591498290489e-07,0.00011384497931361644,-0.7813095450401306,-0.7801214456558228,True,0.03820076957345009,0,1.0,40,40
theta2,T3,batch2_128_255,1,"theta2|batch2_128_255|3,5",3,5,"(3,5)",19,6.072847366333008,6.671065807342529,0.22179828584194183,0.0012466714082693215,0.001246631145477295,-4.0262792026617145e-08,3.2297277484754174e-05,-0.7847962975502014,-0.7835496664047241,True,0.04028724879026413,0,1.0,40,40
theta2,T3,batch2_128_255,1,"theta2|batch2_128_255|3,5",3,5,"(3,5)",20,5.944542407989502,6.67374324798584,0.23083889484405518,0.0013039002362056635,0.0013039112091064453,1.0972900781796094e-08,8.415374225761653e-06,-0.7891051173210144,-0.787801206111908,True,0.04237205535173416,0,1.0,40,40
theta2,T3,batch2_128_255,1,"theta2|batch2_128_255|3,5",3,5,"(3,5)",21,5.822649955749512,6.673985958099365,0.23955757915973663,0.001352683601930039,0.0013526082038879395,-7.539804209948618e-08,5.5742706485708066e-05,-0.7906976938247681,-0.7893450856208801,True,0.044452667236328125,0,1.0,40,40
theta2,T3,batch2_128_255,1,"theta2|batch2_128_255|3,5",3,5,"(3,5)",22,5.704794883728027,6.665154457092285,0.24858087301254272,0.0013995993834687397,0.0013994574546813965,-1.4192878734320229e-07,0.00010141700761850891,-0.7931711673736572,-0.7917717099189758,True,0.046526506543159485,0,1.0,40,40
theta2,T3,batch2_128_255,1,"theta2|batch2_128_255|3,5",3,5,"(3,5)",23,5.593596458435059,6.659265995025635,0.2572486698627472,0.0014384532485855743,0.0014384984970092773,4.524842370299924e-08,3.145531524507906e-05,-0.7947572469711304,-0.7933187484741211,True,0.048592567443847656,0,1.0,40,40
theta2,T3,batch2_128_255,1,"theta2|batch2_128_255|3,5",3,5,"(3,5)",24,5.484314441680908,6.649556636810303,0.26639530062675476,0.0014808371904073284,0.0014808177947998047,-1.9395607523710334e-08,1.309790278846053e-05,-0.7984116077423096,-0.7969307899475098,True,0.050647493451833725,0,1.0,40,40
theta2,T3,batch2_128_255,1,"theta2|batch2_128_255|3,5",3,5,"(3,5)",25,5.378217697143555,6.634478569030762,0.2751941680908203,0.0015145116113708355,0.0015144944190979004,-1.7192272935145914e-08,1.1351823234440434e-05,-0.7988513708114624,-0.7973368763923645,True,0.05268857628107071,0,1.0,40,40
theta2,T3,batch2_128_255,1,"theta2|batch2_128_255|3,5",3,5,"(3,5)",26,5.278818130493164,6.613372325897217,0.28497201204299927,0.001545491438213503,0.001545548439025879,5.7000812375912827e-08,3.6880637925420854e-05,-0.8022864460945129,-0.8007408976554871,True,0.05471305921673775,0,1.0,40,40
theta2,T3,batch2_128_255,1,"theta2|batch2_128_255|3,5",3,5,"(3,5)",27,5.181927680969238,6.590986728668213,0.29507461190223694,0.0015745164559630212,0.0015744566917419434,-5.976422107786643e-08,3.795863131156986e-05,-0.8080446124076843,-0.8064701557159424,True,0.05671876296401024,0,1.0,40,40
theta2,T3,batch2_128_255,1,"theta2|batch2_128_255|3,5",3,5,"(3,5)",28,5.08907413482666,6.560635089874268,0.30516472458839417,0.001599040583590977,0.001599133014678955,9.243108797817902e-08,5.780075023761276e-05,-0.8142762780189514,-0.8126771450042725,True,0.05870319902896881,0,1.0,40,40
theta2,T3,batch2_128_255,1,"theta2|batch2_128_255|3,5",3,5,"(3,5)",29,5.000093460083008,6.536098957061768,0.31445494294166565,0.001615037881580065,0.0016150474548339844,9.573253919410371e-09,5.927537231650221e-06,-0.8195939660072327,-0.8179789185523987,True,0.06066429242491722,0,1.0,40,40
theta2,T3,batch2_128_255,1,"theta2|batch2_128_255|3,5",3,5,"(3,5)",30,4.913922309875488,6.508623123168945,0.3234400153160095,0.0016178979045871529,0.0016179084777832031,1.057319605024358e-08,6.5351014568701515e-06,-0.8252272009849548,-0.8236092925071716,True,0.06259838491678238,0,1.0,40,40
theta2,T3,batch2_128_255,1,"theta2|batch2_128_255|3,5",3,5,"(3,5)",31,4.833105087280273,6.484585762023926,0.33198365569114685,0.0016267295682191615,0.0016267895698547363,6.000163557478254e-08,3.688346463897009e-05,-0.828953742980957,-0.8273269534111023,True,0.06450626254081726,0,1.0,40,40
theta2,T3,batch2_128_255,1,"theta2|batch2_128_255|3,5",3,5,"(3,5)",32,4.754820346832275,6.453450679779053,0.3404107093811035,0.0016259423693772987,0.00162583589553833,-1.0647383896864732e-07,6.54886752475057e-05,-0.8321352601051331,-0.8305094242095947,True,0.06638560444116592,0,1.0,40,40
theta2,T3,batch2_128_255,1,"theta2|batch2_128_255|3,5",3,5,"(3,5)",33,4.677608489990234,6.42318058013916,0.3489103317260742,0.0016281317477260019,0.001628100872039795,-3.087568620696243e-08,1.8964234180575854e-05,-0.836747407913208,-0.8351193070411682,True,0.06823183596134186,0,1.0,40,40
theta2,T3,batch2_128_255,1,"theta2|batch2_128_255|3,5",3,5,"(3,5)",34,4.606365203857422,6.395618915557861,0.3568073809146881,0.0016203273115606863,0.0016202926635742188,-3.4647986467536626e-08,2.13837828476655e-05,-0.8389304876327515,-0.8373101949691772,True,0.07004708051681519,0,1.0,40,40
theta2,T3,batch2_128_255,1,"theta2|batch2_128_255|3,5",3,5,"(3,5)",35,4.5383405685424805,6.366157531738281,0.3650767207145691,0.0016105656082872884,0.0016106367111206055,7.110283331709065e-08,4.414579204991586e-05,-0.8430134057998657,-0.8414027690887451,True,0.07183117419481277,0,1.0,40,40
theta2,T3,batch2_128_255,1,"theta2|batch2_128_255|3,5",3,5,"(3,5)",36,4.473670959472656,6.336830139160156,0.3729686141014099,0.0015947822201851523,0.0015947222709655762,-5.994921957615772e-08,3.7592263347435115e-05,-0.8454829454421997,-0.8438882231712341,True,0.07358336448669434,0,1.0,40,40
theta2,T3,batch2_128_255,1,"theta2|batch2_128_255|3,5",3,5,"(3,5)",37,4.411992073059082,6.311106204986572,0.3802790939807892,0.0015752427723200527,0.0015754103660583496,1.6759373829694502e-07,0.00010638100517026668,-0.8487735390663147,-0.8471981287002563,True,0.07530307024717331,0,1.0,40,40
theta2,T3,batch2_128_255,1,"theta2|batch2_128_255|3,5",3,5,"(3,5)",38,4.3518967628479,6.282522201538086,0.38786521553993225,0.001550706161546259,0.0015507340431213379,2.7881575078879048e-08,1.7979598244169998e-05,-0.853256344795227,-0.8517056107521057,True,0.07698918133974075,0,1.0,40,40
theta2,T3,batch2_128_255,1,"theta2|batch2_128_255|3,5",3,5,"(3,5)",39,4.295572280883789,6.254306793212891,0.39475464820861816,0.0015266921113216085,0.0015267729759216309,8.086460002239455e-08,5.296439044814828e-05,-0.8582821488380432,-0.8567553758621216,True,0.07864245772361755,0,1.0,40,40
theta2,T3,batch2_128_255,1,"theta2|batch2_128_255|3,6",3,6,"(3,6)",0,9.0670166015625,6.752513885498047,0.4200369715690613,0.0023010631260694937,0.0023005008697509766,-5.622563185171507e-07,0.00024440604474886094,-2.6154158115386963,-2.6131153106689453,True,0.0019631986506283283,0,1.0,40,40
theta2,T3,batch2_128_255,1,"theta2|batch2_128_255|3,6",3,6,"(3,6)",1,8.926599502563477,6.7168707847595215,0.409079372882843,0.0021911583674373105,0.002190828323364258,-3.300440730527078e-07,0.000150648076589538,-2.515103816986084,-2.5129129886627197,True,0.003942181821912527,0,1.0,40,40
theta2,T3,batch2_128_255,1,"theta2|batch2_128_255|3,6",3,6,"(3,6)",2,8.786270141601562,6.690348148345947,0.3987314999103546,0.002102570685790852,0.0021026134490966797,4.2763305827843434e-08,2.033816812415773e-05,-2.424639940261841,-2.422537326812744,True,0.005939720664173365,0,1.0,40,40
theta2,T3,batch2_128_255,1,"theta2|batch2_128_255|3,6",3,6,"(3,6)",3,8.641326904296875,6.666717052459717,0.3874778747558594,0.0020257583144120874,0.0020253658294677734,-3.9248494431397274e-07,0.00019378471711311044,-2.332031726837158,-2.3300063610076904,True,0.00795802939683199,0,1.0,40,40
theta2,T3,batch2_128_255,1,"theta2|batch2_128_255|3,6",3,6,"(3,6)",4,8.493359565734863,6.64871072769165,0.3770967125892639,0.001966256448067725,0.0019664764404296875,2.1999236196265648e-07,0.00011187134381055018,-2.251779794692993,-2.2498133182525635,True,0.010000999085605145,0,1.0,40,40
theta2,T3,batch2_128_255,1,"theta2|batch2_128_255|3,6",3,6,"(3,6)",5,8.343473434448242,6.640603542327881,0.365930438041687,0.0019023573303129525,0.001901865005493164,-4.923248197884113e-07,0.0002588642297778379,-2.1713926792144775,-2.1694908142089844,True,0.01206940971314907,0,1.0,40,40
theta2,T3,batch2_128_255,1,"theta2|batch2_128_255|3,6",3,6,"(3,6)",6,8.19350814819336,6.633596420288086,0.3550531268119812,0.0018540938121732325,0.0018534660339355469,-6.277782376856722e-07,0.00033870501330562973,-2.0912559032440186,-2.089402437210083,True,0.014167757704854012,0,1.0,40,40
theta2,T3,batch2_128_255,1,"theta2|batch2_128_255|3,6",3,6,"(3,6)",7,8.043646812438965,6.637353897094727,0.34441930055618286,0.0018114153912756593,0.0018110275268554688,-3.8786442019050557e-07,0.00021416815285185865,-2.0179388523101807,-2.016127824783325,True,0.01629774458706379,0,1.0,40,40
theta2,T3,batch2_128_255,1,"theta2|batch2_128_255|3,6",3,6,"(3,6)",8,7.8951826095581055,6.6500701904296875,0.3348563015460968,0.0017680855714716018,0.0017679929733276367,-9.259814396506139e-08,5.237472397346542e-05,-1.9556176662445068,-1.9538496732711792,True,0.018459899351000786,0,1.0,40,40
theta2,T3,batch2_128_255,1,"theta2|batch2_128_255|3,6",3,6,"(3,6)",9,7.745295524597168,6.658475399017334,0.3249779939651489,0.001717961517861113,0.0017174482345581055,-5.132833030075182e-07,0.00029886391489382185,-1.8885418176651,-1.886824369430542,True,0.020654628053307533,0,1.0,40,40
theta2,T3,batch2_128_255,1,"theta2|batch2_128_255|3,6",3,6,"(3,6)",10,7.601142883300781,6.679142475128174,0.3159377872943878,0.0016636951522668825,0.0016632080078125,-4.871444543824537e-07,0.0002928944858936558,-1.8331056833267212,-1.8314424753189087,True,0.02288156934082508,0,1.0,40,40
theta2,T3,batch2_128_255,1,"theta2|batch2_128_255|3,6",3,6,"(3,6)",11,7.46038818359375,6.703763484954834,0.30658015608787537,0.0015995955215767027,0.0015995502471923828,-4.527438431990195e-08,2.8304446452601287e-05,-1.7788904905319214,-1.777290940284729,True,0.02514195255935192,0,1.0,40,40
theta2,T3,batch2_128_255,1,"theta2|batch2_128_255|3,6",3,6,"(3,6)",12,7.324446201324463,6.732748031616211,0.29812127351760864,0.0015257743983529508,0.0015256404876708984,-1.3391068205237215e-07,8.777341918659052e-05,-1.7309541702270508,-1.7294285297393799,True,0.027436671778559685,0,1.0,40,40
theta2,T3,batch2_128_255,1,"theta2|batch2_128_255|3,6",3,6,"(3,6)",13,7.194293975830078,6.756281852722168,0.29094764590263367,0.001440104108885862,0.0014399290084838867,-1.751004019751902e-07,0.00012160349638316883,-1.6906163692474365,-1.6891764402389526,True,0.029763557016849518,0,1.0,40,40
theta2,T3,batch2_128_255,1,"theta2|batch2_128_255|3,6",3,6,"(3,6)",14,7.07042932510376,6.789173126220703,0.2848290205001831,0.0013575631566345692,0.0013575553894042969,-7.767230272371153e-09,5.721483140205026e-06,-1.6618942022323608,-1.6605366468429565,True,0.032124150544404984,0,1.0,40,40
theta2,T3,batch2_128_255,1,"theta2|batch2_128_255|3,6",3,6,"(3,6)",15,6.946298599243164,6.825583457946777,0.27919355034828186,0.0012706733013037592,0.0012701749801635742,-4.983211401850089e-07,0.00039232479616378105,-1.6380784511566162,-1.6368082761764526,True,0.034521929919719696,0,1.0,40,40
theta2,T3,batch2_128_255,1,"theta2|batch2_128_255|3,6",3,6,"(3,6)",16,6.829473972320557,6.862326145172119,0.2742359936237335,0.0011809603255242109,0.001180887222290039,-7.31032341718188e-08,6.190534776898775e-05,-1.6185601949691772,-1.6173793077468872,True,0.0369565524160862,0,1.0,40,40
theta2,T3,batch2_128_255,1,"theta2|batch2_128_255|3,6",3,6,"(3,6)",17,6.715799331665039,6.903736114501953,0.2696334421634674,0.00109213877748698,0.0010919570922851562,-1.8168520182380507e-07,0.00016638492767475827,-1.6052758693695068,-1.6041839122772217,True,0.03942815959453583,0,1.0,40,40
theta2,T3,batch2_128_255,1,"theta2|batch2_128_255|3,6",3,6,"(3,6)",18,6.605075836181641,6.9456562995910645,0.26544803380966187,0.0010041874880553224,0.0010042190551757812,3.156712045883012e-08,3.1434496583322176e-05,-1.5943926572799683,-1.5933884382247925,True,0.0419369675219059,0,1.0,40,40
theta2,T3,batch2_128_255,1,"theta2|batch2_128_255|3,6",3,6,"(3,6)",19,6.498922348022461,6.9893269538879395,0.2621845006942749,0.0009101833202148555,0.0009099245071411133,-2.588130737421739e-07,0.0002844335675223621,-1.5894063711166382,-1.588496446609497,True,0.0444827638566494,0,1.0,40,40
theta2,T3,batch2_128_255,1,"theta2|batch2_128_255|3,6",3,6,"(3,6)",20,6.39531135559082,7.033458709716797,0.25960206985473633,0.0008178060040809214,0.0008176565170288086,-1.4948705211279435e-07,0.0001828237762428639,-1.5899498462677002,-1.5891321897506714,True,0.04706592857837677,0,1.0,40,40
theta2,T3,batch2_128_255,1,"theta2|batch2_128_255|3,6",3,6,"(3,6)",21,6.293842315673828,7.074688911437988,0.2569321095943451,0.0007249986276437994,0.00072479248046875,-2.061471750493737e-07,0.00028442234240075277,-1.5908631086349487,-1.59013831615448,True,0.049685198813676834,0,1.0,40,40
theta2,T3,batch2_128_255,1,"theta2|batch2_128_255|3,6",3,6,"(3,6)",22,6.1955766677856445,7.120584487915039,0.25442856550216675,0.0006343437331961468,0.0006344318389892578,8.810579311100981e-08,0.0001388735364406918,-1.5940049886703491,-1.5933705568313599,True,0.052339788526296616,0,1.0,40,40
theta2,T3,batch2_128_255,1,"theta2|batch2_128_255|3,6",3,6,"(3,6)",23,6.099061489105225,7.164405345916748,0.2526467442512512,0.0005427197235985659,0.0005426406860351562,-7.903756340968231e-08,0.00014565358891014242,-1.6026486158370972,-1.602105975151062,True,0.05502772703766823,0,1.0,40,40
theta2,T3,batch2_128_255,1,"theta2|batch2_128_255|3,6",3,6,"(3,6)",24,6.0033650398254395,7.210585117340088,0.2510957717895508,0.0004474081016960554,0.00044727325439453125,-1.3484730152413162e-07,0.00030148751395089093,-1.612515926361084,-1.6120686531066895,True,0.057747285813093185,0,1.0,40,40
theta2,T3,batch2_128_255,1,"theta2|batch2_128_255|3,6",3,6,"(3,6)",25,5.911999225616455,7.255753040313721,0.2500895857810974,0.0003562962569994852,0.0003560781478881836,-2.181091113016083e-07,0.0006125315821685845,-1.628069519996643,-1.6277134418487549,True,0.060496676713228226,0,1.0,40,40
theta2,T3,batch2_128_255,1,"theta2|batch2_128_255|3,6",3,6,"(3,6)",26,5.821561813354492,7.298442363739014,0.2494947463274002,0.00026738574291812256,0.0002669095993041992,-4.7614361392333887e-07,0.0017839134117490986,-1.647035837173462,-1.6467689275741577,True,0.06327333301305771,0,1.0,40,40
theta2,T3,batch2_128_255,1,"theta2|batch2_128_255|3,6",3,6,"(3,6)",27,5.733086109161377,7.343473434448242,0.2494080513715744,0.00018063731101574377,0.00018012523651123047,-5.120745045133015e-07,0.002842880400500541,-1.66958749294281,-1.6694073677062988,True,0.06607506424188614,0,1.0,40,40
theta2,T3,batch2_128_255,1,"theta2|batch2_128_255|3,6",3,6,"(3,6)",28,5.645908355712891,7.388256072998047,0.24936622381210327,9.000950791232754e-05,9.012222290039062e-05,1.1271498806308738e-07,0.0012506902785528033,-1.6943128108978271,-1.6942226886749268,True,0.0688990131020546,0,1.0,40,40
theta2,T3,batch2_128_255,1,"theta2|batch2_128_255|3,6",3,6,"(3,6)",29,5.5601301193237305,7.433840751647949,0.2496558427810669,-1.4755507872905583e-06,-2.0265579223632812e-06,-5.510071350727229e-07,0.27189310948988965,-1.7227997779846191,-1.7228018045425415,False,0.07174085080623627,0,1.0,40,40
theta2,T3,batch2_128_255,1,"theta2|batch2_128_255|3,6",3,6,"(3,6)",30,5.478691101074219,7.480122089385986,0.2502312660217285,-8.569411677308381e-05,-8.594989776611328e-05,-2.5578099302947434e-07,0.0029759313236823754,-1.7543901205062866,-1.7544760704040527,False,0.07459769397974014,0,1.0,40,40
theta2,T3,batch2_128_255,1,"theta2|batch2_128_255|3,6",3,6,"(3,6)",31,5.39495325088501,7.524144172668457,0.25118809938430786,-0.0001660917312692618,-0.00016617774963378906,-8.601836452726427e-08,0.0005176286519514528,-1.7898062467575073,-1.7899724245071411,False,0.07746529579162598,0,1.0,40,40
theta2,T3,batch2_128_255,1,"theta2|batch2_128_255|3,6",3,6,"(3,6)",32,5.314522743225098,7.568471431732178,0.2520703971385956,-0.0002493880753827398,-0.00024950504302978516,-1.1696764704537382e-07,0.00046879872897563266,-1.8251851797103882,-1.825434684753418,False,0.08034145832061768,0,1.0,40,40
theta2,T3,batch2_128_255,1,"theta2|batch2_128_255|3,6",3,6,"(3,6)",33,5.235321044921875,7.6126604080200195,0.25291168689727783,-0.0003306498337115045,-0.0003306865692138672,-3.6735502362706535e-08,0.00011108858291413805,-1.859327793121338,-1.8596584796905518,False,0.0832228884100914,0,1.0,40,40
theta2,T3,batch2_128_255,1,"theta2|batch2_128_255|3,6",3,6,"(3,6)",34,5.158227920532227,7.65639066696167,0.2543337643146515,-0.0004057783759853919,-0.0004061460494995117,-3.676735141198333e-07,0.0009052741361707504,-1.8997479677200317,-1.9001541137695312,False,0.08610568940639496,0,1.0,40,40
theta2,T3,batch2_128_255,1,"theta2|batch2_128_255|3,6",3,6,"(3,6)",35,5.082261562347412,7.696413993835449,0.255376398563385,-0.0004825303508878278,-0.0004826784133911133,-1.4806250328547842e-07,0.00030675186454941726,-1.9363430738449097,-1.9368257522583008,False,0.08898643404245377,0,1.0,40,40
theta2,T3,batch2_128_255,1,"theta2|batch2_128_255|3,6",3,6,"(3,6)",36,5.007540702819824,7.7364325523376465,0.2566128969192505,-0.0005554376812106057,-0.0005556344985961914,-1.9681738558569896e-07,0.00035422096015088586,-1.976306438446045,-1.9768620729446411,False,0.09186118841171265,0,1.0,40,40
theta2,T3,batch2_128_255,1,"theta2|batch2_128_255|3,6",3,6,"(3,6)",37,4.935244560241699,7.775620460510254,0.2579677999019623,-0.0006273479620722356,-0.0006275177001953125,-1.697381230769332e-07,0.0002704913710387816,-2.017085552215576,-2.0177130699157715,False,0.09472675621509552,0,1.0,40,40
theta2,T3,batch2_128_255,1,"theta2|batch2_128_255|3,6",3,6,"(3,6)",38,4.864890098571777,7.813876628875732,0.2591756284236908,-0.0006983902145366301,-0.0006988048553466797,-4.146408100495682e-07,0.0005933570822770877,-2.0574448108673096,-2.0581436157226562,False,0.09757953882217407,0,1.0,40,40
theta2,T3,batch2_128_255,1,"theta2|batch2_128_255|3,6",3,6,"(3,6)",39,4.79497766494751,7.854118347167969,0.26040852069854736,-0.0007611559545766795,-0.0007612705230712891,-1.1456849460952066e-07,0.0001504964281912593,-2.0991199016571045,-2.099881172180176,False,0.10041545331478119,0,1.0,40,40
theta2,T3,batch2_128_255,1,"theta2|batch2_128_255|3,7",3,7,"(3,7)",0,9.286978721618652,6.752513885498047,0.2420882135629654,0.0015112667104694992,0.0015107393264770508,-5.273839924484647e-07,0.00034909000064113713,-1.7248170375823975,-1.7233062982559204,True,0.0020639689173549414,1,1.0,40,40
theta2,T3,batch2_128_255,1,"theta2|batch2_128_255|3,7",3,7,"(3,7)",1,9.14944839477539,6.734553813934326,0.24783693253993988,0.0015308841688092799,0.001530766487121582,-1.1768168769782546e-07,7.687762221598631e-05,-1.7630561590194702,-1.7615253925323486,True,0.004129595588892698,1,1.0,40,40
theta2,T3,batch2_128_255,1,"theta2|batch2_128_255|3,7",3,7,"(3,7)",2,9.008878707885742,6.72128963470459,0.2538813054561615,0.0015572349221911282,0.0015566349029541016,-6.000192370265913e-07,0.00038545919527302496,-1.8055773973464966,-1.8040207624435425,True,0.006198711693286896,1,1.0,40,40
theta2,T3,batch2_128_255,1,"theta2|batch2_128_255|3,7",3,7,"(3,7)",3,8.865564346313477,6.713170528411865,0.26018083095550537,0.0015912528890185058,0.0015908479690551758,-4.0491996332998013e-07,0.0002545308987448166,-1.852369785308838,-1.8507789373397827,True,0.008273460902273655,1,1.0,40,40
theta2,T3,batch2_128_255,1,"theta2|batch2_128_255|3,7",3,7,"(3,7)",4,8.717909812927246,6.711182117462158,0.26745477318763733,0.0016364901845809072,0.0016363859176635742,-1.042669173329739e-07,6.371780409956462e-05,-1.9091598987579346,-1.907523512840271,True,0.010356803424656391,1,1.0,40,40
theta2,T3,batch2_128_255,1,"theta2|batch2_128_255|3,7",3,7,"(3,7)",5,8.569963455200195,6.711352348327637,0.27485084533691406,0.001682213448220864,0.0016821622848510742,-5.11633697897456e-08,3.0415240105252516e-05,-1.9694088697433472,-1.967726707458496,True,0.012451041489839554,1,1.0,40,40
theta2,T3,batch2_128_255,1,"theta2|batch2_128_255|3,7",3,7,"(3,7)",6,8.412064552307129,6.7098708152771,0.28279194235801697,0.0017204648363403977,0.001720428466796875,-3.636954352265187e-08,2.1139817333042242e-05,-2.0319294929504395,-2.0302090644836426,True,0.014555343426764011,1,1.0,40,40
theta2,T3,batch2_128_255,1,"theta2|batch2_128_255|3,7",3,7,"(3,7)",7,8.258905410766602,6.718719959259033,0.2910901606082916,0.0017781888387398794,0.0017778873443603516,-3.014943795278443e-07,0.00016958013705661198,-2.103787899017334,-2.1020100116729736,True,0.016676736995577812,1,1.0,40,40
theta2,T3,batch2_128_255,1,"theta2|batch2_128_255|3,7",3,7,"(3,7)",8,8.104455947875977,6.729694366455078,0.2989627718925476,0.0018212402573553846,0.0018208026885986328,-4.37568756751815e-07,0.00024031640522707409,-2.1759445667266846,-2.174123764038086,True,0.018817193806171417,1,1.0,40,40
theta2,T3,batch2_128_255,1,"theta2|batch2_128_255|3,7",3,7,"(3,7)",9,7.94976806640625,6.747444152832031,0.3074844479560852,0.0018696482755476609,0.0018699169158935547,2.6864034589381414e-07,0.00014366432198697032,-2.2570648193359375,-2.255194902420044,True,0.020979685708880424,1,1.0,40,40
theta2,T3,batch2_128_255,1,"theta2|batch2_128_255|3,7",3,7,"(3,7)",10,7.797804832458496,6.778196811676025,0.3156214654445648,0.0019028985910117626,0.0019025802612304688,-3.183297812938725e-07,0.00016731477130325998,-2.3409690856933594,-2.339066505432129,True,0.02316489815711975,1,1.0,40,40
theta2,T3,batch2_128_255,1,"theta2|batch2_128_255|3,7",3,7,"(3,7)",11,7.644901752471924,6.811809062957764,0.324824720621109,0.001926686975872144,0.0019266605377197266,-2.6438152417535346e-08,1.372226809027078e-05,-2.4418411254882812,-2.4399144649505615,True,0.02537149377167225,1,1.0,40,40
theta2,T3,batch2_128_255,1,"theta2|batch2_128_255|3,7",3,7,"(3,7)",12,7.4997735023498535,6.847087860107422,0.3325790762901306,0.0019427674084436148,0.0019426345825195312,-1.3282592408359224e-07,6.83741169228654e-05,-2.5313355922698975,-2.529392957687378,True,0.02760404534637928,1,1.0,40,40
theta2,T3,batch2_128_255,1,"theta2|batch2_128_255|3,7",3,7,"(3,7)",13,7.360620498657227,6.889212608337402,0.34025099873542786,0.0019466683969949373,0.0019459724426269531,-6.959543679841557e-07,0.000357638347151852,-2.6247751712799072,-2.6228291988372803,True,0.02986421249806881,1,1.0,40,40
theta2,T3,batch2_128_255,1,"theta2|batch2_128_255|3,7",3,7,"(3,7)",14,7.222841739654541,6.939879417419434,0.3482666611671448,0.001955277384084184,0.0019550323486328125,-2.450354513712852e-07,0.00012533575290590084,-2.7286148071289062,-2.7266597747802734,True,0.03215314820408821,1,1.0,40,40
theta2,T3,batch2_128_255,1,"theta2|batch2_128_255|3,7",3,7,"(3,7)",15,7.095959663391113,7.002047538757324,0.3566257953643799,0.0019340614345856012,0.0019342899322509766,2.2849766537539305e-07,0.00011812999776589086,-2.8430216312408447,-2.8410873413085938,True,0.034472476691007614,1,1.0,40,40
theta2,T3,batch2_128_255,1,"theta2|batch2_128_255|3,7",3,7,"(3,7)",16,6.976723670959473,7.059478759765625,0.36521390080451965,0.001909045229840558,0.0019092559814453125,2.1075160475439968e-07,0.00011038415320027443,-2.9613399505615234,-2.959430694580078,True,0.03682563826441765,1,1.0,40,40
theta2,T3,batch2_128_255,1,"theta2|batch2_128_255|3,7",3,7,"(3,7)",17,6.857095718383789,7.124564170837402,0.3729609251022339,0.0018735302040586248,0.0018727779388427734,-7.522652158513648e-07,0.00040168415072008184,-3.077317237854004,-3.075444459915161,True,0.039211951196193695,1,1.0,40,40
theta2,T3,batch2_128_255,1,"theta2|batch2_128_255|3,7",3,7,"(3,7)",18,6.742424964904785,7.184175491333008,0.3797585368156433,0.0018352280242252164,0.0018346309661865234,-5.970580386929596e-07,0.0003254376764031235,-3.1878459453582764,-3.18601131439209,True,0.04163283109664917,1,1.0,40,40
theta2,T3,batch2_128_255,1,"theta2|batch2_128_255|3,7",3,7,"(3,7)",19,6.630134582519531,7.242183685302734,0.38619545102119446,0.001790542579634348,0.0017902851104736328,-2.574691607150868e-07,0.00014381461321932767,-3.2953150272369385,-3.293524742126465,True,0.04408940672874451,1,1.0,40,40
theta2,T3,batch2_128_255,1,"theta2|batch2_128_255|3,7",3,7,"(3,7)",20,6.519542694091797,7.300942420959473,0.3929688632488251,0.0017464505028910934,0.0017461776733398438,-2.72829551249687e-07,0.0001562438664834472,-3.4108352661132812,-3.4090890884399414,True,0.04658191278576851,1,1.0,40,40
theta2,T3,batch2_128_255,1,"theta2|batch2_128_255|3,7",3,7,"(3,7)",21,6.412473678588867,7.361539840698242,0.3990774154663086,0.0016989898855681532,0.0016987323760986328,-2.5750946952042553e-07,0.00015158919270840686,-3.521693229675293,-3.5199944972991943,True,0.049110047519207,1,1.0,40,40
theta2,T3,batch2_128_255,1,"theta2|batch2_128_255|3,7",3,7,"(3,7)",22,6.308610916137695,7.426165580749512,0.4046894311904907,0.0016531604231277016,0.0016527175903320312,-4.428327956703358e-07,0.0002679422051660808,-3.629244804382324,-3.627592086791992,True,0.0516727976500988,1,1.0,40,40
theta2,T3,batch2_128_255,1,"theta2|batch2_128_255|3,7",3,7,"(3,7)",23,6.199119567871094,7.485847473144531,0.4097631573677063,0.0015936074635828845,0.0015931129455566406,-4.945180262438346e-07,0.0003104098975675876,-3.732074022293091,-3.730480909347534,True,0.05426711216568947,1,1.0,40,40
theta2,T3,batch2_128_255,1,"theta2|batch2_128_255|3,7",3,7,"(3,7)",24,6.096531867980957,7.546895503997803,0.4150301516056061,0.0015375058992649429,0.0015368461608886719,-6.597383762710091e-07,0.0004292806873327643,-3.836646795272827,-3.8351099491119385,True,0.05689103528857231,1,1.0,40,40
theta2,T3,batch2_128_255,1,"theta2|batch2_128_255|3,7",3,7,"(3,7)",25,5.9958062171936035,7.605722904205322,0.41988611221313477,0.0014764193732116836,0.0014760494232177734,-3.6994999391020723e-07,0.00025063523489865253,-3.9383158683776855,-3.9368398189544678,True,0.05953896790742874,1,1.0,40,40
theta2,T3,batch2_128_255,1,"theta2|batch2_128_255|3,7",3,7,"(3,7)",26,5.894379615783691,7.66409158706665,0.4241708815097809,0.0014214417278126349,0.0014214515686035156,9.840790880745118e-09,6.9230574562684956e-06,-4.032880783081055,-4.031459331512451,True,0.06220903620123863,1,1.0,40,40
theta2,T3,batch2_128_255,1,"theta2|batch2_128_255|3,7",3,7,"(3,7)",27,5.795132637023926,7.719786167144775,0.4276721477508545,0.0013654887014854468,0.0013651847839355469,-3.0391754989988334e-07,0.00022262008299253936,-4.120522499084473,-4.119157314300537,True,0.06489752233028412,1,1.0,40,40
theta2,T3,batch2_128_255,1,"theta2|batch2_128_255|3,7",3,7,"(3,7)",28,5.69593620300293,7.773307800292969,0.4307272434234619,0.001304523321261513,0.0013041496276855469,-3.736935759661008e-07,0.00028654194889376973,-4.198814392089844,-4.197510242462158,True,0.06759873032569885,1,1.0,40,40
theta2,T3,batch2_128_255,1,"theta2|batch2_128_255|3,7",3,7,"(3,7)",29,5.600580215454102,7.833712100982666,0.43438535928726196,0.001232801913356525,0.0012331008911132812,2.989777567563405e-07,0.00024246009301510943,-4.290885925292969,-4.2896528244018555,True,0.07030908763408661,1,1.0,40,40
theta2,T3,batch2_128_255,1,"theta2|batch2_128_255|3,7",3,7,"(3,7)",30,5.508244037628174,7.88946008682251,0.4382382333278656,0.001145894477944239,0.0011448860168457031,-1.0084610985359142e-06,0.0008808397374913743,-4.380649089813232,-4.379504203796387,True,0.07302477955818176,1,1.0,40,40
theta2,T3,batch2_128_255,1,"theta2|batch2_128_255|3,7",3,7,"(3,7)",31,5.41709041595459,7.941467761993408,0.4414304792881012,0.00107415456866147,0.0010738372802734375,-3.1728838803253383e-07,0.0002954715708433412,-4.46096134185791,-4.459887504577637,True,0.07574038207530975,1,1.0,40,40
theta2,T3,batch2_128_255,1,"theta2|batch2_128_255|3,7",3,7,"(3,7)",32,5.326454162597656,7.992523193359375,0.4441753029823303,0.0009814601769467118,0.000980377197265625,-1.0829796810868115e-06,0.0011046561304234284,-4.537012100219727,-4.536031723022461,True,0.07845047116279602,1,1.0,40,40
theta2,T3,batch2_128_255,1,"theta2|batch2_128_255|3,7",3,7,"(3,7)",33,5.240852355957031,8.041271209716797,0.4473439157009125,0.0008846718631029944,0.0008840560913085938,-6.15771794400667e-07,0.0006965302320231648,-4.614631175994873,-4.6137471199035645,True,0.0811508446931839,1,1.0,40,40
theta2,T3,batch2_128_255,1,"theta2|batch2_128_255|3,7",3,7,"(3,7)",34,5.156094551086426,8.084620475769043,0.44968181848526,0.0007889195724201273,0.0007891654968261719,2.4592440604461266e-07,0.0003116258972720674,-4.681567668914795,-4.680778503417969,True,0.08383698016405106,1,1.0,40,40
theta2,T3,batch2_128_255,1,"theta2|batch2_128_255|3,7",3,7,"(3,7)",35,5.0745086669921875,8.130754470825195,0.4522848129272461,0.0006785225063795224,0.0006785392761230469,1.6769743524489185e-08,2.4714477281707338e-05,-4.753434658050537,-4.752756118774414,True,0.08650406450033188,1,1.0,40,40
theta2,T3,batch2_128_255,1,"theta2|batch2_128_255|3,7",3,7,"(3,7)",36,4.993330001831055,8.176538467407227,0.4548882842063904,0.0005967091767670354,0.0005960464477539062,-6.627290131291756e-07,0.0011118747802735015,-4.822693347930908,-4.822097301483154,True,0.08914970606565475,1,1.0,40,40
theta2,T3,batch2_128_255,1,"theta2|batch2_128_255|3,7",3,7,"(3,7)",37,4.916365623474121,8.218579292297363,0.4572167694568634,0.0005167392925359309,0.0005159378051757812,-8.014873601496679e-07,0.0015534573200670946,-4.888075828552246,-4.88755989074707,True,0.09176992624998093,1,1.0,40,40
theta2,T3,batch2_128_255,1,"theta2|batch2_128_255|3,7",3,7,"(3,7)",38,4.841700553894043,8.26174259185791,0.45977067947387695,0.00042706655879010217,0.0004258155822753906,-1.2509765147115438e-06,0.0029378363939309557,-4.956698417663574,-4.956272602081299,True,0.09436177462339401,1,1.0,40,40
theta2,T3,batch2_128_255,1,"theta2|batch2_128_255|3,7",3,7,"(3,7)",39,4.768974304199219,8.301770210266113,0.4620865285396576,0.00033851444868923864,0.0003376007080078125,-9.137406814261413e-07,0.002706572171658468,-5.020724296569824,-5.020386695861816,True,0.09692169725894928,1,1.0,40,40
theta2,T3,batch2_128_255,1,"theta2|batch2_128_255|4,5",4,5,"(4,5)",0,8.80213737487793,6.752513885498047,0.2012186050415039,0.0014191119596653153,0.0014187097549438477,-4.0220472146768396e-07,0.0002835003566205853,-1.5217387676239014,-1.5203200578689575,True,0.0018848123727366328,0,1.0,40,40
theta2,T3,batch2_128_255,1,"theta2|batch2_128_255|4,5",4,5,"(4,5)",1,8.633811950683594,6.736146450042725,0.19679412245750427,0.0012523463541292586,0.0012520551681518555,-2.9118597740310226e-07,0.00023256641145686784,-1.4276350736618042,-1.4263830184936523,True,0.003756940830498934,0,1.0,40,40
theta2,T3,batch2_128_255,1,"theta2|batch2_128_255|4,5",4,5,"(4,5)",2,8.472311019897461,6.726593017578125,0.19293226301670074,0.0011206046896986663,0.0011202096939086914,-3.9499578997491576e-07,0.0003526087946951046,-1.3427841663360596,-1.3416639566421509,True,0.005623194854706526,0,1.0,40,40
theta2,T3,batch2_128_255,1,"theta2|batch2_128_255|4,5",4,5,"(4,5)",3,8.311656951904297,6.722190856933594,0.18985117971897125,0.0010091016458463856,0.0010088682174682617,-2.3342837812386288e-07,0.00023137648117179028,-1.2669001817703247,-1.2658913135528564,True,0.007483048364520073,0,1.0,40,40
theta2,T3,batch2_128_255,1,"theta2|batch2_128_255|4,5",4,5,"(4,5)",4,8.159876823425293,6.732909202575684,0.18760372698307037,0.0009363789602648467,0.0009363889694213867,1.000915654005008e-08,1.0689101289002726e-05,-1.2078276872634888,-1.2068912982940674,True,0.009343525394797325,0,1.0,40,40
theta2,T3,batch2_128_255,1,"theta2|batch2_128_255|4,5",4,5,"(4,5)",5,8.011026382446289,6.751055717468262,0.18623420596122742,0.0008829616463044658,0.0008829832077026367,2.156139817090317e-08,2.4418808854816214e-05,-1.161333680152893,-1.1604506969451904,True,0.011206810362637043,0,1.0,40,40
theta2,T3,batch2_128_255,1,"theta2|batch2_128_255|4,5",4,5,"(4,5)",6,7.866950988769531,6.772280216217041,0.18529736995697021,0.0008356349575915375,0.0008355379104614258,-9.704713011167172e-08,0.00011614928406788562,-1.1158936023712158,-1.1150580644607544,True,0.013072730042040348,0,1.0,40,40
theta2,T3,batch2_128_255,1,"theta2|batch2_128_255|4,5",4,5,"(4,5)",7,7.72414493560791,6.799041271209717,0.18379820883274078,0.0007989234056440183,0.0007987022399902344,-2.2116565378388613e-07,0.00027690626457563245,-1.072290062904358,-1.0714913606643677,True,0.014941848814487457,0,1.0,40,40
theta2,T3,batch2_128_255,1,"theta2|batch2_128_255|4,5",4,5,"(4,5)",8,7.58709716796875,6.838843822479248,0.18449252843856812,0.0007764635352068581,0.0007764101028442383,-5.343236261984904e-08,6.88197673164082e-05,-1.0487024784088135,-1.0479260683059692,True,0.016814114525914192,0,1.0,40,40
theta2,T3,batch2_128_255,1,"theta2|batch2_128_255|4,5",4,5,"(4,5)",9,7.4528350830078125,6.874406337738037,0.18547625839710236,0.0007610146886436269,0.0007610321044921875,1.741584856060699e-08,2.2884512306124104e-05,-1.0247279405593872,-1.023966908454895,True,0.01868811808526516,0,1.0,40,40
theta2,T3,batch2_128_255,1,"theta2|batch2_128_255|4,5",4,5,"(4,5)",10,7.3166117668151855,6.91231107711792,0.18614540994167328,0.0007424816656857729,0.0007423162460327148,-1.6541965305806768e-07,0.00022284256062311402,-1.0014512538909912,-1.0007089376449585,True,0.02056380920112133,0,1.0,40,40
theta2,T3,batch2_128_255,1,"theta2|batch2_128_255|4,5",4,5,"(4,5)",11,7.185759544372559,6.959046840667725,0.1866060346364975,0.00073282928369008,0.0007329583168029785,1.2903311289846203e-07,0.00017604427146864141,-0.9802027344703674,-0.9794697761535645,True,0.022441605105996132,0,1.0,40,40
theta2,T3,batch2_128_255,1,"theta2|batch2_128_255|4,5",4,5,"(4,5)",12,7.059815406799316,6.996994972229004,0.18679873645305634,0.0007238933410262689,0.0007237792015075684,-1.1413951870058083e-07,0.00015769936254432052,-0.9570383429527283,-0.9563145637512207,True,0.024320296943187714,0,1.0,40,40
theta2,T3,batch2_128_255,1,"theta2|batch2_128_255|4,5",4,5,"(4,5)",13,6.936514854431152,7.039849281311035,0.18755634129047394,0.0007225022700149567,0.0007225275039672852,2.5233952328498552e-08,3.492455607564124e-05,-0.9383274912834167,-0.9376049637794495,True,0.026199931278824806,0,1.0,40,40
theta2,T3,batch2_128_255,1,"theta2|batch2_128_255|4,5",4,5,"(4,5)",14,6.814784049987793,7.073820114135742,0.1891164928674698,0.0007269213979598135,0.0007268786430358887,-4.275492392481588e-08,5.881989288644557e-05,-0.9236645102500916,-0.9229376316070557,True,0.028079774230718613,0,1.0,40,40
theta2,T3,batch2_128_255,1,"theta2|batch2_128_255|4,5",4,5,"(4,5)",15,6.697963714599609,7.1045918464660645,0.19169828295707703,0.0007369806390488521,0.0007371306419372559,1.5000288840379388e-07,0.00020349566260001174,-0.9138228297233582,-0.9130856990814209,True,0.02995801530778408,0,1.0,40,40
theta2,T3,batch2_128_255,1,"theta2|batch2_128_255|4,5",4,5,"(4,5)",16,6.583629131317139,7.136053562164307,0.19408254325389862,0.0007470125760883093,0.0007470250129699707,1.2436881661353517e-08,1.6648547833636545e-05,-0.9050071239471436,-0.9042600989341736,True,0.03183519095182419,0,1.0,40,40
theta2,T3,batch2_128_255,1,"theta2|batch2_128_255|4,5",4,5,"(4,5)",17,6.4700927734375,7.1628265380859375,0.19621211290359497,0.0007578764103818685,0.0007579326629638672,5.625258199873362e-08,7.421844280830966e-05,-0.8934078216552734,-0.8926498889923096,True,0.03370967507362366,0,1.0,40,40
theta2,T3,batch2_128_255,1,"theta2|batch2_128_255|4,5",4,5,"(4,5)",18,6.36159086227417,7.186422824859619,0.1987263411283493,0.000775312730926089,0.0007752776145935059,-3.511633258311553e-08,4.529517159027963e-05,-0.8829393982887268,-0.8821641206741333,True,0.03558335825800896,0,1.0,40,40
theta2,T3,batch2_128_255,1,"theta2|batch2_128_255|4,5",4,5,"(4,5)",19,6.256138324737549,7.209931373596191,0.2015124410390854,0.0007921909131109715,0.000792086124420166,-1.0478869080549243e-07,0.00013229456693513133,-0.8712718486785889,-0.8704797625541687,True,0.03745323047041893,0,1.0,40,40
theta2,T3,batch2_128_255,1,"theta2|batch2_128_255|4,5",4,5,"(4,5)",20,6.148684024810791,7.231007099151611,0.20458455383777618,0.0008139683771296404,0.0008137822151184082,-1.8616201123223056e-07,0.00022876146439885432,-0.8620588779449463,-0.8612450957298279,True,0.03931929171085358,0,1.0,40,40
theta2,T3,batch2_128_255,1,"theta2|batch2_128_255|4,5",4,5,"(4,5)",21,6.042089462280273,7.246816158294678,0.20823441445827484,0.0008368374800193124,0.0008368492126464844,1.17326271719927e-08,1.4020001446722983e-05,-0.8540946245193481,-0.8532577753067017,True,0.04118097573518753,0,1.0,40,40
theta2,T3,batch2_128_255,1,"theta2|batch2_128_255|4,5",4,5,"(4,5)",22,5.93578577041626,7.266589641571045,0.21173521876335144,0.0008611707681557164,0.0008611083030700684,-6.246508564805402e-08,7.254033601272943e-05,-0.8481725454330444,-0.8473114371299744,True,0.04303756356239319,0,1.0,40,40
theta2,T3,batch2_128_255,1,"theta2|batch2_128_255|4,5",4,5,"(4,5)",23,5.832056045532227,7.283234119415283,0.21557778120040894,0.0008876743764267304,0.0008876919746398926,1.759821316221679e-08,1.9824684310518643e-05,-0.8417757153511047,-0.8408880233764648,True,0.04488863795995712,0,1.0,40,40
theta2,T3,batch2_128_255,1,"theta2|batch2_128_255|4,5",4,5,"(4,5)",24,5.729560852050781,7.2908453941345215,0.22005344927310944,0.0009161730752093718,0.0009163022041320801,1.2912892270830912e-07,0.00014092394640763723,-0.8357588052749634,-0.8348425030708313,True,0.04673299193382263,0,1.0,40,40
theta2,T3,batch2_128_255,1,"theta2|batch2_128_255|4,5",4,5,"(4,5)",25,5.628621578216553,7.29547119140625,0.22516784071922302,0.0009474058739142492,0.0009473562240600586,-4.964985419065454e-08,5.240885416667399e-05,-0.832542359828949,-0.8315950036048889,True,0.04856869578361511,0,1.0,40,40
theta2,T3,batch2_128_255,1,"theta2|batch2_128_255|4,5",4,5,"(4,5)",26,5.531991481781006,7.297957420349121,0.23028863966464996,0.0009790791007690132,0.0009789466857910156,-1.3241497799762122e-07,0.00013526270625312584,-0.8284326791763306,-0.8274537324905396,True,0.050395917147397995,0,1.0,40,40
theta2,T3,batch2_128_255,1,"theta2|batch2_128_255|4,5",4,5,"(4,5)",27,5.436366558074951,7.298972129821777,0.23588281869888306,0.0010114799207658507,0.0010113120079040527,-1.6791286179800718e-07,0.0001660346762281673,-0.8254646062850952,-0.8244532942771912,True,0.05221253260970116,0,1.0,40,40
theta2,T3,batch2_128_255,1,"theta2|batch2_128_255|4,5",4,5,"(4,5)",28,5.342719554901123,7.290412902832031,0.24177199602127075,0.0010454523585212883,0.0010454654693603516,1.3110839063284335e-08,1.2540671545379645e-05,-0.8234433531761169,-0.8223978877067566,True,0.05401783809065819,0,1.0,40,40
theta2,T3,batch2_128_255,1,"theta2|batch2_128_255|4,5",4,5,"(4,5)",29,5.249117374420166,7.28117561340332,0.24821053445339203,0.001072834537946619,0.0010728240013122559,-1.053663436318894e-08,9.82140066805063e-06,-0.8227102160453796,-0.8216373920440674,True,0.055808890610933304,0,1.0,40,40
theta2,T3,batch2_128_255,1,"theta2|batch2_128_255|4,5",4,5,"(4,5)",30,5.159021854400635,7.27126407623291,0.2545475661754608,0.0011044330746517517,0.0011043548583984375,-7.821625331422798e-08,7.082529018585485e-05,-0.8224350810050964,-0.821330726146698,True,0.0575847290456295,0,1.0,40,40
theta2,T3,batch2_128_255,1,"theta2|batch2_128_255|4,5",4,5,"(4,5)",31,5.072150230407715,7.2493815422058105,0.2613174617290497,0.0011283105316106231,0.0011282563209533691,-5.4210657253993266e-08,4.8048175088605416e-05,-0.8222285509109497,-0.8211002945899963,True,0.05934454873204231,0,1.0,40,40
theta2,T3,batch2_128_255,1,"theta2|batch2_128_255|4,5",4,5,"(4,5)",32,4.988170623779297,7.228729248046875,0.26879265904426575,0.0011657406721205916,0.0011655688285827637,-1.7184353782789472e-07,0.00014743319623332962,-0.8245897889137268,-0.823424220085144,True,0.06108672544360161,0,1.0,40,40
theta2,T3,batch2_128_255,1,"theta2|batch2_128_255|4,5",4,5,"(4,5)",33,4.908292770385742,7.211244106292725,0.2758827209472656,0.0012039985675510252,0.0012038350105285645,-1.6355702246078144e-07,0.00013586332099526572,-0.8264017701148987,-0.8251979351043701,True,0.06280970573425293,0,1.0,40,40
theta2,T3,batch2_128_255,1,"theta2|batch2_128_255|4,5",4,5,"(4,5)",34,4.829409599304199,7.1901164054870605,0.28351715207099915,0.0012296528194856364,0.0012296438217163086,-8.997769327789146e-09,7.317378552132492e-06,-0.8290323615074158,-0.8278027176856995,True,0.06451213359832764,0,1.0,40,40
theta2,T3,batch2_128_255,1,"theta2|batch2_128_255|4,5",4,5,"(4,5)",35,4.753379821777344,7.167113780975342,0.2910120189189911,0.0012503987125819548,0.00125044584274292,4.713016096510349e-08,3.769068547720624e-05,-0.8334153890609741,-0.8321649432182312,True,0.06619170308113098,0,1.0,40,40
theta2,T3,batch2_128_255,1,"theta2|batch2_128_255|4,5",4,5,"(4,5)",36,4.6797051429748535,7.139071941375732,0.29863977432250977,0.0012712851090764161,0.0012712478637695312,-3.724530688487167e-08,2.9298225740518526e-05,-0.8392093777656555,-0.837938129901886,True,0.0678478330373764,0,1.0,40,40
theta2,T3,batch2_128_255,1,"theta2|batch2_128_255|4,5",4,5,"(4,5)",37,4.609042167663574,7.108731269836426,0.3060692846775055,0.001289422349742381,0.00128936767578125,-5.467396113102707e-08,4.2403700789147815e-05,-0.8448229432106018,-0.8435335755348206,True,0.06947984546422958,0,1.0,40,40
theta2,T3,batch2_128_255,1,"theta2|batch2_128_255|4,5",4,5,"(4,5)",38,4.540920734405518,7.08062219619751,0.3132544457912445,0.0012994596305361485,0.0012995004653930664,4.083485691795154e-08,3.142350311171302e-05,-0.8499900698661804,-0.8486905694007874,True,0.07108601182699203,0,1.0,40,40
theta2,T3,batch2_128_255,1,"theta2|batch2_128_255|4,5",4,5,"(4,5)",39,4.47752046585083,7.047150135040283,0.3212694823741913,0.0012966849470103625,0.0012968182563781738,1.3330936781135068e-07,0.00010279726334487648,-0.8579682111740112,-0.8566713929176331,True,0.07266706228256226,0,1.0,40,40
theta2,T3,batch2_128_255,1,"theta2|batch2_128_255|4,6",4,6,"(4,6)",0,8.999855041503906,6.752513885498047,0.5133062601089478,0.0027048645461909475,0.0027039051055908203,-9.594406001271587e-07,0.0003548351597633138,-3.405430316925049,-3.402726411819458,True,0.0018119602464139462,0,1.0,40,40
theta2,T3,batch2_128_255,1,"theta2|batch2_128_255|4,6",4,6,"(4,6)",1,8.832490921020508,6.714879512786865,0.501285195350647,0.00252926075970754,0.002528667449951172,-5.93309756368246e-07,0.00023463336643167639,-3.2497787475585938,-3.2472500801086426,True,0.0036340223159641027,0,1.0,40,40
theta2,T3,batch2_128_255,1,"theta2|batch2_128_255|4,6",4,6,"(4,6)",2,8.66456413269043,6.684772491455078,0.4892292320728302,0.002382214065641165,0.002382040023803711,-1.7404183745399482e-07,7.306419527581226e-05,-3.1010613441467285,-3.098679304122925,True,0.0054704295471310616,0,1.0,40,40
theta2,T3,batch2_128_255,1,"theta2|batch2_128_255|4,6",4,6,"(4,6)",3,8.492599487304688,6.665867805480957,0.4758850634098053,0.0022436946504749357,0.0022432804107666016,-4.142397083341416e-07,0.00018465801526461084,-2.9548985958099365,-2.95265531539917,True,0.007325139828026295,0,1.0,40,40
theta2,T3,batch2_128_255,1,"theta2|batch2_128_255|4,6",4,6,"(4,6)",4,8.322830200195312,6.662912845611572,0.46160438656806946,0.002125563758891076,0.0021257400512695312,1.7629237845538312e-07,8.29322373401668e-05,-2.8129751682281494,-2.81084942817688,True,0.00920200441032648,0,1.0,40,40
theta2,T3,batch2_128_255,1,"theta2|batch2_128_255|4,6",4,6,"(4,6)",5,8.153120994567871,6.668182373046875,0.4466418921947479,0.0020230170073919,0.0020227432250976562,-2.7378229424356026e-07,0.0001353519768829493,-2.6784517765045166,-2.676429033279419,True,0.011106029152870178,0,1.0,40,40
theta2,T3,batch2_128_255,1,"theta2|batch2_128_255|4,6",4,6,"(4,6)",6,7.991266250610352,6.683378219604492,0.4337582588195801,0.0019188260529190303,0.0019185543060302734,-2.717468887568266e-07,0.00014164148906428643,-2.56396222114563,-2.5620436668395996,True,0.013037134893238544,0,1.0,40,40
theta2,T3,batch2_128_255,1,"theta2|batch2_128_255|4,6",4,6,"(4,6)",7,7.834024429321289,6.713004112243652,0.41990426182746887,0.0018120879312045872,0.0018117427825927734,-3.4514861181372987e-07,0.00019050640914920048,-2.454289436340332,-2.4524776935577393,True,0.01499760802835226,0,1.0,40,40
theta2,T3,batch2_128_255,1,"theta2|batch2_128_255|4,6",4,6,"(4,6)",8,7.684071063995361,6.744530200958252,0.4065820276737213,0.001708514444064349,0.0017082691192626953,-2.453248016537346e-07,0.0001436101600663595,-2.3504719734191895,-2.3487637042999268,True,0.016986770555377007,0,1.0,40,40
theta2,T3,batch2_128_255,1,"theta2|batch2_128_255|4,6",4,6,"(4,6)",9,7.54576301574707,6.783695220947266,0.3931281268596649,0.001594147984404117,0.0015935897827148438,-5.582016892732508e-07,0.0003502794102521773,-2.255401372909546,-2.253807783126831,True,0.019002357497811317,0,1.0,40,40
theta2,T3,batch2_128_255,1,"theta2|batch2_128_255|4,6",4,6,"(4,6)",10,7.414795398712158,6.829196929931641,0.38002902269363403,0.0014820857157465072,0.001482248306274414,1.625905279069046e-07,0.00010969182910761487,-2.1644043922424316,-2.1629221439361572,True,0.021044930443167686,0,1.0,40,40
theta2,T3,batch2_128_255,1,"theta2|batch2_128_255|4,6",4,6,"(4,6)",11,7.291193008422852,6.869441986083984,0.3687915503978729,0.0013728989560622723,0.0013728141784667969,-8.477759547544442e-08,6.175460364936409e-05,-2.088142156600952,-2.0867693424224854,True,0.023114919662475586,0,1.0,40,40
theta2,T3,batch2_128_255,1,"theta2|batch2_128_255|4,6",4,6,"(4,6)",12,7.174909591674805,6.913102626800537,0.35922861099243164,0.0012733142441138626,0.0012733936309814453,7.938686758272515e-08,6.234275533602217e-05,-2.0259788036346436,-2.024705410003662,True,0.025212615728378296,0,1.0,40,40
theta2,T3,batch2_128_255,1,"theta2|batch2_128_255|4,6",4,6,"(4,6)",13,7.061705589294434,6.9637227058410645,0.34978556632995605,0.0011745350274723024,0.001174330711364746,-2.0431610755632275e-07,0.00017398515220544406,-1.9689606428146362,-1.9677863121032715,True,0.027338720858097076,0,1.0,40,40
theta2,T3,batch2_128_255,1,"theta2|batch2_128_255|4,6",4,6,"(4,6)",14,6.9581804275512695,7.018507957458496,0.3400595784187317,0.0010900769056752324,0.0010905265808105469,4.496751353144299e-07,0.00041234679028199703,-1.9120593070983887,-1.9109687805175781,True,0.02949449047446251,0,1.0,40,40
theta2,T3,batch2_128_255,1,"theta2|batch2_128_255|4,6",4,6,"(4,6)",15,6.857760429382324,7.076282978057861,0.33010241389274597,0.0010116913616657257,0.0010117292404174805,3.7878751754779824e-08,3.7439613526588906e-05,-1.8541308641433716,-1.853119134902954,True,0.031680941581726074,0,1.0,40,40
theta2,T3,batch2_128_255,1,"theta2|batch2_128_255|4,6",4,6,"(4,6)",16,6.759397029876709,7.13427734375,0.3218074440956116,0.0009454512039083056,0.0009454488754272461,-2.3284810595500596e-09,2.4628312752477754e-06,-1.8096985816955566,-1.8087531328201294,True,0.0338980108499527,0,1.0,40,40
theta2,T3,batch2_128_255,1,"theta2|batch2_128_255|4,6",4,6,"(4,6)",17,6.659524917602539,7.185737133026123,0.31450387835502625,0.0008885231952881441,0.0008884668350219727,-5.636026617140185e-08,6.343541925232134e-05,-1.7762950658798218,-1.7754065990447998,True,0.03614453226327896,0,1.0,40,40
theta2,T3,batch2_128_255,1,"theta2|batch2_128_255|4,6",4,6,"(4,6)",18,6.564596652984619,7.243802547454834,0.306868314743042,0.0008350248127244413,0.0008350610733032227,3.626057878134206e-08,4.342266684508155e-05,-1.739908218383789,-1.7390731573104858,True,0.038421183824539185,0,1.0,40,40
theta2,T3,batch2_128_255,1,"theta2|batch2_128_255|4,6",4,6,"(4,6)",19,6.470699787139893,7.303196430206299,0.2998192012310028,0.0007807546718395315,0.0007807016372680664,-5.30345714651239e-08,6.793193319116049e-05,-1.7062524557113647,-1.7054717540740967,True,0.04072675481438637,0,1.0,40,40
theta2,T3,batch2_128_255,1,"theta2|batch2_128_255|4,6",4,6,"(4,6)",20,6.37981653213501,7.365383625030518,0.29270416498184204,0.0007466721470700577,0.000746607780456543,-6.436661351475175e-08,8.62120851130057e-05,-1.675559163093567,-1.6748125553131104,True,0.04306260496377945,0,1.0,40,40
theta2,T3,batch2_128_255,1,"theta2|batch2_128_255|4,6",4,6,"(4,6)",21,6.2884440422058105,7.425571441650391,0.2862964868545532,0.0006946574813337065,0.0006941556930541992,-5.017882795072892e-07,0.0007228756956519118,-1.6505707502365112,-1.649876594543457,True,0.045425478368997574,0,1.0,40,40
theta2,T3,batch2_128_255,1,"theta2|batch2_128_255|4,6",4,6,"(4,6)",22,6.200560569763184,7.488303184509277,0.28037911653518677,0.0006508846739452565,0.0006510019302368164,1.1725629155991384e-07,0.00018011665728434825,-1.6304388046264648,-1.629787802696228,True,0.047815121710300446,0,1.0,40,40
theta2,T3,batch2_128_255,1,"theta2|batch2_128_255|4,6",4,6,"(4,6)",23,6.113114356994629,7.546278476715088,0.27467069029808044,0.0006068656377356092,0.0006064176559448242,-4.479817907849463e-07,0.0007387347422907267,-1.6100040674209595,-1.6093976497650146,True,0.05022986978292465,0,1.0,40,40
theta2,T3,batch2_128_255,1,"theta2|batch2_128_255|4,6",4,6,"(4,6)",24,6.025478363037109,7.606429100036621,0.26966387033462524,0.0005638599333669845,0.0005640983581542969,2.3842478731237425e-07,0.00042266527435479314,-1.595839262008667,-1.5952751636505127,True,0.05266854539513588,0,1.0,40,40
theta2,T3,batch2_128_255,1,"theta2|batch2_128_255|4,6",4,6,"(4,6)",25,5.940485954284668,7.664785861968994,0.26567792892456055,0.0005279581879876787,0.0005278587341308594,-9.945385681935526e-08,0.0001884099862117656,-1.588763952255249,-1.5882360935211182,True,0.05512985959649086,0,1.0,40,40
theta2,T3,batch2_128_255,1,"theta2|batch2_128_255|4,6",4,6,"(4,6)",26,5.856720924377441,7.72369909286499,0.26190996170043945,0.0004894816736123176,0.0004894733428955078,-8.330716809749547e-09,1.701975588796871e-05,-1.5840885639190674,-1.5835990905761719,True,0.057612836360931396,0,1.0,40,40
theta2,T3,batch2_128_255,1,"theta2|batch2_128_255|4,6",4,6,"(4,6)",27,5.776534080505371,7.777458667755127,0.2585085332393646,0.0004532547202106798,0.0004533529281616211,9.820795094126833e-08,0.00021662582249001606,-1.584155797958374,-1.5837024450302124,True,0.06011633947491646,0,1.0,40,40
theta2,T3,batch2_128_255,1,"theta2|batch2_128_255|4,6",4,6,"(4,6)",28,5.69605827331543,7.83413553237915,0.2558925747871399,0.0004212459706614027,0.00042116641998291016,-7.955067849254888e-08,0.00018888181658874143,-1.5886285305023193,-1.5882073640823364,True,0.06263873726129532,0,1.0,40,40
theta2,T3,batch2_128_255,1,"theta2|batch2_128_255|4,6",4,6,"(4,6)",29,5.617273330688477,7.888560771942139,0.2530423104763031,0.00039098587942135057,0.00039076805114746094,-2.178282738896347e-07,0.000557436241908719,-1.5890567302703857,-1.5886659622192383,True,0.0651780366897583,0,1.0,40,40
theta2,T3,batch2_128_255,1,"theta2|batch2_128_255|4,6",4,6,"(4,6)",30,5.538959503173828,7.939279556274414,0.250372976064682,0.0003682784093398368,0.00036787986755371094,-3.9854178612586935e-07,0.00108334763947821,-1.5924224853515625,-1.5920546054840088,True,0.06773170828819275,0,1.0,40,40
theta2,T3,batch2_128_255,1,"theta2|batch2_128_255|4,6",4,6,"(4,6)",31,5.4630889892578125,7.9914960861206055,0.24820086359977722,0.0003426858759194147,0.0003426074981689453,-7.83777504693951e-08,0.00022876834537563376,-1.599226951599121,-1.5988843441009521,True,0.07029955834150314,0,1.0,40,40
theta2,T3,batch2_128_255,1,"theta2|batch2_128_255|4,6",4,6,"(4,6)",32,5.387986660003662,8.038042068481445,0.24623849987983704,0.00031233759263705,0.0003122091293334961,-1.2846330355389696e-07,0.0004114655578078078,-1.6069035530090332,-1.6065913438796997,True,0.07287901639938354,0,1.0,40,40
theta2,T3,batch2_128_255,1,"theta2|batch2_128_255|4,6",4,6,"(4,6)",33,5.313876628875732,8.083396911621094,0.24468177556991577,0.00028361076925648377,0.0002834796905517578,-1.3107870472595312e-07,0.0004623918717803903,-1.6181367635726929,-1.6178532838821411,True,0.07546809315681458,0,1.0,40,40
theta2,T3,batch2_128_255,1,"theta2|batch2_128_255|4,6",4,6,"(4,6)",34,5.2410383224487305,8.126956939697266,0.24383705854415894,0.00024890308239264417,0.0002485513687133789,-3.517136792652591e-07,0.0014150542846973555,-1.6362007856369019,-1.6359522342681885,True,0.07806442677974701,0,1.0,40,40
theta2,T3,batch2_128_255,1,"theta2|batch2_128_255|4,6",4,6,"(4,6)",35,5.169680118560791,8.17097282409668,0.2433159202337265,0.00021754143096040934,0.00021708011627197266,-4.6131468843668027e-07,0.0021250895584499965,-1.6558459997177124,-1.6556289196014404,True,0.08066590875387192,0,1.0,40,40
theta2,T3,batch2_128_255,1,"theta2|batch2_128_255|4,6",4,6,"(4,6)",36,5.098935127258301,8.213109016418457,0.24291865527629852,0.00019413207858451643,0.00019419193267822266,5.985409370622163e-08,0.0003082213193964152,-1.6770390272140503,-1.676844835281372,True,0.08326926827430725,0,1.0,40,40
theta2,T3,batch2_128_255,1,"theta2|batch2_128_255|4,6",4,6,"(4,6)",37,5.029521942138672,8.254572868347168,0.2428722083568573,0.00016554089479905087,0.00016510486602783203,-4.360287712188403e-07,0.002640920172185223,-1.700929880142212,-1.700764775276184,True,0.08587256819009781,0,1.0,40,40
theta2,T3,batch2_128_255,1,"theta2|batch2_128_255|4,6",4,6,"(4,6)",38,4.961604118347168,8.294394493103027,0.24232545495033264,0.00013325191322655883,0.00013315677642822266,-9.5136798336173e-08,0.0007144720748587355,-1.719751000404358,-1.7196178436279297,True,0.08847376704216003,0,1.0,40,40
theta2,T3,batch2_128_255,1,"theta2|batch2_128_255|4,6",4,6,"(4,6)",39,4.894899845123291,8.3355131149292,0.24228836596012115,0.00010464995147049195,0.00010478496551513672,1.3501404464477174e-07,0.001288486797519328,-1.745666265487671,-1.7455614805221558,True,0.09106925129890442,0,1.0,40,40
theta2,T3,batch2_128_255,1,"theta2|batch2_128_255|4,7",4,7,"(4,7)",0,8.910843849182129,6.752513885498047,0.33535751700401306,0.0020169837092980742,0.0020165443420410156,-4.393672570586135e-07,0.00021788127734097553,-2.514831781387329,-2.512815237045288,True,0.0018741287058219314,1,1.0,40,40
theta2,T3,batch2_128_255,1,"theta2|batch2_128_255|4,7",4,7,"(4,7)",1,8.760978698730469,6.733661651611328,0.33320727944374084,0.0019113048291765154,0.0019109249114990234,-3.799176774919432e-07,0.00019881350397693917,-2.450249433517456,-2.448338508605957,True,0.003751648822799325,1,1.0,40,40
theta2,T3,batch2_128_255,1,"theta2|batch2_128_255|4,7",4,7,"(4,7)",2,8.609432220458984,6.725585460662842,0.33133530616760254,0.0018195211729034782,0.001819610595703125,8.942279964684746e-08,4.914392115434629e-05,-2.3911032676696777,-2.3892836570739746,True,0.005636253394186497,1,1.0,40,40
theta2,T3,batch2_128_255,1,"theta2|batch2_128_255|4,7",4,7,"(4,7)",3,8.455184936523438,6.718145847320557,0.3293653130531311,0.0017340758247300983,0.0017337799072265625,-2.9591750353580304e-07,0.00017067766346950397,-2.3338568210601807,-2.332123041152954,True,0.00752610107883811,1,1.0,40,40
theta2,T3,batch2_128_255,1,"theta2|batch2_128_255|4,7",4,7,"(4,7)",4,8.304973602294922,6.721500396728516,0.3280464708805084,0.0016647839732468128,0.0016644001007080078,-3.838725388049472e-07,0.00023063717590599418,-2.2845101356506348,-2.2828457355499268,True,0.009425453841686249,1,1.0,40,40
theta2,T3,batch2_128_255,1,"theta2|batch2_128_255|4,7",4,7,"(4,7)",5,8.166067123413086,6.731164932250977,0.3267644941806793,0.0016185754938051104,0.0016186237335205078,4.823971539737702e-08,2.98029210855914e-05,-2.2417778968811035,-2.240159273147583,True,0.011338341981172562,1,1.0,40,40
theta2,T3,batch2_128_255,1,"theta2|batch2_128_255|4,7",4,7,"(4,7)",6,8.025206565856934,6.746100425720215,0.3257018029689789,0.0015717469481751323,0.0015714168548583984,-3.3009331673388917e-07,0.0002100609495903836,-2.201453685760498,-2.1998822689056396,True,0.013263586908578873,1,1.0,40,40
theta2,T3,batch2_128_255,1,"theta2|batch2_128_255|4,7",4,7,"(4,7)",7,7.884891986846924,6.772959232330322,0.32502129673957825,0.001535070987418294,0.0015347003936767578,-3.705937415361595e-07,0.00024147627971105796,-2.170769691467285,-2.1692349910736084,True,0.01520257443189621,1,1.0,40,40
theta2,T3,batch2_128_255,1,"theta2|batch2_128_255|4,7",4,7,"(4,7)",8,7.747490882873535,6.801812648773193,0.32472535967826843,0.0014962601973675192,0.0014960765838623047,-1.8361350521446662e-07,0.00012273001743028816,-2.144801139831543,-2.1433050632476807,True,0.017155049368739128,1,1.0,40,40
theta2,T3,batch2_128_255,1,"theta2|batch2_128_255|4,7",4,7,"(4,7)",9,7.613460540771484,6.834644317626953,0.324733167886734,0.0014647898245602846,0.00146484375,5.392543971538717e-08,3.681310017903764e-05,-2.12129807472229,-2.11983323097229,True,0.01912250556051731,1,1.0,40,40
theta2,T3,batch2_128_255,1,"theta2|batch2_128_255|4,7",4,7,"(4,7)",10,7.484412670135498,6.867342472076416,0.32481032609939575,0.0014298559937160461,0.0014295578002929688,-2.981934230773895e-07,0.00020859137211260627,-2.1012110710144043,-2.0997815132141113,True,0.021103084087371826,1,1.0,40,40
theta2,T3,batch2_128_255,1,"theta2|batch2_128_255|4,7",4,7,"(4,7)",11,7.357842445373535,6.904008865356445,0.3246678113937378,0.0013905226173810661,0.0013904571533203125,-6.546406075363075e-08,4.708096225569212e-05,-2.0834906101226807,-2.0821001529693604,True,0.02309553697705269,1,1.0,40,40
theta2,T3,batch2_128_255,1,"theta2|batch2_128_255|4,7",4,7,"(4,7)",12,7.238847255706787,6.949206829071045,0.3247145116329193,0.0013586738966405393,0.0013580322265625,-6.41670078039289e-07,0.00047249989027396455,-2.071078300476074,-2.0697202682495117,True,0.02510138228535652,1,1.0,40,40
theta2,T3,batch2_128_255,1,"theta2|batch2_128_255|4,7",4,7,"(4,7)",13,7.126063346862793,6.9916157722473145,0.32423877716064453,0.0013214920095633716,0.001321554183959961,6.217439658929257e-08,4.704642257118098e-05,-2.0564396381378174,-2.0551180839538574,True,0.027119414880871773,1,1.0,40,40
theta2,T3,batch2_128_255,1,"theta2|batch2_128_255|4,7",4,7,"(4,7)",14,7.014651775360107,7.02755069732666,0.3238418400287628,0.0012923041726462543,0.0012919902801513672,-3.1389249488707194e-07,0.00024295267519373046,-2.045658588409424,-2.0443665981292725,True,0.029149634763598442,1,1.0,40,40
theta2,T3,batch2_128_255,1,"theta2|batch2_128_255|4,7",4,7,"(4,7)",15,6.907363414764404,7.073453426361084,0.323727548122406,0.0012669694882351905,0.0012669563293457031,-1.3158889487384015e-08,1.0386221831481507e-05,-2.0392730236053467,-2.038006067276001,True,0.031191743910312653,1,1.0,40,40
theta2,T3,batch2_128_255,1,"theta2|batch2_128_255|4,7",4,7,"(4,7)",16,6.805927753448486,7.115115642547607,0.32407835125923157,0.0012376563088037074,0.0012373924255371094,-2.6388326659801224e-07,0.00021325754154626381,-2.0381693840026855,-2.0369319915771484,True,0.033245671540498734,1,1.0,40,40
theta2,T3,batch2_128_255,1,"theta2|batch2_128_255|4,7",4,7,"(4,7)",17,6.706964015960693,7.155270099639893,0.3243502974510193,0.0012133382204920053,0.0012133121490478516,-2.6071444153737133e-08,2.1487829141245092e-05,-2.037325143814087,-2.036111831665039,True,0.035311922430992126,1,1.0,40,40
theta2,T3,batch2_128_255,1,"theta2|batch2_128_255|4,7",4,7,"(4,7)",18,6.611754417419434,7.193663597106934,0.325111448764801,0.001182379913283512,0.0011827945709228516,4.1465763933948296e-07,0.00035057452032093346,-2.0393872261047363,-2.0382044315338135,True,0.03738979250192642,1,1.0,40,40
theta2,T3,batch2_128_255,1,"theta2|batch2_128_255|4,7",4,7,"(4,7)",19,6.520793914794922,7.230804443359375,0.3256479799747467,0.0011486996421590447,0.0011487007141113281,1.0719522834483353e-09,9.331867476705036e-07,-2.043949842453003,-2.0428011417388916,True,0.03947881609201431,1,1.0,40,40
theta2,T3,batch2_128_255,1,"theta2|batch2_128_255|4,7",4,7,"(4,7)",20,6.43123722076416,7.2661871910095215,0.325647234916687,0.0011183492563432082,0.0011184215545654297,7.229822222148963e-08,6.464308732817797e-05,-2.044628858566284,-2.0435104370117188,True,0.041579242795705795,1,1.0,40,40
theta2,T3,batch2_128_255,1,"theta2|batch2_128_255|4,7",4,7,"(4,7)",21,6.343014717102051,7.301496505737305,0.32576650381088257,0.001094014591886662,0.0010938644409179688,-1.5015096869325228e-07,0.00013726652323321336,-2.0478904247283936,-2.0467965602874756,True,0.043690863996744156,1,1.0,40,40
theta2,T3,batch2_128_255,1,"theta2|batch2_128_255|4,7",4,7,"(4,7)",22,6.256026268005371,7.33779764175415,0.32532379031181335,0.0010707941080909222,0.001070261001586914,-5.331065040081306e-07,0.0004981088755151076,-2.047478675842285,-2.0464084148406982,True,0.045813001692295074,1,1.0,40,40
theta2,T3,batch2_128_255,1,"theta2|batch2_128_255|4,7",4,7,"(4,7)",23,6.170409679412842,7.374022006988525,0.32478219270706177,0.0010560196280712262,0.0010554790496826172,-5.405783886089713e-07,0.0005121640157343941,-2.0474390983581543,-2.0463836193084717,True,0.047946278005838394,1,1.0,40,40
theta2,T3,batch2_128_255,1,"theta2|batch2_128_255|4,7",4,7,"(4,7)",24,6.085951328277588,7.406070709228516,0.3248622715473175,0.0010310443372000008,0.0010309219360351562,-1.224011648445853e-07,0.00011872980927666595,-2.0506019592285156,-2.0495710372924805,True,0.050088074058294296,1,1.0,40,40
theta2,T3,batch2_128_255,1,"theta2|batch2_128_255|4,7",4,7,"(4,7)",25,6.003511905670166,7.439015865325928,0.32513201236724854,0.0010140070299967192,0.0010137557983398438,-2.512316568754804e-07,0.00024782265836299506,-2.0592925548553467,-2.058278799057007,True,0.052238304167985916,1,1.0,40,40
theta2,T3,batch2_128_255,1,"theta2|batch2_128_255|4,7",4,7,"(4,7)",26,5.921854019165039,7.46512508392334,0.32512906193733215,0.000988029430503957,0.000988006591796875,-2.2838707081996104e-08,2.311594605908412e-05,-2.063737630844116,-2.0627496242523193,True,0.0543954111635685,1,1.0,40,40
theta2,T3,batch2_128_255,1,"theta2|batch2_128_255|4,7",4,7,"(4,7)",27,5.840917587280273,7.491894245147705,0.32508981227874756,0.000986597376759164,0.0009860992431640625,-4.98133595101596e-07,0.0005051556408290631,-2.067328691482544,-2.06634259223938,True,0.05655871331691742,1,1.0,40,40
theta2,T3,batch2_128_255,1,"theta2|batch2_128_255|4,7",4,7,"(4,7)",28,5.760937213897705,7.518348217010498,0.32448115944862366,0.0009672086059581489,0.0009672641754150391,5.55694568901699e-08,5.745013441268602e-05,-2.069007635116577,-2.068040370941162,True,0.05872657895088196,1,1.0,40,40
theta2,T3,batch2_128_255,1,"theta2|batch2_128_255|4,7",4,7,"(4,7)",29,5.68101692199707,7.540536403656006,0.32337045669555664,0.0009547631763853133,0.0009548664093017578,1.0323291644448191e-07,0.00010811241807110018,-2.0660033226013184,-2.0650484561920166,True,0.06089792400598526,1,1.0,40,40
theta2,T3,batch2_128_255,1,"theta2|batch2_128_255|4,7",4,7,"(4,7)",30,5.602153778076172,7.562403202056885,0.32280871272087097,0.0009400966193643398,0.0009393692016601562,-7.274177041835875e-07,0.0007743682706416339,-2.0667614936828613,-2.065822124481201,True,0.06307104974985123,1,1.0,40,40
theta2,T3,batch2_128_255,1,"theta2|batch2_128_255|4,7",4,7,"(4,7)",31,5.524514198303223,7.582283973693848,0.32200565934181213,0.0009271300130931195,0.0009274482727050781,3.18259611958578e-07,0.00034315618598362765,-2.065164566040039,-2.064237117767334,True,0.06524436175823212,1,1.0,40,40
theta2,T3,batch2_128_255,1,"theta2|batch2_128_255|4,7",4,7,"(4,7)",32,5.448642730712891,7.604403018951416,0.32053497433662415,0.0009111480802530422,0.0009112358093261719,8.772907312962815e-08,9.627483054523597e-05,-2.060337781906128,-2.0594265460968018,True,0.06741657853126526,1,1.0,40,40
theta2,T3,batch2_128_255,1,"theta2|batch2_128_255|4,7",4,7,"(4,7)",33,5.373721122741699,7.623471260070801,0.31941187381744385,0.0008991475004004315,0.0008993148803710938,1.67379970662275e-07,0.00018611942748373878,-2.057788848876953,-2.056889533996582,True,0.06958609819412231,1,1.0,40,40
theta2,T3,batch2_128_255,1,"theta2|batch2_128_255|4,7",4,7,"(4,7)",34,5.300171375274658,7.642853736877441,0.3184494376182556,0.0008847475495567779,0.0008845329284667969,-2.1462108998099479e-07,0.00024263776177672409,-2.0575673580169678,-2.056682825088501,True,0.07175112515687943,1,1.0,40,40
theta2,T3,batch2_128_255,1,"theta2|batch2_128_255|4,7",4,7,"(4,7)",35,5.227670669555664,7.660800457000732,0.3172796666622162,0.0008668422610498965,0.0008664131164550781,-4.2914459481835626e-07,0.0004953117475577905,-2.0551435947418213,-2.054277181625366,True,0.07391040772199631,1,1.0,40,40
theta2,T3,batch2_128_255,1,"theta2|batch2_128_255|4,7",4,7,"(4,7)",36,5.157159805297852,7.676036834716797,0.3161117434501648,0.0008581496660772245,0.0008580684661865234,-8.119989070107941e-08,9.463101593973331e-05,-2.0522844791412354,-2.051426410675049,True,0.0760621502995491,1,1.0,40,40
theta2,T3,batch2_128_255,1,"theta2|batch2_128_255|4,7",4,7,"(4,7)",37,5.0873284339904785,7.69130802154541,0.3151213824748993,0.0008451006502073142,0.0008451938629150391,9.321270772486099e-08,0.00011028559460118909,-2.0517690181732178,-2.0509238243103027,True,0.07820457965135574,1,1.0,40,40
theta2,T3,batch2_128_255,1,"theta2|batch2_128_255|4,7",4,7,"(4,7)",38,5.020943641662598,7.704665660858154,0.31418508291244507,0.0008357416076614755,0.000835418701171875,-3.229064896004795e-07,0.00038652054251063055,-2.050499200820923,-2.049663782119751,True,0.08033830672502518,1,1.0,40,40
theta2,T3,batch2_128_255,1,"theta2|batch2_128_255|4,7",4,7,"(4,7)",39,4.9537353515625,7.716572284698486,0.3133019506931305,0.0008231965057930211,0.0008232593536376953,6.284784467424243e-08,7.634027405402656e-05,-2.0494589805603027,-2.048635721206665,True,0.08245924115180969,1,1.0,40,40
theta2,T3,batch2_128_255,1,"theta2|batch2_128_255|5,6",5,6,"(5,6)",0,8.774568557739258,6.752513885498047,0.390473872423172,0.0022302755599375814,0.0022296905517578125,-5.850081797689234e-07,0.0002623719149312997,-2.288975238800049,-2.286745548248291,True,0.001947190728969872,0,1.0,40,40
theta2,T3,batch2_128_255,1,"theta2|batch2_128_255|5,6",5,6,"(5,6)",1,8.606399536132812,6.735215663909912,0.3736707270145416,0.002031199783785269,0.002030611038208008,-5.887455772611051e-07,0.00028993518019121314,-2.1471588611602783,-2.1451282501220703,True,0.003887147642672062,0,1.0,40,40
theta2,T3,batch2_128_255,1,"theta2|batch2_128_255|5,6",5,6,"(5,6)",2,8.432904243469238,6.73027229309082,0.35639315843582153,0.0018597105009539518,0.0018591880798339844,-5.224211199674356e-07,0.00028099422841291295,-2.0104336738586426,-2.0085744857788086,True,0.005820469465106726,0,1.0,40,40
theta2,T3,batch2_128_255,1,"theta2|batch2_128_255|5,6",5,6,"(5,6)",3,8.254066467285156,6.738293647766113,0.33957141637802124,0.001718705648672767,0.0017186403274536133,-6.53212191537543e-08,3.800749820093893e-05,-1.8849812746047974,-1.8832626342773438,True,0.007747295778244734,0,1.0,40,40
theta2,T3,batch2_128_255,1,"theta2|batch2_128_255|5,6",5,6,"(5,6)",4,8.074824333190918,6.753960609436035,0.3232973515987396,0.001586694474273827,0.0015864372253417969,-2.57248932030189e-07,0.00016215512843551996,-1.7640445232391357,-1.762458086013794,True,0.00966700166463852,0,1.0,40,40
theta2,T3,batch2_128_255,1,"theta2|batch2_128_255|5,6",5,6,"(5,6)",5,7.897600173950195,6.782807350158691,0.3071277141571045,0.0014766523311845958,0.0014760494232177734,-6.029079668223251e-07,0.0004084605551404854,-1.6450178623199463,-1.6435418128967285,True,0.011581630446016788,0,1.0,40,40
theta2,T3,batch2_128_255,1,"theta2|batch2_128_255|5,6",5,6,"(5,6)",6,7.726077079772949,6.81908655166626,0.29065850377082825,0.001372124674031511,0.001371622085571289,-5.025884602218381e-07,0.0003664190490287322,-1.5265443325042725,-1.5251727104187012,True,0.01349038165062666,0,1.0,40,40
theta2,T3,batch2_128_255,1,"theta2|batch2_128_255|5,6",5,6,"(5,6)",7,7.558038711547852,6.863521575927734,0.27529749274253845,0.0012721956920577213,0.0012722015380859375,5.846028216204002e-09,4.595206059096198e-06,-1.4134125709533691,-1.4121403694152832,True,0.015393168665468693,0,1.0,40,40
theta2,T3,batch2_128_255,1,"theta2|batch2_128_255|5,6",5,6,"(5,6)",8,7.397497653961182,6.911715984344482,0.2626344859600067,0.0011910301285679452,0.0011909008026123047,-1.293259556404882e-07,0.00010859506967902347,-1.31918203830719,-1.3179911375045776,True,0.017289407551288605,0,1.0,40,40
theta2,T3,batch2_128_255,1,"theta2|batch2_128_255|5,6",5,6,"(5,6)",9,7.242711067199707,6.976369380950928,0.25019463896751404,0.0011106274349149316,0.0011103153228759766,-3.1211203895507855e-07,0.00028110216307439164,-1.228678822517395,-1.227568507194519,True,0.019178025424480438,0,1.0,40,40
theta2,T3,batch2_128_255,1,"theta2|batch2_128_255|5,6",5,6,"(5,6)",10,7.097500324249268,7.041858673095703,0.24030564725399017,0.0010500505493255333,0.0010499954223632812,-5.512696225201674e-08,5.250209770242571e-05,-1.1583932638168335,-1.1573432683944702,True,0.021059270948171616,0,1.0,40,40
theta2,T3,batch2_128_255,1,"theta2|batch2_128_255|5,6",5,6,"(5,6)",11,6.954831600189209,7.114714622497559,0.2302897870540619,0.0009927243010606616,0.0009922981262207031,-4.2617483995846875e-07,0.0004294826612054698,-1.0887234210968018,-1.087731122970581,True,0.02293376624584198,0,1.0,40,40
theta2,T3,batch2_128_255,1,"theta2|batch2_128_255|5,6",5,6,"(5,6)",12,6.8239593505859375,7.1862969398498535,0.22033876180648804,0.0009371203485643491,0.0009372234344482422,1.0308588389309169e-07,0.00010999072377418724,-1.021224021911621,-1.0202867984771729,True,0.024802230298519135,0,1.0,40,40
theta2,T3,batch2_128_255,1,"theta2|batch2_128_255|5,6",5,6,"(5,6)",13,6.698478698730469,7.258926868438721,0.2118101865053177,0.0008900457492563874,0.0008900165557861328,-2.9193470254596822e-08,3.28010418062514e-05,-0.963126540184021,-0.9622365236282349,True,0.026664139702916145,0,1.0,40,40
theta2,T3,batch2_128_255,1,"theta2|batch2_128_255|5,6",5,6,"(5,6)",14,6.57991886138916,7.327266216278076,0.2035169154405594,0.0008461485933512449,0.0008460879325866699,-6.066076457496902e-08,7.169557942933451e-05,-0.9052820801734924,-0.9044359922409058,True,0.028518715873360634,0,1.0,40,40
theta2,T3,batch2_128_255,1,"theta2|batch2_128_255|5,6",5,6,"(5,6)",15,6.464046001434326,7.3923516273498535,0.1966751217842102,0.0008150245217839257,0.0008148550987243652,-1.6942305956042444e-07,0.00020791802103914167,-0.854729950428009,-0.8539150953292847,True,0.030367257073521614,0,1.0,40,40
theta2,T3,batch2_128_255,1,"theta2|batch2_128_255|5,6",5,6,"(5,6)",16,6.3545708656311035,7.46120023727417,0.18981029093265533,0.0007858084619510919,0.0007857084274291992,-1.0003452189267115e-07,0.00012731761350706058,-0.8046308755874634,-0.8038451671600342,True,0.03221011906862259,0,1.0,40,40
theta2,T3,batch2_128_255,1,"theta2|batch2_128_255|5,6",5,6,"(5,6)",17,6.246886730194092,7.528441905975342,0.18391016125679016,0.0007623945416416973,0.0007622241973876953,-1.7034425400200715e-07,0.00022348313604555353,-0.7608448266983032,-0.7600826025009155,True,0.03404659405350685,0,1.0,40,40
theta2,T3,batch2_128_255,1,"theta2|batch2_128_255|5,6",5,6,"(5,6)",18,6.143321990966797,7.593837261199951,0.1787453293800354,0.0007451328882598318,0.0007448792457580566,-2.53642501775171e-07,0.00034051492670740394,-0.7193573117256165,-0.7186124324798584,True,0.035877518355846405,0,1.0,40,40
theta2,T3,batch2_128_255,1,"theta2|batch2_128_255|5,6",5,6,"(5,6)",19,6.049469947814941,7.65070104598999,0.17475545406341553,0.0007340410782489926,0.0007339119911193848,-1.2908712960786172e-07,0.00017588911364014385,-0.6813273429870605,-0.6805934309959412,True,0.03770354762673378,0,1.0,40,40
theta2,T3,batch2_128_255,1,"theta2|batch2_128_255|5,6",5,6,"(5,6)",20,5.950882911682129,7.708492279052734,0.17053265869617462,0.0007260703822248616,0.0007259249687194824,-1.4541350537914093e-07,0.00020031478685138428,-0.6425646543502808,-0.6418387293815613,True,0.03952368348836899,0,1.0,40,40
theta2,T3,batch2_128_255,1,"theta2|batch2_128_255|5,6",5,6,"(5,6)",21,5.852062225341797,7.767429828643799,0.16776853799819946,0.0007263472781050951,0.0007262825965881348,-6.468151696030228e-08,8.905833247851086e-05,-0.6113463640213013,-0.6106200814247131,True,0.04133720323443413,0,1.0,40,40
theta2,T3,batch2_128_255,1,"theta2|batch2_128_255|5,6",5,6,"(5,6)",22,5.755788803100586,7.827413082122803,0.16442054510116577,0.000725288162677316,0.0007252097129821777,-7.844969513825899e-08,0.00010817518537591197,-0.5772810578346252,-0.5765558481216431,True,0.043143317103385925,0,1.0,40,40
theta2,T3,batch2_128_255,1,"theta2|batch2_128_255|5,6",5,6,"(5,6)",23,5.659940242767334,7.884922981262207,0.1619414985179901,0.000731427183636697,0.000731348991394043,-7.819224265401443e-08,0.00010691508920381528,-0.5469641089439392,-0.5462327599525452,True,0.04494097828865051,0,1.0,40,40
theta2,T3,batch2_128_255,1,"theta2|batch2_128_255|5,6",5,6,"(5,6)",24,5.566255569458008,7.942195892333984,0.15884846448898315,0.000735611216747202,0.0007355809211730957,-3.029557410624481e-08,4.118591610278552e-05,-0.5132142305374146,-0.5124786496162415,True,0.046729229390621185,0,1.0,40,40
theta2,T3,batch2_128_255,1,"theta2|batch2_128_255|5,6",5,6,"(5,6)",25,5.473098278045654,7.998763561248779,0.15676483511924744,0.0007442729910835624,0.000744163990020752,-1.0900106281041145e-07,0.00014647451942329515,-0.48423293232917786,-0.4834887683391571,True,0.04850678890943527,0,1.0,40,40
theta2,T3,batch2_128_255,1,"theta2|batch2_128_255|5,6",5,6,"(5,6)",26,5.381834030151367,8.056710243225098,0.15509848296642303,0.0007564853812800721,0.0007563531398773193,-1.3224140275273216e-07,0.0001748408194275253,-0.45909348130226135,-0.45833712816238403,True,0.05027296394109726,0,1.0,40,40
theta2,T3,batch2_128_255,1,"theta2|batch2_128_255|5,6",5,6,"(5,6)",27,5.292818069458008,8.114618301391602,0.15359261631965637,0.0007695541955326917,0.0007695257663726807,-2.8429160011029554e-08,3.6943740227226305e-05,-0.43533843755722046,-0.4345689117908478,True,0.0520273856818676,0,1.0,40,40
theta2,T3,batch2_128_255,1,"theta2|batch2_128_255|5,6",5,6,"(5,6)",28,5.204980850219727,8.168664932250977,0.1523347795009613,0.000785299513649079,0.0007851123809814453,-1.8713266763373173e-07,0.00023835144135646264,-0.41266751289367676,-0.4118824005126953,True,0.05376839637756348,0,1.0,40,40
theta2,T3,batch2_128_255,1,"theta2|batch2_128_255|5,6",5,6,"(5,6)",29,5.118173599243164,8.220039367675781,0.15189380943775177,0.0008040593254991108,0.0008040070533752441,-5.2272123866685914e-08,6.501450907332974e-05,-0.3928736746311188,-0.39206966757774353,True,0.055494505912065506,0,1.0,40,40
theta2,T3,batch2_128_255,1,"theta2|batch2_128_255|5,6",5,6,"(5,6)",30,5.034258842468262,8.272188186645508,0.15219689905643463,0.0008227987984137144,0.0008226335048675537,-1.6529354616068217e-07,0.00020093218326585772,-0.3751859664916992,-0.37436333298683167,True,0.05720500648021698,0,1.0,40,40
theta2,T3,batch2_128_255,1,"theta2|batch2_128_255|5,6",5,6,"(5,6)",31,4.949942588806152,8.316710472106934,0.1531377136707306,0.0008420564188527351,0.0008419454097747803,-1.1100907795487218e-07,0.00013184830829420047,-0.3608022630214691,-0.35996031761169434,True,0.05889518931508064,0,1.0,40,40
theta2,T3,batch2_128_255,1,"theta2|batch2_128_255|5,6",5,6,"(5,6)",32,4.872958183288574,8.361771583557129,0.15394245088100433,0.0008600316594893229,0.0008599162101745605,-1.154493147623387e-07,0.00013425646987036424,-0.34554317593574524,-0.3446832597255707,True,0.060568250715732574,0,1.0,40,40
theta2,T3,batch2_128_255,1,"theta2|batch2_128_255|5,6",5,6,"(5,6)",33,4.796821117401123,8.402374267578125,0.15527205169200897,0.0008775892193662002,0.0008774399757385254,-1.492436276748525e-07,0.00017008984295391468,-0.3325623869895935,-0.331684947013855,True,0.062221501022577286,0,1.0,40,40
theta2,T3,batch2_128_255,1,"theta2|batch2_128_255|5,6",5,6,"(5,6)",34,4.723238945007324,8.443744659423828,0.15668977797031403,0.0008952808412268496,0.000895082950592041,-1.9789063480859116e-07,0.0002210863637584639,-0.3203143775463104,-0.3194192945957184,True,0.06385429948568344,0,1.0,40,40
theta2,T3,batch2_128_255,1,"theta2|batch2_128_255|5,6",5,6,"(5,6)",35,4.652431964874268,8.478833198547363,0.1583430916070938,0.000909536869634394,0.0009094178676605225,-1.1900197387150913e-07,0.0001308551086395979,-0.3089059591293335,-0.307996541261673,True,0.06546496599912643,0,1.0,40,40
theta2,T3,batch2_128_255,1,"theta2|batch2_128_255|5,6",5,6,"(5,6)",36,4.583792686462402,8.513593673706055,0.1601978987455368,0.0009221770509338967,0.0009220242500305176,-1.5280090337910657e-07,0.00016572330215181336,-0.2987993359565735,-0.29787731170654297,True,0.06705281883478165,0,1.0,40,40
theta2,T3,batch2_128_255,1,"theta2|batch2_128_255|5,6",5,6,"(5,6)",37,4.518537521362305,8.546693801879883,0.16188520193099976,0.0009329388585374546,0.000932842493057251,-9.636548020360361e-08,0.00010330305589722895,-0.2891097664833069,-0.28817692399024963,True,0.06861743330955505,0,1.0,40,40
theta2,T3,batch2_128_255,1,"theta2|batch2_128_255|5,6",5,6,"(5,6)",38,4.456457138061523,8.577386856079102,0.16395768523216248,0.0009442702666856348,0.0009441077709197998,-1.6249576583501728e-07,0.00017211569572900062,-0.2799512445926666,-0.2790071368217468,True,0.07015902549028397,0,1.0,40,40
theta2,T3,batch2_128_255,1,"theta2|batch2_128_255|5,6",5,6,"(5,6)",39,4.395879745483398,8.60908031463623,0.16585849225521088,0.000950772817403049,0.0009506344795227051,-1.383378803439337e-07,0.00014552163141967083,-0.2711746096611023,-0.2702239751815796,True,0.07167468965053558,0,1.0,40,40
theta2,T3,batch2_128_255,1,"theta2|batch2_128_255|5,7",5,7,"(5,7)",0,8.513593673706055,6.752513885498047,0.21252509951591492,0.0012822448577499018,0.0012820959091186523,-1.489486312494532e-07,0.00011617588839499889,-1.3983765840530396,-1.397094488143921,True,0.0020720430184155703,1,1.0,40,40
theta2,T3,batch2_128_255,1,"theta2|batch2_128_255|5,7",5,7,"(5,7)",1,8.36294174194336,6.761849880218506,0.2076142579317093,0.0011919652409851551,0.001191854476928711,-1.1076405644419585e-07,9.293421184239176e-05,-1.3511755466461182,-1.3499836921691895,True,0.004135239403694868,1,1.0,40,40
theta2,T3,batch2_128_255,1,"theta2|batch2_128_255|5,7",5,7,"(5,7)",2,8.213712692260742,6.780310153961182,0.20302192866802216,0.0011143398466520011,0.0011141300201416016,-2.0982651039954704e-07,0.000188332157473756,-1.3067772388458252,-1.3056631088256836,True,0.00619092583656311,1,1.0,40,40
theta2,T3,batch2_128_255,1,"theta2|batch2_128_255|5,7",5,7,"(5,7)",3,8.065834045410156,6.806059837341309,0.1982675939798355,0.0010492047242005357,0.0010488033294677734,-4.0139473276223567e-07,0.00038271687501786227,-1.2634410858154297,-1.262392282485962,True,0.00824192725121975,1,1.0,40,40
theta2,T3,batch2_128_255,1,"theta2|batch2_128_255|5,7",5,7,"(5,7)",4,7.913697242736816,6.832029342651367,0.1937939077615738,0.0009829353177919983,0.0009827613830566406,-1.7393473535770587e-07,0.000176985724466222,-1.219177484512329,-1.2181947231292725,True,0.010287031531333923,1,1.0,40,40
theta2,T3,batch2_128_255,1,"theta2|batch2_128_255|5,7",5,7,"(5,7)",5,7.766528129577637,6.86834716796875,0.19002416729927063,0.0009339629324385897,0.000933527946472168,-4.3498596642168284e-07,0.0004659592335350096,-1.1813684701919556,-1.1804349422454834,True,0.012330080382525921,1,1.0,40,40
theta2,T3,batch2_128_255,1,"theta2|batch2_128_255|5,7",5,7,"(5,7)",6,7.617875099182129,6.909552574157715,0.18647414445877075,0.0008867312886286527,0.0008866786956787109,-5.259294994181072e-08,5.9314552383096656e-05,-1.1443465948104858,-1.1434599161148071,True,0.01437127124518156,1,1.0,40,40
theta2,T3,batch2_128_255,1,"theta2|batch2_128_255|5,7",5,7,"(5,7)",7,7.469213008880615,6.959857940673828,0.18285836279392242,0.0008505262453109027,0.0008504390716552734,-8.717365562922481e-08,0.00010250429282317918,-1.1089743375778198,-1.1081238985061646,True,0.016413064673542976,1,1.0,40,40
theta2,T3,batch2_128_255,1,"theta2|batch2_128_255|5,7",5,7,"(5,7)",8,7.3226094245910645,7.023243427276611,0.1794695258140564,0.0008163822673959658,0.0008164644241333008,8.215673733501499e-08,0.00010062500570337354,-1.076366901397705,-1.0755504369735718,True,0.01845645345747471,1,1.0,40,40
theta2,T3,batch2_128_255,1,"theta2|batch2_128_255|5,7",5,7,"(5,7)",9,7.176326274871826,7.086592197418213,0.17594890296459198,0.0007842712565325201,0.0007842779159545898,6.659422069777571e-09,8.491150820780163e-06,-1.0417767763137817,-1.0409924983978271,True,0.02050098590552807,1,1.0,40,40
theta2,T3,batch2_128_255,1,"theta2|batch2_128_255|5,7",5,7,"(5,7)",10,7.029877185821533,7.154896259307861,0.17267386615276337,0.0007585091821383685,0.0007585287094116211,1.952727325259425e-08,2.5743617888558563e-05,-1.0042790174484253,-1.0035204887390137,True,0.02254769392311573,1,1.0,40,40
theta2,T3,batch2_128_255,1,"theta2|batch2_128_255|5,7",5,7,"(5,7)",11,6.8907880783081055,7.219906806945801,0.16992641985416412,0.0007370382975786925,0.0007367730140686035,-2.652835100889388e-07,0.0003600613825742501,-0.9682295918464661,-0.9674928188323975,True,0.024597713723778725,1,1.0,40,40
theta2,T3,batch2_128_255,1,"theta2|batch2_128_255|5,7",5,7,"(5,7)",12,6.75124979019165,7.293723106384277,0.16701698303222656,0.0007139427525689826,0.0007140040397644043,6.128719542172582e-08,8.583592249975e-05,-0.9332787990570068,-0.9325647950172424,True,0.026648839935660362,1,1.0,40,40
theta2,T3,batch2_128_255,1,"theta2|batch2_128_255|5,7",5,7,"(5,7)",13,6.617717742919922,7.371273517608643,0.16469649970531464,0.0006982895768014714,0.0006982684135437012,-2.1163257770263726e-08,3.0308198623593076e-05,-0.9016792178153992,-0.9009809494018555,True,0.028701825067400932,1,1.0,40,40
theta2,T3,batch2_128_255,1,"theta2|batch2_128_255|5,7",5,7,"(5,7)",14,6.488716125488281,7.451420307159424,0.16203628480434418,0.0006828661715844646,0.000682830810546875,-3.536103758959054e-08,5.1785943228411304e-05,-0.8671647310256958,-0.8664819002151489,True,0.030754290521144867,1,1.0,40,40
theta2,T3,batch2_128_255,1,"theta2|batch2_128_255|5,7",5,7,"(5,7)",15,6.356089115142822,7.535821914672852,0.1587272584438324,0.0006661993751768023,0.0006662607192993164,6.134412251410613e-08,9.2072248501487e-05,-0.8293628692626953,-0.828696608543396,True,0.03280314430594444,1,1.0,40,40
theta2,T3,batch2_128_255,1,"theta2|batch2_128_255|5,7",5,7,"(5,7)",16,6.236350059509277,7.615485668182373,0.1560477614402771,0.000649814878590405,0.0006498098373413086,-5.041249096448229e-09,7.758037516136193e-06,-0.7921566367149353,-0.791506826877594,True,0.034852784126996994,1,1.0,40,40
theta2,T3,batch2_128_255,1,"theta2|batch2_128_255|5,7",5,7,"(5,7)",17,6.115920543670654,7.70258903503418,0.1526518315076828,0.0006351973530836403,0.0006352066993713379,9.3462876975519e-09,1.4713773810638162e-05,-0.7544813752174377,-0.7538461685180664,True,0.0369010828435421,1,1.0,40,40
theta2,T3,batch2_128_255,1,"theta2|batch2_128_255|5,7",5,7,"(5,7)",18,5.999506950378418,7.792672157287598,0.14924652874469757,0.0006191251409472897,0.0006191134452819824,-1.1695665307325659e-08,1.889098903674872e-05,-0.719031810760498,-0.7184126973152161,True,0.03894668072462082,1,1.0,40,40
theta2,T3,batch2_128_255,1,"theta2|batch2_128_255|5,7",5,7,"(5,7)",19,5.888543605804443,7.882776737213135,0.14579275250434875,0.000604377813404426,0.0006045103073120117,1.3249390758574703e-07,0.0002191755971455449,-0.6814265847206116,-0.6808220744132996,True,0.0409901961684227,1,1.0,40,40
theta2,T3,batch2_128_255,1,"theta2|batch2_128_255|5,7",5,7,"(5,7)",20,5.773493766784668,7.969492435455322,0.14237336814403534,0.0005888565104687586,0.0005887150764465332,-1.4143402222543781e-07,0.00024024188930089815,-0.6450802683830261,-0.6444915533065796,True,0.04302710294723511,1,1.0,40,40
theta2,T3,batch2_128_255,1,"theta2|batch2_128_255|5,7",5,7,"(5,7)",21,5.665111541748047,8.05804443359375,0.13882949948310852,0.0005751377729466185,0.0005750656127929688,-7.216015364972309e-08,0.0001254816007850946,-0.607525646686554,-0.606950581073761,True,0.04505683109164238,1,1.0,40,40
theta2,T3,batch2_128_255,1,"theta2|batch2_128_255|5,7",5,7,"(5,7)",22,5.557760238647461,8.144706726074219,0.13576725125312805,0.0005639816572656855,0.0005638599395751953,-1.217176904902157e-07,0.00021586511462743074,-0.5738287568092346,-0.5732648968696594,True,0.04707755520939827,1,1.0,40,40
theta2,T3,batch2_128_255,1,"theta2|batch2_128_255|5,7",5,7,"(5,7)",23,5.4554853439331055,8.22702693939209,0.13286368548870087,0.0005563828774029389,0.0005563497543334961,-3.3123069442851996e-08,5.9536414251738544e-05,-0.5410501956939697,-0.5404938459396362,True,0.04908905178308487,1,1.0,40,40
theta2,T3,batch2_128_255,1,"theta2|batch2_128_255|5,7",5,7,"(5,7)",24,5.355637550354004,8.312421798706055,0.1297895759344101,0.0005488183495181147,0.0005487799644470215,-3.838507109323215e-08,6.994619625355838e-05,-0.5093628168106079,-0.5088140368461609,True,0.05108983814716339,1,1.0,40,40
theta2,T3,batch2_128_255,1,"theta2|batch2_128_255|5,7",5,7,"(5,7)",25,5.258445739746094,8.401391983032227,0.1266302913427353,0.0005392480957088992,0.0005392134189605713,-3.467674832794299e-08,6.430987640253561e-05,-0.4800777733325958,-0.47953855991363525,True,0.053076229989528656,1,1.0,40,40
theta2,T3,batch2_128_255,1,"theta2|batch2_128_255|5,7",5,7,"(5,7)",26,5.1669602394104,8.487777709960938,0.12415968626737595,0.0005336148721835343,0.0005336403846740723,2.5512490537922886e-08,4.780839544875332e-05,-0.4550439119338989,-0.45451027154922485,True,0.055047597736120224,1,1.0,40,40
theta2,T3,batch2_128_255,1,"theta2|batch2_128_255|5,7",5,7,"(5,7)",27,5.077601432800293,8.564459800720215,0.12149990350008011,0.0005282643637619913,0.0005281567573547363,-1.0760640725498115e-07,0.00020373952573081886,-0.42494380474090576,-0.424415647983551,True,0.05700213834643364,1,1.0,40,40
theta2,T3,batch2_128_255,1,"theta2|batch2_128_255|5,7",5,7,"(5,7)",28,4.991523265838623,8.641511917114258,0.11944892257452011,0.0005248368394677528,0.0005248785018920898,4.166242433705815e-08,7.937536817925067e-05,-0.4011380076408386,-0.40061312913894653,True,0.058939095586538315,1,1.0,40,40
theta2,T3,batch2_128_255,1,"theta2|batch2_128_255|5,7",5,7,"(5,7)",29,4.907857418060303,8.719958305358887,0.11761400103569031,0.000521601816508337,0.0005215704441070557,-3.137240128130766e-08,6.014988317640996e-05,-0.3788720667362213,-0.37835049629211426,True,0.060856182128190994,1,1.0,40,40
theta2,T3,batch2_128_255,1,"theta2|batch2_128_255|5,7",5,7,"(5,7)",30,4.82576847076416,8.794175148010254,0.11597330868244171,0.0005189511503849644,0.0005189478397369385,-3.3106480259049303e-09,6.379539083510092e-06,-0.3583917021751404,-0.35787275433540344,True,0.06275058537721634,1,1.0,40,40
theta2,T3,batch2_128_255,1,"theta2|batch2_128_255|5,7",5,7,"(5,7)",31,4.749716758728027,8.86416244506836,0.1145719587802887,0.0005170599706179928,0.0005170702934265137,1.0322808520848471e-08,1.996403323122943e-05,-0.33874037861824036,-0.33822330832481384,True,0.06462238729000092,1,1.0,40,40
theta2,T3,batch2_128_255,1,"theta2|batch2_128_255|5,7",5,7,"(5,7)",32,4.673495769500732,8.933520317077637,0.11354552954435349,0.0005164685212439508,0.0005164146423339844,-5.3878909966474826e-08,0.00010433265354941146,-0.3207956850528717,-0.3202792704105377,True,0.06647028028964996,1,1.0,40,40
theta2,T3,batch2_128_255,1,"theta2|batch2_128_255|5,7",5,7,"(5,7)",33,4.602903366088867,8.99804401397705,0.11269832402467728,0.0005150574214749213,0.0005151033401489258,4.591867400443976e-08,8.91445859993139e-05,-0.3055022358894348,-0.3049871325492859,True,0.06829337030649185,1,1.0,40,40
theta2,T3,batch2_128_255,1,"theta2|batch2_128_255|5,7",5,7,"(5,7)",34,4.534914970397949,9.0625,0.11164973676204681,0.0005109442690372816,0.0005109608173370361,1.6548299754484165e-08,3.238663160265125e-05,-0.29187262058258057,-0.29136165976524353,True,0.07008927315473557,1,1.0,40,40
theta2,T3,batch2_128_255,1,"theta2|batch2_128_255|5,7",5,7,"(5,7)",35,4.469303607940674,9.123697280883789,0.11090822517871857,0.0005095466195907648,0.0005095601081848145,1.3488594049647015e-08,2.6471055785149457e-05,-0.276915043592453,-0.2764054834842682,True,0.07185690850019455,1,1.0,40,40
theta2,T3,batch2_128_255,1,"theta2|batch2_128_255|5,7",5,7,"(5,7)",36,4.406309604644775,9.181102752685547,0.11022599786520004,0.0005062885851111787,0.0005062520503997803,-3.653471139844749e-08,7.216703886847772e-05,-0.26401573419570923,-0.26350948214530945,True,0.07359489798545837,1,1.0,40,40
theta2,T3,batch2_128_255,1,"theta2|batch2_128_255|5,7",5,7,"(5,7)",37,4.346682071685791,9.237272262573242,0.1099223792552948,0.0005047294003379648,0.0005047917366027832,6.233626481839949e-08,0.00012348907539160337,-0.25349652767181396,-0.2529917359352112,True,0.07530339807271957,1,1.0,40,40
theta2,T3,batch2_128_255,1,"theta2|batch2_128_255|5,7",5,7,"(5,7)",38,4.288640975952148,9.291733741760254,0.10948531329631805,0.0005003619329527283,0.0005003958940505981,3.396109786988656e-08,6.786845830204303e-05,-0.2423093616962433,-0.2418089658021927,True,0.07698042690753937,1,1.0,40,40
theta2,T3,batch2_128_255,1,"theta2|batch2_128_255|5,7",5,7,"(5,7)",39,4.233953475952148,9.347375869750977,0.10911260545253754,0.0004964662164275069,0.0004964768886566162,1.0672229109340639e-08,2.149592328097671e-05,-0.23172257840633392,-0.2312261015176773,True,0.07862628996372223,1,1.0,40,40
theta2,T3,batch2_128_255,1,"theta2|batch2_128_255|6,7",6,7,"(6,7)",0,8.973443984985352,6.752513885498047,0.5246127247810364,0.002689182873815298,0.002688169479370117,-1.0133944451807403e-06,0.00037698309312632903,-3.2820682525634766,-3.2793800830841064,True,0.0018783145351335406,1,1.0,40,40
theta2,T3,batch2_128_255,1,"theta2|batch2_128_255|6,7",6,7,"(6,7)",1,8.824016571044922,6.730930328369141,0.5128285884857178,0.002576617862097919,0.0025768280029296875,2.1014083176860987e-07,8.155019719193259e-05,-3.1837239265441895,-3.1811470985412598,True,0.0037662298418581486,1,1.0,40,40
theta2,T3,batch2_128_255,1,"theta2|batch2_128_255|6,7",6,7,"(6,7)",2,8.67127799987793,6.719730377197266,0.5004785060882568,0.0024831469864584504,0.002482891082763672,-2.5590369477851774e-07,0.00010306682260652162,-3.08821177482605,-3.085728883743286,True,0.005665160715579987,1,1.0,40,40
theta2,T3,batch2_128_255,1,"theta2|batch2_128_255|6,7",6,7,"(6,7)",3,8.51736831665039,6.712380409240723,0.4878527522087097,0.0024045413359999658,0.002403736114501953,-8.052214980126295e-07,0.0003349874776830355,-2.993943691253662,-2.99153995513916,True,0.007577212993055582,1,1.0,40,40
theta2,T3,batch2_128_255,1,"theta2|batch2_128_255|6,7",6,7,"(6,7)",4,8.35794448852539,6.71960973739624,0.47555920481681824,0.002329480364918709,0.0023288726806640625,-6.07684254646558e-07,0.00026093494062255087,-2.9107301235198975,-2.9084012508392334,True,0.009501035325229168,1,1.0,40,40
theta2,T3,batch2_128_255,1,"theta2|batch2_128_255|6,7",6,7,"(6,7)",5,8.199470520019531,6.734109401702881,0.4627877473831177,0.0022744338717311623,0.0022737979888916016,-6.35882839560703e-07,0.00027965669890959576,-2.8256285190582275,-2.823354721069336,True,0.01144036278128624,1,1.0,40,40
theta2,T3,batch2_128_255,1,"theta2|batch2_128_255|6,7",6,7,"(6,7)",6,8.041726112365723,6.755439758300781,0.44963133335113525,0.0022225563805550338,0.002221822738647461,-7.336419075728261e-07,0.00033019821735168306,-2.7363734245300293,-2.734151601791382,True,0.013396364636719227,1,1.0,40,40
theta2,T3,batch2_128_255,1,"theta2|batch2_128_255|6,7",6,7,"(6,7)",7,7.884451866149902,6.781639099121094,0.43676528334617615,0.002184115106239915,0.0021834373474121094,-6.77758827805422e-07,0.00031040910269705094,-2.6511969566345215,-2.6490135192871094,True,0.015370505861938,1,1.0,40,40
theta2,T3,batch2_128_255,1,"theta2|batch2_128_255|6,7",6,7,"(6,7)",8,7.727676868438721,6.817685127258301,0.42501547932624817,0.0021502964566461743,0.0021500587463378906,-2.3771030828369927e-07,0.00011055991315985285,-2.574939727783203,-2.5727896690368652,True,0.017362993210554123,1,1.0,40,40
theta2,T3,batch2_128_255,1,"theta2|batch2_128_255|6,7",6,7,"(6,7)",9,7.57774543762207,6.8656744956970215,0.4124312698841095,0.0021121122720651328,0.002112150192260742,3.7920195609421337e-08,1.7953361341616248e-05,-2.4940030574798584,-2.4918909072875977,True,0.019374283030629158,1,1.0,40,40
theta2,T3,batch2_128_255,1,"theta2|batch2_128_255|6,7",6,7,"(6,7)",10,7.431333541870117,6.919899940490723,0.40052175521850586,0.002073534687049687,0.002073526382446289,-8.304603397752547e-09,4.005062808969426e-06,-2.420576810836792,-2.4185032844543457,True,0.021404510363936424,1,1.0,40,40
theta2,T3,batch2_128_255,1,"theta2|batch2_128_255|6,7",6,7,"(6,7)",11,7.292009353637695,6.984402656555176,0.3893700838088989,0.0020359078855253757,0.0020356178283691406,-2.900571562350525e-07,0.00014249096868415386,-2.349200487136841,-2.3471648693084717,True,0.023454630747437477,1,1.0,40,40
theta2,T3,batch2_128_255,1,"theta2|batch2_128_255|6,7",6,7,"(6,7)",12,7.156591415405273,7.052872180938721,0.37850040197372437,0.0019887751918286085,0.001988649368286133,-1.2582354247565875e-07,6.32708533149293e-05,-2.2813210487365723,-2.279332399368286,True,0.02552323415875435,1,1.0,40,40
theta2,T3,batch2_128_255,1,"theta2|batch2_128_255|6,7",6,7,"(6,7)",13,7.026037216186523,7.121959686279297,0.36787521839141846,0.001933417125372216,0.0019328594207763672,-5.57704595848885e-07,0.0002885386230649268,-2.2128546237945557,-2.2109217643737793,True,0.027607545256614685,1,1.0,40,40
theta2,T3,batch2_128_255,1,"theta2|batch2_128_255|6,7",6,7,"(6,7)",14,6.901145935058594,7.197985649108887,0.3579673171043396,0.0018822508342564107,0.0018818378448486328,-4.1298940777791115e-07,0.00021946067718237982,-2.1493356227874756,-2.147453784942627,True,0.029709530994296074,1,1.0,40,40
theta2,T3,batch2_128_255,1,"theta2|batch2_128_255|6,7",6,7,"(6,7)",15,6.7804789543151855,7.276081085205078,0.34826260805130005,0.0018318147440440954,0.0018312931060791016,-5.216379649938385e-07,0.00028484679118936555,-2.0874626636505127,-2.0856313705444336,True,0.03182953596115112,1,1.0,40,40
theta2,T3,batch2_128_255,1,"theta2|batch2_128_255|6,7",6,7,"(6,7)",16,6.666705131530762,7.352753639221191,0.33980706334114075,0.001793550809030421,0.0017933845520019531,-1.6625702846796535e-07,9.270573245563693e-05,-2.0345537662506104,-2.0327603816986084,True,0.033970460295677185,1,1.0,40,40
theta2,T3,batch2_128_255,1,"theta2|batch2_128_255|6,7",6,7,"(6,7)",17,6.55849027633667,7.433589935302734,0.33007460832595825,0.0017223304614890367,0.0017222166061401367,-1.138553488999345e-07,6.610977300649143e-05,-1.9677146673202515,-1.9659924507141113,True,0.03612630441784859,1,1.0,40,40
theta2,T3,batch2_128_255,1,"theta2|batch2_128_255|6,7",6,7,"(6,7)",18,6.455873012542725,7.512295722961426,0.3217766582965851,0.0016736339058261364,0.0016733407974243164,-2.931084018200237e-07,0.0001751636022208923,-1.910163164138794,-1.9084898233413696,True,0.03829984739422798,1,1.0,40,40
theta2,T3,batch2_128_255,1,"theta2|batch2_128_255|6,7",6,7,"(6,7)",19,6.358830451965332,7.590991020202637,0.31405261158943176,0.0016329751019366085,0.0016329288482666016,-4.62536700069488e-08,2.8325588133278634e-05,-1.8559796810150146,-1.854346752166748,True,0.04049219191074371,1,1.0,40,40
theta2,T3,batch2_128_255,1,"theta2|batch2_128_255|6,7",6,7,"(6,7)",20,6.2652363777160645,7.67722749710083,0.30577996373176575,0.0015878764817025513,0.0015878677368164062,-8.744886145078956e-09,5.507313954632019e-06,-1.7998018264770508,-1.7982139587402344,True,0.04270244017243385,1,1.0,40,40
theta2,T3,batch2_128_255,1,"theta2|batch2_128_255|6,7",6,7,"(6,7)",21,6.1777544021606445,7.759211540222168,0.2980462610721588,0.0015384679833659902,0.0015376806259155273,-7.873574504628153e-07,0.0005120422519429395,-1.7459992170333862,-1.7444615364074707,True,0.044928792864084244,1,1.0,40,40
theta2,T3,batch2_128_255,1,"theta2|batch2_128_255|6,7",6,7,"(6,7)",22,6.08905553817749,7.83744478225708,0.2903463542461395,0.0014906678028055466,0.0014907121658325195,4.436302697289132e-08,2.975961958968508e-05,-1.6879297494888306,-1.686439037322998,True,0.04717124626040459,1,1.0,40,40
theta2,T3,batch2_128_255,1,"theta2|batch2_128_255|6,7",6,7,"(6,7)",23,6.001531600952148,7.91896390914917,0.2829383909702301,0.001446835856884718,0.0014467239379882812,-1.1191889643671037e-07,7.736022989454187e-05,-1.632857322692871,-1.6314105987548828,True,0.04942895472049713,1,1.0,40,40
theta2,T3,batch2_128_255,1,"theta2|batch2_128_255|6,7",6,7,"(6,7)",24,5.917916297912598,7.9962029457092285,0.27557095885276794,0.0014025489140767605,0.0014023780822753906,-1.708318013698279e-07,0.00012181579527587124,-1.576505422592163,-1.5751030445098877,True,0.05170097574591637,1,1.0,40,40
theta2,T3,batch2_128_255,1,"theta2|batch2_128_255|6,7",6,7,"(6,7)",25,5.834946632385254,8.074295043945312,0.26814907789230347,0.0013682446412567515,0.001367807388305664,-4.3725295108742665e-07,0.00031967435972769705,-1.5181461572647095,-1.5167783498764038,True,0.05398663505911827,1,1.0,40,40
theta2,T3,batch2_128_255,1,"theta2|batch2_128_255|6,7",6,7,"(6,7)",26,5.753348350524902,8.150524139404297,0.26204749941825867,0.0013326775328023359,0.0013325214385986328,-1.5609420370306902e-07,0.00011714198299670732,-1.4698092937469482,-1.4684767723083496,True,0.05628212168812752,1,1.0,40,40
theta2,T3,batch2_128_255,1,"theta2|batch2_128_255|6,7",6,7,"(6,7)",27,5.674051284790039,8.229742050170898,0.2555875778198242,0.0012973273505922408,0.0012973546981811523,2.73475889115294e-08,2.1079500424879794e-05,-1.42062246799469,-1.4193251132965088,True,0.05858667194843292,1,1.0,40,40
theta2,T3,batch2_128_255,1,"theta2|batch2_128_255|6,7",6,7,"(6,7)",28,5.596784591674805,8.306591033935547,0.24849805235862732,0.0012588399497908541,0.00125885009765625,1.014786539586636e-08,8.061218261618155e-06,-1.3665781021118164,-1.3653192520141602,True,0.06089875474572182,1,1.0,40,40
theta2,T3,batch2_128_255,1,"theta2|batch2_128_255|6,7",6,7,"(6,7)",29,5.52248477935791,8.380436897277832,0.24257947504520416,0.0012248401142132934,0.0012246370315551758,-2.0308265811759887e-07,0.00016583089755149954,-1.3213917016983032,-1.320167064666748,True,0.06321729719638824,1,1.0,40,40
theta2,T3,batch2_128_255,1,"theta2|batch2_128_255|6,7",6,7,"(6,7)",30,5.447721481323242,8.455465316772461,0.23656374216079712,0.001191968038037885,0.001191854476928711,-1.1356110917403427e-07,9.528101909443661e-05,-1.273764967918396,-1.2725731134414673,True,0.06553960591554642,1,1.0,40,40
theta2,T3,batch2_128_255,1,"theta2|batch2_128_255|6,7",6,7,"(6,7)",31,5.375231742858887,8.531316757202148,0.2306976467370987,0.0011575684424169595,0.0011574029922485352,-1.654501684243432e-07,0.0001429494908276643,-1.2292481660842896,-1.228090763092041,True,0.06786324083805084,1,1.0,40,40
theta2,T3,batch2_128_255,1,"theta2|batch2_128_255|6,7",6,7,"(6,7)",32,5.303472518920898,8.606907844543457,0.2244567573070526,0.0011258743733778829,0.0011258125305175781,-6.18428603047557e-08,5.493175695630624e-05,-1.1817951202392578,-1.1806693077087402,True,0.07018700242042542,1,1.0,40,40
theta2,T3,batch2_128_255,1,"theta2|batch2_128_255|6,7",6,7,"(6,7)",33,5.233560562133789,8.683649063110352,0.21848836541175842,0.0010949484515731455,0.0010949373245239258,-1.1127049219733856e-08,1.0162270451938289e-05,-1.1359498500823975,-1.1348549127578735,True,0.07250820845365524,1,1.0,40,40
theta2,T3,batch2_128_255,1,"theta2|batch2_128_255|6,7",6,7,"(6,7)",34,5.163797378540039,8.755682945251465,0.2126205414533615,0.001068136795758619,0.0010679960250854492,-1.4077067316984812e-07,0.00013180823698157978,-1.0929211378097534,-1.091853141784668,True,0.0748252421617508,1,1.0,40,40
theta2,T3,batch2_128_255,1,"theta2|batch2_128_255|6,7",6,7,"(6,7)",35,5.095026016235352,8.832075119018555,0.20675145089626312,0.0010433232732320902,0.001043081283569336,-2.419896627543078e-07,0.0002319950195312101,-1.0499937534332275,-1.0489506721496582,True,0.0771363228559494,1,1.0,40,40
theta2,T3,batch2_128_255,1,"theta2|batch2_128_255|6,7",6,7,"(6,7)",36,5.029275894165039,8.905006408691406,0.2014162838459015,0.0010165342406908166,0.0010164976119995117,-3.662869130487828e-08,3.603421284269173e-05,-1.0120114088058472,-1.0109949111938477,True,0.07943958044052124,1,1.0,40,40
theta2,T3,batch2_128_255,1,"theta2|batch2_128_255|6,7",6,7,"(6,7)",37,4.963761329650879,8.978446960449219,0.19586686789989471,0.0009923256908514304,0.0009922385215759277,-8.716927550264653e-08,8.785113015386613e-05,-0.9715453386306763,-0.9705531001091003,True,0.08173243701457977,1,1.0,40,40
theta2,T3,batch2_128_255,1,"theta2|batch2_128_255|6,7",6,7,"(6,7)",38,4.899981498718262,9.053426742553711,0.19027970731258392,0.0009660269792802865,0.0009658932685852051,-1.337106950813783e-07,0.00013843216370814079,-0.9305834174156189,-0.9296175241470337,True,0.08401284366846085,1,1.0,40,40
theta2,T3,batch2_128_255,1,"theta2|batch2_128_255|6,7",6,7,"(6,7)",39,4.841187477111816,9.130115509033203,0.18488365411758423,0.0009422553067852278,0.000942230224609375,-2.5082175852779443e-08,2.6620007719639732e-05,-0.8917936682701111,-0.8908514380455017,True,0.08628052473068237,1,1.0,40,40
