state_id,state,incoming_task,batch,pair,pair_i,pair_j,k,loss,mu_norm,A_before,A_after,delta_A_1st,delta_A_finite,residual,abs_residual,relative_abs_error,sign_match,gate_mass_pair,h_rms,h_g_collection_seconds,mu_collection_seconds
1,theta1,T2,batch1,"(0, 1)",0,1,0,8.862446784973145,3.693711996078491,-0.43337780237197876,-0.43300309777259827,0.0003747984301298857,0.00037470459938049316,-9.383074939250946e-08,9.383074939250946e-08,0.0002503498997047362,True,0.11219973862171173,0.9918982982635498,0.2755436897277832,0.01229715347290039
1,theta1,T2,batch1,"(0, 1)",0,1,1,8.7098388671875,3.7746384143829346,-0.4585655927658081,-0.45815789699554443,0.00040770063060335815,0.0004076957702636719,-4.8603396862745285e-09,4.8603396862745285e-09,1.192134453920684e-05,True,0.12077120691537857,0.9919684529304504,0.21509718894958496,0.012246131896972656
1,theta1,T2,batch1,"(0, 1)",0,1,2,8.560075759887695,3.862748861312866,-0.48474422097206116,-0.48430001735687256,0.0004442491626832634,0.00044420361518859863,-4.5547494664788246e-08,4.5547494664788246e-08,0.00010252691167650499,True,0.13004960119724274,0.9920393824577332,0.22360777854919434,0.012413263320922852
1,theta1,T2,batch1,"(0, 1)",0,1,3,8.407459259033203,3.9517881870269775,-0.5170759558677673,-0.5165854692459106,0.000490554899442941,0.0004904866218566895,-6.827758625149727e-08,6.827758625149727e-08,0.00013918439369177882,True,0.1405171900987625,0.9921098947525024,0.22062993049621582,0.013094902038574219
1,theta1,T2,batch1,"(0, 1)",0,1,4,8.254740715026855,4.044287204742432,-0.553313136100769,-0.5527671575546265,0.0005459986859932542,0.0005459785461425781,-2.0139850676059723e-08,2.0139850676059723e-08,3.688626217006784e-05,True,0.1518726497888565,0.9921807050704956,0.22705769538879395,0.012562990188598633
1,theta1,T2,batch1,"(0, 2)",0,2,0,9.057451248168945,3.693711996078491,-0.3554551601409912,-0.35518109798431396,0.00027414201758801937,0.0002740621566772461,-7.986091077327728e-08,7.986091077327728e-08,0.000291312187295901,True,0.06632085889577866,0.9918982982635498,0.22556662559509277,0.01222538948059082
1,theta1,T2,batch1,"(0, 2)",0,2,1,8.899822235107422,3.7742602825164795,-0.3645217716693878,-0.36423683166503906,0.0002849676238838583,0.0002849400043487549,-2.7619535103440285e-08,2.7619535103440285e-08,9.692165982580859e-05,True,0.06897890567779541,0.9919589757919312,0.22653412818908691,0.012402772903442383
1,theta1,T2,batch1,"(0, 2)",0,2,2,8.74163818359375,3.8579354286193848,-0.37378478050231934,-0.3734852373600006,0.0002996404655277729,0.0002995431423187256,-9.73232090473175e-08,9.73232090473175e-08,0.0003247999527563705,True,0.07213263213634491,0.9920203685760498,0.229461669921875,0.01276254653930664
1,theta1,T2,batch1,"(0, 2)",0,2,3,8.57701301574707,3.9505367279052734,-0.38500842452049255,-0.3846922218799591,0.0003162408829666674,0.00031620264053344727,-3.8242433220148087e-08,3.8242433220148087e-08,0.00012092817620983854,True,0.07588199526071548,0.9920816421508789,0.2258744239807129,0.012574195861816406
1,theta1,T2,batch1,"(0, 2)",0,2,4,8.40966510772705,4.045299530029297,-0.3947131335735321,-0.39437800645828247,0.00033521477598696947,0.0003351271152496338,-8.766073733568192e-08,8.766073733568192e-08,0.000261506185333219,True,0.0797044187784195,0.9921433329582214,0.22859740257263184,0.013751029968261719
1,theta1,T2,batch1,"(0, 3)",0,3,0,9.223387718200684,3.693711996078491,-0.45932045578956604,-0.4590241312980652,0.00029639049898833036,0.0002963244915008545,-6.600748747587204e-08,6.600748747587204e-08,0.00022270446489066074,True,0.0834699496626854,0.9918982982635498,0.22885942459106445,0.01212310791015625
1,theta1,T2,batch1,"(0, 3)",0,3,1,9.057082176208496,3.7795658111572266,-0.4647252857685089,-0.4644157588481903,0.00030959921423345804,0.0003095269203186035,-7.229391485452652e-08,7.229391485452652e-08,0.0002335080695650997,True,0.08625243604183197,0.9919633865356445,0.22601842880249023,0.0121917724609375
1,theta1,T2,batch1,"(0, 3)",0,3,2,8.888123512268066,3.8771262168884277,-0.4714409112930298,-0.4711156189441681,0.0003253061731811613,0.00032529234886169434,-1.382431946694851e-08,1.382431946694851e-08,4.249633301379073e-05,True,0.08949622511863708,0.9920296669006348,0.22811222076416016,0.01260232925415039
1,theta1,T2,batch1,"(0, 3)",0,3,3,8.715250015258789,3.98579478263855,-0.4764091670513153,-0.4760648012161255,0.00034450148814357817,0.00034436583518981934,-1.356529537588358e-07,1.356529537588358e-07,0.000393765944204861,True,0.09287318587303162,0.9920969009399414,0.2305917739868164,0.013044595718383789
1,theta1,T2,batch1,"(0, 3)",0,3,4,8.540943145751953,4.103372097015381,-0.4785057306289673,-0.47814127802848816,0.000364466046448797,0.000364452600479126,-1.3445969671010971e-08,1.3445969671010971e-08,3.6892242232226606e-05,True,0.0958932563662529,0.9921639561653137,0.2259531021118164,0.01277923583984375
1,theta1,T2,batch1,"(0, 4)",0,4,0,9.486360549926758,3.693711996078491,-0.9650596976280212,-0.9645906090736389,0.00046909929369576275,0.0004690885543823242,-1.0739313438534737e-08,1.0739313438534737e-08,2.289347603558701e-05,True,0.12897197902202606,0.9918982982635498,0.22505640983581543,0.012305974960327148
1,theta1,T2,batch1,"(0, 4)",0,4,1,9.35680103302002,3.782465696334839,-1.066306710243225,-1.065779685974121,0.0005270708352327347,0.0005270242691040039,-4.6566128730773926e-08,4.6566128730773926e-08,8.83489004095855e-05,True,0.13770020008087158,0.99195396900177,0.22469758987426758,0.012214422225952148
1,theta1,T2,batch1,"(0, 4)",0,4,2,9.228858947753906,3.8780245780944824,-1.1784026622772217,-1.1778115034103394,0.0005912712076678872,0.0005911588668823242,-1.123407855629921e-07,1.123407855629921e-07,0.00018999874187361598,True,0.14695434272289276,0.9920109510421753,0.2214972972869873,0.012368917465209961
1,theta1,T2,batch1,"(0, 4)",0,4,3,9.096956253051758,3.9799258708953857,-1.3023885488510132,-1.3017183542251587,0.0006703037652187049,0.0006701946258544922,-1.0913936421275139e-07,1.0913936421275139e-07,0.00016282075362823254,True,0.15726590156555176,0.9920679926872253,0.21871519088745117,0.012384891510009766
1,theta1,T2,batch1,"(0, 4)",0,4,4,8.965691566467285,4.085785388946533,-1.4286112785339355,-1.427855134010315,0.0007563295075669885,0.0007561445236206055,-1.8498394638299942e-07,1.8498394638299942e-07,0.0002445811574614723,True,0.16751594841480255,0.9921261072158813,0.2232832908630371,0.01248478889465332
1,theta1,T2,batch1,"(0, 5)",0,5,0,9.166927337646484,3.693711996078491,-0.21749642491340637,-0.21728409826755524,0.00021233089501038194,0.00021232664585113525,-4.249159246683121e-09,4.249159246683121e-09,2.0011968802163047e-05,True,0.049194540828466415,0.9918982982635498,0.21740508079528809,0.012101411819458008
1,theta1,T2,batch1,"(0, 5)",0,5,1,9.008459091186523,3.7906064987182617,-0.21795357763767242,-0.21773573756217957,0.00021792446204926819,0.0002178400754928589,-8.438655640929937e-08,8.438655640929937e-08,0.00038722847180974724,True,0.05077691003680229,0.9919647574424744,0.22153735160827637,0.01255178451538086
1,theta1,T2,batch1,"(0, 5)",0,5,2,8.848600387573242,3.9006872177124023,-0.2210126668214798,-0.22078736126422882,0.00022535114840138704,0.00022530555725097656,-4.559115041047335e-08,4.559115041047335e-08,0.00020231159563149017,True,0.052696507424116135,0.992032527923584,0.22052669525146484,0.012584447860717773
1,theta1,T2,batch1,"(0, 5)",0,5,3,8.68194580078125,4.028860569000244,-0.22445252537727356,-0.22421741485595703,0.00023517703812103719,0.00023511052131652832,-6.651680450886488e-08,6.651680450886488e-08,0.000282837155533148,True,0.05495590716600418,0.9921016097068787,0.21438336372375488,0.012546539306640625
1,theta1,T2,batch1,"(0, 5)",0,5,4,8.512397766113281,4.1612772941589355,-0.2305070459842682,-0.2302599847316742,0.00024710304569453,0.00024706125259399414,-4.17931005358696e-08,4.17931005358696e-08,0.00016913227604460382,True,0.05788194388151169,0.9921723008155823,0.2126615047454834,0.012119531631469727
1,theta1,T2,batch1,"(0, 6)",0,6,0,8.981059074401855,3.693711996078491,-1.5351293087005615,-1.5339618921279907,0.0011678310111165047,0.0011674165725708008,-4.1443854570388794e-07,4.1443854570388794e-07,0.00035487886668437074,True,0.4998820424079895,0.9918982982635498,0.20273661613464355,0.012280941009521484
1,theta1,T2,batch1,"(0, 6)",0,6,1,8.839312553405762,3.7973361015319824,-1.5625519752502441,-1.561405897140503,0.001146288588643074,0.001146078109741211,-2.1047890186309814e-07,2.1047890186309814e-07,0.00018361772414768064,True,0.49485474824905396,0.9919791221618652,0.21688175201416016,0.012189149856567383
1,theta1,T2,batch1,"(0, 6)",0,6,2,8.695392608642578,3.90739369392395,-1.5939844846725464,-1.5928503274917603,0.001134342048317194,0.0011341571807861328,-1.8486753106117249e-07,1.8486753106117249e-07,0.00016297335652453774,True,0.4901389479637146,0.9920582175254822,0.2183971405029297,0.013090372085571289
1,theta1,T2,batch1,"(0, 6)",0,6,3,8.547977447509766,4.0243635177612305,-1.6271682977676392,-1.6260325908660889,0.0011359514901414514,0.001135706901550293,-2.4458859115839005e-07,2.4458859115839005e-07,0.00021531605291343322,True,0.48563891649246216,0.9921371936798096,0.21607756614685059,0.012301921844482422
1,theta1,T2,batch1,"(0, 6)",0,6,4,8.397992134094238,4.144638538360596,-1.6606533527374268,-1.6595101356506348,0.0011435800697654486,0.0011432170867919922,-3.6298297345638275e-07,3.6298297345638275e-07,0.00031740932100262254,True,0.4806531071662903,0.992215633392334,0.2128136157989502,0.012165307998657227
1,theta1,T2,batch1,"(0, 7)",0,7,0,8.802103042602539,3.693711996078491,-0.8279566764831543,-0.8272956609725952,0.0006610749987885356,0.000661015510559082,-5.948822945356369e-08,5.948822945356369e-08,8.99871112393902e-05,True,0.3403022885322571,0.9918982982635498,0.21117258071899414,0.012208938598632812
1,theta1,T2,batch1,"(0, 7)",0,7,1,8.669197082519531,3.768009901046753,-0.8811755776405334,-0.8804730772972107,0.0007025916711427271,0.0007025003433227539,-9.132781997323036e-08,9.132781997323036e-08,0.00012998705183152917,True,0.3455747067928314,0.9919730424880981,0.21868300437927246,0.012183189392089844
1,theta1,T2,batch1,"(0, 7)",0,7,2,8.535463333129883,3.850395917892456,-0.9351264238357544,-0.9343767166137695,0.0007495377794839442,0.0007497072219848633,1.6944250091910362e-07,1.6944250091910362e-07,0.00022606265562192819,True,0.3504716455936432,0.9920477867126465,0.21271371841430664,0.012505531311035156
1,theta1,T2,batch1,"(0, 7)",0,7,3,8.396869659423828,3.935403347015381,-0.990792453289032,-0.9899892210960388,0.0008032243349589407,0.0008032321929931641,7.8580342233181e-09,7.8580342233181e-09,9.783112738634577e-06,True,0.3558554947376251,0.9921225905418396,0.21541333198547363,0.011922359466552734
1,theta1,T2,batch1,"(0, 7)",0,7,4,8.258363723754883,4.026395320892334,-1.0467594861984253,-1.0458993911743164,0.0008601018344052136,0.0008600950241088867,-6.810296326875687e-09,6.810296326875687e-09,7.918011628919745e-06,True,0.3605235815048218,0.9921967387199402,0.2152714729309082,0.012459993362426758
1,theta1,T2,batch1,"(1, 2)",1,2,0,8.462804794311523,3.693711996078491,-0.36930766701698303,-0.3690420985221863,0.00026553773204796016,0.00026556849479675293,3.0762748792767525e-08,3.0762748792767525e-08,0.00011585076273533625,True,0.08507347106933594,0.9918982982635498,0.21711397171020508,0.01247549057006836
1,theta1,T2,batch1,"(1, 2)",1,2,1,8.29194450378418,3.7961599826812744,-0.38590145111083984,-0.3856111764907837,0.0002902899868786335,0.00029027462005615234,-1.5366822481155396e-08,1.5366822481155396e-08,5.293610932429463e-05,True,0.09133419394493103,0.9919847846031189,0.21479439735412598,0.011993169784545898
1,theta1,T2,batch1,"(1, 2)",1,2,2,8.119903564453125,3.907390832901001,-0.3987317979335785,-0.39841288328170776,0.0003189673589076847,0.00031891465187072754,-5.270703695714474e-08,5.270703695714474e-08,0.0001652427293427199,True,0.09767113626003265,0.9920724630355835,0.21301770210266113,0.012373924255371094
1,theta1,T2,batch1,"(1, 2)",1,2,3,7.947373390197754,4.014245986938477,-0.40941235423088074,-0.40905922651290894,0.0003531268739607185,0.00035312771797180176,8.440110832452774e-10,8.440110832452774e-10,2.390107197956178e-06,True,0.10418371111154556,0.9921587109565735,0.21845507621765137,0.012264728546142578
1,theta1,T2,batch1,"(1, 2)",1,2,4,7.771786212921143,4.120242595672607,-0.41869133710861206,-0.4182974696159363,0.0003938239242415875,0.00039386749267578125,4.3568434193730354e-08,4.3568434193730354e-08,0.00011062922161885654,True,0.11109312623739243,0.9922446608543396,0.21414756774902344,0.01307535171508789
1,theta1,T2,batch1,"(1, 3)",1,3,0,8.580760955810547,3.693711996078491,-0.4731729030609131,-0.4728599786758423,0.000312946445774287,0.0003129243850708008,-2.2060703486204147e-08,2.2060703486204147e-08,7.049354221493685e-05,True,0.10222256183624268,0.9918982982635498,0.2181856632232666,0.012122154235839844
1,theta1,T2,batch1,"(1, 3)",1,3,1,8.414234161376953,3.778907299041748,-0.49805957078933716,-0.49771490693092346,0.00034465346834622324,0.0003446638584136963,1.0390067473053932e-08,1.0390067473053932e-08,3.0146417858231278e-05,True,0.10877873748540878,0.9919871687889099,0.2143561840057373,0.011953592300415039
1,theta1,T2,batch1,"(1, 3)",1,3,2,8.247207641601562,3.869968891143799,-0.5176687836647034,-0.517288327217102,0.0003804379084613174,0.00038045644760131836,1.853914000093937e-08,1.853914000093937e-08,4.8731053316744884e-05,True,0.11518719792366028,0.9920753836631775,0.216888427734375,0.012401103973388672
1,theta1,T2,batch1,"(1, 3)",1,3,3,8.07792854309082,3.96285343170166,-0.5374783873558044,-0.5370553731918335,0.00042305365786887705,0.00042301416397094727,-3.9493897929787636e-08,3.9493897929787636e-08,9.335434689003098e-05,True,0.12186576426029205,0.992163896560669,0.2173750400543213,0.012043237686157227
1,theta1,T2,batch1,"(1, 3)",1,3,4,7.904205322265625,4.0534749031066895,-0.5525075197219849,-0.5520358085632324,0.0004717673291452229,0.0004717111587524414,-5.617039278149605e-08,5.617039278149605e-08,0.0001190637615437869,True,0.12826542556285858,0.9922518134117126,0.21921706199645996,0.01225423812866211
1,theta1,T2,batch1,"(1, 4)",1,4,0,8.87885856628418,3.693711996078491,-0.9789121747016907,-0.9784246683120728,0.00048753508599475026,0.0004875063896179199,-2.8696376830339432e-08,2.8696376830339432e-08,5.886012649077e-05,True,0.14772458374500275,0.9918982982635498,0.21857213973999023,0.013859272003173828
1,theta1,T2,batch1,"(1, 4)",1,4,1,8.707176208496094,3.760066270828247,-0.9982714056968689,-0.9977647066116333,0.0005067108431831002,0.0005066990852355957,-1.1757947504520416e-08,1.1757947504520416e-08,2.3204452130249117e-05,True,0.15417969226837158,0.9919772744178772,0.21900606155395508,0.01737809181213379
1,theta1,T2,batch1,"(1, 4)",1,4,2,8.531747817993164,3.8203372955322266,-1.0032483339309692,-1.0027201175689697,0.000528142845723778,0.0005282163619995117,7.351627573370934e-08,7.351627573370934e-08,0.00013919771199960324,True,0.16079212725162506,0.9920591711997986,0.21642470359802246,0.012198448181152344
1,theta1,T2,batch1,"(1, 4)",1,4,3,8.351190567016602,3.880596160888672,-1.0023791790008545,-1.0018221139907837,0.000557050749193877,0.0005570650100708008,1.4260876923799515e-08,1.4260876923799515e-08,2.5600678114941612e-05,True,0.16760247945785522,0.99214106798172,0.22386455535888672,0.012942075729370117
1,theta1,T2,batch1,"(1, 4)",1,4,4,8.169107437133789,3.938220500946045,-0.9939512610435486,-0.9933568239212036,0.0005942886346019804,0.0005944371223449707,1.4848774299025536e-07,1.4848774299025536e-07,0.00024985795511587347,True,0.17442546784877777,0.9922235608100891,0.21853280067443848,0.012000799179077148
1,theta1,T2,batch1,"(1, 5)",1,5,0,8.496095657348633,3.693711996078491,-0.23134885728359222,-0.23115649819374084,0.00019236901425756514,0.0001923590898513794,-9.924406185746193e-09,9.924406185746193e-09,5.159046130193446e-05,True,0.067947156727314,0.9918982982635498,0.22079849243164062,0.012144327163696289
1,theta1,T2,batch1,"(1, 5)",1,5,1,8.320221900939941,3.824962615966797,-0.24656915664672852,-0.24635519087314606,0.00021399320394266397,0.0002139657735824585,-2.7430360205471516e-08,2.7430360205471516e-08,0.00012818332404995926,True,0.07339558005332947,0.9919918179512024,0.22258663177490234,0.012013673782348633
1,theta1,T2,batch1,"(1, 5)",1,5,2,8.141580581665039,3.9693493843078613,-0.26151180267333984,-0.2612713873386383,0.0002404218103038147,0.00024041533470153809,-6.475602276623249e-09,6.475602276623249e-09,2.693433789738211e-05,True,0.07926774024963379,0.9920846223831177,0.22409319877624512,0.012955904006958008
1,theta1,T2,batch1,"(1, 5)",1,5,3,7.961874961853027,4.11307954788208,-0.27382639050483704,-0.273556649684906,0.00026971427723765373,0.0002697408199310303,2.6542693376541138e-08,2.6542693376541138e-08,9.841041285757941e-05,True,0.08520852774381638,0.9921789169311523,0.22323393821716309,0.012348651885986328
1,theta1,T2,batch1,"(1, 5)",1,5,4,7.776129722595215,4.262073516845703,-0.28675928711891174,-0.2864508628845215,0.000308402901282534,0.0003084242343902588,2.1333107724785805e-08,2.1333107724785805e-08,6.917285030740396e-05,True,0.09181948751211166,0.9922729134559631,0.22765135765075684,0.011986494064331055
1,theta1,T2,batch1,"(1, 6)",1,6,0,8.647174835205078,3.693711996078491,-1.548981785774231,-1.5477668046951294,0.0012155012227594852,0.0012149810791015625,-5.201436579227448e-07,5.201436579227448e-07,0.00042792524448629623,True,0.5186346769332886,0.9918982982635498,0.21834039688110352,0.0125885009765625
1,theta1,T2,batch1,"(1, 6)",1,6,1,8.466222763061523,3.8363966941833496,-1.5569196939468384,-1.555763840675354,0.0011560950661078095,0.001155853271484375,-2.417946234345436e-07,2.417946234345436e-07,0.0002091476994608984,True,0.5076584815979004,0.9919889569282532,0.22362565994262695,0.012174606323242188
1,theta1,T2,batch1,"(1, 6)",1,6,2,8.280929565429688,3.9887735843658447,-1.56096351146698,-1.5598454475402832,0.00111825589556247,0.0011180639266967773,-1.919688656926155e-07,1.919688656926155e-07,0.0001716681007043181,True,0.49555909633636475,0.992078959941864,0.22590303421020508,0.012047052383422852
1,theta1,T2,batch1,"(1, 6)",1,6,3,8.096206665039062,4.135952949523926,-1.5575202703475952,-1.556425929069519,0.0010945447720587254,0.0010943412780761719,-2.0349398255348206e-07,2.0349398255348206e-07,0.00018591654516857356,True,0.4829551577568054,0.9921697974205017,0.2221684455871582,0.013413190841674805
1,theta1,T2,batch1,"(1, 6)",1,6,4,7.904916763305664,4.286587238311768,-1.5398311614990234,-1.5387471914291382,0.0010844001080840826,0.001083970069885254,-4.300381988286972e-07,4.300381988286972e-07,0.0003965678310273211,True,0.4689449965953827,0.9922589063644409,0.22527408599853516,0.012774467468261719
1,theta1,T2,batch1,"(1, 7)",1,7,0,8.350445747375488,3.693711996078491,-0.8418092131614685,-0.8411391973495483,0.000670015171635896,0.000670015811920166,6.402842700481415e-10,6.402842700481415e-10,9.556265248215738e-07,True,0.35905489325523376,0.9918982982635498,0.21996283531188965,0.01241612434387207
1,theta1,T2,batch1,"(1, 7)",1,7,1,8.189266204833984,3.8180909156799316,-0.8667969107627869,-0.8661057353019714,0.0006911152740940452,0.0006911754608154297,6.01867213845253e-08,6.01867213845253e-08,8.708637131977964e-05,True,0.3537065088748932,0.9919975996017456,0.21723008155822754,0.012770891189575195
1,theta1,T2,batch1,"(1, 7)",1,7,2,8.022929191589355,3.955573320388794,-0.8805428743362427,-0.8798276782035828,0.0007151552708819509,0.0007151961326599121,4.086177796125412e-08,4.086177796125412e-08,5.713693183140796e-05,True,0.3464418649673462,0.9920970797538757,0.21959805488586426,0.012443065643310547
1,theta1,T2,batch1,"(1, 7)",1,7,3,7.85884952545166,4.0901007652282715,-0.8882210850715637,-0.8874757289886475,0.0007453723810613155,0.0007453560829162598,-1.6298145055770874e-08,1.6298145055770874e-08,2.1865775376013245e-05,True,0.3397233188152313,0.9921959042549133,0.22484517097473145,0.012144327163696289
1,theta1,T2,batch1,"(1, 7)",1,7,4,7.689885139465332,4.22981071472168,-0.8910588622093201,-0.8902731537818909,0.0007856815936975181,0.0007857084274291992,2.6833731681108475e-08,2.6833731681108475e-08,3.415344319678599e-05,True,0.3331908881664276,0.9922919273376465,0.2222914695739746,0.012112855911254883
1,theta1,T2,batch1,"(2, 3)",2,3,0,8.750825881958008,3.693711996078491,-0.3952502906322479,-0.3950771391391754,0.00017311294504906982,0.00017315149307250977,3.854802343994379e-08,3.854802343994379e-08,0.00022267556842162867,True,0.0563436783850193,0.9918982982635498,0.21996688842773438,0.01193690299987793
1,theta1,T2,batch1,"(2, 3)",2,3,1,8.5753812789917,3.797703742980957,-0.40218546986579895,-0.40201032161712646,0.0001751003583194688,0.00017514824867248535,4.789035301655531e-08,4.789035301655531e-08,0.00027350231305169493,True,0.05828571319580078,0.9919765591621399,0.2218623161315918,0.01207590103149414
1,theta1,T2,batch1,"(2, 3)",2,3,2,8.395902633666992,3.9108927249908447,-0.4066821336746216,-0.40650251507759094,0.00017964841390494257,0.00017961859703063965,-2.981687430292368e-08,2.981687430292368e-08,0.00016597349041278311,True,0.06035904586315155,0.992057204246521,0.21805691719055176,0.01212000846862793
1,theta1,T2,batch1,"(2, 3)",2,3,3,8.216033935546875,4.025008201599121,-0.4057391583919525,-0.4055556654930115,0.00018346644355915487,0.00018349289894104004,2.6455381885170937e-08,2.6455381885170937e-08,0.00014419738766365174,True,0.06214655935764313,0.9921361804008484,0.2193598747253418,0.012108564376831055
1,theta1,T2,batch1,"(2, 3)",2,3,4,8.02829360961914,4.1431097984313965,-0.4035540521144867,-0.40336570143699646,0.00018842334975488484,0.00018835067749023438,-7.267226465046406e-08,7.267226465046406e-08,0.00038568608797689654,True,0.06393115222454071,0.9922177195549011,0.21676945686340332,0.012349843978881836
1,theta1,T2,batch1,"(2, 4)",2,4,0,9.126250267028809,3.693711996078491,-0.9009894728660583,-0.9005720615386963,0.0004174414789304137,0.00041741132736206055,-3.015156835317612e-08,3.015156835317612e-08,7.222944981517349e-05,True,0.10184571146965027,0.9918982982635498,0.2217569351196289,0.012645244598388672
1,theta1,T2,batch1,"(2, 4)",2,4,1,8.978276252746582,3.7730703353881836,-0.9383413791656494,-0.937906801700592,0.00043457053834572434,0.00043457746505737305,6.9267116487026215e-09,6.9267116487026215e-09,1.5939211330502225e-05,True,0.10481484234333038,0.9919704794883728,0.2164905071258545,0.012241601943969727
1,theta1,T2,batch1,"(2, 4)",2,4,2,8.825963973999023,3.8515424728393555,-0.9679163694381714,-0.9674669504165649,0.00044949896982870996,0.0004494190216064453,-7.994822226464748e-08,7.994822226464748e-08,0.0001778607463663671,True,0.10743884742259979,0.9920434951782227,0.22052955627441406,0.012848138809204102
1,theta1,T2,batch1,"(2, 4)",2,4,3,8.668331146240234,3.927233934402466,-0.9845714569091797,-0.9841086268424988,0.0004630476178135723,0.0004628300666809082,-2.1755113266408443e-07,2.1755113266408443e-07,0.00046982453703427266,True,0.10951252281665802,0.9921165704727173,0.21893000602722168,0.011967897415161133
1,theta1,T2,batch1,"(2, 4)",2,4,4,8.506067276000977,3.9983322620391846,-0.9963482022285461,-0.9958712458610535,0.00047706259647384286,0.0004769563674926758,-1.0622898116707802e-07,1.0622898116707802e-07,0.00022267304532415277,True,0.1115531250834465,0.9921914935112,0.21819710731506348,0.01283574104309082
1,theta1,T2,batch1,"(2, 5)",2,5,0,8.734081268310547,3.693711996078491,-0.1534261852502823,-0.15335536003112793,7.083763193804771e-05,7.082521915435791e-05,-1.2412783689796925e-08,1.2412783689796925e-08,0.00017522866519102082,True,0.022068273276090622,0.9918982982635498,0.21547651290893555,0.012178897857666016
1,theta1,T2,batch1,"(2, 5)",2,5,1,8.549927711486816,3.8360660076141357,-0.15991750359535217,-0.15984457731246948,7.292751251952723e-05,7.292628288269043e-05,-1.229636836796999e-09,1.229636836796999e-09,1.686108293447893e-05,True,0.02329312451183796,0.9919834136962891,0.21981191635131836,0.012200117111206055
1,theta1,T2,batch1,"(2, 5)",2,5,2,8.360574722290039,3.9917924404144287,-0.16367821395397186,-0.1636027991771698,7.539219222962856e-05,7.541477680206299e-05,2.2584572434425354e-08,2.2584572434425354e-08,0.0002995611583443224,True,0.024583954364061356,0.992068886756897,0.21754860877990723,0.01234579086303711
1,theta1,T2,batch1,"(2, 5)",2,5,3,8.168163299560547,4.155609607696533,-0.1681770235300064,-0.1680983006954193,7.87375756772235e-05,7.872283458709717e-05,-1.4741090126335621e-08,1.4741090126335621e-08,0.00018721798327605597,True,0.02627433091402054,0.992155909538269,0.21679353713989258,0.012445449829101562
1,theta1,T2,batch1,"(2, 5)",2,5,4,7.967780590057373,4.319950580596924,-0.17010974884033203,-0.1700279414653778,8.179178257705644e-05,8.180737495422363e-05,1.5592377167195082e-08,1.5592377167195082e-08,0.000190635008504741,True,0.02784823626279831,0.9922434091567993,0.2192244529724121,0.012139558792114258
1,theta1,T2,batch1,"(2, 6)",2,6,0,8.669153213500977,3.693711996078491,-1.4710592031478882,-1.4698630571365356,0.0011965471785515547,0.001196146011352539,-4.0116719901561737e-07,4.0116719901561737e-07,0.00033527069070626923,True,0.4727557599544525,0.9918982982635498,0.22058439254760742,0.012374162673950195
1,theta1,T2,batch1,"(2, 6)",2,6,1,8.483451843261719,3.8438401222229004,-1.474220871925354,-1.4730994701385498,0.001121646841056645,0.0011214017868041992,-2.450542524456978e-07,2.450542524456978e-07,0.00021847719217471783,True,0.45671725273132324,0.991987407207489,0.21271729469299316,0.01214909553527832
1,theta1,T2,batch1,"(2, 6)",2,6,2,8.291765213012695,4.006954193115234,-1.4772634506225586,-1.4761958122253418,0.001067779609002173,0.0010676383972167969,-1.4121178537607193e-07,1.4121178537607193e-07,0.00013224806335085628,True,0.43987220525741577,0.9920769929885864,0.21841645240783691,0.011917352676391602
1,theta1,T2,batch1,"(2, 6)",2,6,3,8.100772857666016,4.169304370880127,-1.472725749015808,-1.4717020988464355,0.0010240008123219013,0.0010236501693725586,-3.5064294934272766e-07,3.5064294934272766e-07,0.0003424244835779493,True,0.4222426414489746,0.9921661615371704,0.213775634765625,0.012262582778930664
1,theta1,T2,batch1,"(2, 6)",2,6,4,7.901458740234375,4.333950519561768,-1.449432611465454,-1.4484424591064453,0.000990252010524273,0.000990152359008789,-9.96515154838562e-08,9.96515154838562e-08,0.00010063247983823564,True,0.40222588181495667,0.9922541379928589,0.21470928192138672,0.012846708297729492
1,theta1,T2,batch1,"(2, 7)",2,7,0,8.541608810424805,3.693711996078491,-0.7638865113258362,-0.7632442116737366,0.0006424181046895683,0.0006422996520996094,-1.1845258995890617e-07,1.1845258995890617e-07,0.00018438551014396658,True,0.3131760358810425,0.9918982982635498,0.20841217041015625,0.012019634246826172
1,theta1,T2,batch1,"(2, 7)",2,7,1,8.379892349243164,3.8174939155578613,-0.7960312366485596,-0.7953702211380005,0.0006611384451389313,0.000661015510559082,-1.2293457984924316e-07,1.2293457984924316e-07,0.00018594377736331724,True,0.3085877001285553,0.9919894933700562,0.21802449226379395,0.012623310089111328
1,theta1,T2,batch1,"(2, 7)",2,7,2,8.212982177734375,3.9542601108551025,-0.8194583654403687,-0.8187758326530457,0.000682581216096878,0.000682532787322998,-4.842877388000488e-08,4.842877388000488e-08,7.094946760611038e-05,True,0.3026580810546875,0.9920815825462341,0.21856689453125,0.012395620346069336
1,theta1,T2,batch1,"(2, 7)",2,7,3,8.04578971862793,4.090579509735107,-0.8368569612503052,-0.8361489772796631,0.0007081581861712039,0.0007079839706420898,-1.7421552911400795e-07,1.7421552911400795e-07,0.0002460121658071036,True,0.2961843013763428,0.9921733140945435,0.2192544937133789,0.012076616287231445
1,theta1,T2,batch1,"(2, 7)",2,7,4,7.868646621704102,4.232954025268555,-0.8510596752166748,-0.8503192663192749,0.0007404197240248322,0.0007404088973999023,-1.0826624929904938e-08,1.0826624929904938e-08,1.4622280550621627e-05,True,0.28973355889320374,0.9922659397125244,0.21979212760925293,0.012299537658691406
1,theta1,T2,batch1,"(3, 4)",3,4,0,9.2703857421875,3.693711996078491,-1.004854679107666,-1.0044136047363281,0.00044119072845205665,0.0004410743713378906,-1.1635711416602135e-07,1.1635711416602135e-07,0.00026373426879179227,True,0.1189948096871376,0.9918982982635498,0.2142479419708252,0.012645244598388672
1,theta1,T2,batch1,"(3, 4)",3,4,1,9.130903244018555,3.7753732204437256,-1.0704177618026733,-1.0699442625045776,0.00047367915976792574,0.0004734992980957031,-1.798616722226143e-07,1.798616722226143e-07,0.0003797120234521943,True,0.12411979585886002,0.9919695258140564,0.21762681007385254,0.012644767761230469
1,theta1,T2,batch1,"(3, 4)",3,4,2,8.986873626708984,3.8618671894073486,-1.1318703889846802,-1.1313657760620117,0.000504806637763977,0.000504612922668457,-1.9371509552001953e-07,1.9371509552001953e-07,0.00038374118133246743,True,0.12874378263950348,0.9920426607131958,0.21598601341247559,0.012672662734985352
1,theta1,T2,batch1,"(3, 4)",3,4,3,8.841980934143066,3.9453768730163574,-1.1840952634811401,-1.1835585832595825,0.0005368104903027415,0.0005366802215576172,-1.3026874512434006e-07,1.3026874512434006e-07,0.0002426717574965296,True,0.1330622434616089,0.9921162724494934,0.2208573818206787,0.01201176643371582
1,theta1,T2,batch1,"(3, 4)",3,4,4,8.688852310180664,4.0236663818359375,-1.230678915977478,-1.2301112413406372,0.0005678770830854774,0.0005676746368408203,-2.0244624465703964e-07,2.0244624465703964e-07,0.0003564965917572822,True,0.136638805270195,0.9921899437904358,0.21969914436340332,0.012489795684814453
1,theta1,T2,batch1,"(3, 5)",3,5,0,8.962846755981445,3.693711996078491,-0.25729143619537354,-0.2571835219860077,0.00010794391710078344,0.00010791420936584473,-2.9707734938710928e-08,2.9707734938710928e-08,0.00027521453488642494,True,0.03921736404299736,0.9918982982635498,0.21573376655578613,0.011834859848022461
1,theta1,T2,batch1,"(3, 5)",3,5,1,8.789632797241211,3.8202383518218994,-0.26490524411201477,-0.26479342579841614,0.00011178678687429056,0.00011181831359863281,3.1526724342256784e-08,3.1526724342256784e-08,0.00028202549893226696,True,0.0409974530339241,0.991982102394104,0.22086858749389648,0.012053251266479492
1,theta1,T2,batch1,"(3, 5)",3,5,2,8.612581253051758,3.9647111892700195,-0.2687085270881653,-0.2685925364494324,0.00011600074503803626,0.00011599063873291016,-1.0106305126100779e-08,1.0106305126100779e-08,8.712276048560683e-05,True,0.042705558240413666,0.9920662045478821,0.21770787239074707,0.012046575546264648
1,theta1,T2,batch1,"(3, 5)",3,5,3,8.4291353225708,4.116718292236328,-0.27108314633369446,-0.27096161246299744,0.0001215439333464019,0.00012153387069702148,-1.0062649380415678e-08,1.0062649380415678e-08,8.279022328277782e-05,True,0.044481899589300156,0.9921521544456482,0.22023820877075195,0.012310504913330078
1,theta1,T2,batch1,"(3, 5)",3,5,4,8.23900032043457,4.27490758895874,-0.2739574909210205,-0.2738286554813385,0.00012885940668638796,0.00012883543968200684,-2.3967004381120205e-08,2.3967004381120205e-08,0.00018599344042806272,True,0.04643883556127548,0.9922384023666382,0.22165274620056152,0.011967897415161133
1,theta1,T2,batch1,"(3, 6)",3,6,0,8.827898979187012,3.693711996078491,-1.5749242305755615,-1.5737675428390503,0.001157099730335176,0.0011566877365112305,-4.119938239455223e-07,4.119938239455223e-07,0.0003560573156699124,True,0.48990488052368164,0.9918982982635498,0.22073841094970703,0.013879776000976562
1,theta1,T2,batch1,"(3, 6)",3,6,1,8.656116485595703,3.8286917209625244,-1.588366985321045,-1.5872666835784912,0.0011004392290487885,0.001100301742553711,-1.3748649507761002e-07,1.3748649507761002e-07,0.0001249378352282591,True,0.4786509573459625,0.9919878244400024,0.21746540069580078,0.013445138931274414
1,theta1,T2,batch1,"(3, 6)",3,6,2,8.48087215423584,3.9786264896392822,-1.598637342453003,-1.5975743532180786,0.0010633001802489161,0.0010629892349243164,-3.109453245997429e-07,3.109453245997429e-07,0.00029243418780099454,True,0.4663064777851105,0.9920781254768372,0.21915817260742188,0.01420283317565918
1,theta1,T2,batch1,"(3, 6)",3,6,3,8.303243637084961,4.130222320556641,-1.6050175428390503,-1.6039799451828003,0.001038017333485186,0.00103759765625,-4.196772351861e-07,4.196772351861e-07,0.00040430657721005135,True,0.45328980684280396,0.9921673536300659,0.22341537475585938,0.01223611831665039
1,theta1,T2,batch1,"(3, 6)",3,6,4,8.121177673339844,4.285647392272949,-1.601466417312622,-1.6004456281661987,0.001020908122882247,0.0010207891464233398,-1.1897645890712738e-07,1.1897645890712738e-07,0.00011653982982448098,True,0.4386923909187317,0.9922569990158081,0.21937894821166992,0.012129545211791992
1,theta1,T2,batch1,"(3, 7)",3,7,0,8.616254806518555,3.693711996078491,-0.8677518963813782,-0.8671039342880249,0.0006478298455476761,0.0006479620933532715,1.3224780559539795e-07,1.3224780559539795e-07,0.00020413972357756304,True,0.3303251266479492,0.9918982982635498,0.22182011604309082,0.012479782104492188
1,theta1,T2,batch1,"(3, 7)",3,7,1,8.46489143371582,3.79604172706604,-0.9135676622390747,-0.9128841757774353,0.0006835330277681351,0.0006834864616394043,-4.6566128730773926e-08,4.6566128730773926e-08,6.812564549049102e-05,True,0.3289247155189514,0.9919849634170532,0.22211766242980957,0.012226343154907227
1,theta1,T2,batch1,"(3, 7)",3,7,2,8.30950927734375,3.913268566131592,-0.9499494433403015,-0.9492271542549133,0.0007222848944365978,0.0007222890853881836,4.190951585769653e-09,4.190951585769653e-09,5.802352531598645e-06,True,0.3258077800273895,0.9920732975006104,0.222703218460083,0.014519453048706055
1,theta1,T2,batch1,"(3, 7)",3,7,3,8.151876449584961,4.031909465789795,-0.9811792969703674,-0.9804147481918335,0.0007647380698472261,0.0007645487785339355,-1.89291313290596e-07,1.89291313290596e-07,0.0002475243756707591,True,0.3215804994106293,0.9921610951423645,0.2188568115234375,0.012451887130737305
1,theta1,T2,batch1,"(3, 7)",3,7,4,7.986813545227051,4.161217212677002,-1.010251760482788,-1.0094318389892578,0.0008200313895940781,0.0008199214935302734,-1.0989606380462646e-07,1.0989606380462646e-07,0.00013401445993308362,True,0.31750160455703735,0.9922508597373962,0.21989798545837402,0.012775659561157227
1,theta1,T2,batch1,"(4, 5)",4,5,0,9.150810241699219,3.693711996078491,-0.7630306482315063,-0.7626734972000122,0.0003572186396922916,0.0003571510314941406,-6.76081981509924e-08,6.76081981509924e-08,0.00018926279493486158,True,0.08471938967704773,0.9918982982635498,0.21924948692321777,0.011963605880737305
1,theta1,T2,batch1,"(4, 5)",4,5,1,9.00532341003418,3.783444404602051,-0.8043151497840881,-0.8039382100105286,0.0003770893963519484,0.0003769397735595703,-1.4962279237806797e-07,1.4962279237806797e-07,0.0003967833458738275,True,0.08712559193372726,0.9919722080230713,0.22106170654296875,0.012033224105834961
1,theta1,T2,batch1,"(4, 5)",4,5,2,8.853580474853516,3.874882698059082,-0.8427304625511169,-0.8423336148262024,0.00039703206857666373,0.0003968477249145508,-1.8434366211295128e-07,1.8434366211295128e-07,0.0004643042129413181,True,0.08948046714067459,0.9920474886894226,0.22108674049377441,0.011934995651245117
1,theta1,T2,batch1,"(4, 5)",4,5,3,8.698709487915039,3.9705417156219482,-0.8757285475730896,-0.8753135800361633,0.0004150904424022883,0.00041496753692626953,-1.2290547601878643e-07,1.2290547601878643e-07,0.00029609324490220755,True,0.09142046421766281,0.9921246767044067,0.22007322311401367,0.012204885482788086
1,theta1,T2,batch1,"(4, 5)",4,5,4,8.540229797363281,4.056839942932129,-0.9016469717025757,-0.9012147784233093,0.000432359054684639,0.0004321932792663574,-1.6577541828155518e-07,1.6577541828155518e-07,0.0003834207159197143,True,0.09283238649368286,0.9921988248825073,0.21907472610473633,0.012133598327636719
1,theta1,T2,batch1,"(4, 6)",4,6,0,9.034351348876953,3.693711996078491,-2.0806636810302734,-2.0794641971588135,0.001199571881443262,0.001199483871459961,-8.800998330116272e-08,8.800998330116272e-08,7.336782785811361e-05,True,0.5354068875312805,0.9918982982635498,0.2171630859375,0.012092828750610352
1,theta1,T2,batch1,"(4, 6)",4,6,1,8.89468765258789,3.787346839904785,-2.1510708332061768,-2.1498730182647705,0.0011980975978076458,0.00119781494140625,-2.8265640139579773e-07,2.8265640139579773e-07,0.00023592101504336555,True,0.5333125591278076,0.9919809103012085,0.22185635566711426,0.012134313583374023
1,theta1,T2,batch1,"(4, 6)",4,6,2,8.75457763671875,3.8844211101531982,-2.2233831882476807,-2.222174882888794,0.0012085371417924762,0.0012083053588867188,-2.3178290575742722e-07,2.3178290575742722e-07,0.00019178798709789904,True,0.5311493277549744,0.9920641779899597,0.21857070922851562,0.012294292449951172
1,theta1,T2,batch1,"(4, 6)",4,6,3,8.61426830291748,3.9815313816070557,-2.291212320327759,-2.289987087249756,0.0012255904730409384,0.0012252330780029297,-3.573950380086899e-07,3.573950380086899e-07,0.00029161048969475126,True,0.5277666449546814,0.9921476244926453,0.22028088569641113,0.012594461441040039
1,theta1,T2,batch1,"(4, 6)",4,6,4,8.475675582885742,4.0756611824035645,-2.350554943084717,-2.3493077754974365,0.001247285632416606,0.0012471675872802734,-1.180451363325119e-07,1.180451363325119e-07,9.464162278835874e-05,True,0.5232573747634888,0.9922270178794861,0.22080016136169434,0.013621330261230469
1,theta1,T2,batch1,"(4, 7)",4,7,0,8.745864868164062,3.693711996078491,-1.3734909296035767,-1.372737169265747,0.0007537641795352101,0.0007537603378295898,-3.841705620288849e-09,3.841705620288849e-09,5.096694330390893e-06,True,0.3758271336555481,0.9918982982635498,0.21743988990783691,0.012154817581176758
1,theta1,T2,batch1,"(4, 7)",4,7,1,8.615736961364746,3.764312982559204,-1.4232202768325806,-1.4224324226379395,0.0007878277101553977,0.0007878541946411133,2.648448571562767e-08,2.648448571562767e-08,3.3617103554790746e-05,True,0.3772279620170593,0.9919785857200623,0.2171783447265625,0.01307821273803711
1,theta1,T2,batch1,"(4, 7)",4,7,2,8.481780052185059,3.833348035812378,-1.4666489362716675,-1.4658266305923462,0.0008224876364693046,0.0008223056793212891,-1.8195714801549911e-07,1.8195714801549911e-07,0.00022122782148627446,True,0.37719103693962097,0.9920591115951538,0.21783161163330078,0.012407302856445312
1,theta1,T2,batch1,"(4, 7)",4,7,3,8.344804763793945,3.905280113220215,-1.5059586763381958,-1.5050939321517944,0.0008647697977721691,0.0008647441864013672,-2.561137080192566e-08,2.561137080192566e-08,2.961640296400961e-05,True,0.3767796754837036,0.992138683795929,0.222381591796875,0.012127876281738281
1,theta1,T2,batch1,"(4, 7)",4,7,4,8.20531177520752,3.974663496017456,-1.5367071628570557,-1.5357952117919922,0.0009122215560637414,0.0009119510650634766,-2.7049100026488304e-07,2.7049100026488304e-07,0.0002965189744386861,True,0.3756242096424103,0.9922195076942444,0.2215888500213623,0.012732744216918945
1,theta1,T2,batch1,"(5, 6)",5,6,0,8.767383575439453,3.693711996078491,-1.3331003189086914,-1.3319460153579712,0.001154764206148684,0.0011543035507202148,-4.6065542846918106e-07,4.6065542846918106e-07,0.0003989173079805943,True,0.45562949776649475,0.9918982982635498,0.21778488159179688,0.01224207878112793
1,theta1,T2,batch1,"(5, 6)",5,6,1,8.586515426635742,3.845367670059204,-1.3439861536026,-1.3428839445114136,0.0011024597333744168,0.0011022090911865234,-2.5064218789339066e-07,2.5064218789339066e-07,0.000227348156404972,True,0.44333019852638245,0.9919898509979248,0.2175617218017578,0.011998414993286133
1,theta1,T2,batch1,"(5, 6)",5,6,2,8.401269912719727,4.014432907104492,-1.361690878868103,-1.3606196641921997,0.0010715408716350794,0.0010712146759033203,-3.2619573175907135e-07,3.2619573175907135e-07,0.00030441744257624504,True,0.4308246970176697,0.9920839667320251,0.2219686508178711,0.012203454971313477
1,theta1,T2,batch1,"(5, 6)",5,6,3,8.215958595275879,4.187964916229248,-1.371652364730835,-1.3706095218658447,0.0010432517156004906,0.0010428428649902344,-4.0885061025619507e-07,4.0885061025619507e-07,0.0003919002520123944,True,0.4166257381439209,0.9921762347221375,0.21747803688049316,0.012322664260864258
1,theta1,T2,batch1,"(5, 6)",5,6,4,8.025529861450195,4.367147445678711,-1.3647863864898682,-1.363761305809021,0.0010253125801682472,0.001025080680847168,-2.3189932107925415e-07,2.3189932107925415e-07,0.0002261742668184184,True,0.40017449855804443,0.9922674298286438,0.21985840797424316,0.013631343841552734
1,theta1,T2,batch1,"(5, 7)",5,7,0,8.422127723693848,3.693711996078491,-0.625927746295929,-0.625349223613739,0.0005785075481981039,0.0005785226821899414,1.5133991837501526e-08,1.5133991837501526e-08,2.6160405140157388e-05,True,0.29604971408843994,0.9918982982635498,0.2144486904144287,0.012645959854125977
1,theta1,T2,batch1,"(5, 7)",5,7,1,8.255285263061523,3.8312559127807617,-0.6442356705665588,-0.6436483860015869,0.0005872616311535239,0.0005872845649719238,2.293381839990616e-08,2.293381839990616e-08,3.905213142370393e-05,True,0.2882661819458008,0.9919946193695068,0.22060894966125488,0.011884927749633789
1,theta1,T2,batch1,"(5, 7)",5,7,2,8.08132553100586,3.9836809635162354,-0.6533149480819702,-0.6527161002159119,0.0005989761557430029,0.0005988478660583496,-1.2828968465328217e-07,1.2828968465328217e-07,0.00021418162212842113,True,0.27838262915611267,0.9920926690101624,0.21496129035949707,0.012489557266235352
1,theta1,T2,batch1,"(5, 7)",5,7,3,7.906038761138916,4.139815330505371,-0.6579940915107727,-0.6573829650878906,0.0006111710099503398,0.0006111264228820801,-4.4587068259716034e-08,4.4587068259716034e-08,7.295350652076727e-05,True,0.2685420513153076,0.992189884185791,0.22178435325622559,0.012295007705688477
1,theta1,T2,batch1,"(5, 7)",5,7,4,7.725742340087891,4.304144382476807,-0.6564598083496094,-0.6558299660682678,0.000629785587079823,0.0006298422813415527,5.6694261729717255e-08,5.6694261729717255e-08,9.002152937890505e-05,True,0.2579165995121002,0.9922858476638794,0.21834683418273926,0.01213693618774414
1,theta1,T2,batch1,"(6, 7)",6,7,0,8.545492172241211,3.693711996078491,-1.9435607194900513,-1.9422847032546997,0.0012761116959154606,0.0012760162353515625,-9.546056389808655e-08,9.546056389808655e-08,7.480580595227974e-05,True,0.7467372417449951,0.9918982982635498,0.21839261054992676,0.013052940368652344
1,theta1,T2,batch1,"(6, 7)",6,7,1,8.369603157043457,3.836108684539795,-1.9574593305587769,-1.9562201499938965,0.0012395709054544568,0.001239180564880371,-3.9034057408571243e-07,3.9034057408571243e-07,0.0003148997547200449,True,0.722943127155304,0.9919918179512024,0.21231818199157715,0.012813806533813477
1,theta1,T2,batch1,"(6, 7)",6,7,2,8.189817428588867,3.9896230697631836,-1.9655895233154297,-1.9643646478652954,0.0012252193409949541,0.0012248754501342773,-3.4389086067676544e-07,3.4389086067676544e-07,0.0002806769769056247,True,0.6970632672309875,0.9920850992202759,0.21740984916687012,0.01193857192993164
1,theta1,T2,batch1,"(6, 7)",6,7,3,8.00953197479248,4.143075942993164,-1.9685460329055786,-1.9673190116882324,0.0012269862927496433,0.0012270212173461914,3.4924596548080444e-08,3.4924596548080444e-08,2.8463721847955906e-05,True,0.6701750159263611,0.992178201675415,0.21956205368041992,0.012975454330444336
1,theta1,T2,batch1,"(6, 7)",6,7,4,7.826267719268799,4.300166606903076,-1.9497214555740356,-1.9484854936599731,0.001235889969393611,0.0012359619140625,7.194466888904572e-08,7.194466888904572e-08,5.821284310960574e-05,True,0.6403841972351074,0.9922711849212646,0.2162609100341797,0.012442588806152344
1,theta1,T2,batch2,"(0, 1)",0,1,0,8.775197982788086,3.693711996078491,-0.43337780237197876,-0.43298208713531494,0.0003958556626457721,0.00039571523666381836,-1.4042598195374012e-07,1.4042598195374012e-07,0.0003547403642407891,True,0.11219973862171173,0.9918982982635498,0.22073674201965332,0.013245820999145508
1,theta1,T2,batch2,"(0, 1)",0,1,1,8.606831550598145,3.789681911468506,-0.466902494430542,-0.46646469831466675,0.0004378582234494388,0.00043779611587524414,-6.210757419466972e-08,6.210757419466972e-08,0.00014184402820024123,True,0.12234877049922943,0.9919763803482056,0.21862125396728516,0.011937618255615234
1,theta1,T2,batch2,"(0, 1)",0,1,2,8.439043045043945,3.889479160308838,-0.5020245313644409,-0.5015373229980469,0.00048721153871156275,0.00048720836639404297,-3.1723175197839737e-09,3.1723175197839737e-09,6.511170749718303e-06,True,0.13329972326755524,0.9920547008514404,0.21865034103393555,0.012734174728393555
1,theta1,T2,batch2,"(0, 1)",0,1,3,8.272429466247559,3.9871840476989746,-0.5413994193077087,-0.5408550500869751,0.0005443345289677382,0.0005443692207336426,3.4691765904426575e-08,3.4691765904426575e-08,6.373243668781244e-05,True,0.14556457102298737,0.992132306098938,0.22189044952392578,0.012072324752807617
1,theta1,T2,batch2,"(0, 1)",0,1,4,8.103800773620605,4.082881927490234,-0.586080014705658,-0.5854684710502625,0.000611643772572279,0.0006115436553955078,-1.0011717677116394e-07,1.0011717677116394e-07,0.0001636854346609618,True,0.15921464562416077,0.9922086596488953,0.21660304069519043,0.012287616729736328
1,theta1,T2,batch2,"(0, 2)",0,2,0,9.048797607421875,3.693711996078491,-0.3554551601409912,-0.35515958070755005,0.0002956748357973993,0.0002955794334411621,-9.540235623717308e-08,9.540235623717308e-08,0.00032265970818884355,True,0.06632085889577866,0.9918982982635498,0.2179710865020752,0.012088775634765625
1,theta1,T2,batch2,"(0, 2)",0,2,1,8.877326965332031,3.7869272232055664,-0.371428519487381,-0.3711129426956177,0.00031570441205985844,0.00031557679176330566,-1.276202965527773e-07,1.276202965527773e-07,0.0004042398258551424,True,0.07005254924297333,0.9919662475585938,0.21644973754882812,0.012569189071655273
1,theta1,T2,batch2,"(0, 2)",0,2,2,8.701812744140625,3.8848624229431152,-0.39004838466644287,-0.3897055685520172,0.00034283968852832913,0.0003428161144256592,-2.35741026699543e-08,2.35741026699543e-08,6.876129998585724e-05,True,0.07463616877794266,0.992034912109375,0.21480989456176758,0.012237310409545898
1,theta1,T2,batch2,"(0, 2)",0,2,3,8.523195266723633,3.982311487197876,-0.4083734452724457,-0.4079989790916443,0.00037449446972459555,0.0003744661808013916,-2.828892320394516e-08,2.828892320394516e-08,7.553896116209387e-05,True,0.07990693300962448,0.9921020269393921,0.21934962272644043,0.012186050415039062
1,theta1,T2,batch2,"(0, 2)",0,2,4,8.340432167053223,4.077420711517334,-0.4283912777900696,-0.4279816448688507,0.0004096244811080396,0.00040963292121887207,8.440110832452774e-09,8.440110832452774e-09,2.0604507840015233e-05,True,0.08547601103782654,0.992168128490448,0.2185983657836914,0.012957334518432617
1,theta1,T2,batch2,"(0, 3)",0,3,0,9.23684310913086,3.693711996078491,-0.45932045578956604,-0.45902347564697266,0.0002970038040075451,0.0002969801425933838,-2.36614141613245e-08,2.36614141613245e-08,7.966704076532099e-05,True,0.0834699496626854,0.9918982982635498,0.21838092803955078,0.01186227798461914
1,theta1,T2,batch2,"(0, 3)",0,3,1,9.070091247558594,3.7821803092956543,-0.4707570970058441,-0.4704388976097107,0.00031824453617446125,0.00031819939613342285,-4.5140041038393974e-08,4.5140041038393974e-08,0.00014184074165423616,True,0.08690831810235977,0.9919642806053162,0.21749615669250488,0.012197256088256836
1,theta1,T2,batch2,"(0, 3)",0,3,2,8.898597717285156,3.877495050430298,-0.4838884770870209,-0.48354262113571167,0.00034587050322443247,0.0003458559513092041,-1.4551915228366852e-08,1.4551915228366852e-08,4.20733051610482e-05,True,0.09091662615537643,0.9920298457145691,0.22008752822875977,0.012806177139282227
1,theta1,T2,batch2,"(0, 3)",0,3,3,8.72478199005127,3.9825987815856934,-0.49625271558761597,-0.4958726465702057,0.0003801454440690577,0.0003800690174102783,-7.64266587793827e-08,7.64266587793827e-08,0.00020104583646016007,True,0.09550786763429642,0.9920946359634399,0.22289347648620605,0.01562976837158203
1,theta1,T2,batch2,"(0, 3)",0,3,4,8.54581356048584,4.0898823738098145,-0.5089690685272217,-0.5085507035255432,0.0004184406716376543,0.0004183650016784668,-7.566995918750763e-08,7.566995918750763e-08,0.00018083796417627752,True,0.10009412467479706,0.992161750793457,0.217637300491333,0.012334108352661133
1,theta1,T2,batch2,"(0, 4)",0,4,0,9.478324890136719,3.693711996078491,-0.9650596976280212,-0.9645252823829651,0.0005345265381038189,0.0005344152450561523,-1.1129304766654968e-07,1.1129304766654968e-07,0.0002082086477153239,True,0.12897197902202606,0.9918982982635498,0.2197730541229248,0.012507915496826172
1,theta1,T2,batch2,"(0, 4)",0,4,1,9.34730339050293,3.776461601257324,-1.0471354722976685,-1.046545147895813,0.000590437208302319,0.0005903244018554688,-1.1280644685029984e-07,1.1280644685029984e-07,0.00019105578927630868,True,0.13702400028705597,0.9919561743736267,0.21756219863891602,0.011931896209716797
1,theta1,T2,batch2,"(0, 4)",0,4,2,9.21412467956543,3.8584625720977783,-1.13533353805542,-1.134678602218628,0.0006550175021402538,0.0006549358367919922,-8.166534826159477e-08,8.166534826159477e-08,0.0001246765895487605,True,0.14564014971256256,0.992014467716217,0.21775436401367188,0.012098312377929688
1,theta1,T2,batch2,"(0, 4)",0,4,3,9.07861328125,3.944824695587158,-1.2289867401123047,-1.2282577753067017,0.0007291228394024074,0.0007289648056030273,-1.58033799380064e-07,1.58033799380064e-07,0.00021674509539378753,True,0.15515869855880737,0.9920734763145447,0.21773147583007812,0.012688159942626953
1,theta1,T2,batch2,"(0, 4)",0,4,4,8.940225601196289,4.028899669647217,-1.3234152793884277,-1.3226063251495361,0.0008090988849289715,0.0008089542388916016,-1.446460373699665e-07,1.446460373699665e-07,0.00017877423892713012,True,0.16488665342330933,0.9921327233314514,0.21996641159057617,0.012542486190795898
1,theta1,T2,batch2,"(0, 5)",0,5,0,9.038135528564453,3.693711996078491,-0.21749642491340637,-0.21728143095970154,0.00021504127653315663,0.00021499395370483398,-4.7322828322649e-08,4.7322828322649e-08,0.00022006392951890995,True,0.049194540828466415,0.9918982982635498,0.21604108810424805,0.012423276901245117
1,theta1,T2,batch2,"(0, 5)",0,5,1,8.880714416503906,3.795226812362671,-0.22350677847862244,-0.2232816070318222,0.0002252029225928709,0.00022517144680023193,-3.14757926389575e-08,3.14757926389575e-08,0.0001397663594972986,True,0.051202598959207535,0.9919702410697937,0.22179365158081055,0.012199640274047852
1,theta1,T2,batch2,"(0, 5)",0,5,2,8.719711303710938,3.9040799140930176,-0.2290027141571045,-0.22876468300819397,0.00023806585522834212,0.00023803114891052246,-3.470631781965494e-08,3.470631781965494e-08,0.0001457845258252856,True,0.05334801599383354,0.992042601108551,0.2167372703552246,0.012319087982177734
1,theta1,T2,batch2,"(0, 5)",0,5,3,8.556796073913574,4.023167133331299,-0.23943960666656494,-0.23918427526950836,0.0002553980448283255,0.0002553313970565796,-6.664777174592018e-08,6.664777174592018e-08,0.00026095646813083375,True,0.05636204779148102,0.9921147227287292,0.21650171279907227,0.012061119079589844
1,theta1,T2,batch2,"(0, 5)",0,5,4,8.389148712158203,4.148373603820801,-0.24950987100601196,-0.2492363601922989,0.0002735563612077385,0.00027351081371307373,-4.5547494664788246e-08,4.5547494664788246e-08,0.00016650131791378636,True,0.0595395565032959,0.9921862483024597,0.21543192863464355,0.012468338012695312
1,theta1,T2,batch2,"(0, 6)",0,6,0,8.90402603149414,3.693711996078491,-1.5351293087005615,-1.5338811874389648,0.0012486068299040198,0.0012481212615966797,-4.855683073401451e-07,4.855683073401451e-07,0.00038888807566227283,True,0.4998820424079895,0.9918982982635498,0.22008156776428223,0.01204991340637207
1,theta1,T2,batch2,"(0, 6)",0,6,1,8.751741409301758,3.8073272705078125,-1.5617876052856445,-1.5605648756027222,0.001223249826580286,0.0012227296829223633,-5.201436579227448e-07,5.201436579227448e-07,0.00042521457728455765,True,0.49508136510849,0.9919856190681458,0.21372628211975098,0.012167930603027344
1,theta1,T2,batch2,"(0, 6)",0,6,2,8.600058555603027,3.931983709335327,-1.5921531915664673,-1.590940237045288,0.0012135168071836233,0.0012129545211791992,-5.622860044240952e-07,5.622860044240952e-07,0.0004633524654092515,True,0.4906628429889679,0.9920728802680969,0.22267675399780273,0.01315617561340332
1,theta1,T2,batch2,"(0, 6)",0,6,3,8.446046829223633,4.060093879699707,-1.6240640878677368,-1.6228433847427368,0.0012212496949359775,0.001220703125,-5.46569935977459e-07,5.46569935977459e-07,0.00044754970113307764,True,0.4861657917499542,0.9921588897705078,0.21935582160949707,0.012677907943725586
1,theta1,T2,batch2,"(0, 6)",0,6,4,8.294672012329102,4.192237854003906,-1.6521599292755127,-1.6509339809417725,0.0012264701072126627,0.0012259483337402344,-5.217734724283218e-07,5.217734724283218e-07,0.0004254269789046309,True,0.4807544946670532,0.9922432899475098,0.2179257869720459,0.012336015701293945
1,theta1,T2,batch2,"(0, 7)",0,7,0,8.763068199157715,3.693711996078491,-0.8279566764831543,-0.8272977471351624,0.0006589742843061686,0.0006589293479919434,-4.493631422519684e-08,4.493631422519684e-08,6.819130168715174e-05,True,0.3403022885322571,0.9918982982635498,0.21815824508666992,0.012479305267333984
1,theta1,T2,batch2,"(0, 7)",0,7,1,8.627767562866211,3.7659084796905518,-0.8871991038322449,-0.8864989876747131,0.0007002393831498921,0.0007001161575317383,-1.232256181538105e-07,1.232256181538105e-07,0.0001759764176637763,True,0.3470408618450165,0.991973340511322,0.22031283378601074,0.012551069259643555
1,theta1,T2,batch2,"(0, 7)",0,7,2,8.488006591796875,3.8445589542388916,-0.9485085606575012,-0.9477571845054626,0.0007512781885452569,0.0007513761520385742,9.796349331736565e-08,9.796349331736565e-08,0.00013039576392741815,True,0.35347920656204224,0.9920492172241211,0.22147703170776367,0.012448787689208984
1,theta1,T2,batch2,"(0, 7)",0,7,3,8.346426010131836,3.925539970397949,-1.014649510383606,-1.013839840888977,0.0008097218233160675,0.0008096694946289062,-5.23286871612072e-08,5.23286871612072e-08,6.462551169351549e-05,True,0.36042019724845886,0.9921255707740784,0.21593236923217773,0.012459516525268555
1,theta1,T2,batch2,"(0, 7)",0,7,4,8.204139709472656,4.009005546569824,-1.083075761795044,-1.0822019577026367,0.0008738900069147348,0.0008738040924072266,-8.591450750827789e-08,8.591450750827789e-08,9.831272451735513e-05,True,0.36722856760025024,0.9922000169754028,0.21552681922912598,0.012377500534057617
1,theta1,T2,batch2,"(1, 2)",1,2,0,8.44169807434082,3.693711996078491,-0.36930766701698303,-0.36899086833000183,0.0003167586983181536,0.00031679868698120117,3.998866304755211e-08,3.998866304755211e-08,0.00012624329895240114,True,0.08507347106933594,0.9918982982635498,0.2185816764831543,0.012407779693603516
1,theta1,T2,batch2,"(1, 2)",1,2,1,8.248016357421875,3.813204765319824,-0.3914170265197754,-0.3910658061504364,0.0003512714756652713,0.00035122036933898926,-5.1106326282024384e-08,5.1106326282024384e-08,0.00014548954248344353,True,0.0930410698056221,0.9919915199279785,0.21716547012329102,0.012224435806274414
1,theta1,T2,batch2,"(1, 2)",1,2,2,8.054195404052734,3.940701723098755,-0.4089433252811432,-0.40855416655540466,0.0003892037784680724,0.0003891587257385254,-4.505272954702377e-08,4.505272954702377e-08,0.00011575614636721618,True,0.100949227809906,0.9920855164527893,0.21621012687683105,0.012941122055053711
1,theta1,T2,batch2,"(1, 2)",1,2,3,7.856525897979736,4.060495853424072,-0.42469197511672974,-0.42425718903541565,0.0004348052607383579,0.0004347860813140869,-1.917942427098751e-08,1.917942427098751e-08,4.4110377685905326e-05,True,0.10958971828222275,0.992179811000824,0.21642661094665527,0.01217341423034668
1,theta1,T2,batch2,"(1, 2)",1,2,4,7.655892372131348,4.179924964904785,-0.43887948989868164,-0.43839022517204285,0.0004892268916592002,0.0004892647266387939,3.7834979593753815e-08,3.7834979593753815e-08,7.733626306893612e-05,True,0.11862414330244064,0.9922746419906616,0.22012901306152344,0.011863946914672852
1,theta1,T2,batch2,"(1, 3)",1,3,0,8.538848876953125,3.693711996078491,-0.4731729030609131,-0.47281432151794434,0.00035858197952620685,0.00035858154296875,-4.3655745685100555e-10,4.3655745685100555e-10,1.2174550919369328e-06,True,0.10222256183624268,0.9918982982635498,0.21844816207885742,0.012002944946289062
1,theta1,T2,batch2,"(1, 3)",1,3,1,8.356799125671387,3.794938325881958,-0.5040454864501953,-0.5036460161209106,0.00039953002124093473,0.00039947032928466797,-5.969195626676083e-08,5.969195626676083e-08,0.00014940543411821327,True,0.11036280542612076,0.9919919371604919,0.21721696853637695,0.012169361114501953
1,theta1,T2,batch2,"(1, 3)",1,3,2,8.173623085021973,3.904209613800049,-0.5297503471374512,-0.5293045043945312,0.00044584120041690767,0.0004458427429199219,1.5425030142068863e-09,1.5425030142068863e-09,3.4597587947558153e-06,True,0.11813203245401382,0.9920859336853027,0.2203831672668457,0.011653423309326172
1,theta1,T2,batch2,"(1, 3)",1,3,3,7.985263824462891,4.0107855796813965,-0.5545777678489685,-0.5540788173675537,0.000499009620398283,0.0004989504814147949,-5.9138983488082886e-08,5.9138983488082886e-08,0.0001185127121214242,True,0.12631823122501373,0.992178201675415,0.21755290031433105,0.012607097625732422
1,theta1,T2,batch2,"(1, 3)",1,3,4,7.793398857116699,4.119466781616211,-0.5796968936920166,-0.5791338682174683,0.0005631408421322703,0.0005630254745483398,-1.153675839304924e-07,1.153675839304924e-07,0.00020486452997027502,True,0.13497434556484222,0.992270827293396,0.21813178062438965,0.01227712631225586
1,theta1,T2,batch2,"(1, 4)",1,4,0,8.813457489013672,3.693711996078491,-0.9789121747016907,-0.9782963395118713,0.0006158047472126782,0.0006158351898193359,3.0442606657743454e-08,3.0442606657743454e-08,4.943548550987315e-05,True,0.14772458374500275,0.9918982982635498,0.22123289108276367,0.012558698654174805
1,theta1,T2,batch2,"(1, 4)",1,4,1,8.621871948242188,3.7640419006347656,-0.9919379353523254,-0.9913082718849182,0.0006295984494499862,0.0006296634674072266,6.50179572403431e-08,6.50179572403431e-08,0.00010326892846883983,True,0.15517224371433258,0.991985023021698,0.22206711769104004,0.012501001358032227
1,theta1,T2,batch2,"(1, 4)",1,4,2,8.429986000061035,3.8324332237243652,-0.9929028153419495,-0.9922545552253723,0.000648336426820606,0.0006482601165771484,-7.631024345755577e-08,7.631024345755577e-08,0.00011770161339194773,True,0.16266264021396637,0.9920738339424133,0.22166800498962402,0.01226353645324707
1,theta1,T2,batch2,"(1, 4)",1,4,3,8.230316162109375,3.8981411457061768,-0.9816991090774536,-0.9810290932655334,0.0006700724479742348,0.000670015811920166,-5.663605406880379e-08,5.663605406880379e-08,8.452228447838154e-05,True,0.17042787373065948,0.9921639561653137,0.21825933456420898,0.012210369110107422
1,theta1,T2,batch2,"(1, 4)",1,4,4,8.031766891479492,3.965656280517578,-0.9629179835319519,-0.96221524477005,0.0007028818945400417,0.0007027387619018555,-1.4313263818621635e-07,1.4313263818621635e-07,0.00020363682618383677,True,0.17773793637752533,0.9922542572021484,0.21814537048339844,0.012428045272827148
1,theta1,T2,batch2,"(1, 5)",1,5,0,8.411051750183105,3.693711996078491,-0.23134885728359222,-0.23109759390354156,0.0002512893988750875,0.0002512633800506592,-2.601882442831993e-08,2.601882442831993e-08,0.0001035412737059136,True,0.067947156727314,0.9918982982635498,0.2198026180267334,0.012077093124389648
1,theta1,T2,batch2,"(1, 5)",1,5,1,8.217998504638672,3.8366315364837646,-0.2494024634361267,-0.24912159144878387,0.0002808831923175603,0.00028087198734283447,-1.1204974725842476e-08,1.1204974725842476e-08,3.9891937404265825e-05,True,0.07443073391914368,0.9920026063919067,0.2151472568511963,0.012586593627929688
1,theta1,T2,batch2,"(1, 5)",1,5,2,8.025429725646973,3.9908459186553955,-0.26791688799858093,-0.26760146021842957,0.00031545350793749094,0.0003154277801513672,-2.5727786123752594e-08,2.5727786123752594e-08,8.155809168827096e-05,True,0.08156833797693253,0.9921047687530518,0.22092294692993164,0.01240396499633789
1,theta1,T2,batch2,"(1, 5)",1,5,3,7.829529285430908,4.143698215484619,-0.2822641134262085,-0.28191280364990234,0.00035130491596646607,0.00035130977630615234,4.8603396862745285e-09,4.8603396862745285e-09,1.383510297003209e-05,True,0.0884859636425972,0.9922081232070923,0.219069242477417,0.012403011322021484
1,theta1,T2,batch2,"(1, 5)",1,5,4,7.637669563293457,4.296386241912842,-0.29704728722572327,-0.29665419459342957,0.0003930943785235286,0.00039309263229370117,-1.7462298274040222e-09,1.7462298274040222e-09,4.442266088777207e-06,True,0.09603121131658554,0.9923078417778015,0.21950244903564453,0.01255035400390625
1,theta1,T2,batch2,"(1, 6)",1,6,0,8.564687728881836,3.693711996078491,-1.548981785774231,-1.5477237701416016,0.001258414820767939,0.0012580156326293945,-3.991881385445595e-07,3.991881385445595e-07,0.0003172150645054845,True,0.5186346769332886,0.9918982982635498,0.2153780460357666,0.012547492980957031
1,theta1,T2,batch2,"(1, 6)",1,6,1,8.361892700195312,3.8520710468292236,-1.5564788579940796,-1.5552934408187866,0.0011857947101816535,0.0011854171752929688,-3.775348886847496e-07,3.775348886847496e-07,0.00031838132304276725,True,0.5079020857810974,0.9919995069503784,0.22017168998718262,0.012110710144042969
1,theta1,T2,batch2,"(1, 6)",1,6,2,8.159310340881348,4.020887851715088,-1.5582661628723145,-1.5571355819702148,0.0011307464446872473,0.0011305809020996094,-1.655425876379013e-07,1.655425876379013e-07,0.00014640115687800253,True,0.4959526062011719,0.9920997619628906,0.21822786331176758,0.011843204498291016
1,theta1,T2,batch2,"(1, 6)",1,6,3,7.951302528381348,4.190858364105225,-1.54887855052948,-1.5477838516235352,0.0010950760915875435,0.0010946989059448242,-3.771856427192688e-07,3.771856427192688e-07,0.0003444378391755944,True,0.4825477600097656,0.9922019839286804,0.2222907543182373,0.012406587600708008
1,theta1,T2,batch2,"(1, 6)",1,6,4,7.7416276931762695,4.358095645904541,-1.518895149230957,-1.5178217887878418,0.0010735655669122934,0.0010733604431152344,-2.0512379705905914e-07,2.0512379705905914e-07,0.00019106778699043078,True,0.4668971002101898,0.9923022389411926,0.22287273406982422,0.01229095458984375
1,theta1,T2,batch2,"(1, 7)",1,7,0,8.378303527832031,3.693711996078491,-0.8418092131614685,-0.8411263823509216,0.0006828923942521214,0.000682830810546875,-6.158370524644852e-08,6.158370524644852e-08,9.018068697908508e-05,True,0.35905489325523376,0.9918982982635498,0.221238374710083,0.012353658676147461
1,theta1,T2,batch2,"(1, 7)",1,7,1,8.19583511352539,3.8311264514923096,-0.8739860653877258,-0.8732804656028748,0.0007056237081997097,0.0007055997848510742,-2.3923348635435104e-08,2.3923348635435104e-08,3.390383338517898e-05,True,0.35463953018188477,0.9920024275779724,0.22094249725341797,0.01285696029663086
1,theta1,T2,batch2,"(1, 7)",1,7,2,8.018279075622559,3.9791111946105957,-0.8963479399681091,-0.8956135511398315,0.0007342215394601226,0.0007343888282775879,1.6728881746530533e-07,1.6728881746530533e-07,0.0002278451509176832,True,0.3487921357154846,0.992104709148407,0.21701264381408691,0.011974811553955078
1,theta1,T2,batch2,"(1, 7)",1,7,3,7.8331828117370605,4.126016139984131,-0.9140507578849792,-0.9132788181304932,0.0007719224668107927,0.000771939754486084,1.728767529129982e-08,1.728767529129982e-08,2.2395611003167283e-05,True,0.34336215257644653,0.9922075867652893,0.22258734703063965,0.012157440185546875
1,theta1,T2,batch2,"(1, 7)",1,7,4,7.652296543121338,4.2714524269104,-0.9256591200828552,-0.9248399138450623,0.0008192392415367067,0.0008192062377929688,-3.300374373793602e-08,3.300374373793602e-08,4.02858433343946e-05,True,0.339071124792099,0.9923080205917358,0.217606782913208,0.01321268081665039
1,theta1,T2,batch2,"(2, 3)",2,3,0,8.758869171142578,3.693711996078491,-0.3952502906322479,-0.3950599730014801,0.00019025754590984434,0.00019031763076782227,6.008485797792673e-08,6.008485797792673e-08,0.00031580801534357336,True,0.0563436783850193,0.9918982982635498,0.21626782417297363,0.012448787689208984
1,theta1,T2,batch2,"(2, 3)",2,3,1,8.574241638183594,3.8083982467651367,-0.404529333114624,-0.40433424711227417,0.0001951853046193719,0.00019508600234985352,-9.93022695183754e-08,9.93022695183754e-08,0.0005087589442864224,True,0.058572977781295776,0.9919801950454712,0.21964621543884277,0.012122869491577148
1,theta1,T2,batch2,"(2, 3)",2,3,2,8.388924598693848,3.9271175861358643,-0.407956600189209,-0.40775611996650696,0.00020047216094098985,0.00020048022270202637,8.061761036515236e-09,8.061761036515236e-09,4.021386809357665e-05,True,0.060608018189668655,0.9920623302459717,0.2140498161315918,0.012521505355834961
1,theta1,T2,batch2,"(2, 3)",2,3,3,8.199484825134277,4.053158283233643,-0.4063616394996643,-0.4061565101146698,0.00020515885262284428,0.00020512938499450684,-2.9467628337442875e-08,2.9467628337442875e-08,0.00014363322840187144,True,0.062422994524240494,0.9921436905860901,0.22247314453125,0.012301921844482422
1,theta1,T2,batch2,"(2, 3)",2,3,4,8.004420280456543,4.169675827026367,-0.4044734537601471,-0.4042617082595825,0.00021178073075134307,0.0002117455005645752,-3.523018676787615e-08,3.523018676787615e-08,0.00016635218248085455,True,0.0643438845872879,0.992223858833313,0.22256016731262207,0.013166427612304688
1,theta1,T2,batch2,"(2, 4)",2,4,0,9.142915725708008,3.693711996078491,-0.9009894728660583,-0.9004659652709961,0.0005235563730821013,0.0005235075950622559,-4.877801984548569e-08,4.877801984548569e-08,9.3166700575788e-05,True,0.10184571146965027,0.9918982982635498,0.2185056209564209,0.012485027313232422
1,theta1,T2,batch2,"(2, 4)",2,4,1,8.994686126708984,3.773935317993164,-0.9327840209007263,-0.9322423338890076,0.0005418849759735167,0.00054168701171875,-1.9796425476670265e-07,1.9796425476670265e-07,0.0003653252323725205,True,0.10478708148002625,0.9919716119766235,0.2124621868133545,0.012161970138549805
1,theta1,T2,batch2,"(2, 4)",2,4,2,8.841894149780273,3.8492467403411865,-0.9552396535873413,-0.9546816349029541,0.0005580238648690283,0.000558018684387207,-5.180481821298599e-09,5.180481821298599e-09,9.283620553602113e-06,True,0.10736517608165741,0.9920457005500793,0.22138738632202148,0.012793302536010742
1,theta1,T2,batch2,"(2, 4)",2,4,3,8.685556411743164,3.9232871532440186,-0.9656360745429993,-0.965067446231842,0.0005686465301550925,0.0005686283111572266,-1.82189978659153e-08,1.82189978659153e-08,3.203923157843987e-05,True,0.10919316858053207,0.9921199679374695,0.22266912460327148,0.012525081634521484
1,theta1,T2,batch2,"(2, 4)",2,4,4,8.514692306518555,3.990050792694092,-0.9611791968345642,-0.9606012105941772,0.0005779741914011538,0.0005779862403869629,1.2048985809087753e-08,1.2048985809087753e-08,2.0846927057206487e-05,True,0.11065911501646042,0.9921961426734924,0.21558666229248047,0.013069391250610352
1,theta1,T2,batch2,"(2, 5)",2,5,0,8.690347671508789,3.693711996078491,-0.1534261852502823,-0.1533384770154953,8.771817374508828e-05,8.77082347869873e-05,-9.93895810097456e-09,9.93895810097456e-09,0.00011330557484994476,True,0.022068273276090622,0.9918982982635498,0.21562433242797852,0.012720108032226562
1,theta1,T2,batch2,"(2, 5)",2,5,1,8.494462966918945,3.8416874408721924,-0.1581616997718811,-0.15807248651981354,8.920504478737712e-05,8.921325206756592e-05,8.207280188798904e-09,8.207280188798904e-09,9.200466417971316e-05,True,0.023194627836346626,0.9919899106025696,0.21507978439331055,0.01217508316040039
1,theta1,T2,batch2,"(2, 5)",2,5,2,8.298408508300781,3.9993185997009277,-0.16095557808876038,-0.1608646810054779,9.090678213397041e-05,9.08970832824707e-05,-9.698851499706507e-09,9.698851499706507e-09,0.00010669007605409675,True,0.02443842403590679,0.9920798540115356,0.21736741065979004,0.013866901397705078
1,theta1,T2,batch2,"(2, 5)",2,5,3,8.095870018005371,4.160561561584473,-0.16271086037158966,-0.16261793673038483,9.291004244005308e-05,9.292364120483398e-05,1.3598764780908823e-08,1.3598764780908823e-08,0.0001463648538281849,True,0.02579144388437271,0.9921708106994629,0.21405339241027832,0.011899709701538086
1,theta1,T2,batch2,"(2, 5)",2,5,4,7.891934394836426,4.322644233703613,-0.1627102494239807,-0.16261526942253113,9.49940294958651e-05,9.498000144958496e-05,-1.4028046280145645e-08,1.4028046280145645e-08,0.000147672925915373,True,0.02731957659125328,0.992262601852417,0.22246241569519043,0.012490987777709961
1,theta1,T2,batch2,"(2, 6)",2,6,0,8.625905990600586,3.693711996078491,-1.4710592031478882,-1.469809651374817,0.0012502054451033473,0.001249551773071289,-6.53672032058239e-07,6.53672032058239e-07,0.000522851691790707,True,0.4727557599544525,0.9918982982635498,0.21465706825256348,0.012029170989990234
1,theta1,T2,batch2,"(2, 6)",2,6,1,8.429914474487305,3.852139949798584,-1.4772095680236816,-1.4760388135910034,0.0011711596744135022,0.0011707544326782227,-4.052417352795601e-07,4.052417352795601e-07,0.0003460174937140818,True,0.4576977789402008,0.9919964671134949,0.22089147567749023,0.01207590103149414
1,theta1,T2,batch2,"(2, 6)",2,6,2,8.234825134277344,4.0215277671813965,-1.477747917175293,-1.476641058921814,0.0011071237968280911,0.001106858253479004,-2.655433490872383e-07,2.655433490872383e-07,0.00023984973482461474,True,0.4410930573940277,0.9920936226844788,0.22084283828735352,0.011985540390014648
1,theta1,T2,batch2,"(2, 6)",2,6,3,8.03132438659668,4.194547653198242,-1.4685688018798828,-1.4675098657608032,0.001059137168340385,0.0010589361190795898,-2.0104926079511642e-07,2.0104926079511642e-07,0.00018982362889799305,True,0.4232390522956848,0.992189884185791,0.22072863578796387,0.01168966293334961
1,theta1,T2,batch2,"(2, 6)",2,6,4,7.8292646408081055,4.365018367767334,-1.4407681226730347,-1.4397565126419067,0.0010119401849806309,0.0010116100311279297,-3.3015385270118713e-07,3.3015385270118713e-07,0.0003262582686223756,True,0.40234068036079407,0.9922871589660645,0.2220461368560791,0.012370824813842773
1,theta1,T2,batch2,"(2, 7)",2,7,0,8.58232593536377,3.693711996078491,-0.7638865113258362,-0.7632540464401245,0.000632498471532017,0.0006324648857116699,-3.3585820347070694e-08,3.3585820347070694e-08,5.310023954005806e-05,True,0.3131760358810425,0.9918982982635498,0.21584606170654297,0.012203216552734375
1,theta1,T2,batch2,"(2, 7)",2,7,1,8.408079147338867,3.8165571689605713,-0.8058672547340393,-0.8052116632461548,0.0006554670399054885,0.0006555914878845215,1.2444797903299332e-07,1.2444797903299332e-07,0.00018986153605974972,True,0.31138575077056885,0.9919895529747009,0.22220730781555176,0.012243270874023438
1,theta1,T2,batch2,"(2, 7)",2,7,2,8.232200622558594,3.950045347213745,-0.8408887386322021,-0.8402018547058105,0.0006867664633318782,0.0006868839263916016,1.1746305972337723e-07,1.1746305972337723e-07,0.00017103785055766984,True,0.3086751103401184,0.9920806288719177,0.2175440788269043,0.012050151824951172
1,theta1,T2,batch2,"(2, 7)",2,7,3,8.056150436401367,4.079451084136963,-0.8691697120666504,-0.8684501647949219,0.0007196323131211102,0.0007195472717285156,-8.504139259457588e-08,8.504139259457588e-08,0.00011817339361227916,True,0.30504778027534485,0.9921713471412659,0.2208092212677002,0.012314796447753906
1,theta1,T2,batch2,"(2, 7)",2,7,4,7.873660087585449,4.214206695556641,-0.8999353051185608,-0.8991690874099731,0.0007663245778530836,0.0007662177085876465,-1.0686926543712616e-07,1.0686926543712616e-07,0.0001394569201167063,True,0.30231255292892456,0.9922622442245483,0.2144768238067627,0.012037038803100586
1,theta1,T2,batch2,"(3, 4)",3,4,0,9.293383598327637,3.693711996078491,-1.004854679107666,-1.0043257474899292,0.0005290935514494777,0.0005289316177368164,-1.6193371266126633e-07,1.6193371266126633e-07,0.00030605875315932506,True,0.1189948096871376,0.9918982982635498,0.21822738647460938,0.012106180191040039
1,theta1,T2,batch2,"(3, 4)",3,4,1,9.159358024597168,3.776428461074829,-1.0706429481506348,-1.070072889328003,0.0005701108020730317,0.0005700588226318359,-5.1979441195726395e-08,5.1979441195726395e-08,9.117427876602097e-05,True,0.12467651814222336,0.9919718503952026,0.2223813533782959,0.012139081954956055
1,theta1,T2,batch2,"(3, 4)",3,4,2,9.025142669677734,3.8597800731658936,-1.1326791048049927,-1.1320674419403076,0.000611856288742274,0.0006116628646850586,-1.934240572154522e-07,1.934240572154522e-07,0.0003161266146549753,True,0.12974868714809418,0.9920464158058167,0.22083091735839844,0.012158393859863281
1,theta1,T2,batch2,"(3, 4)",3,4,3,8.888893127441406,3.9445438385009766,-1.189324975013733,-1.1886682510375977,0.0006568075623363256,0.0006567239761352539,-8.35862010717392e-08,8.35862010717392e-08,0.0001272613256376271,True,0.1347263902425766,0.9921197891235352,0.2203667163848877,0.012600898742675781
1,theta1,T2,batch2,"(3, 4)",3,4,4,8.746331214904785,4.0274434089660645,-1.2433847188949585,-1.2426830530166626,0.0007021158817224205,0.0007016658782958984,-4.500034265220165e-07,4.500034265220165e-07,0.0006409247223094778,True,0.1391577273607254,0.992194414138794,0.22115588188171387,0.012549638748168945
1,theta1,T2,batch2,"(3, 5)",3,5,0,8.906519889831543,3.693711996078491,-0.25729143619537354,-0.2571735978126526,0.0001178546081064269,0.00011783838272094727,-1.622538547962904e-08,1.622538547962904e-08,0.0001376728983306019,True,0.03921736404299736,0.9918982982635498,0.22287797927856445,0.012383699417114258
1,theta1,T2,batch2,"(3, 5)",3,5,1,8.734701156616211,3.820034980773926,-0.26575741171836853,-0.2656345069408417,0.00012292020255699754,0.00012290477752685547,-1.5425030142068863e-08,1.5425030142068863e-08,0.0001254881607839553,True,0.040966879576444626,0.9919865131378174,0.21922540664672852,0.01354670524597168
1,theta1,T2,batch2,"(3, 5)",3,5,2,8.561976432800293,3.959594488143921,-0.27029821276664734,-0.27017104625701904,0.00012719930964522064,0.0001271665096282959,-3.2800016924738884e-08,3.2800016924738884e-08,0.00025786316778151876,True,0.042503681033849716,0.9920732378959656,0.21627378463745117,0.011949777603149414
1,theta1,T2,batch2,"(3, 5)",3,5,3,8.382187843322754,4.107639789581299,-0.27286285161972046,-0.27273058891296387,0.00013228485477156937,0.0001322627067565918,-2.214801497757435e-08,2.214801497757435e-08,0.00016742668702187966,True,0.044074028730392456,0.9921605587005615,0.2160968780517578,0.012521028518676758
1,theta1,T2,batch2,"(3, 5)",3,5,4,8.199533462524414,4.262104511260986,-0.2744273543357849,-0.2742892801761627,0.0001380894536850974,0.00013807415962219238,-1.529406290501356e-08,1.529406290501356e-08,0.0001107547498876382,True,0.04550551995635033,0.9922472834587097,0.22228479385375977,0.012379169464111328
1,theta1,T2,batch2,"(3, 6)",3,6,0,8.756621360778809,3.693711996078491,-1.5749242305755615,-1.573742151260376,0.0011826963163912296,0.0011820793151855469,-6.170012056827545e-07,6.170012056827545e-07,0.0005216903080965154,True,0.48990488052368164,0.9918982982635498,0.22110676765441895,0.013399124145507812
1,theta1,T2,batch2,"(3, 6)",3,6,1,8.584912300109863,3.8295183181762695,-1.5857402086257935,-1.5846118927001953,0.0011286395601928234,0.0011283159255981445,-3.236345946788788e-07,3.236345946788788e-07,0.00028674751984024654,True,0.48007437586784363,0.9919931292533875,0.21438288688659668,0.012495756149291992
1,theta1,T2,batch2,"(3, 6)",3,6,2,8.416338920593262,3.9783577919006348,-1.5890036821365356,-1.5879169702529907,0.0010869881371036172,0.0010867118835449219,-2.762535586953163e-07,2.762535586953163e-07,0.0002541458818781777,True,0.4685315787792206,0.9920880794525146,0.21747374534606934,0.012466192245483398
1,theta1,T2,batch2,"(3, 6)",3,6,3,8.239828109741211,4.136409759521484,-1.58669912815094,-1.5856434106826782,0.0010560739319771528,0.0010557174682617188,-3.564637154340744e-07,3.564637154340744e-07,0.00033753670518759304,True,0.45588234066963196,0.9921824932098389,0.21965789794921875,0.012112855911254883
1,theta1,T2,batch2,"(3, 6)",3,6,4,8.06136703491211,4.292459964752197,-1.5738911628723145,-1.5728555917739868,0.0010362040484324098,0.0010355710983276367,-6.329501047730446e-07,6.329501047730446e-07,0.0006108353907037752,True,0.44155216217041016,0.9922754168510437,0.2204594612121582,0.013037443161010742
1,theta1,T2,batch2,"(3, 7)",3,7,0,8.662453651428223,3.693711996078491,-0.8677518963813782,-0.8671036958694458,0.0006480760057456791,0.000648200511932373,1.2450618669390678e-07,1.2450618669390678e-07,0.0001921166430944306,True,0.3303251266479492,0.9918982982635498,0.21799826622009277,0.012143135070800781
1,theta1,T2,batch2,"(3, 7)",3,7,1,8.505453109741211,3.797008514404297,-0.915061354637146,-0.9143766760826111,0.0006844956078566611,0.0006846785545349121,1.8294667825102806e-07,1.8294667825102806e-07,0.00026727224565236156,True,0.3292064070701599,0.9919853806495667,0.22259068489074707,0.01212000846862793
1,theta1,T2,batch2,"(3, 7)",3,7,2,8.347615242004395,3.9111080169677734,-0.9582894444465637,-0.9575604796409607,0.0007290579378604889,0.0007289648056030273,-9.313225746154785e-08,9.313225746154785e-08,0.00012774328709026341,True,0.3277474343776703,0.9920721054077148,0.2193303108215332,0.012947559356689453
1,theta1,T2,batch2,"(3, 7)",3,7,3,8.190105438232422,4.021570682525635,-0.9964699149131775,-0.9956914782524109,0.0007784427143633366,0.0007784366607666016,-6.05359673500061e-09,6.05359673500061e-09,7.776547488085432e-06,True,0.32541659474372864,0.9921584725379944,0.21967339515686035,0.012131452560424805
1,theta1,T2,batch2,"(3, 7)",3,7,4,8.02442455291748,4.1392598152160645,-1.0372329950332642,-1.036391019821167,0.0008421909878961742,0.000841975212097168,-2.1577579900622368e-07,2.1577579900622368e-07,0.00025620767985803315,True,0.32360419631004333,0.9922452569007874,0.2136988639831543,0.011937379837036133
1,theta1,T2,batch2,"(4, 5)",4,5,0,9.131498336791992,3.693711996078491,-0.7630306482315063,-0.7625540494918823,0.0004766350903082639,0.00047659873962402344,-3.6350684240460396e-08,3.6350684240460396e-08,7.626522885033617e-05,True,0.08471938967704773,0.9918982982635498,0.21853089332580566,0.01219487190246582
1,theta1,T2,batch2,"(4, 5)",4,5,1,8.981319427490234,3.7756969928741455,-0.7824777960777283,-0.7819904088973999,0.00048753240844234824,0.00048738718032836914,-1.4522811397910118e-07,1.4522811397910118e-07,0.00029788402055793735,True,0.0860302746295929,0.9919769167900085,0.22006845474243164,0.012166500091552734
1,theta1,T2,batch2,"(4, 5)",4,5,2,8.830385208129883,3.8553569316864014,-0.7929367423057556,-0.7924419045448303,0.0004949805443175137,0.000494837760925293,-1.4278339222073555e-07,1.4278339222073555e-07,0.00028846263526904344,True,0.08680813759565353,0.9920566082000732,0.22155189514160156,0.013766765594482422
1,theta1,T2,batch2,"(4, 5)",4,5,3,8.674280166625977,3.9360344409942627,-0.792706310749054,-0.7922096252441406,0.0004967078566551208,0.0004966855049133301,-2.2351741790771484e-08,2.2351741790771484e-08,4.4999775001124996e-05,True,0.0867682620882988,0.992136538028717,0.21799802780151367,0.01266336441040039
1,theta1,T2,batch2,"(4, 5)",4,5,4,8.51161003112793,4.010969638824463,-0.7834709286689758,-0.7829757332801819,0.0004952962044626474,0.0004951953887939453,-1.0081566870212555e-07,1.0081566870212555e-07,0.00020354621697838698,True,0.08636315166950226,0.9922184348106384,0.21502041816711426,0.012242794036865234
1,theta1,T2,batch2,"(4, 6)",4,6,0,8.983562469482422,3.693711996078491,-2.0806636810302734,-2.0794010162353516,0.0012630193959921598,0.001262664794921875,-3.5460107028484344e-07,3.5460107028484344e-07,0.00028075663082457097,True,0.5354068875312805,0.9918982982635498,0.2200913429260254,0.012436389923095703
1,theta1,T2,batch2,"(4, 6)",4,6,1,8.851234436035156,3.7791600227355957,-2.1394102573394775,-2.138157844543457,0.0012532015098258853,0.0012524127960205078,-7.887138053774834e-07,7.887138053774834e-07,0.0006293591247644315,True,0.5338305830955505,0.9919863343238831,0.21893739700317383,0.012381792068481445
1,theta1,T2,batch2,"(4, 6)",4,6,2,8.708932876586914,3.8679378032684326,-2.197631359100342,-2.196364641189575,0.0012672673910856247,0.0012667179107666016,-5.494803190231323e-07,5.494803190231323e-07,0.00043359461695957575,True,0.5321427583694458,0.9920762181282043,0.22331762313842773,0.011948585510253906
1,theta1,T2,batch2,"(4, 6)",4,6,3,8.569625854492188,3.9561331272125244,-2.248138904571533,-2.2468557357788086,0.0012835365487262607,0.0012831687927246094,-3.677560016512871e-07,3.677560016512871e-07,0.00028651774818273465,True,0.5288445353507996,0.9921643137931824,0.22223210334777832,0.012291431427001953
1,theta1,T2,batch2,"(4, 6)",4,6,4,8.426305770874023,4.045875549316406,-2.2906723022460938,-2.289367914199829,0.0013049481203779578,0.0013043880462646484,-5.600741133093834e-07,5.600741133093834e-07,0.00042919262809249973,True,0.5242558121681213,0.9922515749931335,0.22134160995483398,0.01212453842163086
1,theta1,T2,batch2,"(4, 7)",4,7,0,8.820390701293945,3.693711996078491,-1.3734909296035767,-1.3726943731307983,0.0007967631099745631,0.0007965564727783203,-2.066371962428093e-07,2.066371962428093e-07,0.0002593458377476917,True,0.3758271336555481,0.9918982982635498,0.2202014923095703,0.012628793716430664
1,theta1,T2,batch2,"(4, 7)",4,7,1,8.683614730834961,3.744436502456665,-1.4063798189163208,-1.405558705329895,0.0008211337844841182,0.0008211135864257812,-2.019805833697319e-08,2.019805833697319e-08,2.4597768011290305e-05,True,0.37937456369400024,0.9919762015342712,0.21810150146484375,0.012302875518798828
1,theta1,T2,batch2,"(4, 7)",4,7,2,8.546011924743652,3.7936270236968994,-1.4345868825912476,-1.4337363243103027,0.000850621669087559,0.0008505582809448242,-6.3388142734766e-08,6.3388142734766e-08,7.451978363396375e-05,True,0.38188105821609497,0.9920548796653748,0.22018098831176758,0.012340784072875977
1,theta1,T2,batch2,"(4, 7)",4,7,3,8.4061279296875,3.8445699214935303,-1.4602686166763306,-1.4593840837478638,0.0008846614509820938,0.0008845329284667969,-1.2852251529693604e-07,1.2852251529693604e-07,0.0001452787562454074,True,0.3844297230243683,0.9921336770057678,0.21623587608337402,0.012227058410644531
1,theta1,T2,batch2,"(4, 7)",4,7,4,8.263885498046875,3.8973631858825684,-1.483284831047058,-1.482362151145935,0.0009228955022990704,0.0009226799011230469,-2.1560117602348328e-07,2.1560117602348328e-07,0.00023361385496666588,True,0.38657355308532715,0.9922128915786743,0.21837329864501953,0.012123823165893555
1,theta1,T2,batch2,"(5, 6)",5,6,0,8.683605194091797,3.693711996078491,-1.3331003189086914,-1.3318872451782227,0.0012136691948398948,0.00121307373046875,-5.954643711447716e-07,5.954643711447716e-07,0.0004906315276654313,True,0.45562949776649475,0.9918982982635498,0.21767616271972656,0.012140035629272461
1,theta1,T2,batch2,"(5, 6)",5,6,1,8.492987632751465,3.8561787605285645,-1.3390413522720337,-1.3378993272781372,0.0011424139374867082,0.0011420249938964844,-3.889435902237892e-07,3.889435902237892e-07,0.0003404576725310781,True,0.44239118695259094,0.991996705532074,0.22328805923461914,0.012778759002685547
1,theta1,T2,batch2,"(5, 6)",5,6,2,8.297138214111328,4.0351715087890625,-1.3392431735992432,-1.3381531238555908,0.0010904039954766631,0.0010900497436523438,-3.5425182431936264e-07,3.5425182431936264e-07,0.0003248812603300337,True,0.4271652400493622,0.9920947551727295,0.22109556198120117,0.012330770492553711
1,theta1,T2,batch2,"(5, 6)",5,6,3,8.096908569335938,4.222624778747559,-1.3414710760116577,-1.340418815612793,0.0010524928802624345,0.001052260398864746,-2.3248139768838882e-07,2.3248139768838882e-07,0.00022088643262880848,True,0.4114929735660553,0.9921929836273193,0.21967768669128418,0.012314558029174805
1,theta1,T2,batch2,"(5, 6)",5,6,4,7.895723819732666,4.4119720458984375,-1.3236474990844727,-1.3226295709609985,0.0010182681726291776,0.001017928123474121,-3.400491550564766e-07,3.400491550564766e-07,0.00033394852573901686,True,0.392884761095047,0.9922900795936584,0.22119808197021484,0.012032032012939453
1,theta1,T2,batch2,"(5, 7)",5,7,0,8.43086051940918,3.693711996078491,-0.625927746295929,-0.6253645420074463,0.0005632680258713663,0.000563204288482666,-6.373738870024681e-08,6.373738870024681e-08,0.00011315641181948173,True,0.29604971408843994,0.9918982982635498,0.2192699909210205,0.012627601623535156
1,theta1,T2,batch2,"(5, 7)",5,7,1,8.252488136291504,3.837811231613159,-0.6435217261314392,-0.6429535150527954,0.0005682696355506778,0.0005682110786437988,-5.855690687894821e-08,5.855690687894821e-08,0.00010304422973823692,True,0.28755903244018555,0.9919982552528381,0.2154390811920166,0.012347221374511719
1,theta1,T2,batch2,"(5, 7)",5,7,2,8.076807975769043,3.9933114051818848,-0.6519440412521362,-0.6513705253601074,0.0005736032035201788,0.0005735158920288086,-8.731149137020111e-08,8.731149137020111e-08,0.00015221583637325272,True,0.277248740196228,0.9920970797538757,0.22112751007080078,0.012159109115600586
1,theta1,T2,batch2,"(5, 7)",5,7,3,7.893277168273926,4.15303373336792,-0.6589815020561218,-0.6583980917930603,0.0005833815084770322,0.0005834102630615234,2.87545844912529e-08,2.87545844912529e-08,4.928950279263946e-05,True,0.2670784294605255,0.9921954274177551,0.2209160327911377,0.012153863906860352
1,theta1,T2,batch2,"(5, 7)",5,7,4,7.709596633911133,4.316539287567139,-0.661407470703125,-0.6608078479766846,0.0005996199906803668,0.0005996227264404297,2.735760062932968e-09,2.735760062932968e-09,4.562489752599478e-06,True,0.2570621073246002,0.9922941327095032,0.21625971794128418,0.012788057327270508
1,theta1,T2,batch2,"(6, 7)",6,7,0,8.557735443115234,3.693711996078491,-1.9435607194900513,-1.9421980381011963,0.0013628837186843157,0.0013626813888549805,-2.023298293352127e-07,2.023298293352127e-07,0.00014845714756247543,True,0.7467372417449951,0.9918982982635498,0.213179349899292,0.012209653854370117
1,theta1,T2,batch2,"(6, 7)",6,7,1,8.369131088256836,3.8470261096954346,-1.9513952732086182,-1.9500749111175537,0.001320829032920301,0.0013203620910644531,-4.6694185584783554e-07,4.6694185584783554e-07,0.0003535217989685202,True,0.7211639285087585,0.9919965863227844,0.21787166595458984,0.012558698654174805
1,theta1,T2,batch2,"(6, 7)",6,7,2,8.184121131896973,4.012094974517822,-1.947122573852539,-1.945823073387146,0.0012998442398384213,0.0012995004653930664,-3.437744453549385e-07,3.437744453549385e-07,0.0002644735690775318,True,0.6920009851455688,0.9920938014984131,0.22003173828125,0.012396097183227539
1,theta1,T2,batch2,"(6, 7)",6,7,3,7.991477012634277,4.1780524253845215,-1.938803791999817,-1.9375115633010864,0.0012925954069942236,0.0012922286987304688,-3.6670826375484467e-07,3.6670826375484467e-07,0.00028369918519792746,True,0.6626766324043274,0.9921913743019104,0.22304630279541016,0.015465497970581055
1,theta1,T2,batch2,"(6, 7)",6,7,4,7.796923637390137,4.344668865203857,-1.9077273607254028,-1.9064300060272217,0.0012974801938980818,0.0012973546981811523,-1.2549571692943573e-07,1.2549571692943573e-07,9.672264557072193e-05,True,0.630315899848938,0.9922880530357361,0.22140026092529297,0.011995553970336914
2,theta2,T3,batch1,"(0, 1)",0,1,0,9.035429954528809,6.752513885498047,-0.813374400138855,-0.8128198981285095,0.0005546555039472878,0.000554502010345459,-1.5349360182881355e-07,1.5349360182881355e-07,0.0002767368226519951,True,0.1235911175608635,0.9951802492141724,0.24421477317810059,0.011966466903686523
2,theta2,T3,batch1,"(0, 1)",0,1,1,8.886560440063477,6.752868175506592,-0.788998007774353,-0.7884658575057983,0.0005322580691426992,0.0005321502685546875,-1.0780058801174164e-07,1.0780058801174164e-07,0.0002025344363221671,True,0.12537680566310883,0.9951887726783752,0.21923589706420898,0.011945724487304688
2,theta2,T3,batch1,"(0, 1)",0,1,2,8.73869800567627,6.757869243621826,-0.7618873119354248,-0.761378288269043,0.0005090453778393567,0.0005090236663818359,-2.1711457520723343e-08,2.1711457520723343e-08,4.2651320424276585e-05,True,0.12709493935108185,0.9951967597007751,0.22316837310791016,0.011963844299316406
2,theta2,T3,batch1,"(0, 1)",0,1,3,8.590554237365723,6.765742778778076,-0.7350891828536987,-0.7345991730690002,0.0004899120540358126,0.0004900097846984863,9.773066267371178e-08,9.773066267371178e-08,0.00019948613606998055,True,0.12931203842163086,0.995202898979187,0.21695780754089355,0.012392997741699219
2,theta2,T3,batch1,"(0, 1)",0,1,4,8.446929931640625,6.780405521392822,-0.7051801085472107,-0.7047098875045776,0.00047029138659127057,0.00047022104263305664,-7.034395821392536e-08,7.034395821392536e-08,0.00014957526380354733,True,0.13107916712760925,0.9952085018157959,0.21807169914245605,0.01248931884765625
2,theta2,T3,batch1,"(0, 2)",0,2,0,9.449762344360352,6.752513885498047,-1.2756098508834839,-1.2747772932052612,0.0008326280512847006,0.0008325576782226562,-7.03730620443821e-08,7.03730620443821e-08,8.4519206308027e-05,True,0.1600377857685089,0.9951802492141724,0.21835947036743164,0.01190805435180664
2,theta2,T3,batch1,"(0, 2)",0,2,1,9.315027236938477,6.758387088775635,-1.2892919778823853,-1.288461446762085,0.0008306323434226215,0.000830531120300293,-1.0122312232851982e-07,1.0122312232851982e-07,0.00012186272678888211,True,0.16346213221549988,0.9951879978179932,0.22539901733398438,0.012548446655273438
2,theta2,T3,batch1,"(0, 2)",0,2,2,9.176071166992188,6.771213531494141,-1.306554913520813,-1.305724859237671,0.000830116041470319,0.0008300542831420898,-6.175832822918892e-08,6.175832822918892e-08,7.439722297114181e-05,True,0.16729015111923218,0.9951985478401184,0.22301268577575684,0.01217031478881836
2,theta2,T3,batch1,"(0, 2)",0,2,3,9.039170265197754,6.784181118011475,-1.320077657699585,-1.31924569606781,0.0008320268243551254,0.0008319616317749023,-6.51925802230835e-08,6.51925802230835e-08,7.83539404196637e-05,True,0.17095327377319336,0.9952069520950317,0.22071266174316406,0.012447118759155273
2,theta2,T3,batch1,"(0, 2)",0,2,4,8.903346061706543,6.799833297729492,-1.333045244216919,-1.3322125673294067,0.0008327430114150047,0.000832676887512207,-6.612390279769897e-08,6.612390279769897e-08,7.940493272389115e-05,True,0.17473158240318298,0.995215892791748,0.22046923637390137,0.011898040771484375
2,theta2,T3,batch1,"(0, 3)",0,3,0,9.562553405761719,6.752513885498047,-1.192548394203186,-1.1917741298675537,0.000774222775362432,0.0007742643356323242,4.156026989221573e-08,4.156026989221573e-08,5.3679988776822517e-05,True,0.1469726413488388,0.9951802492141724,0.2215118408203125,0.012104272842407227
2,theta2,T3,batch1,"(0, 3)",0,3,1,9.449396133422852,6.7630934715271,-1.217022180557251,-1.2162421941757202,0.0007801661849953234,0.0007799863815307617,-1.7980346456170082e-07,1.7980346456170082e-07,0.0002304681592458133,True,0.15133696794509888,0.9951803684234619,0.22361230850219727,0.01205301284790039
2,theta2,T3,batch1,"(0, 3)",0,3,2,9.336441993713379,6.779016971588135,-1.2403467893600464,-1.2395626306533813,0.0007841235492378473,0.0007841587066650391,3.5157427191734314e-08,3.5157427191734314e-08,4.483659140948724e-05,True,0.15544642508029938,0.9951806664466858,0.21889781951904297,0.012045621871948242
2,theta2,T3,batch1,"(0, 3)",0,3,3,9.222841262817383,6.797031402587891,-1.264399766921997,-1.2636082172393799,0.0007916869362816215,0.0007915496826171875,-1.3725366443395615e-07,1.3725366443395615e-07,0.00017336861092922192,True,0.1599390208721161,0.9951803684234619,0.21814179420471191,0.012526750564575195
2,theta2,T3,batch1,"(0, 3)",0,3,4,9.11322021484375,6.821077346801758,-1.282987117767334,-1.2821918725967407,0.000795231550000608,0.0007952451705932617,1.3620592653751373e-08,1.3620592653751373e-08,1.712783233228229e-05,True,0.1639420986175537,0.995181143283844,0.21934819221496582,0.01265406608581543
2,theta2,T3,batch1,"(0, 4)",0,4,0,9.26671028137207,6.752513885498047,-1.9825631380081177,-1.9810378551483154,0.0015255723847076297,0.001525282859802246,-2.895249053835869e-07,2.895249053835869e-07,0.0001897811656043271,True,0.24024194478988647,0.9951802492141724,0.22225213050842285,0.012811422348022461
2,theta2,T3,batch1,"(0, 4)",0,4,1,9.126842498779297,6.727165222167969,-1.9479342699050903,-1.9464576244354248,0.0014770268462598324,0.0014766454696655273,-3.8137659430503845e-07,3.8137659430503845e-07,0.0002582055940762151,True,0.2413833886384964,0.9952070116996765,0.22163748741149902,0.012596845626831055
2,theta2,T3,batch1,"(0, 4)",0,4,2,8.986242294311523,6.707864284515381,-1.910302996635437,-1.9088716506958008,0.001431790180504322,0.0014313459396362305,-4.4424086809158325e-07,4.4424086809158325e-07,0.0003102695312068054,True,0.24209074676036835,0.9952347874641418,0.2172532081604004,0.012218952178955078
2,theta2,T3,batch1,"(0, 4)",0,4,3,8.848389625549316,6.6887969970703125,-1.8732205629348755,-1.871834635734558,0.0013861460611224174,0.0013859272003173828,-2.1886080503463745e-07,2.1886080503463745e-07,0.00015789158961893032,True,0.24279816448688507,0.9952637553215027,0.22104835510253906,0.023642778396606445
2,theta2,T3,batch1,"(0, 4)",0,4,4,8.713654518127441,6.678241729736328,-1.8356623649597168,-1.8343223333358765,0.001340590650215745,0.001340031623840332,-5.59026375412941e-07,5.59026375412941e-07,0.0004170000554031727,True,0.24309203028678894,0.9952906966209412,0.22017621994018555,0.01219630241394043
2,theta2,T3,batch1,"(0, 5)",0,5,0,9.033990859985352,6.752513885498047,-0.866107702255249,-0.8656108379364014,0.0004970123409293592,0.0004968643188476562,-1.4802208170294762e-07,1.4802208170294762e-07,0.00029782375509260467,True,0.11740953475236893,0.9951802492141724,0.21922016143798828,0.012185335159301758
2,theta2,T3,batch1,"(0, 5)",0,5,1,8.887085914611816,6.741633415222168,-0.842756986618042,-0.8422892093658447,0.00046797338291071355,0.0004677772521972656,-1.9613071344792843e-07,1.9613071344792843e-07,0.00041910655736022696,True,0.11728691309690475,0.9952004551887512,0.22388362884521484,0.011916399002075195
2,theta2,T3,batch1,"(0, 5)",0,5,2,8.736515045166016,6.731557846069336,-0.8190667033195496,-0.8186243772506714,0.00044239338603802025,0.00044232606887817383,-6.731715984642506e-08,6.731715984642506e-08,0.00015216583694729937,True,0.1175251379609108,0.9952214956283569,0.2211611270904541,0.012245655059814453
2,theta2,T3,batch1,"(0, 5)",0,5,3,8.585412979125977,6.721449851989746,-0.7957849502563477,-0.7953636646270752,0.00042141592712141573,0.00042128562927246094,-1.302978489547968e-07,1.302978489547968e-07,0.0003091906132851409,True,0.11814272403717041,0.9952415227890015,0.22823572158813477,0.01247262954711914
2,theta2,T3,batch1,"(0, 5)",0,5,4,8.436897277832031,6.714083671569824,-0.7732939720153809,-0.7728913426399231,0.00040263484697788954,0.00040262937545776367,-5.471520125865936e-09,5.471520125865936e-09,1.3589286091192205e-05,True,0.11845895648002625,0.9952600002288818,0.22203636169433594,0.013530492782592773
2,theta2,T3,batch1,"(0, 6)",0,6,0,9.18718147277832,6.752513885498047,-2.7497997283935547,-2.7472598552703857,0.0025404912885278463,0.0025398731231689453,-6.181653589010239e-07,6.181653589010239e-07,0.00024332512443261942,True,0.42949721217155457,0.9951802492141724,0.22405004501342773,0.011964559555053711
2,theta2,T3,batch1,"(0, 6)",0,6,1,9.043156623840332,6.7177629470825195,-2.664856433868408,-2.6624131202697754,0.0024438719265162945,0.0024433135986328125,-5.583278834819794e-07,5.583278834819794e-07,0.0002284603695570365,True,0.42178428173065186,0.9952134490013123,0.21838927268981934,0.012108087539672852
2,theta2,T3,batch1,"(0, 6)",0,6,2,8.895015716552734,6.687856674194336,-2.5892927646636963,-2.586927890777588,0.0023654892574995756,0.0023648738861083984,-6.153713911771774e-07,6.153713911771774e-07,0.00026014550234214616,True,0.414825975894928,0.9952482581138611,0.22330784797668457,0.012196779251098633
2,theta2,T3,batch1,"(0, 6)",0,6,3,8.747647285461426,6.665282249450684,-2.5178062915802,-2.5155129432678223,0.00229384726844728,0.0022933483123779297,-4.989560693502426e-07,4.989560693502426e-07,0.00021751930750297477,True,0.40804845094680786,0.9952837228775024,0.21835017204284668,0.012857913970947266
2,theta2,T3,batch1,"(0, 6)",0,6,4,8.602373123168945,6.643430709838867,-2.442941904067993,-2.4407217502593994,0.0022207838483154774,0.00222015380859375,-6.300397217273712e-07,6.300397217273712e-07,0.0002837015057567502,True,0.40057262778282166,0.9953190088272095,0.21725988388061523,0.012262582778930664
2,theta2,T3,batch1,"(0, 7)",0,7,0,9.147239685058594,6.752513885498047,-1.8592010736465454,-1.8577922582626343,0.0014087967574596405,0.0014088153839111328,1.862645149230957e-08,1.862645149230957e-08,1.3221532058248782e-05,True,0.2515484392642975,0.9951802492141724,0.21755647659301758,0.012555837631225586
2,theta2,T3,batch1,"(0, 7)",0,7,1,9.012758255004883,6.751000881195068,-1.8270039558410645,-1.8256534337997437,0.0013508691918104887,0.0013505220413208008,-3.471504896879196e-07,3.471504896879196e-07,0.00025698305342403637,True,0.24987012147903442,0.9952042102813721,0.21590471267700195,0.012054681777954102
2,theta2,T3,batch1,"(0, 7)",0,7,2,8.879283905029297,6.7556939125061035,-1.7962775230407715,-1.7949790954589844,0.0012985779903829098,0.0012984275817871094,-1.5040859580039978e-07,1.5040859580039978e-07,0.00011582561610800829,True,0.24818643927574158,0.995228111743927,0.22372794151306152,0.013025999069213867
2,theta2,T3,batch1,"(0, 7)",0,7,3,8.746541976928711,6.764618873596191,-1.7705566883087158,-1.7693049907684326,0.0012517744908109307,0.0012516975402832031,-7.695052772760391e-08,7.695052772760391e-08,6.147315534266355e-05,True,0.24727925658226013,0.9952530860900879,0.22334861755371094,0.012090921401977539
2,theta2,T3,batch1,"(0, 7)",0,7,4,8.615501403808594,6.777951240539551,-1.7488980293273926,-1.7476897239685059,0.0012085066409781575,0.0012083053588867188,-2.012820914387703e-07,2.012820914387703e-07,0.00016655439417019162,True,0.24671563506126404,0.9952786564826965,0.21745586395263672,0.012241363525390625
2,theta2,T3,batch1,"(1, 2)",1,2,0,9.174369812011719,6.752513885498047,-0.7620522975921631,-0.7613277435302734,0.0007246243767440319,0.0007245540618896484,-7.031485438346863e-08,7.031485438346863e-08,9.703628064434661e-05,True,0.1271960288286209,0.9951802492141724,0.21962642669677734,0.012259721755981445
2,theta2,T3,batch1,"(1, 2)",1,2,1,8.982810974121094,6.7313690185546875,-0.7675486207008362,-0.7668347954750061,0.0007137880311347544,0.0007138252258300781,3.719469532370567e-08,3.719469532370567e-08,5.2108880649868685e-05,True,0.13189806044101715,0.9951873421669006,0.2195146083831787,0.01287698745727539
2,theta2,T3,batch1,"(1, 2)",1,2,2,8.78609848022461,6.717527866363525,-0.7754958868026733,-0.7747920155525208,0.0007039744523353875,0.0007038712501525879,-1.0320218279957771e-07,1.0320218279957771e-07,0.00014659932964500554,True,0.13703234493732452,0.995193600654602,0.22057104110717773,0.012247085571289062
2,theta2,T3,batch1,"(1, 2)",1,2,3,8.592630386352539,6.699748516082764,-0.7807369232177734,-0.780042290687561,0.0006947320653125644,0.0006946325302124023,-9.953510016202927e-08,9.953510016202927e-08,0.00014327120501807813,True,0.14278298616409302,0.9951991438865662,0.22051453590393066,0.01197957992553711
2,theta2,T3,batch1,"(1, 2)",1,2,4,8.407310485839844,6.6826324462890625,-0.7810279726982117,-0.7803411483764648,0.0006868694326840341,0.0006868243217468262,-4.511093720793724e-08,4.511093720793724e-08,6.567614609323962e-05,True,0.14858181774616241,0.9952033162117004,0.22327423095703125,0.012449502944946289
2,theta2,T3,batch1,"(1, 3)",1,3,0,9.26668930053711,6.752513885498047,-0.6789906024932861,-0.6783068776130676,0.0006838269182480872,0.0006837248802185059,-1.0203802958130836e-07,1.0203802958130836e-07,0.00014921616400056622,True,0.1141308844089508,0.9951802492141724,0.21869492530822754,0.013549089431762695
2,theta2,T3,batch1,"(1, 3)",1,3,1,9.087702751159668,6.7338690757751465,-0.6775421500205994,-0.6768723726272583,0.0006699165096506476,0.0006697773933410645,-1.391163095831871e-07,1.391163095831871e-07,0.00020766216025297596,True,0.11890708655118942,0.9951812028884888,0.21837663650512695,0.011957883834838867
2,theta2,T3,batch1,"(1, 3)",1,3,2,8.905590057373047,6.723056793212891,-0.6742193698883057,-0.6735650897026062,0.0006542730843648314,0.0006542801856994629,7.101334631443024e-09,7.101334631443024e-09,1.0853777728510722e-05,True,0.12340736389160156,0.9951828718185425,0.2209925651550293,0.012352943420410156
2,theta2,T3,batch1,"(1, 3)",1,3,3,8.725113868713379,6.713621616363525,-0.670035719871521,-0.6693943738937378,0.0006415056413970888,0.0006413459777832031,-1.596636138856411e-07,1.596636138856411e-07,0.00024888886953187386,True,0.12813891470432281,0.9951828718185425,0.22206687927246094,0.011854410171508789
2,theta2,T3,batch1,"(1, 3)",1,3,4,8.547476768493652,6.708040237426758,-0.6631140112876892,-0.6624799370765686,0.0006340611726045609,0.0006340742111206055,1.30385160446167e-08,1.30385160446167e-08,2.0563498614901486e-05,True,0.13342110812664032,0.9951830506324768,0.2240583896636963,0.012470006942749023
2,theta2,T3,batch1,"(1, 4)",1,4,0,8.94304084777832,6.752513885498047,-1.4690054655075073,-1.4675114154815674,0.0014943238347768784,0.0014940500259399414,-2.738088369369507e-07,2.738088369369507e-07,0.00018323259695435015,True,0.20740020275115967,0.9951802492141724,0.22259783744812012,0.012112617492675781
2,theta2,T3,batch1,"(1, 4)",1,4,1,8.764304161071777,6.7248148918151855,-1.362575650215149,-1.3612388372421265,0.0013369838707149029,0.001336812973022461,-1.708976924419403e-07,1.708976924419403e-07,0.0001278233015261127,True,0.20325890183448792,0.9952109456062317,0.21668386459350586,0.012250185012817383
2,theta2,T3,batch1,"(1, 4)",1,4,2,8.589017868041992,6.712404251098633,-1.264927864074707,-1.2637301683425903,0.0011979787377640605,0.0011976957321166992,-2.8300564736127853e-07,2.8300564736127853e-07,0.00023623595180786584,True,0.19950322806835175,0.9952397346496582,0.22156643867492676,0.012430191040039062
2,theta2,T3,batch1,"(1, 4)",1,4,3,8.417989730834961,6.705733299255371,-1.1746312379837036,-1.1735570430755615,0.0010744965402409434,0.0010741949081420898,-3.016320988535881e-07,3.016320988535881e-07,0.0002807194695908007,True,0.19564244151115417,0.9952654242515564,0.22185325622558594,0.012693405151367188
2,theta2,T3,batch1,"(1, 4)",1,4,4,8.255359649658203,6.70357608795166,-1.0881025791168213,-1.087146520614624,0.0009561770129948854,0.0009560585021972656,-1.1851079761981964e-07,1.1851079761981964e-07,0.00012394232031224698,True,0.19116051495075226,0.9952912330627441,0.22103381156921387,0.011934757232666016
2,theta2,T3,batch1,"(1, 5)",1,5,0,8.40677261352539,6.752513885498047,-0.35255011916160583,-0.3522805869579315,0.00026959655224345624,0.0002695322036743164,-6.434856913983822e-08,6.434856913983822e-08,0.00023868468867409306,True,0.08456778526306152,0.9951802492141724,0.2224140167236328,0.01222085952758789
2,theta2,T3,batch1,"(1, 5)",1,5,1,8.240421295166016,6.764817714691162,-0.35957789421081543,-0.35930368304252625,0.00027419356047175825,0.00027421116828918457,1.760781742632389e-08,1.760781742632389e-08,6.42167430775147e-05,True,0.08795736730098724,0.9951870441436768,0.21688628196716309,0.012235403060913086
2,theta2,T3,batch1,"(1, 5)",1,5,2,8.075227737426758,6.782823085784912,-0.36335456371307373,-0.36307576298713684,0.00027887054602615535,0.00027880072593688965,-6.982008926570415e-08,6.982008926570415e-08,0.0002503673846543683,True,0.09098081290721893,0.9951903820037842,0.22291016578674316,0.012131690979003906
2,theta2,T3,batch1,"(1, 5)",1,5,3,7.915349960327148,6.808981895446777,-0.3673989474773407,-0.36711564660072327,0.0002832953177858144,0.00028330087661743164,5.558831617236137e-09,5.558831617236137e-09,1.9622038446250974e-05,True,0.0942741185426712,0.9951916933059692,0.22087955474853516,0.012420415878295898
2,theta2,T3,batch1,"(1, 5)",1,5,4,7.756711959838867,6.836889743804932,-0.3698764741420746,-0.3695881962776184,0.0002882623812183738,0.00028827786445617676,1.548323780298233e-08,1.548323780298233e-08,5.371230799364337e-05,True,0.09762950241565704,0.9951926469802856,0.2215564250946045,0.012233734130859375
2,theta2,T3,batch1,"(1, 6)",1,6,0,8.89056396484375,6.752513885498047,-2.2362420558929443,-2.2336020469665527,0.00264069065451622,0.0026400089263916016,-6.817281246185303e-07,6.817281246185303e-07,0.0002581628118585606,True,0.39665547013282776,0.9951802492141724,0.2223954200744629,0.012071371078491211
2,theta2,T3,batch1,"(1, 6)",1,6,1,8.703178405761719,6.719008922576904,-2.0858101844787598,-2.0834076404571533,0.0024033442605286837,0.0024025440216064453,-8.002389222383499e-07,8.002389222383499e-07,0.00033296891143772916,True,0.3811541199684143,0.9951925277709961,0.22379016876220703,0.012262344360351562
2,theta2,T3,batch1,"(1, 6)",1,6,2,8.509554862976074,6.699395179748535,-1.9368385076522827,-1.9346519708633423,0.002187308855354786,0.0021865367889404297,-7.720664143562317e-07,7.720664143562317e-07,0.0003529754897055912,True,0.36483660340309143,0.9952040314674377,0.21945881843566895,0.013240337371826172
2,theta2,T3,batch1,"(1, 6)",1,6,3,8.318830490112305,6.693760871887207,-1.7913026809692383,-1.789319634437561,0.0019833154510706663,0.001983046531677246,-2.689193934202194e-07,2.689193934202194e-07,0.00013559083265097686,True,0.34791091084480286,0.9952131509780884,0.21803498268127441,0.012163639068603516
2,theta2,T3,batch1,"(1, 6)",1,6,4,8.130492210388184,6.696956634521484,-1.6573323011398315,-1.655534029006958,0.0017987362807616591,0.0017982721328735352,-4.641478881239891e-07,4.641478881239891e-07,0.0002580410997922662,True,0.332051545381546,0.9952180981636047,0.22447538375854492,0.012715816497802734
2,theta2,T3,batch1,"(1, 7)",1,7,0,8.634380340576172,6.752513885498047,-1.3456432819366455,-1.344277024269104,0.0013664514990523458,0.001366257667541504,-1.9383151084184647e-07,1.9383151084184647e-07,0.00014185026762843136,True,0.21870668232440948,0.9951802492141724,0.22077536582946777,0.013759613037109375
2,theta2,T3,batch1,"(1, 7)",1,7,1,8.463785171508789,6.754742622375488,-1.2770485877990723,-1.275800108909607,0.0012488947249948978,0.001248478889465332,-4.1583552956581116e-07,4.1583552956581116e-07,0.0003329628360529027,True,0.2116680145263672,0.995198667049408,0.22203922271728516,0.012046098709106445
2,theta2,T3,batch1,"(1, 7)",1,7,2,8.293163299560547,6.765098571777344,-1.2111374139785767,-1.2099908590316772,0.0011467236327007413,0.001146554946899414,-1.6868580132722855e-07,1.6868580132722855e-07,0.0001471024024593816,True,0.20482325553894043,0.9952155351638794,0.21946954727172852,0.011962652206420898
2,theta2,T3,batch1,"(1, 7)",1,7,3,8.131261825561523,6.781754493713379,-1.1547000408172607,-1.1536415815353394,0.0010586060816422105,0.0010584592819213867,-1.467997208237648e-07,1.467997208237648e-07,0.00013867265961294603,True,0.19943097233772278,0.9952279925346375,0.21866798400878906,0.012403011322021484
2,theta2,T3,batch1,"(1, 7)",1,7,4,7.973017692565918,6.80312442779541,-1.0977956056594849,-1.0968173742294312,0.0009782918496057391,0.000978231430053711,-6.041955202817917e-08,6.041955202817917e-08,6.176025288622084e-05,True,0.19349229335784912,0.9952405095100403,0.21805357933044434,0.012262582778930664
2,theta2,T3,batch1,"(2, 3)",2,3,0,9.710699081420898,6.752513885498047,-1.1412261724472046,-1.1402840614318848,0.0009422095026820898,0.0009421110153198242,-9.848736226558685e-08,9.848736226558685e-08,0.00010452809272803249,True,0.15057756006717682,0.9951802492141724,0.22014617919921875,0.012153863906860352
2,theta2,T3,batch1,"(2, 3)",2,3,1,9.566854476928711,6.742879867553711,-1.1604268550872803,-1.1594781875610352,0.0009489215444773436,0.0009486675262451172,-2.5401823222637177e-07,2.5401823222637177e-07,0.0002676915006353686,True,0.15356139838695526,0.995186984539032,0.2206592559814453,0.012181282043457031
2,theta2,T3,batch1,"(2, 3)",2,3,2,9.417988777160645,6.739862442016602,-1.1846100091934204,-1.1836514472961426,0.0009586070664227009,0.000958561897277832,-4.516914486885071e-08,4.516914486885071e-08,4.711956175892952e-05,True,0.15670163929462433,0.9951956272125244,0.21845602989196777,0.012279033660888672
2,theta2,T3,batch1,"(2, 3)",2,3,3,9.268257141113281,6.73836088180542,-1.2106534242630005,-1.2096731662750244,0.000980463344603777,0.0009802579879760742,-2.05356627702713e-07,2.05356627702713e-07,0.00020944855188411083,True,0.16006030142307281,0.9952037334442139,0.22243332862854004,0.012494802474975586
2,theta2,T3,batch1,"(2, 3)",2,3,4,9.114320755004883,6.735809326171875,-1.2365186214447021,-1.2355198860168457,0.0009990384569391608,0.0009987354278564453,-3.030290827155113e-07,3.030290827155113e-07,0.00030332073866698515,True,0.16336578130722046,0.9952122569084167,0.2206411361694336,0.012801170349121094
2,theta2,T3,batch1,"(2, 4)",2,4,0,9.35114574432373,6.752513885498047,-1.9312410354614258,-1.929527997970581,0.001713339937850833,0.0017130374908447266,-3.0244700610637665e-07,3.0244700610637665e-07,0.0001765248094816245,True,0.2438468486070633,0.9951802492141724,0.2249128818511963,0.011877059936523438
2,theta2,T3,batch1,"(2, 4)",2,4,1,9.179530143737793,6.709687232971191,-1.922475814819336,-1.9207764863967896,0.0016998251667246222,0.0016993284225463867,-4.967441782355309e-07,4.967441782355309e-07,0.00029223251188397376,True,0.24859295785427094,0.9952119588851929,0.2237992286682129,0.012316465377807617
2,theta2,T3,batch1,"(2, 4)",2,4,2,9.004460334777832,6.671260833740234,-1.9159072637557983,-1.9142194986343384,0.0016881590709090233,0.001687765121459961,-3.939494490623474e-07,3.939494490623474e-07,0.00023336038401299315,True,0.2535559833049774,0.9952461123466492,0.2216939926147461,0.012325525283813477
2,theta2,T3,batch1,"(2, 4)",2,4,3,8.831298828125,6.63638973236084,-1.9155560731887817,-1.9138797521591187,0.001676654675975442,0.001676321029663086,-3.336463123559952e-07,3.336463123559952e-07,0.00019899524758244382,True,0.2589277923107147,0.9952801465988159,0.22337841987609863,0.012278079986572266
2,theta2,T3,batch1,"(2, 4)",2,4,4,8.661907196044922,6.60465145111084,-1.9124970436096191,-1.9108470678329468,0.0016502337530255318,0.0016499757766723633,-2.5797635316848755e-07,2.5797635316848755e-07,0.00015632715831652018,True,0.26361405849456787,0.9953144192695618,0.21763253211975098,0.012280702590942383
2,theta2,T3,batch1,"(2, 5)",2,5,0,9.071279525756836,6.752513885498047,-0.8147856593132019,-0.8141413927078247,0.0006444639293476939,0.0006442666053771973,-1.973239704966545e-07,1.973239704966545e-07,0.0003061831105060909,True,0.12101445347070694,0.9951802492141724,0.21973204612731934,0.012396097183227539
2,theta2,T3,batch1,"(2, 5)",2,5,1,8.882150650024414,6.719468116760254,-0.8149460554122925,-0.8143309354782104,0.0006153428112156689,0.0006151199340820312,-2.228771336376667e-07,2.228771336376667e-07,0.00036219994704634885,True,0.1234009712934494,0.9951972961425781,0.22319459915161133,0.011852741241455078
2,theta2,T3,batch1,"(2, 5)",2,5,2,8.691019058227539,6.687027454376221,-0.8155492544174194,-0.8149573802947998,0.0005919708055444062,0.0005918741226196289,-9.668292477726936e-08,9.668292477726936e-08,0.00016332380561969584,True,0.12614355981349945,0.9952145218849182,0.21970605850219727,0.012187719345092773
2,theta2,T3,batch1,"(2, 5)",2,5,3,8.498308181762695,6.655567169189453,-0.8205464482307434,-0.8199710845947266,0.000575276673771441,0.0005753636360168457,8.69622454047203e-08,8.69622454047203e-08,0.00015116595087126834,True,0.12974151968955994,0.995232105255127,0.22246980667114258,0.012499094009399414
2,theta2,T3,batch1,"(2, 5)",2,5,4,8.308076858520508,6.622243404388428,-0.8246733546257019,-0.8241080641746521,0.0005653289263136685,0.0005652904510498047,-3.8475263863801956e-08,3.8475263863801956e-08,6.805819067969334e-05,True,0.13389471173286438,0.9952492713928223,0.2209322452545166,0.012330293655395508
2,theta2,T3,batch1,"(2, 6)",2,6,0,9.180801391601562,6.752513885498047,-2.6984775066375732,-2.695810317993164,0.0026679877191781998,0.0026671886444091797,-7.990747690200806e-07,7.990747690200806e-07,0.0002995046653611335,True,0.4331021010875702,0.9951802492141724,0.21790671348571777,0.012571334838867188
2,theta2,T3,batch1,"(2, 6)",2,6,1,9.019359588623047,6.700403690338135,-2.6321468353271484,-2.6295793056488037,0.0025681238621473312,0.0025675296783447266,-5.941838026046753e-07,5.941838026046753e-07,0.0002313688258431,True,0.4273252487182617,0.9952134490013123,0.22425222396850586,0.012233495712280273
2,theta2,T3,batch1,"(2, 6)",2,6,2,8.85203742980957,6.655757904052734,-2.5742621421813965,-2.571782112121582,0.0024801832623779774,0.002480030059814453,-1.5320256352424622e-07,1.5320256352424622e-07,6.177066261521214e-05,True,0.4218898415565491,0.9952487349510193,0.21993064880371094,0.012175559997558594
2,theta2,T3,batch1,"(2, 6)",2,6,3,8.686256408691406,6.616906642913818,-2.5155787467956543,-2.5131728649139404,0.002406052080914378,0.002405881881713867,-1.701992005109787e-07,1.701992005109787e-07,7.073795362164291e-05,True,0.4158681035041809,0.9952834248542786,0.22217297554016113,0.012063741683959961
2,theta2,T3,batch1,"(2, 6)",2,6,4,8.515495300292969,6.580842018127441,-2.457108974456787,-2.4547698497772217,0.0023393421433866024,0.0023391246795654297,-2.1746382117271423e-07,2.1746382117271423e-07,9.29593910781677e-05,True,0.4093235731124878,0.9953177571296692,0.22041845321655273,0.012369394302368164
2,theta2,T3,batch1,"(2, 7)",2,7,0,9.210742950439453,6.752513885498047,-1.8078789710998535,-1.8063240051269531,0.0015551680698990822,0.0015549659729003906,-2.0209699869155884e-07,2.0209699869155884e-07,0.0001299518698996137,True,0.2551533281803131,0.9951802492141724,0.21948766708374023,0.012283086776733398
2,theta2,T3,batch1,"(2, 7)",2,7,1,9.052373886108398,6.733384609222412,-1.8315222263336182,-1.829979658126831,0.0015428137267008424,0.0015425682067871094,-2.455199137330055e-07,2.455199137330055e-07,0.000159137755572104,True,0.2588558793067932,0.9952086806297302,0.22524476051330566,0.012440204620361328
2,theta2,T3,batch1,"(2, 7)",2,7,2,8.887042999267578,6.720529556274414,-1.8586000204086304,-1.857066035270691,0.0015341617399826646,0.0015339851379394531,-1.7660204321146011e-07,1.7660204321146011e-07,0.0001151130539948517,True,0.26255255937576294,0.9952389597892761,0.22501134872436523,0.012448787689208984
2,theta2,T3,batch1,"(2, 7)",2,7,3,8.726491928100586,6.71266508102417,-1.891075849533081,-1.8895502090454102,0.001525931409560144,0.0015256404876708984,-2.909218892455101e-07,2.909218892455101e-07,0.0001906520092730574,True,0.26675114035606384,0.9952693581581116,0.22221851348876953,0.012319326400756836
2,theta2,T3,batch1,"(2, 7)",2,7,4,8.567476272583008,6.705658435821533,-1.9241751432418823,-1.9226597547531128,0.0015158230671659112,0.0015153884887695312,-4.3457839637994766e-07,4.3457839637994766e-07,0.0002866946715571929,True,0.2710435688495636,0.9952999353408813,0.2251145839691162,0.012109518051147461
2,theta2,T3,batch1,"(3, 4)",3,4,0,9.358489990234375,6.752513885498047,-1.8481792211532593,-1.8465218544006348,0.0016578910872340202,0.0016573667526245117,-5.243346095085144e-07,5.243346095085144e-07,0.00031626601623349084,True,0.2307817041873932,0.9951802492141724,0.2235276699066162,0.011963605880737305
2,theta2,T3,batch1,"(3, 4)",3,4,1,9.179463386535645,6.713707447052002,-1.807637095451355,-1.80600905418396,0.0016282624565064907,0.0016280412673950195,-2.2118911147117615e-07,2.2118911147117615e-07,0.00013584364767934721,True,0.23337657749652863,0.9952093362808228,0.21974921226501465,0.012101173400878906
2,theta2,T3,batch1,"(3, 4)",3,4,2,8.995586395263672,6.681774139404297,-1.7605563402175903,-1.758960247039795,0.0015965166967362165,0.0015960931777954102,-4.2351894080638885e-07,4.2351894080638885e-07,0.000265276862855362,True,0.23521360754966736,0.9952409267425537,0.2213895320892334,0.011659622192382812
2,theta2,T3,batch1,"(3, 4)",3,4,3,8.81309700012207,6.652923583984375,-1.714218258857727,-1.712664008140564,0.0015544173074886203,0.001554250717163086,-1.6659032553434372e-07,1.6659032553434372e-07,0.0001071722019124284,True,0.23696808516979218,0.9952720403671265,0.2241377830505371,0.012738227844238281
2,theta2,T3,batch1,"(3, 4)",3,4,4,8.634374618530273,6.633749485015869,-1.668238878250122,-1.6667381525039673,0.0015011007199063897,0.0015007257461547852,-3.7497375160455704e-07,3.7497375160455704e-07,0.0002497991951052697,True,0.23795931041240692,0.9953049421310425,0.22104525566101074,0.012540817260742188
2,theta2,T3,batch1,"(3, 5)",3,5,0,9.203895568847656,6.752513885498047,-0.731723964214325,-0.7311627864837646,0.0005612171953544021,0.0005611777305603027,-3.94647940993309e-08,3.94647940993309e-08,7.032000164287437e-05,True,0.10794930160045624,0.9951802492141724,0.2200183868408203,0.013726234436035156
2,theta2,T3,batch1,"(3, 5)",3,5,1,9.014511108398438,6.728504180908203,-0.7362504601478577,-0.7357021570205688,0.0005483495187945664,0.0005483031272888184,-4.6391505748033524e-08,4.6391505748033524e-08,8.46020725066299e-05,True,0.11043490469455719,0.9951933026313782,0.21569180488586426,0.011949777603149414
2,theta2,T3,batch1,"(3, 5)",3,5,2,8.819449424743652,6.707569122314453,-0.7364253997802734,-0.7358871698379517,0.0005382461822591722,0.0005382299423217773,-1.6239937394857407e-08,1.6239937394857407e-08,3.0171950921590886e-05,True,0.11286821961402893,0.9952057003974915,0.21867585182189941,0.01250004768371582
2,theta2,T3,batch1,"(3, 5)",3,5,3,8.622007369995117,6.688795566558838,-0.735404372215271,-0.7348721027374268,0.0005322584183886647,0.0005322694778442383,1.1059455573558807e-08,1.1059455573558807e-08,2.0778357263074782e-05,True,0.11570684611797333,0.9952176809310913,0.22275042533874512,0.012241840362548828
2,theta2,T3,batch1,"(3, 5)",3,5,4,8.426351547241211,6.669930934906006,-0.738795280456543,-0.7382623553276062,0.0005329373525455594,0.0005329251289367676,-1.2223608791828156e-08,1.2223608791828156e-08,2.2936295858120004e-05,True,0.1199055016040802,0.9952283501625061,0.2186276912689209,0.012192726135253906
2,theta2,T3,batch1,"(3, 6)",3,6,0,9.167703628540039,6.752513885498047,-2.6154160499572754,-2.612839698791504,0.0025766126345843077,0.0025763511657714844,-2.614688128232956e-07,2.614688128232956e-07,0.00010147773449286028,True,0.4200369715690613,0.9951802492141724,0.2223062515258789,0.012845039367675781
2,theta2,T3,batch1,"(3, 6)",3,6,1,9.007198333740234,6.704773426055908,-2.533177375793457,-2.5306997299194336,0.0024778491351753473,0.0024776458740234375,-2.0326115190982819e-07,2.0326115190982819e-07,8.203128633795706e-05,True,0.4116646349430084,0.9952138066291809,0.22310733795166016,0.012151479721069336
2,theta2,T3,batch1,"(3, 6)",3,6,2,8.840967178344727,6.668363094329834,-2.462496280670166,-2.460096836090088,0.0023998545948415995,0.002399444580078125,-4.100147634744644e-07,4.100147634744644e-07,0.0001708498358007924,True,0.40362557768821716,0.9952470064163208,0.2221388816833496,0.012754440307617188
2,theta2,T3,batch1,"(3, 6)",3,6,3,8.679271697998047,6.6334757804870605,-2.388904571533203,-2.3865785598754883,0.0023264847695827484,0.0023260116577148438,-4.731118679046631e-07,4.731118679046631e-07,0.00020335910816622924,True,0.39514434337615967,0.9952807426452637,0.22262263298034668,0.016826868057250977
2,theta2,T3,batch1,"(3, 6)",3,6,4,8.516031265258789,6.608495235443115,-2.3176300525665283,-2.3153727054595947,0.002257594605907798,0.0022573471069335938,-2.474989742040634e-07,2.474989742040634e-07,0.00010962950281525057,True,0.38588830828666687,0.9953142404556274,0.2228984832763672,0.012260913848876953
2,theta2,T3,batch1,"(3, 7)",3,7,0,9.332748413085938,6.752513885498047,-1.7248172760009766,-1.7233093976974487,0.0015082526952028275,0.001507878303527832,-3.7439167499542236e-07,3.7439167499542236e-07,0.00024822874587674765,True,0.242088183760643,0.9951802492141724,0.22075223922729492,0.011900663375854492
2,theta2,T3,batch1,"(3, 7)",3,7,1,9.17381763458252,6.741517066955566,-1.7658560276031494,-1.7643318176269531,0.0015244915848597884,0.001524209976196289,-2.816086634993553e-07,2.816086634993553e-07,0.0001847230029316663,True,0.24866624176502228,0.9952013492584229,0.21981048583984375,0.012274026870727539
2,theta2,T3,batch1,"(3, 7)",3,7,2,9.016845703125,6.735260486602783,-1.8084437847137451,-1.806902289390564,0.001541906502097845,0.0015414953231811523,-4.1117891669273376e-07,4.1117891669273376e-07,0.0002666691632296142,True,0.25502046942710876,0.9952250719070435,0.21878671646118164,0.01249551773071289
2,theta2,T3,batch1,"(3, 7)",3,7,3,8.858999252319336,6.738257884979248,-1.8569148778915405,-1.8553622961044312,0.0015526344068348408,0.001552581787109375,-5.2619725465774536e-08,5.2619725465774536e-08,3.389060891227041e-05,True,0.2617902457714081,0.9952512383460999,0.21817874908447266,0.012472391128540039
2,theta2,T3,batch1,"(3, 7)",3,7,4,8.701552391052246,6.737980842590332,-1.9066863059997559,-1.905110239982605,0.001575858099386096,0.001576066017150879,2.0791776478290558e-07,2.0791776478290558e-07,0.00013193939534524314,True,0.26883408427238464,0.995276689529419,0.217118501663208,0.012750864028930664
2,theta2,T3,batch1,"(4, 5)",4,5,0,8.944966316223145,6.752513885498047,-1.5217387676239014,-1.5202856063842773,0.001453479751944542,0.0014531612396240234,-3.1851232051849365e-07,3.1851232051849365e-07,0.0002191377761488394,True,0.2012186050415039,0.9951802492141724,0.21987462043762207,0.01196432113647461
2,theta2,T3,batch1,"(4, 5)",4,5,1,8.765933990478516,6.722728252410889,-1.4121898412704468,-1.4109019041061401,0.0012882198207080364,0.0012879371643066406,-2.8265640139579773e-07,2.8265640139579773e-07,0.00021941628039882433,True,0.19579587876796722,0.9952130317687988,0.22030138969421387,0.0122528076171875
2,theta2,T3,batch1,"(4, 5)",4,5,2,8.588096618652344,6.703639030456543,-1.3112401962280273,-1.310096025466919,0.0011443470139056444,0.0011441707611083984,-1.762527972459793e-07,1.762527972459793e-07,0.0001540204108580931,True,0.19078536331653595,0.9952442049980164,0.22077584266662598,0.01210784912109375
2,theta2,T3,batch1,"(4, 5)",4,5,3,8.4102144241333,6.690252780914307,-1.2120351791381836,-1.2110227346420288,0.0010125486878678203,0.0010124444961547852,-1.0419171303510666e-07,1.0419171303510666e-07,0.00010290044743873889,True,0.1854984015226364,0.9952718615531921,0.22065019607543945,0.011920452117919922
2,theta2,T3,batch1,"(4, 5)",4,5,4,8.237062454223633,6.689225673675537,-1.1266008615493774,-1.1257060766220093,0.0008948999457061291,0.0008947849273681641,-1.150183379650116e-07,1.150183379650116e-07,0.00012852647775529288,True,0.18071042001247406,0.9953012466430664,0.22433137893676758,0.01580643653869629
2,theta2,T3,batch1,"(4, 6)",4,6,0,9.15022087097168,6.752513885498047,-3.405430555343628,-3.4024178981781006,0.0030135393608361483,0.0030126571655273438,-8.82195308804512e-07,8.82195308804512e-07,0.0002927439144381159,True,0.5133062601089478,0.9951802492141724,0.22469544410705566,0.012445449829101562
2,theta2,T3,batch1,"(4, 6)",4,6,1,8.971336364746094,6.703402042388916,-3.255019187927246,-3.252150297164917,0.002869150834158063,0.0028688907623291016,-2.600718289613724e-07,2.600718289613724e-07,9.064418149967675e-05,True,0.502721905708313,0.9952160120010376,0.22404217720031738,0.012811660766601562
2,theta2,T3,batch1,"(4, 6)",4,6,2,8.787796020507812,6.666445732116699,-3.114179849624634,-3.1114447116851807,0.0027356543578207493,0.002735137939453125,-5.164183676242828e-07,5.164183676242828e-07,0.0001887732513239235,True,0.4920148253440857,0.995252251625061,0.22252535820007324,0.012553930282592773
2,theta2,T3,batch1,"(4, 6)",4,6,3,8.603957176208496,6.6392669677734375,-2.9777543544769287,-2.975155830383301,0.002598924096673727,0.0025985240936279297,-4.00003045797348e-07,4.00003045797348e-07,0.0001539110150655412,True,0.4802621603012085,0.9952889680862427,0.22158074378967285,0.011912345886230469
2,theta2,T3,batch1,"(4, 6)",4,6,4,8.421425819396973,6.623612403869629,-2.8427422046661377,-2.8402822017669678,0.0024602459743618965,0.002460002899169922,-2.430751919746399e-07,2.430751919746399e-07,9.880117456047673e-05,True,0.46759888529777527,0.9953241348266602,0.22387385368347168,0.012493610382080078
2,theta2,T3,batch1,"(4, 7)",4,7,0,9.03581428527832,6.752513885498047,-2.514832019805908,-2.5127551555633545,0.002077189041301608,0.002076864242553711,-3.2479874789714813e-07,3.2479874789714813e-07,0.00015636455875658902,True,0.33535751700401306,0.9951802492141724,0.2175908088684082,0.012096643447875977
2,theta2,T3,batch1,"(4, 7)",4,7,1,8.857878684997559,6.729798793792725,-2.4297657012939453,-2.427812099456787,0.001954019069671631,0.001953601837158203,-4.172325134277344e-07,4.172325134277344e-07,0.00021352530274837568,True,0.3318743109703064,0.99521803855896,0.2168571949005127,0.012280464172363281
2,theta2,T3,batch1,"(4, 7)",4,7,2,8.68140697479248,6.71586275100708,-2.3523447513580322,-2.3505020141601562,0.0018427609466016293,0.0018427371978759766,-2.3748725652694702e-08,2.3748725652694702e-08,1.2887578118307462e-05,True,0.3288883566856384,0.9952549338340759,0.22528600692749023,0.012189388275146484
2,theta2,T3,batch1,"(4, 7)",4,7,3,8.510797500610352,6.710132122039795,-2.282014846801758,-2.280271530151367,0.0017435591435059905,0.001743316650390625,-2.424931153655052e-07,2.424931153655052e-07,0.00013907937466227515,True,0.32626035809516907,0.9952902793884277,0.22250723838806152,0.012786865234375
2,theta2,T3,batch1,"(4, 7)",4,7,4,8.346857070922852,6.719176292419434,-2.2216224670410156,-2.2199745178222656,0.0016479920595884323,0.00164794921875,-4.284083843231201e-08,4.284083843231201e-08,2.5995779641687738e-05,True,0.3240680396556854,0.9953263401985168,0.22260022163391113,0.012429952621459961
2,theta2,T3,batch1,"(5, 6)",5,6,0,8.935473442077637,6.752513885498047,-2.288975238800049,-2.2864575386047363,0.0025184655096381903,0.0025177001953125,-7.653143256902695e-07,7.653143256902695e-07,0.00030388120177203326,True,0.390473872423172,0.9951802492141724,0.21703648567199707,0.012280464172363281
2,theta2,T3,batch1,"(5, 6)",5,6,1,8.752201080322266,6.7204413414001465,-2.1509108543395996,-2.14862060546875,0.002290600212290883,0.0022902488708496094,-3.5134144127368927e-07,3.5134144127368927e-07,0.0001533840079942647,True,0.3747366964817047,0.995190441608429,0.21724152565002441,0.012180566787719727
2,theta2,T3,batch1,"(5, 6)",5,6,2,8.565009117126465,6.698834419250488,-2.019345283508301,-2.017251968383789,0.0020936825312674046,0.0020933151245117188,-3.674067556858063e-07,3.674067556858063e-07,0.0001754835082200345,True,0.3590956926345825,0.9952014088630676,0.2207813262939453,0.011820793151855469
2,theta2,T3,batch1,"(5, 6)",5,6,3,8.381583213806152,6.690412998199463,-1.8920074701309204,-1.8900983333587646,0.0019094754243269563,0.0019091367721557617,-3.386521711945534e-07,3.386521711945534e-07,0.00017735351127334882,True,0.3429531455039978,0.9952099919319153,0.22105908393859863,0.01161646842956543
2,theta2,T3,batch1,"(5, 6)",5,6,4,8.201606750488281,6.695295810699463,-1.7781128883361816,-1.7763612270355225,0.0017520150868222117,0.0017516613006591797,-3.537861630320549e-07,3.537861630320549e-07,0.00020193100258842454,True,0.32830122113227844,0.9952182769775391,0.21782636642456055,0.012933969497680664
2,theta2,T3,batch1,"(5, 7)",5,7,0,8.607444763183594,6.752513885498047,-1.3983765840530396,-1.3970896005630493,0.0012873421655967832,0.0012869834899902344,-3.5867560654878616e-07,3.5867560654878616e-07,0.0002786171510062456,True,0.21252509951591492,0.9951802492141724,0.22140026092529297,0.012144088745117188
2,theta2,T3,batch1,"(5, 7)",5,7,1,8.432225227355957,6.751692295074463,-1.3293803930282593,-1.3282196521759033,0.0011609471403062344,0.001160740852355957,-2.062879502773285e-07,2.062879502773285e-07,0.0001776893564877673,True,0.20502738654613495,0.9951983690261841,0.21864604949951172,0.013167858123779297
2,theta2,T3,batch1,"(5, 7)",5,7,2,8.258781433105469,6.761320114135742,-1.2671232223510742,-1.2660701274871826,0.0010529753053560853,0.0010530948638916016,1.1955853551626205e-07,1.1955853551626205e-07,0.00011354353222541232,True,0.19842354953289032,0.995213508605957,0.2239973545074463,0.013202905654907227
2,theta2,T3,batch1,"(5, 7)",5,7,3,8.094051361083984,6.776839733123779,-1.211683750152588,-1.21072256565094,0.0009613438742235303,0.0009611845016479492,-1.5937257558107376e-07,1.5937257558107376e-07,0.00016578102784479458,True,0.1925182044506073,0.9952277541160583,0.2194957733154297,0.012819290161132812
2,theta2,T3,batch1,"(5, 7)",5,7,4,7.9360456466674805,6.788759708404541,-1.1592860221862793,-1.158401370048523,0.0008845336269587278,0.0008846521377563477,1.1851079761981964e-07,1.1851079761981964e-07,0.00013398111050598796,True,0.187702015042305,0.9952402114868164,0.21758198738098145,0.012603044509887695
2,theta2,T3,batch1,"(6, 7)",6,7,0,9.063873291015625,6.752513885498047,-3.2820684909820557,-3.2791521549224854,0.0029169160407036543,0.0029163360595703125,-5.799811333417892e-07,5.799811333417892e-07,0.00019883367407513006,True,0.5246127247810364,0.9951802492141724,0.22422266006469727,0.011952877044677734
2,theta2,T3,batch1,"(6, 7)",6,7,1,8.894142150878906,6.716866970062256,-3.1762335300445557,-3.1734583377838135,0.0027756867930293083,0.0027751922607421875,-4.945322871208191e-07,4.945322871208191e-07,0.00017816573842652475,True,0.5122768878936768,0.9952034950256348,0.22236895561218262,0.013477563858032227
2,theta2,T3,batch1,"(6, 7)",6,7,2,8.71811294555664,6.6915717124938965,-3.081547498703003,-3.0788872241973877,0.002661212580278516,0.0026602745056152344,-9.380746632814407e-07,9.380746632814407e-07,0.0003524989586451091,True,0.500461995601654,0.9952265024185181,0.22310519218444824,0.012211084365844727
2,theta2,T3,batch1,"(6, 7)",6,7,3,8.550628662109375,6.674170017242432,-2.98897647857666,-2.9864280223846436,0.0025490440893918276,0.0025484561920166016,-5.878973752260208e-07,5.878973752260208e-07,0.00023063444750627532,True,0.488446444272995,0.995247483253479,0.21733546257019043,0.012039899826049805
2,theta2,T3,batch1,"(6, 7)",6,7,4,8.385266304016113,6.667431354522705,-2.9068493843078613,-2.9044008255004883,0.0024492256343364716,0.002448558807373047,-6.668269634246826e-07,6.668269634246826e-07,0.0002722603234574323,True,0.47740206122398376,0.9952681064605713,0.22399544715881348,0.013204097747802734
2,theta2,T3,batch2,"(0, 1)",0,1,0,9.001075744628906,6.752513885498047,-0.813374400138855,-0.8127891421318054,0.0005853360635228455,0.0005852580070495605,-7.805647328495979e-08,7.805647328495979e-08,0.00013335326174023323,True,0.1235911175608635,0.9951802492141724,0.21801066398620605,0.012337446212768555
2,theta2,T3,batch2,"(0, 1)",0,1,1,8.856973648071289,6.760447978973389,-0.7908618450164795,-0.7903018593788147,0.0005601096781902015,0.0005599856376647949,-1.2404052540659904e-07,1.2404052540659904e-07,0.00022145756489584792,True,0.12547358870506287,0.9951871633529663,0.21843481063842773,0.012140989303588867
2,theta2,T3,batch2,"(0, 1)",0,1,2,8.706867218017578,6.77307653427124,-0.7634970545768738,-0.7629643082618713,0.0005327453836798668,0.0005327463150024414,9.313225746154785e-10,9.313225746154785e-10,1.748157005476976e-06,True,0.12703897058963776,0.9951934814453125,0.22198247909545898,0.013415098190307617
2,theta2,T3,batch2,"(0, 1)",0,1,3,8.558244705200195,6.786069869995117,-0.7390772700309753,-0.7385658025741577,0.0005115663516335189,0.000511467456817627,-9.889481589198112e-08,9.889481589198112e-08,0.00019331767145394345,True,0.12943431735038757,0.9951995611190796,0.2218160629272461,0.012399435043334961
2,theta2,T3,batch2,"(0, 1)",0,1,4,8.405701637268066,6.812669277191162,-0.7083221673965454,-0.7078326344490051,0.0004896942991763353,0.0004895329475402832,-1.6135163605213165e-07,1.6135163605213165e-07,0.0003294946180168418,True,0.13108058273792267,0.9952033162117004,0.2216050624847412,0.012525081634521484
2,theta2,T3,batch2,"(0, 2)",0,2,0,9.406352996826172,6.752513885498047,-1.2756098508834839,-1.274795651435852,0.000814370287116617,0.0008141994476318359,-1.7083948478102684e-07,1.7083948478102684e-07,0.0002097810878954168,True,0.1600377857685089,0.9951802492141724,0.21820616722106934,0.012478351593017578
2,theta2,T3,batch2,"(0, 2)",0,2,1,9.27817153930664,6.758212566375732,-1.2846078872680664,-1.2837928533554077,0.0008151546353474259,0.0008150339126586914,-1.207226887345314e-07,1.207226887345314e-07,0.00014809789885213416,True,0.16290873289108276,0.9951841235160828,0.22003722190856934,0.011919736862182617
2,theta2,T3,batch2,"(0, 2)",0,2,2,9.154802322387695,6.767813682556152,-1.2956056594848633,-1.294791579246521,0.000814272032584995,0.0008140802383422852,-1.917942427098751e-07,1.917942427098751e-07,0.0002355407468693275,True,0.16596710681915283,0.9951910972595215,0.21731257438659668,0.013024091720581055
2,theta2,T3,batch2,"(0, 2)",0,2,3,9.03010368347168,6.779294490814209,-1.306459903717041,-1.3056448698043823,0.0008153123781085014,0.0008150339126586914,-2.784654498100281e-07,2.784654498100281e-07,0.0003415444893110282,True,0.1693652868270874,0.995196521282196,0.2190074920654297,0.013586997985839844
2,theta2,T3,batch2,"(0, 2)",0,2,4,8.903783798217773,6.785231590270996,-1.3148977756500244,-1.3140813112258911,0.0008166200714185834,0.0008164644241333008,-1.5564728528261185e-07,1.5564728528261185e-07,0.00019059938731634494,True,0.17245601117610931,0.9952027201652527,0.2207174301147461,0.013821601867675781
2,theta2,T3,batch2,"(0, 3)",0,3,0,9.534841537475586,6.752513885498047,-1.192548394203186,-1.1917616128921509,0.000786737771704793,0.0007867813110351562,4.353933036327362e-08,4.353933036327362e-08,5.534160419033605e-05,True,0.1469726413488388,0.9951802492141724,0.22205042839050293,0.012078285217285156
2,theta2,T3,batch2,"(0, 3)",0,3,1,9.432486534118652,6.761724472045898,-1.2141090631484985,-1.213321566581726,0.0007875027367845178,0.0007874965667724609,-6.170012056827545e-09,6.170012056827545e-09,7.83490871666117e-06,True,0.15084955096244812,0.9951760172843933,0.21439480781555176,0.012244701385498047
2,theta2,T3,batch2,"(0, 3)",0,3,2,9.332697868347168,6.776729583740234,-1.2353330850601196,-1.2345398664474487,0.0007933212327770889,0.0007932186126708984,-1.0262010619044304e-07,1.0262010619044304e-07,0.00012935504805690448,True,0.15480700135231018,0.995171844959259,0.2157893180847168,0.012136459350585938
2,theta2,T3,batch2,"(0, 3)",0,3,3,9.23059368133545,6.794028282165527,-1.2558969259262085,-1.25509774684906,0.0007993954350240529,0.0007991790771484375,-2.1635787561535835e-07,2.1635787561535835e-07,0.00027065187782670836,True,0.15896306931972504,0.9951684474945068,0.21770763397216797,0.012948989868164062
2,theta2,T3,batch2,"(0, 3)",0,3,4,9.129533767700195,6.811141490936279,-1.2766393423080444,-1.2758342027664185,0.000805271090939641,0.0008051395416259766,-1.3154931366443634e-07,1.3154931366443634e-07,0.00016336028344310276,True,0.1630755364894867,0.9951647520065308,0.2176380157470703,0.012270450592041016
2,theta2,T3,batch2,"(0, 4)",0,4,0,9.178922653198242,6.752513885498047,-1.9825631380081177,-1.981077790260315,0.0014855763874948025,0.0014853477478027344,-2.2863969206809998e-07,2.2863969206809998e-07,0.00015390638542233824,True,0.24024194478988647,0.9951802492141724,0.22008132934570312,0.012667179107666016
2,theta2,T3,batch2,"(0, 4)",0,4,1,9.048905372619629,6.7369184494018555,-1.9574637413024902,-1.9560072422027588,0.0014566628960892558,0.0014564990997314453,-1.6379635781049728e-07,1.6379635781049728e-07,0.00011244630329381355,True,0.24200712144374847,0.995208203792572,0.21948528289794922,0.012205362319946289
2,theta2,T3,batch2,"(0, 4)",0,4,2,8.914640426635742,6.726884841918945,-1.9308634996414185,-1.9294333457946777,0.0014304454671218991,0.0014301538467407227,-2.916203811764717e-07,2.916203811764717e-07,0.00020386682881607575,True,0.24377840757369995,0.9952376484870911,0.22214031219482422,0.012054681777954102
2,theta2,T3,batch2,"(0, 4)",0,4,3,8.780303955078125,6.718865871429443,-1.9001384973526,-1.8987332582473755,0.0014056239742785692,0.0014052391052246094,-3.848690539598465e-07,3.848690539598465e-07,0.0002738065521096273,True,0.2452470362186432,0.9952682256698608,0.22447514533996582,0.012301206588745117
2,theta2,T3,batch2,"(0, 4)",0,4,4,8.642091751098633,6.716200828552246,-1.8703267574310303,-1.8689453601837158,0.0013817093567922711,0.0013813972473144531,-3.1210947781801224e-07,3.1210947781801224e-07,0.00022588649073246116,True,0.24639153480529785,0.9952991604804993,0.2153635025024414,0.012204408645629883
2,theta2,T3,batch2,"(0, 5)",0,5,0,8.962968826293945,6.752513885498047,-0.866107702255249,-0.8655915856361389,0.000516262894961983,0.0005161166191101074,-1.462758518755436e-07,1.462758518755436e-07,0.0002833359772762968,True,0.11740953475236893,0.9951802492141724,0.21800446510314941,0.012123823165893555
2,theta2,T3,batch2,"(0, 5)",0,5,1,8.832213401794434,6.7439775466918945,-0.8465367555618286,-0.8460442423820496,0.0004924707463942468,0.0004925131797790527,4.243338480591774e-08,4.243338480591774e-08,8.61642749678125e-05,True,0.11763685196638107,0.9951936602592468,0.2225337028503418,0.012045860290527344
2,theta2,T3,batch2,"(0, 5)",0,5,2,8.69828987121582,6.737763404846191,-0.8289359211921692,-0.8284632563591003,0.0004727279010694474,0.00047266483306884766,-6.306800059974194e-08,6.306800059974194e-08,0.00013341290086128587,True,0.11842416226863861,0.9952079653739929,0.22015976905822754,0.012096881866455078
2,theta2,T3,batch2,"(0, 5)",0,5,3,8.559958457946777,6.726982593536377,-0.8062322735786438,-0.8057760000228882,0.0004564367700368166,0.00045627355575561523,-1.632142812013626e-07,1.632142812013626e-07,0.00035758355136067936,True,0.11925695836544037,0.9952226281166077,0.2270948886871338,0.013799428939819336
2,theta2,T3,batch2,"(0, 5)",0,5,4,8.424072265625,6.725233554840088,-0.7860634326934814,-0.785620927810669,0.00044263197924010456,0.0004425048828125,-1.2709642760455608e-07,1.2709642760455608e-07,0.00028713792397637173,True,0.11987752467393875,0.9952362775802612,0.22067523002624512,0.012242317199707031
2,theta2,T3,batch2,"(0, 6)",0,6,0,9.045267105102539,6.752513885498047,-2.7497997283935547,-2.747457504272461,0.0023428043350577354,0.00234222412109375,-5.802139639854431e-07,5.802139639854431e-07,0.0002476578838886024,True,0.42949721217155457,0.9951802492141724,0.2197115421295166,0.011783599853515625
2,theta2,T3,batch2,"(0, 6)",0,6,1,8.914535522460938,6.728784561157227,-2.647130250930786,-2.6448864936828613,0.0022441197652369738,0.0022437572479248047,-3.62517312169075e-07,3.62517312169075e-07,0.00016154098269830712,True,0.4192347228527069,0.9952113032341003,0.22474288940429688,0.012048721313476562
2,theta2,T3,batch2,"(0, 6)",0,6,2,8.780092239379883,6.709076404571533,-2.5541772842407227,-2.5520102977752686,0.0021672218572348356,0.0021669864654541016,-2.353917807340622e-07,2.353917807340622e-07,0.00010861452875636794,True,0.4097641408443451,0.995244026184082,0.22127008438110352,0.012624025344848633
2,theta2,T3,batch2,"(0, 6)",0,6,3,8.64116382598877,6.697532653808594,-2.455961227416992,-2.4538657665252686,0.0020957044325768948,0.002095460891723633,-2.4354085326194763e-07,2.4354085326194763e-07,0.00011620954246992161,True,0.3992435336112976,0.9952768683433533,0.22066044807434082,0.011970996856689453
2,theta2,T3,batch2,"(0, 6)",0,6,4,8.501941680908203,6.689115047454834,-2.3615663051605225,-2.3595359325408936,0.0020307605154812336,0.0020303726196289062,-3.878958523273468e-07,3.878958523273468e-07,0.00019101014096456682,True,0.3890953063964844,0.9953106641769409,0.2236793041229248,0.011903524398803711
2,theta2,T3,batch2,"(0, 7)",0,7,0,9.120197296142578,6.752513885498047,-1.8592010736465454,-1.8577874898910522,0.001413774210959673,0.001413583755493164,-1.9045546650886536e-07,1.9045546650886536e-07,0.00013471420332358713,True,0.2515484392642975,0.9951802492141724,0.22045683860778809,0.012326240539550781
2,theta2,T3,batch2,"(0, 7)",0,7,1,8.995284080505371,6.748507499694824,-1.84773588180542,-1.8463420867919922,0.0013941648649051785,0.0013937950134277344,-3.698514774441719e-07,3.698514774441719e-07,0.000265285323676068,True,0.2524397075176239,0.9952044486999512,0.2164134979248047,0.012206315994262695
2,theta2,T3,batch2,"(0, 7)",0,7,2,8.868916511535645,6.749599456787109,-1.8381457328796387,-1.8367657661437988,0.0013799634762108326,0.0013799667358398438,3.259629011154175e-09,3.259629011154175e-09,2.3621125249666856e-06,True,0.25327348709106445,0.9952307939529419,0.22421956062316895,0.011963129043579102
2,theta2,T3,batch2,"(0, 7)",0,7,3,8.741719245910645,6.75473690032959,-1.8332149982452393,-1.8318445682525635,0.0013707989128306508,0.0013704299926757812,-3.6892015486955643e-07,3.6892015486955643e-07,0.0002691278431989339,True,0.2546781599521637,0.9952579736709595,0.22010517120361328,0.011904001235961914
2,theta2,T3,batch2,"(0, 7)",0,7,4,8.610542297363281,6.764095783233643,-1.825443983078003,-1.8240787982940674,0.0013653971254825592,0.0013651847839355469,-2.123415470123291e-07,2.123415470123291e-07,0.00015551632785024597,True,0.2556716203689575,0.9952852129936218,0.21825408935546875,0.01205587387084961
2,theta2,T3,batch2,"(1, 2)",1,2,0,9.077547073364258,6.752513885498047,-0.7620522975921631,-0.7613716125488281,0.0006807452882640064,0.0006806850433349609,-6.024492904543877e-08,6.024492904543877e-08,8.849848847146864e-05,True,0.1271960288286209,0.9951802492141724,0.2253878116607666,0.011841773986816406
2,theta2,T3,batch2,"(1, 2)",1,2,1,8.896854400634766,6.7445244789123535,-0.7706854939460754,-0.7700015306472778,0.000684059807099402,0.0006839632987976074,-9.650830179452896e-08,9.650830179452896e-08,0.00014108167267384147,True,0.13155074417591095,0.9951822757720947,0.22260546684265137,0.0121002197265625
2,theta2,T3,batch2,"(1, 2)",1,2,2,8.719006538391113,6.740231037139893,-0.7799751162528992,-0.7792874574661255,0.0006876748520880938,0.0006876587867736816,-1.6065314412117004e-08,1.6065314412117004e-08,2.3361788443092544e-05,True,0.13614380359649658,0.995185375213623,0.22179603576660156,0.012096166610717773
2,theta2,T3,batch2,"(1, 2)",1,2,3,8.538125991821289,6.737761497497559,-0.7910663485527039,-0.7903688549995422,0.0006975368014536798,0.0006974935531616211,-4.3248292058706284e-08,4.3248292058706284e-08,6.200144848067662e-05,True,0.1413709819316864,0.9951905608177185,0.2207965850830078,0.012857198715209961
2,theta2,T3,batch2,"(1, 2)",1,2,4,8.358049392700195,6.740102291107178,-0.797034740447998,-0.7963376045227051,0.000697198964189738,0.0006971359252929688,-6.30388967692852e-08,6.30388967692852e-08,9.041737008681152e-05,True,0.14693540334701538,0.9951954483985901,0.22126412391662598,0.011931896209716797
2,theta2,T3,batch2,"(1, 3)",1,3,0,9.181770324707031,6.752513885498047,-0.6789906024932861,-0.6783220767974854,0.0006686432170681655,0.0006685256958007812,-1.175212673842907e-07,1.175212673842907e-07,0.00017576080095389626,True,0.1141308844089508,0.9951802492141724,0.22217011451721191,0.01177525520324707
2,theta2,T3,batch2,"(1, 3)",1,3,1,9.014928817749023,6.731723308563232,-0.6739236116409302,-0.673275351524353,0.0006482591270469129,0.0006482601165771484,9.89530235528946e-10,9.89530235528946e-10,1.5264424274852302e-06,True,0.11846582591533661,0.9951756596565247,0.21891117095947266,0.012504339218139648
2,theta2,T3,batch2,"(1, 3)",1,3,2,8.844902038574219,6.722472190856934,-0.6685755252838135,-0.6679418683052063,0.0006338361417874694,0.0006336569786071777,-1.7916318029165268e-07,1.7916318029165268e-07,0.0002826648221516652,True,0.12253683805465698,0.995171844959259,0.219940185546875,0.013358116149902344
2,theta2,T3,batch2,"(1, 3)",1,3,3,8.675938606262207,6.715064525604248,-0.6615725755691528,-0.6609476804733276,0.000625006970949471,0.0006248950958251953,-1.1187512427568436e-07,1.1187512427568436e-07,0.00017899820238121626,True,0.1270143985748291,0.9951691627502441,0.2216200828552246,0.011939287185668945
2,theta2,T3,batch2,"(1, 3)",1,3,4,8.503281593322754,6.714688777923584,-0.6531584858894348,-0.6525391340255737,0.0006193671142682433,0.000619351863861084,-1.525040715932846e-08,1.525040715932846e-08,2.4622565208916825e-05,True,0.1315435916185379,0.9951668381690979,0.2194356918334961,0.012262344360351562
2,theta2,T3,batch2,"(1, 4)",1,4,0,8.791254997253418,6.752513885498047,-1.4690054655075073,-1.467538595199585,0.0014671137323603034,0.0014668703079223633,-2.434244379401207e-07,2.434244379401207e-07,0.00016592063217109806,True,0.20740020275115967,0.9951802492141724,0.22065472602844238,0.01218271255493164
2,theta2,T3,batch2,"(1, 4)",1,4,1,8.618803977966309,6.735736846923828,-1.375441074371338,-1.3741356134414673,0.0013055859599262476,0.0013054609298706055,-1.25030055642128e-07,1.25030055642128e-07,9.576547196416766e-05,True,0.20372985303401947,0.9952111840248108,0.2156374454498291,0.012447357177734375
2,theta2,T3,batch2,"(1, 4)",1,4,2,8.452168464660645,6.72902774810791,-1.2897248268127441,-1.288549542427063,0.0011754068545997143,0.0011752843856811523,-1.2246891856193542e-07,1.2246891856193542e-07,0.00010419278914588457,True,0.20045557618141174,0.9952393770217896,0.22113585472106934,0.013284444808959961
2,theta2,T3,batch2,"(1, 4)",1,4,3,8.286209106445312,6.72655725479126,-1.2136352062225342,-1.212573766708374,0.001061660936102271,0.0010614395141601562,-2.2142194211483002e-07,2.2142194211483002e-07,0.00020856182476464423,True,0.19764509797096252,0.9952659606933594,0.2223973274230957,0.01223611831665039
2,theta2,T3,batch2,"(1, 4)",1,4,4,8.129791259765625,6.741341590881348,-1.1440887451171875,-1.143112063407898,0.0009769314201548696,0.0009766817092895508,-2.497108653187752e-07,2.497108653187752e-07,0.00025560736420903466,True,0.19449807703495026,0.9952888488769531,0.21728086471557617,0.011836767196655273
2,theta2,T3,batch2,"(1, 5)",1,5,0,8.324995994567871,6.752513885498047,-0.35255011916160583,-0.35228249430656433,0.0002676522999536246,0.0002676248550415039,-2.7444912120699883e-08,2.7444912120699883e-08,0.00010253942194950385,True,0.08456778526306152,0.9951802492141724,0.216353178024292,0.011996746063232422
2,theta2,T3,batch2,"(1, 5)",1,5,1,8.169780731201172,6.775064945220947,-0.3614850342273712,-0.3612092137336731,0.00027578347362577915,0.0002758204936981201,3.702007234096527e-08,3.702007234096527e-08,0.0001342360071626307,True,0.08777361363172531,0.9951828718185425,0.2210536003112793,0.01230168342590332
2,theta2,T3,batch2,"(1, 5)",1,5,2,8.010915756225586,6.80502986907959,-0.3690876364707947,-0.36880314350128174,0.00028441441827453673,0.00028449296951293945,7.855123840272427e-08,7.855123840272427e-08,0.0002761858518962323,True,0.09089824557304382,0.995185375213623,0.21912336349487305,0.012221336364746094
2,theta2,T3,batch2,"(1, 5)",1,5,3,7.852291584014893,6.8398542404174805,-0.37660276889801025,-0.37630876898765564,0.0002939585247077048,0.00029399991035461426,4.1385646909475327e-08,4.1385646909475327e-08,0.0001407873677098727,True,0.0943782702088356,0.9951865673065186,0.21552610397338867,0.011975526809692383
2,theta2,T3,batch2,"(1, 5)",1,5,4,7.6920013427734375,6.878814220428467,-0.3822696805000305,-0.3819664418697357,0.000303317530779168,0.0003032386302947998,-7.890048436820507e-08,7.890048436820507e-08,0.00026012503848862266,True,0.09763079136610031,0.9951858520507812,0.21838808059692383,0.012146472930908203
2,theta2,T3,batch2,"(1, 6)",1,6,0,8.76688003540039,6.752513885498047,-2.2362420558929443,-2.233903646469116,0.002339186379685998,0.002338409423828125,-7.76955857872963e-07,7.76955857872963e-07,0.0003321479060498198,True,0.39665547013282776,0.9951802492141724,0.21708226203918457,0.012182235717773438
2,theta2,T3,batch2,"(1, 6)",1,6,1,8.58905029296875,6.735127925872803,-2.0687315464019775,-2.0666091442108154,0.0021227237302809954,0.0021224021911621094,-3.2153911888599396e-07,3.2153911888599396e-07,0.00015147478416488528,True,0.37798750400543213,0.9951872229576111,0.22163891792297363,0.013732671737670898
2,theta2,T3,batch2,"(1, 6)",1,6,2,8.405988693237305,6.733916282653809,-1.9010403156280518,-1.8991109132766724,0.001929889782331884,0.0019294023513793945,-4.874309524893761e-07,4.874309524893761e-07,0.0002525693212906769,True,0.35807833075523376,0.9951936602592468,0.2164013385772705,0.012181520462036133
2,theta2,T3,batch2,"(1, 6)",1,6,3,8.216489791870117,6.752094745635986,-1.7467447519302368,-1.7449843883514404,0.0017606362234801054,0.0017603635787963867,-2.7264468371868134e-07,2.7264468371868134e-07,0.00015485577320439707,True,0.3382098078727722,0.9951985478401184,0.22072649002075195,0.012542963027954102
2,theta2,T3,batch2,"(1, 6)",1,6,4,8.028916358947754,6.771798610687256,-1.5954551696777344,-1.5938481092453003,0.0016073310980573297,0.001607060432434082,-2.7066562324762344e-07,2.7066562324762344e-07,0.00016839444192597177,True,0.3189733624458313,0.9952016472816467,0.21860074996948242,0.01211690902709961
2,theta2,T3,batch2,"(1, 7)",1,7,0,8.503453254699707,6.752513885498047,-1.3456432819366455,-1.3442494869232178,0.001394128892570734,0.0013937950134277344,-3.3387914299964905e-07,3.3387914299964905e-07,0.00023948943657855438,True,0.21870668232440948,0.9951802492141724,0.2162644863128662,0.012742996215820312
2,theta2,T3,batch2,"(1, 7)",1,7,1,8.34108829498291,6.7619500160217285,-1.2841089963912964,-1.2828229665756226,0.0012860550777986646,0.0012860298156738281,-2.5262124836444855e-08,2.5262124836444855e-08,1.9643112703762218e-05,True,0.21212850511074066,0.9951949119567871,0.21892571449279785,0.012340068817138672
2,theta2,T3,batch2,"(1, 7)",1,7,2,8.180307388305664,6.782863616943359,-1.2224400043487549,-1.2212496995925903,0.0011904437560588121,0.0011903047561645508,-1.3899989426136017e-07,1.3899989426136017e-07,0.00011676309237955555,True,0.20521385967731476,0.9952086806297302,0.22065210342407227,0.012588024139404297
2,theta2,T3,batch2,"(1, 7)",1,7,3,8.018404006958008,6.811232566833496,-1.1580015420913696,-1.1568994522094727,0.001102000125683844,0.0011020898818969727,8.975621312856674e-08,8.975621312856674e-08,8.144845997442033e-05,True,0.19788311421871185,0.9952212572097778,0.22097563743591309,0.011974811553955078
2,theta2,T3,batch2,"(1, 7)",1,7,4,7.851292610168457,6.848412990570068,-1.095097541809082,-1.094079613685608,0.0010179664241150022,0.001017928123474121,-3.8300640881061554e-08,3.8300640881061554e-08,3.762466027733606e-05,True,0.19104287028312683,0.995232880115509,0.22014999389648438,0.012026309967041016
2,theta2,T3,batch2,"(2, 3)",2,3,0,9.588766098022461,6.752513885498047,-1.1412261724472046,-1.140357255935669,0.0008690666290931404,0.0008689165115356445,-1.5011755749583244e-07,1.5011755749583244e-07,0.00017273423287749313,True,0.15057756006717682,0.9951802492141724,0.21917986869812012,0.012239933013916016
2,theta2,T3,batch2,"(2, 3)",2,3,1,9.456869125366211,6.741353988647461,-1.1503084897994995,-1.1494431495666504,0.0008656283607706428,0.0008653402328491211,-2.8812792152166367e-07,2.8812792152166367e-07,0.0003328540683038066,True,0.1525111347436905,0.9951798915863037,0.22922134399414062,0.018336057662963867
2,theta2,T3,batch2,"(2, 3)",2,3,2,9.325616836547852,6.737484931945801,-1.1635608673095703,-1.16269052028656,0.0008704517385922372,0.0008703470230102539,-1.0471558198332787e-07,1.0471558198332787e-07,0.0001203002732267295,True,0.15464414656162262,0.99518221616745,0.2188272476196289,0.012183666229248047
2,theta2,T3,batch2,"(2, 3)",2,3,3,9.192302703857422,6.733273029327393,-1.176119089126587,-1.1752395629882812,0.0008797341142781079,0.0008795261383056641,-2.0797597244381905e-07,2.0797597244381905e-07,0.00023640776124099716,True,0.15662449598312378,0.9951838850975037,0.21861958503723145,0.012090206146240234
2,theta2,T3,batch2,"(2, 3)",2,3,4,9.056058883666992,6.734055042266846,-1.1908708810806274,-1.1899800300598145,0.0008910028846003115,0.0008908510208129883,-1.5186378732323647e-07,1.5186378732323647e-07,0.0001704414092793425,True,0.15873709321022034,0.9951858520507812,0.22386550903320312,0.012299776077270508
2,theta2,T3,batch2,"(2, 4)",2,4,0,9.197408676147461,6.752513885498047,-1.9312410354614258,-1.9296575784683228,0.001583525794558227,0.0015834569931030273,-6.880145519971848e-08,6.880145519971848e-08,4.3448269321632834e-05,True,0.2438468486070633,0.9951802492141724,0.2201383113861084,0.012340545654296875
2,theta2,T3,batch2,"(2, 4)",2,4,1,9.050138473510742,6.721218109130859,-1.9341371059417725,-1.932577133178711,0.0015601329505443573,0.0015599727630615234,-1.601874828338623e-07,1.601874828338623e-07,0.00010267553337551785,True,0.24904555082321167,0.9952092170715332,0.21676278114318848,0.012724637985229492
2,theta2,T3,batch2,"(2, 4)",2,4,2,8.903672218322754,6.694803714752197,-1.9408142566680908,-1.9392752647399902,0.0015392471104860306,0.001538991928100586,-2.551823854446411e-07,2.551823854446411e-07,0.00016578389766414118,True,0.2545190453529358,0.9952391982078552,0.22278380393981934,0.014160871505737305
2,theta2,T3,batch2,"(2, 4)",2,4,3,8.754510879516602,6.670120716094971,-1.9503326416015625,-1.9488029479980469,0.0015301309758797288,0.001529693603515625,-4.373723641037941e-07,4.373723641037941e-07,0.0002858398209031306,True,0.26012468338012695,0.9952683448791504,0.21991515159606934,0.012466669082641602
2,theta2,T3,batch2,"(2, 4)",2,4,4,8.605594635009766,6.650090217590332,-1.965048909187317,-1.9635308980941772,0.0015183264622464776,0.0015180110931396484,-3.153691068291664e-07,3.153691068291664e-07,0.0002077083648812616,True,0.26603779196739197,0.9952983856201172,0.22052478790283203,0.012107372283935547
2,theta2,T3,batch2,"(2, 5)",2,5,0,8.995354652404785,6.752513885498047,-0.8147856593132019,-0.8141825795173645,0.0006032632663846016,0.0006030797958374023,-1.8347054719924927e-07,1.8347054719924927e-07,0.0003041301491781539,True,0.12101445347070694,0.9951802492141724,0.21871566772460938,0.01211404800415039
2,theta2,T3,batch2,"(2, 5)",2,5,1,8.821382522583008,6.732499122619629,-0.819729745388031,-0.8191405534744263,0.0005893524503335357,0.0005891919136047363,-1.605367287993431e-07,1.605367287993431e-07,0.00027239511553483765,True,0.12364532053470612,0.9951881170272827,0.21651244163513184,0.012407064437866211
2,theta2,T3,batch2,"(2, 5)",2,5,2,8.64734172821045,6.712328910827637,-0.8273034691810608,-0.8267154097557068,0.000588143477216363,0.0005880594253540039,-8.405186235904694e-08,8.405186235904694e-08,0.00014291047272488308,True,0.1269407570362091,0.9951995015144348,0.22260165214538574,0.01196599006652832
2,theta2,T3,batch2,"(2, 5)",2,5,3,8.476473808288574,6.6952385902404785,-0.8370097279548645,-0.8364229202270508,0.0005867875297553837,0.0005868077278137207,2.019805833697319e-08,2.019805833697319e-08,3.442141714462342e-05,True,0.1308363974094391,0.9952104091644287,0.22417140007019043,0.012616395950317383
2,theta2,T3,batch2,"(2, 5)",2,5,4,8.30693531036377,6.6741251945495605,-0.8450666666030884,-0.8444793820381165,0.0005873646587133408,0.0005872845649719238,-8.009374141693115e-08,8.009374141693115e-08,0.00013636118589835066,True,0.13526003062725067,0.9952213764190674,0.2232651710510254,0.012430667877197266
2,theta2,T3,batch2,"(2, 6)",2,6,0,9.091218948364258,6.752513885498047,-2.6984775066375732,-2.696190357208252,0.0022877310402691364,0.002287149429321289,-5.816109478473663e-07,5.816109478473663e-07,0.000254230474478741,True,0.4331021010875702,0.9951802492141724,0.22282004356384277,0.012087106704711914
2,theta2,T3,batch2,"(2, 6)",2,6,1,8.943987846374512,6.711343288421631,-2.6188101768493652,-2.6165976524353027,0.002213255502283573,0.0022125244140625,-7.310882210731506e-07,7.310882210731506e-07,0.0003303225589268094,True,0.42584410309791565,0.9952089190483093,0.22435998916625977,0.012181282043457031
2,theta2,T3,batch2,"(2, 6)",2,6,2,8.797051429748535,6.680211544036865,-2.5491373538970947,-2.5469913482666016,0.00214609713293612,0.002146005630493164,-9.150244295597076e-08,9.150244295597076e-08,4.263667359304673e-05,True,0.41896796226501465,0.9952400326728821,0.21617746353149414,0.011943578720092773
2,theta2,T3,batch2,"(2, 6)",2,6,3,8.64229965209961,6.650439739227295,-2.4762766361236572,-2.4741861820220947,0.00209111999720335,0.0020904541015625,-6.658956408500671e-07,6.658956408500671e-07,0.0003184397077836908,True,0.4113415777683258,0.995268702507019,0.21917438507080078,0.01223897933959961
2,theta2,T3,batch2,"(2, 6)",2,6,4,8.488231658935547,6.625503063201904,-2.408306121826172,-2.4062657356262207,0.0020406704861670732,0.002040386199951172,-2.842862159013748e-07,2.842862159013748e-07,0.0001393102011463598,True,0.40384167432785034,0.9953000545501709,0.2242429256439209,0.012245655059814453
2,theta2,T3,batch2,"(2, 7)",2,7,0,9.125147819519043,6.752513885498047,-1.8078789710998535,-1.8063539266586304,0.001524993684142828,0.0015250444412231445,5.075708031654358e-08,5.075708031654358e-08,3.328346920011884e-05,True,0.2551533281803131,0.9951802492141724,0.21959257125854492,0.012162446975708008
2,theta2,T3,batch2,"(2, 7)",2,7,1,8.975915908813477,6.737135410308838,-1.8266247510910034,-1.825108289718628,0.0015168171375989914,0.0015164613723754883,-3.557652235031128e-07,3.557652235031128e-07,0.00023454720723043956,True,0.25794345140457153,0.9952045679092407,0.21701645851135254,0.012015104293823242
2,theta2,T3,batch2,"(2, 7)",2,7,2,8.827152252197266,6.728728294372559,-1.8473001718521118,-1.8457859754562378,0.0015144627541303635,0.0015141963958740234,-2.6635825634002686e-07,2.6635825634002686e-07,0.00017587639947802837,True,0.26041415333747864,0.995231568813324,0.22243475914001465,0.012142181396484375
2,theta2,T3,batch2,"(2, 7)",2,7,3,8.677471160888672,6.722579479217529,-1.8682185411453247,-1.866703748703003,0.0015148596139624715,0.0015147924423217773,-6.717164069414139e-08,6.717164069414139e-08,4.4341825522985705e-05,True,0.26315709948539734,0.9952573776245117,0.2226417064666748,0.011894464492797852
2,theta2,T3,batch2,"(2, 7)",2,7,4,8.528329849243164,6.722696781158447,-1.8930543661117554,-1.8915302753448486,0.001524227554909885,0.0015240907669067383,-1.367880031466484e-07,1.367880031466484e-07,8.974250774172335e-05,True,0.2660738229751587,0.9952833652496338,0.22290349006652832,0.012197256088256836
2,theta2,T3,batch2,"(3, 4)",3,4,0,9.199790000915527,6.752513885498047,-1.8481792211532593,-1.8465718030929565,0.0016076446045190096,0.0016074180603027344,-2.2654421627521515e-07,2.2654421627521515e-07,0.00014091685167132745,True,0.2307817041873932,0.9951802492141724,0.22048187255859375,0.012175559997558594
2,theta2,T3,batch2,"(3, 4)",3,4,1,9.045948028564453,6.722543716430664,-1.814786434173584,-1.8132292032241821,0.0015575848519802094,0.0015572309494018555,-3.5390257835388184e-07,3.5390257835388184e-07,0.0002272123909679487,True,0.23296572268009186,0.9952106475830078,0.22143268585205078,0.013395309448242188
2,theta2,T3,batch2,"(3, 4)",3,4,2,8.892486572265625,6.69780969619751,-1.7827553749084473,-1.7812435626983643,0.0015118956798687577,0.0015118122100830078,-8.346978574991226e-08,8.346978574991226e-08,5.5208693867792505e-05,True,0.23523209989070892,0.9952414631843567,0.2214827537536621,0.01274251937866211
2,theta2,T3,batch2,"(3, 4)",3,4,3,8.737746238708496,6.681252956390381,-1.748862624168396,-1.7473889589309692,0.0014739122707396746,0.0014736652374267578,-2.470333129167557e-07,2.470333129167557e-07,0.00016760381049869637,True,0.23663613200187683,0.9952728748321533,0.21952342987060547,0.01240682601928711
2,theta2,T3,batch2,"(3, 4)",3,4,4,8.583595275878906,6.669628143310547,-1.7194633483886719,-1.7180395126342773,0.0014242001343518496,0.0014238357543945312,-3.6437995731830597e-07,3.6437995731830597e-07,0.00025584884352235687,True,0.23855899274349213,0.9953036308288574,0.22118663787841797,0.012885332107543945
2,theta2,T3,batch2,"(3, 5)",3,5,0,9.086079597473145,6.752513885498047,-0.731723964214325,-0.7311570048332214,0.0005670079845003784,0.0005669593811035156,-4.8603396862745285e-08,4.8603396862745285e-08,8.571906955696998e-05,True,0.10794930160045624,0.9951802492141724,0.22237730026245117,0.012065410614013672
2,theta2,T3,batch2,"(3, 5)",3,5,1,8.918983459472656,6.724191665649414,-0.7314333915710449,-0.7308854460716248,0.0005480077816173434,0.000547945499420166,-6.228219717741013e-08,6.228219717741013e-08,0.00011365203062189329,True,0.110160693526268,0.9951865077018738,0.22161340713500977,0.012314081192016602
2,theta2,T3,batch2,"(3, 5)",3,5,2,8.749519348144531,6.701026916503906,-0.7325393557548523,-0.7320019006729126,0.0005375560140237212,0.0005374550819396973,-1.0093208402395248e-07,1.0093208402395248e-07,0.00018776105445915178,True,0.11290712654590607,0.9951938986778259,0.21485185623168945,0.011783361434936523
2,theta2,T3,batch2,"(3, 5)",3,5,3,8.579208374023438,6.681629657745361,-0.7303483486175537,-0.7298164963722229,0.0005318430485203862,0.0005318522453308105,9.19681042432785e-09,9.19681042432785e-09,1.7292339252931543e-05,True,0.11563768237829208,0.9952041506767273,0.21815824508666992,0.011932611465454102
2,theta2,T3,batch2,"(3, 5)",3,5,4,8.404939651489258,6.663074970245361,-0.7323228716850281,-0.7317883372306824,0.0005345643730834126,0.0005345344543457031,-2.991873770952225e-08,2.991873770952225e-08,5.5968446862533e-05,True,0.11928094923496246,0.9952130913734436,0.22146892547607422,0.011939287185668945
2,theta2,T3,batch2,"(3, 6)",3,6,0,9.0670166015625,6.752513885498047,-2.6154160499572754,-2.6131153106689453,0.0023010631557554007,0.002300739288330078,-3.2386742532253265e-07,3.2386742532253265e-07,0.00014074686499259182,True,0.4200369715690613,0.9951802492141724,0.21634125709533691,0.011990785598754883
2,theta2,T3,batch2,"(3, 6)",3,6,1,8.926599502563477,6.7168707847595215,-2.515103578567505,-2.5129129886627197,0.0021911587100476027,0.0021905899047851562,-5.688052624464035e-07,5.688052624464035e-07,0.0002595910829453546,True,0.409079372882843,0.9952075481414795,0.22060418128967285,0.012302875518798828
2,theta2,T3,batch2,"(3, 6)",3,6,2,8.786270141601562,6.690348148345947,-2.4246397018432617,-2.422537326812744,0.0021025703754276037,0.002102375030517578,-1.9534491002559662e-07,1.9534491002559662e-07,9.290766782817862e-05,True,0.3987314999103546,0.9952369928359985,0.22051453590393066,0.011877059936523438
2,theta2,T3,batch2,"(3, 6)",3,6,3,8.641326904296875,6.666717052459717,-2.332031726837158,-2.3300063610076904,0.002025758381932974,0.0020253658294677734,-3.925524652004242e-07,3.925524652004242e-07,0.00019378049657918807,True,0.3874778747558594,0.995265543460846,0.21973347663879395,0.012545585632324219
2,theta2,T3,batch2,"(3, 6)",3,6,4,8.493359565734863,6.64871072769165,-2.251779556274414,-2.2498135566711426,0.0019662566483020782,0.0019659996032714844,-2.5704503059387207e-07,2.5704503059387207e-07,0.00013072811772351191,True,0.3770967125892639,0.9952946901321411,0.21721148490905762,0.012253522872924805
2,theta2,T3,batch2,"(3, 7)",3,7,0,9.286978721618652,6.752513885498047,-1.7248172760009766,-1.7233060598373413,0.0015112669207155704,0.001511216163635254,-5.075708031654358e-08,5.075708031654358e-08,3.358578132082093e-05,True,0.242088183760643,0.9951802492141724,0.21586322784423828,0.01202845573425293
2,theta2,T3,batch2,"(3, 7)",3,7,1,9.14944839477539,6.734553337097168,-1.7630559206008911,-1.7615253925323486,0.0015308840665966272,0.0015305280685424805,-3.5599805414676666e-07,3.5599805414676666e-07,0.00023254409782851872,True,0.24783693253993988,0.9951993227005005,0.22240853309631348,0.012514591217041016
2,theta2,T3,batch2,"(3, 7)",3,7,2,9.008878707885742,6.72128963470459,-1.8055773973464966,-1.8040207624435425,0.0015572349075227976,0.0015566349029541016,-6.00004568696022e-07,6.00004568696022e-07,0.0003853012578882471,True,0.2538813054561615,0.9952204823493958,0.22304558753967285,0.0119171142578125
2,theta2,T3,batch2,"(3, 7)",3,7,3,8.865565299987793,6.713170528411865,-1.8523699045181274,-1.8507788181304932,0.0015912529779598117,0.0015910863876342773,-1.6659032553434372e-07,1.6659032553434372e-07,0.00010469128909215533,True,0.26018083095550537,0.9952459931373596,0.21927618980407715,0.012239217758178711
2,theta2,T3,batch2,"(3, 7)",3,7,4,8.717909812927246,6.711181163787842,-1.9091602563858032,-1.9075238704681396,0.0016364904586225748,0.0016363859176635742,-1.0454095900058746e-07,1.0454095900058746e-07,6.388119066002929e-05,True,0.26745477318763733,0.9952713847160339,0.2142794132232666,0.013077497482299805
2,theta2,T3,batch2,"(4, 5)",4,5,0,8.80213737487793,6.752513885498047,-1.5217387676239014,-1.5203200578689575,0.0014191119698807597,0.0014187097549438477,-4.022149369120598e-07,4.022149369120598e-07,0.00028342720338399774,True,0.2012186050415039,0.9951802492141724,0.21795058250427246,0.01240396499633789
2,theta2,T3,batch2,"(4, 5)",4,5,1,8.633811950683594,6.736146450042725,-1.4276353120803833,-1.4263830184936523,0.0012523464392870665,0.001252293586730957,-5.2852556109428406e-08,5.2852556109428406e-08,4.220282379651769e-05,True,0.19679412245750427,0.9952112436294556,0.22071456909179688,0.014504432678222656
2,theta2,T3,batch2,"(4, 5)",4,5,2,8.472311019897461,6.726593017578125,-1.3427842855453491,-1.3416638374328613,0.001120604807510972,0.001120448112487793,-1.5669502317905426e-07,1.5669502317905426e-07,0.0001398307611468283,True,0.19293226301670074,0.9952393770217896,0.21733641624450684,0.012458562850952148
2,theta2,T3,batch2,"(4, 5)",4,5,3,8.311656951904297,6.722190856933594,-1.2669001817703247,-1.265891194343567,0.0010091016301885247,0.0010089874267578125,-1.1420343071222305e-07,1.1420343071222305e-07,0.00011317336856436064,True,0.18985117971897125,0.9952672123908997,0.22071123123168945,0.013460636138916016
2,theta2,T3,batch2,"(4, 5)",4,5,4,8.159876823425293,6.732909202575684,-1.2078276872634888,-1.206891417503357,0.0009363790741190314,0.0009362697601318359,-1.0931398719549179e-07,1.0931398719549179e-07,0.00011674116841871663,True,0.18760372698307037,0.9952906966209412,0.21791863441467285,0.012301921844482422
2,theta2,T3,batch2,"(4, 6)",4,6,0,8.999855041503906,6.752513885498047,-3.405430555343628,-3.402726411819458,0.002704864600673318,0.002704143524169922,-7.210765033960342e-07,7.210765033960342e-07,0.000266585064264044,True,0.5133062601089478,0.9951802492141724,0.2181251049041748,0.012032508850097656
2,theta2,T3,batch2,"(4, 6)",4,6,1,8.832490921020508,6.7149481773376465,-3.2497446537017822,-3.247215986251831,0.0025291878264397383,0.002528667449951172,-5.203764885663986e-07,5.203764885663986e-07,0.0002057484553446222,True,0.5012767314910889,0.9952148199081421,0.22098112106323242,0.011851310729980469
2,theta2,T3,batch2,"(4, 6)",4,6,2,8.664566040039062,6.684772491455078,-3.1010618209838867,-3.098679780960083,0.0023822144139558077,0.002382040023803711,-1.7439015209674835e-07,1.7439015209674835e-07,7.320506125523907e-05,True,0.4892292320728302,0.9952506422996521,0.21713614463806152,0.012249469757080078
2,theta2,T3,batch2,"(4, 6)",4,6,3,8.492599487304688,6.665867805480957,-2.9548983573913574,-2.95265531539917,0.0022436948493123055,0.0022430419921875,-6.528571248054504e-07,6.528571248054504e-07,0.0002909741157562276,True,0.4758850634098053,0.9952830076217651,0.2204270362854004,0.013362646102905273
2,theta2,T3,batch2,"(4, 6)",4,6,4,8.322830200195312,6.6629133224487305,-2.812974691390991,-2.81084942817688,0.0021255637984722853,0.002125263214111328,-3.005843609571457e-07,3.005843609571457e-07,0.00014141394446649206,True,0.4616043269634247,0.9953139424324036,0.22359633445739746,0.012479543685913086
2,theta2,T3,batch2,"(4, 7)",4,7,0,8.910843849182129,6.752513885498047,-2.514832019805908,-2.512815237045288,0.0020169836934655905,0.002016782760620117,-2.009328454732895e-07,2.009328454732895e-07,9.96204610499581e-05,True,0.33535751700401306,0.9951802492141724,0.21944427490234375,0.01221466064453125
2,theta2,T3,batch2,"(4, 7)",4,7,1,8.760978698730469,6.733661651611328,-2.450249433517456,-2.448338508605957,0.0019113048911094666,0.0019109249114990234,-3.7997961044311523e-07,3.7997961044311523e-07,0.00019880638207468102,True,0.33320727944374084,0.9952164888381958,0.22571897506713867,0.012658834457397461
2,theta2,T3,batch2,"(4, 7)",4,7,2,8.609432220458984,6.725585460662842,-2.3911030292510986,-2.3892838954925537,0.001819521188735962,0.0018191337585449219,-3.8743019104003906e-07,3.8743019104003906e-07,0.0002129297495618561,True,0.33133527636528015,0.9952526092529297,0.22233891487121582,0.012111902236938477
2,theta2,T3,batch2,"(4, 7)",4,7,3,8.455184936523438,6.718145847320557,-2.3338568210601807,-2.332123041152954,0.0017340758349746466,0.0017337799072265625,-2.959277480840683e-07,2.959277480840683e-07,0.00017065444435329148,True,0.3293653130531311,0.9952871799468994,0.22099089622497559,0.01170492172241211
2,theta2,T3,batch2,"(4, 7)",4,7,4,8.304973602294922,6.721499919891357,-2.284510374069214,-2.282845973968506,0.0016647842712700367,0.0016644001007080078,-3.841705620288849e-07,3.841705620288849e-07,0.0002307629695082399,True,0.3280464708805084,0.9953199028968811,0.2178056240081787,0.012298822402954102
2,theta2,T3,batch2,"(5, 6)",5,6,0,8.774568557739258,6.752513885498047,-2.288975238800049,-2.286745548248291,0.0022302756551653147,0.0022296905517578125,-5.851034075021744e-07,5.851034075021744e-07,0.00026234578050792775,True,0.390473872423172,0.9951802492141724,0.22176098823547363,0.012038707733154297
2,theta2,T3,batch2,"(5, 6)",5,6,1,8.606399536132812,6.735215663909912,-2.1471590995788574,-2.1451284885406494,0.002031200099736452,0.002030611038208008,-5.890615284442902e-07,5.890615284442902e-07,0.000290006646081162,True,0.3736707270145416,0.9951900243759155,0.21976971626281738,0.011969804763793945
2,theta2,T3,batch2,"(5, 6)",5,6,2,8.432904243469238,6.73027229309082,-2.0104339122772217,-2.0085744857788086,0.0018597105517983437,0.001859426498413086,-2.8405338525772095e-07,2.8405338525772095e-07,0.00015274064288286194,True,0.35639315843582153,0.9952000975608826,0.21918201446533203,0.015325307846069336
2,theta2,T3,batch2,"(5, 6)",5,6,3,8.254066467285156,6.738293647766113,-1.8849812746047974,-1.8832629919052124,0.00171870575286448,0.001718282699584961,-4.230532795190811e-07,4.230532795190811e-07,0.0002461464266434203,True,0.33957141637802124,0.995207667350769,0.21976900100708008,0.012414932250976562
2,theta2,T3,batch2,"(5, 6)",5,6,4,8.074825286865234,6.753961086273193,-1.7640442848205566,-1.7624578475952148,0.0015866943867877126,0.0015864372253417969,-2.57161445915699e-07,2.57161445915699e-07,0.00016207371000809194,True,0.3232973515987396,0.995213508605957,0.2196509838104248,0.013708353042602539
2,theta2,T3,batch2,"(5, 7)",5,7,0,8.513593673706055,6.752513885498047,-1.3983765840530396,-1.3970946073532104,0.0012822450371459126,0.0012819766998291016,-2.6833731681108475e-07,2.6833731681108475e-07,0.00020927148012860617,True,0.21252509951591492,0.9951802492141724,0.22200584411621094,0.011983871459960938
2,theta2,T3,batch2,"(5, 7)",5,7,1,8.36294174194336,6.761849880218506,-1.3511754274368286,-1.3499836921691895,0.001191965420730412,0.0011917352676391602,-2.3015309125185013e-07,2.3015309125185013e-07,0.00019308705374256329,True,0.2076142579317093,0.9951943755149841,0.22243261337280273,0.012008190155029297
2,theta2,T3,batch2,"(5, 7)",5,7,2,8.213712692260742,6.780310153961182,-1.3067772388458252,-1.3056631088256836,0.0011143401497974992,0.0011141300201416016,-2.1012965589761734e-07,2.1012965589761734e-07,0.00018856868428890645,True,0.20302192866802216,0.9952088594436646,0.22017931938171387,0.012125253677368164
2,theta2,T3,batch2,"(5, 7)",5,7,3,8.06583309173584,6.806059837341309,-1.2634413242340088,-1.2623921632766724,0.0010492048459127545,0.0010491609573364258,-4.3888576328754425e-08,4.3888576328754425e-08,4.183032179056856e-05,True,0.1982675939798355,0.9952206611633301,0.22158050537109375,0.012721538543701172
2,theta2,T3,batch2,"(5, 7)",5,7,4,7.913697242736816,6.832029342651367,-1.2191776037216187,-1.2181947231292725,0.00098293530754745,0.0009828805923461914,-5.471520125865936e-08,5.471520125865936e-08,5.566510922797231e-05,True,0.19379392266273499,0.9952321648597717,0.21855950355529785,0.011992931365966797
2,theta2,T3,batch2,"(6, 7)",6,7,0,8.973443984985352,6.752513885498047,-3.2820684909820557,-3.2793796062469482,0.002689183223992586,0.002688884735107422,-2.9848888516426086e-07,2.9848888516426086e-07,0.00011099611305811261,True,0.5246127247810364,0.9951802492141724,0.21938133239746094,0.012372970581054688
2,theta2,T3,batch2,"(6, 7)",6,7,1,8.824016571044922,6.730930328369141,-3.1837236881256104,-3.1811470985412598,0.0025766179896891117,0.002576589584350586,-2.8405338525772095e-08,2.8405338525772095e-08,1.10242723754325e-05,True,0.5128285884857178,0.9952001571655273,0.2213764190673828,0.01312398910522461
2,theta2,T3,batch2,"(6, 7)",6,7,2,8.67127799987793,6.719730854034424,-3.0882110595703125,-3.085728406906128,0.0024831469636410475,0.0024826526641845703,-4.942994564771652e-07,4.942994564771652e-07,0.00019906170021945544,True,0.5004785060882568,0.9952207803726196,0.22248172760009766,0.011913299560546875
2,theta2,T3,batch2,"(6, 7)",6,7,3,8.51736831665039,6.712380409240723,-2.993943691253662,-2.991539478302002,0.002404541475698352,0.0024042129516601562,-3.2852403819561005e-07,3.2852403819561005e-07,0.00013662648014844356,True,0.4878527522087097,0.9952408075332642,0.2177431583404541,0.012085437774658203
2,theta2,T3,batch2,"(6, 7)",6,7,4,8.35794448852539,6.71960973739624,-2.9107303619384766,-2.9084010124206543,0.002329480368643999,0.0023293495178222656,-1.3085082173347473e-07,1.3085082173347473e-07,5.617167823983148e-05,True,0.47555920481681824,0.9952608942985535,0.22151494026184082,0.0168912410736084
3,theta3,T4,batch1,"(0, 1)",0,1,0,7.913600921630859,8.241799354553223,-0.9807305335998535,-0.9798632860183716,0.0008672008407302201,0.0008672475814819336,4.674075171351433e-08,4.674075171351433e-08,5.3898416051069117e-05,True,0.15629146993160248,0.9960334897041321,0.22593975067138672,0.012328863143920898
3,theta3,T4,batch1,"(0, 1)",0,1,1,7.6865434646606445,8.15416145324707,-0.9660128355026245,-0.9652034044265747,0.000809594988822937,0.0008094310760498047,-1.6391277313232422e-07,1.6391277313232422e-07,0.00020246268244648543,True,0.1589093655347824,0.9960569143295288,0.22547173500061035,0.012465238571166992
3,theta3,T4,batch1,"(0, 1)",0,1,2,7.474729537963867,8.046233177185059,-0.9566999673843384,-0.9559406638145447,0.0007593831978738308,0.0007593035697937012,-7.962808012962341e-08,7.962808012962341e-08,0.00010485889120614093,True,0.16239647567272186,0.9960750341415405,0.21953225135803223,0.012586593627929688
3,theta3,T4,batch1,"(0, 1)",0,1,3,7.276731491088867,7.946045875549316,-0.9520038962364197,-0.9512872099876404,0.0007165394490584731,0.0007166862487792969,1.467997208237648e-07,1.467997208237648e-07,0.0002048731873962535,True,0.16586844623088837,0.9960974454879761,0.21838784217834473,0.012400627136230469
3,theta3,T4,batch1,"(0, 1)",0,1,4,7.101134300231934,7.8614630699157715,-0.9518144726753235,-0.9511424899101257,0.0006720242090523243,0.0006719827651977539,-4.1443854570388794e-08,4.1443854570388794e-08,6.167018094308258e-05,True,0.1699545979499817,0.996114194393158,0.21766448020935059,0.01272892951965332
3,theta3,T4,batch1,"(0, 2)",0,2,0,8.48118782043457,8.241799354553223,-1.5370666980743408,-1.5357917547225952,0.0012750070309266448,0.0012749433517456055,-6.367918103933334e-08,6.367918103933334e-08,4.994418030232573e-05,True,0.18100829422473907,0.9960334897041321,0.2143723964691162,0.011970996856689453
3,theta3,T4,batch1,"(0, 2)",0,2,1,8.200684547424316,8.090453147888184,-1.536283254623413,-1.5350509881973267,0.0012327198637649417,0.0012322664260864258,-4.534376785159111e-07,4.534376785159111e-07,0.00036783513581993663,True,0.18787117302417755,0.9960324168205261,0.22484469413757324,0.011998891830444336
3,theta3,T4,batch1,"(0, 2)",0,2,2,7.936360836029053,7.913979530334473,-1.5322717428207397,-1.5310906171798706,0.0011812346056103706,0.0011811256408691406,-1.0896474123001099e-07,1.0896474123001099e-07,9.224648576368658e-05,True,0.19524046778678894,0.9960377216339111,0.21445894241333008,0.012480735778808594
3,theta3,T4,batch1,"(0, 2)",0,2,3,7.6919050216674805,7.758634567260742,-1.5316898822784424,-1.5305699110031128,0.0011201663874089718,0.0011199712753295898,-1.9511207938194275e-07,1.9511207938194275e-07,0.00017418133732190582,True,0.20271886885166168,0.9960469007492065,0.22051715850830078,0.012223958969116211
3,theta3,T4,batch1,"(0, 2)",0,2,4,7.475616455078125,7.623704433441162,-1.5288660526275635,-1.5278129577636719,0.0010531730949878693,0.0010530948638916016,-7.82310962677002e-08,7.82310962677002e-08,7.428132815014733e-05,True,0.2093677967786789,0.9960602521896362,0.2209610939025879,0.012137889862060547
3,theta3,T4,batch1,"(0, 3)",0,3,0,8.401613235473633,8.241799354553223,-1.2482247352600098,-1.2470849752426147,0.0011399216018617153,0.0011397600173950195,-1.6158446669578552e-07,1.6158446669578552e-07,0.0001417505084839926,True,0.16312158107757568,0.9960334897041321,0.2163074016571045,0.012022018432617188
3,theta3,T4,batch1,"(0, 3)",0,3,1,8.141677856445312,8.10769271850586,-1.206922173500061,-1.2058864831924438,0.0010358281433582306,0.0010356903076171875,-1.3783574104309082e-07,1.3783574104309082e-07,0.00013306815607096487,True,0.16506421566009521,0.9960399866104126,0.2163248062133789,0.011744976043701172
3,theta3,T4,batch1,"(0, 3)",0,3,2,7.898940086364746,7.961579322814941,-1.1687694787979126,-1.1678205728530884,0.0009489881340414286,0.0009489059448242188,-8.218921720981598e-08,8.218921720981598e-08,8.660721273700137e-05,True,0.16778907179832458,0.9960474371910095,0.22146821022033691,0.012891054153442383
3,theta3,T4,batch1,"(0, 3)",0,3,3,7.691432952880859,7.824443340301514,-1.1308488845825195,-1.129978895187378,0.0008702519698999822,0.0008699893951416016,-2.625747583806515e-07,2.625747583806515e-07,0.0003017226820076364,True,0.1696656346321106,0.9960585236549377,0.22253918647766113,0.012449502944946289
3,theta3,T4,batch1,"(0, 3)",0,3,4,7.48550271987915,7.7054762840271,-1.093260407447815,-1.0924721956253052,0.0007882662466727197,0.0007882118225097656,-5.4424162954092026e-08,5.4424162954092026e-08,6.904286868024225e-05,True,0.1709691733121872,0.9960677027702332,0.22066736221313477,0.012344121932983398
3,theta3,T4,batch1,"(0, 4)",0,4,0,8.508243560791016,8.241799354553223,-2.156867027282715,-2.1548359394073486,0.0020312140695750713,0.002031087875366211,-1.2619420886039734e-07,1.2619420886039734e-07,6.212747870872965e-05,True,0.24860639870166779,0.9960334897041321,0.2194221019744873,0.012577533721923828
3,theta3,T4,batch1,"(0, 4)",0,4,1,8.20109748840332,8.067623138427734,-2.0492336750030518,-2.047461986541748,0.0017719982424750924,0.001771688461303711,-3.0978117138147354e-07,3.0978117138147354e-07,0.00017482024753522174,True,0.245080828666687,0.9960768818855286,0.22282719612121582,0.01227712631225586
3,theta3,T4,batch1,"(0, 4)",0,4,2,7.931257247924805,7.898820400238037,-1.9472064971923828,-1.9456472396850586,0.0015593155985698104,0.0015592575073242188,-5.809124559164047e-08,5.809124559164047e-08,3.7254322117293775e-05,True,0.24137620627880096,0.9961199760437012,0.21820402145385742,0.011983871459960938
3,theta3,T4,batch1,"(0, 4)",0,4,3,7.677151203155518,7.735956192016602,-1.8655366897583008,-1.8641674518585205,0.001369488425552845,0.0013692378997802734,-2.505257725715637e-07,2.505257725715637e-07,0.00018293383711543942,True,0.23886220157146454,0.9961618781089783,0.2223501205444336,0.012437105178833008
3,theta3,T4,batch1,"(0, 4)",0,4,4,7.453064918518066,7.594635963439941,-1.8000564575195312,-1.7988369464874268,0.001219556201249361,0.0012195110321044922,-4.516914486885071e-08,4.516914486885071e-08,3.7037362298332514e-05,True,0.23668190836906433,0.9961992502212524,0.22045207023620605,0.01208186149597168
3,theta3,T4,batch1,"(0, 5)",0,5,0,8.423693656921387,8.241799354553223,-1.0431175231933594,-1.0422459840774536,0.0008716590236872435,0.0008715391159057617,-1.1990778148174286e-07,1.1990778148174286e-07,0.00013756271457446244,True,0.12505356967449188,0.9960334897041321,0.2207775115966797,0.012354850769042969
3,theta3,T4,batch1,"(0, 5)",0,5,1,8.1217622756958,8.091404914855957,-1.0279159545898438,-1.0270675420761108,0.000848199415486306,0.0008484125137329102,2.1309824660420418e-07,2.1309824660420418e-07,0.0002512360215221636,True,0.1280810683965683,0.9960167407989502,0.22028565406799316,0.012147903442382812
3,theta3,T4,batch1,"(0, 5)",0,5,2,7.845624923706055,7.946292400360107,-1.008291482925415,-1.0074621438980103,0.0008294159197248518,0.0008293390274047852,-7.689232006669044e-08,7.689232006669044e-08,9.270658813999916e-05,True,0.13055315613746643,0.9960023164749146,0.22155308723449707,0.012094497680664062
3,theta3,T4,batch1,"(0, 5)",0,5,3,7.588940620422363,7.807039737701416,-0.9898191094398499,-0.9890126585960388,0.0008066236041486263,0.0008064508438110352,-1.7276033759117126e-07,1.7276033759117126e-07,0.00021417714123741276,True,0.13354742527008057,0.9959928393363953,0.22031211853027344,0.01247096061706543
3,theta3,T4,batch1,"(0, 5)",0,5,4,7.3607916831970215,7.671741008758545,-0.9712069034576416,-0.9704280495643616,0.0007789969677105546,0.0007788538932800293,-1.430744305253029e-07,1.430744305253029e-07,0.0001836649389609227,True,0.1360398828983307,0.9959904551506042,0.2204301357269287,0.012292861938476562
3,theta3,T4,batch1,"(0, 6)",0,6,0,8.231931686401367,8.241799354553223,-2.7050023078918457,-2.702183485031128,0.002819846151396632,0.0028188228607177734,-1.023290678858757e-06,1.023290678858757e-06,0.0003628888329074034,True,0.36939358711242676,0.9960334897041321,0.22101140022277832,0.013786792755126953
3,theta3,T4,batch1,"(0, 6)",0,6,1,7.994431018829346,8.068086624145508,-2.540334701538086,-2.537919282913208,0.0024156917352229357,0.0024154186248779297,-2.731103450059891e-07,2.731103450059891e-07,0.00011305678660227924,True,0.35865092277526855,0.9960218071937561,0.22578930854797363,0.012603759765625
3,theta3,T4,batch1,"(0, 6)",0,6,2,7.773777008056641,7.903505325317383,-2.38584566116333,-2.3837637901306152,0.0020822419319301844,0.0020818710327148438,-3.708992153406143e-07,3.708992153406143e-07,0.00017812493815106315,True,0.3477746546268463,0.9960146546363831,0.21808528900146484,0.012158393859863281
3,theta3,T4,batch1,"(0, 6)",0,6,3,7.566197395324707,7.753269672393799,-2.2349274158477783,-2.2331175804138184,0.0018099209992215037,0.001809835433959961,-8.556526154279709e-08,8.556526154279709e-08,4.727568859613267e-05,True,0.3359066843986511,0.9960146546363831,0.22127294540405273,0.012411832809448242
3,theta3,T4,batch1,"(0, 6)",0,6,4,7.3770928382873535,7.611247539520264,-2.094921588897705,-2.093348979949951,0.0015729984734207392,0.0015726089477539062,-3.895256668329239e-07,3.895256668329239e-07,0.00024763257779000726,True,0.3240537941455841,0.9960230588912964,0.2205820083618164,0.012076616287231445
3,theta3,T4,batch1,"(0, 7)",0,7,0,8.261518478393555,8.241799354553223,-2.075526714324951,-2.0733869075775146,0.002139776712283492,0.0021398067474365234,3.003515303134918e-08,3.003515303134918e-08,1.403658281676351e-05,True,0.2467566281557083,0.9960334897041321,0.21706819534301758,0.012229204177856445
3,theta3,T4,batch1,"(0, 7)",0,7,1,7.955500602722168,8.036816596984863,-1.9623522758483887,-1.960456132888794,0.0018960674060508609,0.0018961429595947266,7.55535438656807e-08,7.55535438656807e-08,3.984749889406306e-05,True,0.2455853521823883,0.9960440397262573,0.22332119941711426,0.012048721313476562
3,theta3,T4,batch1,"(0, 7)",0,7,2,7.678983688354492,7.839026927947998,-1.8793346881866455,-1.877628207206726,0.0017065154388546944,0.0017064809799194336,-3.4458935260772705e-08,3.4458935260772705e-08,2.019257164406281e-05,True,0.24719926714897156,0.9960585832595825,0.22062349319458008,0.011848688125610352
3,theta3,T4,batch1,"(0, 7)",0,7,3,7.413667678833008,7.651447772979736,-1.7952855825424194,-1.7937647104263306,0.0015212808502838016,0.0015208721160888672,-4.0873419493436813e-07,4.0873419493436813e-07,0.00026867767043680133,True,0.24726951122283936,0.9960883259773254,0.21912193298339844,0.011968612670898438
3,theta3,T4,batch1,"(0, 7)",0,7,4,7.1678147315979,7.48112678527832,-1.7188471555709839,-1.7175143957138062,0.0013328752247616649,0.0013327598571777344,-1.153675839304924e-07,1.153675839304924e-07,8.65554267850703e-05,True,0.2477322369813919,0.9961175918579102,0.22263026237487793,0.012226581573486328
3,theta3,T4,batch1,"(1, 2)",1,2,0,8.330997467041016,8.241799354553223,-1.2668596506118774,-1.2658556699752808,0.0010043021757155657,0.0010039806365966797,-3.2153911888599396e-07,3.2153911888599396e-07,0.00032016172687955916,True,0.17388924956321716,0.9960334897041321,0.2203984260559082,0.012508153915405273
3,theta3,T4,batch1,"(1, 2)",1,2,1,8.064802169799805,8.113739967346191,-1.234737515449524,-1.2338112592697144,0.0009262950625270605,0.0009262561798095703,-3.888271749019623e-08,3.888271749019623e-08,4.1976600181932113e-05,True,0.1780465543270111,0.996073842048645,0.2216031551361084,0.011881589889526367
3,theta3,T4,batch1,"(1, 2)",1,2,2,7.823371887207031,7.9727559089660645,-1.2102078199386597,-1.2093523740768433,0.0008554847445338964,0.0008554458618164062,-3.888271749019623e-08,3.888271749019623e-08,4.545109394251226e-05,True,0.18350115418434143,0.9961105585098267,0.22312450408935547,0.01219034194946289
3,theta3,T4,batch1,"(1, 2)",1,2,3,7.599948883056641,7.853823184967041,-1.1940927505493164,-1.1932988166809082,0.0007939685019664466,0.0007939338684082031,-3.463355824351311e-08,3.463355824351311e-08,4.362082142772048e-05,True,0.18955552577972412,0.9961457252502441,0.2216041088104248,0.01210641860961914
3,theta3,T4,batch1,"(1, 2)",1,2,4,7.388531684875488,7.7438154220581055,-1.1843335628509521,-1.1835864782333374,0.0007473696023225784,0.0007470846176147461,-2.849847078323364e-07,2.849847078323364e-07,0.0003813169641188214,True,0.1962323933839798,0.9961764812469482,0.22339773178100586,0.012172937393188477
3,theta3,T4,batch1,"(1, 3)",1,3,0,8.298666000366211,8.241799354553223,-0.9780178070068359,-0.9770385026931763,0.0009794537909328938,0.000979304313659668,-1.494772732257843e-07,1.494772732257843e-07,0.00015261288956104063,True,0.15600255131721497,0.9960334897041321,0.21821355819702148,0.011918783187866211
3,theta3,T4,batch1,"(1, 3)",1,3,1,8.05652904510498,8.120704650878906,-0.9633481502532959,-0.9624506831169128,0.0008975260425359011,0.0008974671363830566,-5.8906152844429016e-08,5.8906152844429016e-08,6.563169206543973e-05,True,0.16106732189655304,0.996078610420227,0.22014188766479492,0.01230001449584961
3,theta3,T4,batch1,"(1, 3)",1,3,2,7.816693305969238,7.990779399871826,-0.9540134072303772,-0.9531698822975159,0.0008435859926976264,0.0008435249328613281,-6.105983629822731e-08,6.105983629822731e-08,7.238128279367187e-05,True,0.1675477772951126,0.9961152672767639,0.2213752269744873,0.012053251266479492
3,theta3,T4,batch1,"(1, 3)",1,3,3,7.584897994995117,7.876182556152344,-0.9422504305839539,-0.9414564967155457,0.0007940168143250048,0.0007939338684082031,-8.294591680169106e-08,8.294591680169106e-08,0.00010446367797916664,True,0.17360514402389526,0.9961513876914978,0.22240900993347168,0.012061595916748047
3,theta3,T4,batch1,"(1, 3)",1,3,4,7.359953880310059,7.769119739532471,-0.9399774670600891,-0.93923419713974,0.0007432781858369708,0.0007432699203491211,-8.265487849712372e-09,8.265487849712372e-09,1.1120315390939387e-05,True,0.18020881712436676,0.9961845874786377,0.2233898639678955,0.012480974197387695
3,theta3,T4,batch1,"(1, 4)",1,4,0,8.348285675048828,8.241799354553223,-1.8866599798202515,-1.8848799467086792,0.0017802908550947905,0.0017800331115722656,-2.577435225248337e-07,2.577435225248337e-07,0.00014477607509313993,True,0.24148735404014587,0.9960334897041321,0.21424460411071777,0.01229238510131836
3,theta3,T4,batch1,"(1, 4)",1,4,1,8.028289794921875,8.076444625854492,-1.6919150352478027,-1.6904971599578857,0.0014182194136083126,0.0014178752899169922,-3.441236913204193e-07,3.441236913204193e-07,0.00024264488838499304,True,0.2323618233203888,0.9961027503013611,0.22243595123291016,0.012227535247802734
3,theta3,T4,batch1,"(1, 4)",1,4,2,7.7329607009887695,7.940415859222412,-1.5333242416381836,-1.5321757793426514,0.0011485298164188862,0.0011484622955322266,-6.752088665962219e-08,6.752088665962219e-08,5.878897151329705e-05,True,0.22539998590946198,0.9961646199226379,0.2205524444580078,0.013398408889770508
3,theta3,T4,batch1,"(1, 4)",1,4,3,7.460898399353027,7.809632778167725,-1.4037121534347534,-1.4027818441390991,0.000930196896661073,0.0009303092956542969,1.1239899322390556e-07,1.1239899322390556e-07,0.0001208335500014674,True,0.22004292905330658,0.9962206482887268,0.22325468063354492,0.01246023178100586
3,theta3,T4,batch1,"(1, 4)",1,4,4,7.222799301147461,7.7177653312683105,-1.3018174171447754,-1.3010255098342896,0.0007918868213891983,0.0007919073104858398,2.0489096641540527e-08,2.0489096641540527e-08,2.5873768937834742e-05,True,0.21564731001853943,0.9962658882141113,0.22521448135375977,0.012258529663085938
3,theta3,T4,batch1,"(1, 5)",1,5,0,8.202469825744629,8.241799354553223,-0.7729105949401855,-0.772341787815094,0.0005686775548383594,0.0005688071250915527,1.2957025319337845e-07,1.2957025319337845e-07,0.0002278448517810896,True,0.11793454736471176,0.9960334897041321,0.21808886528015137,0.011879444122314453
3,theta3,T4,batch1,"(1, 5)",1,5,1,7.902301788330078,8.111024856567383,-0.7671904563903809,-0.7666423320770264,0.0005481106927618384,0.0005481243133544922,1.3620592653751373e-08,1.3620592653751373e-08,2.4850076514872347e-05,True,0.1233103945851326,0.9960606694221497,0.22364330291748047,0.012202739715576172
3,theta3,T4,batch1,"(1, 5)",1,5,2,7.613965034484863,7.994856834411621,-0.7609322667121887,-0.7604010105133057,0.0005313262809067965,0.0005312561988830566,-7.008202373981476e-08,7.008202373981476e-08,0.00013190016428362653,True,0.12857399880886078,0.9960827231407166,0.22139739990234375,0.012218952178955078
3,theta3,T4,batch1,"(1, 5)",1,5,3,7.33802604675293,7.877525806427002,-0.7582561373710632,-0.757737934589386,0.0005183132016099989,0.0005182027816772461,-1.1041993275284767e-07,1.1041993275284767e-07,0.0002130370833886889,True,0.13404260575771332,0.9961062073707581,0.2197883129119873,0.01227569580078125
3,theta3,T4,batch1,"(1, 5)",1,5,4,7.0875372886657715,7.786305904388428,-0.7604823708534241,-0.7599668502807617,0.0005155987455509603,0.0005155205726623535,-7.817288860678673e-08,7.817288860678673e-08,0.0001516157463169397,True,0.14119994640350342,0.9961210489273071,0.2234330177307129,0.014627456665039062
3,theta3,T4,batch1,"(1, 6)",1,6,0,8.184924125671387,8.241799354553223,-2.434795379638672,-2.4321887493133545,0.0026072938926517963,0.002606630325317383,-6.635673344135284e-07,6.635673344135284e-07,0.00025450423378955376,True,0.36227455735206604,0.9960334897041321,0.2195887565612793,0.01306009292602539
3,theta3,T4,batch1,"(1, 6)",1,6,1,7.951437950134277,8.086941719055176,-2.255423069000244,-2.253230333328247,0.0021929952781647444,0.0021927356719970703,-2.5960616767406464e-07,2.5960616767406464e-07,0.00011837972031171982,True,0.3496537208557129,0.9960254430770874,0.21669912338256836,0.012899637222290039
3,theta3,T4,batch1,"(1, 6)",1,6,2,7.713255882263184,7.939267158508301,-2.085723876953125,-2.083871841430664,0.0018521819729357958,0.0018520355224609375,-1.46450474858284e-07,1.46450474858284e-07,7.9069161128997e-05,True,0.3370988070964813,0.9960198998451233,0.21832537651062012,0.012105226516723633
3,theta3,T4,batch1,"(1, 6)",1,6,3,7.477689743041992,7.802615642547607,-1.9209791421890259,-1.919425129890442,0.001554251997731626,0.0015540122985839844,-2.396991476416588e-07,2.396991476416588e-07,0.00015422154707955398,True,0.32355377078056335,0.9960160851478577,0.2224745750427246,0.012098550796508789
3,theta3,T4,batch1,"(1, 6)",1,6,4,7.253130912780762,7.691077709197998,-1.757757544517517,-1.7564462423324585,0.0013115310575813055,0.0013113021850585938,-2.2887252271175385e-07,2.2887252271175385e-07,0.00017450789395245822,True,0.3096596896648407,0.996015727519989,0.2206134796142578,0.012010335922241211
3,theta3,T4,batch1,"(1, 7)",1,7,0,8.120196342468262,8.241799354553223,-1.8053195476531982,-1.8034974336624146,0.001822607940994203,0.0018221139907836914,-4.939502105116844e-07,4.939502105116844e-07,0.00027101287084387585,True,0.2396375983953476,0.9960334897041321,0.22062897682189941,0.012602090835571289
3,theta3,T4,batch1,"(1, 7)",1,7,1,7.80638313293457,8.063126564025879,-1.666585922241211,-1.665038824081421,0.0015473702223971486,0.001547098159790039,-2.7206260710954666e-07,2.7206260710954666e-07,0.00017582256862102067,True,0.23634661734104156,0.9960831999778748,0.2222602367401123,0.012423515319824219
3,theta3,T4,batch1,"(1, 7)",1,7,2,7.5200958251953125,7.902349948883057,-1.560994267463684,-1.5596554279327393,0.0013390359235927463,0.0013388395309448242,-1.9639264792203903e-07,1.9639264792203903e-07,0.000146667198737358,True,0.23553311824798584,0.9961311221122742,0.22076988220214844,0.012180566787719727
3,theta3,T4,batch1,"(1, 7)",1,7,3,7.2301836013793945,7.762092590332031,-1.4554330110549927,-1.4542895555496216,0.0011435275664553046,0.0011434555053710938,-7.206108421087265e-08,7.206108421087265e-08,6.301648191503322e-05,True,0.23329046368598938,0.9961832165718079,0.22011661529541016,0.012265920639038086
3,theta3,T4,batch1,"(1, 7)",1,7,4,6.970952033996582,7.6660637855529785,-1.3530793190002441,-1.3521013259887695,0.0009780812542885542,0.0009779930114746094,-8.824281394481659e-08,8.824281394481659e-08,9.022033042541385e-05,True,0.23082174360752106,0.9962276816368103,0.22393512725830078,0.01186990737915039
3,theta3,T4,batch1,"(2, 3)",2,3,0,8.699076652526855,8.241799354553223,-1.5343538522720337,-1.5330266952514648,0.0013273169752210379,0.0013271570205688477,-1.5995465219020844e-07,1.5995465219020844e-07,0.00012050976155380761,True,0.18071939051151276,0.9960334897041321,0.2233884334564209,0.011980056762695312
3,theta3,T4,batch1,"(2, 3)",2,3,1,8.402780532836914,8.08089828491211,-1.4812428951263428,-1.480014443397522,0.0012286145938560367,0.0012284517288208008,-1.628650352358818e-07,1.628650352358818e-07,0.00013255990613356296,True,0.1838425248861313,0.9960659742355347,0.2241811752319336,0.012722969055175781
3,theta3,T4,batch1,"(2, 3)",2,3,2,8.131019592285156,7.907208442687988,-1.42414391040802,-1.4230173826217651,0.0011266417568549514,0.0011265277862548828,-1.1397060006856918e-07,1.1397060006856918e-07,0.00010115957390636839,True,0.18742172420024872,0.9960947632789612,0.22431683540344238,0.012619256973266602
3,theta3,T4,batch1,"(2, 3)",2,3,3,7.881000518798828,7.761477947235107,-1.381744146347046,-1.3807052373886108,0.0010390019742771983,0.0010389089584350586,-9.301584213972092e-08,9.301584213972092e-08,8.952422078353526e-05,True,0.19227446615695953,0.9961255192756653,0.2191321849822998,0.012059450149536133
3,theta3,T4,batch1,"(2, 3)",2,3,4,7.658109664916992,7.629916191101074,-1.340423822402954,-1.3394697904586792,0.0009540905011817813,0.0009540319442749023,-5.855690687894821e-08,5.855690687894821e-08,6.137458323546548e-05,True,0.19651055335998535,0.9961530566215515,0.22301316261291504,0.012421131134033203
3,theta3,T4,batch1,"(2, 4)",2,4,0,8.786985397338867,8.241799354553223,-2.4429962635040283,-2.44095778465271,0.0020385002717375755,0.0020384788513183594,-2.1420419216156006e-08,2.1420419216156006e-08,1.0507930517908484e-05,True,0.2662041485309601,0.9960334897041321,0.21662187576293945,0.011944293975830078
3,theta3,T4,batch1,"(2, 4)",2,4,1,8.49443244934082,8.083966255187988,-2.3036115169525146,-2.3017938137054443,0.0018179533071815968,0.0018177032470703125,-2.50060111284256e-07,2.50060111284256e-07,0.00013755034867860735,True,0.2616967260837555,0.9960943460464478,0.2205369472503662,0.021958112716674805
3,theta3,T4,batch1,"(2, 4)",2,4,2,8.219583511352539,7.920378684997559,-2.1821510791778564,-2.180544853210449,0.0016062732320278883,0.0016062259674072266,-4.7264620661735535e-08,4.7264620661735535e-08,2.942501918061903e-05,True,0.25867441296577454,0.9961481094360352,0.2229456901550293,0.012730121612548828
3,theta3,T4,batch1,"(2, 4)",2,4,3,7.96315860748291,7.776867389678955,-2.07761812210083,-2.076188087463379,0.0014306274242699146,0.0014300346374511719,-5.927868187427521e-07,5.927868187427521e-07,0.00041435443546405254,True,0.2570244073867798,0.9962046146392822,0.2211153507232666,0.012128829956054688
3,theta3,T4,batch1,"(2, 4)",2,4,4,7.728787422180176,7.643883228302002,-1.9839575290679932,-1.9827005863189697,0.0012569143436849117,0.0012569427490234375,2.8405338525772095e-08,2.8405338525772095e-08,2.2599263560391717e-05,True,0.2558291554450989,0.9962548017501831,0.21972918510437012,0.012788772583007812
3,theta3,T4,batch1,"(2, 5)",2,5,0,8.937945365905762,8.241799354553223,-1.3292466402053833,-1.3282543420791626,0.0009925016202032566,0.0009922981262207031,-2.0349398255348206e-07,2.0349398255348206e-07,0.00020503138575411905,True,0.14265134930610657,0.9960334897041321,0.22279739379882812,0.012162923812866211
3,theta3,T4,batch1,"(2, 5)",2,5,1,8.640850067138672,8.080663681030273,-1.3244701623916626,-1.3235074281692505,0.0009629688574932516,0.0009627342224121094,-2.3463508114218712e-07,2.3463508114218712e-07,0.00024365801585004158,True,0.1475660651922226,0.9960549473762512,0.22017359733581543,0.012628555297851562
3,theta3,T4,batch1,"(2, 5)",2,5,2,8.358231544494629,7.912625312805176,-1.3113059997558594,-1.3103729486465454,0.0009333787602372468,0.0009330511093139648,-3.2765092328190804e-07,3.2765092328190804e-07,0.00035103747507456195,True,0.15211844444274902,0.9960741400718689,0.22285890579223633,0.01292562484741211
3,theta3,T4,batch1,"(2, 5)",2,5,3,8.0751953125,7.749030590057373,-1.3083254098892212,-1.3074254989624023,0.0009001032449305058,0.0008999109268188477,-1.9231811165809631e-07,1.9231811165809631e-07,0.0002136622801231481,True,0.15805111825466156,0.9961011409759521,0.22272586822509766,0.012422323226928711
3,theta3,T4,batch1,"(2, 5)",2,5,4,7.821137428283691,7.598072528839111,-1.2999017238616943,-1.2990392446517944,0.0008626095950603485,0.0008624792098999023,-1.30385160446167e-07,1.30385160446167e-07,0.00015115199412666538,True,0.16334141790866852,0.996129035949707,0.2216038703918457,0.01218724250793457
3,theta3,T4,batch1,"(2, 6)",2,6,0,8.474492073059082,8.241799354553223,-2.9911317825317383,-2.9883298873901367,0.0028021172620356083,0.0028018951416015625,-2.2212043404579163e-07,2.2212043404579163e-07,7.926878616222913e-05,True,0.386991411447525,0.9960334897041321,0.21820449829101562,0.011891841888427734
3,theta3,T4,batch1,"(2, 6)",2,6,1,8.214469909667969,8.057238578796387,-2.8236265182495117,-2.8211774826049805,0.0024495453108102083,0.00244903564453125,-5.096662789583206e-07,5.096662789583206e-07,0.00020806566700729616,True,0.3769707977771759,0.9960734844207764,0.21908831596374512,0.012660026550292969
3,theta3,T4,batch1,"(2, 6)",2,6,2,7.968754768371582,7.8799872398376465,-2.657921075820923,-2.6557984352111816,0.0021230385173112154,0.002122640609741211,-3.979075700044632e-07,3.979075700044632e-07,0.00018742362268038592,True,0.36640942096710205,0.9961134195327759,0.21901297569274902,0.012926340103149414
3,theta3,T4,batch1,"(2, 6)",2,6,3,7.743403434753418,7.708850860595703,-2.500603199005127,-2.498781681060791,0.0018219667254015803,0.0018215179443359375,-4.487810656428337e-07,4.487810656428337e-07,0.0002463168286149231,True,0.3555825650691986,0.9961556792259216,0.2210094928741455,0.013207674026489258
3,theta3,T4,batch1,"(2, 6)",2,6,4,7.541578769683838,7.573744297027588,-2.363903522491455,-2.36232852935791,0.0015748419100418687,0.0015749931335449219,1.5122350305318832e-07,1.5122350305318832e-07,9.602456099810546e-05,True,0.345938116312027,0.9962025880813599,0.22008395195007324,0.01234579086303711
3,theta3,T4,batch1,"(2, 7)",2,7,0,8.732281684875488,8.241799354553223,-2.3616559505462646,-2.3595962524414062,0.0020597444381564856,0.0020596981048583984,-4.6333298087120056e-08,4.6333298087120056e-08,2.249468294648696e-05,True,0.264354407787323,0.9960334897041321,0.22123360633850098,0.012278556823730469
3,theta3,T4,batch1,"(2, 7)",2,7,1,8.426648139953613,8.038203239440918,-2.3060829639434814,-2.3041577339172363,0.001925572520121932,0.0019252300262451172,-3.424938768148422e-07,3.424938768148422e-07,0.00017786599737783682,True,0.270871102809906,0.9960765838623047,0.2198333740234375,0.011945486068725586
3,theta3,T4,batch1,"(2, 7)",2,7,2,8.130226135253906,7.838152885437012,-2.2612946033477783,-2.259491205215454,0.0018037629779428244,0.0018033981323242188,-3.648456186056137e-07,3.648456186056137e-07,0.00020226915790328334,True,0.27882418036460876,0.9961194396018982,0.21839118003845215,0.012611865997314453
3,theta3,T4,batch1,"(2, 7)",2,7,3,7.841690540313721,7.653322219848633,-2.230480194091797,-2.2287778854370117,0.0017025478882715106,0.0017023086547851562,-2.3923348635435104e-07,2.3923348635435104e-07,0.0001405149822817787,True,0.28792107105255127,0.9961708784103394,0.22124195098876953,0.012006759643554688
3,theta3,T4,batch1,"(2, 7)",2,7,4,7.572274208068848,7.493275165557861,-2.1848623752593994,-2.1832823753356934,0.0015802755951881409,0.0015799999237060547,-2.7567148208618164e-07,2.7567148208618164e-07,0.00017444519356344383,True,0.2954753339290619,0.9962268471717834,0.21967601776123047,0.012151002883911133
3,theta3,T4,batch1,"(3, 4)",3,4,0,8.751189231872559,8.241799354553223,-2.154154062271118,-2.15214204788208,0.002012491226196289,0.002012014389038086,-4.76837158203125e-07,4.76837158203125e-07,0.00023693875133278048,True,0.24831745028495789,0.9960334897041321,0.22167181968688965,0.012864112854003906
3,theta3,T4,batch1,"(3, 4)",3,4,1,8.441827774047852,8.080244064331055,-2.0491034984588623,-2.0473079681396484,0.0017959336983039975,0.0017955303192138672,-4.0337909013032913e-07,4.0337909013032913e-07,0.00022460689418059418,True,0.2476273626089096,0.9961071014404297,0.21744537353515625,0.011925458908081055
3,theta3,T4,batch1,"(3, 4)",3,4,2,8.160313606262207,7.924508571624756,-1.9479302167892456,-1.9463326930999756,0.0015978203155100346,0.0015975236892700195,-2.966262400150299e-07,2.966262400150299e-07,0.00018564430376537359,True,0.24733620882034302,0.9961757659912109,0.2204723358154297,0.01336979866027832
3,theta3,T4,batch1,"(3, 4)",3,4,3,7.887818336486816,7.77047872543335,-1.8544498682022095,-1.8530306816101074,0.0014193695969879627,0.0014191865921020508,-1.8300488591194153e-07,1.8300488591194153e-07,0.00012893391988971393,True,0.24828343093395233,0.9962409138679504,0.22075772285461426,0.012094736099243164
3,theta3,T4,batch1,"(3, 4)",3,4,4,7.641417503356934,7.636709213256836,-1.7752805948257446,-1.7740283012390137,0.0012525910278782248,0.001252293586730957,-2.9744114726781845e-07,2.9744114726781845e-07,0.0002374607039710772,True,0.24805568158626556,0.996298611164093,0.22099852561950684,0.01220703125
3,theta3,T4,batch1,"(3, 5)",3,5,0,8.755748748779297,8.241799354553223,-1.0404047966003418,-1.039418339729309,0.0009864858584478498,0.0009864568710327148,-2.898741513490677e-08,2.898741513490677e-08,2.9384521720885042e-05,True,0.12476465851068497,0.9960334897041321,0.22073030471801758,0.014436483383178711
3,theta3,T4,batch1,"(3, 5)",3,5,1,8.45405387878418,8.074922561645508,-1.0157181024551392,-1.0147993564605713,0.0009188150870613754,0.0009187459945678711,-6.909249350428581e-08,6.909249350428581e-08,7.519738680528495e-05,True,0.12802164256572723,0.996065616607666,0.22401690483093262,0.012366294860839844
3,theta3,T4,batch1,"(3, 5)",3,5,2,8.169750213623047,7.917176723480225,-0.988762378692627,-0.9878935813903809,0.0008689766982570291,0.0008687973022460938,-1.7939601093530655e-07,1.7939601093530655e-07,0.0002064451340238863,True,0.1313491314649582,0.9960925579071045,0.21936917304992676,0.014147281646728516
3,theta3,T4,batch1,"(3, 5)",3,5,3,7.882634162902832,7.750143051147461,-0.9568392038345337,-0.9560229778289795,0.0008162955637089908,0.0008162260055541992,-6.955815479159355e-08,6.955815479159355e-08,8.521197208954943e-05,True,0.13492023944854736,0.996118426322937,0.2224407196044922,0.01309967041015625
3,theta3,T4,batch1,"(3, 5)",3,5,4,7.618417739868164,7.596890449523926,-0.9254586696624756,-0.9246973991394043,0.0007613401976414025,0.0007612705230712891,-6.967457011342049e-08,6.967457011342049e-08,9.151568553620202e-05,True,0.1384008228778839,0.9961448907852173,0.22054338455200195,0.012702703475952148
3,theta3,T4,batch1,"(3, 6)",3,6,0,8.459878921508789,8.241799354553223,-2.7022898197174072,-2.699453353881836,0.002836786676198244,0.002836465835571289,-3.2084062695503235e-07,3.2084062695503235e-07,0.00011310001899226734,True,0.3691047132015228,0.9960334897041321,0.22159719467163086,0.012914896011352539
3,theta3,T4,batch1,"(3, 6)",3,6,1,8.20009994506836,8.051878929138184,-2.5365710258483887,-2.534095525741577,0.002476291498169303,0.0024755001068115234,-7.913913577795029e-07,7.913913577795029e-07,0.0003195873177146432,True,0.35907718539237976,0.9960672855377197,0.21633291244506836,0.012668848037719727
3,theta3,T4,batch1,"(3, 6)",3,6,2,7.953207969665527,7.868986129760742,-2.3688204288482666,-2.3666656017303467,0.002155519323423505,0.002154827117919922,-6.922055035829544e-07,6.922055035829544e-07,0.0003211316623613277,True,0.34818631410598755,0.9961022138595581,0.21812748908996582,0.01193094253540039
3,theta3,T4,batch1,"(3, 6)",3,6,3,7.713654518127441,7.699997425079346,-2.205111026763916,-2.2032668590545654,0.001844424637965858,0.001844167709350586,-2.5692861527204514e-07,2.5692861527204514e-07,0.00013930014270217156,True,0.33650290966033936,0.9961366653442383,0.22361254692077637,0.012634038925170898
3,theta3,T4,batch1,"(3, 6)",3,6,4,7.499128341674805,7.542307376861572,-2.0482370853424072,-2.0466489791870117,0.0015883261803537607,0.0015881061553955078,-2.200249582529068e-07,2.200249582529068e-07,0.000138526305852304,True,0.3258686661720276,0.9961758852005005,0.2200455665588379,0.01254415512084961
3,theta3,T4,batch1,"(3, 7)",3,7,0,8.517623901367188,8.241799354553223,-2.0728137493133545,-2.0706722736358643,0.002141711302101612,0.0021414756774902344,-2.3562461137771606e-07,2.3562461137771606e-07,0.00011001698088183176,True,0.246467724442482,0.9960334897041321,0.22072529792785645,0.012893438339233398
3,theta3,T4,batch1,"(3, 7)",3,7,1,8.199182510375977,8.025197982788086,-1.9632000923156738,-1.961299180984497,0.0019014179706573486,0.0019009113311767578,-5.066394805908203e-07,5.066394805908203e-07,0.0002664535038635758,True,0.2470763474702835,0.9960896968841553,0.21833419799804688,0.012535572052001953
3,theta3,T4,batch1,"(3, 7)",3,7,2,7.9055047035217285,7.817813873291016,-1.8790814876556396,-1.8773705959320068,0.0017109678592532873,0.0017108917236328125,-7.613562047481537e-08,7.613562047481537e-08,4.4498568493298883e-05,True,0.25010231137275696,0.9961430430412292,0.22124838829040527,0.011959552764892578
3,theta3,T4,batch1,"(3, 7)",3,7,3,7.606287956237793,7.6236042976379395,-1.7895785570144653,-1.788069486618042,0.001509378431364894,0.0015090703964233398,-3.080349415540695e-07,3.080349415540695e-07,0.00020408065674790455,True,0.2521652579307556,0.9961982369422913,0.22331762313842773,0.012462377548217773
3,theta3,T4,batch1,"(3, 7)",3,7,4,7.340863227844238,7.465701580047607,-1.7054568529129028,-1.70413339138031,0.0013233767822384834,0.0013234615325927734,8.475035429000854e-08,8.475035429000854e-08,6.404098623118796e-05,True,0.2539047300815582,0.9962542057037354,0.22317290306091309,0.015366315841674805
3,theta3,T4,batch1,"(4, 5)",4,5,0,8.809192657470703,8.241799354553223,-1.9490468502044678,-1.947242259979248,0.001804803847335279,0.0018045902252197266,-2.1362211555242538e-07,2.1362211555242538e-07,0.00011836306525378364,True,0.21024945378303528,0.9960334897041321,0.22254562377929688,0.0117950439453125
3,theta3,T4,batch1,"(4, 5)",4,5,1,8.49266242980957,8.078829765319824,-1.831146478652954,-1.8295544385910034,0.0015923107275739312,0.0015920400619506836,-2.7066562324762344e-07,2.7066562324762344e-07,0.00016998291763066476,True,0.20592334866523743,0.9960975050926208,0.22062349319458008,0.012499332427978516
3,theta3,T4,batch1,"(4, 5)",4,5,2,8.201348304748535,7.927324295043945,-1.7101653814315796,-1.7087677717208862,0.0013977125054225326,0.0013976097106933594,-1.0279472917318344e-07,1.0279472917318344e-07,7.354497350090482e-05,True,0.20109231770038605,0.99615877866745,0.22098278999328613,0.012059450149536133
3,theta3,T4,batch1,"(4, 5)",4,5,3,7.907413005828857,7.781337261199951,-1.5994409322738647,-1.598228096961975,0.0012132144765928388,0.0012128353118896484,-3.791647031903267e-07,3.791647031903267e-07,0.0003125289967320233,True,0.1964973509311676,0.9962167739868164,0.22525429725646973,0.012228012084960938
3,theta3,T4,batch1,"(4, 5)",4,5,4,7.642899513244629,7.663534641265869,-1.5128685235977173,-1.5117992162704468,0.0010696399258449674,0.0010693073272705078,-3.3259857445955276e-07,3.3259857445955276e-07,0.0003109444275809122,True,0.1930302232503891,0.9962721467018127,0.21821880340576172,0.013993024826049805
3,theta3,T4,batch1,"(4, 6)",4,6,0,8.626985549926758,8.241799354553223,-3.610931873321533,-3.60774564743042,0.0031868114601820707,0.0031862258911132812,-5.855690687894821e-07,5.855690687894821e-07,0.0001837476349341442,True,0.45458948612213135,0.9960334897041321,0.2237257957458496,0.013572454452514648
3,theta3,T4,batch1,"(4, 6)",4,6,1,8.362071990966797,8.05545711517334,-3.3929696083068848,-3.3901143074035645,0.00285594561137259,0.0028553009033203125,-6.44708052277565e-07,6.44708052277565e-07,0.0002257424124991348,True,0.44115468859672546,0.9960957765579224,0.22212791442871094,0.011995553970336914
3,theta3,T4,batch1,"(4, 6)",4,6,2,8.095537185668945,7.873475074768066,-3.1683201789855957,-3.1657845973968506,0.0025362425949424505,0.002535581588745117,-6.610061973333359e-07,6.610061973333359e-07,0.0002606242000080969,True,0.4259033501148224,0.9961534142494202,0.22245192527770996,0.013717174530029297
3,theta3,T4,batch1,"(4, 6)",4,6,3,7.84288215637207,7.705924034118652,-2.9527273178100586,-2.950498342514038,0.002229532692581415,0.002228975296020508,-5.573965609073639e-07,5.573965609073639e-07,0.0002500060047390445,True,0.4107288718223572,0.9962131381034851,0.21848154067993164,0.013228416442871094
3,theta3,T4,batch1,"(4, 6)",4,6,4,7.599620819091797,7.562791347503662,-2.760018825531006,-2.7580771446228027,0.0019418802112340927,0.001941680908203125,-1.993030309677124e-07,1.993030309677124e-07,0.00010263405014104987,True,0.3961455523967743,0.9962672591209412,0.222581148147583,0.012667417526245117
3,theta3,T4,batch1,"(4, 7)",4,7,0,8.586175918579102,8.241799354553223,-2.9814560413360596,-2.9787983894348145,0.0026573208160698414,0.002657651901245117,3.310851752758026e-07,3.310851752758026e-07,0.00012459360317866144,True,0.3319525122642517,0.9960334897041321,0.21860361099243164,0.012665510177612305
3,theta3,T4,batch1,"(4, 7)",4,7,1,8.225173950195312,8.031797409057617,-2.680293083190918,-2.678041934967041,0.002251648809760809,0.002251148223876953,-5.005858838558197e-07,5.005858838558197e-07,0.00022231969820773098,True,0.3166283071041107,0.99611896276474,0.22127127647399902,0.011941671371459961
3,theta3,T4,batch1,"(4, 7)",4,7,2,7.889769554138184,7.839219093322754,-2.41195011138916,-2.4100444316864014,0.0019062027567997575,0.001905679702758789,-5.230540409684181e-07,5.230540409684181e-07,0.00027439580553673696,True,0.30337727069854736,0.9962023496627808,0.21950531005859375,0.011999130249023438
3,theta3,T4,batch1,"(4, 7)",4,7,3,7.547335147857666,7.6750006675720215,-2.15560245513916,-2.1540095806121826,0.0015932589303702116,0.001592874526977539,-3.8440339267253876e-07,3.8440339267253876e-07,0.00024126862579908358,True,0.28898102045059204,0.9962819218635559,0.22051525115966797,0.012503862380981445
3,theta3,T4,batch1,"(4, 7)",4,7,4,7.242245674133301,7.555100440979004,-1.934759259223938,-1.9334478378295898,0.0013116963673382998,0.0013114213943481445,-2.7497299015522003e-07,2.7497299015522003e-07,0.00020963158624369486,True,0.27573007345199585,0.9963571429252625,0.21952605247497559,0.012333869934082031
3,theta3,T4,batch1,"(5, 6)",5,6,0,8.593879699707031,8.241799354553223,-2.497182607650757,-2.49442982673645,0.002753115026280284,0.0027527809143066406,-3.341119736433029e-07,3.341119736433029e-07,0.00012135779669719048,True,0.33103668689727783,0.9960334897041321,0.22153139114379883,0.011916160583496094
3,theta3,T4,batch1,"(5, 6)",5,6,1,8.304523468017578,8.048341751098633,-2.328615665435791,-2.3262264728546143,0.0023901318199932575,0.002389192581176758,-9.392388164997101e-07,9.392388164997101e-07,0.00039296527858549647,True,0.3195670247077942,0.9960607886314392,0.22307109832763672,0.012204408645629883
3,theta3,T4,batch1,"(5, 6)",5,6,2,8.026958465576172,7.866601943969727,-2.1509101390838623,-2.1488544940948486,0.0020559816621243954,0.002055644989013672,-3.366731107234955e-07,3.366731107234955e-07,0.00016375297354336295,True,0.30608028173446655,0.9960887432098389,0.22230815887451172,0.012491226196289062
3,theta3,T4,batch1,"(5, 6)",5,6,3,7.745884418487549,7.697655200958252,-1.9708491563796997,-1.9691100120544434,0.0017395311733707786,0.0017391443252563477,-3.868481144309044e-07,3.868481144309044e-07,0.00022238642247571165,True,0.2905837297439575,0.9961184859275818,0.22133231163024902,0.012628555297851562
3,theta3,T4,batch1,"(5, 6)",5,6,4,7.48341178894043,7.558987617492676,-1.809256911277771,-1.8077967166900635,0.0014603974996134639,0.0014601945877075195,-2.0291190594434738e-07,2.0291190594434738e-07,0.00013894292889302662,True,0.27622997760772705,0.9961519837379456,0.22031641006469727,0.013105154037475586
3,theta3,T4,batch1,"(5, 7)",5,7,0,8.61972427368164,8.241799354553223,-1.867706537246704,-1.8658971786499023,0.0018096539424732327,0.0018093585968017578,-2.953456714749336e-07,2.953456714749336e-07,0.00016320560773696222,True,0.2083996832370758,0.9960334897041321,0.21984362602233887,0.011877059936523438
3,theta3,T4,batch1,"(5, 7)",5,7,1,8.24856948852539,8.022095680236816,-1.749253511428833,-1.7476754188537598,0.00157826766371727,0.0015780925750732422,-1.7508864402770996e-07,1.7508864402770996e-07,0.0001109372307706833,True,0.20665796101093292,0.9960950613021851,0.2200760841369629,0.012052774429321289
3,theta3,T4,batch1,"(5, 7)",5,7,2,7.896264553070068,7.824407577514648,-1.6597025394439697,-1.6583073139190674,0.0013954514870420098,0.0013952255249023438,-2.2596213966608047e-07,2.2596213966608047e-07,0.0001619276211063853,True,0.20691196620464325,0.9961549043655396,0.21989798545837402,0.013185739517211914
3,theta3,T4,batch1,"(5, 7)",5,7,3,7.548959732055664,7.648041248321533,-1.5609954595565796,-1.5597807168960571,0.0012146852677688003,0.001214742660522461,5.7392753660678864e-08,5.7392753660678864e-08,4.724907363542902e-05,True,0.2062743753194809,0.9962153434753418,0.2177107334136963,0.012088537216186523
3,theta3,T4,batch1,"(5, 7)",5,7,4,7.238285064697266,7.518050193786621,-1.456783413887024,-1.4557404518127441,0.0010430964175611734,0.0010429620742797852,-1.3434328138828278e-07,1.3434328138828278e-07,0.0001287927742119813,True,0.20416277647018433,0.9962731003761292,0.22388100624084473,0.01309347152709961
3,theta3,T4,batch1,"(6, 7)",6,7,0,8.40190315246582,8.241799354553223,-3.5295917987823486,-3.526339054107666,0.0032528582960367203,0.003252744674682617,-1.1362135410308838e-07,1.1362135410308838e-07,3.4929696827410075e-05,True,0.4527397155761719,0.9960334897041321,0.2184305191040039,0.013222217559814453
3,theta3,T4,batch1,"(6, 7)",6,7,1,8.096014022827148,8.022138595581055,-3.2365918159484863,-3.23380970954895,0.0027827236335724592,0.002782106399536133,-6.172340363264084e-07,6.172340363264084e-07,0.00022180931979005176,True,0.43546316027641296,0.9960524439811707,0.2211933135986328,0.012756109237670898
3,theta3,T4,batch1,"(6, 7)",6,7,2,7.80491828918457,7.821289539337158,-2.9630126953125,-2.9606282711029053,0.002384496619924903,0.0023844242095947266,-7.241033017635345e-08,7.241033017635345e-08,3.036713475342814e-05,True,0.4179491400718689,0.9960725903511047,0.2174074649810791,0.014444351196289062
3,theta3,T4,batch1,"(6, 7)",6,7,3,7.524898529052734,7.648021221160889,-2.7019259929656982,-2.6999101638793945,0.0020163985900580883,0.002015829086303711,-5.695037543773651e-07,5.695037543773651e-07,0.00028243610027566966,True,0.3996003568172455,0.9960981607437134,0.21906614303588867,0.012933731079101562
3,theta3,T4,batch1,"(6, 7)",6,7,4,7.26131534576416,7.508689880371094,-2.46517014503479,-2.463465452194214,0.0017047651344910264,0.0017046928405761719,-7.229391485452652e-08,7.229391485452652e-08,4.240696468496849e-05,True,0.3822631239891052,0.9961247444152832,0.22298479080200195,0.012695789337158203
3,theta3,T4,batch2,"(0, 1)",0,1,0,7.945411205291748,8.241799354553223,-0.9807305335998535,-0.9799487590789795,0.0007818823796696961,0.0007817745208740234,-1.078587956726551e-07,1.078587956726551e-07,0.0001379475973332712,True,0.15629146993160248,0.9960334897041321,0.2232356071472168,0.012046098709106445
3,theta3,T4,batch2,"(0, 1)",0,1,1,7.788242340087891,8.158570289611816,-0.9677519798278809,-0.9670148491859436,0.0007372603286057711,0.0007371306419372559,-1.2968666851520538e-07,1.2968666851520538e-07,0.00017590349498453975,True,0.15873868763446808,0.9960400462150574,0.22174930572509766,0.012169361114501953
3,theta3,T4,batch2,"(0, 1)",0,1,2,7.633414268493652,8.07579517364502,-0.9520813226699829,-0.9513860940933228,0.0006953017436899245,0.0006952285766601562,-7.316702976822853e-08,7.316702976822853e-08,0.00010523061452418559,True,0.1606389433145523,0.9960486888885498,0.22578811645507812,0.01243281364440918
3,theta3,T4,batch2,"(0, 1)",0,1,3,7.4843339920043945,7.976351261138916,-0.9399968385696411,-0.939336359500885,0.0006605454836972058,0.0006604790687561035,-6.641494110226631e-08,6.641494110226631e-08,0.00010054559866268185,True,0.16330289840698242,0.9960590600967407,0.2206435203552246,0.012184619903564453
3,theta3,T4,batch2,"(0, 1)",0,1,4,7.342037677764893,7.879831790924072,-0.9278551936149597,-0.9272289872169495,0.0006263713585212827,0.0006262063980102539,-1.6496051102876663e-07,1.6496051102876663e-07,0.00026335896235453693,True,0.16575931012630463,0.9960759282112122,0.2170565128326416,0.012342691421508789
3,theta3,T4,batch2,"(0, 2)",0,2,0,8.57258415222168,8.241799354553223,-1.5370666980743408,-1.5358285903930664,0.0012380062835291028,0.001238107681274414,1.0139774531126022e-07,1.0139774531126022e-07,8.190406354175551e-05,True,0.18100829422473907,0.9960334897041321,0.22191762924194336,0.013665914535522461
3,theta3,T4,batch2,"(0, 2)",0,2,1,8.364965438842773,8.122381210327148,-1.5175725221633911,-1.5163788795471191,0.0011938493698835373,0.0011936426162719727,-2.0675361156463623e-07,2.0675361156463623e-07,0.00017318232666555373,True,0.18494431674480438,0.9960304498672485,0.22132325172424316,0.01547551155090332
3,theta3,T4,batch2,"(0, 2)",0,2,2,8.164920806884766,7.987695217132568,-1.4932173490524292,-1.492063045501709,0.0011542855063453317,0.0011543035507202148,1.8044374883174896e-08,1.8044374883174896e-08,1.563250580898873e-05,True,0.18866847455501556,0.9960306286811829,0.22350382804870605,0.01173090934753418
3,theta3,T4,batch2,"(0, 2)",0,2,3,7.964384078979492,7.844177722930908,-1.470119595527649,-1.469005823135376,0.001113942009396851,0.0011137723922729492,-1.6961712390184402e-07,1.6961712390184402e-07,0.00015226746318121532,True,0.19275666773319244,0.9960331320762634,0.21970510482788086,0.01501154899597168
3,theta3,T4,batch2,"(0, 2)",0,2,4,7.769721508026123,7.722165107727051,-1.449601411819458,-1.4485276937484741,0.0010736968833953142,0.0010737180709838867,2.1187588572502136e-08,2.1187588572502136e-08,1.973330546094291e-05,True,0.19727100431919098,0.9960368275642395,0.22081685066223145,0.013002395629882812
3,theta3,T4,batch2,"(0, 3)",0,3,0,8.39071273803711,8.241799354553223,-1.2482247352600098,-1.247196912765503,0.001027965801768005,0.001027822494506836,-1.4330726116895676e-07,1.4330726116895676e-07,0.00013940858822587452,True,0.16312158107757568,0.9960334897041321,0.21988177299499512,0.012218952178955078
3,theta3,T4,batch2,"(0, 3)",0,3,1,8.191650390625,8.116694450378418,-1.215688705444336,-1.2147325277328491,0.0009563287603668869,0.0009561777114868164,-1.5104888007044792e-07,1.5104888007044792e-07,0.00015794660406584382,True,0.1643618792295456,0.9960291981697083,0.21538519859313965,0.012121200561523438
3,theta3,T4,batch2,"(0, 3)",0,3,2,8.017208099365234,7.999822616577148,-1.1851916313171387,-1.1842998266220093,0.0008918365347199142,0.0008918046951293945,-3.183959051966667e-08,3.183959051966667e-08,3.57011506931212e-05,True,0.16572974622249603,0.9960277676582336,0.22285079956054688,0.011970758438110352
3,theta3,T4,batch2,"(0, 3)",0,3,3,7.855488300323486,7.874722957611084,-1.1499207019805908,-1.1490904092788696,0.0008302934002131224,0.0008302927017211914,-6.984919309616089e-10,6.984919309616089e-10,8.412591630649091e-07,True,0.16671410202980042,0.9960291385650635,0.21697044372558594,0.012670755386352539
3,theta3,T4,batch2,"(0, 3)",0,3,4,7.699538230895996,7.757429122924805,-1.1132268905639648,-1.1124610900878906,0.0007657958776690066,0.0007658004760742188,4.598405212163925e-09,4.598405212163925e-09,6.00474009622634e-06,True,0.16683658957481384,0.9960379600524902,0.22306251525878906,0.012217998504638672
3,theta3,T4,batch2,"(0, 4)",0,4,0,8.505741119384766,8.241799354553223,-2.156867027282715,-2.155107259750366,0.0017600490245968103,0.0017597675323486328,-2.814922481775284e-07,2.814922481775284e-07,0.00015993432242150882,True,0.24860639870166779,0.9960334897041321,0.21917986869812012,0.011687040328979492
3,theta3,T4,batch2,"(0, 4)",0,4,1,8.305398941040039,8.100198745727539,-2.0774927139282227,-2.0758962631225586,0.0015964555786922574,0.0015964508056640625,-4.773028194904327e-09,4.773028194904327e-09,2.989765740186878e-06,True,0.24618305265903473,0.996056318283081,0.21690034866333008,0.01244044303894043
3,theta3,T4,batch2,"(0, 4)",0,4,2,8.116155624389648,7.962827205657959,-2.002690315246582,-2.0012311935424805,0.0014593026135116816,0.0014591217041015625,-1.809094101190567e-07,1.809094101190567e-07,0.00012396977052190315,True,0.24420706927776337,0.9960783123970032,0.22129154205322266,0.012067794799804688
3,theta3,T4,batch2,"(0, 4)",0,4,3,7.9290080070495605,7.808873653411865,-1.9354352951049805,-1.9340870380401611,0.0013484013034030795,0.001348257064819336,-1.4423858374357224e-07,1.4423858374357224e-07,0.00010697007143166102,True,0.2429201900959015,0.9961035251617432,0.2216968536376953,0.012084722518920898
3,theta3,T4,batch2,"(0, 4)",0,4,4,7.744307518005371,7.6779680252075195,-1.8737435340881348,-1.872497320175171,0.0012463114690035582,0.0012462139129638672,-9.755603969097137e-08,9.755603969097137e-08,7.827580995380607e-05,True,0.2417241930961609,0.9961315989494324,0.22206449508666992,0.012615680694580078
3,theta3,T4,batch2,"(0, 5)",0,5,0,8.411853790283203,8.241799354553223,-1.0431175231933594,-1.0423203706741333,0.0007971777231432498,0.0007971525192260742,-2.5203917175531387e-08,2.5203917175531387e-08,3.1616434383230175e-05,True,0.12505356967449188,0.9960334897041321,0.2182910442352295,0.012207269668579102
3,theta3,T4,batch2,"(0, 5)",0,5,1,8.206040382385254,8.11349868774414,-1.0292656421661377,-1.0284850597381592,0.0007806061184965074,0.0007805824279785156,-2.3690517991781235e-08,2.3690517991781235e-08,3.0348875611442227e-05,True,0.12776537239551544,0.9960111379623413,0.2233588695526123,0.011878490447998047
3,theta3,T4,batch2,"(0, 5)",0,5,2,8.003993034362793,7.979004383087158,-1.0128400325775146,-1.012075424194336,0.0007646745652891695,0.0007646083831787109,-6.618211045861244e-08,6.618211045861244e-08,8.65493812175968e-05,True,0.1298953890800476,0.9959931373596191,0.22088861465454102,0.012838363647460938
3,theta3,T4,batch2,"(0, 5)",0,5,3,7.816113471984863,7.849524974822998,-0.9833908677101135,-0.9826525449752808,0.0007384652853943408,0.0007383227348327637,-1.4255056157708168e-07,1.4255056157708168e-07,0.00019303623934192063,True,0.1306677758693695,0.9959842562675476,0.21810150146484375,0.012654304504394531
3,theta3,T4,batch2,"(0, 5)",0,5,4,7.623239517211914,7.730528354644775,-0.967186689376831,-0.9664719104766846,0.0007147379219532013,0.0007147789001464844,4.0978193283081055e-08,4.0978193283081055e-08,5.73331734953951e-05,True,0.13293588161468506,0.9959790706634521,0.2263944149017334,0.012014150619506836
3,theta3,T4,batch2,"(0, 6)",0,6,0,8.227785110473633,8.241799354553223,-2.7050023078918457,-2.7024617195129395,0.0025413779076188803,0.00254058837890625,-7.895287126302719e-07,7.895287126302719e-07,0.0003106695427953937,True,0.36939358711242676,0.9960334897041321,0.21721982955932617,0.011777162551879883
3,theta3,T4,batch2,"(0, 6)",0,6,1,8.051214218139648,8.097211837768555,-2.55287766456604,-2.5506398677825928,0.0022380007430911064,0.0022377967834472656,-2.039596438407898e-07,2.039596438407898e-07,9.113475251088727e-05,True,0.35865867137908936,0.9960285425186157,0.2180004119873047,0.014079570770263672
3,theta3,T4,batch2,"(0, 6)",0,6,2,7.886096954345703,7.954413414001465,-2.41040301322937,-2.4084274768829346,0.0019758841954171658,0.001975536346435547,-3.478489816188812e-07,3.478489816188812e-07,0.0001760472513650732,True,0.34860268235206604,0.9960262775421143,0.22308349609375,0.011982440948486328
3,theta3,T4,batch2,"(0, 6)",0,6,3,7.733282089233398,7.8220109939575195,-2.279430866241455,-2.2776780128479004,0.0017527248710393906,0.0017528533935546875,1.2852251529693604e-07,1.2852251529693604e-07,7.332726169436985e-05,True,0.3385900557041168,0.9960297346115112,0.2264554500579834,0.014345169067382812
3,theta3,T4,batch2,"(0, 6)",0,6,4,7.584648132324219,7.697892189025879,-2.1532886028289795,-2.1517350673675537,0.0015541763277724385,0.0015535354614257812,-6.408663466572762e-07,6.408663466572762e-07,0.0004123511182130882,True,0.3284352421760559,0.9960368871688843,0.22348284721374512,0.011849164962768555
3,theta3,T4,batch2,"(0, 7)",0,7,0,8.272762298583984,8.241799354553223,-2.075526714324951,-2.073789596557617,0.0017370629357174039,0.0017371177673339844,5.48316165804863e-08,5.48316165804863e-08,3.156570522175176e-05,True,0.2467566281557083,0.9960334897041321,0.22048735618591309,0.012437582015991211
3,theta3,T4,batch2,"(0, 7)",0,7,1,8.089990615844727,8.090215682983398,-2.0001742839813232,-1.9985910654067993,0.001583338133059442,0.0015832185745239258,-1.1955853551626205e-07,1.1955853551626205e-07,7.55104251075178e-05,True,0.24593590199947357,0.9960494637489319,0.22208094596862793,0.01194310188293457
3,theta3,T4,batch2,"(0, 7)",0,7,2,7.910186290740967,7.932499408721924,-1.9252434968948364,-1.923803448677063,0.0014404308749362826,0.0014400482177734375,-3.8265716284513474e-07,3.8265716284513474e-07,0.0002656546520235215,True,0.24548767507076263,0.996063768863678,0.2190382480621338,0.01267099380493164
3,theta3,T4,batch2,"(0, 7)",0,7,3,7.746225833892822,7.781238555908203,-1.8636691570281982,-1.8623484373092651,0.0013210892211645842,0.0013207197189331055,-3.695022314786911e-07,3.695022314786911e-07,0.0002796951375872726,True,0.24559304118156433,0.9960841536521912,0.22067880630493164,0.012221097946166992
3,theta3,T4,batch2,"(0, 7)",0,7,4,7.5771708488464355,7.639384746551514,-1.793787956237793,-1.792586088180542,0.001202091109007597,0.0012018680572509766,-2.230517566204071e-07,2.230517566204071e-07,0.00018555312068196776,True,0.24440646171569824,0.9961075186729431,0.21974658966064453,0.02218914031982422
3,theta3,T4,batch2,"(1, 2)",1,2,0,8.396573066711426,8.241799354553223,-1.2668596506118774,-1.2658185958862305,0.001041223295032978,0.0010410547256469727,-1.685693860054016e-07,1.685693860054016e-07,0.00016189551925080835,True,0.17388924956321716,0.9960334897041321,0.21887683868408203,0.012046098709106445
3,theta3,T4,batch2,"(1, 2)",1,2,1,8.163039207458496,8.123893737792969,-1.2258111238479614,-1.2248598337173462,0.0009514138801023364,0.0009512901306152344,-1.237494871020317e-07,1.237494871020317e-07,0.0001300690369250456,True,0.17725276947021484,0.9960687756538391,0.21709728240966797,0.011772632598876953
3,theta3,T4,batch2,"(1, 2)",1,2,2,7.937442779541016,7.989290237426758,-1.1836477518081665,-1.1827787160873413,0.0008690006798133254,0.0008690357208251953,3.504101186990738e-08,3.504101186990738e-08,4.03233422986904e-05,True,0.18045595288276672,0.9961041808128357,0.22154498100280762,0.012393951416015625
3,theta3,T4,batch2,"(1, 2)",1,2,3,7.725213050842285,7.8714704513549805,-1.1522071361541748,-1.151398777961731,0.0008083608699962497,0.0008083581924438477,-2.6775524020195007e-09,2.6775524020195007e-09,3.3123231237453676e-06,True,0.18529169261455536,0.9961372017860413,0.22206687927246094,0.01315164566040039
3,theta3,T4,batch2,"(1, 2)",1,2,4,7.512081623077393,7.767806053161621,-1.1260831356048584,-1.1253293752670288,0.0007537890342064202,0.0007537603378295898,-2.8696376830339432e-08,2.8696376830339432e-08,3.806950688868886e-05,True,0.19028013944625854,0.9961745738983154,0.22678399085998535,0.012705087661743164
3,theta3,T4,batch2,"(1, 3)",1,3,0,8.24424934387207,8.241799354553223,-0.9780178070068359,-0.9771509766578674,0.0008670272072777152,0.0008668303489685059,-1.9685830920934677e-07,1.9685830920934677e-07,0.00022704974833193627,True,0.15600255131721497,0.9960334897041321,0.22406983375549316,0.01222372055053711
3,theta3,T4,batch2,"(1, 3)",1,3,1,8.048933029174805,8.130128860473633,-0.96262526512146,-0.9618379473686218,0.0007873995346017182,0.0007873177528381348,-8.178176358342171e-08,8.178176358342171e-08,0.00010386310886605806,True,0.16007813811302185,0.996066689491272,0.2195568084716797,0.011862516403198242
3,theta3,T4,batch2,"(1, 3)",1,3,2,7.868474006652832,8.010432243347168,-0.949793815612793,-0.9490675330162048,0.0007264698506332934,0.0007262825965881348,-1.8725404515862465e-07,1.8725404515862465e-07,0.00025775886638019135,True,0.16440507769584656,0.9960978627204895,0.22119545936584473,0.012578964233398438
3,theta3,T4,batch2,"(1, 3)",1,3,3,7.693788528442383,7.9007487297058105,-0.937335729598999,-0.9366646409034729,0.000671178218908608,0.000671088695526123,-8.952338248491287e-08,8.952338248491287e-08,0.0001333824310188215,True,0.16878485679626465,0.9961269497871399,0.21954631805419922,0.01208639144897461
3,theta3,T4,batch2,"(1, 3)",1,3,4,7.528290748596191,7.799743175506592,-0.9283022284507751,-0.9276753664016724,0.0006270336452871561,0.0006268620491027832,-1.7159618437290192e-07,1.7159618437290192e-07,0.0002736634400125655,True,0.1733195185661316,0.9961562156677246,0.22139978408813477,0.01194310188293457
3,theta3,T4,batch2,"(1, 4)",1,4,0,8.321109771728516,8.241799354553223,-1.8866599798202515,-1.885080337524414,0.0015798738459125161,0.0015796422958374023,-2.3155007511377335e-07,2.3155007511377335e-07,0.00014656238263127447,True,0.24148735404014587,0.9960334897041321,0.22309589385986328,0.011878252029418945
3,theta3,T4,batch2,"(1, 4)",1,4,1,8.105317115783691,8.119178771972656,-1.740615963935852,-1.7392915487289429,0.0013244330184534192,0.0013244152069091797,-1.7811544239521027e-08,1.7811544239521027e-08,1.3448429623356951e-05,True,0.23496581614017487,0.9960852265357971,0.22336792945861816,0.012059688568115234
3,theta3,T4,batch2,"(1, 4)",1,4,2,7.903531551361084,7.997657299041748,-1.6141870021820068,-1.6130627393722534,0.0011246111243963242,0.001124262809753418,-3.4831464290618896e-07,3.4831464290618896e-07,0.0003097200759890753,True,0.22970271110534668,0.9961366057395935,0.2195596694946289,0.01263737678527832
3,theta3,T4,batch2,"(1, 4)",1,4,3,7.711519241333008,7.881324768066406,-1.4960970878601074,-1.4951353073120117,0.0009616970201022923,0.0009617805480957031,8.352799341082573e-08,8.352799341082573e-08,8.685479071354631e-05,True,0.22481942176818848,0.9961846470832825,0.2209312915802002,0.013074636459350586
3,theta3,T4,batch2,"(1, 4)",1,4,4,7.521408557891846,7.787352085113525,-1.3992884159088135,-1.3984555006027222,0.0008329885895363986,0.0008329153060913086,-7.328344509005547e-08,7.328344509005547e-08,8.797652934338693e-05,True,0.2208741456270218,0.9962334632873535,0.22333836555480957,0.012214899063110352
3,theta3,T4,batch2,"(1, 5)",1,5,0,8.12000560760498,8.241799354553223,-0.7729105949401855,-0.7724283337593079,0.00048220634926110506,0.00048226118087768555,5.48316165804863e-08,5.48316165804863e-08,0.00011370986023826924,True,0.11793454736471176,0.9960334897041321,0.22041940689086914,0.012602567672729492
3,theta3,T4,batch2,"(1, 5)",1,5,1,7.898974418640137,8.13009262084961,-0.7671526074409485,-0.7666955590248108,0.00045717888860963285,0.0004570484161376953,-1.304724719375372e-07,1.304724719375372e-07,0.0002853860385686849,True,0.12192126363515854,0.996059775352478,0.2234816551208496,0.012439489364624023
3,theta3,T4,batch2,"(1, 5)",1,5,2,7.691113471984863,8.01303482055664,-0.7624984979629517,-0.7620611786842346,0.00043730513425543904,0.000437319278717041,1.414446160197258e-08,1.414446160197258e-08,3.234460447407074e-05,True,0.12642963230609894,0.9960853457450867,0.21899914741516113,0.012284040451049805
3,theta3,T4,batch2,"(1, 5)",1,5,3,7.486486434936523,7.901196479797363,-0.7532549500465393,-0.7528378367424011,0.0004172185726929456,0.0004171133041381836,-1.052685547620058e-07,1.052685547620058e-07,0.0002523103276120903,True,0.12986235320568085,0.9961121678352356,0.22214722633361816,0.01199793815612793
3,theta3,T4,batch2,"(1, 5)",1,5,4,7.292701721191406,7.80246114730835,-0.748394787311554,-0.7479946613311768,0.0004001115739811212,0.00040012598037719727,1.4406396076083183e-08,1.4406396076083183e-08,3.600594687311628e-05,True,0.1336762011051178,0.9961386919021606,0.21951031684875488,0.01260519027709961
3,theta3,T4,batch2,"(1, 6)",1,6,0,8.114269256591797,8.241799354553223,-2.434795379638672,-2.4323277473449707,0.0024682965595275164,0.002467632293701172,-6.6426582634449e-07,6.6426582634449e-07,0.0002691191314837972,True,0.36227455735206604,0.9960334897041321,0.2205965518951416,0.01269078254699707
3,theta3,T4,batch2,"(1, 6)",1,6,1,7.913642883300781,8.098998069763184,-2.259016275405884,-2.2569222450256348,0.0020945256110280752,0.0020940303802490234,-4.952307790517807e-07,4.952307790517807e-07,0.0002364405459853518,True,0.3494913876056671,0.9960273504257202,0.22061610221862793,0.011952400207519531
3,theta3,T4,batch2,"(1, 6)",1,6,2,7.724209785461426,7.961038112640381,-2.093975782394409,-2.0921967029571533,0.001779360813088715,0.0017790794372558594,-2.8137583285570145e-07,2.8137583285570145e-07,0.00015813309520246958,True,0.3366695046424866,0.9960243701934814,0.2197883129119873,0.01209878921508789
3,theta3,T4,batch2,"(1, 6)",1,6,3,7.540595531463623,7.833066463470459,-1.938030481338501,-1.9365129470825195,0.001517805620096624,0.0015175342559814453,-2.7136411517858505e-07,2.7136411517858505e-07,0.00017878713294085046,True,0.32397517561912537,0.9960242509841919,0.22299885749816895,0.012166500091552734
3,theta3,T4,batch2,"(1, 6)",1,6,4,7.356179714202881,7.71475076675415,-1.789986252784729,-1.7887111902236938,0.0012750400928780437,0.0012750625610351562,2.246815711259842e-08,2.246815711259842e-08,1.762152989392113e-05,True,0.3116130530834198,0.9960302114486694,0.21972417831420898,0.012972116470336914
3,theta3,T4,batch2,"(1, 7)",1,7,0,8.024566650390625,8.241799354553223,-1.8053195476531982,-1.8038206100463867,0.0014991674106568098,0.0014989376068115234,-2.2980384528636932e-07,2.2980384528636932e-07,0.00015328764729863524,True,0.2396375983953476,0.9960334897041321,0.22227787971496582,0.013427495956420898
3,theta3,T4,batch2,"(1, 7)",1,7,1,7.821389675140381,8.093700408935547,-1.7029731273651123,-1.7016735076904297,0.001299691735766828,0.0012996196746826172,-7.206108421087265e-08,7.206108421087265e-08,5.544475064955003e-05,True,0.2372966706752777,0.9960757493972778,0.21841192245483398,0.011672735214233398
3,theta3,T4,batch2,"(1, 7)",1,7,2,7.6271162033081055,7.952565670013428,-1.6147239208221436,-1.6135915517807007,0.0011326384264975786,0.001132369041442871,-2.6938505470752716e-07,2.6938505470752716e-07,0.00023783852675786208,True,0.2365865260362625,0.9961144924163818,0.2214066982269287,0.01246786117553711
3,theta3,T4,batch2,"(1, 7)",1,7,3,7.448711395263672,7.829977989196777,-1.535307765007019,-1.5343056917190552,0.0010021307971328497,0.0010020732879638672,-5.75091689825058e-08,5.75091689825058e-08,5.738688916361281e-05,True,0.23486435413360596,0.9961532354354858,0.22356152534484863,0.012539386749267578
3,theta3,T4,batch2,"(1, 7)",1,7,4,7.262163162231445,7.7121453285217285,-1.449232816696167,-1.448362112045288,0.000870523857884109,0.0008707046508789062,1.8079299479722977e-07,1.8079299479722977e-07,0.00020768298669799162,True,0.23184487223625183,0.996191143989563,0.2237110137939453,0.012436866760253906
3,theta3,T4,batch2,"(2, 3)",2,3,0,8.679759979248047,8.241799354553223,-1.5343538522720337,-1.5330121517181396,0.0013420243049040437,0.001341700553894043,-3.237510100007057e-07,3.237510100007057e-07,0.00024124079483333523,True,0.18071939051151276,0.9960334897041321,0.2176828384399414,0.012752294540405273
3,theta3,T4,batch2,"(2, 3)",2,3,1,8.448214530944824,8.111515998840332,-1.469301700592041,-1.4680606126785278,0.0012410705676302314,0.0012410879135131836,1.7345882952213287e-08,1.7345882952213287e-08,1.3976548477283185e-05,True,0.18176846206188202,0.9960641264915466,0.22372150421142578,0.013036012649536133
3,theta3,T4,batch2,"(2, 3)",2,3,2,8.23393440246582,7.969326496124268,-1.3998007774353027,-1.3986573219299316,0.0011435060296207666,0.0011434555053710938,-5.052424967288971e-08,5.052424967288971e-08,4.4183632061516644e-05,True,0.18241503834724426,0.9960930943489075,0.22287559509277344,0.013213872909545898
3,theta3,T4,batch2,"(2, 3)",2,3,3,8.027979850769043,7.832147598266602,-1.3309657573699951,-1.329921841621399,0.0010439512552693486,0.0010439157485961914,-3.550667315721512e-08,3.550667315721512e-08,3.401181135421317e-05,True,0.18298682570457458,0.9961240887641907,0.22194290161132812,0.01235651969909668
3,theta3,T4,batch2,"(2, 3)",2,3,4,7.834427833557129,7.712711811065674,-1.27720046043396,-1.2762451171875,0.0009555431315675378,0.0009553432464599609,-1.9988510757684708e-07,1.9988510757684708e-07,0.00020918480911368383,True,0.18471626937389374,0.9961515069007874,0.22372651100158691,0.012481212615966797
3,theta3,T4,batch2,"(2, 4)",2,4,0,8.765385627746582,8.241799354553223,-2.4429962635040283,-2.4411070346832275,0.0018891228828579187,0.0018892288208007812,1.0593794286251068e-07,1.0593794286251068e-07,5.6077846403641435e-05,True,0.2662041485309601,0.9960334897041321,0.22039341926574707,0.012126445770263672
3,theta3,T4,batch2,"(2, 4)",2,4,1,8.554656982421875,8.12542724609375,-2.3582828044891357,-2.356525182723999,0.0017577691469341516,0.0017576217651367188,-1.4738179743289948e-07,1.4738179743289948e-07,8.384593488283623e-05,True,0.2652352452278137,0.9960805177688599,0.21994781494140625,0.012636899948120117
3,theta3,T4,batch2,"(2, 4)",2,4,2,8.348745346069336,8.000388145446777,-2.2781615257263184,-2.276522397994995,0.0016393271507695317,0.0016391277313232422,-1.9941944628953934e-07,1.9941944628953934e-07,0.0001216471319931034,True,0.2647530138492584,0.9961247444152832,0.2230069637298584,0.012299776077270508
3,theta3,T4,batch2,"(2, 4)",2,4,3,8.146244049072266,7.872023105621338,-2.2109897136688232,-2.209446668624878,0.0015433966182172298,0.0015430450439453125,-3.5157427191734314e-07,3.5157427191734314e-07,0.0002277925633421725,True,0.2655039131641388,0.9961674213409424,0.22061848640441895,0.012420177459716797
3,theta3,T4,batch2,"(2, 4)",2,4,4,7.946476936340332,7.753658771514893,-2.1404380798339844,-2.138990640640259,0.0014475989155471325,0.001447439193725586,-1.5972182154655457e-07,1.5972182154655457e-07,0.00011033568748301136,True,0.2664041817188263,0.9962159395217896,0.22017502784729004,0.012244224548339844
3,theta3,T4,batch2,"(2, 5)",2,5,0,8.849956512451172,8.241799354553223,-1.3292466402053833,-1.3281803131103516,0.0010665026493370533,0.0010663270950317383,-1.755543053150177e-07,1.755543053150177e-07,0.00016460747230599351,True,0.14265134930610657,0.9960334897041321,0.2229633331298828,0.012352705001831055
3,theta3,T4,batch2,"(2, 5)",2,5,1,8.60517692565918,8.103422164916992,-1.3135861158370972,-1.3125523328781128,0.0010340138105675578,0.001033782958984375,-2.3085158318281174e-07,2.3085158318281174e-07,0.00022325773681504318,True,0.14622320234775543,0.9960587620735168,0.22583627700805664,0.015451192855834961
3,theta3,T4,batch2,"(2, 5)",2,5,2,8.365694999694824,7.951509952545166,-1.2868428230285645,-1.2858420610427856,0.0010010793339461088,0.0010007619857788086,-3.173481673002243e-07,3.173481673002243e-07,0.00031700601195040567,True,0.1489846259355545,0.9960842132568359,0.2230987548828125,0.012779474258422852
3,theta3,T4,batch2,"(2, 5)",2,5,3,8.119710922241211,7.800434589385986,-1.2625651359558105,-1.2615978717803955,0.0009673087042756379,0.0009672641754150391,-4.4528860598802567e-08,4.4528860598802567e-08,4.603376399072898e-05,True,0.1526559442281723,0.9961169958114624,0.21481800079345703,0.012366533279418945
3,theta3,T4,batch2,"(2, 5)",2,5,4,7.872684478759766,7.645358085632324,-1.245437741279602,-1.2444984912872314,0.0009394405060447752,0.0009392499923706055,-1.9051367416977882e-07,1.9051367416977882e-07,0.00020279482622255447,True,0.15773245692253113,0.9961536526679993,0.221052885055542,0.012477636337280273
3,theta3,T4,batch2,"(2, 6)",2,6,0,8.540298461914062,8.241799354553223,-2.9911317825317383,-2.9885411262512207,0.002590695396065712,0.002590656280517578,-3.91155481338501e-08,3.91155481338501e-08,1.5098474407007417e-05,True,0.386991411447525,0.9960334897041321,0.21862316131591797,0.011621713638305664
3,theta3,T4,batch2,"(2, 6)",2,6,1,8.346054077148438,8.099857330322266,-2.8553948402404785,-2.853031635284424,0.0023639241699129343,0.0023632049560546875,-7.192138582468033e-07,7.192138582468033e-07,0.00030424573994405777,True,0.3788120150566101,0.9960814118385315,0.2212352752685547,0.012296676635742188
3,theta3,T4,batch2,"(2, 6)",2,6,2,8.157221794128418,7.957489013671875,-2.7078120708465576,-2.705683708190918,0.002128421328961849,0.0021283626556396484,-5.8673322200775146e-08,5.8673322200775146e-08,2.7566591915987528e-05,True,0.3689625561237335,0.9961267113685608,0.22188568115234375,0.012309551239013672
3,theta3,T4,batch2,"(2, 6)",2,6,3,7.978655815124512,7.819434642791748,-2.579087972640991,-2.577148914337158,0.0019395146518945694,0.0019390583038330078,-4.5634806156158447e-07,4.5634806156158447e-07,0.00023528982424330313,True,0.3609681725502014,0.9961712956428528,0.2210695743560791,0.012239694595336914
3,theta3,T4,batch2,"(2, 6)",2,6,4,7.78898811340332,7.682992935180664,-2.447441339492798,-2.445697069168091,0.0017449704464524984,0.0017442703247070312,-7.00121745467186e-07,7.00121745467186e-07,0.00040122269514106907,True,0.3520665466785431,0.996219277381897,0.2203686237335205,0.012763738632202148
3,theta3,T4,batch2,"(2, 7)",2,7,0,8.66128158569336,8.241799354553223,-2.3616559505462646,-2.359809398651123,0.0018463939195498824,0.0018465518951416016,1.5797559171915054e-07,1.5797559171915054e-07,8.555898611151305e-05,True,0.264354407787323,0.9960334897041321,0.21676063537597656,0.011984109878540039
3,theta3,T4,batch2,"(2, 7)",2,7,1,8.435966491699219,8.089107513427734,-2.3484253883361816,-2.34664249420166,0.0017833957681432366,0.0017828941345214844,-5.016336217522621e-07,5.016336217522621e-07,0.0002812800336935489,True,0.27249234914779663,0.9960824847221375,0.22166824340820312,0.01213979721069336
3,theta3,T4,batch2,"(2, 7)",2,7,2,8.218910217285156,7.931116580963135,-2.336277961730957,-2.334562301635742,0.001716055441647768,0.0017156600952148438,-3.9534643292427063e-07,3.9534643292427063e-07,0.00023038092087785715,True,0.28166091442108154,0.99613356590271,0.22100186347961426,0.012587308883666992
3,theta3,T4,batch2,"(2, 7)",2,7,3,8.011550903320312,7.773293972015381,-2.3177051544189453,-2.3160488605499268,0.001656463136896491,0.0016562938690185547,-1.6926787793636322e-07,1.6926787793636322e-07,0.00010218632347804576,True,0.2904941141605377,0.9961836338043213,0.2270510196685791,0.012904644012451172
3,theta3,T4,batch2,"(2, 7)",2,7,4,7.802547931671143,7.622823715209961,-2.3032326698303223,-2.301650285720825,0.001582450931891799,0.0015823841094970703,-6.682239472866058e-08,6.682239472866058e-08,4.2227151175408205e-05,True,0.2997973561286926,0.9962377548217773,0.21886372566223145,0.012601375579833984
3,theta3,T4,batch2,"(3, 4)",3,4,0,8.746499061584473,8.241799354553223,-2.154154062271118,-2.152402877807617,0.0017515587387606502,0.0017511844635009766,-3.7427525967359543e-07,3.7427525967359543e-07,0.00021368124938728647,True,0.24831745028495789,0.9960334897041321,0.2227005958557129,0.01229548454284668
3,theta3,T4,batch2,"(3, 4)",3,4,1,8.540529251098633,8.111845970153809,-2.074791193008423,-2.0731923580169678,0.001598903676494956,0.0015988349914550781,-6.868503987789154e-08,6.868503987789154e-08,4.295758455472425e-05,True,0.2480023205280304,0.996087372303009,0.2209923267364502,0.012900590896606445
3,theta3,T4,batch2,"(3, 4)",3,4,2,8.353374481201172,7.980158805847168,-1.9989020824432373,-1.9974427223205566,0.0014596969122067094,0.001459360122680664,-3.367895260453224e-07,3.367895260453224e-07,0.00023072565491433285,True,0.24785153567790985,0.99614018201828,0.22270703315734863,0.012547016143798828
3,theta3,T4,batch2,"(3, 4)",3,4,3,8.168436050415039,7.854589462280273,-1.9346096515655518,-1.9332700967788696,0.0013399001909419894,0.001339554786682129,-3.454042598605156e-07,3.454042598605156e-07,0.0002577835738777574,True,0.24861198663711548,0.996191143989563,0.2216808795928955,0.013495683670043945
3,theta3,T4,batch2,"(3, 4)",3,4,4,7.983406066894531,7.72799015045166,-1.8686039447784424,-1.8673784732818604,0.0012255461188033223,0.0012254714965820312,-7.462222129106522e-08,7.462222129106522e-08,6.088895403130946e-05,True,0.2495116889476776,0.9962392449378967,0.21958327293395996,0.014803886413574219
3,theta3,T4,batch2,"(3, 5)",3,5,0,8.67575454711914,8.241799354553223,-1.0404047966003418,-1.039492130279541,0.0009126715594902635,0.0009126663208007812,-5.238689482212067e-09,5.238689482212067e-09,5.739950399175284e-06,True,0.12476465851068497,0.9960334897041321,0.21836447715759277,0.012261629104614258
3,theta3,T4,batch2,"(3, 5)",3,5,1,8.447620391845703,8.097603797912598,-1.0138278007507324,-1.0129892826080322,0.0008386099943891168,0.0008385181427001953,-9.185168892145157e-08,9.185168892145157e-08,0.00010952849302536715,True,0.12661796808242798,0.9960560202598572,0.21930456161499023,0.012228250503540039
3,theta3,T4,batch2,"(3, 5)",3,5,2,8.229881286621094,7.947546005249023,-0.9833285808563232,-0.9825612306594849,0.0007674813969060779,0.0007673501968383789,-1.3120006769895554e-07,1.3120006769895554e-07,0.0001709488571682102,True,0.12810155749320984,0.9960769414901733,0.22021913528442383,0.01402902603149414
3,theta3,T4,batch2,"(3, 5)",3,5,3,8.02896499633789,7.806168556213379,-0.9488145112991333,-0.9481191039085388,0.0006955887656658888,0.0006954073905944824,-1.8137507140636444e-07,1.8137507140636444e-07,0.00026075043238045064,True,0.12915989756584167,0.9961000680923462,0.2162001132965088,0.012581110000610352
3,theta3,T4,batch2,"(3, 5)",3,5,4,7.83189058303833,7.671360492706299,-0.9167633056640625,-0.9161285758018494,0.0006348193273879588,0.0006347298622131348,-8.94651748239994e-08,8.94651748239994e-08,0.00014093013707083357,True,0.13095393776893616,0.9961259961128235,0.2233901023864746,0.012004375457763672
3,theta3,T4,batch2,"(3, 6)",3,6,0,8.450942993164062,8.241799354553223,-2.7022898197174072,-2.699672222137451,0.0026182790752500296,0.0026175975799560547,-6.814952939748764e-07,6.814952939748764e-07,0.00026028367274401326,True,0.3691047132015228,0.9960334897041321,0.2197563648223877,0.022460222244262695
3,theta3,T4,batch2,"(3, 6)",3,6,1,8.244032859802246,8.073722839355469,-2.5438246726989746,-2.541505813598633,0.002319678431376815,0.002318859100341797,-8.193310350179672e-07,8.193310350179672e-07,0.0003532088861694782,True,0.35942912101745605,0.9960655570030212,0.2222132682800293,0.012072563171386719
3,theta3,T4,batch2,"(3, 6)",3,6,2,8.057357788085938,7.915781497955322,-2.3895864486694336,-2.387542486190796,0.002044439082965255,0.0020439624786376953,-4.7660432755947113e-07,4.7660432755947113e-07,0.0002331222933129434,True,0.3491555154323578,0.9960974454879761,0.22230124473571777,0.01245427131652832
3,theta3,T4,batch2,"(3, 6)",3,6,3,7.879645347595215,7.76932954788208,-2.2447431087493896,-2.2429568767547607,0.0017866342095658183,0.0017862319946289062,-4.022149369120598e-07,4.022149369120598e-07,0.00022512439018494148,True,0.3395991623401642,0.9961302280426025,0.22394871711730957,0.016932964324951172
3,theta3,T4,batch2,"(3, 6)",3,6,4,7.712399959564209,7.636395454406738,-2.1033623218536377,-2.1018152236938477,0.0015473137609660625,0.001547098159790039,-2.1560117602348328e-07,2.1560117602348328e-07,0.000139339015435934,True,0.3290638327598572,0.996162474155426,0.2211320400238037,0.012639522552490234
3,theta3,T4,batch2,"(3, 7)",3,7,0,8.457393646240234,8.241799354553223,-2.0728137493133545,-2.0710020065307617,0.0018121427856385708,0.0018117427825927734,-4.00003045797348e-07,4.00003045797348e-07,0.0002207348388699918,True,0.246467724442482,0.9960334897041321,0.21947240829467773,0.012805938720703125
3,theta3,T4,batch2,"(3, 7)",3,7,1,8.246201515197754,8.068151473999023,-2.017468214035034,-2.01580810546875,0.0016604168340563774,0.0016601085662841797,-3.082677721977234e-07,3.082677721977234e-07,0.00018565685788949097,True,0.24890735745429993,0.9960808157920837,0.22200751304626465,0.01364278793334961
3,theta3,T4,batch2,"(3, 7)",3,7,2,8.049844741821289,7.899166584014893,-1.9716954231262207,-1.9701822996139526,0.0015132230473682284,0.0015131235122680664,-9.953510016202927e-08,9.953510016202927e-08,6.577688618683081e-05,True,0.2525930404663086,0.9961285591125488,0.22109103202819824,0.012835025787353516
3,theta3,T4,batch2,"(3, 7)",3,7,3,7.867570877075195,7.736891746520996,-1.9225436449050903,-1.9211697578430176,0.0013741409638896585,0.001373887062072754,-2.5390181690454483e-07,2.5390181690454483e-07,0.00018477130336457445,True,0.2558981776237488,0.9961763024330139,0.22458648681640625,0.012423276901245117
3,theta3,T4,batch2,"(3, 7)",3,7,4,7.6903276443481445,7.588613510131836,-1.8776540756225586,-1.8764153718948364,0.0012385629815980792,0.001238703727722168,1.407461240887642e-07,1.407461240887642e-07,0.0001136366306598021,True,0.2586927115917206,0.9962278604507446,0.22106099128723145,0.012126445770263672
3,theta3,T4,batch2,"(4, 5)",4,5,0,8.734678268432617,8.241799354553223,-1.9490468502044678,-1.9473811388015747,0.0016662226989865303,0.0016657114028930664,-5.112960934638977e-07,5.112960934638977e-07,0.0003068593974712326,True,0.21024945378303528,0.9960334897041321,0.21908855438232422,0.01180720329284668
3,theta3,T4,batch2,"(4, 5)",4,5,1,8.509271621704102,8.108965873718262,-1.8477922677993774,-1.846301794052124,0.0014907682780176401,0.001490473747253418,-2.945307642221451e-07,2.945307642221451e-07,0.0001975697823499434,True,0.20633460581302643,0.9960834383964539,0.21683907508850098,0.012051582336425781
3,theta3,T4,batch2,"(4, 5)",4,5,2,8.29081916809082,7.969827175140381,-1.7446730136871338,-1.7433418035507202,0.0013315618271008134,0.0013312101364135742,-3.516906872391701e-07,3.516906872391701e-07,0.0002641189316795752,True,0.20223774015903473,0.9961380362510681,0.22017550468444824,0.012152433395385742
3,theta3,T4,batch2,"(4, 5)",4,5,3,8.069779396057129,7.840983867645264,-1.6431398391723633,-1.6419603824615479,0.0011796063045039773,0.0011794567108154297,-1.4959368854761124e-07,1.4959368854761124e-07,0.00012681662345854887,True,0.19779600203037262,0.9961943626403809,0.21929192543029785,0.011941909790039062
3,theta3,T4,batch2,"(4, 5)",4,5,4,7.86669921875,7.713679313659668,-1.560367465019226,-1.559303641319275,0.0010639067040756345,0.0010638236999511719,-8.300412446260452e-08,8.300412446260452e-08,7.801823613351688e-05,True,0.19503337144851685,0.9962478876113892,0.22334671020507812,0.012221097946166992
3,theta3,T4,batch2,"(4, 6)",4,6,0,8.589677810668945,8.241799354553223,-3.610931873321533,-3.608025074005127,0.0029072188772261143,0.00290679931640625,-4.1956081986427307e-07,4.1956081986427307e-07,0.00014431690133513155,True,0.45458948612213135,0.9960334897041321,0.2160184383392334,0.013541698455810547
3,theta3,T4,batch2,"(4, 6)",4,6,1,8.389848709106445,8.084174156188965,-3.417178153991699,-3.41452693939209,0.0026516702491790056,0.002651214599609375,-4.5564956963062286e-07,4.5564956963062286e-07,0.00017183492923816541,True,0.44236600399017334,0.9960969686508179,0.2196500301361084,0.012149333953857422
3,theta3,T4,batch2,"(4, 6)",4,6,2,8.196826934814453,7.940866470336914,-3.226888418197632,-3.224472999572754,0.002415793016552925,0.0024154186248779297,-3.7439167499542236e-07,3.7439167499542236e-07,0.0001549767187959003,True,0.4297030568122864,0.9961591362953186,0.2205348014831543,0.011966705322265625
3,theta3,T4,batch2,"(4, 6)",4,6,3,8.014370918273926,7.7860188484191895,-3.0512118339538574,-3.0490145683288574,0.0021976439747959375,0.002197265625,-3.7834979593753815e-07,3.7834979593753815e-07,0.00017216155131436603,True,0.419243723154068,0.9962254166603088,0.22146987915039062,0.011984825134277344
3,theta3,T4,batch2,"(4, 6)",4,6,4,7.835886001586914,7.656650066375732,-2.886598587036133,-2.8846161365509033,0.001982584362849593,0.001982450485229492,-1.3387762010097504e-07,1.3387762010097504e-07,6.752682135984925e-05,True,0.40831151604652405,0.9962869882583618,0.2216510772705078,0.014557361602783203
3,theta3,T4,batch2,"(4, 7)",4,7,0,8.46632194519043,8.241799354553223,-2.9814560413360596,-2.979247808456421,0.0022082538343966007,0.002208232879638672,-2.0954757928848267e-08,2.0954757928848267e-08,9.489288596468846e-06,True,0.3319525122642517,0.9960334897041321,0.2172222137451172,0.012098312377929688
3,theta3,T4,batch2,"(4, 7)",4,7,1,8.242063522338867,8.090007781982422,-2.78082013130188,-2.7788736820220947,0.001947055454365909,0.0019464492797851562,-6.061745807528496e-07,6.061745807528496e-07,0.0003113288732447841,True,0.3230944275856018,0.9961065649986267,0.22245287895202637,0.012649059295654297
3,theta3,T4,batch2,"(4, 7)",4,7,2,8.030204772949219,7.945501804351807,-2.589557409286499,-2.587855577468872,0.0017019434599205852,0.0017018318176269531,-1.1164229363203049e-07,1.1164229363203049e-07,6.559694623300815e-05,True,0.31484469771385193,0.996177613735199,0.2199416160583496,0.012423276901245117
3,theta3,T4,batch2,"(4, 7)",4,7,3,7.833232879638672,7.801887035369873,-2.4140233993530273,-2.41251540184021,0.0015085932100191712,0.0015079975128173828,-5.956972017884254e-07,5.956972017884254e-07,0.0003948693377592859,True,0.30799955129623413,0.9962517023086548,0.21830034255981445,0.012645959854125977
3,theta3,T4,batch2,"(4, 7)",4,7,4,7.6334357261657715,7.679710388183594,-2.244629383087158,-2.24330735206604,0.0013218381209298968,0.001322031021118164,1.92900188267231e-07,1.92900188267231e-07,0.0001459332918402505,True,0.29971373081207275,0.9963266253471375,0.22115445137023926,0.012294530868530273
3,theta3,T4,batch2,"(5, 6)",5,6,0,8.503279685974121,8.241799354553223,-2.497182607650757,-2.4945387840270996,0.0026443800888955593,0.0026438236236572266,-5.564652383327484e-07,5.564652383327484e-07,0.00021043315243126013,True,0.33103668689727783,0.9960334897041321,0.2164754867553711,0.012530326843261719
3,theta3,T4,batch2,"(5, 6)",5,6,1,8.281920433044434,8.065515518188477,-2.3574602603912354,-2.3550965785980225,0.00236435211263597,0.0023636817932128906,-6.703194230794907e-07,6.703194230794907e-07,0.00028351082712979017,True,0.3221336305141449,0.9960718750953674,0.220261812210083,0.012507438659667969
3,theta3,T4,batch2,"(5, 6)",5,6,2,8.065829277038574,7.905518054962158,-2.2160561084747314,-2.2139718532562256,0.002084827283397317,0.0020842552185058594,-5.720648914575577e-07,5.720648914575577e-07,0.0002743943807783218,True,0.31216272711753845,0.996112585067749,0.2222614288330078,0.012354850769042969
3,theta3,T4,batch2,"(5, 6)",5,6,3,7.856308937072754,7.741338729858398,-2.076700448989868,-2.0748820304870605,0.0018190268892794847,0.0018184185028076172,-6.083864718675613e-07,6.083864718675613e-07,0.0003344571075079285,True,0.30168724060058594,0.9961509108543396,0.2203974723815918,0.012116193771362305
3,theta3,T4,batch2,"(5, 6)",5,6,4,7.656278610229492,7.593310832977295,-1.9277077913284302,-1.9261529445648193,0.0015549063682556152,0.0015548467636108398,-5.960464477539063e-08,5.960464477539063e-08,3.833326944455093e-05,True,0.2891039252281189,0.9961919188499451,0.21892499923706055,0.01260232925415039
3,theta3,T4,batch2,"(5, 7)",5,7,0,8.456085205078125,8.241799354553223,-1.867706537246704,-1.866165041923523,0.0015417305985465646,0.0015414953231811523,-2.3527536541223526e-07,2.3527536541223526e-07,0.00015260471941987554,True,0.2083996832370758,0.9960334897041321,0.2225964069366455,0.012480497360229492
3,theta3,T4,batch2,"(5, 7)",5,7,1,8.209400177001953,8.07177734375,-1.8076461553573608,-1.8062546253204346,0.0013913221191614866,0.0013915300369262695,2.0791776478290558e-07,2.0791776478290558e-07,0.00014943898463154755,True,0.20998501777648926,0.9960870146751404,0.22109580039978027,0.012106895446777344
3,theta3,T4,batch2,"(5, 7)",5,7,2,7.977465629577637,7.896469593048096,-1.7475286722183228,-1.7462679147720337,0.0012605703668668866,0.0012607574462890625,1.8707942217588425e-07,1.8707942217588425e-07,0.00014840855147250928,True,0.21207548677921295,0.9961421489715576,0.22353863716125488,0.011895179748535156
3,theta3,T4,batch2,"(5, 7)",5,7,3,7.744291305541992,7.735345840454102,-1.6874852180480957,-1.686357021331787,0.0011282109189778566,0.0011281967163085938,-1.4202669262886047e-08,1.4202669262886047e-08,1.2588664959698731e-05,True,0.21310192346572876,0.9961985349655151,0.22165369987487793,0.01186680793762207
3,theta3,T4,batch2,"(5, 7)",5,7,4,7.525768756866455,7.60528564453125,-1.6134846210479736,-1.6124913692474365,0.0009934216504916549,0.0009932518005371094,-1.698499545454979e-07,1.698499545454979e-07,0.00017097468578567557,True,0.21256689727306366,0.9962542057037354,0.2263493537902832,0.012205362319946289
3,theta3,T4,batch2,"(6, 7)",6,7,0,8.343635559082031,8.241799354553223,-3.5295917987823486,-3.526627779006958,0.0029643396846950054,0.002964019775390625,-3.1990930438041687e-07,3.1990930438041687e-07,0.00010791924624297288,True,0.4527397155761719,0.9960334897041321,0.2152385711669922,0.012178421020507812
3,theta3,T4,batch2,"(6, 7)",6,7,1,8.126258850097656,8.055450439453125,-3.30149507522583,-3.2988924980163574,0.002602851018309593,0.0026025772094726562,-2.738088369369507e-07,2.738088369369507e-07,0.00010519573921475317,True,0.4393196702003479,0.9960536956787109,0.21854043006896973,0.012151002883911133
3,theta3,T4,batch2,"(6, 7)",6,7,2,7.922951698303223,7.887180328369141,-3.0883495807647705,-3.0860681533813477,0.002282368950545788,0.0022814273834228516,-9.415671229362488e-07,9.415671229362488e-07,0.0004125394024095402,True,0.42626240849494934,0.9960737824440002,0.22120451927185059,0.01245880126953125
3,theta3,T4,batch2,"(6, 7)",6,7,3,7.729482650756836,7.717615127563477,-2.8832011222839355,-2.8812203407287598,0.0019809093791991472,0.0019807815551757812,-1.2782402336597443e-07,1.2782402336597443e-07,6.452795100483184e-05,True,0.41371458768844604,0.996099054813385,0.2194204330444336,0.012077569961547852
3,theta3,T4,batch2,"(6, 7)",6,7,4,7.542688846588135,7.577085971832275,-2.687657117843628,-2.68595814704895,0.0016990788280963898,0.0016989707946777344,-1.0803341865539551e-07,1.0803341865539551e-07,6.358352353577012e-05,True,0.4000357687473297,0.9961228370666504,0.21842455863952637,0.01263427734375
