batch,pair_i,pair_j,pair,contains_7,k,loss,mu_norm,DeltaA_1st,DeltaA_finite,absolute_error,relative_abs_error,positive_finite,nonpositive_finite,pair_delta_theta_cum_pre,full_delta_theta_cum_pre,pair_delta_theta_cum_post,full_delta_theta_cum_post,pair_delta_theta_step,full_delta_theta_step,pair_theta_path_length,full_theta_path_length,A_before,A_after
batch1_0_127,0,1,"(0, 1)",0,0,7.913600921630859,8.138317108154297,0.0010635803919285536,0.0010635852813720703,4.889443516731262e-09,4.597133490248823e-06,1,0,0.0,0.0,0.0018638892797753215,0.014925841242074966,0.0018638892797753215,0.014925841242074966,0.0018638892797753215,0.014925841242074966,-0.9195762872695923,-0.9185127019882202
batch1_0_127,0,1,"(0, 1)",0,1,7.6865434646606445,7.994521617889404,0.0009802280692383647,0.0009801387786865234,8.9290551841259e-08,9.109990726100706e-05,1,0,0.0018638892797753215,0.014925841242074966,0.003694560145959258,0.029445437714457512,0.0018346955766901374,0.014542371965944767,0.003698584856465459,0.029468213208019733,-0.8845818042755127,-0.8836016654968262
batch1_0_127,0,1,"(0, 1)",0,2,7.474729537963867,7.873056888580322,0.0009196650935336947,0.000919640064239502,2.5029294192790985e-08,2.721640255363277e-05,1,0,0.003694560145959258,0.029445437714457512,0.005491336341947317,0.04340732470154762,0.001807600841857493,0.014016909524798393,0.005506185698322952,0.04348512273281813,-0.8728451132774353,-0.8719254732131958
batch1_0_127,0,1,"(0, 1)",0,3,7.276731491088867,7.77981424331665,0.0008632552926428616,0.000863194465637207,6.082700565457344e-08,7.046732581825714e-05,1,0,0.005491336341947317,0.04340732470154762,0.007263782434165478,0.05697731673717499,0.0017918183002620935,0.013664525002241135,0.007298003998585045,0.05714964773505926,-0.8676797151565552,-0.866816520690918
batch1_0_127,0,1,"(0, 1)",0,4,7.101134300231934,7.6483306884765625,0.0007974752224981785,0.0007973909378051758,8.42846930027008e-08,0.00010570059052175212,1,0,0.007263782434165478,0.05697731673717499,0.009014409966766834,0.0701916441321373,0.001781155471689999,0.01335932221263647,0.009079159470275044,0.07050896994769573,-0.8415988683700562,-0.840801477432251
batch1_0_127,0,1,"(0, 1)",0,5,6.927945613861084,7.533639430999756,0.0007516177138313651,0.0007516145706176758,3.14321368932724e-09,4.181948850118954e-06,1,0,0.009014409966766834,0.0701916441321373,0.010747874155640602,0.0829409658908844,0.0017762185307219625,0.012957046739757061,0.010855378000997007,0.0834660166874528,-0.8355875611305237,-0.834835946559906
batch1_0_127,0,1,"(0, 1)",0,6,6.755712509155273,7.4229655265808105,0.0007126276032067835,0.0007126331329345703,5.529727786779404e-09,7.759571554031449e-06,1,0,0.010747874155640602,0.0829409658908844,0.012467162683606148,0.09530257433652878,0.0017767631215974689,0.012616163119673729,0.012632141122594476,0.09608217980712652,-0.8435596227645874,-0.8428469896316528
batch1_0_127,0,1,"(0, 1)",0,7,6.592895984649658,7.347772121429443,0.0006757020018994808,0.0006756782531738281,2.3748725652694702e-08,3.5147979887085394e-05,1,0,0.012467162683606148,0.09530257433652878,0.014179564081132412,0.1072891429066658,0.0017840479267761111,0.012303952127695084,0.014416189049370587,0.1083861319348216,-0.8614584803581238,-0.86078280210495
batch1_0_127,0,1,"(0, 1)",0,8,6.4376373291015625,7.272729396820068,0.0006285464041866362,0.0006285905838012695,4.417961463332176e-08,7.028360871420444e-05,1,0,0.014179564081132412,0.1072891429066658,0.01588698849081993,0.11892623454332352,0.0017951211193576455,0.012020362541079521,0.016211310168728232,0.12040649447590113,-0.8711600303649902,-0.870531439781189
batch1_0_127,0,1,"(0, 1)",0,9,6.289098262786865,7.20020055770874,0.0005845398409292102,0.0005845427513122559,2.9103830456733704e-09,4.978905373712654e-06,1,0,0.01588698849081993,0.11892623454332352,0.017595995217561722,0.13025251030921936,0.0018114740960299969,0.01177576370537281,0.01802278426475823,0.13218225818127394,-0.8855668902397156,-0.8849823474884033
batch1_0_127,0,1,"(0, 1)",0,10,6.149105072021484,7.133580207824707,0.0005370817380025983,0.0005370378494262695,4.3888576328754425e-08,8.172343229744729e-05,1,0,0.017595995217561722,0.13025251030921936,0.019308632239699364,0.14140933752059937,0.0018278524512425065,0.011645324528217316,0.019850636716000736,0.14382758270949125,-0.903571605682373,-0.9030345678329468
batch1_0_127,0,1,"(0, 1)",0,11,6.014682769775391,7.071974754333496,0.0004926950205117464,0.0004926919937133789,3.026798367500305e-09,6.143388579724171e-06,1,0,0.019308632239699364,0.14140933752059937,0.021028999239206314,0.1524144858121872,0.0018478301353752613,0.011544080451130867,0.021698466851375997,0.15537166316062212,-0.9191179275512695,-0.9186252355575562
batch1_0_127,0,1,"(0, 1)",0,12,5.877623081207275,7.020814895629883,0.00044785215868614614,0.00044780969619750977,4.2462488636374474e-08,9.482261995873819e-05,1,0,0.021028999239206314,0.1524144858121872,0.022755278274416924,0.1632174402475357,0.0018663950031623244,0.01139617245644331,0.02356486185453832,0.16676783561706543,-0.9364851713180542,-0.9360373616218567
batch1_0_127,0,1,"(0, 1)",0,13,5.734676361083984,6.971170902252197,0.0004028552502859384,0.00040286779403686523,1.2543750926852226e-08,3.113614717413819e-05,1,0,0.022755278274416924,0.1632174402475357,0.02448447048664093,0.17383092641830444,0.0018827744061127305,0.011286410503089428,0.025447636260651052,0.17805424612015486,-0.963590681552887,-0.9631878137588501
batch1_0_127,0,1,"(0, 1)",0,14,5.6021223068237305,6.907468318939209,0.0003645780961960554,0.00036454200744628906,3.608874976634979e-08,9.899750654022237e-05,1,0,0.02448447048664093,0.17383092641830444,0.026216672733426094,0.18422812223434448,0.0018968236399814487,0.011122049763798714,0.0273444599006325,0.18917629588395357,-0.9991134405136108,-0.9987488985061646
batch1_0_127,0,1,"(0, 1)",0,15,5.475034713745117,6.85519552230835,0.0003326612350065261,0.0003325939178466797,6.731715984642506e-08,0.00020240045362903225,1,0,0.026216672733426094,0.18422812223434448,0.02795180305838585,0.19445115327835083,0.0019091690191999078,0.010974540375173092,0.02925362891983241,0.20015083625912666,-1.0354218482971191,-1.0350892543792725
batch1_0_127,0,1,"(0, 1)",0,16,5.354169845581055,6.82239294052124,0.0002912215131800622,0.0002911090850830078,1.124280970543623e-07,0.0003862060746826372,1,0,0.02795180305838585,0.19445115327835083,0.02968953549861908,0.20442849397659302,0.0019211764447391033,0.010780999436974525,0.031174805364571512,0.2109318356961012,-1.0785406827926636,-1.0782495737075806
batch1_0_127,0,1,"(0, 1)",0,17,5.235811710357666,6.801511764526367,0.0002560631255619228,0.0002560615539550781,1.57160684466362e-09,6.137613477653632e-06,1,0,0.02968953549861908,0.20442849397659302,0.03142732009291649,0.21424570679664612,0.0019276903476566076,0.010663237422704697,0.03310249571222812,0.22159507311880589,-1.1321126222610474,-1.1318565607070923
batch1_0_127,0,1,"(0, 1)",0,18,5.120977878570557,6.765012264251709,0.0002160176372854039,0.00021588802337646484,1.2961390893906355e-07,0.0006003756341454997,1,0,0.03142732009291649,0.21424570679664612,0.033162541687488556,0.22385939955711365,0.0019314030651003122,0.010507684201002121,0.03503389877732843,0.232102757319808,-1.1764614582061768,-1.1762455701828003
batch1_0_127,0,1,"(0, 1)",0,19,5.01102352142334,6.731727600097656,0.00017801493231672794,0.0001780986785888672,8.374627213925123e-08,0.00047022399493808567,1,0,0.033162541687488556,0.22385939955711365,0.03489142283797264,0.2333274781703949,0.0019284739391878247,0.010380411520600319,0.036962372716516256,0.24248316884040833,-1.2155945301055908,-1.215416431427002
batch1_0_127,0,1,"(0, 1)",0,20,4.90197229385376,6.702722549438477,0.00014628435019403696,0.0001462697982788086,1.4551915228366852e-08,9.948680725346373e-05,1,0,0.03489142283797264,0.2333274781703949,0.036611225455999374,0.24260669946670532,0.0019208912272006273,0.010203242301940918,0.038883263943716884,0.25268641114234924,-1.2569191455841064,-1.2567728757858276
batch1_0_127,0,1,"(0, 1)",0,21,4.7983198165893555,6.6814374923706055,0.00010335244587622583,0.00010335445404052734,2.0081643015146255e-09,1.9429876730103806e-05,1,0,0.036611225455999374,0.24260669946670532,0.03831963241100311,0.2516751289367676,0.0019117222400382161,0.010008838027715683,0.0407949861837551,0.2626952491700649,-1.3026577234268188,-1.3025543689727783
batch1_0_127,0,1,"(0, 1)",0,22,4.700660705566406,6.662384510040283,5.943337600911036e-05,5.936622619628906e-05,6.714981282129884e-08,0.001131111359500502,1,0,0.03831963241100311,0.2516751289367676,0.04001528397202492,0.26060178875923157,0.0019002276239916682,0.009861001744866371,0.04269521380774677,0.2725562509149313,-1.3469955921173096,-1.3469362258911133
batch1_0_127,0,1,"(0, 1)",0,23,4.6031293869018555,6.64405632019043,2.3048372895573266e-05,2.300739288330078e-05,4.09800122724846e-08,0.0017811671439847798,1,0,0.04001528397202492,0.26060178875923157,0.04169308394193649,0.26932233572006226,0.0018832107307389379,0.009666141122579575,0.044578424538485706,0.28222239203751087,-1.3795896768569946,-1.3795666694641113
batch1_0_127,0,1,"(0, 1)",0,24,4.508078575134277,6.628481388092041,-1.9792345483438112e-05,-1.9788742065429688e-05,3.6034180084243417e-09,0.00018209434417356928,0,1,0.04169308394193649,0.26932233572006226,0.04335165396332741,0.27787521481513977,0.0018644072115421295,0.009497720748186111,0.046442831750027835,0.291720112785697,-1.420086145401001,-1.4201059341430664
batch1_0_127,0,1,"(0, 1)",0,25,4.416295528411865,6.619443416595459,-6.610841228393838e-05,-6.628036499023438e-05,1.719527062959969e-07,0.002594323467007644,0,1,0.04335165396332741,0.27787521481513977,0.04498719796538353,0.28616470098495483,0.00184157385956496,0.009244713000953197,0.048284405609592795,0.3009648257866502,-1.4655451774597168,-1.465611457824707
batch1_0_127,0,1,"(0, 1)",0,26,4.327182292938232,6.618966102600098,-0.00010564974218141288,-0.00010573863983154297,8.88976501300931e-08,0.000840730032764938,0,1,0.04498719796538353,0.28616470098495483,0.04659847915172577,0.29424527287483215,0.0018166754161939025,0.009035683237016201,0.0501010810257867,0.3100005090236664,-1.5048813819885254,-1.504987120628357
batch1_0_127,0,1,"(0, 1)",0,27,4.2455549240112305,6.616326332092285,-0.0001466184330638498,-0.00014674663543701172,1.2820237316191196e-07,0.0008736307498984565,0,1,0.04659847915172577,0.29424527287483215,0.04818335920572281,0.30211272835731506,0.0017883062828332186,0.008816003799438477,0.051889387308619916,0.31881651282310486,-1.5445376634597778,-1.5446844100952148
batch1_0_127,0,1,"(0, 1)",0,28,4.167324542999268,6.622000217437744,-0.00018585711950436234,-0.00018596649169921875,1.0937219485640526e-07,0.0005881285056089743,0,1,0.04818335920572281,0.30211272835731506,0.04973995313048363,0.3097652494907379,0.0017581748543307185,0.008602311834692955,0.053647562162950635,0.3274188246577978,-1.578663945198059,-1.5788499116897583
batch1_0_127,0,1,"(0, 1)",0,29,4.092643737792969,6.635783672332764,-0.00022576468472834677,-0.00022590160369873047,1.369189703837037e-07,0.0006061000371042216,0,1,0.04973995313048363,0.3097652494907379,0.05126631259918213,0.31722381711006165,0.0017247911309823394,0.008396211080253124,0.055372353293932974,0.33581503573805094,-1.6139922142028809,-1.6142181158065796
batch1_0_127,0,1,"(0, 1)",0,30,4.021842002868652,6.6375298500061035,-0.00026528025045990944,-0.00026535987854003906,7.962808012962341e-08,0.00030007580862533695,0,1,0.05126631259918213,0.31722381711006165,0.05276184901595116,0.3244573771953583,0.0016912578139454126,0.008160357363522053,0.05706361110787839,0.343975393101573,-1.6420416831970215,-1.6423070430755615
batch1_0_127,0,1,"(0, 1)",0,31,3.954444408416748,6.640743255615234,-0.0002973625378217548,-0.0002974271774291992,6.463960744440556e-08,0.00021732918962925852,0,1,0.05276184901595116,0.3244573771953583,0.054225821048021317,0.3314721882343292,0.001656522392295301,0.007928996346890926,0.05872013350017369,0.3519043894484639,-1.6732193231582642,-1.6735167503356934
batch1_0_127,0,1,"(0, 1)",0,32,3.894613742828369,6.650426864624023,-0.0003238437057007104,-0.00032401084899902344,1.6714329831302166e-07,0.0005158571042586461,0,1,0.054225821048021317,0.3314721882343292,0.055658236145973206,0.33828672766685486,0.0016208385350182652,0.007711456622928381,0.06034097203519195,0.3596158460713923,-1.699526071548462,-1.699850082397461
batch1_0_127,0,1,"(0, 1)",0,33,3.834097385406494,6.659102439880371,-0.0003555123112164438,-0.00035572052001953125,2.0820880308747292e-07,0.0005853156941186327,0,1,0.055658236145973206,0.33828672766685486,0.057058047503232956,0.3448925316333771,0.001584930345416069,0.0074918316677212715,0.06192590238060802,0.36710767773911357,-1.7271618843078613,-1.7275176048278809
batch1_0_127,0,1,"(0, 1)",0,34,3.7763495445251465,6.671950340270996,-0.0003847125335596502,-0.0003846883773803711,2.4156179279088974e-08,6.279414897737838e-05,0,1,0.057058047503232956,0.3448925316333771,0.05842599272727966,0.3512992858886719,0.001549741718918085,0.0072822244837880135,0.06347564409952611,0.3743899022229016,-1.759313941001892,-1.7596986293792725
batch1_0_127,0,1,"(0, 1)",0,35,3.7232863903045654,6.683346271514893,-0.00041120281093753874,-0.0004112720489501953,6.923801265656948e-08,0.00016835088315217392,0,1,0.05842599272727966,0.3512992858886719,0.059761274605989456,0.35750043392181396,0.0015135790454223752,0.007066220976412296,0.06498922314494848,0.3814561231993139,-1.7854607105255127,-1.785871982574463
batch1_0_127,0,1,"(0, 1)",0,36,3.6737060546875,6.699770450592041,-0.0004269018245395273,-0.0004271268844604492,2.2505992092192173e-07,0.0005269158395548423,0,1,0.059761274605989456,0.35750043392181396,0.06106417998671532,0.3635159134864807,0.0014771594433113933,0.006860865280032158,0.06646638258825988,0.38831698847934604,-1.8060332536697388,-1.8064603805541992
batch1_0_127,0,1,"(0, 1)",0,37,3.6271088123321533,6.710902690887451,-0.0004373331321403384,-0.0004374980926513672,1.6496051102876663e-07,0.00037705424046321524,0,1,0.06106417998671532,0.3635159134864807,0.06233435496687889,0.3693513572216034,0.0014402929227799177,0.006662603002041578,0.0679066755110398,0.3949795914813876,-1.820396900177002,-1.8208343982696533
batch1_0_127,0,1,"(0, 1)",0,38,3.583679676055908,6.716031551361084,-0.0004587512230500579,-0.00045883655548095703,8.533243089914322e-08,0.00018597565926214602,0,1,0.06233435496687889,0.3693513572216034,0.0635727047920227,0.37501150369644165,0.0014049725141376257,0.0064726779237389565,0.06931164802517742,0.40145226940512657,-1.8411892652511597,-1.8416481018066406
batch1_0_127,0,1,"(0, 1)",0,39,3.542707920074463,6.729916572570801,-0.0004699088167399168,-0.00047004222869873047,1.334119588136673e-07,0.00028382972990109056,0,1,0.0635727047920227,0.37501150369644165,0.06478020548820496,0.38049766421318054,0.0013705786550417542,0.006286339834332466,0.07068222668021917,0.40773860923945904,-1.8599013090133667,-1.8603713512420654
batch1_0_127,0,2,"(0, 2)",0,0,8.48118782043457,8.138317108154297,0.0014331991551443934,0.0014331340789794922,6.507616490125656e-08,4.540828793046082e-05,1,0,0.0,0.0,0.001956795807927847,0.016512049362063408,0.001956795807927847,0.016512049362063408,0.001956795807927847,0.016512049362063408,-1.369553565979004,-1.3681204319000244
batch1_0_127,0,2,"(0, 2)",0,1,8.200684547424316,7.936982154846191,0.0013923593796789646,0.0013922452926635742,1.1408701539039612e-07,8.194462282729686e-05,1,0,0.001956795807927847,0.016512049362063408,0.0038764276541769505,0.032896850258111954,0.0019245647126808763,0.016413385048508644,0.003881360520608723,0.03292543441057205,-1.3777861595153809,-1.3763939142227173
batch1_0_127,0,2,"(0, 2)",0,2,7.936361312866211,7.748030185699463,0.0013223650166764855,0.0013221502304077148,2.1478626877069473e-07,0.00016245224168244524,1,0,0.0038764276541769505,0.032896850258111954,0.005750608164817095,0.04868488013744354,0.001887570833787322,0.01585543528199196,0.005768931354396045,0.04878086969256401,-1.3559138774871826,-1.354591727256775
batch1_0_127,0,2,"(0, 2)",0,3,7.6919050216674805,7.57513952255249,0.0012334261555224657,0.0012333393096923828,8.684583008289337e-08,7.041519669437464e-05,1,0,0.005750608164817095,0.04868488013744354,0.007582867052406073,0.06368575990200043,0.0018576246220618486,0.015125869773328304,0.007626555976457894,0.06390673946589231,-1.3335049152374268,-1.3322715759277344
batch1_0_127,0,2,"(0, 2)",0,4,7.475616455078125,7.40443229675293,0.0011503193527460098,0.0011501312255859375,1.8812716007232666e-07,0.00016357016998341624,1,0,0.007582867052406073,0.06368575990200043,0.009375561028718948,0.07789787650108337,0.0018335363129153848,0.014414732344448566,0.009460092289373279,0.07832147181034088,-1.3207485675811768,-1.3195984363555908
batch1_0_127,0,2,"(0, 2)",0,5,7.274421691894531,7.2541680335998535,0.0010554862674325705,0.0010554790496826172,7.2177499532699585e-09,6.838364016263836e-06,1,0,0.009375561028718948,0.07789787650108337,0.011136534623801708,0.09118690341711044,0.0018183653010055423,0.013584941625595093,0.011278457590378821,0.09190641343593597,-1.2884235382080078,-1.2873680591583252
batch1_0_127,0,2,"(0, 2)",0,6,7.086514472961426,7.112217426300049,0.0009784044232219458,0.0009783506393432617,5.3783878684043884e-08,5.4974031314731325e-05,1,0,0.011136534623801708,0.09118690341711044,0.012873537838459015,0.10361266881227493,0.0018108310177922249,0.01282736100256443,0.013089288608171046,0.1047337744385004,-1.258665680885315,-1.2576873302459717
batch1_0_127,0,2,"(0, 2)",0,7,6.924032211303711,6.996323108673096,0.0009084925404749811,0.0009083747863769531,1.1775409802794456e-07,0.00012963162319553807,1,0,0.012873537838459015,0.10361266881227493,0.014595748856663704,0.11533977836370468,0.0018112023826688528,0.012234856374561787,0.014900490990839899,0.11696863081306219,-1.2350411415100098,-1.2341327667236328
batch1_0_127,0,2,"(0, 2)",0,8,6.772844314575195,6.905914783477783,0.0008456843206658959,0.0008456707000732422,1.3620592653751373e-08,1.6106260572314632e-05,1,0,0.014595748856663704,0.11533977836370468,0.016310881823301315,0.12638168036937714,0.0018194291042163968,0.011715448461472988,0.016719920095056295,0.12868407927453518,-1.2221734523773193,-1.221327781677246
batch1_0_127,0,2,"(0, 2)",0,9,6.6336140632629395,6.801904201507568,0.00079192197881639,0.0007919073104858398,1.4668330550193787e-08,1.8522787144362488e-05,1,0,0.016310881823301315,0.12638168036937714,0.018026288598775864,0.1370314508676529,0.0018302109092473984,0.011413319036364555,0.018550131004303694,0.14009739831089973,-1.2000946998596191,-1.1993027925491333
batch1_0_127,0,2,"(0, 2)",0,10,6.503872871398926,6.71577787399292,0.0007408140227198601,0.0007407665252685547,4.7497451305389404e-08,6.411932732539427e-05,1,0,0.018026288598775864,0.1370314508676529,0.019747581332921982,0.14744870364665985,0.0018447906477376819,0.011230732314288616,0.020394921652041376,0.15132813062518835,-1.177772879600525,-1.1770321130752563
batch1_0_127,0,2,"(0, 2)",0,11,6.375743865966797,6.636847019195557,0.0006957005243748426,0.0006957054138183594,4.889443516731262e-09,7.028037183002056e-06,1,0,0.019747581332921982,0.14744870364665985,0.021477507427334785,0.15768973529338837,0.0018613670254126191,0.011080501601099968,0.022256288677453995,0.16240863222628832,-1.1684296131134033,-1.167733907699585
batch1_0_127,0,2,"(0, 2)",0,12,6.251091957092285,6.575431823730469,0.0006560069159604609,0.0006561279296875,1.2101372703909874e-07,0.00018443617709847383,1,0,0.021477507427334785,0.15768973529338837,0.023215873166918755,0.16781462728977203,0.001876787282526493,0.010966453701257706,0.024133075959980488,0.17337508592754602,-1.1596810817718506,-1.159024953842163
batch1_0_127,0,2,"(0, 2)",0,13,6.1276750564575195,6.528169631958008,0.0006072098622098565,0.0006071329116821289,7.695052772760391e-08,0.00012674412183388966,1,0,0.023215873166918755,0.16781462728977203,0.024958986788988113,0.17778907716274261,0.0018906884361058474,0.010840091854333878,0.026023764396086335,0.1842151777818799,-1.1509015560150146,-1.1502944231033325
batch1_0_127,0,2,"(0, 2)",0,14,6.007465362548828,6.460321426391602,0.0005591203225776553,0.0005590915679931641,2.87545844912529e-08,5.143090351812367e-05,1,0,0.024958986788988113,0.17778907716274261,0.026708368211984634,0.18756644427776337,0.0019074146402999759,0.01067501399666071,0.02793117903638631,0.1948901917785406,-1.1388357877731323,-1.1382766962051392
batch1_0_127,0,2,"(0, 2)",0,15,5.894698143005371,6.407081127166748,0.0005246237851679325,0.0005245208740234375,1.0291114449501038e-07,0.00019620028409090908,1,0,0.026708368211984634,0.18756644427776337,0.028465086594223976,0.19714084267616272,0.001922307419590652,0.01047888770699501,0.029853486455976963,0.20536907948553562,-1.1394374370574951,-1.1389129161834717
batch1_0_127,0,2,"(0, 2)",0,16,5.789640426635742,6.350056171417236,0.00047920647193677723,0.0004792213439941406,1.4872057363390923e-08,3.103379586442786e-05,1,0,0.028465086594223976,0.19714084267616272,0.030230116099119186,0.2065238058567047,0.001938413130119443,0.010317306034266949,0.031791899586096406,0.21568638551980257,-1.1387112140655518,-1.1382319927215576
batch1_0_127,0,2,"(0, 2)",0,17,5.685861110687256,6.319558143615723,0.0004412309790495783,0.0004410743713378906,1.5660771168768406e-07,0.0003550596494932432,1,0,0.030230116099119186,0.2065238058567047,0.03200448304414749,0.21584267914295197,0.0019559203647077084,0.010278608649969101,0.033747819950804114,0.22596499416977167,-1.1473510265350342,-1.1469099521636963
batch1_0_127,0,2,"(0, 2)",0,18,5.577202320098877,6.295551776885986,0.0004086450790055096,0.00040853023529052734,1.148437149822712e-07,0.00028111435840385174,1,0,0.03200448304414749,0.21584267914295197,0.03378736227750778,0.22504408657550812,0.001971140969544649,0.010171578265726566,0.03571896092034876,0.23613657243549824,-1.1572129726409912,-1.1568044424057007
batch1_0_127,0,2,"(0, 2)",0,19,5.470733642578125,6.265708923339844,0.00036775978514924645,0.0003676414489746094,1.1833617463707924e-07,0.000321879306501297,1,0,0.03378736227750778,0.22504408657550812,0.035574205219745636,0.23409293591976166,0.001982717076316476,0.010040677152574062,0.03770167799666524,0.2461772495880723,-1.1653695106506348,-1.1650018692016602
batch1_0_127,0,2,"(0, 2)",0,20,5.367082118988037,6.233130931854248,0.00032811646815389395,0.0003281831741333008,6.670597940683365e-08,0.00020325837722484562,1,0,0.035574205219745636,0.23409293591976166,0.03736463561654091,0.2429780662059784,0.001993376761674881,0.009915334172546864,0.03969505475834012,0.25609258376061916,-1.1792441606521606,-1.1789159774780273
batch1_0_127,0,2,"(0, 2)",0,21,5.266878128051758,6.210522174835205,0.0002861011598724872,0.0002859830856323242,1.1807424016296864e-07,0.00041287141126511044,1,0,0.03736463561654091,0.2429780662059784,0.03915732353925705,0.2516885995864868,0.0020012736786156893,0.009776663035154343,0.04169632843695581,0.2658692467957735,-1.1864290237426758,-1.1861430406570435
batch1_0_127,0,2,"(0, 2)",0,22,5.169195175170898,6.194944381713867,0.00023693799448665231,0.00023686885833740234,6.913614924997091e-08,0.00029187521624937093,1,0,0.03915732353925705,0.2516885995864868,0.04095157980918884,0.26020172238349915,0.0020092951599508524,0.009646451100707054,0.04370562359690666,0.27551569789648056,-1.195363163948059,-1.1951262950897217
batch1_0_127,0,2,"(0, 2)",0,23,5.080460548400879,6.170223236083984,0.00019066405366174877,0.00019073486328125,7.08096195012331e-08,0.000371246337890625,1,0,0.04095157980918884,0.26020172238349915,0.042746637016534805,0.2685262858867645,0.002015633275732398,0.009501941502094269,0.04572125687263906,0.28501763939857483,-1.1998348236083984,-1.1996440887451172
batch1_0_127,0,2,"(0, 2)",0,24,4.990483283996582,6.143887996673584,0.00016441731713712215,0.00016450881958007812,9.150244295597076e-08,0.0005562160326086957,1,0,0.042746637016534805,0.2685262858867645,0.04453938454389572,0.27669739723205566,0.0020146016031503677,0.009359852410852909,0.04773585847578943,0.29437749180942774,-1.2128078937530518,-1.2126433849334717
batch1_0_127,0,2,"(0, 2)",0,25,4.901796340942383,6.119559288024902,0.0001447529357392341,0.00014483928680419922,8.63510649651289e-08,0.0005961853780864198,1,0,0.04453938454389572,0.27669739723205566,0.04632771760225296,0.28468719124794006,0.0020109249744564295,0.009195752441883087,0.04974678345024586,0.3035732442513108,-1.226925253868103,-1.2267804145812988
batch1_0_127,0,2,"(0, 2)",0,26,4.817958354949951,6.094236850738525,0.00011125656601507217,0.00011110305786132812,1.5350815374404192e-07,0.0013816735263546137,1,0,0.04632771760225296,0.28468719124794006,0.04811094328761101,0.2925049960613251,0.002006620867177844,0.009047232568264008,0.0517534043174237,0.31262047681957483,-1.2547736167907715,-1.2546625137329102
batch1_0_127,0,2,"(0, 2)",0,27,4.733891010284424,6.095341205596924,8.362945663975552e-05,8.356571197509766e-05,6.3744664657861e-08,0.0007628088500802425,1,0,0.04811094328761101,0.2925049960613251,0.04988676309585571,0.3001861274242401,0.001999413128942251,0.008915199898183346,0.05375281744636595,0.3215356767177582,-1.278112769126892,-1.278029203414917
batch1_0_127,0,2,"(0, 2)",0,28,4.651543617248535,6.095977783203125,5.6657860113773495e-05,5.6624412536621094e-05,3.344757715240121e-08,0.0005906918174342106,1,0,0.04988676309585571,0.3001861274242401,0.051652442663908005,0.3077189326286316,0.0019887317903339863,0.008777954615652561,0.05574154923669994,0.33031363133341074,-1.305066704750061,-1.3050100803375244
batch1_0_127,0,2,"(0, 2)",0,29,4.577775478363037,6.09550142288208,4.00055359932594e-05,3.993511199951172e-05,7.042399374768138e-08,0.0017634605293843284,1,0,0.051652442663908005,0.3077189326286316,0.0534062422811985,0.31510892510414124,0.001975895604118705,0.008642246946692467,0.057717444840818644,0.3389558782801032,-1.3350560665130615,-1.335016131401062
batch1_0_127,0,2,"(0, 2)",0,30,4.502038955688477,6.094884872436523,1.0863943316508085e-05,1.0967254638671875e-05,1.0331132216379046e-07,0.009419980256453804,1,0,0.0534062422811985,0.31510892510414124,0.055146269500255585,0.3223583698272705,0.001960612600669265,0.008505008183419704,0.05967805744148791,0.3474608864635229,-1.3660216331481934,-1.3660106658935547
batch1_0_127,0,2,"(0, 2)",0,31,4.431814670562744,6.114850997924805,-4.328498562244931e-06,-4.291534423828125e-06,3.6964138416806236e-08,0.008613268534342447,0,1,0.055146269500255585,0.3223583698272705,0.05687042325735092,0.3295055031776428,0.001942155184224248,0.008382672443985939,0.061620212625712156,0.35584355890750885,-1.4093326330184937,-1.4093369245529175
batch1_0_127,0,2,"(0, 2)",0,32,4.361098766326904,6.11759614944458,-4.58902504760772e-05,-4.601478576660156e-05,1.2453529052436352e-07,0.0027064190009715027,0,1,0.05687042325735092,0.3295055031776428,0.058576397597789764,0.3365280032157898,0.001922906143590808,0.008247271180152893,0.06354311876930296,0.36409083008766174,-1.4510769844055176,-1.4511229991912842
batch1_0_127,0,2,"(0, 2)",0,33,4.293546676635742,6.126572608947754,-6.562731869053096e-05,-6.568431854248047e-05,5.699985194951296e-08,0.0008677847805127042,0,1,0.058576397597789764,0.3365280032157898,0.060262296348810196,0.3434261083602905,0.0018999554449692369,0.008117912337183952,0.0654430742142722,0.3722087424248457,-1.5018037557601929,-1.5018694400787354
batch1_0_127,0,2,"(0, 2)",0,34,4.228034973144531,6.145800590515137,-0.00010304787429049611,-0.00010311603546142578,6.816117092967033e-08,0.0006610142702312138,0,1,0.060262296348810196,0.3434261083602905,0.06192605197429657,0.35017839074134827,0.001874128938652575,0.007961217314004898,0.06731720315292478,0.3801699597388506,-1.5540326833724976,-1.554135799407959
batch1_0_127,0,2,"(0, 2)",0,35,4.163663864135742,6.172771453857422,-0.00013550328731071204,-0.00013554096221923828,3.767490852624178e-08,0.0002779595770118733,0,1,0.06192605197429657,0.35017839074134827,0.0635671466588974,0.3568095266819,0.0018480106955394149,0.007818670012056828,0.06916521384846419,0.3879886297509074,-1.608630657196045,-1.6087661981582642
batch1_0_127,0,2,"(0, 2)",0,36,4.101567268371582,6.195309638977051,-0.00015046940825413913,-0.00015044212341308594,2.7284841053187847e-08,0.00018136437079041204,0,1,0.0635671466588974,0.3568095266819,0.06518391519784927,0.3633078336715698,0.0018198530888184905,0.0076645552180707455,0.07098506693728268,0.39565318496897817,-1.6539347171783447,-1.6540851593017578
batch1_0_127,0,2,"(0, 2)",0,37,4.043292045593262,6.223056793212891,-0.00017237539577763528,-0.0001723766326904297,1.2369127944111824e-09,7.175640776279391e-06,0,1,0.06518391519784927,0.3633078336715698,0.06677547842264175,0.3696807026863098,0.0017912328476086259,0.007518201135098934,0.07277629978489131,0.4031713861040771,-1.7004966735839844,-1.7006690502166748
batch1_0_127,0,2,"(0, 2)",0,38,3.9860191345214844,6.247259616851807,-0.00019408979278523475,-0.00019419193267822266,1.0213989298790693e-07,0.000525973924762124,0,1,0.06677547842264175,0.3696807026863098,0.06834088265895844,0.37591952085494995,0.0017611730145290494,0.007363586686551571,0.07453747279942036,0.41053497279062867,-1.753991723060608,-1.7541859149932861
batch1_0_127,0,2,"(0, 2)",0,39,3.931547164916992,6.27461051940918,-0.00022340485884342343,-0.00022351741790771484,1.125590642914176e-07,0.0005035807291666667,0,1,0.06834088265895844,0.37591952085494995,0.06987974792718887,0.38204044103622437,0.0017307032831013203,0.007219553459435701,0.07626817608252168,0.4177545262500644,-1.8022849559783936,-1.8025084733963013
batch1_0_127,0,3,"(0, 3)",0,0,8.401613235473633,8.138317108154297,0.0012953754048794508,0.001295328140258789,4.7264620661735535e-08,3.648853073808209e-05,1,0,0.0,0.0,0.0020399356726557016,0.015911439433693886,0.0020399356726557016,0.015911439433693886,0.0020399356726557016,0.015911439433693886,-1.0815377235412598,-1.080242395401001
batch1_0_127,0,3,"(0, 3)",0,1,8.141677856445312,7.952174186706543,0.0011826695408672094,0.00118255615234375,1.1338852345943451e-07,9.588426159274194e-05,1,0,0.0020399356726557016,0.015911439433693886,0.004032992757856846,0.031212521716952324,0.0019981618970632553,0.015326447784900665,0.004038097569718957,0.03123788721859455,-1.0167479515075684,-1.0155653953552246
batch1_0_127,0,3,"(0, 3)",0,2,7.898940563201904,7.791891574859619,0.0010851321276277304,0.001085042953491211,8.917413651943207e-08,8.218489068336629e-05,1,0,0.004032992757856846,0.031212521716952324,0.005977816879749298,0.045830123126506805,0.001958901295438409,0.01468017790466547,0.005996998865157366,0.04591806512326002,-0.9745752811431885,-0.9734902381896973
batch1_0_127,0,3,"(0, 3)",0,3,7.691432952880859,7.658027648925781,0.0009916014969348907,0.0009915828704833984,1.862645149230957e-08,1.8784563597018513e-05,1,0,0.005977816879749298,0.045830123126506805,0.007883808575570583,0.059825699776411057,0.0019312878139317036,0.014107816852629185,0.00792828667908907,0.060025881975889206,-0.9217498302459717,-0.9207582473754883
batch1_0_127,0,3,"(0, 3)",0,4,7.485502243041992,7.501499176025391,0.0009045097976922989,0.0009045004844665527,9.313225746154785e-09,1.029654036243822e-05,1,0,0.007883808575570583,0.059825699776411057,0.009752769954502583,0.07316559553146362,0.0019085579551756382,0.013516192324459553,0.009836844634264708,0.07354207430034876,-0.8859066963195801,-0.8850021958351135
batch1_0_127,0,3,"(0, 3)",0,5,7.306729316711426,7.370330810546875,0.0008163434686139226,0.00081634521484375,1.7462298274040222e-09,2.13908257885514e-06,1,0,0.009752769954502583,0.07316559553146362,0.011596626602113247,0.08601880073547363,0.0018983829068019986,0.013102476485073566,0.011735227541066706,0.08664455078542233,-0.820442795753479,-0.8196264505386353
batch1_0_127,0,3,"(0, 3)",0,6,7.132212162017822,7.227600574493408,0.0007288165506906807,0.0007288455963134766,2.9045622795820236e-08,3.9851544610729474e-05,1,0,0.011596626602113247,0.08601880073547363,0.01341535896062851,0.09826108068227768,0.0018895836547017097,0.012573065236210823,0.013624811195768416,0.09921761602163315,-0.7791409492492676,-0.7784121036529541
batch1_0_127,0,3,"(0, 3)",0,7,6.977078437805176,7.11936092376709,0.0006634852616116405,0.0006633996963500977,8.556526154279709e-08,0.00012897995283018868,1,0,0.01341535896062851,0.09826108068227768,0.015218761749565601,0.10990682244300842,0.0018892715452238917,0.012080628424882889,0.015514082740992308,0.11129824444651604,-0.7493480443954468,-0.7486846446990967
batch1_0_127,0,3,"(0, 3)",0,8,6.828598976135254,7.047003746032715,0.0005972195649519563,0.0005971789360046387,4.062894731760025e-08,6.803479638686496e-05,1,0,0.015218761749565601,0.10990682244300842,0.01701267994940281,0.12110798060894012,0.0018961294554173946,0.011743430979549885,0.017410212196409702,0.12304167542606592,-0.7221291661262512,-0.7215319871902466
batch1_0_127,0,3,"(0, 3)",0,9,6.687458038330078,6.970571994781494,0.0005399671499617398,0.0005400180816650391,5.093170329928398e-08,9.431481098233995e-05,1,0,0.01701267994940281,0.12110798060894012,0.01880262978374958,0.13187472522258759,0.001907074823975563,0.011410140432417393,0.019317287020385265,0.13445181585848331,-0.7050294876098633,-0.7044894695281982
batch1_0_127,0,3,"(0, 3)",0,10,6.554739952087402,6.8974785804748535,0.0004975599586032331,0.0004975199699401855,3.998866304755211e-08,8.037599586677849e-05,1,0,0.01880262978374958,0.13187472522258759,0.02059326134622097,0.1423412412405014,0.0019189887680113316,0.011185078881680965,0.021236275788396597,0.14563689474016428,-0.6896213293075562,-0.689123809337616
batch1_0_127,0,3,"(0, 3)",0,11,6.42000150680542,6.822535514831543,0.0004512505838647485,0.00045120716094970703,4.3422915041446686e-08,9.623720277410832e-05,1,0,0.02059326134622097,0.1423412412405014,0.02238464169204235,0.15247845649719238,0.001932153245434165,0.010938078165054321,0.023168429033830762,0.1565749729052186,-0.6824154853820801,-0.6819642782211304
batch1_0_127,0,3,"(0, 3)",0,12,6.2977495193481445,6.757952690124512,0.00040651854942552745,0.00040650367736816406,1.4872057363390923e-08,3.6585296004398824e-05,1,0,0.02238464169204235,0.15247845649719238,0.02417892776429653,0.16245129704475403,0.0019462609197944403,0.010863082483410835,0.025114689953625202,0.16743805538862944,-0.6733053922653198,-0.6728988885879517
batch1_0_127,0,3,"(0, 3)",0,13,6.176955223083496,6.694367408752441,0.00037737039383500814,0.00037741661071777344,4.621688276529312e-08,0.00012245587886923563,1,0,0.02417892776429653,0.16245129704475403,0.02597930282354355,0.17224222421646118,0.0019605644047260284,0.010717548429965973,0.02707525435835123,0.1781556038185954,-0.6645276546478271,-0.6641502380371094
batch1_0_127,0,3,"(0, 3)",0,14,6.055740833282471,6.640721797943115,0.00033813357003964484,0.000338137149810791,3.5797711461782455e-09,1.0586743125330513e-05,1,0,0.02597930282354355,0.17224222421646118,0.02778409607708454,0.18181388080120087,0.0019730699714273214,0.010539364069700241,0.029048324329778552,0.18869496788829565,-0.6577302813529968,-0.657392144203186
batch1_0_127,0,3,"(0, 3)",0,15,5.941537380218506,6.595862865447998,0.0002876503567676991,0.0002875328063964844,1.1755037121474743e-07,0.00040882420579394695,1,0,0.02778409607708454,0.18181388080120087,0.029591165482997894,0.1911817193031311,0.0019863934721797705,0.01039707288146019,0.031034717801958323,0.19909204076975584,-0.6556978225708008,-0.6554102897644043
batch1_0_127,0,3,"(0, 3)",0,16,5.830913543701172,6.562704563140869,0.0002452159533277154,0.00024521350860595703,2.444721758365631e-09,9.969767865824016e-06,1,0,0.029591165482997894,0.1911817193031311,0.03140106424689293,0.20032815635204315,0.0019975421018898487,0.010208365507423878,0.03303225990384817,0.20930040627717972,-0.6575700044631958,-0.6573247909545898
batch1_0_127,0,3,"(0, 3)",0,17,5.7251763343811035,6.540633201599121,0.0002171696542063728,0.00021713972091674805,2.9933289624750614e-08,0.00013785266692972823,1,0,0.03140106424689293,0.20032815635204315,0.03321264311671257,0.2092186063528061,0.0020058189984411,0.009986896067857742,0.03503807890228927,0.21928730234503746,-0.663869321346283,-0.6636521816253662
batch1_0_127,0,3,"(0, 3)",0,18,5.62841796875,6.5050530433654785,0.00017976919480133802,0.00017970800399780273,6.119080353528261e-08,0.00034050126969320066,1,0,0.03321264311671257,0.2092186063528061,0.03502461686730385,0.21787290275096893,0.0020144518930464983,0.009803916327655315,0.03705253079533577,0.22909121867269278,-0.6756924390792847,-0.6755127310752869
batch1_0_127,0,3,"(0, 3)",0,19,5.529086589813232,6.476680755615234,0.0001378238230245188,0.00013780593872070312,1.788430381566286e-08,0.0001297789048983564,1,0,0.03502461686730385,0.21787290275096893,0.03683886677026749,0.22630146145820618,0.002024028915911913,0.009624495171010494,0.03907655971124768,0.23871571384370327,-0.687308669090271,-0.6871708631515503
batch1_0_127,0,3,"(0, 3)",0,20,5.431928634643555,6.455414295196533,0.00010305134492227808,0.00010305643081665039,5.085894372314215e-09,4.935057746529786e-05,1,0,0.03683886677026749,0.22630146145820618,0.03865116089582443,0.23455259203910828,0.002027498558163643,0.009484847076237202,0.041104058269411325,0.24820056091994047,-0.7055158615112305,-0.7054128050804138
batch1_0_127,0,3,"(0, 3)",0,21,5.341082572937012,6.4384636878967285,7.017616735538468e-05,7.021427154541016e-05,3.81041900254786e-08,0.0005426844028544143,1,0,0.03865116089582443,0.23455259203910828,0.040463656187057495,0.24271012842655182,0.0020314359571784735,0.009399468079209328,0.0431354942265898,0.2576000289991498,-0.7187458872795105,-0.7186756730079651
batch1_0_127,0,3,"(0, 3)",0,22,5.255316734313965,6.400794982910156,5.096766471979208e-05,5.0902366638183594e-05,6.529808160848916e-08,0.0012828103273199649,1,0,0.040463656187057495,0.24271012842655182,0.0422762855887413,0.2508002817630768,0.0020327104721218348,0.009332546032965183,0.045168204698711634,0.266932575032115,-0.7350833415985107,-0.7350324392318726
batch1_0_127,0,3,"(0, 3)",0,23,5.163922309875488,6.380336761474609,2.2028014427633025e-05,2.199411392211914e-05,3.390050551388413e-08,0.0015413444539718836,1,0,0.0422762855887413,0.2508002817630768,0.04408586025238037,0.2588076889514923,0.0020330422557890415,0.009259700775146484,0.047201246954500675,0.27619227580726147,-0.7493869066238403,-0.7493649125099182
batch1_0_127,0,3,"(0, 3)",0,24,5.076961517333984,6.373240947723389,2.115877578034997e-06,2.086162567138672e-06,2.971501089632511e-08,0.014243861607142857,1,0,0.04408586025238037,0.2588076889514923,0.04589099809527397,0.26678466796875,0.002030583331361413,0.009214268997311592,0.04923183028586209,0.28540654480457306,-0.7707715034484863,-0.7707694172859192
batch1_0_127,0,3,"(0, 3)",0,25,4.99501895904541,6.367894649505615,-2.8681444746325724e-05,-2.872943878173828e-05,4.799403541255742e-08,0.00167055248719528,0,1,0.04589099809527397,0.26678466796875,0.0476917028427124,0.27474886178970337,0.0020281169563531876,0.009193368256092072,0.051259947242215276,0.29459991306066513,-0.7992916107177734,-0.7993203401565552
batch1_0_127,0,3,"(0, 3)",0,26,4.90949821472168,6.369612693786621,-5.178020728635602e-05,-5.179643630981445e-05,1.622902345843613e-08,0.00031332316689441887,0,1,0.0476917028427124,0.27474886178970337,0.049484021961688995,0.2826147675514221,0.0020216491539031267,0.00909473653882742,0.0532815963961184,0.30369464959949255,-0.8249465227127075,-0.8249983191490173
batch1_0_127,0,3,"(0, 3)",0,27,4.826708793640137,6.3874006271362305,-8.260487084044144e-05,-8.26120376586914e-05,7.1668182499706745e-09,8.675271126443002e-05,0,1,0.049484021961688995,0.2826147675514221,0.0512668751180172,0.2903561592102051,0.0020155017264187336,0.00898130051791668,0.055297098122537136,0.31267595011740923,-0.8526283502578735,-0.8527109622955322
batch1_0_127,0,3,"(0, 3)",0,28,4.7441840171813965,6.3992085456848145,-9.952258551493287e-05,-9.953975677490234e-05,1.7171259969472885e-08,0.0001725065494011976,0,1,0.0512668751180172,0.2903561592102051,0.05303702875971794,0.29797083139419556,0.0020040906965732574,0.008856751024723053,0.057301188819110394,0.3215327011421323,-0.8894109725952148,-0.8895105123519897
batch1_0_127,0,3,"(0, 3)",0,29,4.665149211883545,6.428637981414795,-0.0001232792710652575,-0.0001232624053955078,1.686566974967718e-08,0.00013682736188346228,0,1,0.05303702875971794,0.29797083139419556,0.05479355528950691,0.3054707646369934,0.001991490600630641,0.008740106597542763,0.059292679419741035,0.33027280773967505,-0.9287937879562378,-0.9289170503616333
batch1_0_127,0,3,"(0, 3)",0,30,4.588222026824951,6.458840370178223,-0.00014846774865873158,-0.00014853477478027344,6.702612154185772e-08,0.00045124868328651684,0,1,0.05479355528950691,0.3054707646369934,0.05653553456068039,0.3128468990325928,0.0019772115629166365,0.008610621094703674,0.06126989098265767,0.3388834288343787,-0.9635288119316101,-0.9636773467063904
batch1_0_127,0,3,"(0, 3)",0,31,4.516354084014893,6.477448463439941,-0.00017453775217290968,-0.00017464160919189453,1.0385701898485422e-07,0.0005946865667662116,0,1,0.05653553456068039,0.3128468990325928,0.058263398706912994,0.32010018825531006,0.001964009366929531,0.008489285595715046,0.0632339003495872,0.34737271443009377,-0.9907888174057007,-0.9909634590148926
batch1_0_127,0,3,"(0, 3)",0,32,4.442762851715088,6.513489246368408,-0.00019507641263771802,-0.0001952648162841797,1.8840364646166563e-07,0.0009648622319520757,0,1,0.058263398706912994,0.32010018825531006,0.05997283011674881,0.3272150158882141,0.001945453230291605,0.00834572035819292,0.06517935357987881,0.3557184347882867,-1.0244969129562378,-1.024692177772522
batch1_0_127,0,3,"(0, 3)",0,33,4.371162414550781,6.535619258880615,-0.0002140164579031989,-0.00021398067474365234,3.578315954655409e-08,0.0001672261272632312,0,1,0.05997283011674881,0.3272150158882141,0.06166200339794159,0.33420827984809875,0.0019239517860114574,0.008210924454033375,0.06710330536589026,0.36392935924232006,-1.0585832595825195,-1.0587972402572632
batch1_0_127,0,3,"(0, 3)",0,34,4.302051067352295,6.559562683105469,-0.00024177192244678736,-0.00024175643920898438,1.548323780298233e-08,6.40447793392505e-05,0,1,0.06166200339794159,0.33420827984809875,0.06332962214946747,0.3410821259021759,0.0019018426537513733,0.008076314814388752,0.06900514801964164,0.3720056740567088,-1.0919630527496338,-1.0922048091888428
batch1_0_127,0,3,"(0, 3)",0,35,4.237288475036621,6.596595764160156,-0.0002594326506368816,-0.0002593994140625,3.323657438158989e-08,0.0001281289493336397,0,1,0.06332962214946747,0.3410821259021759,0.06497547030448914,0.3478212058544159,0.0018792902119457722,0.007933706976473331,0.07088443823158741,0.37993938103318214,-1.1268227100372314,-1.127082109451294
batch1_0_127,0,3,"(0, 3)",0,36,4.173312187194824,6.631656169891357,-0.0002856011560652405,-0.00028574466705322266,1.435109879821539e-07,0.0005022350529307468,0,1,0.06497547030448914,0.3478212058544159,0.06659839302301407,0.354428231716156,0.001854914939031005,0.00778981065377593,0.07273935317061841,0.3877291916869581,-1.1702017784118652,-1.1704875230789185
batch1_0_127,0,3,"(0, 3)",0,37,4.113278865814209,6.677462100982666,-0.0003014712710864842,-0.00030159950256347656,1.282314769923687e-07,0.00042517138092885374,0,1,0.06659839302301407,0.354428231716156,0.06819795072078705,0.36091455817222595,0.0018287480343133211,0.0076460689306259155,0.07456810120493174,0.395375260617584,-1.213248372077942,-1.2135499715805054
batch1_0_127,0,3,"(0, 3)",0,38,4.054852485656738,6.722928524017334,-0.00031568598933517933,-0.0003159046173095703,2.1862797439098358e-07,0.0006920695754716981,0,1,0.06819795072078705,0.36091455817222595,0.06977270543575287,0.3672737181186676,0.001801050966605544,0.0074985274113714695,0.07636915217153728,0.40287378802895546,-1.2587661743164062,-1.2590820789337158
batch1_0_127,0,3,"(0, 3)",0,39,3.9948179721832275,6.774636745452881,-0.0003329163300804794,-0.00033295154571533203,3.521563485264778e-08,0.00010576804735051916,0,1,0.06977270543575287,0.3672737181186676,0.07132096588611603,0.3734993636608124,0.001771779847331345,0.007339338306337595,0.07814093201886863,0.41021312633529305,-1.3169682025909424,-1.3173011541366577
batch1_0_127,0,4,"(0, 4)",0,0,8.508243560791016,8.138317108154297,0.0023058000952005386,0.0023053884506225586,4.116445779800415e-07,0.00017855757795129013,1,0,0.0,0.0,0.0020046092104166746,0.017009014263749123,0.0020046092104166746,0.017009014263749123,0.0020046092104166746,0.017009014263749123,-1.9910552501678467,-1.9887498617172241
batch1_0_127,0,4,"(0, 4)",0,1,8.20109748840332,7.897277355194092,0.001964963972568512,0.0019648075103759766,1.564621925354004e-07,7.963232617400801e-05,1,0,0.0020046092104166746,0.017009014263749123,0.00395789323374629,0.03353442624211311,0.001960132271051407,0.01655562035739422,0.0039647414814680815,0.03356463462114334,-1.7942135334014893,-1.7922487258911133
batch1_0_127,0,4,"(0, 4)",0,2,7.931257247924805,7.7056193351745605,0.0017049050657078624,0.0017048120498657227,9.301584213972092e-08,5.4560760611146074e-05,1,0,0.00395789323374629,0.03353442624211311,0.005863824859261513,0.04944121092557907,0.001924381940625608,0.0159753505140543,0.0058891234220936894,0.04953998513519764,-1.6395047903060913,-1.6377999782562256
batch1_0_127,0,4,"(0, 4)",0,3,7.677150726318359,7.514242172241211,0.0014747512759640813,0.0014743804931640625,3.707828000187874e-07,0.00025148379386319533,1,0,0.005863824859261513,0.04944121092557907,0.007716691121459007,0.06457619369029999,0.00188938167411834,0.015259279869496822,0.0077785050962120295,0.06479926500469446,-1.5125796794891357,-1.5111052989959717
batch1_0_127,0,4,"(0, 4)",0,4,7.453064918518066,7.334875583648682,0.001293034409172833,0.0012929439544677734,9.045470505952835e-08,6.996026761017886e-05,1,0,0.007716691121459007,0.06457619369029999,0.009529262781143188,0.0790257379412651,0.0018677328480407596,0.014637434855103493,0.009646237944252789,0.07943669985979795,-1.3943637609481812,-1.3930708169937134
batch1_0_127,0,4,"(0, 4)",0,5,7.240732669830322,7.1802802085876465,0.0011213197140023112,0.0011212825775146484,3.7136487662792206e-08,3.311965102062513e-05,1,0,0.009529262781143188,0.0790257379412651,0.011308850720524788,0.0924948900938034,0.0018570948159322143,0.013741995207965374,0.011503332760185003,0.09317869506776333,-1.2846698760986328,-1.2835485935211182
batch1_0_127,0,4,"(0, 4)",0,6,7.049338340759277,7.062690734863281,0.0009926741477102041,0.0009926557540893555,1.83936208486557e-08,1.8529707577759095e-05,1,0,0.011308850720524788,0.0924948900938034,0.01306552067399025,0.10514998435974121,0.0018548506777733564,0.013029441237449646,0.01335818343795836,0.10620813630521297,-1.2126960754394531,-1.2117034196853638
batch1_0_127,0,4,"(0, 4)",0,7,6.884219169616699,6.968715667724609,0.0008949776529334486,0.0008949041366577148,7.351627573370934e-08,8.214988927001466e-05,1,0,0.01306552067399025,0.10514998435974121,0.014808231964707375,0.11721242219209671,0.0018603381467983127,0.01254741009324789,0.015218521584756672,0.11875554639846087,-1.1622209548950195,-1.1613260507583618
batch1_0_127,0,4,"(0, 4)",0,8,6.723060607910156,6.899349689483643,0.0008148078923113644,0.0008146762847900391,1.316075213253498e-07,0.00016154578669154229,1,0,0.014808231964707375,0.11721242219209671,0.016549183055758476,0.1288089007139206,0.0018734954064711928,0.01215748954564333,0.017092016991227865,0.1309130359441042,-1.1174585819244385,-1.1166439056396484
batch1_0_127,0,4,"(0, 4)",0,9,6.5789079666137695,6.838343143463135,0.0007478756597265601,0.0007479190826416016,4.3422915041446686e-08,5.8058306104558495e-05,1,0,0.016549183055758476,0.1288089007139206,0.018298450857400894,0.140096053481102,0.0018937854329124093,0.011897780932486057,0.018985802424140275,0.14281081687659025,-1.0901005268096924,-1.0893526077270508
batch1_0_127,0,4,"(0, 4)",0,10,6.437290191650391,6.772061347961426,0.0006730032037012279,0.0006730556488037109,5.2445102483034134e-08,7.792090085901523e-05,1,0,0.018298450857400894,0.140096053481102,0.020054379478096962,0.15100963413715363,0.0019155864138156176,0.011600439436733723,0.020901388837955892,0.15441125631332397,-1.0607173442840576,-1.060044288635254
batch1_0_127,0,4,"(0, 4)",0,11,6.2945404052734375,6.719196319580078,0.0006062932079657912,0.0006062984466552734,5.238689482212067e-09,8.640446814785687e-06,1,0,0.020054379478096962,0.15100963413715363,0.02181890234351158,0.16154329478740692,0.0019388120854273438,0.01128553319722414,0.022840200923383236,0.16569678951054811,-1.0303871631622314,-1.0297808647155762
batch1_0_127,0,4,"(0, 4)",0,12,6.162432670593262,6.675288200378418,0.0005422726389952004,0.0005421638488769531,1.0879011824727058e-07,0.00020065911527044855,1,0,0.02181890234351158,0.16154329478740692,0.02359255589544773,0.17165705561637878,0.001961184199899435,0.010935097932815552,0.02480138512328267,0.17663188744336367,-1.013237714767456,-1.012695550918579
batch1_0_127,0,4,"(0, 4)",0,13,6.04797887802124,6.641198635101318,0.00048217366565950215,0.0004820823669433594,9.129871614277363e-08,0.00018938406049085065,1,0,0.02359255589544773,0.17165705561637878,0.025380730628967285,0.1815008968114853,0.0019853776320815086,0.010738581418991089,0.02678676275536418,0.18737046886235476,-0.9944382905960083,-0.9939562082290649
batch1_0_127,0,4,"(0, 4)",0,14,5.932997703552246,6.61385440826416,0.0004219829570502043,0.00042188167572021484,1.0128132998943329e-07,0.00024007046482057078,1,0,0.025380730628967285,0.1815008968114853,0.027179576456546783,0.19106823205947876,0.0020066043362021446,0.01054079644382,0.028793367091566324,0.19791126530617476,-0.981584906578064,-0.9811630249023438
batch1_0_127,0,4,"(0, 4)",0,15,5.81962776184082,6.600345611572266,0.0003771947813220322,0.00037723779678344727,4.3015461415052414e-08,0.00011402744311897615,1,0,0.027179576456546783,0.19106823205947876,0.028993787243962288,0.2004985809326172,0.0020261004101485014,0.010442095808684826,0.030819467501714826,0.20835336111485958,-0.9752209186553955,-0.9748436808586121
batch1_0_127,0,4,"(0, 4)",0,16,5.709073543548584,6.575341701507568,0.00032507942523807287,0.00032508373260498047,4.307366907596588e-09,1.3250022918958562e-05,1,0,0.028993787243962288,0.2004985809326172,0.030818739905953407,0.2097831517457962,0.002043133368715644,0.010352632962167263,0.03286260087043047,0.21870599407702684,-0.9625521898269653,-0.9622271060943604
batch1_0_127,0,4,"(0, 4)",0,17,5.599137306213379,6.553835868835449,0.0002697700110729784,0.00026977062225341797,6.111804395914078e-10,2.2655559544851966e-06,1,0,0.030818739905953407,0.2097831517457962,0.03265447914600372,0.21891754865646362,0.0020594880916178226,0.010249311104416847,0.03492208896204829,0.2289553051814437,-0.9486442804336548,-0.9483745098114014
batch1_0_127,0,4,"(0, 4)",0,18,5.489962100982666,6.538669109344482,0.0002206035132985562,0.0002205371856689453,6.632762961089611e-08,0.00030075485641891894,1,0,0.03265447914600372,0.21891754865646362,0.03449844941496849,0.22793102264404297,0.0020720944739878178,0.010146421380341053,0.03699418343603611,0.23910172656178474,-0.9302678108215332,-0.9300472736358643
batch1_0_127,0,4,"(0, 4)",0,19,5.38720178604126,6.533339500427246,0.0001707074261503294,0.00017064809799194336,5.9328158386051655e-08,0.00034766375414774713,1,0,0.03449844941496849,0.22793102264404297,0.03635261207818985,0.23680301010608673,0.0020865073893219233,0.010045221075415611,0.03908069082535803,0.24914694763720036,-0.9337887167930603,-0.9336180686950684
batch1_0_127,0,4,"(0, 4)",0,20,5.2879791259765625,6.523458957672119,0.00011979239934589714,0.00011980533599853516,1.2936652638018131e-08,0.00010798060478855721,1,0,0.03635261207818985,0.23680301010608673,0.03821874037384987,0.2455887347459793,0.002104786690324545,0.009998387657105923,0.04118547751568258,0.2591453352943063,-0.9323513507843018,-0.9322315454483032
batch1_0_127,0,4,"(0, 4)",0,21,5.183320045471191,6.534556865692139,7.182083209045231e-05,7.170438766479492e-05,1.1644442565739155e-07,0.0016239511897339983,1,0,0.03821874037384987,0.2455887347459793,0.040091484785079956,0.2542160153388977,0.002114988397806883,0.00985595304518938,0.04330046591348946,0.26900128833949566,-0.9315669536590576,-0.9314952492713928
batch1_0_127,0,4,"(0, 4)",0,22,5.0840911865234375,6.559994220733643,3.206700785085559e-05,3.2007694244384766e-05,5.931360647082329e-08,0.001853104632216015,1,0,0.040091484785079956,0.2542160153388977,0.04196825996041298,0.26270997524261475,0.0021209230180829763,0.009727874770760536,0.04542138893157244,0.2787291631102562,-0.9319762587547302,-0.9319442510604858
batch1_0_127,0,4,"(0, 4)",0,23,4.984493255615234,6.581650733947754,-1.2550256542454008e-05,-1.2576580047607422e-05,2.6323505153413862e-08,0.0020930574968527843,0,1,0.04196825996041298,0.26270997524261475,0.04384656995534897,0.27106180787086487,0.002123835263773799,0.009590229950845242,0.047545224195346236,0.28831939306110144,-0.9379462599754333,-0.937958836555481
batch1_0_127,0,4,"(0, 4)",0,24,4.8890275955200195,6.6073784828186035,-4.721795630757697e-05,-4.7266483306884766e-05,4.852699930779636e-08,0.001026668284008512,0,1,0.04384656995534897,0.27106180787086487,0.045723870396614075,0.27930957078933716,0.002121179597452283,0.009472496807575226,0.04966640379279852,0.29779188986867666,-0.93831866979599,-0.9383659362792969
batch1_0_127,0,4,"(0, 4)",0,25,4.796725749969482,6.638162136077881,-8.409511065110564e-05,-8.410215377807617e-05,7.043126970529556e-09,8.37449060949681e-05,0,1,0.045723870396614075,0.27930957078933716,0.04759502410888672,0.28738752007484436,0.002115390030667186,0.009305929765105247,0.051781793823465705,0.3070978196337819,-0.9497674703598022,-0.9498515725135803
batch1_0_127,0,4,"(0, 4)",0,26,4.708092212677002,6.665159702301025,-0.0001114934275392443,-0.00011146068572998047,3.2741809263825417e-08,0.0002937520889037433,0,1,0.04759502410888672,0.28738752007484436,0.04945803061127663,0.29531213641166687,0.0021050414070487022,0.009147378616034985,0.05388683523051441,0.3162451982498169,-0.9626674652099609,-0.9627789258956909
batch1_0_127,0,4,"(0, 4)",0,27,4.622369289398193,6.69182014465332,-0.00012675613106694072,-0.00012677907943725586,2.2948370315134525e-08,0.00018101070316173013,0,1,0.04945803061127663,0.29531213641166687,0.05131042003631592,0.3030567169189453,0.0020912201143801212,0.008961103856563568,0.05597805534489453,0.32520630210638046,-0.982842743396759,-0.9829695224761963
batch1_0_127,0,4,"(0, 4)",0,28,4.538556098937988,6.721131801605225,-0.00015848109615035355,-0.00015860795974731445,1.2686359696090221e-07,0.0007998564332018038,0,1,0.05131042003631592,0.3030567169189453,0.053150612860918045,0.3106261193752289,0.002075525466352701,0.008779185824096203,0.05805358081124723,0.33398548793047667,-0.9960219860076904,-0.9961805939674377
batch1_0_127,0,4,"(0, 4)",0,29,4.460237979888916,6.749387264251709,-0.00018423992150928825,-0.00018417835235595703,6.156915333122015e-08,0.00033429093345469256,0,1,0.053150612860918045,0.3106261193752289,0.05497562512755394,0.31801584362983704,0.002057730220258236,0.008599364198744297,0.060111311031505466,0.34258485212922096,-1.025990605354309,-1.026174783706665
batch1_0_127,0,4,"(0, 4)",0,30,4.385156154632568,6.800548076629639,-0.0002012452168855816,-0.00020122528076171875,1.9936123862862587e-08,9.907365410248815e-05,0,1,0.05497562512755394,0.31801584362983704,0.05678321793675423,0.3252510726451874,0.0020352578721940517,0.00842342060059309,0.06214656890369952,0.35100827272981405,-1.0546510219573975,-1.0548522472381592
batch1_0_127,0,4,"(0, 4)",0,31,4.313564777374268,6.830224514007568,-0.00021284636750351638,-0.0002130270004272461,1.8063292372971773e-07,0.0008479344091004477,0,1,0.05678321793675423,0.3252510726451874,0.05857134610414505,0.3323415517807007,0.002010463271290064,0.008258297108113766,0.06415703217498958,0.3592665698379278,-1.068302869796753,-1.0685158967971802
batch1_0_127,0,4,"(0, 4)",0,32,4.245380878448486,6.873694896697998,-0.00023225999029818922,-0.00023233890533447266,7.891503628343344e-08,0.0003396548510454079,0,1,0.05857134610414505,0.3323415517807007,0.06033850088715553,0.33926087617874146,0.001985051203519106,0.00807665940374136,0.06614208337850869,0.3673432292416692,-1.0841422080993652,-1.0843745470046997
batch1_0_127,0,4,"(0, 4)",0,33,4.1808977127075195,6.912050247192383,-0.00024813474738039076,-0.00024819374084472656,5.899346433579922e-08,0.00023769118485830932,0,1,0.06033850088715553,0.33926087617874146,0.06208229064941406,0.346050888299942,0.001956828171387315,0.007919872179627419,0.068098911549896,0.3752631014212966,-1.0945007801055908,-1.0947489738464355
batch1_0_127,0,4,"(0, 4)",0,34,4.117168426513672,6.946332931518555,-0.00025241903495043516,-0.0002524852752685547,6.624031811952591e-08,0.00026235319287063266,0,1,0.06208229064941406,0.346050888299942,0.06379948556423187,0.35269203782081604,0.0019249747274443507,0.0077410051599144936,0.07002388627734035,0.3830041065812111,-1.10598886013031,-1.1062413454055786
batch1_0_127,0,4,"(0, 4)",0,35,4.058025360107422,6.984035491943359,-0.00026148793403990567,-0.00026154518127441406,5.7247234508395195e-08,0.00021888086115542387,0,1,0.06379948556423187,0.35269203782081604,0.06549018621444702,0.35918548703193665,0.0018930536461994052,0.00757342716678977,0.07191693992353976,0.39057753374800086,-1.1160465478897095,-1.1163080930709839
batch1_0_127,0,4,"(0, 4)",0,36,4.000536918640137,7.013183116912842,-0.0002686939260456711,-0.0002688169479370117,1.2302189134061337e-07,0.0004576418722283814,0,1,0.06549018621444702,0.35918548703193665,0.06715387105941772,0.36555686593055725,0.0018608379177749157,0.0074257440865039825,0.07377777784131467,0.39800327783450484,-1.1262174844741821,-1.1264863014221191
batch1_0_127,0,4,"(0, 4)",0,37,3.9458274841308594,7.044434070587158,-0.00027221033815294504,-0.0002722740173339844,6.367918103933334e-08,0.00023387902254816113,0,1,0.06715387105941772,0.36555686593055725,0.06878849118947983,0.37179750204086304,0.0018266772385686636,0.007271053735166788,0.07560445507988334,0.40527433156967163,-1.1350057125091553,-1.1352779865264893
batch1_0_127,0,4,"(0, 4)",0,38,3.8935718536376953,7.074090003967285,-0.000278143968898803,-0.00027823448181152344,9.051291272044182e-08,0.0003253116297129392,0,1,0.06878849118947983,0.37179750204086304,0.07039374858140945,0.37789493799209595,0.001792351366020739,0.00711137056350708,0.07739680644590408,0.4123857021331787,-1.1489900350570679,-1.1492682695388794
batch1_0_127,0,4,"(0, 4)",0,39,3.843594789505005,7.105680465698242,-0.00028195889899507165,-0.00028204917907714844,9.028008207678795e-08,0.00032008631392645815,0,1,0.07039374858140945,0.37789493799209595,0.07196873426437378,0.3838695287704468,0.0017575635574758053,0.006966077722609043,0.07915437000337988,0.41935177985578775,-1.1596863269805908,-1.159968376159668
batch1_0_127,0,5,"(0, 5)",0,0,8.423693656921387,8.138317108154297,0.0012693124590441585,0.001269221305847168,9.115319699048996e-08,7.18182058326289e-05,1,0,0.0,0.0,0.0020103324204683304,0.017079152166843414,0.0020103324204683304,0.017079152166843414,0.0020103324204683304,0.017079152166843414,-1.2377147674560547,-1.2364455461502075
batch1_0_127,0,5,"(0, 5)",0,1,8.121763229370117,7.92188024520874,0.001193013391457498,0.001192927360534668,8.603092283010483e-08,7.21174865094434e-05,1,0,0.0020103324204683304,0.017079152166843414,0.0039778160862624645,0.033676281571388245,0.001973789418116212,0.016626551747322083,0.003984121838584542,0.0337057039141655,-1.1601003408432007,-1.158907413482666
batch1_0_127,0,5,"(0, 5)",0,2,7.845624923706055,7.730352878570557,0.001115043181926012,0.001114964485168457,7.869675755500793e-08,7.058229979685662e-05,1,0,0.0039778160862624645,0.033676281571388245,0.005912541877478361,0.04973037540912628,0.0019510864512994885,0.01611984334886074,0.005935208289884031,0.04982554726302624,-1.0696320533752441,-1.0685170888900757
batch1_0_127,0,5,"(0, 5)",0,3,7.588940620422363,7.527441501617432,0.0010595807107165456,0.0010595321655273438,4.854518920183182e-08,4.581757003825383e-05,1,0,0.005912541877478361,0.04973037540912628,0.007813449017703533,0.06506790965795517,0.0019326925976201892,0.015462729148566723,0.00786790088750422,0.06528827641159296,-1.0016151666641235,-1.0005556344985962
batch1_0_127,0,5,"(0, 5)",0,4,7.36079216003418,7.330715656280518,0.0009759418317116797,0.0009759664535522461,2.4621840566396713e-08,2.522816278856724e-05,1,0,0.007813449017703533,0.06506790965795517,0.00968790240585804,0.07978488504886627,0.0019234223291277885,0.014906995929777622,0.009791323216632009,0.08019527234137058,-0.8991281986236572,-0.898152232170105
batch1_0_127,0,5,"(0, 5)",0,5,7.135433197021484,7.1819748878479,0.0008970944909378886,0.0008969902992248535,1.0419171303510666e-07,0.00011615701209382683,1,0,0.00968790240585804,0.07978488504886627,0.011543177999556065,0.09365449100732803,0.00192224548663944,0.01414346881210804,0.011713568703271449,0.09433874115347862,-0.8234943151473999,-0.822597324848175
batch1_0_127,0,5,"(0, 5)",0,6,6.933971405029297,7.040005207061768,0.0008135540992952883,0.0008134841918945312,6.990740075707436e-08,8.593578271541617e-05,1,0,0.011543177999556065,0.09365449100732803,0.013379308395087719,0.1066095307469368,0.0019230482866987586,0.013338449411094189,0.013636616989970207,0.10767719056457281,-0.7651268243789673,-0.7643133401870728
batch1_0_127,0,5,"(0, 5)",0,7,6.758818626403809,6.949168682098389,0.0007273813826031983,0.0007273554801940918,2.5902409106492996e-08,3.561176042776367e-05,1,0,0.013379308395087719,0.1066095307469368,0.015203126706182957,0.11888493597507477,0.001931363483890891,0.012779607437551022,0.015567980473861098,0.12045679800212383,-0.7250329256057739,-0.7243055701255798
batch1_0_127,0,5,"(0, 5)",0,8,6.594111442565918,6.851024150848389,0.000652707414701581,0.0006526708602905273,3.655441105365753e-08,5.60074200913242e-05,1,0,0.015203126706182957,0.11888493597507477,0.01702377013862133,0.1305491179227829,0.0019456795416772366,0.012281598523259163,0.017513660015538335,0.132738396525383,-0.6891182065010071,-0.6884655356407166
batch1_0_127,0,5,"(0, 5)",0,9,6.43557596206665,6.76022481918335,0.0005859861266799271,0.0005859136581420898,7.246853783726692e-08,0.00012368467065106817,1,0,0.01702377013862133,0.1305491179227829,0.01884467899799347,0.14177341759204865,0.0019607185386121273,0.011941143311560154,0.019474378554150462,0.14467953983694315,-0.6663965582847595,-0.6658106446266174
batch1_0_127,0,5,"(0, 5)",0,10,6.285824775695801,6.686100482940674,0.0005266705411486328,0.0005266666412353516,3.899913281202316e-09,7.404898992756903e-06,1,0,0.01884467899799347,0.14177341759204865,0.020672209560871124,0.15260513126850128,0.0019821005407720804,0.011656496673822403,0.021456479094922543,0.15633603651076555,-0.6551609039306641,-0.6546342372894287
batch1_0_127,0,5,"(0, 5)",0,11,6.147611618041992,6.624572277069092,0.00047169713070616126,0.000471651554107666,4.557659849524498e-08,9.663192689245545e-05,1,0,0.020672209560871124,0.15260513126850128,0.02250825986266136,0.1631210893392563,0.0020011363085359335,0.011426654644310474,0.023457615403458476,0.16776269115507603,-0.6436823010444641,-0.6432106494903564
batch1_0_127,0,5,"(0, 5)",0,12,6.011814117431641,6.565124034881592,0.0004103943065274507,0.00041037797927856445,1.6327248886227608e-08,3.978587962962963e-05,1,0,0.02250825986266136,0.1631210893392563,0.02434837818145752,0.17329485714435577,0.0020177746191620827,0.011178318411111832,0.02547539002262056,0.17894100956618786,-0.638983428478241,-0.6385730504989624
batch1_0_127,0,5,"(0, 5)",0,13,5.884964942932129,6.513308525085449,0.00036618515150621533,0.0003661513328552246,3.3818650990724564e-08,9.236249593032721e-05,1,0,0.02434837818145752,0.17329485714435577,0.02619216777384281,0.1831303834915161,0.0020275569986552,0.010918600484728813,0.02750294702127576,0.18985961005091667,-0.6471402645111084,-0.6467741131782532
batch1_0_127,0,5,"(0, 5)",0,14,5.772062301635742,6.475936412811279,0.0003260223602410406,0.0003260374069213867,1.5046680346131325e-08,4.615016567641682e-05,1,0,0.02619216777384281,0.1831303834915161,0.028042608872056007,0.1926383376121521,0.0020418567582964897,0.01063347514718771,0.02954480377957225,0.20049308519810438,-0.6673269271850586,-0.6670008897781372
batch1_0_127,0,5,"(0, 5)",0,15,5.65599250793457,6.452005863189697,0.0002811358426697552,0.0002810955047607422,4.033790901303291e-08,0.00014350250477099236,1,0,0.028042608872056007,0.1926383376121521,0.029896782711148262,0.20189045369625092,0.002053407020866871,0.010439228266477585,0.03159821080043912,0.21093231346458197,-0.6781642436981201,-0.6778831481933594
batch1_0_127,0,5,"(0, 5)",0,16,5.542377471923828,6.4301533699035645,0.00024843771825544536,0.0002484321594238281,5.558831617236137e-09,2.2375652291266796e-05,1,0,0.029896782711148262,0.20189045369625092,0.031752809882164,0.21099768579006195,0.0020605321042239666,0.010319609194993973,0.033658742904663086,0.22125192265957594,-0.7073624134063721,-0.7071139812469482
batch1_0_127,0,5,"(0, 5)",0,17,5.435394287109375,6.413187026977539,0.00021383202692959458,0.00021380186080932617,3.0166120268404484e-08,0.00014109381534011708,1,0,0.031752809882164,0.21099768579006195,0.033611707389354706,0.2199980616569519,0.002066779648885131,0.010223787277936935,0.03572552255354822,0.23147570993751287,-0.7309578657150269,-0.7307440638542175
batch1_0_127,0,5,"(0, 5)",0,18,5.3308491706848145,6.396719455718994,0.0001867247192421928,0.00018668174743652344,4.2971805669367313e-08,0.00023018750498882503,1,0,0.033611707389354706,0.2199980616569519,0.03547189012169838,0.2289097011089325,0.002069487003609538,0.01012102048844099,0.037795009557157755,0.24159673042595387,-0.7440981864929199,-0.7439115047454834
batch1_0_127,0,5,"(0, 5)",0,19,5.229540824890137,6.382563591003418,0.0001531049783807248,0.00015306472778320312,4.025059752166271e-08,0.0002629645516939252,1,0,0.03547189012169838,0.2289097011089325,0.03733019158244133,0.23775464296340942,0.0020711482502520084,0.010060586966574192,0.03986615780740976,0.25165731739252806,-0.7618635892868042,-0.761710524559021
batch1_0_127,0,5,"(0, 5)",0,20,5.127852439880371,6.374273300170898,0.00011291289411019534,0.00011283159255981445,8.13015503808856e-08,0.0007205566148309561,1,0,0.03733019158244133,0.23775464296340942,0.0391831174492836,0.24649785459041595,0.0020697691943496466,0.009975289925932884,0.04193592700175941,0.26163260731846094,-0.7765201926231384,-0.7764073610305786
batch1_0_127,0,5,"(0, 5)",0,21,5.029285430908203,6.360289573669434,8.770831482252106e-05,8.767843246459961e-05,2.988235792145133e-08,0.0003408176569935418,1,0,0.0391831174492836,0.24649785459041595,0.041028596460819244,0.2551434338092804,0.0020642189774662256,0.009877308271825314,0.044000145979225636,0.27150991559028625,-0.801620364189148,-0.8015326857566833
batch1_0_127,0,5,"(0, 5)",0,22,4.930359363555908,6.36003303527832,5.9934380260528997e-05,5.990266799926758e-05,3.171226126141846e-08,0.0005293964746579602,1,0,0.041028596460819244,0.2551434338092804,0.0428619347512722,0.2636590898036957,0.0020539197139441967,0.009746808558702469,0.04605406569316983,0.2812567241489887,-0.8222402930259705,-0.8221803903579712
batch1_0_127,0,5,"(0, 5)",0,23,4.836857795715332,6.365461826324463,3.4790624340530485e-05,3.4809112548828125e-05,1.8488208297640085e-08,0.0005311312740796233,1,0,0.0428619347512722,0.2636590898036957,0.044681623578071594,0.2720566391944885,0.002041064901277423,0.009613806381821632,0.048095130594447255,0.29087053053081036,-0.8409943580627441,-0.8409595489501953
batch1_0_127,0,5,"(0, 5)",0,24,4.740962028503418,6.373180389404297,1.2421294741216116e-05,1.239776611328125e-05,2.3528627934865654e-08,0.0018978118896484375,1,0,0.044681623578071594,0.2720566391944885,0.04648234695196152,0.28031066060066223,0.0020231364760547876,0.009465587325394154,0.05011826707050204,0.3003361178562045,-0.852512001991272,-0.8524996042251587
batch1_0_127,0,5,"(0, 5)",0,25,4.649950981140137,6.371256351470947,-1.1652749890345149e-05,-1.1742115020751953e-05,8.936513040680438e-08,0.007610650231995558,0,1,0.04648234695196152,0.28031066060066223,0.04826027527451515,0.28845781087875366,0.002000476699322462,0.009346546605229378,0.052118743769824505,0.3096826644614339,-0.8633422255516052,-0.863353967666626
batch1_0_127,0,5,"(0, 5)",0,26,4.5598015785217285,6.388075351715088,-3.508273948682472e-05,-3.504753112792969e-05,3.52083588950336e-08,0.001004588847257653,0,1,0.04826027527451515,0.28845781087875366,0.050014566630125046,0.29646050930023193,0.001977927051484585,0.009198474697768688,0.05409667082130909,0.3188811391592026,-0.8846573829650879,-0.8846924304962158
batch1_0_127,0,5,"(0, 5)",0,27,4.472498893737793,6.404608249664307,-6.45263135083951e-05,-6.461143493652344e-05,8.51214281283319e-08,0.0013174359648869926,0,1,0.050014566630125046,0.29646050930023193,0.051742713898420334,0.3043361008167267,0.0019515088060870767,0.009074448607861996,0.056048179627396166,0.32795558776706457,-0.8971552848815918,-0.8972198963165283
batch1_0_127,0,5,"(0, 5)",0,28,4.385315895080566,6.421984672546387,-8.26295290607959e-05,-8.26716423034668e-05,4.211324267089367e-08,0.0005094037265681327,0,1,0.051742713898420334,0.3043361008167267,0.053441114723682404,0.31202778220176697,0.001920883427374065,0.00887810904532671,0.05796906305477023,0.3368336968123913,-0.9008031487464905,-0.900885820388794
batch1_0_127,0,5,"(0, 5)",0,29,4.301948070526123,6.443612575531006,-0.00010026621021097526,-0.00010031461715698242,4.840694600716233e-08,0.0004825512709818776,0,1,0.053441114723682404,0.31202778220176697,0.055109258741140366,0.3195743262767792,0.0018900335999205709,0.00872960314154625,0.0598590966546908,0.34556329995393753,-0.9037073850631714,-0.9038076996803284
batch1_0_127,0,5,"(0, 5)",0,30,4.22642183303833,6.48426628112793,-0.00011333103611832485,-0.00011336803436279297,3.699824446812272e-08,0.00032635517300867506,0,1,0.055109258741140366,0.3195743262767792,0.05674318969249725,0.3269473910331726,0.0018536682473495603,0.008533461950719357,0.06171276490204036,0.3540967619046569,-0.9197057485580444,-0.9198191165924072
batch1_0_127,0,5,"(0, 5)",0,31,4.153604507446289,6.515872001647949,-0.00012252679152879864,-0.00012248754501342773,3.92465153709054e-08,0.0003204122947080292,0,1,0.05674318969249725,0.3269473910331726,0.058342959731817245,0.33413881063461304,0.0018160281470045447,0.008330043405294418,0.06352879304904491,0.3624268053099513,-0.9288068413734436,-0.928929328918457
batch1_0_127,0,5,"(0, 5)",0,32,4.084124565124512,6.548084735870361,-0.00011897971126018092,-0.00011903047561645508,5.076435627415776e-08,0.00042648200816850277,0,1,0.058342959731817245,0.33413881063461304,0.05990783870220184,0.3411690592765808,0.001777343568392098,0.008151073008775711,0.065306136617437,0.370577878318727,-0.9299192428588867,-0.9300382733345032
batch1_0_127,0,5,"(0, 5)",0,33,4.018551826477051,6.577712535858154,-0.00013025231601204723,-0.00013023614883422852,1.6167177818715572e-08,0.00012413740703661328,0,1,0.05990783870220184,0.3411690592765808,0.06143525615334511,0.3480033874511719,0.0017363259103149176,0.007934262044727802,0.06704246252775192,0.3785121403634548,-0.9292966723442078,-0.929426908493042
batch1_0_127,0,5,"(0, 5)",0,34,3.9552812576293945,6.598903656005859,-0.00013179592497181147,-0.00013178586959838867,1.0055373422801495e-08,7.630084661917685e-05,0,1,0.06143525615334511,0.3480033874511719,0.0629253089427948,0.35465237498283386,0.0016946903197094798,0.007731390651315451,0.0687371528474614,0.38624353101477027,-0.9202001690864563,-0.9203319549560547
batch1_0_127,0,5,"(0, 5)",0,35,3.894334316253662,6.6106791496276855,-0.00013065738312434405,-0.00013065338134765625,4.001776687800884e-09,3.062895614735401e-05,0,1,0.0629253089427948,0.35465237498283386,0.06437648087739944,0.3611043691635132,0.001650970778428018,0.007509542163461447,0.07038812362588942,0.3937530731782317,-0.9140718579292297,-0.9142025113105774
batch1_0_127,0,5,"(0, 5)",0,36,3.8392977714538574,6.638113975524902,-0.00012769503518939018,-0.00012767314910888672,2.1886080503463745e-08,0.00017142273576097104,0,1,0.06437648087739944,0.3611043691635132,0.0657908096909523,0.3673848509788513,0.0016098679043352604,0.007312181871384382,0.07199799153022468,0.4010652550496161,-0.9094061255455017,-0.9095337986946106
batch1_0_127,0,5,"(0, 5)",0,37,3.787238121032715,6.656989097595215,-0.00012798035459127277,-0.00012797117233276367,9.182258509099483e-09,7.175255443642292e-05,0,1,0.0657908096909523,0.3673848509788513,0.06716806441545486,0.3734978437423706,0.001569060725159943,0.007122988346964121,0.07356705225538462,0.4081882433965802,-0.9012540578842163,-0.9013820290565491
batch1_0_127,0,5,"(0, 5)",0,38,3.7372679710388184,6.665046215057373,-0.0001354498090222478,-0.00013554096221923828,9.115319699048996e-08,0.0006725140171503958,0,1,0.06716806441545486,0.3734978437423706,0.06850703060626984,0.37942835688591003,0.0015278655337169766,0.006927468813955784,0.0750949177891016,0.415115712210536,-0.8856871128082275,-0.8858226537704468
batch1_0_127,0,5,"(0, 5)",0,39,3.6893858909606934,6.680355548858643,-0.00013263506116345525,-0.00013262033462524414,1.4726538211107254e-08,0.00011104283707865169,0,1,0.06850703060626984,0.37942835688591003,0.06980842351913452,0.38518181443214417,0.0014863323885947466,0.006729925982654095,0.07658125017769635,0.4218456381931901,-0.8715389370918274,-0.8716715574264526
batch1_0_127,0,6,"(0, 6)",0,0,8.231931686401367,8.138317108154297,0.002917878795415163,0.0029172897338867188,5.890615284442902e-07,0.00020192081766917292,1,0,0.0,0.0,0.0020257816649973392,0.015268456190824509,0.0020257816649973392,0.015268456190824509,0.0020257816649973392,0.015268456190824509,-2.3459296226501465,-2.3430123329162598
batch1_0_127,0,6,"(0, 6)",0,1,7.994431018829346,7.935793399810791,0.0024705713149160147,0.002470254898071289,3.164168447256088e-07,0.00012809076705916418,1,0,0.0020257816649973392,0.015268456190824509,0.003994825296103954,0.030102688819169998,0.0019736995454877615,0.014856887981295586,0.003999481210485101,0.030125344172120094,-2.150181531906128,-2.1477112770080566
batch1_0_127,0,6,"(0, 6)",0,2,7.773777961730957,7.754725456237793,0.0021114866249263287,0.002111196517944336,2.9010698199272156e-07,0.0001374135375494071,1,0,0.003994825296103954,0.030102688819169998,0.005911694373935461,0.04446153715252876,0.00192907580640167,0.014415988698601723,0.005928557016886771,0.04454133287072182,-1.9780068397521973,-1.975895643234253
batch1_0_127,0,6,"(0, 6)",0,3,7.566197395324707,7.602888107299805,0.001843842095695436,0.001843571662902832,2.704327926039696e-07,0.0001466896015195603,1,0,0.005911694373935461,0.04446153715252876,0.007789624854922295,0.058387525379657745,0.0019002800108864903,0.014022555202245712,0.007828837027773261,0.05856388807296753,-1.8376754522323608,-1.835831880569458
batch1_0_127,0,6,"(0, 6)",0,4,7.377092361450195,7.45896577835083,0.001619901624508202,0.0016199350357055664,3.341119736433029e-08,2.062502299654132e-05,1,0,0.007789624854922295,0.058387525379657745,0.00963336881250143,0.07187294960021973,0.0018784725107252598,0.013630246743559837,0.00970730953849852,0.07219413481652737,-1.7205110788345337,-1.7188911437988281
batch1_0_127,0,6,"(0, 6)",0,5,7.194669723510742,7.30885648727417,0.0014238457661122084,0.0014235973358154297,2.484302967786789e-07,0.00017450882389884442,1,0,0.00963336881250143,0.07187294960021973,0.011445981450378895,0.08492038398981094,0.0018616829765960574,0.013252544216811657,0.011568992515094578,0.08544667903333902,-1.6085281372070312,-1.6071045398712158
batch1_0_127,0,6,"(0, 6)",0,6,7.023456573486328,7.185421943664551,0.0012523019686341286,0.001252293586730957,8.381903171539307e-09,6.693241313660162e-06,1,0,0.011445981450378895,0.08492038398981094,0.013230567798018456,0.09753069281578064,0.00184909428935498,0.012899749912321568,0.013418086804449558,0.09834642894566059,-1.5186023712158203,-1.5173500776290894
batch1_0_127,0,6,"(0, 6)",0,7,6.857732772827148,7.079158306121826,0.001117305364459753,0.0011172294616699219,7.59027898311615e-08,6.793840695689287e-05,1,0,0.013230567798018456,0.09753069281578064,0.014994989149272442,0.10980326682329178,0.0018449113704264164,0.012641963548958302,0.015262998174875975,0.11098839249461889,-1.442987322807312,-1.441870093345642
batch1_0_127,0,6,"(0, 6)",0,8,6.695348739624023,6.986857891082764,0.0009957121219485998,0.000995635986328125,7.613562047481537e-08,7.646933369252873e-05,1,0,0.014994989149272442,0.10980326682329178,0.016741136088967323,0.1217353492975235,0.001843897276557982,0.012392081320285797,0.017106895451433957,0.12338047381490469,-1.3701934814453125,-1.3691978454589844
batch1_0_127,0,6,"(0, 6)",0,9,6.54236364364624,6.911824703216553,0.0008956859819591045,0.0008955001831054688,1.8579885363578796e-07,0.00020748053115015976,1,0,0.016741136088967323,0.1217353492975235,0.018474675714969635,0.1332676112651825,0.001848870306275785,0.012087071314454079,0.01895576575770974,0.13546754512935877,-1.3132050037384033,-1.3123095035552979
batch1_0_127,0,6,"(0, 6)",0,10,6.393530368804932,6.855184078216553,0.0008008279837667942,0.0008007287979125977,9.918585419654846e-08,0.00012386947297900847,1,0,0.018474675714969635,0.1332676112651825,0.020201196894049644,0.14448249340057373,0.0018580816686153412,0.01185156311839819,0.020813847426325083,0.14731910824775696,-1.257095456123352,-1.2562947273254395
batch1_0_127,0,6,"(0, 6)",0,11,6.2501115798950195,6.805088996887207,0.0007175883511081338,0.0007175207138061523,6.763730198144913e-08,9.426529531483635e-05,1,0,0.020201196894049644,0.14448249340057373,0.021925317123532295,0.1553778499364853,0.0018706180853769183,0.011621077544987202,0.022684465511702,0.15894018579274416,-1.2078239917755127,-1.2071064710617065
batch1_0_127,0,6,"(0, 6)",0,12,6.114095211029053,6.770633220672607,0.0006384077132679522,0.0006384849548339844,7.724156603217125e-08,0.00012097632911687827,1,0,0.021925317123532295,0.1553778499364853,0.023652303963899612,0.16607169806957245,0.0018872411455959082,0.01148489024490118,0.02457170665729791,0.17042507603764534,-1.143420696258545,-1.142782211303711
batch1_0_127,0,6,"(0, 6)",0,13,5.97998046875,6.7319016456604,0.000576028018258512,0.000576019287109375,8.731149137020111e-09,1.5157737479304635e-05,1,0,0.023652303963899612,0.16607169806957245,0.02538270503282547,0.1765037626028061,0.0019041163614019752,0.011272641830146313,0.026475823018699884,0.18169771786779165,-1.101501703262329,-1.1009256839752197
batch1_0_127,0,6,"(0, 6)",0,14,5.851280212402344,6.709601402282715,0.0005186658818274736,0.0005185604095458984,1.0547228157520294e-07,0.00020339439655172413,1,0,0.02538270503282547,0.1765037626028061,0.027119014412164688,0.18664558231830597,0.0019236324587836862,0.011035599745810032,0.02839945547748357,0.19273331761360168,-1.0701403617858887,-1.0696218013763428
batch1_0_127,0,6,"(0, 6)",0,15,5.7262864112854,6.691271781921387,0.00047255874960683286,0.0004725456237792969,1.31258275359869e-08,2.777684709258325e-05,1,0,0.027119014412164688,0.18664558231830597,0.028860459104180336,0.19644585251808167,0.0019392201211303473,0.010731693357229233,0.030338675598613918,0.20346501097083092,-1.0502240657806396,-1.0497515201568604
batch1_0_127,0,6,"(0, 6)",0,16,5.610457897186279,6.684457778930664,0.000424004509113729,0.0004240274429321289,2.293381839990616e-08,5.4085693702558336e-05,1,0,0.028860459104180336,0.19644585251808167,0.030610259622335434,0.2059846669435501,0.001959217246621847,0.010513941757380962,0.032297892845235765,0.21397895272821188,-1.010944128036499,-1.010520100593567
batch1_0_127,0,6,"(0, 6)",0,17,5.501194000244141,6.670121669769287,0.00036789130535908043,0.00036793947219848633,4.816683940589428e-08,0.00013090968228576057,1,0,0.030610259622335434,0.2059846669435501,0.03236689791083336,0.2152273952960968,0.001975625054910779,0.01026361994445324,0.034273517900146544,0.22424257267266512,-0.9791073203086853,-0.9787393808364868
batch1_0_127,0,6,"(0, 6)",0,18,5.402326583862305,6.668208122253418,0.0003230578440707177,0.0003230571746826172,6.693881005048752e-10,2.072042204797048e-06,1,0,0.03236689791083336,0.2152273952960968,0.034132421016693115,0.22425484657287598,0.001991649391129613,0.010075841099023819,0.03626516729127616,0.23431841377168894,-0.9344483613967896,-0.9341253042221069
batch1_0_127,0,6,"(0, 6)",0,19,5.304295063018799,6.653427600860596,0.0002833440084941685,0.00028324127197265625,1.0273652151226997e-07,0.00036271734269781146,1,0,0.034132421016693115,0.22425484657287598,0.035903118550777435,0.2330678552389145,0.002004380337893963,0.009897314943373203,0.03826954762917012,0.24421572871506214,-0.9100476503372192,-0.9097644090652466
batch1_0_127,0,6,"(0, 6)",0,20,5.207940101623535,6.649744510650635,0.00024641145137138665,0.00024640560150146484,5.8498699218034744e-09,2.3740815493468794e-05,1,0,0.035903118550777435,0.2330678552389145,0.03767988458275795,0.24168330430984497,0.002015375532209873,0.009719019755721092,0.04028492316137999,0.25393474847078323,-0.8805162906646729,-0.8802698850631714
batch1_0_127,0,6,"(0, 6)",0,21,5.113601207733154,6.641573905944824,0.0002089212357532233,0.00020891427993774414,6.955815479159355e-09,3.329506954350927e-05,1,0,0.03767988458275795,0.24168330430984497,0.039461057633161545,0.25010544061660767,0.002024011453613639,0.009549189358949661,0.04230893461499363,0.2634839378297329,-0.864622175693512,-0.8644132614135742
batch1_0_127,0,6,"(0, 6)",0,22,5.019012451171875,6.642918586730957,0.00018590825493447483,0.00018584728240966797,6.097252480685711e-08,0.000328078646167415,1,0,0.039461057633161545,0.25010544061660767,0.04124215245246887,0.2583763599395752,0.0020250810775905848,0.009400193579494953,0.04433401569258422,0.27288413140922785,-0.8541951179504395,-0.8540092706680298
batch1_0_127,0,6,"(0, 6)",0,23,4.928570747375488,6.653223514556885,0.0001648981706239283,0.00016486644744873047,3.172317519783974e-08,0.00019241741232827188,1,0,0.04124215245246887,0.2583763599395752,0.0430227555334568,0.26653212308883667,0.0020262058824300766,0.0092738326638937,0.04636022157501429,0.28215796407312155,-0.8360263109207153,-0.8358614444732666
batch1_0_127,0,6,"(0, 6)",0,24,4.840187072753906,6.666275501251221,0.00014038279186934233,0.00014036893844604492,1.3853423297405243e-08,9.869294055201699e-05,1,0,0.0430227555334568,0.26653212308883667,0.04480130225419998,0.27456799149513245,0.0020260047167539597,0.009152120910584927,0.04838622629176825,0.2913100849837065,-0.8199141621589661,-0.81977379322052
batch1_0_127,0,6,"(0, 6)",0,25,4.757052421569824,6.678487300872803,0.00011733968858607113,0.00011730194091796875,3.7747668102383614e-08,0.0003217991774644309,1,0,0.04480130225419998,0.27456799149513245,0.04657592996954918,0.28249236941337585,0.0020232561510056257,0.009032356552779675,0.05040948244277388,0.30034244153648615,-0.8178972005844116,-0.8177798986434937
batch1_0_127,0,6,"(0, 6)",0,26,4.672249794006348,6.711106777191162,0.00010330485383747146,0.00010317564010620117,1.2921373127028346e-07,0.0012523666549321202,1,0,0.04657592996954918,0.28249236941337585,0.048343781381845474,0.2902865409851074,0.0020166391041129827,0.008891882374882698,0.05242612154688686,0.30923432391136885,-0.8106462955474854,-0.8105431199073792
batch1_0_127,0,6,"(0, 6)",0,27,4.5936279296875,6.733092308044434,9.030204091686755e-05,9.02414321899414e-05,6.060872692614794e-08,0.0006716286017998679,1,0,0.048343781381845474,0.2902865409851074,0.05010468512773514,0.29796871542930603,0.0020100553520023823,0.008777230978012085,0.054436176898889244,0.31801155488938093,-0.8056374192237854,-0.8055471777915955
batch1_0_127,0,6,"(0, 6)",0,28,4.51747989654541,6.762948513031006,7.443800859618932e-05,7.432699203491211e-05,1.1101656127721071e-07,0.001493623759522855,1,0,0.05010468512773514,0.29796871542930603,0.05185632407665253,0.305554062128067,0.001999147702008486,0.008656115271151066,0.05643532460089773,0.326667670160532,-0.8007845282554626,-0.8007102012634277
batch1_0_127,0,6,"(0, 6)",0,29,4.442569255828857,6.793593883514404,6.741460674675182e-05,6.74128532409668e-05,1.7535057850182056e-09,2.601144589964633e-05,1,0,0.05185632407665253,0.305554062128067,0.0535963773727417,0.31299903988838196,0.0019854281563311815,0.008508746512234211,0.05842075275722891,0.3351764166727662,-0.8027998208999634,-0.8027324080467224
batch1_0_127,0,6,"(0, 6)",0,30,4.37191104888916,6.823864459991455,5.796164259663783e-05,5.799531936645508e-05,3.367676981724799e-08,0.0005806808236446557,1,0,0.0535963773727417,0.31299903988838196,0.055322952568531036,0.32031378149986267,0.001969771459698677,0.008369911462068558,0.06039052421692759,0.34354632813483477,-0.7969757318496704,-0.796917736530304
batch1_0_127,0,6,"(0, 6)",0,31,4.301804542541504,6.86292028427124,5.843464168719947e-05,5.841255187988281e-05,2.208980731666088e-08,0.0003781688456632653,1,0,0.055322952568531036,0.32031378149986267,0.05703587830066681,0.32750600576400757,0.0019546765834093094,0.008243509568274021,0.0623452008003369,0.3517898377031088,-0.800528883934021,-0.8004704713821411
batch1_0_127,0,6,"(0, 6)",0,32,4.235202312469482,6.895767688751221,4.762772368849255e-05,4.756450653076172e-05,6.32171577308327e-08,0.0013290825941807644,1,0,0.05703587830066681,0.32750600576400757,0.05873182415962219,0.33456408977508545,0.0019353916868567467,0.008092171512544155,0.06428059248719364,0.35988200921565294,-0.8056531548500061,-0.8056055903434753
batch1_0_127,0,6,"(0, 6)",0,33,4.169675827026367,6.92714786529541,4.3141051719430834e-05,4.303455352783203e-05,1.064981915988028e-07,0.0024747135236322716,1,0,0.05873182415962219,0.33456408977508545,0.0604090690612793,0.34147751331329346,0.0019134778995066881,0.00793429184705019,0.06619407038670033,0.36781630106270313,-0.8038294911384583,-0.8037864565849304
batch1_0_127,0,6,"(0, 6)",0,34,4.104623794555664,6.965102672576904,3.506650682538748e-05,3.504753112792969e-05,1.8975697457790375e-08,0.0005414275085034013,1,0,0.0604090690612793,0.34147751331329346,0.062064964324235916,0.3482538163661957,0.0018882813164964318,0.007778341881930828,0.06808235170319676,0.37559464294463396,-0.8135741949081421,-0.8135391473770142
batch1_0_127,0,6,"(0, 6)",0,35,4.04420280456543,7.005571365356445,3.0565843189833686e-05,3.057718276977539e-05,1.133957994170487e-08,0.00037085103709795324,1,0,0.062064964324235916,0.3482538163661957,0.06369715929031372,0.35488688945770264,0.0018609254620969296,0.007618790492415428,0.0699432771652937,0.3832134334370494,-0.8178764581680298,-0.81784588098526
batch1_0_127,0,6,"(0, 6)",0,36,3.9847958087921143,7.0291619300842285,2.492605744919274e-05,2.485513687133789e-05,7.09205778548494e-08,0.002853356962867206,1,0,0.06369715929031372,0.35488688945770264,0.06530451774597168,0.3613680303096771,0.0018320804229006171,0.007449744269251823,0.07177535758819431,0.3906631777063012,-0.8213209509849548,-0.8212960958480835
batch1_0_127,0,6,"(0, 6)",0,37,3.93013596534729,7.065832138061523,2.3348671675194055e-05,2.3305416107177734e-05,4.325556801632047e-08,0.0018560307105179028,1,0,0.06530451774597168,0.3613680303096771,0.06688795983791351,0.36771026253700256,0.001805306994356215,0.007297626696527004,0.07358066458255053,0.3979608044028282,-0.8224930167198181,-0.8224697113037109
batch1_0_127,0,6,"(0, 6)",0,38,3.8764359951019287,7.094597816467285,2.3882961613708176e-05,2.384185791015625e-05,4.110370355192572e-08,0.0017240142822265625,1,0,0.06688795983791351,0.36771026253700256,0.06844441592693329,0.37391048669815063,0.0017734742723405361,0.007134636398404837,0.07535413885489106,0.40509544080123305,-0.8240563869476318,-0.8240325450897217
batch1_0_127,0,6,"(0, 6)",0,39,3.8243632316589355,7.11844539642334,1.984521259146277e-05,1.9788742065429688e-05,5.6470526033081114e-08,0.0028536693159356176,1,0,0.06844441592693329,0.37391048669815063,0.06997201591730118,0.3799605965614319,0.0017400974174961448,0.006966057699173689,0.0770942362723872,0.41206149850040674,-0.8225246071815491,-0.8225048184394836
batch1_0_127,0,7,"(0, 7)",1,0,8.261518478393555,8.138317108154297,0.002170706167817116,0.0021704435348510742,2.6263296604156494e-07,0.0001210042840665678,1,0,0.0,0.0,0.002155325375497341,0.017117658630013466,0.002155325375497341,0.017117658630013466,0.002155325375497341,0.017117658630013466,-1.7897791862487793,-1.7876087427139282
batch1_0_127,0,7,"(0, 7)",1,1,7.95550012588501,7.877450942993164,0.0019463921198621392,0.001946091651916504,3.0046794563531876e-07,0.00015439557810107197,1,0,0.002155325375497341,0.017117658630013466,0.004248892888426781,0.03386351838707924,0.0020992839708924294,0.01677294448018074,0.0042546093463897705,0.033890603110194206,-1.643235445022583,-1.6412893533706665
batch1_0_127,0,7,"(0, 7)",1,2,7.678983688354492,7.6548895835876465,0.001780934864655137,0.0017807483673095703,1.8649734556674957e-07,0.00010472975799973223,1,0,0.004248892888426781,0.03386351838707924,0.006276397034525871,0.05011574178934097,0.0020428721327334642,0.01632819138467312,0.006297481479123235,0.050218794494867325,-1.5432997941970825,-1.541519045829773
batch1_0_127,0,7,"(0, 7)",1,3,7.41366720199585,7.446496963500977,0.0016133674653246999,0.0016131401062011719,2.273591235280037e-07,0.000140941957027786,1,0,0.006276397034525871,0.05011574178934097,0.00824014376848936,0.06562107056379318,0.001993699697777629,0.01563951000571251,0.008291181176900864,0.06585830450057983,-1.4365065097808838,-1.4348933696746826
batch1_0_127,0,7,"(0, 7)",1,4,7.167814254760742,7.251997470855713,0.001428888994269073,0.0014286041259765625,2.848682925105095e-07,0.0001994032407793725,1,0,0.00824014376848936,0.06562107056379318,0.01013327855616808,0.08020341396331787,0.001942789414897561,0.014814683236181736,0.010233970591798425,0.08067298773676157,-1.3431396484375,-1.3417110443115234
batch1_0_127,0,7,"(0, 7)",1,5,6.949907302856445,7.104240894317627,0.0012620404595509171,0.0012619495391845703,9.092036634683609e-08,7.204754510674476e-05,1,0,0.01013327855616808,0.08020341396331787,0.011968658305704594,0.09387893229722977,0.0019060228951275349,0.014025313779711723,0.01213999348692596,0.0946983015164733,-1.2581846714019775,-1.256922721862793
batch1_0_127,0,7,"(0, 7)",1,6,6.7533369064331055,6.977689266204834,0.0011053518392145634,0.001105189323425293,1.62515789270401e-07,0.0001470479182396721,1,0,0.011968658305704594,0.09387893229722977,0.013756719417870045,0.10669055581092834,0.001878882641904056,0.013277471996843815,0.014018876128830016,0.10797577351331711,-1.1814392805099487,-1.1803340911865234
batch1_0_127,0,7,"(0, 7)",1,7,6.572526454925537,6.88115119934082,0.0009686690755188465,0.0009686946868896484,2.561137080192566e-08,2.6439053654934776e-05,1,0,0.013756719417870045,0.10669055581092834,0.015510434284806252,0.11872848123311996,0.0018633391009643674,0.01261657290160656,0.015882215229794383,0.12059234641492367,-1.1279995441436768,-1.127030849456787
batch1_0_127,0,7,"(0, 7)",1,8,6.417633056640625,6.817275524139404,0.0008494631620123982,0.0008494853973388672,2.223532646894455e-08,2.6175054378332867e-05,1,0,0.015510434284806252,0.11872848123311996,0.017238683998584747,0.13016214966773987,0.001855500158853829,0.012111733667552471,0.017737715388648212,0.13270408008247614,-1.0898549556732178,-1.089005470275879
batch1_0_127,0,7,"(0, 7)",1,9,6.271390914916992,6.749424457550049,0.000745055265724659,0.000744938850402832,1.1641532182693481e-07,0.00015627500400064011,1,0,0.017238683998584747,0.13016214966773987,0.01894579455256462,0.1410665661096573,0.0018516082782298326,0.011690209619700909,0.019589323666878045,0.14439428970217705,-1.081851601600647,-1.0811066627502441
batch1_0_127,0,7,"(0, 7)",1,10,6.129148006439209,6.695733070373535,0.0006387027096934617,0.0006387233734130859,2.066371962428093e-08,3.235159457820082e-05,1,0,0.01894579455256462,0.1410665661096573,0.020638277754187584,0.15148714184761047,0.001854557660408318,0.011286115273833275,0.021443881327286363,0.15568040497601032,-1.0660312175750732,-1.0653924942016602
batch1_0_127,0,7,"(0, 7)",1,11,5.999452590942383,6.646660804748535,0.0005422621034085751,0.0005421638488769531,9.825453162193298e-08,0.0001812266380826737,1,0,0.020638277754187584,0.15148714184761047,0.02232229709625244,0.16146068274974823,0.0018624374642968178,0.01093160081654787,0.02330631879158318,0.1666120057925582,-1.0671722888946533,-1.0666301250457764
batch1_0_127,0,7,"(0, 7)",1,12,5.875019073486328,6.599210739135742,0.00045188702642917633,0.00045180320739746094,8.381903171539307e-08,0.0001855211081794195,1,0,0.02232229709625244,0.16146068274974823,0.024004390463232994,0.17109744250774384,0.0018748779548332095,0.010652078315615654,0.02518119674641639,0.17726408410817385,-1.0648846626281738,-1.0644328594207764
batch1_0_127,0,7,"(0, 7)",1,13,5.760104179382324,6.593966007232666,0.0003754550707526505,0.00037539005279541016,6.50179572403431e-08,0.0001732010658145443,1,0,0.024004390463232994,0.17109744250774384,0.025689059868454933,0.18038682639598846,0.001887415535748005,0.010348338633775711,0.027068612282164395,0.18761242274194956,-1.0635175704956055,-1.06314218044281
batch1_0_127,0,7,"(0, 7)",1,14,5.656307220458984,6.5720648765563965,0.00032116108923219144,0.0003211498260498047,1.1263182386755943e-08,3.50714260857461e-05,1,0,0.025689059868454933,0.18038682639598846,0.027379540726542473,0.189443439245224,0.00190135114826262,0.010112589225172997,0.028969963430427015,0.19772501196712255,-1.0705196857452393,-1.0701985359191895
batch1_0_127,0,7,"(0, 7)",1,15,5.554324626922607,6.544312477111816,0.00024334387853741646,0.00024330615997314453,3.771856427192688e-08,0.0001550251102400784,1,0,0.027379540726542473,0.189443439245224,0.029073234647512436,0.19816233217716217,0.001915351371280849,0.009819992817938328,0.030885314801707864,0.20754500478506088,-1.082033634185791,-1.0817903280258179
batch1_0_127,0,7,"(0, 7)",1,16,5.455658912658691,6.532594203948975,0.0001703936723060906,0.0001704692840576172,7.561175152659416e-08,0.000443550590034965,1,0,0.029073234647512436,0.19816233217716217,0.030772630125284195,0.20658698678016663,0.0019278801046311855,0.009578672237694263,0.03281319490633905,0.21712367702275515,-1.0834293365478516,-1.083258867263794
batch1_0_127,0,7,"(0, 7)",1,17,5.369948387145996,6.504225254058838,0.00011000024824170396,0.00011014938354492188,1.4913530321791768e-07,0.0013539367940002705,1,0,0.030772630125284195,0.20658698678016663,0.03248339146375656,0.2148631364107132,0.0019429725361987948,0.009448633529245853,0.034756167442537844,0.226572310552001,-1.0949459075927734,-1.0948357582092285
batch1_0_127,0,7,"(0, 7)",1,18,5.27987003326416,6.496530055999756,4.032700599054806e-05,4.0411949157714844e-05,8.49431671667844e-08,0.0021019319517422566,1,0,0.03248339146375656,0.2148631364107132,0.034203000366687775,0.22291798889636993,0.001956233521923423,0.009276529774069786,0.03671240096446127,0.23584884032607079,-1.09908127784729,-1.0990408658981323
batch1_0_127,0,7,"(0, 7)",1,19,5.194167137145996,6.487033367156982,-3.982464477303438e-06,-4.0531158447265625e-06,7.065136742312461e-08,0.01743137135225184,0,1,0.034203000366687775,0.22291798889636993,0.03593078628182411,0.23088443279266357,0.00196333066560328,0.009183858521282673,0.03867573163006455,0.24503269884735346,-1.104694128036499,-1.1046981811523438
batch1_0_127,0,7,"(0, 7)",1,20,5.1117658615112305,6.473656177520752,-5.3506340918829665e-05,-5.352497100830078e-05,1.8630089471116662e-08,0.0003480635135370267,0,1,0.03593078628182411,0.23088443279266357,0.037667568773031235,0.2387722283601761,0.0019716531969606876,0.009113742969930172,0.040647384827025235,0.25414644181728363,-1.1047914028167725,-1.1048449277877808
batch1_0_127,0,7,"(0, 7)",1,21,5.030035972595215,6.465918064117432,-9.085894271265715e-05,-9.09566879272461e-05,9.774521458894014e-08,0.0010746347169888599,0,1,0.037667568773031235,0.2387722283601761,0.039411019533872604,0.24658840894699097,0.001976215513423085,0.009037799201905727,0.04262360034044832,0.26318424101918936,-1.1001989841461182,-1.1002899408340454
batch1_0_127,0,7,"(0, 7)",1,22,4.949645042419434,6.46469783782959,-0.00012395658995956182,-0.0001239776611328125,2.10711732506752e-08,0.00016995943509615384,0,1,0.039411019533872604,0.24658840894699097,0.04115992784500122,0.254364013671875,0.001977915409952402,0.008970082737505436,0.04460151575040072,0.2721543237566948,-1.101487636566162,-1.101611614227295
batch1_0_127,0,7,"(0, 7)",1,23,4.869352340698242,6.4662699699401855,-0.00016699841944500804,-0.00016701221466064453,1.3795215636491776e-08,8.260004014989293e-05,0,1,0.04115992784500122,0.254364013671875,0.04291139915585518,0.2620949447154999,0.001979242544621229,0.008919045329093933,0.04658075829502195,0.2810733690857887,-1.0975794792175293,-1.09774649143219
batch1_0_127,0,7,"(0, 7)",1,24,4.79058837890625,6.457867622375488,-0.000200990354642272,-0.00020110607147216797,1.157168298959732e-07,0.0005754019709543569,0,1,0.04291139915585518,0.2620949447154999,0.04466238245368004,0.26974722743034363,0.0019768725614994764,0.008832038380205631,0.04855763085652143,0.28990540746599436,-1.0910722017288208,-1.091273307800293
batch1_0_127,0,7,"(0, 7)",1,25,4.711625099182129,6.456156253814697,-0.00023784718359820545,-0.00023794174194335938,9.45583451539278e-08,0.00039740124780811623,0,1,0.04466238245368004,0.26974722743034363,0.04641246050596237,0.2773478925228119,0.001974492333829403,0.008777688257396221,0.05053212319035083,0.2986830957233906,-1.0775437355041504,-1.0777816772460938
batch1_0_127,0,7,"(0, 7)",1,26,4.63482666015625,6.471179008483887,-0.000263154914136976,-0.000263214111328125,5.919719114899635e-08,0.00022490128226902175,0,1,0.04641246050596237,0.2773478925228119,0.048157911747694016,0.2848486602306366,0.001967364689335227,0.008672481402754784,0.05249948787968606,0.30735557712614536,-1.06889009475708,-1.0691533088684082
batch1_0_127,0,7,"(0, 7)",1,27,4.558010101318359,6.491011619567871,-0.0002903356507886201,-0.0002905130386352539,1.7738784663379192e-07,0.0006106020145157981,0,1,0.048157911747694016,0.2848486602306366,0.04989570006728172,0.2922196686267853,0.001956887310370803,0.0085390480235219,0.05445637519005686,0.31589462514966726,-1.0659221410751343,-1.0662126541137695
batch1_0_127,0,7,"(0, 7)",1,28,4.485849380493164,6.4975128173828125,-0.00030939895077608526,-0.00030934810638427734,5.084439180791378e-08,0.00016435979648362235,0,1,0.04989570006728172,0.2922196686267853,0.05162334814667702,0.29948922991752625,0.001943798502907157,0.008425512351095676,0.05640017369296402,0.32432013750076294,-1.0708094835281372,-1.0711188316345215
batch1_0_127,0,7,"(0, 7)",1,29,4.413008689880371,6.516193866729736,-0.0003284279373474419,-0.00032842159271240234,6.344635039567947e-09,1.9318568511796732e-05,0,1,0.05162334814667702,0.29948922991752625,0.053339362144470215,0.30661192536354065,0.0019282482098788023,0.008272253908216953,0.05832842190284282,0.3325923914089799,-1.0711811780929565,-1.071509599685669
batch1_0_127,0,7,"(0, 7)",1,30,4.3455915451049805,6.540660858154297,-0.00033919315319508314,-0.00033926963806152344,7.648486644029617e-08,0.0002254397619465917,0,1,0.053339362144470215,0.30661192536354065,0.05504175275564194,0.31362593173980713,0.0019101270008832216,0.00814644806087017,0.06023854890372604,0.34073883946985006,-1.0670769214630127,-1.0674161911010742
batch1_0_127,0,7,"(0, 7)",1,31,4.280030250549316,6.568723201751709,-0.00034827549825422466,-0.0003483295440673828,5.404581315815449e-08,0.00015515713231519507,0,1,0.05504175275564194,0.31362593173980713,0.056728705763816833,0.320546418428421,0.0018904751632362604,0.008035572245717049,0.0621290240669623,0.3487744117155671,-1.063477873802185,-1.0638262033462524
batch1_0_127,0,7,"(0, 7)",1,32,4.214984893798828,6.600509166717529,-0.00035655376268550754,-0.0003566741943359375,1.2043165042996407e-07,0.0003376517066343583,0,1,0.056728705763816833,0.320546418428421,0.0583980455994606,0.327360600233078,0.0018678505439311266,0.007907368242740631,0.06399687461089343,0.35668177995830774,-1.063449501991272,-1.063806176185608
batch1_0_127,0,7,"(0, 7)",1,33,4.151520252227783,6.624443531036377,-0.00035947837750427425,-0.00035953521728515625,5.683978088200092e-08,0.00015809238747513263,0,1,0.0583980455994606,0.327360600233078,0.06004880368709564,0.33399850130081177,0.0018447928596287966,0.007737699896097183,0.06584166747052222,0.3644194798544049,-1.0578560829162598,-1.058215618133545
batch1_0_127,0,7,"(0, 7)",1,34,4.090648651123047,6.650279521942139,-0.00036927603650838137,-0.00036919116973876953,8.486676961183548e-08,0.00022987215450435907,0,1,0.06004880368709564,0.33399850130081177,0.06167759373784065,0.3405236303806305,0.0018178378231823444,0.007603344041854143,0.06765950529370457,0.37202282389625907,-1.0525983572006226,-1.0529675483703613
batch1_0_127,0,7,"(0, 7)",1,35,4.0341901779174805,6.681766986846924,-0.000369341520126909,-0.0003694295883178711,8.806819096207619e-08,0.00023838965190383995,0,1,0.06167759373784065,0.3405236303806305,0.0632845014333725,0.3469281494617462,0.0017920748796314,0.00746773649007082,0.06945158017333597,0.3794905603863299,-1.0454319715499878,-1.0458014011383057
batch1_0_127,0,7,"(0, 7)",1,36,3.977457046508789,6.709951400756836,-0.0003674960171338171,-0.0003675222396850586,2.6222551241517067e-08,7.134956312844632e-05,0,1,0.0632845014333725,0.3469281494617462,0.06486678868532181,0.35320210456848145,0.0017632042290642858,0.007319130003452301,0.07121478440240026,0.3868096903897822,-1.041793704032898,-1.042161226272583
batch1_0_127,0,7,"(0, 7)",1,37,3.924093246459961,6.742021083831787,-0.0003648778947535902,-0.0003650188446044922,1.4094985090196133e-07,0.0003861440388226649,0,1,0.06486678868532181,0.35320210456848145,0.06642436981201172,0.35935500264167786,0.001733935670927167,0.007174943573772907,0.07294872007332742,0.3939846339635551,-1.042060136795044,-1.0424251556396484
batch1_0_127,0,7,"(0, 7)",1,38,3.8710527420043945,6.769326686859131,-0.00036174236447550356,-0.0003618001937866211,5.782931111752987e-08,0.00015983770078253706,0,1,0.06642436981201172,0.35935500264167786,0.06795419752597809,0.3653636574745178,0.0017018317012116313,0.0070178029127418995,0.07465055177453905,0.401002436876297,-1.0463534593582153,-1.046715259552002
batch1_0_127,0,7,"(0, 7)",1,39,3.821533679962158,6.7952728271484375,-0.0003580536867957562,-0.0003579854965209961,6.819027476012707e-08,0.00019048334478021978,0,1,0.06795419752597809,0.3653636574745178,0.06945697963237762,0.3712472915649414,0.0016705032903701067,0.006872132886201143,0.07632105506490916,0.40787456976249814,-1.0432206392288208,-1.0435786247253418
batch1_0_127,1,2,"(1, 2)",0,0,8.330997467041016,8.138317108154297,0.001156581100076437,0.001156449317932129,1.317821443080902e-07,0.00011395410266982785,1,0,0.0,0.0,0.001844664802774787,0.01616206020116806,0.001844664802774787,0.01616206020116806,0.001844664802774787,0.01616206020116806,-1.3163310289382935,-1.3151745796203613
batch1_0_127,1,2,"(1, 2)",0,1,8.064802169799805,7.9624481201171875,0.0010992074385285378,0.0010991096496582031,9.778887033462524e-08,8.897098698481562e-05,1,0,0.001844664802774787,0.01616206020116806,0.0036386530846357346,0.03199654072523117,0.001798432320356369,0.015857838094234467,0.003643097123131156,0.03201989829540253,-1.3268320560455322,-1.325732946395874
batch1_0_127,1,2,"(1, 2)",0,2,7.823371887207031,7.818640232086182,0.0010191197507083416,0.001019120216369629,4.656612873077393e-10,4.5692478652473976e-07,1,0,0.0036386530846357346,0.03199654072523117,0.0053879208862781525,0.04724309965968132,0.001761245890520513,0.01530400663614273,0.005404343013651669,0.04732390493154526,-1.319244384765625,-1.3182252645492554
batch1_0_127,1,2,"(1, 2)",0,3,7.599948406219482,7.694995880126953,0.0009525567293167114,0.0009524822235107422,7.450580596923828e-08,7.822277847309137e-05,1,0,0.0053879208862781525,0.04724309965968132,0.007094630505889654,0.061782412230968475,0.0017301803454756737,0.014668635092675686,0.007134523359127343,0.06199254002422094,-1.333472490310669,-1.3325200080871582
batch1_0_127,1,2,"(1, 2)",0,4,7.388531684875488,7.556936740875244,0.0008949972689151764,0.0008949041366577148,9.313225746154785e-08,0.0001040695351005728,1,0,0.007094630505889654,0.061782412230968475,0.00876997597515583,0.07574819773435593,0.0017124064033851027,0.014169813133776188,0.008846929762512445,0.07616235315799713,-1.335883617401123,-1.3349887132644653
batch1_0_127,1,2,"(1, 2)",0,5,7.195099830627441,7.4279937744140625,0.0008505745208822191,0.0008504390716552734,1.3544922694563866e-07,0.00015926976012755817,1,0,0.00876997597515583,0.07574819773435593,0.010423779487609863,0.08924137055873871,0.0017057341756299138,0.013769273646175861,0.01055266393814236,0.08993162680417299,-1.343171238899231,-1.3423207998275757
batch1_0_127,1,2,"(1, 2)",0,6,7.004218578338623,7.328676223754883,0.0008190284133888781,0.0008189678192138672,6.059417501091957e-08,7.398846888646288e-05,1,0,0.010423779487609863,0.08924137055873871,0.012064878828823566,0.1024177074432373,0.00170875561889261,0.01351107843220234,0.01226141955703497,0.10344270523637533,-1.3451716899871826,-1.3443527221679688
batch1_0_127,1,2,"(1, 2)",0,7,6.818323135375977,7.238527774810791,0.0007940098876133561,0.0007938146591186523,1.9522849470376968e-07,0.0002459371245682535,1,0,0.012064878828823566,0.1024177074432373,0.013695080764591694,0.1151672750711441,0.001714031444862485,0.013148913159966469,0.013975451001897454,0.1165916183963418,-1.35264253616333,-1.3518487215042114
batch1_0_127,1,2,"(1, 2)",0,8,6.648750305175781,7.1696696281433105,0.0007727037882432342,0.0007727146148681641,1.0826624929904938e-08,1.4011155893242825e-05,1,0,0.013695080764591694,0.1151672750711441,0.015322631224989891,0.1275510936975479,0.001726604183204472,0.012856491841375828,0.015702055185101926,0.12944811023771763,-1.350820541381836,-1.3500478267669678
batch1_0_127,1,2,"(1, 2)",0,9,6.481603622436523,7.089523792266846,0.0007385879871435463,0.0007386207580566406,3.277091309428215e-08,4.43677120319561e-05,1,0,0.015322631224989891,0.1275510936975479,0.016950104385614395,0.13960619270801544,0.0017429022118449211,0.012611993588507175,0.017444957396946847,0.1420601038262248,-1.334228277206421,-1.3334896564483643
batch1_0_127,1,2,"(1, 2)",0,10,6.320859432220459,7.036632537841797,0.0007105288677848876,0.0007103681564331055,1.607113517820835e-07,0.00022623670603289143,1,0,0.016950104385614395,0.13960619270801544,0.018581384792923927,0.15137474238872528,0.0017613968811929226,0.012402970343828201,0.01920635427813977,0.154463074170053,-1.3353840112686157,-1.3346736431121826
batch1_0_127,1,2,"(1, 2)",0,11,6.166288375854492,7.00095796585083,0.0006881068693473935,0.0006879568099975586,1.5005934983491898e-07,0.00021812321304799862,1,0,0.018581384792923927,0.15137474238872528,0.020220207050442696,0.1629193127155304,0.001780063845217228,0.012236951850354671,0.020986418123356998,0.16670002602040768,-1.3443336486816406,-1.343645691871643
batch1_0_127,1,2,"(1, 2)",0,12,6.007416725158691,6.950679779052734,0.0006595724844373763,0.0006595849990844727,1.2514647096395493e-08,1.8973516853424906e-05,1,0,0.020220207050442696,0.1629193127155304,0.02186688967049122,0.17419573664665222,0.0018003009026870131,0.012031340040266514,0.02278671902604401,0.1787313660606742,-1.3323354721069336,-1.3316758871078491
batch1_0_127,1,2,"(1, 2)",0,13,5.860239028930664,6.903724193572998,0.0006257487111724913,0.0006257295608520508,1.9150320440530777e-08,3.0604787816726996e-05,1,0,0.02186688967049122,0.17419573664665222,0.023521119728684425,0.1852906048297882,0.0018192968564108014,0.011895651929080486,0.024606015882454813,0.19062701798975468,-1.343548059463501,-1.342922329902649
batch1_0_127,1,2,"(1, 2)",0,14,5.713050365447998,6.849246025085449,0.0005794500466436148,0.0005793571472167969,9.289942681789398e-08,0.0001603491512345679,1,0,0.023521119728684425,0.1852906048297882,0.02518206089735031,0.19619227945804596,0.0018381680129095912,0.011756198480725288,0.026444183895364404,0.20238321647047997,-1.370081901550293,-1.3695025444030762
batch1_0_127,1,2,"(1, 2)",0,15,5.570531845092773,6.814048767089844,0.0005371792358346283,0.0005371570587158203,2.2177118808031082e-08,4.1286097703062584e-05,1,0,0.02518206089735031,0.19619227945804596,0.02684950642287731,0.2069362848997116,0.0018536532297730446,0.011626224964857101,0.02829783712513745,0.21400944143533707,-1.3950557708740234,-1.3945186138153076
batch1_0_127,1,2,"(1, 2)",0,16,5.434935569763184,6.772070407867432,0.0004825547512155026,0.0004824399948120117,1.1475640349090099e-07,0.00023786668751544354,1,0,0.02684950642287731,0.2069362848997116,0.028521694242954254,0.21748007833957672,0.0018707502167671919,0.011496606282889843,0.03016858734190464,0.2255060477182269,-1.4490911960601807,-1.4486087560653687
batch1_0_127,1,2,"(1, 2)",0,17,5.302666664123535,6.724030494689941,0.0004334508557803929,0.0004334449768066406,5.878973752260208e-09,1.3563368055555555e-05,1,0,0.028521694242954254,0.21748007833957672,0.030195629224181175,0.22785116732120514,0.0018780888058245182,0.01137036643922329,0.03204667614772916,0.2368764141574502,-1.4724605083465576,-1.472027063369751
batch1_0_127,1,2,"(1, 2)",0,18,5.1744279861450195,6.697899341583252,0.0003717979125212878,0.00037169456481933594,1.0334770195186138e-07,0.00027804469511706224,1,0,0.030195629224181175,0.22785116732120514,0.03186727315187454,0.23809023201465607,0.0018822583369910717,0.01124967634677887,0.03392893448472023,0.24812609050422907,-1.494272232055664,-1.4939005374908447
batch1_0_127,1,2,"(1, 2)",0,19,5.045068740844727,6.656163692474365,0.0003075473941862583,0.00030744075775146484,1.0663643479347229e-07,0.00034685197751066303,1,0,0.03186727315187454,0.23809023201465607,0.033532001078128815,0.2481144219636917,0.0018805928993970156,0.011049419641494751,0.035809527384117246,0.2591755101457238,-1.52248215675354,-1.5221747159957886
batch1_0_127,1,2,"(1, 2)",0,20,4.924488067626953,6.615362644195557,0.00023267518554348499,0.00023245811462402344,2.1707091946154833e-07,0.0009338065905448718,1,0,0.033532001078128815,0.2481144219636917,0.03518813103437424,0.25783291459083557,0.0018767674919217825,0.010779793374240398,0.03768629487603903,0.2699553035199642,-1.560985803604126,-1.560753345489502
batch1_0_127,1,2,"(1, 2)",0,21,4.809080123901367,6.55331563949585,0.00015307367721106857,0.00015306472778320312,8.949427865445614e-09,5.8468257155373835e-05,1,0,0.03518813103437424,0.25783291459083557,0.03683225437998772,0.2672710120677948,0.0018677592743188143,0.01051473431289196,0.03955405415035784,0.2804700378328562,-1.5946381092071533,-1.5944850444793701
batch1_0_127,1,2,"(1, 2)",0,22,4.700929164886475,6.50872278213501,6.706501881126314e-05,6.699562072753906e-05,6.939808372408152e-08,0.0010358600005560498,1,0,0.03683225437998772,0.2672710120677948,0.0384623147547245,0.2765039801597595,0.0018564666388556361,0.010316591709852219,0.04141052078921348,0.2907866295427084,-1.6225802898406982,-1.6225132942199707
batch1_0_127,1,2,"(1, 2)",0,23,4.595269203186035,6.460028648376465,-1.2701968444162048e-05,-1.2874603271484375e-05,1.726348273223266e-07,0.013408943458839698,0,1,0.0384623147547245,0.2765039801597595,0.04007526859641075,0.28544166684150696,0.0018400897970423102,0.010025018826127052,0.04325061058625579,0.30081164836883545,-1.6449904441833496,-1.645003318786621
batch1_0_127,1,2,"(1, 2)",0,24,4.495043754577637,6.42179012298584,-0.00011262707266723737,-0.00011277198791503906,1.449152478016913e-07,0.001285028760075317,0,1,0.04007526859641075,0.28544166684150696,0.04166842997074127,0.2940807640552521,0.0018213385483250022,0.009733375161886215,0.04507194913458079,0.31054502353072166,-1.6673595905303955,-1.6674723625183105
batch1_0_127,1,2,"(1, 2)",0,25,4.400539398193359,6.3842387199401855,-0.00019195873755961657,-0.0001920461654663086,8.742790669202805e-08,0.00045524421942892614,0,1,0.04166842997074127,0.2940807640552521,0.043240927159786224,0.3024428188800812,0.0018001166172325611,0.00946243666112423,0.04687206575181335,0.3200074601918459,-1.6968294382095337,-1.697021484375
batch1_0_127,1,2,"(1, 2)",0,26,4.310955047607422,6.359771728515625,-0.00027270521968603134,-0.0002728700637817383,1.648440957069397e-07,0.0006041120576671036,0,1,0.043240927159786224,0.3024428188800812,0.044790808111429214,0.3104929029941559,0.001777272904291749,0.00915712770074606,0.0486493386561051,0.32916458789259195,-1.7276338338851929,-1.7279067039489746
batch1_0_127,1,2,"(1, 2)",0,27,4.229540824890137,6.3558502197265625,-0.00034469456295482814,-0.00034487247467041016,1.7791171558201313e-07,0.0005158768201261666,0,1,0.044790808111429214,0.3104929029941559,0.046318598091602325,0.31826165318489075,0.0017525306902825832,0.008885708637535572,0.050401869346387684,0.3380502965301275,-1.7559261322021484,-1.7562710046768188
batch1_0_127,1,2,"(1, 2)",0,28,4.149533271789551,6.351801872253418,-0.00042801169911399484,-0.00042819976806640625,1.880689524114132e-07,0.0004392084406319599,0,1,0.046318598091602325,0.31826165318489075,0.04781986027956009,0.32575950026512146,0.001723947236314416,0.008620832115411758,0.0521258165827021,0.3466711286455393,-1.778662919998169,-1.7790911197662354
batch1_0_127,1,2,"(1, 2)",0,29,4.075788974761963,6.3416900634765625,-0.00048232931294478476,-0.00048232078552246094,8.527422323822975e-09,1.767998099975284e-05,0,1,0.04781986027956009,0.32575950026512146,0.049295082688331604,0.33301639556884766,0.0016943541122600436,0.008372657001018524,0.053820170694962144,0.3550437856465578,-1.8082759380340576,-1.80875825881958
batch1_0_127,1,2,"(1, 2)",0,30,4.0063700675964355,6.331498146057129,-0.0005550367059186101,-0.0005552768707275391,2.401648089289665e-07,0.0004325136190425075,0,1,0.049295082688331604,0.33301639556884766,0.05074263736605644,0.34000658988952637,0.0016639730893075466,0.008106551133096218,0.05548414378426969,0.363150336779654,-1.8362444639205933,-1.8367997407913208
batch1_0_127,1,2,"(1, 2)",0,31,3.940720558166504,6.329049110412598,-0.0006060001906007528,-0.0006062984466552734,2.98256054520607e-07,0.0004919294386551317,0,1,0.05074263736605644,0.34000658988952637,0.05216030031442642,0.3467373847961426,0.0016296393005177379,0.007847108878195286,0.05711378308478743,0.3709974456578493,-1.8632978200912476,-1.8639041185379028
batch1_0_127,1,2,"(1, 2)",0,32,3.8779244422912598,6.327269077301025,-0.000668831227812916,-0.0006691217422485352,2.9051443561911583e-07,0.0004341727630055229,0,1,0.05216030031442642,0.3467373847961426,0.05354854464530945,0.35321536660194397,0.0015963511541485786,0.007588688284158707,0.05871013423893601,0.378586133942008,-1.8914742469787598,-1.8921433687210083
batch1_0_127,1,2,"(1, 2)",0,33,3.8157498836517334,6.33369255065918,-0.0007309911889024079,-0.0007312297821044922,2.385932020843029e-07,0.00032629032340234757,0,1,0.05354854464530945,0.35321536660194397,0.05490719527006149,0.35946398973464966,0.00156290119048208,0.007355672772973776,0.06027303542941809,0.3859418067149818,-1.9219706058502197,-1.9227018356323242
batch1_0_127,1,2,"(1, 2)",0,34,3.7591052055358887,6.33688497543335,-0.0007755066617392004,-0.0007756948471069336,1.8818536773324013e-07,0.00024260231769632703,0,1,0.05490719527006149,0.35946398973464966,0.05623520165681839,0.3654801547527313,0.0015273201279342175,0.0071179731748998165,0.061800355557352304,0.3930597798898816,-1.9445468187332153,-1.9453225135803223
batch1_0_127,1,2,"(1, 2)",0,35,3.7080368995666504,6.338372707366943,-0.0008223479962907732,-0.0008225440979003906,1.961016096174717e-07,0.00023840862771739132,0,1,0.05623520165681839,0.3654801547527313,0.05753312632441521,0.37128180265426636,0.00149247027002275,0.006897920276969671,0.06329282582737505,0.3999577001668513,-1.9726295471191406,-1.973452091217041
batch1_0_127,1,2,"(1, 2)",0,36,3.6605334281921387,6.336508750915527,-0.0008615727419964969,-0.0008618831634521484,3.104214556515217e-07,0.00036016651538727526,0,1,0.05753312632441521,0.37128180265426636,0.05880254879593849,0.37689849734306335,0.001458731945604086,0.00669538090005517,0.06475155777297914,0.40665308106690645,-1.992864966392517,-1.9937268495559692
batch1_0_127,1,2,"(1, 2)",0,37,3.6172447204589844,6.341567039489746,-0.0009088537190109491,-0.0009090900421142578,2.3632310330867767e-07,0.00025995566155258325,0,1,0.05880254879593849,0.37689849734306335,0.06004292145371437,0.38233482837677,0.0014248646330088377,0.006503541022539139,0.06617642240598798,0.4131566220894456,-2.018986225128174,-2.019895315170288
batch1_0_127,1,2,"(1, 2)",0,38,3.5765891075134277,6.345644474029541,-0.0009329073945991695,-0.0009331703186035156,2.629240043461323e-07,0.00028175350105390907,0,1,0.06004292145371437,0.38233482837677,0.061255231499671936,0.38760608434677124,0.0013912988360971212,0.006325901485979557,0.0675677212420851,0.41948252357542515,-2.0395188331604004,-2.040452003479004
batch1_0_127,1,2,"(1, 2)",0,39,3.536665439605713,6.347061634063721,-0.0009597294265404344,-0.0009601116180419922,3.82191501557827e-07,0.00039806986435311645,0,1,0.061255231499671936,0.38760608434677124,0.062439292669296265,0.392710417509079,0.0013576499186456203,0.0061409249901771545,0.06892537116073072,0.4256234485656023,-2.0636775493621826,-2.0646376609802246
batch1_0_127,1,3,"(1, 3)",0,0,8.298666000366211,8.138317108154297,0.0011246893554925919,0.0011245012283325195,1.8812716007232666e-07,0.00016729831442807166,1,0,0.0,0.0,0.0018868751358240843,0.015551160089671612,0.0018868751358240843,0.015551160089671612,0.0018868751358240843,0.015551160089671612,-1.0283151865005493,-1.0271906852722168
batch1_0_127,1,3,"(1, 3)",0,1,8.056529998779297,7.96083927154541,0.0010566611308604479,0.0010565519332885742,1.0919757187366486e-07,0.00010335277276317274,1,0,0.0018868751358240843,0.015551160089671612,0.003723623463883996,0.030701426789164543,0.001841456163674593,0.01517429854720831,0.0037283312994986773,0.03072545863687992,-1.0217440128326416,-1.020687460899353
batch1_0_127,1,3,"(1, 3)",0,2,7.816693305969238,7.822933673858643,0.0010173399932682514,0.0010173320770263672,7.916241884231567e-09,7.781374501992032e-06,1,0,0.003723623463883996,0.030701426789164543,0.005522649269551039,0.04557476565241814,0.0018111772369593382,0.014927511103451252,0.0055395085364580154,0.04565296974033117,-1.0344743728637695,-1.0334570407867432
batch1_0_127,1,3,"(1, 3)",0,3,7.584897994995117,7.690677642822266,0.0009833208750933409,0.0009832382202148438,8.265487849712372e-08,8.4063939742968e-05,1,0,0.005522649269551039,0.04557476565241814,0.0072863539680838585,0.06018538400530815,0.001787053537555039,0.014706571586430073,0.007326562074013054,0.060359541326761246,-1.0473978519439697,-1.0464146137237549
batch1_0_127,1,3,"(1, 3)",0,4,7.359953880310059,7.532687187194824,0.0009319224045611918,0.0009317398071289062,1.8259743228554726e-07,0.00019597470333290685,1,0,0.0072863539680838585,0.06018538400530815,0.009016050957143307,0.07450901716947556,0.0017683603800833225,0.01447964645922184,0.009094922454096377,0.07483918778598309,-1.0563021898269653,-1.0553704500198364
batch1_0_127,1,3,"(1, 3)",0,5,7.155417442321777,7.392176628112793,0.0009050010121427476,0.0009049177169799805,8.329516276717186e-08,9.204722286260045e-05,1,0,0.009016050957143307,0.07450901716947556,0.010722863487899303,0.08863694965839386,0.0017607478657737374,0.014357255771756172,0.010855670319870114,0.08919644355773926,-1.0643166303634644,-1.0634117126464844
batch1_0_127,1,3,"(1, 3)",0,6,6.945988178253174,7.2712626457214355,0.0008830047445371747,0.0008828639984130859,1.407461240887642e-07,0.0001594199382257629,1,0,0.010722863487899303,0.08863694965839386,0.012411616742610931,0.10239598155021667,0.0017606234177947044,0.01405206136405468,0.012616293737664819,0.10324850492179394,-1.0806630849838257,-1.0797802209854126
batch1_0_127,1,3,"(1, 3)",0,7,6.749889373779297,7.1826958656311035,0.0008670250535942614,0.0008668899536132812,1.3509998098015785e-07,0.0001558444418660616,1,0,0.012411616742610931,0.10239598155021667,0.014086751267313957,0.11574111878871918,0.0017652164679020643,0.013712510466575623,0.014381510205566883,0.11696101538836956,-1.0972585678100586,-1.0963916778564453
batch1_0_127,1,3,"(1, 3)",0,8,6.568293571472168,7.096790790557861,0.0008499500108882785,0.0008498430252075195,1.069856807589531e-07,0.00012588875543554495,1,0,0.014086751267313957,0.11574111878871918,0.015752002596855164,0.12859869003295898,0.0017752075800672174,0.013311818242073059,0.0161567177856341,0.13027283363044262,-1.1235162019729614,-1.122666358947754
batch1_0_127,1,3,"(1, 3)",0,9,6.391284942626953,7.0330305099487305,0.0008264374919235706,0.0008263587951660156,7.869675755500793e-08,9.523315781881131e-05,1,0,0.015752002596855164,0.12859869003295898,0.017408909276127815,0.14111557602882385,0.0017862862441688776,0.013050747103989124,0.017943004029802978,0.14332358073443174,-1.1485989093780518,-1.1477725505828857
batch1_0_127,1,3,"(1, 3)",0,10,6.218869209289551,6.953183650970459,0.0008007508586160839,0.0008008480072021484,9.71485860645771e-08,0.0001213071459139625,1,0,0.017408909276127815,0.14111557602882385,0.019059719517827034,0.15323375165462494,0.0017970317276194692,0.012732066214084625,0.019740035757422447,0.15605564694851637,-1.1818482875823975,-1.1810474395751953
batch1_0_127,1,3,"(1, 3)",0,11,6.051250457763672,6.899889945983887,0.0007892805733717978,0.0007891654968261719,1.1507654562592506e-07,0.00014582054852719034,1,0,0.019059719517827034,0.15323375165462494,0.02071053721010685,0.16505363583564758,0.0018105090130120516,0.01250002346932888,0.0215505447704345,0.16855567041784525,-1.2265853881835938,-1.2257962226867676
batch1_0_127,1,3,"(1, 3)",0,12,5.882359027862549,6.835643768310547,0.0007551326416432858,0.0007550716400146484,6.100162863731384e-08,8.078919324281654e-05,1,0,0.02071053721010685,0.16505363583564758,0.022358998656272888,0.17646166682243347,0.0018219484481960535,0.01217709481716156,0.023372493218630552,0.1807327652350068,-1.260527491569519,-1.2597724199295044
batch1_0_127,1,3,"(1, 3)",0,13,5.732670783996582,6.797962188720703,0.0007304875762201846,0.0007303953170776367,9.225914254784584e-08,0.0001263139842092378,1,0,0.022358998656272888,0.17646166682243347,0.024007633328437805,0.18759480118751526,0.001833415008150041,0.011955604888498783,0.025205908226780593,0.1926883701235056,-1.2888996601104736,-1.288169264793396
batch1_0_127,1,3,"(1, 3)",0,14,5.589348793029785,6.766456127166748,0.0006777800736017525,0.0006777048110961914,7.526250556111336e-08,0.00011105499670184696,1,0,0.024007633328437805,0.18759480118751526,0.025652481243014336,0.19840246438980103,0.001840676530264318,0.01167991105467081,0.02704658475704491,0.2043682811781764,-1.3219202756881714,-1.3212425708770752
batch1_0_127,1,3,"(1, 3)",0,15,5.454433917999268,6.728714942932129,0.000623157771769911,0.0006229877471923828,1.700245775282383e-07,0.0002729180121029468,1,0,0.025652481243014336,0.19840246438980103,0.027293246239423752,0.20885290205478668,0.00184680859092623,0.011365428566932678,0.02889339334797114,0.21573370974510908,-1.3597345352172852,-1.3591115474700928
batch1_0_127,1,3,"(1, 3)",0,16,5.326266288757324,6.690997123718262,0.0005965413874946535,0.0005965232849121094,1.8102582544088364e-08,3.034681629696243e-05,1,0,0.027293246239423752,0.20885290205478668,0.028933003544807434,0.21909119188785553,0.0018504364416003227,0.011160739697515965,0.030743829789571464,0.22689444944262505,-1.4021766185760498,-1.4015800952911377
batch1_0_127,1,3,"(1, 3)",0,17,5.202672004699707,6.66259765625,0.0005312460707500577,0.0005314350128173828,1.889420673251152e-07,0.00035553183882907133,1,0,0.028933003544807434,0.21909119188785553,0.030562138184905052,0.22904056310653687,0.0018464381573721766,0.010897810570895672,0.03259026794694364,0.23779226001352072,-1.446953296661377,-1.4464218616485596
batch1_0_127,1,3,"(1, 3)",0,18,5.0821452140808105,6.62667989730835,0.00043240515515208244,0.0004323720932006836,3.306195139884949e-08,7.646643231320651e-05,1,0,0.030562138184905052,0.22904056310653687,0.03217807784676552,0.23865702748298645,0.001841217395849526,0.01060827448964119,0.03443148534279317,0.2484005345031619,-1.4803096055984497,-1.479877233505249
batch1_0_127,1,3,"(1, 3)",0,19,4.967864036560059,6.624528884887695,0.00036837963853031397,0.0003681182861328125,2.6135239750146866e-07,0.0007099685273639897,1,0,0.03217807784676552,0.23865702748298645,0.033781714737415314,0.24803969264030457,0.0018302729586139321,0.010394053533673286,0.0362617583014071,0.2587945880368352,-1.498469591140747,-1.4981014728546143
batch1_0_127,1,3,"(1, 3)",0,20,4.863753318786621,6.5973100662231445,0.0002759054477792233,0.0002758502960205078,5.515175871551037e-08,0.00019993365789757996,1,0,0.033781714737415314,0.24803969264030457,0.03537394106388092,0.25719112157821655,0.0018224883824586868,0.010196876712143421,0.038084246683865786,0.2689914647489786,-1.5348129272460938,-1.5345370769500732
batch1_0_127,1,3,"(1, 3)",0,21,4.759827136993408,6.602386474609375,0.00018774157797452062,0.0001876354217529297,1.0615622159093618e-07,0.0005657578968789708,1,0,0.03537394106388092,0.25719112157821655,0.03695201873779297,0.2661687731742859,0.001810252433642745,0.01003502681851387,0.03989449911750853,0.2790264915674925,-1.5673437118530273,-1.5671560764312744
batch1_0_127,1,3,"(1, 3)",0,22,4.661011695861816,6.589757919311523,0.00011109193292213604,0.00011110305786132812,1.1124939192086458e-08,0.00010013171019983905,1,0,0.03695201873779297,0.2661687731742859,0.038515280932188034,0.2749289274215698,0.0017961171688511968,0.009833123534917831,0.04169061628635973,0.2888596151024103,-1.5997145175933838,-1.5996034145355225
batch1_0_127,1,3,"(1, 3)",0,23,4.564108371734619,6.590717315673828,6.406483862519963e-06,6.318092346191406e-06,8.839151632855646e-08,0.013990222283129423,1,0,0.038515280932188034,0.2749289274215698,0.040060754865407944,0.2834450304508209,0.0017803304363042116,0.009607966989278793,0.04347094672266394,0.2984675820916891,-1.6239640712738037,-1.6239577531814575
batch1_0_127,1,3,"(1, 3)",0,24,4.473235130310059,6.586385726928711,-8.030502067413181e-05,-8.046627044677734e-05,1.6124977264553308e-07,0.0020039424189814813,0,1,0.040060754865407944,0.2834450304508209,0.04158642515540123,0.29173019528388977,0.0017604728927835822,0.009396652691066265,0.04523141961544752,0.3078642347827554,-1.650591254234314,-1.6506717205047607
batch1_0_127,1,3,"(1, 3)",0,25,4.386707305908203,6.585721969604492,-0.00017959704564418644,-0.00017976760864257812,1.7056299839168787e-07,0.0009487971703000663,0,1,0.04158642515540123,0.29173019528388977,0.04309103265404701,0.2997901737689972,0.001738778199069202,0.009181540459394455,0.04697019781451672,0.31704577524214983,-1.6831269264221191,-1.6833066940307617
batch1_0_127,1,3,"(1, 3)",0,26,4.3039164543151855,6.599945545196533,-0.00026412017177790403,-0.00026428699493408203,1.668231561779976e-07,0.0006312196944068562,0,1,0.04309103265404701,0.2997901737689972,0.04457321763038635,0.30761173367500305,0.0017146688187494874,0.008960934355854988,0.04868486663326621,0.3260067095980048,-1.7074811458587646,-1.7077454328536987
batch1_0_127,1,3,"(1, 3)",0,27,4.223001956939697,6.626040458679199,-0.0003540594188962132,-0.0003540515899658203,7.828930392861366e-09,2.211240004208754e-05,0,1,0.04457321763038635,0.30761173367500305,0.046031367033720016,0.31518080830574036,0.001689029042609036,0.008724944666028023,0.050373895675875247,0.33473165426403284,-1.7307969331741333,-1.7311509847640991
batch1_0_127,1,3,"(1, 3)",0,28,4.148065567016602,6.63519287109375,-0.00043499525054357946,-0.00043523311614990234,2.3786560632288456e-07,0.0005465246037044645,0,1,0.046031367033720016,0.31518080830574036,0.04746587201952934,0.32251983880996704,0.001662075868807733,0.00849855039268732,0.05203597154468298,0.34323020465672016,-1.7633825540542603,-1.7638177871704102
batch1_0_127,1,3,"(1, 3)",0,29,4.07623815536499,6.645656585693359,-0.0004958180943503976,-0.00049591064453125,9.255018085241318e-08,0.00018662672776442306,0,1,0.04746587201952934,0.32251983880996704,0.04887613654136658,0.3296418786048889,0.0016336722765117884,0.00827973335981369,0.05366964382119477,0.35150993801653385,-1.7970094680786133,-1.7975053787231445
batch1_0_127,1,3,"(1, 3)",0,30,4.00390100479126,6.658631801605225,-0.0005844027036800981,-0.000584721565246582,3.1886156648397446e-07,0.0005453220565749236,0,1,0.04887613654136658,0.3296418786048889,0.05025877058506012,0.3365231454372406,0.0016023485222831368,0.008031390607357025,0.055271992343477905,0.3595413286238909,-1.8267364501953125,-1.827321171760559
batch1_0_127,1,3,"(1, 3)",0,31,3.9402706623077393,6.683664321899414,-0.0006457698182202876,-0.0006459951400756836,2.2532185539603233e-07,0.00034879806583317956,0,1,0.05025877058506012,0.3365231454372406,0.051614198833703995,0.34315839409828186,0.0015710277948528528,0.007787207141518593,0.05684302013833076,0.36732853576540947,-1.847629189491272,-1.8482751846313477
batch1_0_127,1,3,"(1, 3)",0,32,3.8805384635925293,6.7016472816467285,-0.000697368464898318,-0.0006976127624511719,2.442975528538227e-07,0.00035019077345352015,0,1,0.051614198833703995,0.34315839409828186,0.05294274166226387,0.3495887219905853,0.0015387602616101503,0.007567901164293289,0.05838178039994091,0.37489643692970276,-1.8735862970352173,-1.8742839097976685
batch1_0_127,1,3,"(1, 3)",0,33,3.8238580226898193,6.718868732452393,-0.0007342735189013183,-0.0007345676422119141,2.941233105957508e-07,0.00040040330351346964,0,1,0.05294274166226387,0.3495887219905853,0.05424364283680916,0.3558235764503479,0.001505375374108553,0.007359147537499666,0.05988715577404946,0.3822555844672024,-1.8966896533966064,-1.8974242210388184
batch1_0_127,1,3,"(1, 3)",0,34,3.7701363563537598,6.732658863067627,-0.0007758818101137877,-0.0007762908935546875,4.0908344089984894e-07,0.0005269718404484029,0,1,0.05424364283680916,0.3558235764503479,0.055517833679914474,0.36187100410461426,0.0014733074931427836,0.007148231845349073,0.061360463267192245,0.3894038163125515,-1.9232043027877808,-1.9239805936813354
batch1_0_127,1,3,"(1, 3)",0,35,3.7177422046661377,6.745619297027588,-0.0008140801801346242,-0.0008143186569213867,2.3847678676247597e-07,0.0002928543816791099,0,1,0.055517833679914474,0.36187100410461426,0.05676569044589996,0.3677307367324829,0.0014419298386201262,0.006941631436347961,0.06280239310581237,0.39634544774889946,-1.952024221420288,-1.9528385400772095
batch1_0_127,1,3,"(1, 3)",0,36,3.6685166358947754,6.75713586807251,-0.0008532890351489186,-0.0008535385131835938,2.494780346751213e-07,0.00029228679294692736,0,1,0.05676569044589996,0.3677307367324829,0.05798560380935669,0.37339839339256287,0.0014088877942413092,0.006734753027558327,0.06421128090005368,0.4030802007764578,-1.9759562015533447,-1.9768097400665283
batch1_0_127,1,3,"(1, 3)",0,37,3.624209403991699,6.771778106689453,-0.0008711629780009389,-0.0008715391159057617,3.761379048228264e-07,0.00043157891362330733,0,1,0.05798560380935669,0.37339839339256287,0.059178903698921204,0.3789045214653015,0.0013764830073341727,0.006550236139446497,0.06558776390738785,0.4096304369159043,-1.998395562171936,-1.9992671012878418
batch1_0_127,1,3,"(1, 3)",0,38,3.580565929412842,6.7846879959106445,-0.0008921421249397099,-0.0008924007415771484,2.586166374385357e-07,0.0002897987702043815,0,1,0.059178903698921204,0.3789045214653015,0.060345280915498734,0.384235680103302,0.0013448422541841865,0.006359663791954517,0.06693260616157204,0.4159901007078588,-2.0203683376312256,-2.0212607383728027
batch1_0_127,1,3,"(1, 3)",0,39,3.5398902893066406,6.801489353179932,-0.000910750066395849,-0.0009109973907470703,2.47324351221323e-07,0.00027148744193274013,0,1,0.060345280915498734,0.384235680103302,0.0614851750433445,0.38940924406051636,0.00131357298232615,0.006181203294545412,0.06824617914389819,0.4221713040024042,-2.0398755073547363,-2.0407865047454834
batch1_0_127,1,4,"(1, 4)",0,0,8.348285675048828,8.138317108154297,0.001992288511246443,0.0019916296005249023,6.58910721540451e-07,0.0003308399922188304,1,0,0.0,0.0,0.001876308349892497,0.017655298113822937,0.001876308349892497,0.017655298113822937,0.001876308349892497,0.017655298113822937,-1.9378327131271362,-1.9358410835266113
batch1_0_127,1,4,"(1, 4)",0,1,8.028289794921875,7.927992343902588,0.001557956333272159,0.0015578269958496094,1.2933742254972458e-07,8.302425294612795e-05,1,0,0.001876308349892497,0.017655298113822937,0.0036829605232924223,0.03481784835457802,0.00181501021143049,0.017191849648952484,0.003691318561322987,0.03484714776277542,-1.6911675930023193,-1.6896097660064697
batch1_0_127,1,4,"(1, 4)",0,2,7.7329607009887695,7.7547807693481445,0.001269003958441317,0.0012687444686889648,2.594897523522377e-07,0.000204524834398196,1,0,0.0036829605232924223,0.03481784835457802,0.00542124267667532,0.051152873784303665,0.0017617341363802552,0.01641746237874031,0.005453052697703242,0.05126461014151573,-1.5217944383621216,-1.5205256938934326
batch1_0_127,1,4,"(1, 4)",0,3,7.460898399353027,7.579648971557617,0.001053658896125853,0.0010535717010498047,8.719507604837418e-08,8.276140670966282e-05,1,0,0.00542124267667532,0.051152873784303665,0.007098291534930468,0.0664251521229744,0.0017250131350010633,0.015445789322257042,0.007178065832704306,0.06671039946377277,-1.4040111303329468,-1.402957558631897
batch1_0_127,1,4,"(1, 4)",0,4,7.222798824310303,7.453362941741943,0.000925504311453551,0.0009255409240722656,3.6612618714571e-08,3.9558076539155076e-05,1,0,0.007098291534930468,0.0664251521229744,0.008740921504795551,0.08095566183328629,0.001714171259663999,0.014789523556828499,0.008892237092368305,0.08149992302060127,-1.3271996974945068,-1.3262741565704346
batch1_0_127,1,4,"(1, 4)",0,5,7.012082576751709,7.3812103271484375,0.0008168916101567447,0.0008169412612915039,4.96511347591877e-08,6.0776872355172916e-05,1,0,0.008740921504795551,0.08095566183328629,0.010362760163843632,0.0946430116891861,0.0017205721233040094,0.01405835896730423,0.010612809215672314,0.0955582819879055,-1.2528629302978516,-1.25204598903656
batch1_0_127,1,4,"(1, 4)",0,6,6.822933673858643,7.311781883239746,0.0007488157716579735,0.0007486343383789062,1.814332790672779e-07,0.0002423523337977707,1,0,0.010362760163843632,0.0946430116891861,0.011982228606939316,0.10775024443864822,0.0017393603920936584,0.013586974702775478,0.012352169607765973,0.10914525669068098,-1.2120563983917236,-1.2113077640533447
batch1_0_127,1,4,"(1, 4)",0,7,6.64531135559082,7.276894569396973,0.0007017884054221213,0.0007017850875854492,3.3178366720676422e-09,4.727710421267199e-06,1,0,0.011982228606939316,0.10775024443864822,0.01360846497118473,0.12028791010379791,0.0017655054107308388,0.013128816150128841,0.014117675018496811,0.12227407284080982,-1.2040494680404663,-1.2033476829528809
batch1_0_127,1,4,"(1, 4)",0,8,6.466111183166504,7.248135089874268,0.0006518177106045187,0.0006518363952636719,1.8684659153223038e-08,2.8664645437088516e-05,1,0,0.01360846497118473,0.12028791010379791,0.015245987102389336,0.13246764242649078,0.001795428222976625,0.012856929562985897,0.015913103241473436,0.13513100240379572,-1.1880767345428467,-1.187424898147583
batch1_0_127,1,4,"(1, 4)",0,9,6.29647159576416,7.221476078033447,0.0006142826750874519,0.000614166259765625,1.1641532182693481e-07,0.000189550174689441,1,0,0.015245987102389336,0.13246764242649078,0.01689879782497883,0.14439286291599274,0.0018254703609272838,0.01264165062457323,0.01773857360240072,0.14777265302836895,-1.1889245510101318,-1.1883103847503662
batch1_0_127,1,4,"(1, 4)",0,10,6.138286590576172,7.202065467834473,0.0005752891884185374,0.0005753040313720703,1.4842953532934189e-08,2.5800190375051803e-05,1,0,0.01689879782497883,0.14439286291599274,0.01856929436326027,0.15609538555145264,0.0018561009783297777,0.012473970651626587,0.019594674580730498,0.16024662367999554,-1.1981558799743652,-1.1975805759429932
batch1_0_127,1,4,"(1, 4)",0,11,5.981022834777832,7.189145565032959,0.0005498197861015797,0.0005497932434082031,2.6542693376541138e-08,4.827759106678231e-05,1,0,0.01856929436326027,0.15609538555145264,0.02026081643998623,0.1676906794309616,0.0018860435811802745,0.012363798916339874,0.021480718161910772,0.1726104225963354,-1.2075161933898926,-1.2069664001464844
batch1_0_127,1,4,"(1, 4)",0,12,5.829500198364258,7.183634281158447,0.0005004206323064864,0.0005004405975341797,1.996522769331932e-08,3.989529984516437e-05,1,0,0.02026081643998623,0.1676906794309616,0.021967744454741478,0.1790361851453781,0.0019121688092127442,0.01215274166315794,0.023392886971123517,0.18476316425949335,-1.2297332286834717,-1.2292327880859375
batch1_0_127,1,4,"(1, 4)",0,13,5.6830315589904785,7.172341346740723,0.00042244038195349276,0.00042235851287841797,8.186907507479191e-08,0.00019383787133079312,1,0,0.021967744454741478,0.1790361851453781,0.023688776418566704,0.19011414051055908,0.001938644447363913,0.011925861239433289,0.02533153141848743,0.19668902549892664,-1.2559635639190674,-1.255541205406189
batch1_0_127,1,4,"(1, 4)",0,14,5.545378684997559,7.152670860290527,0.00033105374313890934,0.00033092498779296875,1.287553459405899e-07,0.00038907713436599423,1,0,0.023688776418566704,0.19011414051055908,0.02542022429406643,0.2008695900440216,0.001960691763088107,0.011673676781356335,0.027292223181575537,0.20836270228028297,-1.2930614948272705,-1.2927305698394775
batch1_0_127,1,4,"(1, 4)",0,15,5.4071044921875,7.149137496948242,0.00023494401830248535,0.00023484230041503906,1.017178874462843e-07,0.00043313273318527917,1,0,0.02542022429406643,0.2008695900440216,0.02716127224266529,0.21134448051452637,0.0019781438168138266,0.011449226178228855,0.029270366998389363,0.21981192845851183,-1.3218886852264404,-1.3216538429260254
batch1_0_127,1,4,"(1, 4)",0,16,5.273352146148682,7.170112133026123,0.0001434225559933111,0.00014352798461914062,1.0542862582951784e-07,0.0007345510083575581,1,0,0.02716127224266529,0.21134448051452637,0.02890731208026409,0.2216014266014099,0.001987086609005928,0.011259271763265133,0.03125745360739529,0.23107120022177696,-1.3562192916870117,-1.3560757637023926
batch1_0_127,1,4,"(1, 4)",0,17,5.144892692565918,7.168508052825928,3.6071534850634634e-05,3.5881996154785156e-05,1.8953869584947824e-07,0.005282278472799004,1,0,0.02890731208026409,0.2216014266014099,0.030658015981316566,0.23165294528007507,0.0019966133404523134,0.011092162691056728,0.033254066947847605,0.2421633629128337,-1.3855255842208862,-1.3854897022247314
batch1_0_127,1,4,"(1, 4)",0,18,5.017867088317871,7.179157257080078,-7.229832408484071e-05,-7.2479248046875e-05,1.8092396203428507e-07,0.0024962174265008223,0,1,0.030658015981316566,0.23165294528007507,0.03240874782204628,0.24151377379894257,0.0020000350195914507,0.01093489769846201,0.035254101967439055,0.2530982606112957,-1.4294021129608154,-1.4294745922088623
batch1_0_127,1,4,"(1, 4)",0,19,4.896106243133545,7.1790971755981445,-0.00017148278129752725,-0.00017142295837402344,5.982292350381613e-08,0.0003489784803111961,0,1,0.03240874782204628,0.24151377379894257,0.03415390104055405,0.25117385387420654,0.0019954582676291466,0.010757610201835632,0.0372495602350682,0.26385587081313133,-1.4654544591903687,-1.4656258821487427
batch1_0_127,1,4,"(1, 4)",0,20,4.779302597045898,7.1578474044799805,-0.0002578321727924049,-0.0002579689025878906,1.3672979548573494e-07,0.0005300243328327171,0,1,0.03415390104055405,0.25117385387420654,0.035887461155653,0.26064246892929077,0.0019816462881863117,0.010564747266471386,0.039231206523254514,0.2744206180796027,-1.490601897239685,-1.490859866142273
batch1_0_127,1,4,"(1, 4)",0,21,4.667734146118164,7.152324676513672,-0.00035512197064235806,-0.0003552436828613281,1.2171221897006035e-07,0.00034261613884228187,0,1,0.035887461155653,0.26064246892929077,0.037606626749038696,0.2698991298675537,0.001965506235137582,0.010381205938756466,0.041196712758392096,0.2848018240183592,-1.5061743259429932,-1.5065295696258545
batch1_0_127,1,4,"(1, 4)",0,22,4.561438083648682,7.156652927398682,-0.00046024512266740203,-0.0004603862762451172,1.4115357771515846e-07,0.00030659814377265664,0,1,0.037606626749038696,0.2698991298675537,0.039305444806814194,0.2788693606853485,0.0019423867342993617,0.010098790749907494,0.04313909949269146,0.2949006147682667,-1.5389361381530762,-1.5393965244293213
batch1_0_127,1,4,"(1, 4)",0,23,4.462282657623291,7.178289890289307,-0.0005550860660150647,-0.0005553960800170898,3.100140020251274e-07,0.0005581854341060313,0,1,0.039305444806814194,0.2788693606853485,0.04098259657621384,0.28758105635643005,0.0019176637288182974,0.009838980622589588,0.045056763221509755,0.30473959539085627,-1.5666924715042114,-1.5672478675842285
batch1_0_127,1,4,"(1, 4)",0,24,4.358826637268066,7.197845935821533,-0.0006553895073011518,-0.0006555318832397461,1.4237593859434128e-07,0.00021719147799599927,0,1,0.04098259657621384,0.28758105635643005,0.042632125318050385,0.29595044255256653,0.0018876426620408893,0.009499598294496536,0.046944405883550644,0.3142391936853528,-1.5932434797286987,-1.5938990116119385
batch1_0_127,1,4,"(1, 4)",0,25,4.269782066345215,7.213362693786621,-0.0007257243851199746,-0.0007256269454956055,9.743962436914444e-08,0.00013428336002957122,0,1,0.042632125318050385,0.29595044255256653,0.04425430670380592,0.30403509736061096,0.0018555620918050408,0.009205872192978859,0.048799967975355685,0.32344506587833166,-1.6104072332382202,-1.6111328601837158
batch1_0_127,1,4,"(1, 4)",0,26,4.186513900756836,7.220458030700684,-0.0008082430576905608,-0.0008084774017333984,2.3434404283761978e-07,0.000289858494913005,0,1,0.04425430670380592,0.30403509736061096,0.0458468534052372,0.3118272125720978,0.0018203983781859279,0.008897424675524235,0.05062036635354161,0.3323424905538559,-1.6330649852752686,-1.633873462677002
batch1_0_127,1,4,"(1, 4)",0,27,4.105159759521484,7.233932971954346,-0.0008951649651862681,-0.000895380973815918,2.1600862964987755e-07,0.00024124773249234457,0,1,0.0458468534052372,0.3118272125720978,0.04740961268544197,0.31935033202171326,0.001784926513209939,0.008613024838268757,0.05240529286675155,0.34095551539212465,-1.6637954711914062,-1.6646908521652222
batch1_0_127,1,4,"(1, 4)",0,28,4.028125762939453,7.244553089141846,-0.0009542263578623533,-0.0009546279907226562,4.016328603029251e-07,0.00042072185626873125,0,1,0.04740961268544197,0.31935033202171326,0.048940155655145645,0.3266015350818634,0.0017465585842728615,0.00833069160580635,0.05415185145102441,0.349286206997931,-1.6869757175445557,-1.6879303455352783
batch1_0_127,1,4,"(1, 4)",0,29,3.9595377445220947,7.2526373863220215,-0.0010275900131091475,-0.001027822494506836,2.3248139768838882e-07,0.00022618827563210392,0,1,0.048940155655145645,0.3266015350818634,0.0504365935921669,0.3335943818092346,0.0017071387264877558,0.008065422996878624,0.05585899017751217,0.3573516299948096,-1.7081326246261597,-1.7091604471206665
batch1_0_127,1,4,"(1, 4)",0,30,3.8922853469848633,7.272774696350098,-0.0010751595254987478,-0.0010755062103271484,3.466848284006119e-07,0.000322345724340501,0,1,0.0504365935921669,0.3335943818092346,0.05189711973071098,0.3403400778770447,0.0016645530704408884,0.007802919950336218,0.05752354324795306,0.36515454994514585,-1.7281763553619385,-1.7292518615722656
batch1_0_127,1,4,"(1, 4)",0,31,3.8325414657592773,7.282907485961914,-0.0011086269514635205,-0.0011087656021118164,1.3865064829587936e-07,0.00012504955784324267,0,1,0.05189711973071098,0.3403400778770447,0.05332218110561371,0.34686222672462463,0.001622042735107243,0.0075525459833443165,0.0591455859830603,0.37270709592849016,-1.7429618835449219,-1.7440706491470337
batch1_0_127,1,4,"(1, 4)",0,32,3.7762668132781982,7.2822585105896,-0.0011335286544635892,-0.0011337995529174805,2.708984538912773e-07,0.00023892975896330564,0,1,0.05332218110561371,0.34686222672462463,0.05471234768629074,0.35315367579460144,0.0015803800197318196,0.007302547805011272,0.06072596600279212,0.38000964373350143,-1.7600222826004028,-1.7611560821533203
batch1_0_127,1,4,"(1, 4)",0,33,3.7228143215179443,7.279251575469971,-0.0011510886251926422,-0.0011513233184814453,2.3469328880310059e-07,0.00020384655208117623,0,1,0.05471234768629074,0.35315367579460144,0.05606813728809357,0.3592376112937927,0.001539374585263431,0.007069745566695929,0.06226534058805555,0.38707938930019736,-1.7765148878097534,-1.7776662111282349
batch1_0_127,1,4,"(1, 4)",0,34,3.6726601123809814,7.2839460372924805,-0.001180569059215486,-0.0011807680130004883,1.989537850022316e-07,0.00016849523599192327,0,1,0.05606813728809357,0.3592376112937927,0.057389263063669205,0.36512720584869385,0.0014986261958256364,0.0068503874354064465,0.06376396678388119,0.3939297767356038,-1.792809247970581,-1.7939900159835815
batch1_0_127,1,4,"(1, 4)",0,35,3.626166343688965,7.291198253631592,-0.0012027822667732835,-0.0012030601501464844,2.778833732008934e-07,0.00023098044862267142,0,1,0.057389263063669205,0.36512720584869385,0.05867724120616913,0.3708217442035675,0.001459524966776371,0.006636861711740494,0.06522349175065756,0.4005666384473443,-1.8125593662261963,-1.8137624263763428
batch1_0_127,1,4,"(1, 4)",0,36,3.5827784538269043,7.296969413757324,-0.0012168257962912321,-0.0012171268463134766,3.0105002224445343e-07,0.00024734482125367285,0,1,0.05867724120616913,0.3708217442035675,0.05993255600333214,0.3763367831707001,0.0014211268862709403,0.006436106748878956,0.0666446186369285,0.40700274519622326,-1.827305793762207,-1.8285229206085205
batch1_0_127,1,4,"(1, 4)",0,37,3.541269302368164,7.304732322692871,-0.0012267680140212178,-0.0012269020080566406,1.3399403542280197e-07,0.00010921331495336184,0,1,0.05993255600333214,0.3763367831707001,0.061155594885349274,0.3816722631454468,0.0013836255529895425,0.00624097278341651,0.06802824418991804,0.41324371797963977,-1.8364065885543823,-1.837633490562439
batch1_0_127,1,4,"(1, 4)",0,38,3.5030102729797363,7.316391468048096,-0.0012376587837934494,-0.0012379884719848633,3.296881914138794e-07,0.00026630958112662496,0,1,0.061155594885349274,0.3816722631454468,0.062347471714019775,0.3868451416492462,0.0013472280697897077,0.006058719474822283,0.06937547225970775,0.41930243745446205,-1.851059913635254,-1.8522979021072388
batch1_0_127,1,4,"(1, 4)",0,39,3.467087507247925,7.329622268676758,-0.001247668289579451,-0.0012478828430175781,2.1455343812704086e-07,0.00017193395944784104,0,1,0.062347471714019775,0.3868451416492462,0.06350918859243393,0.3918623626232147,0.0013122305972501636,0.005885135382413864,0.07068770285695791,0.4251875728368759,-1.8660579919815063,-1.867305874824524
batch1_0_127,1,5,"(1, 5)",0,0,8.202469825744629,8.138317108154297,0.00089357077376917,0.0008933544158935547,2.1635787561535835e-07,0.0002421859362489992,1,0,0.0,0.0,0.0018459106795489788,0.017279911786317825,0.0018459106795489788,0.017279911786317825,0.0018459106795489788,0.017279911786317825,-1.1844923496246338,-1.1835989952087402
batch1_0_127,1,5,"(1, 5)",0,1,7.902301788330078,7.943222999572754,0.0008411799208261073,0.0008411407470703125,3.9173755794763565e-08,4.6572177047902496e-05,1,0,0.0018459106795489788,0.017279911786317825,0.003640888025984168,0.03409386798739433,0.0018012154614552855,0.016840415075421333,0.0036471261410042644,0.03412032686173916,-1.1489872932434082,-1.148146152496338
batch1_0_127,1,5,"(1, 5)",0,2,7.613965034484863,7.776016712188721,0.0008020239765755832,0.0008019208908081055,1.0308576747775078e-07,0.00012854854968782518,1,0,0.003640888025984168,0.03409386798739433,0.005389601457864046,0.050490763038396835,0.00176600506529212,0.016460681334137917,0.005413131206296384,0.050581008195877075,-1.1232268810272217,-1.1224249601364136
batch1_0_127,1,5,"(1, 5)",0,3,7.33802604675293,7.590721130371094,0.0007678735419176519,0.0007677078247070312,1.657172106206417e-07,0.0002158597389363354,1,0,0.005389601457864046,0.050490763038396835,0.007092108950018883,0.06617201119661331,0.0017378057818859816,0.015802627429366112,0.007150936988182366,0.06638363562524319,-1.0943435430526733,-1.0935758352279663
batch1_0_127,1,5,"(1, 5)",0,4,7.08753776550293,7.428758144378662,0.0007379869930446148,0.0007377862930297852,2.0070001482963562e-07,0.0002720300129261593,1,0,0.007092108950018883,0.06617201119661331,0.008762959390878677,0.08117222040891647,0.0017254205886274576,0.015188843943178654,0.008876357576809824,0.08157247956842184,-1.0663328170776367,-1.065595030784607
batch1_0_127,1,5,"(1, 5)",0,5,6.873497486114502,7.326115608215332,0.000716791080776602,0.0007166862487792969,1.048319973051548e-07,0.00014627320879075182,1,0,0.008762959390878677,0.08117222040891647,0.010418549180030823,0.09564929455518723,0.0017297037411481142,0.014755209907889366,0.010606061317957938,0.0963276894763112,-1.0405232906341553,-1.039806604385376
batch1_0_127,1,5,"(1, 5)",0,6,6.65384578704834,7.233407497406006,0.0006929381634108722,0.0006928443908691406,9.377254173159599e-08,0.0001353443038110805,1,0,0.010418549180030823,0.09564929455518723,0.012065933085978031,0.10956272482872009,0.0017427622806280851,0.014273839071393013,0.012348823598586023,0.11060152854770422,-1.0304372310638428,-1.0297443866729736
batch1_0_127,1,5,"(1, 5)",0,7,6.454321384429932,7.164276123046875,0.0006818166584707797,0.000681757926940918,5.8731529861688614e-08,8.614719028676342e-05,1,0,0.012065933085978031,0.10956272482872009,0.01371458824723959,0.12308913469314575,0.0017635870026424527,0.013967832550406456,0.014112410601228476,0.12456936109811068,-1.0376789569854736,-1.0369971990585327
batch1_0_127,1,5,"(1, 5)",0,8,6.257582664489746,7.116580963134766,0.000660994031932205,0.0006608963012695312,9.773066267371178e-08,0.0001478759413329726,1,0,0.01371458824723959,0.12308913469314575,0.015367694199085236,0.1361914426088333,0.0017868515569716692,0.013607597909867764,0.015899262158200145,0.13817695900797844,-1.0493454933166504,-1.0486845970153809
batch1_0_127,1,5,"(1, 5)",0,9,6.074864387512207,7.069667816162109,0.0006570081459358335,0.0006569623947143555,4.575122147798538e-08,6.964054844855743e-05,1,0,0.015367694199085236,0.1361914426088333,0.017034301534295082,0.14897295832633972,0.0018148807575926185,0.013348042964935303,0.017714142915792763,0.15152500197291374,-1.0584980249404907,-1.0578410625457764
batch1_0_127,1,5,"(1, 5)",0,10,5.897722244262695,7.04624080657959,0.0006366981542669237,0.0006366968154907227,1.3387762010097504e-09,2.1026902733570493e-06,1,0,0.017034301534295082,0.14897295832633972,0.018712161108851433,0.16144959628582,0.0018404765287414193,0.013105631805956364,0.019554619444534183,0.1646306337788701,-1.0608264207839966,-1.0601897239685059
batch1_0_127,1,5,"(1, 5)",0,11,5.728254318237305,7.0022735595703125,0.0005892986664548516,0.0005892515182495117,4.71482053399086e-08,8.001371889540765e-05,1,0,0.018712161108851433,0.16144959628582,0.020398257300257683,0.17360427975654602,0.0018637687899172306,0.012839335948228836,0.021418388234451413,0.17746996972709894,-1.0571070909500122,-1.0565178394317627
batch1_0_127,1,5,"(1, 5)",0,12,5.562200546264648,6.978119373321533,0.0005350084393285215,0.0005348920822143555,1.1635711416602135e-07,0.00021753381295966124,1,0,0.020398257300257683,0.17360427975654602,0.022089241072535515,0.18538589775562286,0.0018807020969688892,0.01253022812306881,0.023299090331420302,0.19000019785016775,-1.053483247756958,-1.0529483556747437
batch1_0_127,1,5,"(1, 5)",0,13,5.407989501953125,6.96589469909668,0.00046478272997774184,0.0004647970199584961,1.4289980754256248e-08,3.074456190689921e-05,1,0,0.022089241072535515,0.18538589775562286,0.023783454671502113,0.1967465728521347,0.0018954012775793672,0.012164507061243057,0.02519449160899967,0.2021647049114108,-1.052300214767456,-1.0518354177474976
batch1_0_127,1,5,"(1, 5)",0,14,5.255159378051758,6.921230792999268,0.00038235748070292175,0.00038230419158935547,5.328911356627941e-08,0.000139389299773932,1,0,0.023783454671502113,0.1967465728521347,0.025478119030594826,0.2076914757490158,0.0019055756274610758,0.011812749318778515,0.027100067236460745,0.21397745423018932,-1.044086217880249,-1.0437039136886597
batch1_0_127,1,5,"(1, 5)",0,15,5.116226673126221,6.905362129211426,0.0003150726552121341,0.00031507015228271484,2.5029294192790985e-09,7.94403849791903e-06,1,0,0.025478119030594826,0.2076914757490158,0.027170291170477867,0.21830493211746216,0.001908516394905746,0.011526700109243393,0.02900858363136649,0.22550415433943272,-1.0493249893188477,-1.049009919166565
batch1_0_127,1,5,"(1, 5)",0,16,4.985996723175049,6.904540061950684,0.00024264588137157261,0.00024247169494628906,1.7418642528355122e-07,0.0007183783877212389,1,0,0.027170291170477867,0.21830493211746216,0.02885640598833561,0.2285989671945572,0.001907362719066441,0.011254328303039074,0.030915946350432932,0.2367584826424718,-1.0607666969299316,-1.0605242252349854
batch1_0_127,1,5,"(1, 5)",0,17,4.859086036682129,6.894317150115967,0.00015524995978921652,0.0001552104949951172,3.94647940993309e-08,0.00025426627304147464,1,0,0.02885640598833561,0.2285989671945572,0.03053177520632744,0.2385464608669281,0.0019011811818927526,0.01094886101782322,0.032817127532325685,0.247707343660295,-1.0671557188034058,-1.0670005083084106
batch1_0_127,1,5,"(1, 5)",0,18,4.738492965698242,6.889410018920898,8.076385711319745e-05,8.07046890258789e-05,5.916808731853962e-08,0.0007331431176144757,1,0,0.03053177520632744,0.2385464608669281,0.03219303861260414,0.2481924444437027,0.0018885030876845121,0.010673744603991508,0.0347056306200102,0.2583810882642865,-1.0578486919403076,-1.0577679872512817
batch1_0_127,1,5,"(1, 5)",0,19,4.622420787811279,6.886931419372559,1.13920232251985e-05,1.1444091796875e-05,5.206857167650014e-08,0.004549821217854817,1,0,0.03219303861260414,0.2481924444437027,0.03383328393101692,0.25749367475509644,0.0018672007136046886,0.010350674390792847,0.036572831333614886,0.26873176265507936,-1.0502245426177979,-1.050213098526001
batch1_0_127,1,5,"(1, 5)",0,20,4.518301486968994,6.898620128631592,-5.7932928029913455e-05,-5.805492401123047e-05,1.219959813170135e-07,0.0021013890448536962,0,1,0.03383328393101692,0.25749367475509644,0.03545212000608444,0.26645001769065857,0.0018446821486577392,0.010031657293438911,0.038417513482272625,0.2787634199485183,-1.0450031757354736,-1.0450612306594849
batch1_0_127,1,5,"(1, 5)",0,21,4.417691230773926,6.915759563446045,-0.00013788726937491447,-0.0001380443572998047,1.5708792489022017e-07,0.0011379525245574266,0,1,0.03545212000608444,0.26645001769065857,0.03704674541950226,0.27503708004951477,0.001818695105612278,0.009691201150417328,0.0402362085878849,0.2884546210989356,-1.0438402891159058,-1.0439783334732056
batch1_0_127,1,5,"(1, 5)",0,22,4.32199239730835,6.949031352996826,-0.00020891557505819947,-0.0002090930938720703,1.7751881387084723e-07,0.0008489941517602623,0,1,0.03704674541950226,0.27503708004951477,0.038615331053733826,0.2832951843738556,0.0017905585700646043,0.009370862506330013,0.04202676715794951,0.2978254836052656,-1.0411045551300049,-1.041313648223877
batch1_0_127,1,5,"(1, 5)",0,23,4.2341790199279785,6.971755027770996,-0.00025935779558494687,-0.0002593994140625,4.1618477553129196e-08,0.00016044167911305148,0,1,0.038615331053733826,0.2832951843738556,0.04015720635652542,0.2912175953388214,0.0017584864981472492,0.009036583825945854,0.043785253656096756,0.30686206743121147,-1.0365409851074219,-1.0368003845214844
batch1_0_127,1,5,"(1, 5)",0,24,4.152554512023926,7.00674295425415,-0.0003061006427742541,-0.00030612945556640625,2.8812792152166367e-08,9.411963346962617e-05,0,1,0.04015720635652542,0.2912175953388214,0.04167158901691437,0.29884254932403564,0.0017257225699722767,0.008737731724977493,0.04551097622606903,0.31559979915618896,-1.0283399820327759,-1.0286461114883423
batch1_0_127,1,5,"(1, 5)",0,25,4.078953266143799,7.053840637207031,-0.000339011283358559,-0.0003390312194824219,1.9936123862862587e-08,5.880320960794655e-05,0,1,0.04167158901691437,0.29884254932403564,0.043159857392311096,0.306186705827713,0.001693235826678574,0.0084515530616045,0.04720421205274761,0.32405135221779346,-1.0207104682922363,-1.0210494995117188
batch1_0_127,1,5,"(1, 5)",0,26,4.007488250732422,7.066751003265381,-0.00038530249730683863,-0.0003854036331176758,1.0113581083714962e-07,0.00026241530215743894,0,1,0.043159857392311096,0.306186705827713,0.04461895301938057,0.31325146555900574,0.00165856524836272,0.008169202134013176,0.04886277730111033,0.33222055435180664,-1.0192309617996216,-1.0196163654327393
batch1_0_127,1,5,"(1, 5)",0,27,3.9414095878601074,7.075074672698975,-0.0004108295252081007,-0.00041091442108154297,8.489587344229221e-08,0.00020660232176530316,0,1,0.04461895301938057,0.31325146555900574,0.04604819789528847,0.3200705349445343,0.0016220753313973546,0.00791086908429861,0.05048485263250768,0.34013142343610525,-1.012125015258789,-1.0125359296798706
batch1_0_127,1,5,"(1, 5)",0,28,3.8779945373535156,7.086228370666504,-0.00043597863987088203,-0.00043594837188720703,3.026798367500305e-08,6.943020235165436e-05,0,1,0.04604819789528847,0.3200705349445343,0.047446150332689285,0.3266710340976715,0.0015836992533877492,0.007672710809856653,0.05206855188589543,0.3478041342459619,-1.0130244493484497,-1.013460397720337
batch1_0_127,1,5,"(1, 5)",0,29,3.816507339477539,7.101905822753906,-0.000452523585408926,-0.0004526376724243164,1.1408701539039612e-07,0.00025204931524888067,0,1,0.047446150332689285,0.3266710340976715,0.04881321266293526,0.3330346345901489,0.0015464304015040398,0.007425396703183651,0.05361498228739947,0.35522953094914556,-1.0127352476119995,-1.0131878852844238
batch1_0_127,1,5,"(1, 5)",0,30,3.759943962097168,7.119396209716797,-0.00046565389493480325,-0.00046575069427490234,9.67993400990963e-08,0.00020783509566163296,0,1,0.04881321266293526,0.3330346345901489,0.050148122012615204,0.3391615152359009,0.0015083416365087032,0.007177872117608786,0.055123323923908174,0.36240740306675434,-1.0103073120117188,-1.0107730627059937
batch1_0_127,1,5,"(1, 5)",0,31,3.7059993743896484,7.14336633682251,-0.00048495037481188774,-0.0004850625991821289,1.1222437024116516e-07,0.00023136059228311625,0,1,0.050148122012615204,0.3391615152359009,0.05145031586289406,0.34507501125335693,0.001470156479626894,0.006951802875846624,0.05659348040353507,0.36935920594260097,-1.0096155405044556,-1.0101006031036377
batch1_0_127,1,5,"(1, 5)",0,32,3.657158374786377,7.164463520050049,-0.0004903605440631509,-0.0004905462265014648,1.8568243831396103e-07,0.0003785217952612394,0,1,0.05145031586289406,0.34507501125335693,0.052721161395311356,0.3508075475692749,0.0014324031071737409,0.006744445767253637,0.05802588351070881,0.3761036517098546,-1.008409857749939,-1.0089004039764404
batch1_0_127,1,5,"(1, 5)",0,33,3.6121158599853516,7.183212757110596,-0.0005022213445045054,-0.0005023479461669922,1.266016624867916e-07,0.00025201986681300427,0,1,0.052721161395311356,0.3508075475692749,0.0539618544280529,0.3563741445541382,0.0013963790843263268,0.0065505229867994785,0.059422262595035136,0.3826541746966541,-1.0089430809020996,-1.0094454288482666
batch1_0_127,1,5,"(1, 5)",0,34,3.5695114135742188,7.197429180145264,-0.000509129196871072,-0.0005091428756713867,1.367880031466484e-08,2.6866329606649496e-05,0,1,0.0539618544280529,0.3563741445541382,0.055172208696603775,0.361764520406723,0.0013606977881863713,0.006356220226734877,0.06078296038322151,0.38901039492338896,-1.0080289840698242,-1.0085381269454956
batch1_0_127,1,5,"(1, 5)",0,35,3.530048370361328,7.2152934074401855,-0.0005130202043801546,-0.0005131959915161133,1.7578713595867157e-07,0.0003425341173054588,0,1,0.055172208696603775,0.361764520406723,0.05635334178805351,0.3669951260089874,0.0013263196451589465,0.006175287067890167,0.062109280028380454,0.3951856819912791,-1.00869619846344,-1.009209394454956
batch1_0_127,1,5,"(1, 5)",0,36,3.4925642013549805,7.225948333740234,-0.0005112412036396563,-0.0005114078521728516,1.666485331952572e-07,0.00032586228875291373,0,1,0.05635334178805351,0.3669951260089874,0.05750623345375061,0.37207579612731934,0.0012930379016324878,0.006002250127494335,0.06340231793001294,0.40118793211877346,-1.0087295770645142,-1.009240984916687
batch1_0_127,1,5,"(1, 5)",0,37,3.456413984298706,7.241827487945557,-0.0005074865184724331,-0.0005074739456176758,1.257285475730896e-08,2.477536997885835e-05,0,1,0.05750623345375061,0.37207579612731934,0.05863068252801895,0.3770086467266083,0.0012598412577062845,0.005833373870700598,0.06466215918771923,0.40702130598947406,-1.0079909563064575,-1.0084984302520752
batch1_0_127,1,5,"(1, 5)",0,38,3.4219884872436523,7.266526222229004,-0.0005066320882178843,-0.0005067586898803711,1.266016624867916e-07,0.0002498263276287932,0,1,0.05863068252801895,0.3770086467266083,0.05972670018672943,0.38179469108581543,0.001227285247296095,0.005670554004609585,0.06588944443501532,0.41269185999408364,-1.0086193084716797,-1.00912606716156
batch1_0_127,1,5,"(1, 5)",0,39,3.3899152278900146,7.284780502319336,-0.0005029815365560353,-0.0005030632019042969,8.166534826159477e-08,0.0001623361596563981,0,1,0.05972670018672943,0.38179469108581543,0.06079593300819397,0.38644930720329285,0.0011964107397943735,0.005519096273928881,0.0670858551748097,0.4182109562680125,-1.0074644088745117,-1.007967472076416
batch1_0_127,1,6,"(1, 6)",0,0,8.184924125671387,8.138317108154297,0.0026683828327804804,0.002667665481567383,7.173512130975723e-07,0.0002689059846724462,1,0,0.0,0.0,0.0019346860935911536,0.015450946986675262,0.0019346860935911536,0.015450946986675262,0.0019346860935911536,0.015450946986675262,-2.2927072048187256,-2.290039539337158
batch1_0_127,1,6,"(1, 6)",0,1,7.951437950134277,7.953563690185547,0.002256138250231743,0.0022559165954589844,2.2165477275848389e-07,9.825486155146904e-05,1,0,0.0019346860935911536,0.015450946986675262,0.0038088050205260515,0.03066607378423214,0.0018784853164106607,0.015236884355545044,0.0038131714100018144,0.030687831342220306,-2.134042263031006,-2.131786346435547
batch1_0_127,1,6,"(1, 6)",0,2,7.713256359100342,7.8049421310424805,0.0018977303989231586,0.0018974542617797852,2.761371433734894e-07,0.0001455303292077653,1,0,0.0038088050205260515,0.03066607378423214,0.005626618396490812,0.04571627080440521,0.0018303791293874383,0.015114263631403446,0.005643550539389253,0.04580209497362375,-1.9703618288040161,-1.9684643745422363
batch1_0_127,1,6,"(1, 6)",0,3,7.477689743041992,7.658693313598633,0.0016142488457262516,0.0016139745712280273,2.742744982242584e-07,0.00016993731073195953,1,0,0.005626618396490812,0.04571627080440521,0.007390197366476059,0.06054602190852165,0.0017889942973852158,0.01494691427797079,0.007432544836774468,0.06074900925159454,-1.8242266178131104,-1.8226126432418823
batch1_0_127,1,6,"(1, 6)",0,4,7.253130912780762,7.524289608001709,0.0014024014817550778,0.0014020204544067383,3.8102734833955765e-07,0.0002717701779185443,1,0,0.007390197366476059,0.06054602190852165,0.009108709171414375,0.07507015764713287,0.0017602791776880622,0.014703044667840004,0.00919282401446253,0.07545205391943455,-1.7094159126281738,-1.708013892173767
batch1_0_127,1,6,"(1, 6)",0,5,7.04087495803833,7.414881706237793,0.0012565570650622249,0.0012563467025756836,2.103624865412712e-07,0.00016743983655944587,1,0,0.009108709171414375,0.07507015764713287,0.010789457708597183,0.08921059966087341,0.001740673673339188,0.014383331872522831,0.010933497687801719,0.08983538579195738,-1.6412746906280518,-1.640018343925476
batch1_0_127,1,6,"(1, 6)",0,6,6.8331217765808105,7.309484481811523,0.0011439926456660032,0.001143813133239746,1.7951242625713348e-07,0.00015694209223553933,1,0,0.010789457708597183,0.08921059966087341,0.012440145015716553,0.1029338538646698,0.0017314774449914694,0.014042031951248646,0.012664975132793188,0.10387741774320602,-1.5776551961898804,-1.5765113830566406
batch1_0_127,1,6,"(1, 6)",0,7,6.635001182556152,7.246343612670898,0.001051226630806923,0.0010510683059692383,1.5832483768463135e-07,0.00015063230123624815,1,0,0.012440145015716553,0.1029338538646698,0.014067290350794792,0.11626619845628738,0.0017292635748162866,0.013727396726608276,0.014394238707609475,0.1176048144698143,-1.5290271043777466,-1.5279760360717773
batch1_0_127,1,6,"(1, 6)",0,8,6.450411319732666,7.16529655456543,0.0009737239452078938,0.0009735822677612305,1.4167744666337967e-07,0.0001455218026815232,1,0,0.014067290350794792,0.11626619845628738,0.015676911920309067,0.12921451032161713,0.0017328177345916629,0.013437889516353607,0.016127056442201138,0.1310427039861679,-1.494131326675415,-1.4931577444076538
batch1_0_127,1,6,"(1, 6)",0,9,6.26860237121582,7.149572372436523,0.0008976899553090334,0.000897526741027832,1.632142812013626e-07,0.00018184893412139726,1,0,0.015676911920309067,0.12921451032161713,0.017277132719755173,0.14191219210624695,0.001743554719723761,0.013267243281006813,0.0178706111619249,0.14430994726717472,-1.4226157665252686,-1.4217182397842407
batch1_0_127,1,6,"(1, 6)",0,10,6.08557653427124,7.124475479125977,0.0008501799893565476,0.0008500814437866211,9.854556992650032e-08,0.00011592485713784883,1,0,0.017277132719755173,0.14191219210624695,0.01887240819633007,0.15438325703144073,0.0017592316726222634,0.013118593022227287,0.019629842834547162,0.157428540289402,-1.387834906578064,-1.3869848251342773
batch1_0_127,1,6,"(1, 6)",0,11,5.909405708312988,7.112920761108398,0.0008060501422733068,0.0008058547973632812,1.9534491002559662e-07,0.00024240708210059172,1,0,0.01887240819633007,0.15438325703144073,0.020461859181523323,0.16662169992923737,0.0017741820774972439,0.012952188029885292,0.021404024912044406,0.1703807283192873,-1.376298189163208,-1.3754923343658447
batch1_0_127,1,6,"(1, 6)",0,12,5.7426323890686035,7.091153621673584,0.0007551360758952796,0.0007550716400146484,6.443588063120842e-08,8.533743980896748e-05,1,0,0.020461859181523323,0.16662169992923737,0.02204878069460392,0.17858178913593292,0.0017910170136019588,0.012734797783195972,0.023195041925646365,0.18311552610248327,-1.3599965572357178,-1.3592414855957031
batch1_0_127,1,6,"(1, 6)",0,13,5.576767444610596,7.076962471008301,0.0007030930719338357,0.0007030963897705078,3.3178366720676422e-09,4.718893056968464e-06,1,0,0.02204878069460392,0.17858178913593292,0.02363467402756214,0.1902533620595932,0.0018074235413223505,0.01246962696313858,0.025002465466968715,0.19558515306562185,-1.31866455078125,-1.3179614543914795
batch1_0_127,1,6,"(1, 6)",0,14,5.424673080444336,7.090530872344971,0.0006443547317758203,0.0006443262100219727,2.852175384759903e-08,4.426601526364477e-05,1,0,0.02363467402756214,0.1902533620595932,0.025221873074769974,0.20162256062030792,0.0018259865464642644,0.012194167822599411,0.02682845201343298,0.20777932088822126,-1.2737812995910645,-1.2731369733810425
batch1_0_127,1,6,"(1, 6)",0,15,5.2776994705200195,7.084865093231201,0.0005809192662127316,0.0005806684494018555,2.5081681087613106e-07,0.0004319449612502566,1,0,0.025221873074769974,0.20162256062030792,0.02680654264986515,0.21258069574832916,0.0018399765249341726,0.011792010627686977,0.028668428538367152,0.21957133151590824,-1.2277766466140747,-1.2271959781646729
batch1_0_127,1,6,"(1, 6)",0,16,5.138530731201172,7.051155090332031,0.0005170874646864831,0.0005171298980712891,4.243338480591774e-08,8.20555627593361e-05,1,0,0.02680654264986515,0.21258069574832916,0.028386862948536873,0.2231445014476776,0.001849830849096179,0.011436509899795055,0.03051825938746333,0.2310078414157033,-1.2079477310180664,-1.2074306011199951
batch1_0_127,1,6,"(1, 6)",0,17,5.008248329162598,7.037761688232422,0.0004554726183414459,0.0004553794860839844,9.313225746154785e-08,0.00020451570680628272,1,0,0.028386862948536873,0.2231445014476776,0.029961323365569115,0.23334389925003052,0.001854661270044744,0.01111030112951994,0.032372920657508075,0.24211814254522324,-1.1936323642730713,-1.1931769847869873
batch1_0_127,1,6,"(1, 6)",0,18,4.883824348449707,7.020565509796143,0.0003939814632758498,0.00039386749267578125,1.1397060006856918e-07,0.0002893627988801453,1,0,0.029961323365569115,0.23334389925003052,0.03152817487716675,0.24329128861427307,0.001851858221925795,0.010874197818338871,0.03422477887943387,0.2529923403635621,-1.1691035032272339,-1.168709635734558
batch1_0_127,1,6,"(1, 6)",0,19,4.7645416259765625,7.028077125549316,0.00032578487298451364,0.00032579898834228516,1.4115357771515846e-08,4.33253578942554e-05,1,0,0.03152817487716675,0.24329128861427307,0.03308649733662605,0.2529875636100769,0.0018485377077013254,0.010638969019055367,0.036073316587135196,0.2636313093826175,-1.144480586051941,-1.1441547870635986
batch1_0_127,1,6,"(1, 6)",0,20,4.650403022766113,7.035974502563477,0.0002596227277535945,0.0002593994140625,2.233136910945177e-07,0.000860887415268842,1,0,0.03308649733662605,0.2529875636100769,0.03463250771164894,0.2624299228191376,0.0018381252884864807,0.010404733009636402,0.037911441875621676,0.2740360423922539,-1.1321165561676025,-1.13185715675354
batch1_0_127,1,6,"(1, 6)",0,21,4.543588638305664,7.05806303024292,0.00019100646022707224,0.00019085407257080078,1.5238765627145767e-07,0.0007984511633354153,1,0,0.03463250771164894,0.2624299228191376,0.036164455115795135,0.27163925766944885,0.0018252662848681211,0.010188424959778786,0.0397367081604898,0.28422446735203266,-1.1207163333892822,-1.1205254793167114
batch1_0_127,1,6,"(1, 6)",0,22,4.439566612243652,7.0765604972839355,0.0001280979486182332,0.00012791156768798828,1.8638093024492264e-07,0.0014571077003727865,1,0,0.036164455115795135,0.27163925766944885,0.037676986306905746,0.2805963456630707,0.0018049200298264623,0.009946366772055626,0.04154162819031626,0.2941708341240883,-1.1073840856552124,-1.1072561740875244
batch1_0_127,1,6,"(1, 6)",0,23,4.341447830200195,7.073315620422363,7.55313885747455e-05,7.534027099609375e-05,1.9111757865175605e-07,0.0025367253943334653,1,0,0.037676986306905746,0.2805963456630707,0.0391690768301487,0.2892656624317169,0.0017827249830588698,0.009682479314506054,0.04332435317337513,0.30385331343859434,-1.1075547933578491,-1.107479453086853
batch1_0_127,1,6,"(1, 6)",0,24,4.247550010681152,7.082085609436035,2.0483261323533952e-05,2.0503997802734375e-05,2.0736479200422764e-08,0.0010113383448401162,1,0,0.0391690768301487,0.2892656624317169,0.04063733294606209,0.2975981831550598,0.0017569136107340455,0.009358125738799572,0.045081266784109175,0.3132114391773939,-1.108513355255127,-1.1084928512573242
batch1_0_127,1,6,"(1, 6)",0,25,4.157373428344727,7.086212635040283,-1.8232634829473682e-05,-1.8358230590820312e-05,1.2559576134663075e-07,0.006841387067522321,0,1,0.04063733294606209,0.2975981831550598,0.04207911342382431,0.3056197166442871,0.001724839094094932,0.009044618345797062,0.04680610587820411,0.322256057523191,-1.1106503009796143,-1.110668659210205
batch1_0_127,1,6,"(1, 6)",0,26,4.073968887329102,7.101303577423096,-5.0525191909400746e-05,-5.042552947998047e-05,9.966242942027748e-08,0.0019764280206486405,0,1,0.04207911342382431,0.3056197166442871,0.04349461942911148,0.31329119205474854,0.0016932524740695953,0.008696994744241238,0.0484993583522737,0.3309530522674322,-1.1088653802871704,-1.1089158058166504
batch1_0_127,1,6,"(1, 6)",0,27,3.998114585876465,7.122191905975342,-9.656145994085819e-05,-9.644031524658203e-05,1.2114469427615404e-07,0.0012561623628708281,0,1,0.04349461942911148,0.31329119205474854,0.04488297551870346,0.32066038250923157,0.0016602979740127921,0.008394356817007065,0.050159656326286495,0.3393474090844393,-1.1120719909667969,-1.1121684312820435
batch1_0_127,1,6,"(1, 6)",0,28,3.926785945892334,7.142854690551758,-0.00013232116180006415,-0.0001322031021118164,1.1805968824774027e-07,0.0008930175340960324,0,1,0.04488297551870346,0.32066038250923157,0.046242982149124146,0.32771167159080505,0.0016257867682725191,0.008071825839579105,0.051785443094559014,0.3474192349240184,-1.1135872602462769,-1.1137194633483887
batch1_0_127,1,6,"(1, 6)",0,29,3.8632729053497314,7.161628723144531,-0.0001721240987535566,-0.00017201900482177734,1.050939317792654e-07,0.0006109437261781011,0,1,0.046242982149124146,0.32771167159080505,0.047576166689395905,0.33448150753974915,0.0015917744021862745,0.007783138658851385,0.05337721749674529,0.35520237358286977,-1.1180356740951538,-1.1182076930999756
batch1_0_127,1,6,"(1, 6)",0,30,3.7984790802001953,7.17455530166626,-0.00020121557463426143,-0.00020134449005126953,1.2891541700810194e-07,0.0006402728824378331,0,1,0.047576166689395905,0.33448150753974915,0.04888102412223816,0.3409574031829834,0.0015565772773697972,0.00748157175257802,0.054933794774115086,0.3626839453354478,-1.1202198266983032,-1.1204211711883545
batch1_0_127,1,6,"(1, 6)",0,31,3.742863893508911,7.185217380523682,-0.00022576200717594475,-0.0002257823944091797,2.038723323494196e-08,9.029593865496304e-05,0,1,0.04888102412223816,0.3409574031829834,0.05015762895345688,0.3471662700176239,0.0015201647765934467,0.0072013153694570065,0.05645395955070853,0.3698852607049048,-1.1252086162567139,-1.125434398651123
batch1_0_127,1,6,"(1, 6)",0,32,3.6910247802734375,7.198943138122559,-0.0002579287684056908,-0.0002579689025878906,4.013418219983578e-08,0.00015557759790896488,0,1,0.05015762895345688,0.3471662700176239,0.05140647664666176,0.3531340956687927,0.0014846601989120245,0.006952966563403606,0.05793861974962056,0.3768382272683084,-1.1283493041992188,-1.1286072731018066
batch1_0_127,1,6,"(1, 6)",0,33,3.6428351402282715,7.211234092712402,-0.00028029995155520737,-0.0002803802490234375,8.029746823012829e-08,0.0002863877484587585,0,1,0.05140647664666176,0.3531340956687927,0.052628323435783386,0.3588853180408478,0.0014496948570013046,0.0067242844961583614,0.05938831460662186,0.38356251176446676,-1.1310350894927979,-1.1313154697418213
batch1_0_127,1,6,"(1, 6)",0,34,3.5981035232543945,7.220088005065918,-0.0002929457405116409,-0.0002930164337158203,7.069320417940617e-08,0.00024126020265459724,0,1,0.052628323435783386,0.3588853180408478,0.05382327735424042,0.36443832516670227,0.0014144089072942734,0.006512531079351902,0.060802723513916135,0.39007504284381866,-1.1312916278839111,-1.131584644317627
batch1_0_127,1,6,"(1, 6)",0,35,3.556471347808838,7.2286248207092285,-0.0003060809103772044,-0.00030612945556640625,4.854518920183182e-08,0.0001585773218457944,0,1,0.05382327735424042,0.36443832516670227,0.05499257519841194,0.3698127567768097,0.0013805866474285722,0.00631527416408062,0.06218331016134471,0.3963903170078993,-1.1370211839675903,-1.1373273134231567
batch1_0_127,1,6,"(1, 6)",0,36,3.5176048278808594,7.241292953491211,-0.0003209341666661203,-0.0003210306167602539,9.64500941336155e-08,0.00030043892731154844,0,1,0.05499257519841194,0.3698127567768097,0.056136470288038254,0.3750157356262207,0.0013475771993398666,0.006129055749624968,0.06353088736068457,0.40251937275752425,-1.1412044763565063,-1.1415255069732666
batch1_0_127,1,6,"(1, 6)",0,37,3.4813127517700195,7.258220195770264,-0.0003376428212504834,-0.0003377199172973633,7.709604687988758e-08,0.00022828398010060007,0,1,0.056136470288038254,0.3750157356262207,0.05725570023059845,0.3800620138645172,0.0013157962821424007,0.005956951528787613,0.06484668364282697,0.40847632428631186,-1.1475844383239746,-1.147922158241272
batch1_0_127,1,6,"(1, 6)",0,38,3.4464545249938965,7.26874303817749,-0.0003449479700066149,-0.0003451108932495117,1.6292324289679527e-07,0.0004720895401554404,0,1,0.05725570023059845,0.3800620138645172,0.05835014581680298,0.38494524359703064,0.001284065074287355,0.005780632607638836,0.06613074871711433,0.4142569568939507,-1.1499074697494507,-1.1502525806427002
batch1_0_127,1,6,"(1, 6)",0,39,3.412625312805176,7.284095287322998,-0.00035475834738463163,-0.0003548860549926758,1.277076080441475e-07,0.0003598552443735304,0,1,0.05835014581680298,0.38494524359703064,0.0594201534986496,0.3896767795085907,0.0012532862601801753,0.00561784440651536,0.0673840349772945,0.41987480130046606,-1.1537415981292725,-1.1540964841842651
batch1_0_127,1,7,"(1, 7)",1,0,8.120196342468262,8.138317108154297,0.0017929725581780076,0.0017925500869750977,4.2247120290994644e-07,0.00023568167270732193,1,0,0.0,0.0,0.002005163813009858,0.017349550500512123,0.002005163813009858,0.017349550500512123,0.002005163813009858,0.017349550500512123,-1.7365566492080688,-1.7347640991210938
batch1_0_127,1,7,"(1, 7)",1,1,7.80638313293457,7.903201103210449,0.0015369224129244685,0.0015366077423095703,3.146706148982048e-07,0.000204782656128782,1,0,0.002005163813009858,0.017349550500512123,0.003936412278562784,0.03430504724383354,0.001937163877300918,0.016982819885015488,0.003942327690310776,0.03433237038552761,-1.5748400688171387,-1.573303461074829
batch1_0_127,1,7,"(1, 7)",1,2,7.5200958251953125,7.710506916046143,0.0013780932640656829,0.0013779401779174805,1.5308614820241928e-07,0.00011109781879920408,1,0,0.003936412278562784,0.03430504724383354,0.005798181518912315,0.050865571945905685,0.001878066803328693,0.01663571409881115,0.005820394493639469,0.05096808448433876,-1.4913228750228882,-1.4899449348449707
batch1_0_127,1,7,"(1, 7)",1,3,7.230184078216553,7.524929523468018,0.0012279400834813714,0.001227736473083496,2.03610397875309e-07,0.00016584210238858142,1,0,0.005798181518912315,0.050865571945905685,0.007592254318296909,0.0667077898979187,0.0018285078695043921,0.01598706655204296,0.007648902363143861,0.06695515103638172,-1.3920811414718628,-1.3908534049987793
batch1_0_127,1,7,"(1, 7)",1,4,6.970952033996582,7.36968469619751,0.001104815280996263,0.0011047124862670898,1.0279472917318344e-07,9.305111551742743e-05,1,0,0.007592254318296909,0.0667077898979187,0.00932861864566803,0.08178868889808655,0.001792124705389142,0.015313180163502693,0.009441027068533003,0.08226833119988441,-1.3202956914901733,-1.3191909790039062
batch1_0_127,1,7,"(1, 7)",1,5,6.739316940307617,7.27219820022583,0.0009808678878471255,0.0009808540344238281,1.3853423297405243e-08,1.4123837809917356e-05,1,0,0.00932861864566803,0.08178868889808655,0.011015230789780617,0.09594695270061493,0.0017656493000686169,0.014500419609248638,0.01120667636860162,0.09676875080913305,-1.255744218826294,-1.2547633647918701
batch1_0_127,1,7,"(1, 7)",1,6,6.535994529724121,7.213498592376709,0.0008471477776765823,0.0008471012115478516,4.6566128730773926e-08,5.497115113988179e-05,1,0,0.011015230789780617,0.09594695270061493,0.012663237750530243,0.10915906727313995,0.0017520004184916615,0.01370365358889103,0.012958676787093282,0.11047240439802408,-1.1728483438491821,-1.1720012426376343
batch1_0_127,1,7,"(1, 7)",1,7,6.347003936767578,7.1825995445251465,0.0007399794994853437,0.0007399320602416992,4.743924364447594e-08,6.411297224907362e-05,1,0,0.012663237750530243,0.10915906727313995,0.014287712052464485,0.12164541333913803,0.0017498437082394958,0.013116957619786263,0.014708520495332778,0.12358936201781034,-1.1261967420578003,-1.1254568099975586
batch1_0_127,1,7,"(1, 7)",1,8,6.1778974533081055,7.175241947174072,0.000646265281829983,0.0006463527679443359,8.748611435294151e-08,0.00013535350770011066,1,0,0.014287712052464485,0.12164541333913803,0.01589863933622837,0.13355709612369537,0.0017567833419889212,0.012670809403061867,0.0164653038373217,0.1362601714208722,-1.0954492092132568,-1.0948028564453125
batch1_0_127,1,7,"(1, 7)",1,9,6.016461372375488,7.173665523529053,0.0005683021154254675,0.0005681514739990234,1.5064142644405365e-07,0.0002651430707091901,1,0,0.01589863933622837,0.13355709612369537,0.017504913732409477,0.1449747234582901,0.0017688835505396128,0.012261268682777882,0.01823418738786131,0.1485214401036501,-1.068774700164795,-1.068206548690796
batch1_0_127,1,7,"(1, 7)",1,10,5.8595051765441895,7.189687252044678,0.0005019658710807562,0.0005018711090087891,9.476207196712494e-08,0.00018881754750593824,1,0,0.017504913732409477,0.1449747234582901,0.019113169983029366,0.15599393844604492,0.0017835610779002309,0.011926811188459396,0.020017748465761542,0.1604482512921095,-1.0506179332733154,-1.0501160621643066
batch1_0_127,1,7,"(1, 7)",1,11,5.722458362579346,7.196396350860596,0.00043576047755777836,0.00043570995330810547,5.052424967288971e-08,0.00011595844733242134,1,0,0.019113169983029366,0.15599393844604492,0.020727934315800667,0.16676560044288635,0.0018004640005528927,0.011699404567480087,0.021818212466314435,0.17214765585958958,-1.0237265825271606,-1.0232908725738525
batch1_0_127,1,7,"(1, 7)",1,12,5.588011741638184,7.205759525299072,0.00037076338776387274,0.0003706216812133789,1.417065504938364e-07,0.00038234824802991314,1,0,0.020727934315800667,0.16676560044288635,0.02234901301562786,0.17723338305950165,0.0018162891501560807,0.01140881609171629,0.023634501616470516,0.18355647195130587,-0.9962328672409058,-0.9958622455596924
batch1_0_127,1,7,"(1, 7)",1,13,5.46437931060791,7.210244178771973,0.0003037578717339784,0.0003037452697753906,1.2601958587765694e-08,4.1488575598508635e-05,1,0,0.02234901301562786,0.17723338305950165,0.023975562304258347,0.18743038177490234,0.00183124840259552,0.011178327724337578,0.025465750019066036,0.19473479967564344,-0.9607676267623901,-0.9604638814926147
batch1_0_127,1,7,"(1, 7)",1,14,5.34306001663208,7.235422134399414,0.00024197403399739414,0.00024187564849853516,9.838549885898829e-08,0.00040676066181000495,1,0,0.023975562304258347,0.18743038177490234,0.02560609020292759,0.19733840227127075,0.0018416979582980275,0.010900325141847134,0.027307447977364063,0.20563512481749058,-0.9442311525344849,-0.9439892768859863
batch1_0_127,1,7,"(1, 7)",1,15,5.222768306732178,7.2569193840026855,0.00018448919581715018,0.00018447637557983398,1.2820237316191196e-08,6.949527968497577e-05,1,0,0.02560609020292759,0.19733840227127075,0.027235636487603188,0.2069455236196518,0.0018459720304235816,0.010616241954267025,0.029153420007787645,0.2162513667717576,-0.9302071928977966,-0.9300227165222168
batch1_0_127,1,7,"(1, 7)",1,16,5.108354568481445,7.2748541831970215,0.00013288519403431565,0.0001327991485595703,8.60454747453332e-08,0.0006479369459717235,1,0,0.027235636487603188,0.2069455236196518,0.028866006061434746,0.21631117165088654,0.0018508820794522762,0.010405173525214195,0.03100430208723992,0.2266565402969718,-0.9043911695480347,-0.9042583703994751
batch1_0_127,1,7,"(1, 7)",1,17,4.999086380004883,7.308716773986816,8.410165173700079e-05,8.404254913330078e-05,5.910260370001197e-08,0.0007032462045656029,1,0,0.028866006061434746,0.21631117165088654,0.030493687838315964,0.22548425197601318,0.0018508246866986156,0.010228418745100498,0.03285512677393854,0.2368849590420723,-0.8921926021575928,-0.8921085596084595
batch1_0_127,1,7,"(1, 7)",1,18,4.893920421600342,7.328640937805176,4.281939982320182e-05,4.279613494873047e-05,2.3264874471351504e-08,0.000543620925095752,1,0,0.030493687838315964,0.22548425197601318,0.032117974013090134,0.23449604213237762,0.0018488445784896612,0.0100792171433568,0.0347039713524282,0.2469641761854291,-0.8790972828865051,-0.8790544867515564
batch1_0_127,1,7,"(1, 7)",1,19,4.792439937591553,7.3611884117126465,5.991869329591282e-06,6.079673767089844e-06,8.780443749856204e-08,0.01444229425168505,1,0,0.032117974013090134,0.23449604213237762,0.03373444080352783,0.24328377842903137,0.0018400107510387897,0.009864657185971737,0.03654398210346699,0.25682883337140083,-0.8756421804428101,-0.875636100769043
batch1_0_127,1,7,"(1, 7)",1,20,4.694483757019043,7.387030124664307,-3.205760367563926e-05,-3.2067298889160156e-05,9.695213520899415e-09,0.0003023395751045539,0,1,0.03373444080352783,0.24328377842903137,0.03534211590886116,0.2519104778766632,0.001830753404647112,0.009710540995001793,0.0383747355081141,0.2665393743664026,-0.8716983795166016,-0.8717304468154907
batch1_0_127,1,7,"(1, 7)",1,21,4.5966925621032715,7.416568756103516,-6.265443516895175e-05,-6.270408630371094e-05,4.96511347591877e-08,0.0007918325213878327,0,1,0.03534211590886116,0.2519104778766632,0.036938175559043884,0.26036080718040466,0.0018172228010371327,0.00953128095716238,0.04019195830915123,0.276070655323565,-0.8755472898483276,-0.8756099939346313
batch1_0_127,1,7,"(1, 7)",1,22,4.506209850311279,7.442354202270508,-0.00010972254676744342,-0.00010973215103149414,9.604264050722122e-09,8.752461298207495e-05,0,1,0.036938175559043884,0.26036080718040466,0.038519058376550674,0.2686021625995636,0.0018022229196503758,0.009352962486445904,0.04199418122880161,0.2854236178100109,-0.8827131986618042,-0.8828229308128357
batch1_0_127,1,7,"(1, 7)",1,23,4.420064926147461,7.468873977661133,-0.00013879772450309247,-0.00013887882232666016,8.109782356768847e-08,0.0005839466537017168,0,1,0.038519058376550674,0.2686021625995636,0.040082935243844986,0.2766723036766052,0.0017821973888203502,0.00917380303144455,0.04377637861762196,0.29459742084145546,-0.8793094158172607,-0.8794482946395874
batch1_0_127,1,7,"(1, 7)",1,24,4.335875511169434,7.521896839141846,-0.00017219327855855227,-0.00017219781875610352,4.540197551250458e-09,2.636617341640706e-05,0,1,0.040082935243844986,0.2766723036766052,0.041626445949077606,0.2845548689365387,0.0017585244495421648,0.008975770324468613,0.04553490306716412,0.3035731911659241,-0.877199113368988,-0.8773713111877441
batch1_0_127,1,7,"(1, 7)",1,25,4.25604248046875,7.563586235046387,-0.00020065007265657187,-0.00020062923431396484,2.0838342607021332e-08,0.00010386493612596554,0,1,0.041626445949077606,0.2845548689365387,0.04314640909433365,0.29224058985710144,0.0017318340251222253,0.008763082325458527,0.04726673709228635,0.3123362734913826,-0.8789156675338745,-0.8791162967681885
batch1_0_127,1,7,"(1, 7)",1,26,4.178069114685059,7.598918914794922,-0.0002269440155941993,-0.0002269744873046875,3.047171048820019e-08,0.00013425169872636556,0,1,0.04314640909433365,0.29224058985710144,0.04463973641395569,0.2997141480445862,0.00170205591712147,0.008538994938135147,0.04896879300940782,0.32087526842951775,-0.8810522556304932,-0.8812792301177979
batch1_0_127,1,7,"(1, 7)",1,27,4.103457927703857,7.6256103515625,-0.00025269531761296093,-0.00025272369384765625,2.837623469531536e-08,0.00011228165536556603,0,1,0.04463973641395569,0.2997141480445862,0.046105947345495224,0.3069964647293091,0.0016715875826776028,0.008334536105394363,0.05064038059208542,0.3292098045349121,-0.8862282037734985,-0.8864809274673462
batch1_0_127,1,7,"(1, 7)",1,28,4.034201622009277,7.650511264801025,-0.0002720290212891996,-0.0002720952033996582,6.618211045861244e-08,0.00024323144852135816,0,1,0.046105947345495224,0.3069964647293091,0.04754432663321495,0.3140791356563568,0.0016394337872043252,0.008116869255900383,0.052279814379289746,0.3373266737908125,-0.8921880722045898,-0.8924601674079895
batch1_0_127,1,7,"(1, 7)",1,29,3.9686810970306396,7.68576717376709,-0.00029292897670529783,-0.0002929568290710449,2.7852365747094154e-08,9.507327695829095e-05,0,1,0.04754432663321495,0.3140791356563568,0.04895457997918129,0.32095110416412354,0.0016071520512923598,0.007896237075328827,0.053886966430582106,0.3452229108661413,-0.8969883918762207,-0.8972813487052917
batch1_0_127,1,7,"(1, 7)",1,30,3.903900384902954,7.716577529907227,-0.00031184375984594226,-0.00031197071075439453,1.2695090845227242e-07,0.0004069321384218571,0,1,0.04895457997918129,0.32095110416412354,0.050334375351667404,0.3275851905345917,0.001572537119500339,0.007650177460163832,0.055459503550082445,0.35287308832630515,-0.8989078402519226,-0.899219810962677
batch1_0_127,1,7,"(1, 7)",1,31,3.845519781112671,7.745736598968506,-0.00032731896499171853,-0.0003273487091064453,2.9744114726781845e-08,9.086369947195921e-05,0,1,0.050334375351667404,0.3275851905345917,0.0516839362680912,0.3340202569961548,0.0015379551332443953,0.007434596307575703,0.05699745868332684,0.36030768463388085,-0.9005798697471619,-0.9009072184562683
batch1_0_127,1,7,"(1, 7)",1,32,3.790595054626465,7.768710136413574,-0.0003519353922456503,-0.00035196542739868164,3.003515303134918e-08,8.533552074513124e-05,0,1,0.0516839362680912,0.3340202569961548,0.05300417169928551,0.3402663469314575,0.00150513113476336,0.007230073679238558,0.0585025898180902,0.3675377583131194,-0.9097436666488647,-0.9100956320762634
batch1_0_127,1,7,"(1, 7)",1,33,3.7406084537506104,7.81605339050293,-0.0003601986973080784,-0.00036019086837768555,7.828930392861366e-09,2.1735504923051464e-05,0,1,0.05300417169928551,0.3402663469314575,0.05429595336318016,0.34634554386138916,0.0014717418234795332,0.007043528836220503,0.059974331641569734,0.3745812871493399,-0.910011351108551,-0.9103715419769287
batch1_0_127,1,7,"(1, 7)",1,34,3.6906919479370117,7.831401824951172,-0.0003649120044428855,-0.0003650188446044922,1.0684016160666943e-07,0.00029269765982201177,0,1,0.05429595336318016,0.34634554386138916,0.055558882653713226,0.35227060317993164,0.0014384161913767457,0.006863025017082691,0.06141274783294648,0.3814443121664226,-0.917352020740509,-0.9177170395851135
batch1_0_127,1,7,"(1, 7)",1,35,3.641659736633301,7.846402168273926,-0.0003727096482180059,-0.0003727078437805176,1.8044374883174896e-09,4.841426115464577e-06,0,1,0.055558882653713226,0.35227060317993164,0.05679157376289368,0.3580157458782196,0.0014040793757885695,0.006673263851553202,0.06281682720873505,0.3881175760179758,-0.9233596920967102,-0.9237323999404907
batch1_0_127,1,7,"(1, 7)",1,36,3.5947415828704834,7.857598781585693,-0.0003791043418459594,-0.0003790855407714844,1.8801074475049973e-08,4.959586281446541e-05,0,1,0.05679157376289368,0.3580157458782196,0.05799373611807823,0.3635825514793396,0.0013696982059627771,0.006480448879301548,0.06418652541469783,0.39459802489727736,-0.9284801483154297,-0.9288592338562012
batch1_0_127,1,7,"(1, 7)",1,37,3.5519723892211914,7.875390529632568,-0.00038785385549999774,-0.0003879666328430176,1.127773430198431e-07,0.00029068825376401907,0,1,0.05799373611807823,0.3635825514793396,0.05916642025113106,0.3689885437488556,0.0013366015627980232,0.006303997710347176,0.06552312697749585,0.40090202260762453,-0.9410176873207092,-0.9414056539535522
batch1_0_127,1,7,"(1, 7)",1,38,3.511899948120117,7.886345386505127,-0.0003908125218003988,-0.00039082765579223633,1.5133991837501526e-08,3.872292969345737e-05,0,1,0.05916642025113106,0.3689885437488556,0.06030958518385887,0.37423232197761536,0.001303233322687447,0.006123998202383518,0.0668263603001833,0.40702602081000805,-0.9459493160247803,-0.9463401436805725
batch1_0_127,1,7,"(1, 7)",1,39,3.473923444747925,7.894282341003418,-0.00039532879600301385,-0.000395357608795166,2.8812792152166367e-08,7.287779850746268e-05,0,1,0.06030958518385887,0.37423232197761536,0.06142456829547882,0.3793330490589142,0.001271341578103602,0.005957468878477812,0.0680977018782869,0.41298348968848586,-0.9552156925201416,-0.9556110501289368
batch1_0_127,2,3,"(2, 3)",0,0,8.699076652526855,8.138317108154297,0.0014114556834101677,0.0014113187789916992,1.3690441846847534e-07,9.700460342934369e-05,1,0,0.0,0.0,0.0019497907487675548,0.016878686845302582,0.0019497907487675548,0.016878686845302582,0.0019497907487675548,0.016878686845302582,-1.478292465209961,-1.4768811464309692
batch1_0_127,2,3,"(2, 3)",0,1,8.402780532836914,7.9381208419799805,0.0013459828915074468,0.0013457536697387695,2.2922176867723465e-07,0.00017032966272477633,1,0,0.0019497907487675548,0.016878686845302582,0.0038622987922281027,0.03339044749736786,0.001917702262289822,0.016539940610527992,0.003867493011057377,0.033418627455830574,-1.4607818126678467,-1.459436058998108
batch1_0_127,2,3,"(2, 3)",0,2,8.131019592285156,7.763874530792236,0.0012573371641337872,0.0012570619583129883,2.752058207988739e-07,0.0002189278093883357,1,0,0.0038622987922281027,0.03339044749736786,0.005732160992920399,0.049215756356716156,0.001884801429696381,0.015898382291197777,0.005752294440753758,0.04931700974702835,-1.4280869960784912,-1.4268299341201782
batch1_0_127,2,3,"(2, 3)",0,3,7.881000518798828,7.60947847366333,0.0011702630436047912,0.0011701583862304688,1.046573743224144e-07,8.94386397208639e-05,1,0,0.005732160992920399,0.049215756356716156,0.007560948841273785,0.06421615183353424,0.0018574112327769399,0.015144149772822857,0.007609705673530698,0.06446115951985121,-1.4003134965896606,-1.3991433382034302
batch1_0_127,2,3,"(2, 3)",0,4,7.658109664916992,7.470104694366455,0.0010848798556253314,0.0010848045349121094,7.532071322202682e-08,6.943252060439561e-05,1,0,0.007560948841273785,0.06421615183353424,0.009356135502457619,0.07831162214279175,0.001839607721194625,0.014329008758068085,0.009449313394725323,0.07879016827791929,-1.370187759399414,-1.369102954864502
batch1_0_127,2,3,"(2, 3)",0,5,7.45393705368042,7.330672740936279,0.0010032510617747903,0.0010030269622802734,2.2409949451684952e-07,0.00022342320091514142,1,0,0.009356135502457619,0.07831162214279175,0.011125716380774975,0.09179770201444626,0.00183080043643713,0.013802841305732727,0.011280113831162453,0.09259300958365202,-1.3351833820343018,-1.3341803550720215
batch1_0_127,2,3,"(2, 3)",0,6,7.267726898193359,7.214923858642578,0.0009333890629932284,0.0009334087371826172,1.9674189388751984e-08,2.107778575989783e-05,1,0,0.011125716380774975,0.09179770201444626,0.012875191867351532,0.10449608415365219,0.0018284827237948775,0.013129926286637783,0.01310859655495733,0.1057229358702898,-1.3094406127929688,-1.3085072040557861
batch1_0_127,2,3,"(2, 3)",0,7,7.094761848449707,7.102025985717773,0.0008643096080049872,0.0008641481399536133,1.614680513739586e-07,0.0001868522813491516,1,0,0.012875191867351532,0.10449608415365219,0.0146095659583807,0.1164899617433548,0.001831387053243816,0.0125462356954813,0.014939983608201146,0.1182691715657711,-1.2710403203964233,-1.2701761722564697
batch1_0_127,2,3,"(2, 3)",0,8,6.942044258117676,7.034631729125977,0.0008058673120103776,0.000805974006652832,1.0669464245438576e-07,0.00013237975613814525,1,0,0.0146095659583807,0.1164899617433548,0.01633756421506405,0.12790906429290771,0.0018435749225318432,0.012139730155467987,0.01678355853073299,0.1304089017212391,-1.2455440759658813,-1.2447381019592285
batch1_0_127,2,3,"(2, 3)",0,9,6.796393394470215,6.9708452224731445,0.0007477421895600855,0.0007476806640625,6.152549758553505e-08,8.228846958705358e-05,1,0,0.01633756421506405,0.12790906429290771,0.018061727285385132,0.13883626461029053,0.001854709000326693,0.01173784863203764,0.018638267531059682,0.14214675035327673,-1.2284080982208252,-1.2276604175567627
batch1_0_127,2,3,"(2, 3)",0,10,6.657314300537109,6.909730434417725,0.0006987863453105092,0.0006988048553466797,1.8510036170482635e-08,2.6488133316274308e-05,1,0,0.018061727285385132,0.13883626461029053,0.019786307588219643,0.1492874026298523,0.0018670586869120598,0.01134119089692831,0.020505326217971742,0.15348794125020504,-1.2146203517913818,-1.2139215469360352
batch1_0_127,2,3,"(2, 3)",0,11,6.5315775871276855,6.847972869873047,0.0006630445714108646,0.0006630420684814453,2.5029294192790985e-09,3.7749179701546206e-06,1,0,0.019786307588219643,0.1492874026298523,0.021515613421797752,0.1593426913022995,0.0018800841644406319,0.011031657457351685,0.022385410382412374,0.16451959870755672,-1.1963750123977661,-1.1957119703292847
batch1_0_127,2,3,"(2, 3)",0,12,6.410702705383301,6.805694580078125,0.0006297972868196666,0.0006297826766967773,1.461012288928032e-08,2.31986738122279e-05,1,0,0.021515613421797752,0.1593426913022995,0.023252729326486588,0.16911281645298004,0.0018967428477481008,0.010845203883945942,0.024282153230160475,0.17536480259150267,-1.1773313283920288,-1.176701545715332
batch1_0_127,2,3,"(2, 3)",0,13,6.293819427490234,6.75937557220459,0.0005941703566350043,0.0005941390991210938,3.1257513910532e-08,5.2609757473916535e-05,1,0,0.023252729326486588,0.16911281645298004,0.024999679997563362,0.178681880235672,0.0019120651995763183,0.01068599708378315,0.026194218429736793,0.18605079967528582,-1.1570638418197632,-1.156469702720642
batch1_0_127,2,3,"(2, 3)",0,14,6.177928924560547,6.695644855499268,0.000557930557988584,0.0005577802658081055,1.5029218047857285e-07,0.0002694469304338534,1,0,0.024999679997563362,0.178681880235672,0.026754774153232574,0.18801936507225037,0.0019278130494058132,0.010511205531656742,0.028122031479142606,0.19656200520694256,-1.1306521892547607,-1.1300944089889526
batch1_0_127,2,3,"(2, 3)",0,15,6.06545352935791,6.657891273498535,0.000526650226674974,0.0005265474319458008,1.0279472917318344e-07,0.00019522406327824316,1,0,0.026754774153232574,0.18801936507225037,0.02851909212768078,0.19711461663246155,0.0019433273700997233,0.010305516421794891,0.03006535884924233,0.20686752162873745,-1.1186258792877197,-1.118099331855774
batch1_0_127,2,3,"(2, 3)",0,16,5.95960807800293,6.623016834259033,0.0004912280128337443,0.0004911422729492188,8.573988452553749e-08,0.00017457239836165048,1,0,0.02851909212768078,0.19711461663246155,0.030291248112916946,0.20594848692417145,0.0019564926624298096,0.010082783177495003,0.03202185151167214,0.21695030480623245,-1.1005833148956299,-1.1000921726226807
batch1_0_127,2,3,"(2, 3)",0,17,5.856807708740234,6.589731216430664,0.0004678831319324672,0.0004677772521972656,1.0587973520159721e-07,0.00022634648158766565,1,0,0.030291248112916946,0.20594848692417145,0.032074276357889175,0.21456359326839447,0.0019718618132174015,0.009939586743712425,0.03399371332488954,0.22688989154994488,-1.0888524055480957,-1.0883846282958984
batch1_0_127,2,3,"(2, 3)",0,18,5.755460262298584,6.565123558044434,0.00043981330236420035,0.00043976306915283203,5.023321136832237e-08,0.00011422789882081865,1,0,0.032074276357889175,0.21456359326839447,0.033866554498672485,0.22303764522075653,0.0019833603873848915,0.009838130325078964,0.03597707371227443,0.23672802187502384,-1.0717952251434326,-1.0713554620742798
batch1_0_127,2,3,"(2, 3)",0,19,5.6593732833862305,6.5421223640441895,0.0004206818121019751,0.0004208087921142578,1.2698001228272915e-07,0.0003017522795679887,1,0,0.033866554498672485,0.22303764522075653,0.03566914424300194,0.23144924640655518,0.0019953653682023287,0.009781382977962494,0.03797243908047676,0.24650940485298634,-1.0565898418426514,-1.056169033050537
batch1_0_127,2,3,"(2, 3)",0,20,5.561882972717285,6.52334451675415,0.00038658600533381104,0.0003864765167236328,1.0948861017823219e-07,0.0002832995161165947,1,0,0.03566914424300194,0.23144924640655518,0.03747926652431488,0.23980998992919922,0.0020050196908414364,0.00972290150821209,0.0399774587713182,0.2562323063611984,-1.04243803024292,-1.0420515537261963
batch1_0_127,2,3,"(2, 3)",0,21,5.464721202850342,6.497888565063477,0.0003610062412917614,0.0003609657287597656,4.0512531995773315e-08,0.00011223373513870541,1,0,0.03747926652431488,0.23980998992919922,0.039295706897974014,0.24818217754364014,0.0020131967030465603,0.009714504703879356,0.04199065547436476,0.2659468110650778,-1.03678560256958,-1.0364246368408203
batch1_0_127,2,3,"(2, 3)",0,22,5.369041442871094,6.472201347351074,0.00033180328318849206,0.0003317594528198242,4.383036866784096e-08,0.00013211490522817103,1,0,0.039295706897974014,0.24818217754364014,0.041118308901786804,0.2565224766731262,0.0020219094585627317,0.00967930443584919,0.04401256493292749,0.27562611550092697,-1.0224790573120117,-1.022147297859192
batch1_0_127,2,3,"(2, 3)",0,23,5.280673027038574,6.447752952575684,0.00031251402106136084,0.00031244754791259766,6.647314876317978e-08,0.00021274978538725678,1,0,0.041118308901786804,0.2565224766731262,0.04294557496905327,0.26490941643714905,0.00202864408493042,0.009703760966658592,0.04604120901785791,0.28532987646758556,-1.0060467720031738,-1.0057343244552612
batch1_0_127,2,3,"(2, 3)",0,24,5.184946060180664,6.42914342880249,0.0002961155551020056,0.0002961158752441406,3.2014213502407074e-10,1.0811380334138486e-06,1,0,0.04294557496905327,0.26490941643714905,0.04477139189839363,0.27326110005378723,0.0020293702837079763,0.009648428298532963,0.048070579301565886,0.2949783047661185,-1.0010123252868652,-1.000716209411621
batch1_0_127,2,3,"(2, 3)",0,25,5.08884859085083,6.428149700164795,0.000285938149318099,0.00028586387634277344,7.427297532558441e-08,0.00025981938073394497,1,0,0.04477139189839363,0.27326110005378723,0.0465959757566452,0.28156840801239014,0.0020296552684158087,0.009595937095582485,0.050100234569981694,0.304574241861701,-1.0087578296661377,-1.008471965789795
batch1_0_127,2,3,"(2, 3)",0,26,4.993207931518555,6.413820266723633,0.0002446852740831673,0.0002446174621582031,6.781192496418953e-08,0.0002772162067495127,1,0,0.0465959757566452,0.28156840801239014,0.048414602875709534,0.2897711396217346,0.0020293532870709896,0.009536595083773136,0.052129587857052684,0.31411083694547415,-0.9926192760467529,-0.9923746585845947
batch1_0_127,2,3,"(2, 3)",0,27,4.900510787963867,6.412350177764893,0.0002158418792532757,0.00021576881408691406,7.306516636162996e-08,0.0003386270934046961,1,0,0.048414602875709534,0.2897711396217346,0.05022701621055603,0.29786917567253113,0.0020263004116714,0.009419402107596397,0.054155888268724084,0.32353023905307055,-0.9812926650047302,-0.9810768961906433
batch1_0_127,2,3,"(2, 3)",0,28,4.810812473297119,6.416012287139893,0.00019046530360355973,0.00019043684005737305,2.8463546186685562e-08,0.00014946449530516432,1,0,0.05022701621055603,0.29786917567253113,0.05202993005514145,0.3058631122112274,0.0020185746252536774,0.00931127555668354,0.05617446289397776,0.3328415146097541,-0.9795244336128235,-0.9793339967727661
batch1_0_127,2,3,"(2, 3)",0,29,4.720917224884033,6.410664081573486,0.0001632761996006593,0.00016325712203979492,1.9077560864388943e-08,0.00011685591799014239,1,0,0.05202993005514145,0.3058631122112274,0.05382223799824715,0.313729465007782,0.0020100895781069994,0.009169872850179672,0.05818455247208476,0.34201138745993376,-0.981914758682251,-0.9817515015602112
batch1_0_127,2,3,"(2, 3)",0,30,4.638572692871094,6.410171031951904,0.00013784441398456693,0.00013780593872070312,3.8475263863801956e-08,0.00027919888083910037,1,0,0.05382223799824715,0.313729465007782,0.0556027777493,0.32146233320236206,0.0020010764710605145,0.009025092236697674,0.060185628943145275,0.35103647969663143,-0.9890625476837158,-0.9889247417449951
batch1_0_127,2,3,"(2, 3)",0,31,4.559063911437988,6.415550231933594,0.0001186818553833291,0.00011849403381347656,1.8782156985253096e-07,0.001585071955168511,1,0,0.0556027777493,0.32146233320236206,0.057369165122509,0.3290908634662628,0.001989629352465272,0.008909841068089008,0.06217525829561055,0.35994632076472044,-1.0086095333099365,-1.008491039276123
batch1_0_127,2,3,"(2, 3)",0,32,4.476011276245117,6.4091796875,7.275983080035076e-05,7.283687591552734e-05,7.70451151765883e-08,0.0010577762185454173,1,0,0.057369165122509,0.3290908634662628,0.05911907181143761,0.3365107476711273,0.0019755063112825155,0.008701693266630173,0.06415076460689306,0.3686480140313506,-1.0127310752868652,-1.0126582384109497
batch1_0_127,2,3,"(2, 3)",0,33,4.39887809753418,6.41391658782959,5.075051376479678e-05,5.066394805908203e-05,8.656570571474731e-08,0.0017086253446691175,1,0,0.05911907181143761,0.3365107476711273,0.06085272505879402,0.34379059076309204,0.0019605050329118967,0.008549935184419155,0.06611126963980496,0.37719794921576977,-1.0221483707427979,-1.0220977067947388
batch1_0_127,2,3,"(2, 3)",0,34,4.326004505157471,6.421820163726807,2.7805232093669474e-05,2.777576446533203e-05,2.9467628337442875e-08,0.0010609115142167383,1,0,0.06085272505879402,0.34379059076309204,0.06256899982690811,0.3508950471878052,0.001944652758538723,0.008373464457690716,0.06805592239834368,0.3855714136734605,-1.0438475608825684,-1.043819785118103
batch1_0_127,2,3,"(2, 3)",0,35,4.254910945892334,6.435335159301758,7.537781584687764e-06,7.62939453125e-06,9.161294656223617e-08,0.01200789213180542,1,0,0.06256899982690811,0.3508950471878052,0.06426382809877396,0.35782739520072937,0.001924560172483325,0.008200675249099731,0.06998048257082701,0.3937720889225602,-1.0579228401184082,-1.057915210723877
batch1_0_127,2,3,"(2, 3)",0,36,4.187358379364014,6.455896377563477,-2.2455513317254372e-05,-2.2411346435546875e-05,4.416688170749694e-08,0.0019707375384391624,0,1,0.06426382809877396,0.35782739520072937,0.06593862920999527,0.3646020293235779,0.001907005556859076,0.008049169555306435,0.07188748812768608,0.40182125847786665,-1.0956898927688599,-1.0957123041152954
batch1_0_127,2,3,"(2, 3)",0,37,4.122416019439697,6.467841148376465,-4.8364789108745754e-05,-4.839897155761719e-05,3.4182448871433735e-08,0.0007062639508928571,0,1,0.06593862920999527,0.3646020293235779,0.0675918236374855,0.3712069094181061,0.0018863044679164886,0.007884501479566097,0.07377379259560257,0.40970575995743275,-1.124021053314209,-1.1240694522857666
batch1_0_127,2,3,"(2, 3)",0,38,4.059388160705566,6.483994960784912,-6.350324838422239e-05,-6.35385513305664e-05,3.530294634401798e-08,0.0005556145931050657,0,1,0.0675918236374855,0.3712069094181061,0.06922083348035812,0.37764444947242737,0.0018624579533934593,0.007703143171966076,0.07563625054899603,0.4174089031293988,-1.1556131839752197,-1.1556767225265503
batch1_0_127,2,3,"(2, 3)",0,39,4.000295162200928,6.4956440925598145,-8.335173333762214e-05,-8.344650268554688e-05,9.476934792473912e-08,0.0011356898716517857,0,1,0.06922083348035812,0.37764444947242737,0.07082546502351761,0.3839111030101776,0.001836935756728053,0.007524723187088966,0.07747318630572408,0.4249336263164878,-1.178299069404602,-1.1783825159072876
batch1_0_127,2,4,"(2, 4)",0,0,8.786985397338867,8.138317108154297,0.002211368177086115,0.002210855484008789,5.126930773258209e-07,0.00023189805079262374,1,0,0.0,0.0,0.0018895086832344532,0.016771327704191208,0.0018895086832344532,0.016771327704191208,0.0018895086832344532,0.016771327704191208,-2.387809991836548,-2.385599136352539
batch1_0_127,2,4,"(2, 4)",0,1,8.49443244934082,7.926863193511963,0.0019453378627076745,0.0019450187683105469,3.190943971276283e-07,0.0001640572329308654,1,0,0.0018895086832344532,0.016771327704191208,0.0037517095915973186,0.033456169068813324,0.0018676102627068758,0.01670987717807293,0.003757118945941329,0.03348120488226414,-2.2218575477600098,-2.219912528991699
batch1_0_127,2,4,"(2, 4)",0,2,8.219583511352539,7.758321285247803,0.0016939659835770726,0.0016937255859375,2.403976395726204e-07,0.00014193423159487612,1,0,0.0037517095915973186,0.033456169068813324,0.005574663635343313,0.04952247813344002,0.0018388553289696574,0.016125734895467758,0.005595974274910986,0.049606939777731895,-2.0672659873962402,-2.0655722618103027
batch1_0_127,2,4,"(2, 4)",0,3,7.963159084320068,7.605305194854736,0.0014907392906025052,0.0014905929565429688,1.4633405953645706e-07,9.817171005278311e-05,1,0,0.005574663635343313,0.04952247813344002,0.007361538242548704,0.06478824466466904,0.0018182125641033053,0.015392095781862736,0.007414186839014292,0.06499903555959463,-1.9499192237854004,-1.9484286308288574
batch1_0_127,2,4,"(2, 4)",0,4,7.728786468505859,7.440206050872803,0.0012922463938593864,0.0012919902801513672,2.561137080192566e-07,0.00019823191548256136,1,0,0.007361538242548704,0.06478824466466904,0.009111070074141026,0.07890002429485321,0.0018030342180281878,0.014346059411764145,0.00921722105704248,0.07934509497135878,-1.83370041847229,-1.8324084281921387
batch1_0_127,2,4,"(2, 4)",0,5,7.53550386428833,7.301437854766846,0.001143834087997675,0.0011436939239501953,1.4016404747962952e-07,0.0001225538096727121,1,0,0.009111070074141026,0.07890002429485321,0.010840397328138351,0.09204625338315964,0.0018052156083285809,0.013500802218914032,0.01102243666537106,0.09284589719027281,-1.7478973865509033,-1.7467536926269531
batch1_0_127,2,4,"(2, 4)",0,6,7.35731315612793,7.190544128417969,0.0010549610015004873,0.0010548830032348633,7.799826562404633e-08,7.39402051079218e-05,1,0,0.010840397328138351,0.09204625338315964,0.012569061480462551,0.10441387444734573,0.0018222058424726129,0.012851369567215443,0.012844642507843673,0.10569726675748825,-1.6778382062911987,-1.6767833232879639
batch1_0_127,2,4,"(2, 4)",0,7,7.191112041473389,7.102170944213867,0.000969470536801964,0.0009694099426269531,6.059417501091957e-08,6.250624462001968e-05,1,0,0.012569061480462551,0.10441387444734573,0.014305678196251392,0.11621387302875519,0.0018453220836818218,0.012393011711537838,0.014689964591525495,0.11809027846902609,-1.613523244857788,-1.6125538349151611
batch1_0_127,2,4,"(2, 4)",0,8,7.036211013793945,7.011434555053711,0.0009094176930375397,0.0009092092514038086,2.0844163373112679e-07,0.00022925595335649665,1,0,0.014305678196251392,0.11621387302875519,0.016057850793004036,0.12742522358894348,0.0018745417473837733,0.011931556276977062,0.01656450633890927,0.13002183474600315,-1.5577505826950073,-1.5568413734436035
batch1_0_127,2,4,"(2, 4)",0,9,6.893230438232422,6.951475620269775,0.0008531445055268705,0.0008530616760253906,8.282950147986412e-08,9.709673263694801e-05,1,0,0.016057850793004036,0.12742522358894348,0.01782839000225067,0.13824430108070374,0.0019034832948818803,0.011656224727630615,0.01846798963379115,0.14167805947363377,-1.5149102210998535,-1.5140571594238281
batch1_0_127,2,4,"(2, 4)",0,10,6.75740909576416,6.895386695861816,0.0007998022483661771,0.0007996559143066406,1.4633405953645706e-07,0.00018299628242397138,1,0,0.01782839000225067,0.13824430108070374,0.019619565457105637,0.14859917759895325,0.0019335770048201084,0.011301573365926743,0.020401566638611257,0.1529796328395605,-1.4756720066070557,-1.474872350692749
batch1_0_127,2,4,"(2, 4)",0,11,6.630851745605469,6.852202892303467,0.0007619739044457674,0.0007619857788085938,1.1874362826347351e-08,1.558344414893617e-05,1,0,0.019619565457105637,0.14859917759895325,0.021434525027871132,0.15865106880664825,0.001963953720405698,0.011066999286413193,0.022365520359016955,0.1640466321259737,-1.452697515487671,-1.4519355297088623
batch1_0_127,2,4,"(2, 4)",0,12,6.5090179443359375,6.81503963470459,0.0007368970545940101,0.0007367134094238281,1.8364517018198967e-07,0.00024927626921521034,1,0,0.021434525027871132,0.15865106880664825,0.023277493193745613,0.1684429943561554,0.0019970869179815054,0.010859545320272446,0.02436260727699846,0.17490617744624615,-1.4259998798370361,-1.4252631664276123
batch1_0_127,2,4,"(2, 4)",0,13,6.3882904052734375,6.783960819244385,0.0007098225178197026,0.0007096529006958008,1.6961712390184402e-07,0.00023901420502267764,1,0,0.023277493193745613,0.1684429943561554,0.02514725551009178,0.17802444100379944,0.002026930684223771,0.010702619329094887,0.02638953796122223,0.18560879677534103,-1.4037458896636963,-1.4030362367630005
batch1_0_127,2,4,"(2, 4)",0,14,6.275350093841553,6.7477288246154785,0.000672925089020282,0.0006728172302246094,1.078587956726551e-07,0.00016030920557228914,1,0,0.02514725551009178,0.17802444100379944,0.027040423825383186,0.1874273717403412,0.0020550438202917576,0.010603408329188824,0.02844458178151399,0.19621220510452986,-1.384885311126709,-1.3842124938964844
batch1_0_127,2,4,"(2, 4)",0,15,6.161678314208984,6.718680381774902,0.000647166627459228,0.0006470680236816406,9.860377758741379e-08,0.00015238548959100958,1,0,0.027040423825383186,0.1874273717403412,0.028957387432456017,0.19670099020004272,0.002081868937239051,0.010498737916350365,0.03052645071875304,0.20671094302088022,-1.3772943019866943,-1.3766472339630127
batch1_0_127,2,4,"(2, 4)",0,16,6.0513410568237305,6.705476760864258,0.0006351176998578012,0.0006350278854370117,8.981442078948021e-08,0.00014143382180401728,1,0,0.028957387432456017,0.19670099020004272,0.03089718706905842,0.20594768226146698,0.002105479594320059,0.01042927335947752,0.0326319303130731,0.21714021638035774,-1.3776557445526123,-1.3770207166671753
batch1_0_127,2,4,"(2, 4)",0,17,5.943870544433594,6.691876411437988,0.0006101297913119197,0.0006099939346313477,1.3585668057203293e-07,0.00022271808432675394,1,0,0.03089718706905842,0.20594768226146698,0.03285878151655197,0.2151230126619339,0.002130326582118869,0.010371055454015732,0.03476225689519197,0.22751127183437347,-1.3675999641418457,-1.3669899702072144
batch1_0_127,2,4,"(2, 4)",0,18,5.833977699279785,6.66489839553833,0.0005849803565070033,0.0005848407745361328,1.3958197087049484e-07,0.00023866661995515696,1,0,0.03285878151655197,0.2151230126619339,0.0348396860063076,0.22426629066467285,0.002152148401364684,0.01034303568303585,0.03691440529655665,0.23785430751740932,-1.3657255172729492,-1.365140676498413
batch1_0_127,2,4,"(2, 4)",0,19,5.720674991607666,6.633962631225586,0.0005648473161272705,0.0005648136138916016,3.370223566889763e-08,5.9669658875052764e-05,1,0,0.0348396860063076,0.22426629066467285,0.036835115402936935,0.23335950076580048,0.002168661914765835,0.010270980186760426,0.039083067211322486,0.24812528770416975,-1.3659591674804688,-1.3653943538665771
batch1_0_127,2,4,"(2, 4)",0,20,5.615527153015137,6.616028785705566,0.0005575302639044821,0.0005574226379394531,1.0762596502900124e-07,0.00019307785099443968,1,0,0.036835115402936935,0.23335950076580048,0.03884587064385414,0.2424316108226776,0.0021857458632439375,0.010234027169644833,0.041268813074566424,0.2583593148738146,-1.3820443153381348,-1.3814868927001953
batch1_0_127,2,4,"(2, 4)",0,21,5.507291793823242,6.602041721343994,0.0005423062248155475,0.0005421638488769531,1.4237593859434128e-07,0.000262606846416007,1,0,0.03884587064385414,0.2424316108226776,0.04086841642856598,0.2514445185661316,0.0022008230444043875,0.010162833146750927,0.04346963611897081,0.2685221480205655,-1.3926646709442139,-1.392122507095337
batch1_0_127,2,4,"(2, 4)",0,22,5.40268611907959,6.574041366577148,0.000525604235008359,0.0005254745483398438,1.2968666851520538e-07,0.00024679914360254085,1,0,0.04086841642856598,0.2514445185661316,0.04289930313825607,0.26039212942123413,0.0022115539759397507,0.010088627226650715,0.04568119009491056,0.2786107752472162,-1.4055371284484863,-1.4050116539001465
batch1_0_127,2,4,"(2, 4)",0,23,5.302027702331543,6.568939685821533,0.000503740506246686,0.0005036592483520508,8.12578946352005e-08,0.00016133505917159763,1,0,0.04289930313825607,0.26039212942123413,0.04493732750415802,0.26928940415382385,0.0022206364665180445,0.010034870356321335,0.047901826561428607,0.28864564560353756,-1.4265244007110596,-1.4260207414627075
batch1_0_127,2,4,"(2, 4)",0,24,5.20452880859375,6.560129165649414,0.0004944026004523039,0.0004942417144775391,1.6088597476482391e-07,0.0003255208333333333,1,0,0.04493732750415802,0.26928940415382385,0.046980105340480804,0.27815350890159607,0.002226936863735318,0.009996888227760792,0.050128763425163925,0.29864253383129835,-1.4492807388305664,-1.4487864971160889
batch1_0_127,2,4,"(2, 4)",0,25,5.10598087310791,6.550622463226318,0.0004702139995060861,0.00047004222869873047,1.7177080735564232e-07,0.00036543696899568855,1,0,0.046980105340480804,0.27815350890159607,0.0490216426551342,0.28690391778945923,0.0022281326819211245,0.009896337985992432,0.05235689610708505,0.3085388718172908,-1.4697502851486206,-1.4692802429199219
batch1_0_127,2,4,"(2, 4)",0,26,5.010738372802734,6.540668964385986,0.00044134914060123265,0.0004413127899169922,3.6350684240460396e-08,8.236943290788763e-05,1,0,0.0490216426551342,0.28690391778945923,0.05106151103973389,0.29555457830429077,0.0022289499174803495,0.009801252745091915,0.0545858460245654,0.3183401245623827,-1.4889891147613525,-1.4885478019714355
batch1_0_127,2,4,"(2, 4)",0,27,4.9127702713012695,6.541001796722412,0.0004127219144720584,0.0004127025604248047,1.9354047253727913e-08,4.689587395291739e-05,1,0,0.05106151103973389,0.29555457830429077,0.05309448018670082,0.304073691368103,0.0022246837615966797,0.00968189351260662,0.05681052978616208,0.3280220180749893,-1.5203872919082642,-1.5199745893478394
batch1_0_127,2,4,"(2, 4)",0,28,4.815839767456055,6.540132999420166,0.00039130880031734705,0.0003911256790161133,1.8312130123376846e-07,0.00046819043355684245,1,0,0.05309448018670082,0.304073691368103,0.05511625111103058,0.31246015429496765,0.0022142708767205477,0.009537533856928349,0.059024800662882626,0.33755955193191767,-1.5437822341918945,-1.5433911085128784
batch1_0_127,2,4,"(2, 4)",0,29,4.7243123054504395,6.52748966217041,0.00037597623304463923,0.0003758668899536133,1.0934309102594852e-07,0.00029090907964636855,1,0,0.05511625111103058,0.31246015429496765,0.0571238212287426,0.32070040702819824,0.0021991077810525894,0.009377268142998219,0.061223908443935215,0.3469368200749159,-1.5653241872787476,-1.564948320388794
batch1_0_127,2,4,"(2, 4)",0,30,4.633031845092773,6.5189690589904785,0.0003370807389728725,0.0003370046615600586,7.60774128139019e-08,0.00022574587681287585,1,0,0.0571238212287426,0.32070040702819824,0.05911482870578766,0.32875892519950867,0.0021841360721737146,0.009205379523336887,0.06340804451610893,0.3561421995982528,-1.6026109457015991,-1.602273941040039
batch1_0_127,2,4,"(2, 4)",0,31,4.550417900085449,6.512206077575684,0.0003045930643565953,0.0003045797348022461,1.3329554349184036e-08,4.376375978473581e-05,1,0,0.05911482870578766,0.32875892519950867,0.061089351773262024,0.33667290210723877,0.002169020939618349,0.009073412045836449,0.06557706545572728,0.3652156116440892,-1.6371937990188599,-1.6368892192840576
batch1_0_127,2,4,"(2, 4)",0,32,4.4665422439575195,6.515591621398926,0.000303766195429489,0.00030362606048583984,1.4013494364917278e-07,0.0004615379306537103,1,0,0.061089351773262024,0.33667290210723877,0.0630398616194725,0.34442099928855896,0.0021438689436763525,0.008894910104572773,0.06772093439940363,0.374110521748662,-1.674538016319275,-1.674234390258789
batch1_0_127,2,4,"(2, 4)",0,33,4.386841773986816,6.521174430847168,0.0002887735317926854,0.0002886056900024414,1.6784179024398327e-07,0.0005815609187835605,1,0,0.0630398616194725,0.34442099928855896,0.06496670097112656,0.3520145118236542,0.0021185760851949453,0.008722800761461258,0.06983951048459858,0.38283332251012325,-1.7016876935958862,-1.7013990879058838
batch1_0_127,2,4,"(2, 4)",0,34,4.3087263107299805,6.541850566864014,0.0002721093187574297,0.0002720355987548828,7.372000254690647e-08,0.0002709939540425066,1,0,0.06496670097112656,0.3520145118236542,0.06686657667160034,0.35944610834121704,0.0020900412928313017,0.008549260906875134,0.07192955177742988,0.3913825834169984,-1.730247974395752,-1.729975938796997
batch1_0_127,2,4,"(2, 4)",0,35,4.235337257385254,6.554908275604248,0.0002552931837271899,0.0002551078796386719,1.853040885180235e-07,0.0007263754015771028,1,0,0.06686657667160034,0.35944610834121704,0.0687389150261879,0.3667042851448059,0.0020610291976481676,0.008363363333046436,0.07399058097507805,0.3997459467500448,-1.7531416416168213,-1.7528865337371826
batch1_0_127,2,4,"(2, 4)",0,36,4.165505409240723,6.569437026977539,0.00024177046725526452,0.0002416372299194336,1.332373358309269e-07,0.0005513940706709423,1,0,0.0687389150261879,0.3667042851448059,0.07058341801166534,0.3737848103046417,0.0020317735616117716,0.00818370096385479,0.07602235453668982,0.4079296477138996,-1.776098608970642,-1.7758569717407227
batch1_0_127,2,4,"(2, 4)",0,37,4.097799777984619,6.585240840911865,0.00023354384757112712,0.0002334117889404297,1.3205863069742918e-07,0.0005657753247893259,1,0,0.07058341801166534,0.3737848103046417,0.07239668816328049,0.38068687915802,0.0019985244143754244,0.00800801906734705,0.07802087895106524,0.41593766678124666,-1.802220106124878,-1.8019866943359375
batch1_0_127,2,4,"(2, 4)",0,38,4.03282356262207,6.603811740875244,0.0002223150950158015,0.00022220611572265625,1.0897929314523935e-07,0.0004904423660474786,1,0,0.07239668816328049,0.38068687915802,0.07417501509189606,0.3874138593673706,0.0019610298331826925,0.007818142883479595,0.07998190878424793,0.42375580966472626,-1.8290519714355469,-1.8288297653198242
batch1_0_127,2,4,"(2, 4)",0,39,3.9699528217315674,6.6045756340026855,0.00020857839263044298,0.0002084970474243164,8.13452061265707e-08,0.00039015039844196684,1,0,0.07417501509189606,0.3874138593673706,0.07591830939054489,0.3939419686794281,0.0019242330454289913,0.007618915755301714,0.08190614182967693,0.43137472542002797,-1.847365140914917,-1.8471566438674927
batch1_0_127,2,5,"(2, 5)",0,0,8.937945365905762,8.138317108154297,0.0013227923773229122,0.001322627067565918,1.6530975699424744e-07,0.00012498591707976565,1,0,0.0,0.0,0.001960720168426633,0.016911029815673828,0.001960720168426633,0.016911029815673828,0.001960720168426633,0.016911029815673828,-1.6344696283340454,-1.6331470012664795
batch1_0_127,2,5,"(2, 5)",0,1,8.640850067138672,7.931956768035889,0.0012894829269498587,0.0012892484664916992,2.3446045815944672e-07,0.0001818582408691632,1,0,0.001960720168426633,0.016911029815673828,0.003884321078658104,0.03379949927330017,0.0019286132883280516,0.016916990280151367,0.0038893334567546844,0.033828020095825195,-1.6494919061660767,-1.648202657699585
batch1_0_127,2,5,"(2, 5)",0,2,8.358230590820312,7.7461395263671875,0.0012486778432503343,0.0012485980987548828,7.974449545145035e-08,6.38672247947298e-05,1,0,0.003884321078658104,0.03379949927330017,0.005773106589913368,0.050514813512563705,0.0019026813097298145,0.0167813953012228,0.005792014766484499,0.050609415397047997,-1.6513121128082275,-1.6500635147094727
batch1_0_127,2,5,"(2, 5)",0,3,8.0751953125,7.553698539733887,0.0011779597261920571,0.0011777877807617188,1.7194543033838272e-07,0.00014599016320850203,1,0,0.005773106589913368,0.050514813512563705,0.007617404218763113,0.06662247329950333,0.0018731006421148777,0.01624271832406521,0.007665115408599377,0.0668521337211132,-1.628401279449463,-1.6272234916687012
batch1_0_127,2,5,"(2, 5)",0,4,7.821137428283691,7.361834526062012,0.0010950993746519089,0.0010949373245239258,1.6205012798309326e-07,0.00014799945563418617,1,0,0.007617404218763113,0.06662247329950333,0.009419645182788372,0.08210951834917068,0.0018503976752981544,0.01571722701191902,0.009515513083897531,0.08256936073303223,-1.5880589485168457,-1.5869640111923218
batch1_0_127,2,5,"(2, 5)",0,5,7.57493257522583,7.21330451965332,0.0010358005529269576,0.0010356903076171875,1.1024530977010727e-07,0.00010644621172882137,1,0,0.009419645182788372,0.08210951834917068,0.011188043281435966,0.09688320755958557,0.0018388855969533324,0.015126459300518036,0.011354398680850863,0.09769582003355026,-1.5771913528442383,-1.576155662536621
batch1_0_127,2,5,"(2, 5)",0,6,7.350935459136963,7.0884785652160645,0.0009682774543762207,0.0009682178497314453,5.960464477539063e-08,6.156119182467373e-05,1,0,0.011188043281435966,0.09688320755958557,0.012934149242937565,0.11104804277420044,0.0018386837327852845,0.014644928276538849,0.013193082413636148,0.11234074831008911,-1.5246500968933105,-1.523681879043579
batch1_0_127,2,5,"(2, 5)",0,7,7.1438164710998535,6.98106050491333,0.0008877496002241969,0.0008876323699951172,1.1723022907972336e-07,0.00013207070071179157,1,0,0.012934149242937565,0.11104804277420044,0.014657644554972649,0.12427293509244919,0.0018437448889017105,0.013990912586450577,0.015036827302537858,0.1263316608965397,-1.4770984649658203,-1.4762108325958252
batch1_0_127,2,5,"(2, 5)",0,8,6.9497175216674805,6.914405822753906,0.000834957929328084,0.0008348226547241211,1.3527460396289825e-07,0.00016203992931600742,1,0,0.014657644554972649,0.12427293509244919,0.016377776861190796,0.13706877827644348,0.0018616488669067621,0.013744465075433254,0.01689847616944462,0.14007612597197294,-1.4404289722442627,-1.4395941495895386
batch1_0_127,2,5,"(2, 5)",0,9,6.760809898376465,6.851930618286133,0.0007919697090983391,0.0007920265197753906,5.681067705154419e-08,7.172825105358218e-05,1,0,0.016377776861190796,0.13706877827644348,0.018101081252098083,0.14955571293830872,0.0018806516891345382,0.013525889255106449,0.01877912785857916,0.1536020152270794,-1.4150891304016113,-1.414297103881836
batch1_0_127,2,5,"(2, 5)",0,10,6.572732925415039,6.794267654418945,0.0007502367370761931,0.0007503032684326172,6.653135642409325e-08,8.867261975691134e-05,1,0,0.018101081252098083,0.14955571293830872,0.019832000136375427,0.16171197593212128,0.001901593990623951,0.013242839835584164,0.02068072184920311,0.16684485506266356,-1.368821620941162,-1.3680713176727295
batch1_0_127,2,5,"(2, 5)",0,11,6.401466369628906,6.743294715881348,0.0007200444815680385,0.0007200241088867188,2.0372681319713593e-08,2.8294443294701986e-05,1,0,0.019832000136375427,0.16171197593212128,0.021573038771748543,0.17365966737270355,0.0019229926401749253,0.013024961575865746,0.022603714489378035,0.1798698166385293,-1.320234775543213,-1.3195147514343262
batch1_0_127,2,5,"(2, 5)",0,12,6.23565673828125,6.694212913513184,0.0006741880788467824,0.0006740093231201172,1.787557266652584e-07,0.0002652125431110718,1,0,0.021573038771748543,0.17365966737270355,0.02332264371216297,0.18525181710720062,0.0019452812848612666,0.012708035297691822,0.0245489957742393,0.19257785193622112,-1.2687017917633057,-1.2680277824401855
batch1_0_127,2,5,"(2, 5)",0,13,6.07147216796875,6.6573309898376465,0.000627813977189362,0.0006277561187744141,5.78584149479866e-08,9.216702668059248e-05,1,0,0.02332264371216297,0.18525181710720062,0.025081703439354897,0.1966586709022522,0.001963995862752199,0.012531434185802937,0.0265129916369915,0.20510928612202406,-1.200692892074585,-1.2000651359558105
batch1_0_127,2,5,"(2, 5)",0,14,5.913773536682129,6.5970258712768555,0.0005675228894688189,0.0005675554275512695,3.253808245062828e-08,5.733022868094938e-05,1,0,0.025081703439354897,0.1966586709022522,0.026840755715966225,0.20784613490104675,0.001975052757188678,0.0124038802459836,0.02848804439418018,0.21751316636800766,-1.1288126707077026,-1.1282451152801514
batch1_0_127,2,5,"(2, 5)",0,15,5.7630615234375,6.562459468841553,0.000542587076779455,0.0005426406860351562,5.360925570130348e-08,9.879328454525483e-05,1,0,0.026840755715966225,0.20784613490104675,0.02860387973487377,0.21885207295417786,0.00198506866581738,0.012227168306708336,0.03047311305999756,0.229740334674716,-1.0854790210723877,-1.0849363803863525
batch1_0_127,2,5,"(2, 5)",0,16,5.612464904785156,6.524953842163086,0.000506196403875947,0.0005060434341430664,1.5296973288059235e-07,0.000302285777385159,1,0,0.02860387973487377,0.21885207295417786,0.030365927144885063,0.2297157198190689,0.001988575328141451,0.012082005850970745,0.03246168838813901,0.24182234052568674,-1.027984380722046,-1.0274783372879028
batch1_0_127,2,5,"(2, 5)",0,17,5.454687118530273,6.481969356536865,0.0004656984528992325,0.00046563148498535156,6.696791388094425e-08,0.0001438217045890937,1,0,0.030365927144885063,0.2297157198190689,0.032121751457452774,0.24045142531394958,0.0019876614678651094,0.011966031976044178,0.03444934985600412,0.2537883725017309,-0.9731686115264893,-0.9727029800415039
batch1_0_127,2,5,"(2, 5)",0,18,5.3089094161987305,6.4294281005859375,0.00041729261283762753,0.0004172325134277344,6.00994098931551e-08,0.00014404296875,1,0,0.032121751457452774,0.24045142531394958,0.03386867046356201,0.2511099874973297,0.0019875334110111,0.011940503492951393,0.03643688326701522,0.2657288759946823,-0.9194681644439697,-0.919050931930542
batch1_0_127,2,5,"(2, 5)",0,19,5.1665825843811035,6.382711887359619,0.0003770668408833444,0.0003769993782043457,6.746267899870872e-08,0.0001789463932806324,1,0,0.03386867046356201,0.2511099874973297,0.03560308739542961,0.26156485080718994,0.0019818395376205444,0.011745217256247997,0.03841872280463576,0.2774740932509303,-0.8720201253890991,-0.8716431260108948
batch1_0_127,2,5,"(2, 5)",0,20,5.027367115020752,6.353794574737549,0.00032932983594946563,0.0003292560577392578,7.377821020781994e-08,0.00022407548311911658,1,0,0.03560308739542961,0.26156485080718994,0.03731939569115639,0.271727055311203,0.0019709765911102295,0.011434788815677166,0.04038969939574599,0.2889088820666075,-0.8229436874389648,-0.8226144313812256
batch1_0_127,2,5,"(2, 5)",0,21,4.891914367675781,6.334846496582031,0.00028855929849669337,0.0002884864807128906,7.281778380274773e-08,0.0002524131585743802,1,0,0.03731939569115639,0.271727055311203,0.0390152782201767,0.28144967555999756,0.0019595941994339228,0.011013804003596306,0.042349293595179915,0.2999226860702038,-0.7803910970687866,-0.7801026105880737
batch1_0_127,2,5,"(2, 5)",0,22,4.770303249359131,6.313511848449707,0.00024874796508811414,0.0002487301826477051,1.7782440409064293e-08,7.149289330218068e-05,1,0,0.0390152782201767,0.28144967555999756,0.040693316608667374,0.29083895683288574,0.0019465829245746136,0.010695692151784897,0.04429587651975453,0.3106183782219887,-0.7393928170204163,-0.7391440868377686
batch1_0_127,2,5,"(2, 5)",0,23,4.656126976013184,6.30235481262207,0.00021366831788327545,0.000213623046875,4.5271008275449276e-08,0.00021192005702427456,1,0,0.040693316608667374,0.29083895683288574,0.042350322008132935,0.2998771369457245,0.0019286256283521652,0.010352025739848614,0.046224502148106694,0.3209704039618373,-0.7081989645957947,-0.7079853415489197
batch1_0_127,2,5,"(2, 5)",0,24,4.550467014312744,6.289992809295654,0.00017823645612224936,0.00017815828323364258,7.817288860678673e-08,0.00043878335145533623,1,0,0.042350322008132935,0.2998771369457245,0.04398368299007416,0.30861997604370117,0.0019072910072281957,0.010067923925817013,0.04813179315533489,0.3310383278876543,-0.6814541816711426,-0.6812760233879089
batch1_0_127,2,5,"(2, 5)",0,25,4.45298433303833,6.27658748626709,0.00014202017337083817,0.00014197826385498047,4.190951585769653e-08,0.0002951826196473552,1,0,0.04398368299007416,0.30861997604370117,0.045592956244945526,0.3170551657676697,0.0018848655745387077,0.009784877300262451,0.0500166587298736,0.34082320518791676,-0.6579321622848511,-0.6577901840209961
batch1_0_127,2,5,"(2, 5)",0,26,4.357116222381592,6.267190933227539,0.00010946229303954169,0.0001093745231628418,8.776987669989467e-08,0.0008024709426089918,1,0,0.045592956244945526,0.3170551657676697,0.0471767783164978,0.32520976662635803,0.0018584177596494555,0.009513610042631626,0.05187507648952305,0.3503368152305484,-0.636326253414154,-0.6362168788909912
batch1_0_127,2,5,"(2, 5)",0,27,4.2651472091674805,6.250357151031494,7.512789306929335e-05,7.510185241699219e-05,2.604065230116248e-08,0.0003467378162202381,1,0,0.0471767783164978,0.32520976662635803,0.04873107001185417,0.3330819010734558,0.001828414504416287,0.009242900647222996,0.05370349099393934,0.3595797158777714,-0.6052801609039307,-0.6052050590515137
batch1_0_127,2,5,"(2, 5)",0,28,4.18144416809082,6.2378129959106445,4.804837953997776e-05,4.798173904418945e-05,6.6640495788306e-08,0.001388872039984472,1,0,0.04873107001185417,0.3330819010734558,0.050256382673978806,0.34068116545677185,0.001796433818526566,0.008975538425147533,0.055499924812465906,0.3685552543029189,-0.5841103196144104,-0.5840623378753662
batch1_0_127,2,5,"(2, 5)",0,29,4.100004196166992,6.222458362579346,2.2505260858451948e-05,2.2470951080322266e-05,3.4309778129681945e-08,0.0015268502880470822,1,0,0.050256382673978806,0.34068116545677185,0.05174873396754265,0.3479832112789154,0.001760522136464715,0.008689085021615028,0.05726044694893062,0.37724433932453394,-0.5702803730964661,-0.5702579021453857
batch1_0_127,2,5,"(2, 5)",0,30,4.022419452667236,6.218141555786133,2.6780289772432297e-06,2.682209014892578e-06,4.180037649348378e-09,0.0015584309895833334,1,0,0.05174873396754265,0.3479832112789154,0.05320604890584946,0.35502544045448303,0.001720873755402863,0.008414394222199917,0.058981320704333484,0.38565873354673386,-0.561517059803009,-0.5615143775939941
batch1_0_127,2,5,"(2, 5)",0,31,3.9517834186553955,6.207884311676025,-1.2359293577901553e-05,-1.233816146850586e-05,2.1132109395693988e-08,0.0017127437867980072,0,1,0.05320604890584946,0.35502544045448303,0.05463004112243652,0.3617992699146271,0.0016819062875583768,0.008135359734296799,0.06066322699189186,0.39379409328103065,-0.5520958304405212,-0.5521081686019897
batch1_0_127,2,5,"(2, 5)",0,32,3.8856284618377686,6.202632904052734,-2.9700320737902075e-05,-2.9742717742919922e-05,4.239700501784682e-08,0.0014254583385521042,0,1,0.05463004112243652,0.3617992699146271,0.056018978357315063,0.3683255612850189,0.0016410811804234982,0.007871373556554317,0.06230430817231536,0.401665466837585,-0.5416702628135681,-0.541700005531311
batch1_0_127,2,5,"(2, 5)",0,33,3.8238184452056885,6.192904949188232,-4.6006025513634086e-05,-4.601478576660156e-05,8.760252967476845e-09,0.00019037908840673575,0,1,0.056018978357315063,0.3683255612850189,0.05737270042300224,0.37459760904312134,0.0016001317417249084,0.007599725853651762,0.06390443991404027,0.40926519269123673,-0.5340805053710938,-0.5341265201568604
batch1_0_127,2,5,"(2, 5)",0,34,3.7669076919555664,6.18878173828125,-6.12775475019589e-05,-6.127357482910156e-05,3.9726728573441505e-09,6.483501033560311e-05,0,1,0.05737270042300224,0.37459760904312134,0.05869162082672119,0.3806385099887848,0.001559317926876247,0.007349617779254913,0.06546375784091651,0.41661481047049165,-0.5274773836135864,-0.5275386571884155
batch1_0_127,2,5,"(2, 5)",0,35,3.7145230770111084,6.184020519256592,-7.810821261955425e-05,-7.814168930053711e-05,3.347668098285794e-08,0.0004284099983314264,0,1,0.05869162082672119,0.3806385099887848,0.05997620150446892,0.3864519000053406,0.0015185587108135223,0.007101381663233042,0.06698231655173004,0.4237161921337247,-0.5245730876922607,-0.5246512293815613
batch1_0_127,2,5,"(2, 5)",0,36,3.664435863494873,6.178428649902344,-8.876151696313173e-05,-8.875131607055664e-05,1.0200892575085163e-08,0.00011493793023841504,0,1,0.05997620150446892,0.3864519000053406,0.0612269788980484,0.3920418620109558,0.0014783837832510471,0.006854294799268246,0.06846070033498108,0.43057048693299294,-0.517401397228241,-0.5174901485443115
batch1_0_127,2,5,"(2, 5)",0,37,3.6163277626037598,6.1724042892456055,-9.863315062830225e-05,-9.864568710327148e-05,1.2536474969238043e-08,0.00012708589029456193,0,1,0.0612269788980484,0.3920418620109558,0.062442999333143234,0.3974090814590454,0.0014369672862812877,0.006604919675737619,0.06989766762126237,0.43717540660873055,-0.5118033289909363,-0.5119019746780396
batch1_0_127,2,5,"(2, 5)",0,38,3.573267936706543,6.1677751541137695,-0.00010702638246584684,-0.00010704994201660156,2.3559550754725933e-08,0.0002200799954760579,0,1,0.062442999333143234,0.3974090814590454,0.06362701207399368,0.4025895297527313,0.0013986980775371194,0.006393196526914835,0.07129636569879949,0.4435686031356454,-0.5054203271865845,-0.5055273771286011
batch1_0_127,2,5,"(2, 5)",0,39,3.5330684185028076,6.156191825866699,-0.00011626128980424255,-0.00011625885963439941,2.4301698431372643e-09,2.0903093758010768e-05,0,1,0.06362701207399368,0.4025895297527313,0.06478006392717361,0.4075884521007538,0.0013614821946248412,0.006187540479004383,0.07265784789342433,0.4497561436146498,-0.4997170567512512,-0.4998333156108856
batch1_0_127,2,6,"(2, 6)",0,0,8.474492073059082,8.138317108154297,0.0027877180837094784,0.0027871131896972656,6.048940122127533e-07,0.00021703245295124038,1,0,0.0,0.0,0.0019883413333445787,0.016142897307872772,0.0019883413333445787,0.016142897307872772,0.0019883413333445787,0.016142897307872772,-2.7426843643188477,-2.7398972511291504
batch1_0_127,2,6,"(2, 6)",0,1,8.214469909667969,7.907412528991699,0.0024385617580264807,0.0024378299713134766,7.317867130041122e-07,0.00030017955378973106,1,0,0.0019883413333445787,0.016142897307872772,0.00393314054235816,0.03193631395697594,0.0019492957508191466,0.015819001942873,0.003937637084163725,0.03196189925074577,-2.5965113639831543,-2.594073534011841
batch1_0_127,2,6,"(2, 6)",0,2,7.968754768371582,7.714552402496338,0.0021261253859847784,0.0021257400512695312,3.8533471524715424e-07,0.00018127085436294303,1,0,0.00393314054235816,0.03193631395697594,0.005830957554280758,0.04712354764342308,0.001910687773488462,0.015254540368914604,0.005848324857652187,0.04721643961966038,-2.4525575637817383,-2.4504318237304688
batch1_0_127,2,6,"(2, 6)",0,3,7.743403434753418,7.55867862701416,0.0018270957516506314,0.0018267631530761719,3.3259857445955276e-07,0.00018206989444661967,1,0,0.005830957554280758,0.04712354764342308,0.007682413328438997,0.06151929125189781,0.0018768701702356339,0.014532380737364292,0.007725195027887821,0.06174882035702467,-2.311781406402588,-2.3099546432495117
batch1_0_127,2,6,"(2, 6)",0,4,7.541578769683838,7.414803981781006,0.0015815373044461012,0.001581430435180664,1.0686926543712616e-07,6.757759497964722e-05,1,0,0.007682413328438997,0.06151929125189781,0.009497097693383694,0.07512373477220535,0.0018558565061539412,0.013833383098244667,0.009581051534041762,0.07558220345526934,-2.1786842346191406,-2.17710280418396
batch1_0_127,2,6,"(2, 6)",0,5,7.351922988891602,7.284624099731445,0.0013793795369565487,0.0013790130615234375,3.664754331111908e-07,0.0002657519666320885,1,0,0.009497097693383694,0.07512373477220535,0.011283551342785358,0.08785733580589294,0.0018460166174918413,0.013079707510769367,0.011427068151533604,0.0886619109660387,-2.0762863159179688,-2.0749073028564453
batch1_0_127,2,6,"(2, 6)",0,6,7.18637752532959,7.164030075073242,0.0012440327554941177,0.0012438297271728516,2.0302832126617432e-07,0.0001632283879624305,1,0,0.011283551342785358,0.08785733580589294,0.013056687079370022,0.0998789519071579,0.0018499939469620585,0.012478276155889034,0.013277062098495662,0.10114018712192774,-2.0209436416625977,-2.019699811935425
batch1_0_127,2,6,"(2, 6)",0,7,7.028154373168945,7.069477558135986,0.0011093836510553956,0.0011093616485595703,2.200249582529068e-08,1.9833474371373306e-05,1,0,0.013056687079370022,0.0998789519071579,0.014825555495917797,0.11125923693180084,0.0018634400330483913,0.011966624297201633,0.015140502131544054,0.11310681141912937,-1.9442195892333984,-1.9431102275848389
batch1_0_127,2,6,"(2, 6)",0,8,6.889725685119629,6.992639064788818,0.000969237822573632,0.0009690523147583008,1.8550781533122063e-07,0.00019143219876368556,1,0,0.014825555495917797,0.11125923693180084,0.016595853492617607,0.1221160888671875,0.001881508738733828,0.011573943309485912,0.01702201087027788,0.12468075472861528,-1.8637691736221313,-1.862800121307373
batch1_0_127,2,6,"(2, 6)",0,9,6.764939308166504,6.940314769744873,0.0008576899999752641,0.0008575916290283203,9.837094694375992e-08,0.00011470604844314707,1,0,0.016595853492617607,0.1221160888671875,0.018373912200331688,0.13253670930862427,0.001903657685033977,0.011262514628469944,0.01892566855531186,0.13594326935708523,-1.8017592430114746,-1.8009016513824463
batch1_0_127,2,6,"(2, 6)",0,10,6.640163421630859,6.90043306350708,0.0007713025552220643,0.0007712841033935547,1.8451828509569168e-08,2.3923517194744976e-05,1,0,0.018373912200331688,0.13253670930862427,0.020168783143162727,0.14268819987773895,0.0019313192460685968,0.011088047176599503,0.020856987801380455,0.14703131653368473,-1.7394111156463623,-1.7386398315429688
batch1_0_127,2,6,"(2, 6)",0,11,6.516040802001953,6.87814998626709,0.0006865638424642384,0.0006866455078125,8.166534826159477e-08,0.00011893378363715278,1,0,0.020168783143162727,0.14268819987773895,0.02198244258761406,0.15264543890953064,0.0019591273739933968,0.010960777290165424,0.022816115175373852,0.15799209382385015,-1.6771900653839111,-1.6765034198760986
batch1_0_127,2,6,"(2, 6)",0,12,6.3977789878845215,6.846071243286133,0.0006055333651602268,0.000605463981628418,6.938353180885315e-08,0.00011459563890529631,1,0,0.02198244258761406,0.15264543890953064,0.023819804191589355,0.16243141889572144,0.001992614706978202,0.010860154405236244,0.024808729882352054,0.1688522482290864,-1.6226247549057007,-1.6220192909240723
batch1_0_127,2,6,"(2, 6)",0,13,6.281118869781494,6.8303327560424805,0.0005281106568872929,0.0005280971527099609,1.3504177331924438e-08,2.5571388261851014e-05,1,0,0.023819804191589355,0.16243141889572144,0.025679176673293114,0.17211925983428955,0.002023142296820879,0.010848701000213623,0.026831872179172933,0.17970094922930002,-1.5795862674713135,-1.5790581703186035
batch1_0_127,2,6,"(2, 6)",0,14,6.162680149078369,6.81948184967041,0.00046446401393041015,0.00046443939208984375,2.4621840566396713e-08,5.3014109022073925e-05,1,0,0.025679176673293114,0.17211925983428955,0.027563458308577538,0.1817564219236374,0.002054466400295496,0.010832716710865498,0.02888633857946843,0.19053366594016552,-1.5340502262115479,-1.533585786819458
batch1_0_127,2,6,"(2, 6)",0,15,6.041835784912109,6.813180446624756,0.00040611985605210066,0.00040602684020996094,9.301584213972092e-08,0.00022908791470933646,1,0,0.027563458308577538,0.1817564219236374,0.02946784533560276,0.1913091242313385,0.002081208396703005,0.010788319632411003,0.030967546976171434,0.20132198557257652,-1.50064218044281,-1.5002361536026
batch1_0_127,2,6,"(2, 6)",0,16,5.926126480102539,6.797434329986572,0.00035661368747241795,0.00035643577575683594,1.7791171558201313e-07,0.0004991410169314382,1,0,0.02946784533560276,0.1913091242313385,0.031395480036735535,0.20079010725021362,0.0021105571649968624,0.010746696963906288,0.033078104141168296,0.2120686825364828,-1.4686388969421387,-1.4682824611663818
batch1_0_127,2,6,"(2, 6)",0,17,5.809222221374512,6.786207675933838,0.00030927552143111825,0.00030922889709472656,4.662433639168739e-08,0.00015077613001156516,1,0,0.031395480036735535,0.20079010725021362,0.03334491327404976,0.2102343738079071,0.0021366174332797527,0.010714322328567505,0.03521472157444805,0.22278300486505032,-1.440535068511963,-1.4402258396148682
batch1_0_127,2,6,"(2, 6)",0,18,5.697882652282715,6.761125087738037,0.00027051122742705047,0.00027048587799072266,2.5349436327815056e-08,9.371815089246364e-05,1,0,0.03334491327404976,0.2102343738079071,0.03531564027070999,0.21960166096687317,0.0021629203110933304,0.010635633952915668,0.03737764188554138,0.23341863881796598,-1.4146465063095093,-1.4143760204315186
batch1_0_127,2,6,"(2, 6)",0,19,5.579827785491943,6.754756450653076,0.00022655392240267247,0.00022661685943603516,6.293703336268663e-08,0.0002777244090281431,1,0,0.03531564027070999,0.21960166096687317,0.037297360599040985,0.22887291014194489,0.002177431480959058,0.010501273907721043,0.03955507336650044,0.24391991272568703,-1.380905270576477,-1.380678653717041
batch1_0_127,2,6,"(2, 6)",0,20,5.458682537078857,6.740762233734131,0.00016618748486507684,0.00016617774963378906,9.735231287777424e-09,5.858324179519369e-05,1,0,0.037297360599040985,0.22887291014194489,0.039287615567445755,0.23801061511039734,0.002192527288571,0.01038429606705904,0.04174760065507144,0.25430420879274607,-1.3533096313476562,-1.3531434535980225
batch1_0_127,2,6,"(2, 6)",0,21,5.351801872253418,6.722039699554443,0.00013586464046966285,0.00013566017150878906,2.0446896087378263e-07,0.001507214376922232,1,0,0.039287615567445755,0.23801061511039734,0.041286855936050415,0.24699482321739197,0.00220458023250103,0.01021069847047329,0.04395218088757247,0.26451490726321936,-1.323279619216919,-1.3231439590454102
batch1_0_127,2,6,"(2, 6)",0,22,5.246372222900391,6.716814041137695,0.00010292250226484612,0.000102996826171875,7.43239070288837e-08,0.0007216135660807291,1,0,0.041286855936050415,0.24699482321739197,0.04329312965273857,0.2559070289134979,0.0022150541190057993,0.010124839842319489,0.04616723500657827,0.27463974710553885,-1.295699119567871,-1.2955961227416992
batch1_0_127,2,6,"(2, 6)",0,23,5.144494533538818,6.69236946105957,7.000414188951254e-05,7.009506225585938e-05,9.092036634683609e-08,0.0012971008715986394,1,0,0.04329312965273857,0.2559070289134979,0.04530305042862892,0.26471760869026184,0.002219964051619172,0.010016287676990032,0.04838719905819744,0.2846560347825289,-1.2749123573303223,-1.2748422622680664
batch1_0_127,2,6,"(2, 6)",0,24,5.048973083496094,6.695526599884033,3.943911360693164e-05,3.933906555175781e-05,1.000480551738292e-07,0.0025432239879261366,1,0,0.04530305042862892,0.26471760869026184,0.04731613025069237,0.27342602610588074,0.002225685166195035,0.009910105727612972,0.050612884224392474,0.29456614051014185,-1.2418789863586426,-1.2418396472930908
batch1_0_127,2,6,"(2, 6)",0,25,4.947993755340576,6.69699239730835,1.6106847397168167e-05,1.609325408935547e-05,1.3593307812698185e-08,0.0008446587456597222,1,0,0.04731613025069237,0.27342602610588074,0.04932371526956558,0.2819696068763733,0.0022208993323147297,0.009724896401166916,0.0528337835567072,0.30429103691130877,-1.2227184772491455,-1.2227023839950562
batch1_0_127,2,6,"(2, 6)",0,26,4.856692790985107,6.68007230758667,-1.113531288865488e-05,-1.1205673217773438e-05,7.036032911855727e-08,0.00627899169921875,0,1,0.04932371526956558,0.2819696068763733,0.05132513493299484,0.29036056995391846,0.0022153486497700214,0.009574614465236664,0.055049132206477225,0.31386565137654543,-1.1829408407211304,-1.1829520463943481
batch1_0_127,2,6,"(2, 6)",0,27,4.774947166442871,6.6758270263671875,-4.7804547648411244e-05,-4.792213439941406e-05,1.1758675100281835e-07,0.0024537043784981344,0,1,0.05132513493299484,0.29036056995391846,0.05332159623503685,0.298542320728302,0.002213084604591131,0.009406420402228832,0.057262216811068356,0.32327207177877426,-1.1470743417739868,-1.1471222639083862
batch1_0_127,2,6,"(2, 6)",0,28,4.68477725982666,6.680665969848633,-5.740435517509468e-05,-5.733966827392578e-05,6.468690116889775e-08,0.0011281352528911123,0,1,0.05332159623503685,0.298542320728302,0.05530666932463646,0.3066202998161316,0.002199777401983738,0.00927551556378603,0.059461994213052094,0.3325475873425603,-1.1206389665603638,-1.1206963062286377
batch1_0_127,2,6,"(2, 6)",0,29,4.600129127502441,6.688348770141602,-7.156801439123228e-05,-7.164478302001953e-05,7.676862878724933e-08,0.0010715173603889352,0,1,0.05530666932463646,0.3066202998161316,0.05727666616439819,0.3145711421966553,0.0021823751740157604,0.009116463363170624,0.061644369387067854,0.3416640507057309,-1.094763159751892,-1.094834804534912
batch1_0_127,2,6,"(2, 6)",0,30,4.5204572677612305,6.691648006439209,-8.950354822445661e-05,-8.952617645263672e-05,2.2628228180110455e-08,0.00025275544066245007,0,1,0.05727666616439819,0.3145711421966553,0.059230346232652664,0.32239484786987305,0.0021647268440574408,0.008962324820458889,0.0638090962311253,0.3506263755261898,-1.0766905546188354,-1.076780080795288
batch1_0_127,2,6,"(2, 6)",0,31,4.437985897064209,6.7043352127075195,-0.00010031397687271237,-0.00010025501251220703,5.8964360505342484e-08,0.0005881437648632581,0,1,0.059230346232652664,0.32239484786987305,0.06116284430027008,0.3300308287143707,0.002141343429684639,0.008765459060668945,0.06595043966080993,0.35939183458685875,-1.060549259185791,-1.0606495141983032
batch1_0_127,2,6,"(2, 6)",0,32,4.363746643066406,6.703144550323486,-0.0001097804561140947,-0.00010979175567626953,1.129956217482686e-08,0.000102918129919924,0,1,0.06116284430027008,0.3300308287143707,0.06307382881641388,0.3375202715396881,0.002117681782692671,0.008601325564086437,0.0680681214435026,0.3679931601509452,-1.0245648622512817,-1.024674654006958
batch1_0_127,2,6,"(2, 6)",0,33,4.291660308837891,6.7111639976501465,-0.00010652429045876488,-0.00010651350021362305,1.079024514183402e-08,0.00010130401423475098,0,1,0.06307382881641388,0.3375202715396881,0.06495927274227142,0.34484174847602844,0.002088855719193816,0.008419089019298553,0.07015697716269642,0.37641224917024374,-0.9938957691192627,-0.9940022826194763
batch1_0_127,2,6,"(2, 6)",0,34,4.219173431396484,6.713812351226807,-0.00010383944754721597,-0.00010383129119873047,8.15634848549962e-09,7.855385781429391e-05,0,1,0.06495927274227142,0.34484174847602844,0.06681755930185318,0.35201579332351685,0.002059106482192874,0.008249139413237572,0.0722160836448893,0.3846613885834813,-0.9552150368690491,-0.9553188681602478
batch1_0_127,2,6,"(2, 6)",0,35,4.150702476501465,6.714754581451416,-0.00011159972927998751,-0.00011163949966430664,3.9770384319126606e-08,0.00035623936365456485,0,1,0.06681755930185318,0.35201579332351685,0.06864798069000244,0.3590128421783447,0.0020279998425394297,0.008061113767325878,0.07424408348742872,0.3927225023508072,-0.9305511713027954,-0.9306628108024597
batch1_0_127,2,6,"(2, 6)",0,36,4.085089683532715,6.720888614654541,-0.0001182838823297061,-0.000118255615234375,2.826709533110261e-08,0.00023903385285408267,0,1,0.06864798069000244,0.3590128421783447,0.07045062631368637,0.36583074927330017,0.0019972280133515596,0.00787321012467146,0.07624131150078028,0.40059571247547865,-0.9093952775001526,-0.909513533115387
batch1_0_127,2,6,"(2, 6)",0,37,4.024217128753662,6.7239813804626465,-0.00012563224299810827,-0.00012570619583129883,7.395283319056034e-08,0.0005882990309388336,0,1,0.07045062631368637,0.36583074927330017,0.07222504913806915,0.3725070059299469,0.0019651411566883326,0.007712219841778278,0.07820645265746862,0.4083079323172569,-0.8898121118545532,-0.8899378180503845
batch1_0_127,2,6,"(2, 6)",0,38,3.961808681488037,6.714111804962158,-0.00012432171206455678,-0.00012439489364624023,7.31815816834569e-08,0.0005883005285697173,0,1,0.07222504913806915,0.3725070059299469,0.07396744936704636,0.37901049852371216,0.001928982324898243,0.007530363742262125,0.08013543498236686,0.41583829605951905,-0.866202175617218,-0.8663265705108643
batch1_0_127,2,6,"(2, 6)",0,39,3.903049945831299,6.728846073150635,-0.00012282835086807609,-0.00012290477752685547,7.64266587793827e-08,0.0006218363542677013,0,1,0.07396744936704636,0.37901049852371216,0.07567765563726425,0.3853462040424347,0.001892424887046218,0.007352448534220457,0.08202785986941308,0.4231907445937395,-0.8439120054244995,-0.8440349102020264
batch1_0_127,2,7,"(2, 7)",1,0,8.732281684875488,8.138317108154297,0.0020323218777775764,0.0020318031311035156,5.187466740608215e-07,0.0002553134534146914,1,0,0.0,0.0,0.002052503637969494,0.017152272164821625,0.002052503637969494,0.017152272164821625,0.002052503637969494,0.017152272164821625,-2.1865339279174805,-2.184502124786377
batch1_0_127,2,7,"(2, 7)",1,1,8.42664909362793,7.908046722412109,0.0019405202474445105,0.001940011978149414,5.082692950963974e-07,0.00026199286438490844,1,0,0.002052503637969494,0.017152272164821625,0.0040701767429709435,0.034324515610933304,0.0020230549853295088,0.017199354246258736,0.004075558623299003,0.03435162641108036,-2.1717112064361572,-2.169771194458008
batch1_0_127,2,7,"(2, 7)",1,2,8.130226135253906,7.7098493576049805,0.001845501596108079,0.0018453598022460938,1.417938619852066e-07,7.683805717054263e-05,1,0,0.0040701767429709435,0.034324515610933304,0.006049369927495718,0.05122968927025795,0.0019944848027080297,0.01697464846074581,0.006070043426007032,0.05132627487182617,-2.1474030017852783,-2.1455576419830322
batch1_0_127,2,7,"(2, 7)",1,3,7.841691017150879,7.527680397033691,0.0017696204595267773,0.0017693042755126953,3.1618401408195496e-07,0.0001787052789381485,1,0,0.006049369927495718,0.05122968927025795,0.007988527417182922,0.06761373579502106,0.0019701202400028706,0.01652504876255989,0.008040163666009903,0.06785132363438606,-2.132033586502075,-2.1302642822265625
batch1_0_127,2,7,"(2, 7)",1,4,7.572274208068848,7.343419551849365,0.0016675650840625167,0.0016672611236572266,3.039604052901268e-07,0.00018231121746746748,1,0,0.007988527417182922,0.06761373579502106,0.009885144419968128,0.0831497386097908,0.0019489484839141369,0.015767863020300865,0.00998911214992404,0.08361918665468693,-2.0944747924804688,-2.0928075313568115
batch1_0_127,2,7,"(2, 7)",1,5,7.327945709228516,7.198594093322754,0.0015595017466694117,0.0015592575073242188,2.4423934519290924e-07,0.00015663823585626913,1,0,0.009885144419968128,0.0831497386097908,0.011749201454222202,0.09783771634101868,0.0019386793719604611,0.015009251423180103,0.011927791521884501,0.09862843807786703,-2.051408290863037,-2.049849033355713
batch1_0_127,2,7,"(2, 7)",1,6,7.098300933837891,7.083505630493164,0.001450489740818739,0.0014503002166748047,1.8952414393424988e-07,0.00013067924954792044,1,0,0.011749201454222202,0.09783771634101868,0.013585861772298813,0.11158934980630875,0.0019350895890966058,0.014192002825438976,0.013862881110981107,0.11282044090330601,-2.0279197692871094,-2.0264694690704346
batch1_0_127,2,7,"(2, 7)",1,7,6.910440444946289,6.990818500518799,0.0013361152959987521,0.0013360977172851562,1.7578713595867157e-08,1.315675745003569e-05,1,0,0.013585861772298813,0.11158934980630875,0.015403701923787594,0.12439770251512527,0.0019388418877497315,0.013403233140707016,0.01580172299873084,0.12622367404401302,-2.017993688583374,-2.016657590866089
batch1_0_127,2,7,"(2, 7)",1,8,6.730206489562988,6.941407680511475,0.0012105568312108517,0.0012106895446777344,1.327134668827057e-07,0.00010961808290665617,1,0,0.015403701923787594,0.12439770251512527,0.017210548743605614,0.1363891214132309,0.0019501026254147291,0.012759990990161896,0.017751825624145567,0.13898366503417492,-2.0137624740600586,-2.012551784515381
batch1_0_127,2,7,"(2, 7)",1,9,6.566784858703613,6.907580375671387,0.0010875877924263477,0.0010876655578613281,7.776543498039246e-08,7.149756137658921e-05,1,0,0.017210548743605614,0.1363891214132309,0.019019873812794685,0.1477685421705246,0.0019718408584594727,0.012318171560764313,0.01972366648260504,0.15130183659493923,-2.0037729740142822,-2.002685308456421
batch1_0_127,2,7,"(2, 7)",1,10,6.413082122802734,6.867382526397705,0.0009685310069471598,0.0009686946868896484,1.6367994248867035e-07,0.0001689695883583559,1,0,0.019019873812794685,0.1477685421705246,0.02083875983953476,0.15862512588500977,0.0019985001999884844,0.011959124356508255,0.021722166682593524,0.1632609609514475,-2.0228590965270996,-2.02189040184021
batch1_0_127,2,7,"(2, 7)",1,11,6.271279811859131,6.83021354675293,0.0008401325321756303,0.0008399486541748047,1.8387800082564354e-07,0.00021891576337638375,1,0,0.02083875983953476,0.15862512588500977,0.0226726233959198,0.16914993524551392,0.00202620355412364,0.01176895759999752,0.023748370236717165,0.175029918551445,-2.0335423946380615,-2.0327024459838867
batch1_0_127,2,7,"(2, 7)",1,12,6.136381149291992,6.806032657623291,0.0007203679997473955,0.0007202625274658203,1.0547228157520294e-07,0.0001464358862959285,1,0,0.0226726233959198,0.16914993524551392,0.024527965113520622,0.17930732667446136,0.002060852712020278,0.011468260549008846,0.025809222948737442,0.18649817910045385,-2.0467543601989746,-2.046034097671509
batch1_0_127,2,7,"(2, 7)",1,13,6.003041744232178,6.767073154449463,0.000580684223677963,0.0005807876586914062,1.0343501344323158e-07,0.0001780943721777504,1,0,0.024527965113520622,0.17930732667446136,0.026403134688735008,0.18913397192955017,0.002092973329126835,0.011228404939174652,0.027902196277864277,0.1977265840396285,-2.0612053871154785,-2.060624599456787
batch1_0_127,2,7,"(2, 7)",1,14,5.872671127319336,6.724656105041504,0.0004280529683455825,0.0004279613494873047,9.16188582777977e-08,0.0002140820856545961,1,0,0.026403134688735008,0.18913397192955017,0.028297841548919678,0.1986580193042755,0.00212422339245677,0.010961092077195644,0.030026419670321047,0.20868767611682415,-2.082359790802002,-2.0819318294525146
batch1_0_127,2,7,"(2, 7)",1,15,5.747702121734619,6.69073486328125,0.0002713909780140966,0.0002713203430175781,7.06349965184927e-08,0.00026033800389938487,1,0,0.028297841548919678,0.1986580193042755,0.030211230739951134,0.20791153609752655,0.0021529365330934525,0.010757291689515114,0.0321793562034145,0.21944496780633926,-2.1121716499328613,-2.1119003295898438
batch1_0_127,2,7,"(2, 7)",1,16,5.630857944488525,6.651429653167725,0.0001088862118194811,0.0001087188720703125,1.673397491686046e-07,0.0015391968844229715,1,0,0.030211230739951134,0.20791153609752655,0.03214452415704727,0.21691858768463135,0.002182122552767396,0.01054154708981514,0.034361478756181896,0.2299865148961544,-2.138317108154297,-2.1382083892822266
batch1_0_127,2,7,"(2, 7)",1,17,5.522645950317383,6.628087997436523,-8.18669650470838e-05,-8.20159912109375e-05,1.4902616385370493e-07,0.0018170378928960755,0,1,0.03214452415704727,0.21691858768463135,0.034097276628017426,0.22569173574447632,0.0022123807575553656,0.010335193946957588,0.03657385951373726,0.240321708843112,-2.1796154975891113,-2.1796975135803223
batch1_0_127,2,7,"(2, 7)",1,18,5.414422035217285,6.602200031280518,-0.00028145231772214174,-0.0002815723419189453,1.200241968035698e-07,0.0004262641564352244,0,1,0.034097276628017426,0.22569173574447632,0.036067526787519455,0.23430626094341278,0.002238242421299219,0.01018724124878645,0.03881210193503648,0.25050895009189844,-2.228628158569336,-2.228909730911255
batch1_0_127,2,7,"(2, 7)",1,19,5.307530403137207,6.572957515716553,-0.00047622097190469503,-0.0004763603210449219,1.3934914022684097e-07,0.000292528856981982,0,1,0.036067526787519455,0.23430626094341278,0.038053348660469055,0.2427595555782318,0.0022609690204262733,0.0100294454023242,0.041073070955462754,0.26053839549422264,-2.27396297454834,-2.2744393348693848
batch1_0_127,2,7,"(2, 7)",1,20,5.200697898864746,6.546532154083252,-0.0006692727329209447,-0.0006694793701171875,2.066371962428093e-07,0.0003086535679309117,0,1,0.038053348660469055,0.2427595555782318,0.04004911705851555,0.25107595324516296,0.0022756506223231554,0.009840739890933037,0.04334872157778591,0.2703791353851557,-2.320504903793335,-2.321174383163452
batch1_0_127,2,7,"(2, 7)",1,21,5.104241371154785,6.521704196929932,-0.0008805847028270364,-0.0008807182312011719,1.3352837413549423e-07,0.0001516130464943151,0,1,0.04004911705851555,0.25107595324516296,0.04205497354269028,0.25919023156166077,0.0022936263121664524,0.00964881107211113,0.04564234788995236,0.2800279464572668,-2.3689706325531006,-2.3698513507843018
batch1_0_127,2,7,"(2, 7)",1,22,5.018211364746094,6.5051589012146,-0.0010721276048570871,-0.0010721683502197266,4.0745362639427185e-08,3.80027657327107e-05,0,1,0.04205497354269028,0.25919023156166077,0.04407355934381485,0.26720452308654785,0.0023086017463356256,0.009525550529360771,0.04795094963628799,0.2895534969866276,-2.407201051712036,-2.408273220062256
batch1_0_127,2,7,"(2, 7)",1,23,4.9304986000061035,6.48754358291626,-0.0012616870226338506,-0.0012619495391845703,2.62516550719738e-07,0.00020802460206877007,0,1,0.04407355934381485,0.26720452308654785,0.046103209257125854,0.27506715059280396,0.0023218910209834576,0.009360904805362225,0.050272840657271445,0.2989144017919898,-2.446542978286743,-2.4478049278259277
batch1_0_127,2,7,"(2, 7)",1,24,4.839935302734375,6.470849990844727,-0.0014292255509644747,-0.0014295578002929688,3.3224932849407196e-07,0.00023241405728819214,0,1,0.046103209257125854,0.27506715059280396,0.048137497156858444,0.282787561416626,0.0023253080435097218,0.009206889197230339,0.05259814870078117,0.30812129098922014,-2.479583263397217,-2.4810128211975098
batch1_0_127,2,7,"(2, 7)",1,25,4.754230499267578,6.464016914367676,-0.0015714142937213182,-0.0015721321105957031,7.178168743848801e-07,0.00045658813883833787,0,1,0.048137497156858444,0.282787561416626,0.05017499998211861,0.2903832197189331,0.002326143439859152,0.009069972671568394,0.05492429214064032,0.31719126366078854,-2.524418830871582,-2.5259909629821777
batch1_0_127,2,7,"(2, 7)",1,26,4.672226905822754,6.450350761413574,-0.001717988052405417,-0.001718759536743164,7.71484337747097e-07,0.0004488611241156887,0,1,0.05017499998211861,0.2903832197189331,0.052213117480278015,0.29785019159317017,0.0023249341174960136,0.008930465206503868,0.05724922625813633,0.3261217288672924,-2.5619876384735107,-2.563706398010254
batch1_0_127,2,7,"(2, 7)",1,27,4.5894317626953125,6.4293694496154785,-0.0018542137695476413,-0.0018544197082519531,2.059387043118477e-07,0.00011105290964901003,0,1,0.052213117480278015,0.29785019159317017,0.0542500875890255,0.3051947057247162,0.00232141837477684,0.008803468197584152,0.05957064463291317,0.33492519706487656,-2.590275287628174,-2.592129707336426
batch1_0_127,2,7,"(2, 7)",1,28,4.510431289672852,6.433992385864258,-0.0019570423755794764,-0.001957416534423828,3.741588443517685e-07,0.00019114932247259439,0,1,0.0542500875890255,0.3051947057247162,0.05627958104014397,0.31241574883461,0.002306670416146517,0.00865787174552679,0.06187731504905969,0.34358306881040335,-2.6208105087280273,-2.622767925262451
batch1_0_127,2,7,"(2, 7)",1,29,4.43203067779541,6.428269386291504,-0.002039806917309761,-0.002040386199951172,5.792826414108276e-07,0.0002839083313858378,0,1,0.05627958104014397,0.31241574883461,0.05829959735274315,0.31953492760658264,0.002289949217811227,0.008523140102624893,0.06416726426687092,0.35210620891302824,-2.655956983566284,-2.6579973697662354
batch1_0_127,2,7,"(2, 7)",1,30,4.357295513153076,6.429722309112549,-0.0021098589058965445,-0.002110004425048828,1.4551915228366852e-07,6.896627824858757e-05,0,1,0.05829959735274315,0.31953492760658264,0.06030559539794922,0.32654762268066406,0.002268287120386958,0.008386570028960705,0.06643555138725787,0.36049277894198895,-2.69222354888916,-2.694333553314209
batch1_0_127,2,7,"(2, 7)",1,31,4.283992767333984,6.430009365081787,-0.002166819293051958,-0.0021674633026123047,6.440095603466034e-07,0.0002971259349906501,0,1,0.06030559539794922,0.32654762268066406,0.062293317168951035,0.3334324359893799,0.0022425008937716484,0.008232342079281807,0.06867805228102952,0.36872512102127075,-2.726633071899414,-2.7288005352020264
batch1_0_127,2,7,"(2, 7)",1,32,4.218626976013184,6.437572956085205,-0.0022525039967149496,-0.002252817153930664,3.1315721571445465e-07,0.0001390069385649275,0,1,0.062293317168951035,0.3334324359893799,0.06426523625850677,0.3401998281478882,0.002221554284915328,0.008093046955764294,0.07089960656594485,0.37681816797703505,-2.7742104530334473,-2.776463270187378
batch1_0_127,2,7,"(2, 7)",1,33,4.153017997741699,6.440632343292236,-0.0023074729833751917,-0.002307891845703125,4.1886232793331146e-07,0.000181491315857438,0,1,0.06426523625850677,0.3401998281478882,0.06621438264846802,0.34681761264801025,0.002191436942666769,0.007927626371383667,0.07309104350861162,0.3847457943484187,-2.804448127746582,-2.806756019592285
batch1_0_127,2,7,"(2, 7)",1,34,4.08803129196167,6.4465861320495605,-0.0023467347491532564,-0.002347230911254883,4.961621016263962e-07,0.0002113818880142204,0,1,0.06621438264846802,0.34681761264801025,0.06813851743936539,0.35330983996391296,0.0021584019996225834,0.007768899202346802,0.0752494455082342,0.3925146935507655,-2.840738296508789,-2.843085527420044
batch1_0_127,2,7,"(2, 7)",1,35,4.029350280761719,6.445401668548584,-0.002384945284575224,-0.002385377883911133,4.3259933590888977e-07,0.00018135463518240878,0,1,0.06813851743936539,0.35330983996391296,0.07003581523895264,0.35968801379203796,0.0021240178029984236,0.007617882918566465,0.07737346331123263,0.400132576469332,-2.880913496017456,-2.883298873901367
batch1_0_127,2,7,"(2, 7)",1,36,3.9716362953186035,6.450717926025391,-0.0024257914628833532,-0.0024263858795166016,5.944166332483292e-07,0.00024498025572369065,0,1,0.07003581523895264,0.35968801379203796,0.07190396636724472,0.3659309148788452,0.002087862929329276,0.007454443722963333,0.0794613262405619,0.4075870201922953,-2.9058382511138916,-2.908264636993408
batch1_0_127,2,7,"(2, 7)",1,37,3.9155430793762207,6.454544544219971,-0.0024699640925973654,-0.002470731735229492,7.676426321268082e-07,0.00031069444779504007,0,1,0.07190396636724472,0.3659309148788452,0.07373970001935959,0.3720255494117737,0.002049672417342663,0.00728048337623477,0.08151099865790457,0.4148675035685301,-2.935044765472412,-2.9375154972076416
batch1_0_127,2,7,"(2, 7)",1,38,3.8641507625579834,6.459029197692871,-0.0024792461190372705,-0.0024797916412353516,5.455221980810165e-07,0.00021998711061436402,0,1,0.07373970001935959,0.3720255494117737,0.07554377615451813,0.37797945737838745,0.0020110872574150562,0.007117159198969603,0.08352208591531962,0.4219846627674997,-2.9542300701141357,-2.956709861755371
batch1_0_127,2,7,"(2, 7)",1,39,3.8138844966888428,6.467938423156738,-0.002498268848285079,-0.002498626708984375,3.578606992959976e-07,0.0001432229544370229,0,1,0.07554377615451813,0.37797945737838745,0.07731455564498901,0.38380470871925354,0.001970976358279586,0.006956377066671848,0.08549306227359921,0.42894103983417153,-2.980656147003174,-2.983154773712158
batch1_0_127,3,4,"(3, 4)",0,0,8.751189231872559,8.138317108154297,0.0022302144207060337,0.0022296905517578125,5.238689482212067e-07,0.00023495141413601368,1,0,0.0,0.0,0.0019778709392994642,0.017142247408628464,0.0019778709392994642,0.017142247408628464,0.0019778709392994642,0.017142247408628464,-2.0997941493988037,-2.097564458847046
batch1_0_127,3,4,"(3, 4)",0,1,8.441827774047852,7.917293071746826,0.0019652789924293756,0.0019649267196655273,3.5227276384830475e-07,0.00017928035703452042,1,0,0.0019778709392994642,0.017142247408628464,0.003920858725905418,0.03388316184282303,0.0019487835234031081,0.016766957938671112,0.003926654462702572,0.033909205347299576,-1.9278841018676758,-1.9259191751480103
batch1_0_127,3,4,"(3, 4)",0,2,8.160314559936523,7.729770660400391,0.0017188512720167637,0.001718759536743164,9.173527359962463e-08,5.337295394645582e-05,1,0,0.003920858725905418,0.03388316184282303,0.005824408959597349,0.050090499222278595,0.0019201083341613412,0.016273001208901405,0.0058467627968639135,0.05018220655620098,-1.7691808938980103,-1.767462134361267
batch1_0_127,3,4,"(3, 4)",0,3,7.887818336486816,7.536640644073486,0.0015271938173100352,0.0015270709991455078,1.2281816452741623e-07,8.042727849336455e-05,1,0,0.005824408959597349,0.050090499222278595,0.007684946525841951,0.06548963487148285,0.0018938810098916292,0.015526855364441872,0.007740643806755543,0.06570906192064285,-1.6492388248443604,-1.6477117538452148
batch1_0_127,3,4,"(3, 4)",0,4,7.641417503356934,7.3721089363098145,0.0013428000966086984,0.0013427734375,2.6659108698368073e-08,1.9853765314275567e-05,1,0,0.007684946525841951,0.06548963487148285,0.009506825357675552,0.07992930710315704,0.0018765400163829327,0.014664500020444393,0.009617183823138475,0.08037356194108725,-1.5344834327697754,-1.5331406593322754
batch1_0_127,3,4,"(3, 4)",0,5,7.434847831726074,7.2223615646362305,0.0011968758190050721,0.0011966228485107422,2.5297049432992935e-07,0.0002114036972006376,1,0,0.009506825357675552,0.07992930710315704,0.011304149404168129,0.09357843548059464,0.0018736515194177628,0.014003532007336617,0.011490835342556238,0.09437709394842386,-1.4434744119644165,-1.4422777891159058
batch1_0_127,3,4,"(3, 4)",0,6,7.2401580810546875,7.102291584014893,0.0010931652504950762,0.0010930299758911133,1.3527460396289825e-07,0.00012376111080815793,1,0,0.011304149404168129,0.09357843548059464,0.013088987208902836,0.1064901202917099,0.0018810032634064555,0.013400154188275337,0.013371838605962694,0.1077772481366992,-1.3803614377975464,-1.3792684078216553
batch1_0_127,3,4,"(3, 4)",0,7,7.0670485496521,7.008984565734863,0.001016213558614254,0.0010160207748413086,1.9278377294540405e-07,0.0001897439281942978,1,0,0.013088987208902836,0.1064901202917099,0.014868666417896748,0.1188155859708786,0.0018918535206466913,0.012928921729326248,0.015263692126609385,0.12070616986602545,-1.3433573246002197,-1.3423413038253784
batch1_0_127,3,4,"(3, 4)",0,8,6.8972368240356445,6.91593074798584,0.0009609951521269977,0.0009608268737792969,1.6827834770083427e-07,0.00017513909351736973,1,0,0.014868666417896748,0.1188155859708786,0.01664663292467594,0.13062907755374908,0.0019050078699365258,0.012531610205769539,0.01716869999654591,0.133237780071795,-1.3046669960021973,-1.303706169128418
batch1_0_127,3,4,"(3, 4)",0,9,6.735893249511719,6.8414459228515625,0.0009022276499308646,0.0009021759033203125,5.1746610552072525e-08,5.735756226876321e-05,1,0,0.01664663292467594,0.13062907755374908,0.018423864617943764,0.14193382859230042,0.0019182353280484676,0.01213884074240923,0.01908693532459438,0.14537662081420422,-1.2895207405090332,-1.288618564605713
batch1_0_127,3,4,"(3, 4)",0,10,6.585005760192871,6.758253574371338,0.0008569490164518356,0.0008568763732910156,7.264316082000732e-08,8.477671118530885e-05,1,0,0.018423864617943764,0.14193382859230042,0.02020438015460968,0.15282197296619415,0.0019336806144565344,0.011831565760076046,0.021020615939050913,0.15720818657428026,-1.2848767042160034,-1.2840198278427124
batch1_0_127,3,4,"(3, 4)",0,11,6.441030502319336,6.6801838874816895,0.0008185528567992151,0.0008184909820556641,6.187474355101585e-08,7.559612128604719e-05,1,0,0.02020438015460968,0.15282197296619415,0.021991372108459473,0.1633804440498352,0.001948957797139883,0.011558308266103268,0.022969573736190796,0.16876649484038353,-1.2773795127868652,-1.2765610218048096
batch1_0_127,3,4,"(3, 4)",0,12,6.306364059448242,6.623624801635742,0.0007868146058171988,0.0007866621017456055,1.525040715932846e-07,0.00019386223291407788,1,0,0.021991372108459473,0.1633804440498352,0.023784281685948372,0.17366603016853333,0.001962454989552498,0.011298105120658875,0.024932028725743294,0.1800645999610424,-1.287196397781372,-1.2864097356796265
batch1_0_127,3,4,"(3, 4)",0,13,6.1759772300720215,6.548300266265869,0.0007484157686121762,0.0007483959197998047,1.9848812371492386e-08,2.65218073032813e-05,1,0,0.023784281685948372,0.17366603016853333,0.025584274902939796,0.18370814621448517,0.001976256025955081,0.011105561628937721,0.026908284751698375,0.19117016158998013,-1.288600206375122,-1.2878518104553223
batch1_0_127,3,4,"(3, 4)",0,14,6.0529255867004395,6.481405258178711,0.0007209434406831861,0.0007208585739135742,8.486676961183548e-08,0.00011773012444187201,1,0,0.025584274902939796,0.18370814621448517,0.027392348274588585,0.19348932802677155,0.0019885709043592215,0.01086779311299324,0.028896855656057596,0.20203795470297337,-1.2779840230941772,-1.2772631645202637
batch1_0_127,3,4,"(3, 4)",0,15,5.933372497558594,6.424404621124268,0.0006899971049278975,0.0006897449493408203,2.521555870771408e-07,0.0003655780115796751,1,0,0.027392348274588585,0.19348932802677155,0.029206644743680954,0.20301923155784607,0.002000190084800124,0.0106466393917799,0.03089704574085772,0.21268459409475327,-1.2871150970458984,-1.2864253520965576
batch1_0_127,3,4,"(3, 4)",0,16,5.823054313659668,6.386657238006592,0.0006631950964219868,0.0006631612777709961,3.3818650990724564e-08,5.099611832644257e-05,1,0,0.029206644743680954,0.20301923155784607,0.031026992946863174,0.212396040558815,0.002010107971727848,0.010502427816390991,0.03290715371258557,0.22318702191114426,-1.2938765287399292,-1.2932133674621582
batch1_0_127,3,4,"(3, 4)",0,17,5.7097601890563965,6.363715648651123,0.0006295691709965467,0.000629425048828125,1.441221684217453e-07,0.0002289743134469697,1,0,0.031026992946863174,0.212396040558815,0.03285173699259758,0.22161215543746948,0.0020181576255708933,0.01036032848060131,0.03492531133815646,0.23354735039174557,-1.3012852668762207,-1.3006558418273926
batch1_0_127,3,4,"(3, 4)",0,18,5.59883975982666,6.337008953094482,0.0006004886818118393,0.0006005764007568359,8.771894499659538e-08,0.00014605792849344977,1,0,0.03285173699259758,0.22161215543746948,0.03467973694205284,0.2306794822216034,0.00202547712251544,0.01022755540907383,0.0369507884606719,0.2437749058008194,-1.3230297565460205,-1.3224291801452637
batch1_0_127,3,4,"(3, 4)",0,19,5.4961066246032715,6.32586145401001,0.0005719797918573022,0.0005719661712646484,1.3620592653751373e-08,2.381363328470196e-05,1,0,0.03467973694205284,0.2306794822216034,0.036511920392513275,0.23963801562786102,0.0020337761379778385,0.010127600282430649,0.03898456459864974,0.25390250608325005,-1.3485500812530518,-1.347978115081787
batch1_0_127,3,4,"(3, 4)",0,20,5.394460678100586,6.319722652435303,0.0005453540943562984,0.0005452632904052734,9.080395102500916e-08,0.0001665323021425448,1,0,0.036511920392513275,0.23963801562786102,0.03834298625588417,0.24850104749202728,0.0020365428645163774,0.010025075636804104,0.04102110746316612,0.26392758172005415,-1.3836733102798462,-1.383128046989441
batch1_0_127,3,4,"(3, 4)",0,21,5.2957611083984375,6.321037769317627,0.0005031056352891028,0.0005029439926147461,1.61642674356699e-07,0.00032139299152642806,1,0,0.03834298625588417,0.24850104749202728,0.04017280414700508,0.257281631231308,0.002040704945102334,0.009958527982234955,0.04306181240826845,0.2738861097022891,-1.4116193056106567,-1.411116361618042
batch1_0_127,3,4,"(3, 4)",0,22,5.194798469543457,6.33034610748291,0.0004726715269498527,0.0004725456237792969,1.2590317055583e-07,0.00026643601002774973,1,0,0.04017280414700508,0.257281631231308,0.042000968009233475,0.2659626007080078,0.002042661653831601,0.009868143126368523,0.04510447406210005,0.2837542528286576,-1.4365768432617188,-1.4361042976379395
batch1_0_127,3,4,"(3, 4)",0,23,5.0961737632751465,6.343952178955078,0.0004448403196875006,0.00044465065002441406,1.8966966308653355e-07,0.0004265588346179625,1,0,0.042000968009233475,0.2659626007080078,0.04382601007819176,0.2745203971862793,0.002042952226474881,0.009762275032699108,0.047147426288574934,0.29351652786135674,-1.476603627204895,-1.4761589765548706
batch1_0_127,3,4,"(3, 4)",0,24,4.998420238494873,6.3530707359313965,0.00041161521221511066,0.00041174888610839844,1.336738932877779e-07,0.0003246490708236827,1,0,0.04382601007819176,0.2745203971862793,0.04564526677131653,0.28297320008277893,0.0020404867827892303,0.009663311764597893,0.049187913071364164,0.30317983962595463,-1.5125372409820557,-1.5121254920959473
batch1_0_127,3,4,"(3, 4)",0,25,4.901759624481201,6.365888595581055,0.00040766954771243036,0.0004075765609741211,9.298673830926418e-08,0.0002281454509725066,1,0,0.04564526677131653,0.28297320008277893,0.047457288950681686,0.29128196835517883,0.0020347395911812782,0.009522502310574055,0.05122265266254544,0.3127023419365287,-1.5549519062042236,-1.5545443296432495
batch1_0_127,3,4,"(3, 4)",0,26,4.811058521270752,6.37191104888916,0.0003643383679445833,0.00036406517028808594,2.731976564973593e-07,0.0007504086597495089,1,0,0.047457288950681686,0.29128196835517883,0.04926420375704765,0.2994287610054016,0.0020343628711998463,0.009394585154950619,0.05325701553374529,0.3220969270914793,-1.5782983303070068,-1.5779342651367188
batch1_0_127,3,4,"(3, 4)",0,27,4.719313621520996,6.408639907836914,0.0003545161453075707,0.00035440921783447266,1.0692747309803963e-07,0.00030170624159098555,1,0,0.04926420375704765,0.2994287610054016,0.05106024071574211,0.30743134021759033,0.002023865468800068,0.009239017963409424,0.05528088100254536,0.3313359450548887,-1.6250876188278198,-1.6247332096099854
batch1_0_127,3,4,"(3, 4)",0,28,4.632270812988281,6.435472011566162,0.00034233403857797384,0.0003421306610107422,2.0337756723165512e-07,0.0005944441419860627,1,0,0.05106024071574211,0.30743134021759033,0.05284389480948448,0.3152701258659363,0.0020103296265006065,0.009070749394595623,0.05729121062904596,0.34040669444948435,-1.6624246835708618,-1.662082552909851
batch1_0_127,3,4,"(3, 4)",0,29,4.54422664642334,6.458333969116211,0.0003281924582552165,0.0003279447555541992,2.4770270101726055e-07,0.0007553183785441658,1,0,0.05284389480948448,0.3152701258659363,0.054612673819065094,0.3229098320007324,0.001995144411921501,0.008878204971551895,0.059286355040967464,0.34928489942103624,-1.7109196186065674,-1.7105916738510132
batch1_0_127,3,4,"(3, 4)",0,30,4.462166786193848,6.485289573669434,0.0003114953578915447,0.0003114938735961914,1.4842953532934189e-09,4.765086825487945e-06,1,0,0.054612673819065094,0.3229098320007324,0.056366197764873505,0.33039578795433044,0.001978499349206686,0.00871346890926361,0.06126485439017415,0.35799836833029985,-1.7442283630371094,-1.7439168691635132
batch1_0_127,3,4,"(3, 4)",0,31,4.387615203857422,6.523193359375,0.0003011898370459676,0.00030112266540527344,6.717164069414139e-08,0.00022307068982581156,1,0,0.056366197764873505,0.33039578795433044,0.05810357257723808,0.3377154767513275,0.0019609276205301285,0.00855895783752203,0.06322578201070428,0.3665573261678219,-1.7770335674285889,-1.7767324447631836
batch1_0_127,3,4,"(3, 4)",0,32,4.307316780090332,6.552731513977051,0.0002886306319851428,0.00028824806213378906,3.8256985135376453e-07,0.001327224365436311,1,0,0.05810357257723808,0.3377154767513275,0.05982028320431709,0.34487077593803406,0.0019387488719075918,0.008386584930121899,0.06516453088261187,0.3749439110979438,-1.8232421875,-1.8229539394378662
batch1_0_127,3,4,"(3, 4)",0,33,4.2308430671691895,6.583531379699707,0.0002504022850189358,0.00025022029876708984,1.8198625184595585e-07,0.0007273041105883754,1,0,0.05982028320431709,0.34487077593803406,0.06151345744729042,0.3518350422382355,0.0019132611341774464,0.008171575143933296,0.06707779201678932,0.3831154862418771,-1.862981915473938,-1.862731695175171
batch1_0_127,3,4,"(3, 4)",0,34,4.16329288482666,6.621736526489258,0.00025080153136514127,0.0002505779266357422,2.2360472939908504e-07,0.0008923560522716461,1,0,0.06151345744729042,0.3518350422382355,0.06318467855453491,0.3586201071739197,0.001888623577542603,0.007988059893250465,0.06896641559433192,0.39110354613512754,-1.9082016944885254,-1.9079511165618896
batch1_0_127,3,4,"(3, 4)",0,35,4.101970672607422,6.641206741333008,0.0002614131080918014,0.0002613067626953125,1.0634539648890495e-07,0.00040697529368156936,1,0,0.06318467855453491,0.3586201071739197,0.06483451277017593,0.3652578890323639,0.0018613154534250498,0.007818710058927536,0.07082773104775697,0.3989222561940551,-1.9517381191253662,-1.951476812362671
batch1_0_127,3,4,"(3, 4)",0,36,4.042257308959961,6.676283359527588,0.0002791261940728873,0.0002789497375488281,1.7645652405917645e-07,0.0006325746193910257,1,0,0.06483451277017593,0.3652578890323639,0.06646086275577545,0.37173768877983093,0.0018322280375286937,0.007642366457730532,0.07265995908528566,0.4065646226517856,-1.9992012977600098,-1.998922348022461
batch1_0_127,3,4,"(3, 4)",0,37,3.9858717918395996,6.716038703918457,0.00028180357185192406,0.0002815723419189453,2.3122993297874928e-07,0.0008212096806202371,1,0,0.06646086275577545,0.37173768877983093,0.06806310266256332,0.37807947397232056,0.0018032481893897057,0.007480091881006956,0.07446320727467537,0.41404471453279257,-2.039686441421509,-2.03940486907959
batch1_0_127,3,4,"(3, 4)",0,38,3.9306435585021973,6.755691051483154,0.0002719667390920222,0.00027179718017578125,1.6955891624093056e-07,0.0006238435444078948,1,0,0.06806310266256332,0.37807947397232056,0.06963937729597092,0.3842679560184479,0.0017726084915921092,0.007308068219572306,0.07623581576626748,0.4213527827523649,-2.0745162963867188,-2.074244499206543
batch1_0_127,3,4,"(3, 4)",0,39,3.8774492740631104,6.8008809089660645,0.00026231829542666674,0.0002620220184326172,2.962769940495491e-07,0.0011307331949499545,1,0,0.06963937729597092,0.3842679560184479,0.07118888944387436,0.3903079032897949,0.001741806510835886,0.007141883950680494,0.07797762227710336,0.42849466670304537,-2.112285852432251,-2.1120238304138184
batch1_0_127,3,5,"(3, 5)",0,0,8.755748748779297,8.138317108154297,0.0012996207224205136,0.0012995004653930664,1.2025702744722366e-07,9.254096527841482e-05,1,0,0.0,0.0,0.0019966342952102423,0.017188003286719322,0.0019966342952102423,0.017188003286719322,0.0019966342952102423,0.017188003286719322,-1.3464537858963013,-1.3451542854309082
batch1_0_127,3,5,"(3, 5)",0,1,8.45405387878418,7.913649082183838,0.0012281970120966434,0.0012279748916625977,2.2212043404579163e-07,0.00018088353072517232,1,0,0.0019966342952102423,0.017188003286719322,0.003953692503273487,0.03393087908625603,0.001963067566975951,0.016775842756032944,0.0039597018621861935,0.033963846042752266,-1.2938458919525146,-1.292617917060852
batch1_0_127,3,5,"(3, 5)",0,2,8.169750213623047,7.733878135681152,0.0011637263232842088,0.001163482666015625,2.4365726858377457e-07,0.0002094206262807377,1,0,0.003953692503273487,0.03393087908625603,0.005880187731236219,0.050448331981897354,0.0019424406345933676,0.016593512147665024,0.005902142496779561,0.05055735819041729,-1.2395765781402588,-1.2384130954742432
batch1_0_127,3,5,"(3, 5)",0,3,7.882634162902832,7.524617671966553,0.0010940618813037872,0.0010939836502075195,7.82310962677002e-08,7.151029748283753e-05,1,0,0.005880187731236219,0.050448331981897354,0.007770429830998182,0.06648634374141693,0.001921752467751503,0.01617259345948696,0.007823894964531064,0.06672995164990425,-1.1818525791168213,-1.1807585954666138
batch1_0_127,3,5,"(3, 5)",0,4,7.618417739868164,7.334923267364502,0.0010233933571726084,0.0010232925415039062,1.0081566870212555e-07,9.852086731127679e-05,1,0,0.007770429830998182,0.06648634374141693,0.009628714993596077,0.08203565329313278,0.0019089669222012162,0.01577959768474102,0.00973286188673228,0.08250954933464527,-1.1116738319396973,-1.1106505393981934
batch1_0_127,3,5,"(3, 5)",0,5,7.369324684143066,7.179043292999268,0.000965351820923388,0.0009652376174926758,1.1420343071222305e-07,0.00011831639032975177,1,0,0.009628714993596077,0.08203565329313278,0.01146018411964178,0.09694401174783707,0.0019020602339878678,0.015230894088745117,0.011634922120720148,0.09774044342339039,-1.0539791584014893,-1.0530139207839966
batch1_0_127,3,5,"(3, 5)",0,6,7.140160083770752,7.042431354522705,0.0009198625339195132,0.0009198188781738281,4.3655745685100555e-08,4.746124125194401e-05,1,0,0.01146018411964178,0.09694401174783707,0.013273081742227077,0.11105021089315414,0.0019052395364269614,0.014536730945110321,0.01354016165714711,0.11227717436850071,-1.0089229345321655,-1.0080031156539917
batch1_0_127,3,5,"(3, 5)",0,7,6.932792663574219,6.940578460693359,0.000853654055390507,0.0008535385131835938,1.155422069132328e-07,0.0001353684750349162,1,0,0.013273081742227077,0.11105021089315414,0.015069860965013504,0.12435978651046753,0.0019117688061669469,0.013860447332262993,0.015451930463314056,0.1261376217007637,-0.952991247177124,-0.9521377086639404
batch1_0_127,3,5,"(3, 5)",0,8,6.733325481414795,6.827027320861816,0.0007879769545979798,0.0007879137992858887,6.315531209111214e-08,8.015510344958015e-05,1,0,0.015069860965013504,0.12435978651046753,0.016853248700499535,0.13691386580467224,0.0019189489539712667,0.01325815450400114,0.017370879417285323,0.13939577620476484,-0.9172936677932739,-0.916505753993988
batch1_0_127,3,5,"(3, 5)",0,9,6.557999610900879,6.74506950378418,0.0007250753114931285,0.000725090503692627,1.5192199498414993e-08,2.095214241676942e-05,1,0,0.016853248700499535,0.13691386580467224,0.01862664334475994,0.14886781573295593,0.001924901152960956,0.012776701711118221,0.01929578057024628,0.15217247791588306,-0.8751760125160217,-0.8744509220123291
batch1_0_127,3,5,"(3, 5)",0,10,6.402076721191406,6.645535945892334,0.000667654792778194,0.000667572021484375,8.277129381895065e-08,0.00012398856026785715,1,0,0.01862664334475994,0.14886781573295593,0.02039896510541439,0.16046053171157837,0.0019392536487430334,0.012521347030997276,0.021235034218989313,0.16469382494688034,-0.8388271331787109,-0.8381595611572266
batch1_0_127,3,5,"(3, 5)",0,11,6.241329193115234,6.559145927429199,0.0006077825673855841,0.0006076693534851074,1.1321390047669411e-07,0.00018630839259440901,1,0,0.02039896510541439,0.16046053171157837,0.02216729149222374,0.17167018353939056,0.001949789933860302,0.012216674163937569,0.023184824152849615,0.1769104991108179,-0.7975224256515503,-0.7969147562980652
batch1_0_127,3,5,"(3, 5)",0,12,6.091627597808838,6.482584476470947,0.0005436709034256637,0.0005436539649963379,1.6938429325819016e-08,3.1156637156013596e-05,1,0,0.02216729149222374,0.17167018353939056,0.023929709568619728,0.18240629136562347,0.0019558388739824295,0.011781951412558556,0.025140663026832044,0.18869245052337646,-0.7574530839920044,-0.7569094300270081
batch1_0_127,3,5,"(3, 5)",0,13,5.9591546058654785,6.416957378387451,0.00047888129483908415,0.0004788637161254883,1.7578713595867157e-08,3.670922018919592e-05,1,0,0.023929709568619728,0.18240629136562347,0.025687023997306824,0.19273170828819275,0.0019613655749708414,0.011433563195168972,0.027102028601802886,0.20012601371854544,-0.7219077348709106,-0.7214288711547852
batch1_0_127,3,5,"(3, 5)",0,14,5.827268600463867,6.358532905578613,0.0004163183912169188,0.00041621923446655273,9.915675036609173e-08,0.00023823202330660174,1,0,0.025687023997306824,0.19273170828819275,0.027439728379249573,0.20278291404247284,0.001964194467291236,0.011197295039892197,0.02906622306909412,0.21132330875843763,-0.6862692832946777,-0.6858530640602112
batch1_0_127,3,5,"(3, 5)",0,15,5.7027363777160645,6.31380033493042,0.0003596822207327932,0.00035959482192993164,8.739880286157131e-08,0.0002430480016161114,1,0,0.027439728379249573,0.20278291404247284,0.02918783761560917,0.2126588672399521,0.0019644040148705244,0.011045198887586594,0.031030627083964646,0.22236850764602423,-0.6526228785514832,-0.6522632837295532
batch1_0_127,3,5,"(3, 5)",0,16,5.580550193786621,6.292298793792725,0.00031719336402602494,0.0003171563148498535,3.7049176171422005e-08,0.00011681676963916556,1,0,0.02918783761560917,0.2126588672399521,0.03092925064265728,0.22242499887943268,0.0019606847781687975,0.010936560109257698,0.03299131186213344,0.23330506775528193,-0.630690336227417,-0.6303731799125671
batch1_0_127,3,5,"(3, 5)",0,17,5.461395740509033,6.26336145401001,0.0002599956060294062,0.0002599954605102539,1.4551915228366852e-10,5.596988193489225e-07,1,0,0.03092925064265728,0.22242499887943268,0.032660841941833496,0.23196057975292206,0.00195706426165998,0.010747848078608513,0.03494837612379342,0.24405291583389044,-0.5988113880157471,-0.5985513925552368
batch1_0_127,3,5,"(3, 5)",0,18,5.34539794921875,6.240673065185547,0.00020475598284974694,0.0002047419548034668,1.4028046280145645e-08,6.851573871906841e-05,1,0,0.032660841941833496,0.23196057975292206,0.034378934651613235,0.24132727086544037,0.0019503493094816804,0.010619600303471088,0.036898725433275104,0.2546725161373615,-0.5696157217025757,-0.5694109797477722
batch1_0_127,3,5,"(3, 5)",0,19,5.231507778167725,6.211048126220703,0.00016511298599652946,0.00016510486602783203,8.119968697428703e-09,4.918067463898917e-05,1,0,0.034378934651613235,0.24132727086544037,0.036086469888687134,0.2505839169025421,0.0019436146831139922,0.010527119040489197,0.038842340116389096,0.2651996351778507,-0.5367475748062134,-0.5365824699401855
batch1_0_127,3,5,"(3, 5)",0,20,5.1201372146606445,6.197693824768066,0.0001216321688843891,0.00012159347534179688,3.869354259222746e-08,0.0003182205499387255,1,0,0.036086469888687134,0.2505839169025421,0.03777994215488434,0.2596518397331238,0.0019343753810971975,0.01035835687071085,0.04077671549748629,0.2755579920485616,-0.5105664730072021,-0.5104448795318604
batch1_0_127,3,5,"(3, 5)",0,21,5.012822151184082,6.178966045379639,7.610199827468023e-05,7.608532905578613e-05,1.666921889409423e-08,0.00021908584875636507,1,0,0.03777994215488434,0.2596518397331238,0.03945768252015114,0.26848429441452026,0.0019248694879934192,0.010156196542084217,0.04270158498547971,0.2857141885906458,-0.4907226860523224,-0.4906466007232666
batch1_0_127,3,5,"(3, 5)",0,22,4.908402442932129,6.154445171356201,4.075253309565596e-05,4.07099723815918e-05,4.256071406416595e-08,0.0010454616295296486,1,0,0.03945768252015114,0.26848429441452026,0.04112064838409424,0.2771305441856384,0.0019133264431729913,0.009977001696825027,0.044614911428652704,0.2956911902874708,-0.4761080741882324,-0.47606736421585083
batch1_0_127,3,5,"(3, 5)",0,23,4.8067731857299805,6.130080699920654,1.2013290870527271e-05,1.2010335922241211e-05,2.954948286060244e-09,0.00024603377500775436,1,0,0.04112064838409424,0.2771305441856384,0.0427643246948719,0.2855633497238159,0.0018988471711054444,0.009782535023987293,0.04651375859975815,0.3054737253114581,-0.4653094410896301,-0.4652974307537079
batch1_0_127,3,5,"(3, 5)",0,24,4.713356018066406,6.130512714385986,-7.073143024172168e-06,-7.12275505065918e-06,4.961202648701146e-08,0.006965286063349895,0,1,0.0427643246948719,0.2855633497238159,0.04438967630267143,0.2938203513622284,0.0018819390097633004,0.009615426883101463,0.04839569760952145,0.3150891521945596,-0.45647093653678894,-0.4564780592918396
batch1_0_127,3,5,"(3, 5)",0,25,4.6194610595703125,6.140183448791504,-2.4371103791054338e-05,-2.440810203552246e-05,3.699824446812272e-08,0.0015158181662087912,0,1,0.04438967630267143,0.2938203513622284,0.04599348455667496,0.301885187625885,0.0018630775157362223,0.009436073713004589,0.05025877512525767,0.32452522590756416,-0.4442695081233978,-0.44429391622543335
batch1_0_127,3,5,"(3, 5)",0,26,4.526897430419922,6.147615909576416,-4.7922032536007464e-05,-4.795193672180176e-05,2.990418579429388e-08,0.0006236283211622126,0,1,0.04599348455667496,0.301885187625885,0.047573648393154144,0.3097463548183441,0.0018449337221682072,0.00924401544034481,0.05210370884742588,0.333769241347909,-0.43601149320602417,-0.43605944514274597
batch1_0_127,3,5,"(3, 5)",0,27,4.441511154174805,6.161276817321777,-5.7692843256518245e-05,-5.7756900787353516e-05,6.405753083527088e-08,0.0011090887835397316,0,1,0.047573648393154144,0.3097463548183441,0.04913127422332764,0.3174327611923218,0.0018235307652503252,0.009071789681911469,0.0539272396126762,0.34284103102982044,-0.4346156120300293,-0.43467336893081665
batch1_0_127,3,5,"(3, 5)",0,28,4.358048915863037,6.185557842254639,-7.048297993605956e-05,-7.051229476928711e-05,2.9314833227545023e-08,0.00041574073462595095,0,1,0.04913127422332764,0.3174327611923218,0.05066400766372681,0.32493114471435547,0.001799957943148911,0.008888740092515945,0.055727197555825114,0.3517297711223364,-0.42841529846191406,-0.42848581075668335
batch1_0_127,3,5,"(3, 5)",0,29,4.281021595001221,6.200808525085449,-7.83474461059086e-05,-7.832050323486328e-05,2.6942871045321226e-08,0.00034400788979261797,0,1,0.05066400766372681,0.32493114471435547,0.052171412855386734,0.33225131034851074,0.001774706644937396,0.008700115606188774,0.05750190420076251,0.36042988672852516,-0.4268997609615326,-0.42697808146476746
batch1_0_127,3,5,"(3, 5)",0,30,4.207596778869629,6.213587284088135,-8.537714165868238e-05,-8.535385131835938e-05,2.3290340323001146e-08,0.00027286806586068437,0,1,0.052171412855386734,0.33225131034851074,0.05365326255559921,0.33939626812934875,0.0017480904934927821,0.008510731160640717,0.05924999469425529,0.3689406178891659,-0.4243903160095215,-0.42447566986083984
batch1_0_127,3,5,"(3, 5)",0,31,4.13646125793457,6.235805511474609,-9.362283162772655e-05,-9.363889694213867e-05,1.6065314412117004e-08,0.00017156667727562063,0,1,0.05365326255559921,0.33939626812934875,0.05510818213224411,0.3463590145111084,0.0017197352135553956,0.008306135423481464,0.06096972990781069,0.37724675331264734,-0.4258357882499695,-0.4259294271469116
batch1_0_127,3,5,"(3, 5)",0,32,4.068724632263184,6.256451606750488,-0.00010010846017394215,-0.00010013580322265625,2.7343048714101315e-08,0.0002730596633184524,0,1,0.05510818213224411,0.3463590145111084,0.05653522163629532,0.35312792658805847,0.0016904259100556374,0.008089755661785603,0.06266015581786633,0.38533650897443295,-0.42573896050453186,-0.4258390963077545
batch1_0_127,3,5,"(3, 5)",0,33,4.004091739654541,6.283137321472168,-0.00010782718891277909,-0.00010779500007629395,3.2188836485147476e-08,0.0002986115910975947,0,1,0.05653522163629532,0.35312792658805847,0.05793411284685135,0.35971498489379883,0.0016601677052676678,0.007883815094828606,0.064320323523134,0.39322032406926155,-0.4253518283367157,-0.425459623336792
batch1_0_127,3,5,"(3, 5)",0,34,3.9435412883758545,6.295562744140625,-0.0001120741872000508,-0.00011211633682250977,4.2149622458964586e-08,0.00037594541218102074,0,1,0.05793411284685135,0.35971498489379883,0.05930482596158981,0.36613941192626953,0.0016299521084874868,0.00769043667241931,0.06595027563162148,0.40091076074168086,-0.429160475730896,-0.4292725920677185
batch1_0_127,3,5,"(3, 5)",0,35,3.884748935699463,6.307769775390625,-0.00012304223491810262,-0.00012302398681640625,1.8248101696372032e-08,0.0001483296239098837,0,1,0.05930482596158981,0.36613941192626953,0.06064639613032341,0.37237173318862915,0.0015982999466359615,0.007480488158762455,0.06754857557825744,0.4083912489004433,-0.43122023344039917,-0.4313432574272156
batch1_0_127,3,5,"(3, 5)",0,36,3.828911781311035,6.317547798156738,-0.0001299453288083896,-0.00012996792793273926,2.259912434965372e-08,0.0001738823162692043,0,1,0.06064639613032341,0.37237173318862915,0.06195836141705513,0.3784264028072357,0.0015653163427487016,0.0072765229269862175,0.06911389192100614,0.41566777182742953,-0.43275535106658936,-0.4328853189945221
batch1_0_127,3,5,"(3, 5)",0,37,3.776024580001831,6.3259172439575195,-0.00013458705507218838,-0.00013458728790283203,2.3283064365386963e-10,1.7299601417183349e-06,0,1,0.06195836141705513,0.3784264028072357,0.06324125081300735,0.3843019902706146,0.0015329238958656788,0.007072010077536106,0.07064681581687182,0.42273978190496564,-0.43758612871170044,-0.43772071599960327
batch1_0_127,3,5,"(3, 5)",0,38,3.7261905670166016,6.334466934204102,-0.0001396693114656955,-0.00013971328735351562,4.3975887820124626e-08,0.0003147580924701365,0,1,0.06324125081300735,0.3843019902706146,0.06449557095766068,0.3900178074836731,0.0015005135210230947,0.00688520772382617,0.07214732933789492,0.4296249896287918,-0.440731942653656,-0.4408716559410095
batch1_0_127,3,5,"(3, 5)",0,39,3.679507255554199,6.3462300300598145,-0.0001455201127100736,-0.0001455545425415039,3.442983143031597e-08,0.00023654247287059786,0,1,0.06449557095766068,0.3900178074836731,0.06572122126817703,0.3955886662006378,0.0014671896351501346,0.006708880420774221,0.07361451897304505,0.43633387004956603,-0.4457690417766571,-0.4459145963191986
batch1_0_127,3,6,"(3, 6)",0,0,8.459878921508789,8.138317108154297,0.002884806366637349,0.0028839111328125,8.952338248491287e-07,0.0003104235129381614,1,0,0.0,0.0,0.002023831708356738,0.01611456088721752,0.002023831708356738,0.01611456088721752,0.002023831708356738,0.01611456088721752,-2.4546685218811035,-2.451784610748291
batch1_0_127,3,6,"(3, 6)",0,1,8.20009994506836,7.910487174987793,0.002539396518841386,0.0025386810302734375,7.154885679483414e-07,0.00028183476357062357,1,0,0.002023831708356738,0.01611456088721752,0.004009046126157045,0.031815603375434875,0.001989695243537426,0.015722868964076042,0.004013526951894164,0.031837429851293564,-2.2931768894195557,-2.2906382083892822
batch1_0_127,3,6,"(3, 6)",0,2,7.9532084465026855,7.728641033172607,0.0022161435335874557,0.002215862274169922,2.812594175338745e-07,0.00012693000860770388,1,0,0.004009046126157045,0.031815603375434875,0.005956854205578566,0.04702247679233551,0.001959976041689515,0.015262545086443424,0.005973502993583679,0.04709997493773699,-2.1316423416137695,-2.1294264793395996
batch1_0_127,3,6,"(3, 6)",0,3,7.713654518127441,7.544883728027344,0.0018890013452619314,0.0018887519836425781,2.4936161935329437e-07,0.00013202454399141632,1,0,0.005956854205578566,0.04702247679233551,0.0078623928129673,0.06163483485579491,0.001930871163494885,0.014736475422978401,0.007904374157078564,0.06183645036071539,-1.9478058815002441,-1.9459171295166016
batch1_0_127,3,6,"(3, 6)",0,4,7.499128341674805,7.397267818450928,0.0016470253467559814,0.0016469955444335938,2.9802322387695312e-08,1.8094962362478285e-05,1,0,0.0078623928129673,0.06163483485579491,0.00973246805369854,0.07558737695217133,0.0019099331693723798,0.014134186320006847,0.009814307326450944,0.07597063668072224,-1.8169139623641968,-1.8152669668197632
batch1_0_127,3,6,"(3, 6)",0,5,7.298457622528076,7.262267112731934,0.0014430555747821927,0.0014429092407226562,1.4633405953645706e-07,0.0001014159833526107,1,0,0.00973246805369854,0.07558737695217133,0.01157335564494133,0.08890672773122787,0.0018970820819959044,0.013570151291787624,0.011711389408446848,0.08954078797250986,-1.6949975490570068,-1.6935546398162842
batch1_0_127,3,6,"(3, 6)",0,6,7.11370849609375,7.153051853179932,0.0012721663806587458,0.001271963119506836,2.0326115190982819e-07,0.00015980113636363636,1,0,0.01157335564494133,0.08890672773122787,0.01339157484471798,0.10166340321302414,0.0018915237160399556,0.013092780485749245,0.013602913124486804,0.1026335684582591,-1.5907995700836182,-1.5895276069641113
batch1_0_127,3,6,"(3, 6)",0,7,6.93936014175415,7.056879997253418,0.001111995312385261,0.0011118650436401367,1.3026874512434006e-07,0.00011716237134126729,1,0,0.01339157484471798,0.10166340321302414,0.015190440230071545,0.11380376666784286,0.0018905207980424166,0.01259086187928915,0.01549343392252922,0.11522443033754826,-1.5049769878387451,-1.503865122795105
batch1_0_127,3,6,"(3, 6)",0,8,6.790363311767578,6.965699195861816,0.0009733955375850201,0.0009733438491821289,5.168840289115906e-08,5.3103949785670546e-05,1,0,0.015190440230071545,0.11380376666784286,0.016976159065961838,0.125399649143219,0.0018979740561917424,0.012165007181465626,0.017391407978720963,0.12738943751901388,-1.4129058122634888,-1.4119324684143066
batch1_0_127,3,6,"(3, 6)",0,9,6.646930694580078,6.895559787750244,0.0008574270759709179,0.0008573532104492188,7.386552169919014e-08,8.615529842185762e-05,1,0,0.016976159065961838,0.125399649143219,0.01875736005604267,0.13655711710453033,0.0019103565718978643,0.01183768454939127,0.019301764550618827,0.13922712206840515,-1.3509386777877808,-1.3500813245773315
batch1_0_127,3,6,"(3, 6)",0,10,6.508068084716797,6.837428569793701,0.0007518699858337641,0.0007517337799072266,1.3620592653751373e-07,0.0001811890461465271,1,0,0.01875736005604267,0.13655711710453033,0.020537666976451874,0.14728622138500214,0.001926205470226705,0.011528958566486835,0.021227970020845532,0.150756080634892,-1.2954083681106567,-1.2946566343307495
batch1_0_127,3,6,"(3, 6)",0,11,6.3714375495910645,6.797387599945068,0.0006656357436440885,0.0006655454635620117,9.028008207678795e-08,0.00013564825698549168,1,0,0.020537666976451874,0.14728622138500214,0.02231725864112377,0.1577760875225067,0.001939574838615954,0.011376692913472652,0.023167544859461486,0.16213277354836464,-1.2428690195083618,-1.2422034740447998
batch1_0_127,3,6,"(3, 6)",0,12,6.242889404296875,6.771003723144531,0.0005803224630653858,0.0005801916122436523,1.3085082173347473e-07,0.0002255303575097596,1,0,0.02231725864112377,0.1577760875225067,0.02410317026078701,0.1679806411266327,0.0019581809174269438,0.01118476502597332,0.02512572577688843,0.17331753857433796,-1.1906299591064453,-1.1900497674942017
batch1_0_127,3,6,"(3, 6)",0,13,6.113231182098389,6.737017631530762,0.0005019741365686059,0.0005018711090087891,1.0302755981683731e-07,0.00020528689133016628,1,0,0.02410317026078701,0.1679806411266327,0.025895502418279648,0.17794786393642426,0.001975856488570571,0.011030998080968857,0.027101582265459,0.18434853665530682,-1.1428766250610352,-1.1423747539520264
batch1_0_127,3,6,"(3, 6)",0,14,5.98787784576416,6.702557563781738,0.00043841611477546394,0.00043845176696777344,3.565219230949879e-08,8.131382969684611e-05,1,0,0.025895502418279648,0.17794786393642426,0.027696965262293816,0.18770059943199158,0.0019941157661378384,0.01086700614541769,0.02909569803159684,0.1952155428007245,-1.1071820259094238,-1.106743574142456
batch1_0_127,3,6,"(3, 6)",0,15,5.869372367858887,6.677414894104004,0.0003782658895943314,0.0003783702850341797,1.043954398483038e-07,0.00027590813543635793,1,0,0.027696965262293816,0.18770059943199158,0.02950683981180191,0.19722779095172882,0.002011324744671583,0.010685737244784832,0.031107022776268423,0.20590128004550934,-1.0710175037384033,-1.0706391334533691
batch1_0_127,3,6,"(3, 6)",0,16,5.751901626586914,6.656432628631592,0.00030446352320723236,0.00030434131622314453,1.2220698408782482e-07,0.0004015458223168821,1,0,0.02950683981180191,0.19722779095172882,0.031323354691267014,0.2065005749464035,0.002027149312198162,0.010458536446094513,0.033134172088466585,0.21635981649160385,-1.015318512916565,-1.0150141716003418
batch1_0_127,3,6,"(3, 6)",0,17,5.64296817779541,6.644532680511475,0.00024507855414412916,0.00024503469467163086,4.385947249829769e-08,0.0001789929077475067,1,0,0.031323354691267014,0.2065005749464035,0.03314586356282234,0.21550051867961884,0.0020398497581481934,0.01021645963191986,0.03517402184661478,0.2265762761235237,-0.9694492220878601,-0.9692041873931885
batch1_0_127,3,6,"(3, 6)",0,18,5.538559913635254,6.656557559967041,0.00019144480756949633,0.0001914501190185547,5.311449058353901e-09,2.774325284090909e-05,1,0,0.03314586356282234,0.21550051867961884,0.0349767804145813,0.22423022985458374,0.0020539260003715754,0.00998449046164751,0.03722794784698635,0.23656076658517122,-0.9062430262565613,-0.9060515761375427
batch1_0_127,3,6,"(3, 6)",0,19,5.43772029876709,6.6769514083862305,0.0001448678522137925,0.00014483928680419922,2.856540959328413e-08,0.00019722141846707818,1,0,0.0349767804145813,0.22423022985458374,0.03681575879454613,0.23273730278015137,0.002065342850983143,0.009778355248272419,0.039293290697969496,0.24633912183344364,-0.8611001968383789,-0.8609553575515747
batch1_0_127,3,6,"(3, 6)",0,20,5.34699010848999,6.683177471160889,0.00010602153633954003,0.00010597705841064453,4.447792889550328e-08,0.0004196939371836333,1,0,0.03681575879454613,0.23273730278015137,0.038661472499370575,0.24109433591365814,0.0020736490841954947,0.009647233411669731,0.04136693978216499,0.2559863552451134,-0.8326383233070374,-0.8325323462486267
batch1_0_127,3,6,"(3, 6)",0,21,5.254227638244629,6.699456214904785,6.797376408940181e-05,6.80088996887207e-05,3.5135599318891764e-08,0.0005166323742879053,1,0,0.038661472499370575,0.24109433591365814,0.040512796491384506,0.24932576715946198,0.0020806146785616875,0.009533953852951527,0.04344755446072668,0.2655203090980649,-0.7946800589561462,-0.7946120500564575
batch1_0_127,3,6,"(3, 6)",0,22,5.162549018859863,6.709895133972168,3.1254727218765765e-05,3.123283386230469e-05,2.189335646107793e-08,0.0007009724624284351,1,0,0.040512796491384506,0.24932576715946198,0.04236754775047302,0.25743311643600464,0.0020848680287599564,0.009417861700057983,0.045532422489486635,0.2749381707981229,-0.7725814580917358,-0.7725502252578735
batch1_0_127,3,6,"(3, 6)",0,23,5.073629856109619,6.727359294891357,3.884217221639119e-06,3.874301910400391e-06,9.915311238728464e-09,0.002559251051682692,1,0,0.04236754775047302,0.25743311643600464,0.0442245788872242,0.26544415950775146,0.002087987493723631,0.00931516382843256,0.047620409983210266,0.28425333462655544,-0.7446573376655579,-0.7446534633636475
batch1_0_127,3,6,"(3, 6)",0,24,4.987906455993652,6.743497371673584,-2.2591246306546964e-05,-2.2590160369873047e-05,1.0859366739168763e-09,4.8071224645448546e-05,0,1,0.0442245788872242,0.26544415950775146,0.0460820198059082,0.2733674943447113,0.002088225679472089,0.00922443438321352,0.049708635662682354,0.29347776900976896,-0.7137669324874878,-0.7137895226478577
batch1_0_127,3,6,"(3, 6)",0,25,4.902745246887207,6.7550129890441895,-4.584220368997194e-05,-4.583597183227539e-05,6.231857696548104e-09,0.0001359599774463589,0,1,0.0460820198059082,0.2733674943447113,0.047937363386154175,0.2812000811100006,0.0020859003998339176,0.009126592427492142,0.05179453606251627,0.3026043614372611,-0.6863679885864258,-0.6864138245582581
batch1_0_127,3,6,"(3, 6)",0,26,4.817630767822266,6.786777496337891,-6.293085607467219e-05,-6.29425048828125e-05,1.1648808140307665e-08,0.00018507061582623106,0,1,0.047937363386154175,0.2812000811100006,0.049786653369665146,0.28896987438201904,0.0020777012687176466,0.009029010310769081,0.05387223733123392,0.3116333717480302,-0.6628466844558716,-0.6629096269607544
batch1_0_127,3,6,"(3, 6)",0,27,4.73621940612793,6.810726165771484,-8.136298856697977e-05,-8.13603401184082e-05,2.648448571562767e-09,3.255208333333333e-05,0,1,0.049786653369665146,0.28896987438201904,0.051627758890390396,0.2966372072696686,0.002068877685815096,0.00891182292252779,0.055941115017049015,0.320545194670558,-0.6529403924942017,-0.6530217528343201
batch1_0_127,3,6,"(3, 6)",0,28,4.657968997955322,6.818041801452637,-8.783448720350862e-05,-8.785724639892578e-05,2.2759195417165756e-08,0.000259047447421981,0,1,0.051627758890390396,0.2966372072696686,0.05345601961016655,0.30420413613319397,0.0020537087693810463,0.008798498660326004,0.05799482378643006,0.329343693330884,-0.6340600252151489,-0.6341478824615479
batch1_0_127,3,6,"(3, 6)",0,29,4.584834575653076,6.840705871582031,-0.00010177685908274725,-0.0001017451286315918,3.173045115545392e-08,0.0003118621164689514,0,1,0.05345601961016655,0.30420413613319397,0.055273428559303284,0.31169912219047546,0.0020406916737556458,0.008698287419974804,0.06003551546018571,0.3380419807508588,-0.6180849075317383,-0.6181866526603699
batch1_0_127,3,6,"(3, 6)",0,30,4.509429454803467,6.875638484954834,-0.00011647172505035996,-0.00011640787124633789,6.385380402207375e-08,0.0005485351062467998,0,1,0.055273428559303284,0.31169912219047546,0.057077303528785706,0.31907570362091064,0.002025850582867861,0.008561407215893269,0.06206136604305357,0.34660338796675205,-0.6066703796386719,-0.6067867875099182
batch1_0_127,3,6,"(3, 6)",0,31,4.436065673828125,6.899306297302246,-0.00011973622167715803,-0.00011974573135375977,9.509676601737738e-09,7.941557911274266e-05,0,1,0.057077303528785706,0.31907570362091064,0.05886700749397278,0.3263447880744934,0.0020092593040317297,0.008437254466116428,0.0640706253470853,0.3550406424328685,-0.5939866900444031,-0.5941064357757568
batch1_0_127,3,6,"(3, 6)",0,32,4.363631725311279,6.928304672241211,-0.00013393179688137025,-0.00013393163681030273,1.6007106751203537e-10,1.1951699488206498e-06,0,1,0.05886700749397278,0.3263447880744934,0.06063845008611679,0.3334631621837616,0.0019891802221536636,0.008276197127997875,0.06605980556923896,0.36331683956086636,-0.5770549774169922,-0.5771889090538025
batch1_0_127,3,6,"(3, 6)",0,33,4.297143936157227,6.96077823638916,-0.0001444252411602065,-0.00014442205429077148,3.1868694350123405e-09,2.206636272183244e-05,0,1,0.06063845008611679,0.3334631621837616,0.0623919814825058,0.3404792845249176,0.0019698836840689182,0.008148436434566975,0.06802968925330788,0.37146527599543333,-0.5675475597381592,-0.56769198179245
batch1_0_127,3,6,"(3, 6)",0,34,4.231764793395996,6.994839191436768,-0.00014965511218179017,-0.00014966726303100586,1.2150849215686321e-08,8.118575144364795e-05,0,1,0.0623919814825058,0.3404792845249176,0.06412454694509506,0.34736350178718567,0.0019471962004899979,0.008004972711205482,0.06997688545379788,0.3794702487066388,-0.5575932264328003,-0.5577428936958313
batch1_0_127,3,6,"(3, 6)",0,35,4.167459487915039,7.011968612670898,-0.00015578062448184937,-0.0001558065414428711,2.5916961021721363e-08,0.00016634064771423106,0,1,0.06412454694509506,0.34736350178718567,0.06583555042743683,0.35415610671043396,0.0019226749427616596,0.007889182306826115,0.07189956039655954,0.3873594310134649,-0.5382676720619202,-0.538423478603363
batch1_0_127,3,6,"(3, 6)",0,36,4.105262279510498,7.044708728790283,-0.00016537023475393653,-0.00016540288925170898,3.2654497772455215e-08,0.00019742398648648648,0,1,0.06583555042743683,0.35415610671043396,0.06752249598503113,0.3608112633228302,0.0018965216586366296,0.007739388849586248,0.07379608205519617,0.3950988198630512,-0.5253483057022095,-0.5255137085914612
batch1_0_127,3,6,"(3, 6)",0,37,4.0489044189453125,7.088163375854492,-0.0001662504073465243,-0.00016629695892333984,4.655157681554556e-08,0.000279930415546595,0,1,0.06752249598503113,0.3608112633228302,0.06918469816446304,0.3673332929611206,0.0018687513656914234,0.0075876181945204735,0.07566483342088759,0.40268643805757165,-0.5194504261016846,-0.5196167230606079
batch1_0_127,3,6,"(3, 6)",0,38,3.990781545639038,7.123983860015869,-0.00017506965377833694,-0.00017511844635009766,4.8792571760714054e-08,0.00027862611151293395,0,1,0.06918469816446304,0.3673332929611206,0.07081956416368484,0.3737207353115082,0.0018389610340818763,0.007434652652591467,0.07750379445496947,0.4101210907101631,-0.518526554107666,-0.5187016725540161
batch1_0_127,3,6,"(3, 6)",0,39,3.9360218048095703,7.152054786682129,-0.00017881811072584242,-0.00017887353897094727,5.542824510484934e-08,0.0003098739222342552,0,1,0.07081956416368484,0.3737207353115082,0.07242684811353683,0.37997666001319885,0.0018089954974129796,0.007285493426024914,0.07931278995238245,0.41740658413618803,-0.5112418532371521,-0.511420726776123
batch1_0_127,3,7,"(3, 7)",1,0,8.517623901367188,8.138317108154297,0.0021173767745494843,0.0021170377731323242,3.390014171600342e-07,0.00016013007489160426,1,0,0.0,0.0,0.002125559840351343,0.017534278333187103,0.002125559840351343,0.017534278333187103,0.002125559840351343,0.017534278333187103,-1.8985180854797363,-1.896401047706604
batch1_0_127,3,7,"(3, 7)",1,1,8.199182510375977,7.871851444244385,0.0018979297019541264,0.001897573471069336,3.5623088479042053e-07,0.00018772969280060308,1,0,0.002125559840351343,0.017534278333187103,0.004199245013296604,0.03474119305610657,0.0020794786978513002,0.017235295847058296,0.004205038538202643,0.0347695741802454,-1.7598345279693604,-1.757936954498291
batch1_0_127,3,7,"(3, 7)",1,2,7.9055047035217285,7.660794258117676,0.0017456691712141037,0.0017453432083129883,3.259629011154175e-07,0.00018676149170138653,1,0,0.004199245013296604,0.03474119305610657,0.006219299044460058,0.05148142948746681,0.0020358948968350887,0.01681778021156788,0.006240933435037732,0.05158735439181328,-1.6788744926452637,-1.6771291494369507
batch1_0_127,3,7,"(3, 7)",1,3,7.606288433074951,7.431264400482178,0.0015949464868754148,0.0015947818756103516,1.6461126506328583e-07,0.00010321867057856182,1,0,0.006219299044460058,0.05148142948746681,0.008179636672139168,0.06748787313699722,0.0019938412588089705,0.016152946278452873,0.008234774693846703,0.06774030067026615,-1.593095302581787,-1.5915005207061768
batch1_0_127,3,7,"(3, 7)",1,4,7.340863227844238,7.2481489181518555,0.0014383189845830202,0.001438140869140625,1.7811544239521027e-07,0.00012385117912798408,1,0,0.008179636672139168,0.06748787313699722,0.01008459459990263,0.08263189345598221,0.001958941575139761,0.015382957644760609,0.010193716268986464,0.08312325831502676,-1.5091867446899414,-1.5077486038208008
batch1_0_127,3,7,"(3, 7)",1,5,7.108145713806152,7.087156295776367,0.0012792845955118537,0.0012792348861694336,4.9709342420101166e-08,3.8858651337247226e-05,1,0,0.01008459459990263,0.08263189345598221,0.011938213370740414,0.09676870703697205,0.0019313055090606213,0.014513037167489529,0.012125021778047085,0.09763629548251629,-1.4302294254302979,-1.4289501905441284
batch1_0_127,3,7,"(3, 7)",1,6,6.898753643035889,6.97105598449707,0.0011428325669839978,0.001142740249633789,9.231735020875931e-08,8.078594434592113e-05,1,0,0.011938213370740414,0.09676870703697205,0.01375453919172287,0.10989633947610855,0.001915843691676855,0.013637899421155453,0.01404086546972394,0.11127419490367174,-1.381140947341919,-1.3799982070922852
batch1_0_127,3,7,"(3, 7)",1,7,6.711766242980957,6.89186429977417,0.0010006302036345005,0.0010006427764892578,1.257285475730896e-08,1.2564778413152252e-05,1,0,0.01375453919172287,0.10989633947610855,0.015541678294539452,0.12208590656518936,0.0019086465472355485,0.01285050343722105,0.01594951201695949,0.12412469834089279,-1.3390142917633057,-1.3380136489868164
batch1_0_127,3,7,"(3, 7)",1,8,6.545492649078369,6.856813907623291,0.0008872504695318639,0.0008871555328369141,9.493669494986534e-08,0.00010701245884842784,1,0,0.015541678294539452,0.12208590656518936,0.01731501892209053,0.1335896998643875,0.001912672189064324,0.012300929054617882,0.017862184206023812,0.13642562739551067,-1.3209575414657593,-1.3200703859329224
batch1_0_127,3,7,"(3, 7)",1,9,6.393756866455078,6.814737796783447,0.0007738257409073412,0.0007737874984741211,3.8242433220148087e-08,4.942239735788014e-05,1,0,0.01731501892209053,0.1335896998643875,0.019078237935900688,0.1444915384054184,0.0019182143732905388,0.011824974790215492,0.01978039857931435,0.14825060218572617,-1.310488224029541,-1.309714436531067
batch1_0_127,3,7,"(3, 7)",1,10,6.252962589263916,6.777346611022949,0.0006657173507846892,0.0006656646728515625,5.2677933126688004e-08,7.913584012356733e-05,1,0,0.019078237935900688,0.1444915384054184,0.02083832398056984,0.15486690402030945,0.0019290425116196275,0.01141290832310915,0.02170944109093398,0.15966351050883532,-1.3081775903701782,-1.3075119256973267
batch1_0_127,3,7,"(3, 7)",1,11,6.122776031494141,6.7501325607299805,0.0005794048774987459,0.0005793571472167969,4.7730281949043274e-08,8.238490226337449e-05,1,0,0.02083832398056984,0.15486690402030945,0.022602295503020287,0.16484589874744415,0.0019431080436334014,0.011098474264144897,0.02365254913456738,0.1707619847729802,-1.321218729019165,-1.3206393718719482
batch1_0_127,3,7,"(3, 7)",1,12,6.003341197967529,6.720861434936523,0.0004778196453116834,0.00047779083251953125,2.8812792152166367e-08,6.030419629491018e-05,1,0,0.022602295503020287,0.16484589874744415,0.024372925981879234,0.17453168332576752,0.001959837507456541,0.010878347791731358,0.02561238664202392,0.18164033256471157,-1.3290908336639404,-1.328613042831421
batch1_0_127,3,7,"(3, 7)",1,13,5.884722709655762,6.690438747406006,0.00037770302151329815,0.000377655029296875,4.799221642315388e-08,0.0001270795109296086,1,0,0.024372925981879234,0.17453168332576752,0.026152344420552254,0.18396912515163422,0.0019777577836066484,0.010672909207642078,0.02759014442563057,0.19231324177235365,-1.3308703899383545,-1.3304927349090576
batch1_0_127,3,7,"(3, 7)",1,14,5.7719292640686035,6.683692932128906,0.0002793382736854255,0.0002791881561279297,1.5011755749583244e-07,0.0005376931442143467,1,0,0.026152344420552254,0.18396912515163422,0.027941612526774406,0.19320358335971832,0.0019953888840973377,0.010482780635356903,0.029585533309727907,0.20279602240771055,-1.340429663658142,-1.3401504755020142
batch1_0_127,3,7,"(3, 7)",1,15,5.660155296325684,6.6705427169799805,0.0001635095977690071,0.0001634359359741211,7.3661794885993e-08,0.00045070745578045223,1,0,0.027941612526774406,0.19320358335971832,0.029738232493400574,0.2021363228559494,0.002012515440583229,0.010206657461822033,0.031598048750311136,0.21300267986953259,-1.3549318313598633,-1.3547683954238892
batch1_0_127,3,7,"(3, 7)",1,16,5.55677604675293,6.655200004577637,5.2116414735792205e-05,5.2094459533691406e-05,2.1955202100798488e-08,0.00042144984893449655,1,0,0.029738232493400574,0.2021363228559494,0.031545426696538925,0.21078813076019287,0.002030791714787483,0.00996200181543827,0.03362884046509862,0.22296468168497086,-1.3711669445037842,-1.3711148500442505
batch1_0_127,3,7,"(3, 7)",1,17,5.459580421447754,6.648402690887451,-6.239310459932312e-05,-6.246566772460938e-05,7.25631252862513e-08,0.0011616481169489505,0,1,0.031545426696538925,0.21078813076019287,0.03336231783032417,0.2192566692829132,0.0020474048797041178,0.009778277948498726,0.03567624534480274,0.23274295963346958,-1.403243899345398,-1.4033063650131226
batch1_0_127,3,7,"(3, 7)",1,18,5.3662004470825195,6.640042781829834,-0.00018568546511232853,-0.0001857280731201172,4.260800778865814e-08,0.00022941070282413351,0,1,0.03336231783032417,0.2192566692829132,0.035190973430871964,0.22755514085292816,0.0020654138643294573,0.009624003432691097,0.037741659209132195,0.24236696306616068,-1.4289090633392334,-1.4290947914123535
batch1_0_127,3,7,"(3, 7)",1,19,5.279384136199951,6.634394645690918,-0.0002967473410535604,-0.0002969503402709961,2.0299921743571758e-07,0.0006836133518165396,0,1,0.035190973430871964,0.22755514085292816,0.037030383944511414,0.23573261499404907,0.0020790337584912777,0.009497223421931267,0.03982069296762347,0.25186418648809195,-1.4624608755111694,-1.4627578258514404
batch1_0_127,3,7,"(3, 7)",1,20,5.187416076660156,6.6147918701171875,-0.00041846593376249075,-0.00041854381561279297,7.788185030221939e-08,0.00018607812945029906,0,1,0.037030383944511414,0.23573261499404907,0.03887907415628433,0.24374091625213623,0.0020926978904753923,0.009345746599137783,0.041913390858098865,0.26120993308722973,-1.4896223545074463,-1.490040898323059
batch1_0_127,3,7,"(3, 7)",1,21,5.102549076080322,6.5990753173828125,-0.0005239746533334255,-0.0005241632461547852,1.885928213596344e-07,0.0003597978735501478,0,1,0.03887907415628433,0.24374091625213623,0.040736496448516846,0.25162461400032043,0.0021030674688518047,0.009234837256371975,0.04401645832695067,0.2704447703436017,-1.5131107568740845,-1.5136349201202393
batch1_0_127,3,7,"(3, 7)",1,22,5.017378807067871,6.591983795166016,-0.0006347857997752726,-0.0006347894668579102,3.6670826375484467e-09,5.776848591549296e-06,0,1,0.040736496448516846,0.25162461400032043,0.04260079935193062,0.25941699743270874,0.0021117362193763256,0.009127874858677387,0.046128194546326995,0.2795726452022791,-1.5413215160369873,-1.5419563055038452
batch1_0_127,3,7,"(3, 7)",1,23,4.935337543487549,6.597731590270996,-0.0007450184202753007,-0.0007451772689819336,1.5884870663285255e-07,0.00021316901795712687,0,1,0.04260079935193062,0.25941699743270874,0.04447043687105179,0.26717686653137207,0.002119166776537895,0.009073595516383648,0.04824736132286489,0.28864624071866274,-1.5641921758651733,-1.5649373531341553
batch1_0_127,3,7,"(3, 7)",1,24,4.854128360748291,6.6063127517700195,-0.0008444902487099171,-0.0008445978164672852,1.0756775736808777e-07,0.00012735973888496825,0,1,0.04447043687105179,0.26717686653137207,0.04634413123130798,0.27487799525260925,0.002124197781085968,0.00900737103074789,0.05037155910395086,0.29765361174941063,-1.5912896394729614,-1.5921342372894287
batch1_0_127,3,7,"(3, 7)",1,25,4.773536682128906,6.6027445793151855,-0.0009416926186531782,-0.0009416341781616211,5.844049155712128e-08,6.206284023294089e-05,0,1,0.04634413123130798,0.27487799525260925,0.04821917787194252,0.2824673652648926,0.0021274308674037457,0.008893745020031929,0.052498989971354604,0.30654735676944256,-1.6119574308395386,-1.6128990650177002
batch1_0_127,3,7,"(3, 7)",1,26,4.692686080932617,6.611555099487305,-0.0010179344099014997,-0.0010180473327636719,1.1292286217212677e-07,0.00011092103337236534,0,1,0.04821917787194252,0.2824673652648926,0.05009311065077782,0.28998738527297974,0.0021237849723547697,0.0088011110201478,0.054622774943709373,0.31534846778959036,-1.6359081268310547,-1.6369261741638184
batch1_0_127,3,7,"(3, 7)",1,27,4.615224838256836,6.613649368286133,-0.0011036780197173357,-0.0011037588119506836,8.079223334789276e-08,7.319736202613673e-05,0,1,0.05009311065077782,0.28998738527297974,0.05196397751569748,0.29740381240844727,0.0021194987930357456,0.008686794899404049,0.05674227373674512,0.3240352626889944,-1.666438102722168,-1.6675418615341187
batch1_0_127,3,7,"(3, 7)",1,28,4.541849613189697,6.619863986968994,-0.0011797855840995908,-0.0011800527572631836,2.671731635928154e-07,0.00022640781265784423,0,1,0.05196397751569748,0.29740381240844727,0.05382947996258736,0.3047155737876892,0.0021121923346072435,0.008573233149945736,0.05885446607135236,0.33260849583894014,-1.6967718601226807,-1.6979519128799438
batch1_0_127,3,7,"(3, 7)",1,29,4.468778610229492,6.629322528839111,-0.0012167849345132709,-0.001216888427734375,1.0349322110414505e-07,8.504741991575236e-05,0,1,0.05382947996258736,0.3047155737876892,0.05568802356719971,0.311918705701828,0.002100750571116805,0.008453099988400936,0.06095521664246917,0.3410615958273411,-1.7295241355895996,-1.730741024017334
batch1_0_127,3,7,"(3, 7)",1,30,4.396383285522461,6.637240409851074,-0.0012855066452175379,-0.0012856721878051758,1.655425876379013e-07,0.000128759561891516,0,1,0.05568802356719971,0.311918705701828,0.05753697454929352,0.3189913034439087,0.002089163288474083,0.008317522704601288,0.06304437993094325,0.34937911853194237,-1.755691647529602,-1.7569773197174072
batch1_0_127,3,7,"(3, 7)",1,31,4.324382305145264,6.63888692855835,-0.0013600492384284735,-0.001360177993774414,1.287553459405899e-07,9.466065950920245e-05,0,1,0.05753697454929352,0.3189913034439087,0.059373416006565094,0.32588979601860046,0.0020735380239784718,0.008145232684910297,0.06511791795492172,0.35752435121685266,-1.787442922592163,-1.7888031005859375
batch1_0_127,3,7,"(3, 7)",1,32,4.257386684417725,6.6568684577941895,-0.0014169218484312296,-0.0014171600341796875,2.3818574845790863e-07,0.00016807258369784658,0,1,0.059373416006565094,0.32588979601860046,0.0611957311630249,0.3326530456542969,0.0020561169367283583,0.007999783381819725,0.06717403489165008,0.3655241345986724,-1.8200184106826782,-1.821435570716858
batch1_0_127,3,7,"(3, 7)",1,33,4.192097187042236,6.670863628387451,-0.0014682465698570013,-0.0014685392379760742,2.926681190729141e-07,0.00019929199813296534,0,1,0.0611957311630249,0.3326530456542969,0.06300121545791626,0.33928948640823364,0.0020345509983599186,0.007852000184357166,0.06920858589001,0.37337613478302956,-1.8522605895996094,-1.8537291288375854
batch1_0_127,3,7,"(3, 7)",1,34,4.130550384521484,6.686751842498779,-0.0015161663759499788,-0.001516580581665039,4.1420571506023407e-07,0.00027311817127810095,0,1,0.06300121545791626,0.33928948640823364,0.06478717178106308,0.3457961082458496,0.0020101224072277546,0.007705606520175934,0.07121870829723775,0.3810817413032055,-1.8909926414489746,-1.8925092220306396
batch1_0_127,3,7,"(3, 7)",1,35,4.071756362915039,6.700601577758789,-0.001553255133330822,-0.0015534162521362305,1.6111880540847778e-07,0.00010371901619215717,0,1,0.06478717178106308,0.3457961082458496,0.06655272096395493,0.35219109058380127,0.0019848719239234924,0.007568313740193844,0.07320358022116125,0.38865005504339933,-1.9174866676330566,-1.9190400838851929
batch1_0_127,3,7,"(3, 7)",1,36,4.014261245727539,6.715015411376953,-0.0015896463301032782,-0.0015898942947387695,2.4796463549137115e-07,0.00015596296955837144,0,1,0.06655272096395493,0.35219109058380127,0.0682956799864769,0.35847100615501404,0.001957476604729891,0.007424304261803627,0.07516105682589114,0.39607435930520296,-1.9481279850006104,-1.9497178792953491
batch1_0_127,3,7,"(3, 7)",1,37,3.9591000080108643,6.730237007141113,-0.0016164610860869288,-0.001616835594177246,3.745080903172493e-07,0.00023163028551942785,0,1,0.0682956799864769,0.35847100615501404,0.07001405209302902,0.36462268233299255,0.0019282089779153466,0.0072759827598929405,0.07708926580380648,0.4033503420650959,-1.9749325513839722,-1.9765493869781494
batch1_0_127,3,7,"(3, 7)",1,38,3.9060842990875244,6.744107723236084,-0.0016433995915576816,-0.0016436576843261719,2.580927684903145e-07,0.00015702343070060921,0,1,0.07001405209302902,0.36462268233299255,0.07170752435922623,0.3706505596637726,0.001898459391668439,0.007130123674869537,0.07898772519547492,0.41048046573996544,-2.0050976276397705,-2.0067412853240967
batch1_0_127,3,7,"(3, 7)",1,39,3.8553128242492676,6.755672931671143,-0.0016601572278887033,-0.0016605854034423828,4.2817555367946625e-07,0.0002578461503948313,0,1,0.07170752435922623,0.3706505596637726,0.07337459921836853,0.3765559792518616,0.001866643433459103,0.006983056198805571,0.08085436862893403,0.417463521938771,-2.0326220989227295,-2.034282684326172
batch1_0_127,4,5,"(4, 5)",0,0,8.809192657470703,8.138317108154297,0.0021661429200321436,0.0021657943725585938,3.4854747354984283e-07,0.00016093285584544253,1,0,0.0,0.0,0.001942586270160973,0.01740841194987297,0.001942586270160973,0.01740841194987297,0.001942586270160973,0.01740841194987297,-2.2559714317321777,-2.253805637359619
batch1_0_127,4,5,"(4, 5)",0,1,8.492663383483887,7.90774393081665,0.001878267154097557,0.0018780231475830078,2.4400651454925537e-07,0.00012992732004570267,1,0,0.001942586270160973,0.01740841194987297,0.0038570049218833447,0.034552332013845444,0.001920746173709631,0.01717105694115162,0.003863332443870604,0.03457946889102459,-2.0550642013549805,-2.0531861782073975
batch1_0_127,4,5,"(4, 5)",0,2,8.201348304748535,7.724672794342041,0.0016406928189098835,0.00164031982421875,3.7299469113349915e-07,0.0002273914425872093,1,0,0.0038570049218833447,0.034552332013845444,0.0057396432384848595,0.05140666291117668,0.0019009107491001487,0.016921773552894592,0.005764243192970753,0.05150124244391918,-1.882385015487671,-1.8807446956634521
batch1_0_127,4,5,"(4, 5)",0,3,7.907413005828857,7.518519878387451,0.0014296849258244038,0.0014293193817138672,3.655441105365753e-07,0.000255746976647206,1,0,0.0057396432384848595,0.05140666291117668,0.007583838887512684,0.06753670424222946,0.001882865559309721,0.016270702704787254,0.007647108752280474,0.06777194514870644,-1.7260615825653076,-1.7246322631835938
batch1_0_127,4,5,"(4, 5)",0,4,7.642899513244629,7.364025115966797,0.0012472000671550632,0.0012470483779907227,1.5168916434049606e-07,0.00012163855630436861,1,0,0.007583838887512684,0.06753670424222946,0.009402166120707989,0.08294444531202316,0.0018797763623297215,0.015647808089852333,0.009526885114610195,0.08341975323855877,-1.571506381034851,-1.5702593326568604
batch1_0_127,4,5,"(4, 5)",0,5,7.405096530914307,7.230424404144287,0.0010982942767441273,0.0010981559753417969,1.3830140233039856e-07,0.00012593967108119844,1,0,0.009402166120707989,0.08294444531202316,0.011198802851140499,0.09747989475727081,0.0018843085272237659,0.014887741766870022,0.011411193641833961,0.09830749500542879,-1.452704668045044,-1.4516065120697021
batch1_0_127,4,5,"(4, 5)",0,6,7.187388896942139,7.132102966308594,0.0009676977642811835,0.0009675025939941406,1.9517028704285622e-07,0.0002017258540229177,1,0,0.011198802851140499,0.09747989475727081,0.012987489812076092,0.1112850159406662,0.0018999045714735985,0.014296517707407475,0.01331109821330756,0.11260401271283627,-1.3379769325256348,-1.3370094299316406
batch1_0_127,4,5,"(4, 5)",0,7,6.982471466064453,7.052113056182861,0.0008844360709190369,0.0008844137191772461,2.2351741790771484e-08,2.5272947836635664e-05,1,0,0.012987489812076092,0.1112850159406662,0.014777954667806625,0.1244499534368515,0.00192303117364645,0.013786198571324348,0.01523412938695401,0.12639021128416061,-1.2736330032348633,-1.272748589515686
batch1_0_127,4,5,"(4, 5)",0,8,6.79477071762085,6.978093147277832,0.0007968997815623879,0.0007969141006469727,1.4319084584712982e-08,1.7968165669409125e-05,1,0,0.014777954667806625,0.1244499534368515,0.016573216766119003,0.13709305226802826,0.001947993179783225,0.013404159806668758,0.017182122566737235,0.13979437109082937,-1.2004913091659546,-1.1996943950653076
batch1_0_127,4,5,"(4, 5)",0,9,6.613700866699219,6.918029308319092,0.0007422850467264652,0.0007421970367431641,8.800998330116272e-08,0.00011858034853838741,1,0,0.016573216766119003,0.13709305226802826,0.018381303176283836,0.14941595494747162,0.0019728164188563824,0.013126568868756294,0.019154938985593617,0.15292093995958567,-1.1410572528839111,-1.140315055847168
batch1_0_127,4,5,"(4, 5)",0,10,6.4388837814331055,6.851702690124512,0.000686080486048013,0.0006860494613647461,3.102468326687813e-08,4.5222225238922675e-05,1,0,0.018381303176283836,0.14941595494747162,0.020201392471790314,0.16150198876857758,0.0019969246350228786,0.012937689200043678,0.021151863620616496,0.16585862915962934,-1.0843085050582886,-1.0836224555969238
batch1_0_127,4,5,"(4, 5)",0,11,6.266278266906738,6.804496765136719,0.000651867943815887,0.0006518363952636719,3.1548552215099335e-08,4.8399494787856623e-05,1,0,0.020201392471790314,0.16150198876857758,0.022035494446754456,0.173381969332695,0.0020198801066726446,0.01273320708423853,0.02317174372728914,0.17859183624386787,-1.0449364185333252,-1.0442845821380615
batch1_0_127,4,5,"(4, 5)",0,12,6.111740589141846,6.773245334625244,0.000603837484959513,0.0006036162376403809,2.2124731913208961e-07,0.0003665363940456206,1,0,0.022035494446754456,0.173381969332695,0.023878352716565132,0.18514204025268555,0.0020407806150615215,0.012668305076658726,0.025212524342350662,0.1912601413205266,-0.9932029247283936,-0.9925993084907532
batch1_0_127,4,5,"(4, 5)",0,13,5.947647571563721,6.751760005950928,0.0005439137457869947,0.0005438327789306641,8.096685633063316e-08,0.00014888189801622097,1,0,0.023878352716565132,0.18514204025268555,0.025726478546857834,0.19667483866214752,0.002058065263554454,0.012498035095632076,0.027270589605905116,0.20375817641615868,-0.9287209510803223,-0.9281771183013916
batch1_0_127,4,5,"(4, 5)",0,14,5.788265228271484,6.739569187164307,0.0004939289065077901,0.0004938840866088867,4.4819898903369904e-08,9.07498340574463e-05,1,0,0.025726478546857834,0.19667483866214752,0.027577057480812073,0.20806154608726501,0.002071050461381674,0.012400644831359386,0.02934164006728679,0.21615882124751806,-0.8768864870071411,-0.8763926029205322
batch1_0_127,4,5,"(4, 5)",0,15,5.634581565856934,6.724273681640625,0.00043769244803115726,0.00043761730194091797,7.514609023928642e-08,0.00017171645157995096,1,0,0.027577057480812073,0.20806154608726501,0.029424196109175682,0.2192426323890686,0.0020807550754398108,0.01223925594240427,0.0314223951427266,0.22839807718992233,-0.8242958784103394,-0.8238582611083984
batch1_0_127,4,5,"(4, 5)",0,16,5.47758150100708,6.7229390144348145,0.00039259615004993975,0.00039249658584594727,9.9564203992486e-08,0.0002536689682991648,1,0,0.029424196109175682,0.2192426323890686,0.03126361593604088,0.23016801476478577,0.0020859839860349894,0.012028196826577187,0.03350837912876159,0.24042627401649952,-0.7956973910331726,-0.7953048944473267
batch1_0_127,4,5,"(4, 5)",0,17,5.322028160095215,6.7389068603515625,0.00036075362004339695,0.00036072731018066406,2.6309862732887268e-08,7.293559980171844e-05,1,0,0.03126361593604088,0.23016801476478577,0.033094409853219986,0.24072855710983276,0.0020881632808595896,0.011700860224664211,0.03559654240962118,0.25212713424116373,-0.7745651006698608,-0.7742043733596802
batch1_0_127,4,5,"(4, 5)",0,18,5.183716773986816,6.730823040008545,0.0003226571425329894,0.00032258033752441406,7.680500857532024e-08,0.00023809575364929785,1,0,0.033094409853219986,0.24072855710983276,0.03491555526852608,0.2510618269443512,0.0020839045755565166,0.011524486355483532,0.037680446985177696,0.26365162059664726,-0.7528424263000488,-0.7525198459625244
batch1_0_127,4,5,"(4, 5)",0,19,5.049619674682617,6.757711887359619,0.00028438051231205463,0.0002843141555786133,6.635673344135284e-08,0.00023339229559748428,1,0,0.03491555526852608,0.2510618269443512,0.0367230661213398,0.26108235120773315,0.002077619545161724,0.011240663938224316,0.03975806653033942,0.2748922845348716,-0.7192873954772949,-0.7190030813217163
batch1_0_127,4,5,"(4, 5)",0,20,4.92321252822876,6.772233486175537,0.0002501599374227226,0.00025010108947753906,5.884794518351555e-08,0.00023529663667778836,1,0,0.0367230661213398,0.26108235120773315,0.03851604461669922,0.2707865834236145,0.0020691368263214827,0.010950726456940174,0.0418272033566609,0.28584301099181175,-0.6868271827697754,-0.6865770816802979
batch1_0_127,4,5,"(4, 5)",0,21,4.802768707275391,6.784518718719482,0.00021412108617369086,0.00021409988403320312,2.1202140487730503e-08,9.902920117622495e-05,1,0,0.03851604461669922,0.2707865834236145,0.040291059762239456,0.28013259172439575,0.002055114135146141,0.010615373961627483,0.043882317491807044,0.29645838495343924,-0.6518933773040771,-0.651679277420044
batch1_0_127,4,5,"(4, 5)",0,22,4.686295986175537,6.815809726715088,0.00018223961524199694,0.00018221139907836914,2.8216163627803326e-08,0.0001548539979964017,1,0,0.040291059762239456,0.28013259172439575,0.04204777255654335,0.28916049003601074,0.0020395207684487104,0.010318015702068806,0.045921838260255754,0.30677640065550804,-0.6203777194023132,-0.6201955080032349
batch1_0_127,4,5,"(4, 5)",0,23,4.579692840576172,6.844996929168701,0.00014724241918884218,0.00014722347259521484,1.894659362733364e-08,0.00012869275050607286,1,0,0.04204777255654335,0.28916049003601074,0.04378311708569527,0.2979223430156708,0.002023820299655199,0.010073404759168625,0.04794565855991095,0.31684980541467667,-0.5927958488464355,-0.5926486253738403
batch1_0_127,4,5,"(4, 5)",0,24,4.47858190536499,6.877882480621338,0.00011987098696408793,0.00011980533599853516,6.565096555277705e-08,0.0005479803132773631,1,0,0.04378311708569527,0.2979223430156708,0.04549587890505791,0.30633825063705444,0.0020022864919155836,0.009748970158398151,0.04994794505182654,0.3265987755730748,-0.5735956430435181,-0.5734758377075195
batch1_0_127,4,5,"(4, 5)",0,25,4.380830764770508,6.904017448425293,9.866865002550185e-05,9.864568710327148e-05,2.2962922230362892e-08,0.0002327818164652568,1,0,0.04549587890505791,0.30633825063705444,0.04718250408768654,0.31446611881256104,0.0019732860382646322,0.009474670514464378,0.05192123109009117,0.3360734460875392,-0.5519006252288818,-0.5518019795417786
batch1_0_127,4,5,"(4, 5)",0,26,4.286442756652832,6.941710472106934,7.894665759522468e-05,7.891654968261719e-05,3.0107912607491016e-08,0.0003815158256231118,1,0,0.04718250408768654,0.31446611881256104,0.04883727431297302,0.3223344087600708,0.001935267704539001,0.009183671325445175,0.05385649879463017,0.34525711741298437,-0.5310948491096497,-0.531015932559967
batch1_0_127,4,5,"(4, 5)",0,27,4.20065975189209,6.996081352233887,6.454936374211684e-05,6.449222564697266e-05,5.7138095144182444e-08,0.0008859687283387246,1,0,0.04883727431297302,0.3223344087600708,0.050462640821933746,0.3299972116947174,0.0019003673223778605,0.008956057019531727,0.05575686611700803,0.3542131744325161,-0.5166168212890625,-0.5165523290634155
batch1_0_127,4,5,"(4, 5)",0,28,4.117365837097168,7.050929546356201,4.7710178478155285e-05,4.76837158203125e-05,2.646265784278512e-08,0.000554962158203125,1,0,0.050462640821933746,0.3299972116947174,0.05205128341913223,0.3374280035495758,0.0018563399789854884,0.008702615275979042,0.05761320609599352,0.36291578970849514,-0.5040140151977539,-0.5039663314819336
batch1_0_127,4,5,"(4, 5)",0,29,4.043135643005371,7.09216833114624,3.3628901292104274e-05,3.358721733093262e-05,4.168396117165685e-08,0.0012410662294809229,1,0,0.05205128341913223,0.3374280035495758,0.05360734090209007,0.3446716070175171,0.001819771365262568,0.008489597588777542,0.05943297746125609,0.3714053872972727,-0.49163687229156494,-0.491603285074234
batch1_0_127,4,5,"(4, 5)",0,30,3.9719181060791016,7.134805679321289,2.307929753442295e-05,2.3037195205688477e-05,4.2102328734472394e-08,0.0018275805000808538,1,0,0.05360734090209007,0.3446716070175171,0.05512614548206329,0.35171887278556824,0.0017758847679942846,0.008255795575678349,0.06120886222925037,0.37966118287295103,-0.4810619056224823,-0.4810388684272766
batch1_0_127,4,5,"(4, 5)",0,31,3.9055428504943848,7.175174236297607,1.3194375242164824e-05,1.3202428817749023e-05,8.05357558419928e-09,0.0006100071203089729,1,0,0.05512614548206329,0.35171887278556824,0.05660855397582054,0.35856765508651733,0.0017340068006888032,0.008028114214539528,0.06294286902993917,0.38768929708749056,-0.47235745191574097,-0.4723442494869232
batch1_0_127,4,5,"(4, 5)",0,32,3.842071533203125,7.2123541831970215,4.432497917150613e-06,4.410743713378906e-06,2.175420377170667e-08,0.004932094264674831,1,0,0.05660855397582054,0.35856765508651733,0.058051347732543945,0.36519959568977356,0.0016881633782759309,0.007779709063470364,0.0646310324082151,0.3954690061509609,-0.4646735191345215,-0.4646691083908081
batch1_0_127,4,5,"(4, 5)",0,33,3.7811079025268555,7.246845245361328,-2.347966528759571e-06,-2.3245811462402344e-06,2.3385382519336417e-08,0.01006004137870593,0,1,0.058051347732543945,0.36519959568977356,0.059453241527080536,0.37156495451927185,0.0016420764150097966,0.007495890837162733,0.0662731088232249,0.40296489698812366,-0.4601021409034729,-0.46010446548461914
batch1_0_127,4,5,"(4, 5)",0,34,3.7250306606292725,7.272571563720703,-1.1634572729235515e-05,-1.1712312698364258e-05,7.773996912874281e-08,0.00663745676288168,0,1,0.059453241527080536,0.37156495451927185,0.06081518158316612,0.377719521522522,0.0015960766468197107,0.007254343945533037,0.06786918547004461,0.4102192409336567,-0.45602545142173767,-0.45603716373443604
batch1_0_127,4,5,"(4, 5)",0,35,3.6718482971191406,7.298018932342529,-1.9195640561520122e-05,-1.919269561767578e-05,2.9449438443407416e-09,0.0001534408664111025,0,1,0.06081518158316612,0.377719521522522,0.06213762238621712,0.3836612403392792,0.0015508626820519567,0.007010847330093384,0.06942004815209657,0.4172300882637501,-0.45061802864074707,-0.45063722133636475
batch1_0_127,4,5,"(4, 5)",0,36,3.622586965560913,7.318770885467529,-2.5498207833152264e-05,-2.5510787963867188e-05,1.2580130714923143e-08,0.0004931298371787384,0,1,0.06213762238621712,0.3836612403392792,0.06342154741287231,0.38939768075942993,0.0015069571090862155,0.006777300965040922,0.07092700526118279,0.424007389228791,-0.44450798630714417,-0.44453349709510803
batch1_0_127,4,5,"(4, 5)",0,37,3.576968193054199,7.34244441986084,-3.114387800451368e-05,-3.11732292175293e-05,2.935121301561594e-08,0.0009415518941204589,0,1,0.06342154741287231,0.38939768075942993,0.06466823816299438,0.3949345052242279,0.001464379602111876,0.006551152095198631,0.07239138486329466,0.43055854132398963,-0.43986600637435913,-0.43989717960357666
batch1_0_127,4,5,"(4, 5)",0,38,3.5346789360046387,7.368244647979736,-3.662252856884152e-05,-3.6656856536865234e-05,3.4327968023717403e-08,0.0009364678607723578,0,1,0.06466823816299438,0.3949345052242279,0.06587886065244675,0.4002721607685089,0.0014232476241886616,0.0063283261843025684,0.07381463248748332,0.4368868675082922,-0.4370214343070984,-0.43705809116363525
batch1_0_127,4,5,"(4, 5)",0,39,3.495417594909668,7.390407562255859,-4.2926796595565975e-05,-4.2945146560668945e-05,1.83499651029706e-08,0.0004272884498612075,0,1,0.06587886065244675,0.4002721607685089,0.06705483049154282,0.4054205119609833,0.0013835860881954432,0.006117434240877628,0.07519821857567877,0.4430043017491698,-0.43576425313949585,-0.4358071982860565
batch1_0_127,4,6,"(4, 6)",0,0,8.626985549926758,8.138317108154297,0.0033229875843971968,0.003322124481201172,8.631031960248947e-07,0.00025980459218458444,1,0,0.0,0.0,0.00193244859110564,0.016149071976542473,0.00193244859110564,0.016149071976542473,0.00193244859110564,0.016149071976542473,-3.3641860485076904,-3.3608639240264893
batch1_0_127,4,6,"(4, 6)",0,1,8.362071990966797,7.901119709014893,0.0029860069043934345,0.0029854774475097656,5.294568836688995e-07,0.00017734412434115956,1,0,0.00193244859110564,0.016149071976542473,0.003847472369670868,0.032176487147808075,0.00191935570910573,0.016046272590756416,0.00385180430021137,0.03219534456729889,-3.1337804794311523,-3.1307950019836426
batch1_0_127,4,6,"(4, 6)",0,2,8.095537185668945,7.707390785217285,0.0026191826909780502,0.002619028091430664,1.5459954738616943e-07,5.902935821574875e-05,1,0,0.003847472369670868,0.032176487147808075,0.0057440707460045815,0.04796373471617699,0.0019094005692750216,0.015843627974390984,0.0057612048694863915,0.04803897254168987,-2.869319200515747,-2.8667001724243164
batch1_0_127,4,6,"(4, 6)",0,3,7.84288215637207,7.512556552886963,0.0022877829615026712,0.002287626266479492,1.5669502317905426e-07,6.849677566440855e-05,1,0,0.0057440707460045815,0.04796373471617699,0.007618683855980635,0.06324215978384018,0.0019003673223778605,0.015384397469460964,0.007661572191864252,0.06342337001115084,-2.626826286315918,-2.6245386600494385
batch1_0_127,4,6,"(4, 6)",0,4,7.599620819091797,7.331147193908691,0.0020021426025778055,0.0020017623901367188,3.802124410867691e-07,0.0001899388473677942,1,0,0.007618683855980635,0.06324215978384018,0.009464506059885025,0.0776793360710144,0.0018915189430117607,0.014635467901825905,0.009553091134876013,0.07805883791297674,-2.4370903968811035,-2.435088634490967
batch1_0_127,4,6,"(4, 6)",0,5,7.394899368286133,7.210297584533691,0.0017658342840149999,0.0017657279968261719,1.0628718882799149e-07,6.0194542431812046e-05,1,0,0.009464506059885025,0.0776793360710144,0.011297374963760376,0.0914444550871849,0.00189662491902709,0.01405775174498558,0.011449716053903103,0.09211658965796232,-2.266605854034424,-2.2648401260375977
batch1_0_127,4,6,"(4, 6)",0,6,7.196715831756592,7.090336322784424,0.0015674205496907234,0.0015671253204345703,2.952292561531067e-07,0.0001883890537045489,1,0,0.011297374963760376,0.0914444550871849,0.013119985349476337,0.10446999967098236,0.0019053863361477852,0.013437176123261452,0.013355102390050888,0.10555376578122377,-2.131685972213745,-2.1301188468933105
batch1_0_127,4,6,"(4, 6)",0,7,7.016716003417969,7.007680416107178,0.0013918827753514051,0.0013918876647949219,4.889443516731262e-09,3.512814748201439e-06,1,0,0.013119985349476337,0.10446999967098236,0.014938408508896828,0.11695680022239685,0.0019176941132172942,0.01300787553191185,0.015272796503268182,0.11856164131313562,-2.0212721824645996,-2.0198802947998047
batch1_0_127,4,6,"(4, 6)",0,8,6.841994285583496,6.928823947906494,0.0012697757920250297,0.0012695789337158203,1.9685830920934677e-07,0.00015505795187793428,1,0,0.014938408508896828,0.11695680022239685,0.016758516430854797,0.12899339199066162,0.001935357809998095,0.012674516066908836,0.017208154313266277,0.13123615738004446,-1.948187232017517,-1.9469176530838013
batch1_0_127,4,6,"(4, 6)",0,9,6.676505088806152,6.8742828369140625,0.0011447463184595108,0.0011445283889770508,2.1792948246002197e-07,0.00019040985314029788,1,0,0.016758516430854797,0.12899339199066162,0.01858470030128956,0.14067323505878448,0.001956987427547574,0.012418238446116447,0.01916514174081385,0.1436543958261609,-1.8666993379592896,-1.8655548095703125
batch1_0_127,4,6,"(4, 6)",0,10,6.522822856903076,6.836376190185547,0.0010644432622939348,0.001064300537109375,1.4272518455982208e-07,0.00013410233254928315,1,0,0.01858470030128956,0.14067323505878448,0.02042396552860737,0.1521284133195877,0.0019817377906292677,0.012289131991565228,0.02114687953144312,0.15594352781772614,-1.8171284198760986,-1.8160641193389893
batch1_0_127,4,6,"(4, 6)",0,11,6.364845275878906,6.790587425231934,0.0009838035330176353,0.0009837150573730469,8.847564458847046e-08,8.994031749878818e-05,1,0,0.02042396552860737,0.1521284133195877,0.0222752895206213,0.16339540481567383,0.0020072879269719124,0.012157496064901352,0.02315416745841503,0.1681010238826275,-1.768289566040039,-1.767305850982666
batch1_0_127,4,6,"(4, 6)",0,12,6.208516597747803,6.7779436111450195,0.0008995404350571334,0.0008994340896606445,1.0634539648890495e-07,0.00011823589711729622,1,0,0.0222752895206213,0.16339540481567383,0.024137962609529495,0.17434409260749817,0.0020332359708845615,0.011840365827083588,0.025187403429299593,0.17994138970971107,-1.6987253427505493,-1.6978259086608887
batch1_0_127,4,6,"(4, 6)",0,13,6.066405296325684,6.732790946960449,0.0008008845034055412,0.0008008480072021484,3.6496203392744064e-08,4.557194756623995e-05,1,0,0.024137962609529495,0.17434409260749817,0.026014160364866257,0.1850259155035019,0.002059571212157607,0.011627746745944023,0.0272469746414572,0.1915691364556551,-1.6435015201568604,-1.6427006721496582
batch1_0_127,4,6,"(4, 6)",0,14,5.93910026550293,6.708515644073486,0.0006892221863381565,0.0006890296936035156,1.9249273464083672e-07,0.00027936783628892736,1,0,0.026014160364866257,0.1850259155035019,0.02790302038192749,0.19533781707286835,0.0020838044583797455,0.011296066455543041,0.029330779099836946,0.20286520291119814,-1.5666520595550537,-1.5659630298614502
batch1_0_127,4,6,"(4, 6)",0,15,5.806117057800293,6.70067834854126,0.0005884746205992997,0.000588536262512207,6.164191290736198e-08,0.00010473766330767673,1,0,0.02790302038192749,0.19533781707286835,0.029801856726408005,0.20529630780220032,0.002104163868352771,0.01099594309926033,0.031434942968189716,0.21386114601045847,-1.5141186714172363,-1.5135301351547241
batch1_0_127,4,6,"(4, 6)",0,16,5.680607795715332,6.7020697593688965,0.0005110913189128041,0.0005110502243041992,4.109460860490799e-08,8.041207429437835e-05,1,0,0.029801856726408005,0.20529630780220032,0.031714241951704025,0.21499750018119812,0.0021253468003124,0.01080150343477726,0.033560289768502116,0.22466264944523573,-1.4632774591445923,-1.462766408920288
batch1_0_127,4,6,"(4, 6)",0,17,5.564296722412109,6.707480430603027,0.0004533870960585773,0.0004532337188720703,1.5337718650698662e-07,0.00033840638972908995,1,0,0.031714241951704025,0.21499750018119812,0.03363918513059616,0.22447991371154785,0.00214342400431633,0.01061915047466755,0.035703713772818446,0.23528179991990328,-1.4303350448608398,-1.4298818111419678
batch1_0_127,4,6,"(4, 6)",0,18,5.449731349945068,6.71289587020874,0.0003880161384586245,0.0003879070281982422,1.0911026038229465e-07,0.0002812794109173325,1,0,0.03363918513059616,0.22447991371154785,0.03557382896542549,0.2338142991065979,0.002157043432816863,0.010481558740139008,0.03786075720563531,0.24576335866004229,-1.3870630264282227,-1.3866751194000244
batch1_0_127,4,6,"(4, 6)",0,19,5.342978000640869,6.742140769958496,0.00031853033578954637,0.0003184080123901367,1.2232339940965176e-07,0.00038417186330026205,1,0,0.03557382896542549,0.2338142991065979,0.03752041235566139,0.24297484755516052,0.0021747020073235035,0.010319052264094353,0.04003545921295881,0.25608241092413664,-1.33262300491333,-1.33230459690094
batch1_0_127,4,6,"(4, 6)",0,20,5.2326860427856445,6.762754917144775,0.00026030532899312675,0.0002601146697998047,1.906591933220625e-07,0.000732981317312099,1,0,0.03752041235566139,0.24297484755516052,0.03947417438030243,0.25204914808273315,0.002182920463383198,0.010225581005215645,0.04221837967634201,0.2663079919293523,-1.292280912399292,-1.2920207977294922
batch1_0_127,4,6,"(4, 6)",0,21,5.130377292633057,6.776350021362305,0.00021308085706550628,0.0002130270004272461,5.385663826018572e-08,0.0002528160193410744,1,0,0.03947417438030243,0.25204914808273315,0.041430991142988205,0.26099687814712524,0.0021875095553696156,0.010112252086400986,0.044405889231711626,0.27642024401575327,-1.258266568183899,-1.2580535411834717
batch1_0_127,4,6,"(4, 6)",0,22,5.034399509429932,6.808192253112793,0.00017610896611586213,0.0001760721206665039,3.684544935822487e-08,0.00020926339285714285,1,0,0.041430991142988205,0.26099687814712524,0.04338790103793144,0.26990020275115967,0.0021865444723516703,0.010061467997729778,0.046592433704063296,0.28648171201348305,-1.237839937210083,-1.2376638650894165
batch1_0_127,4,6,"(4, 6)",0,23,4.934755325317383,6.846220016479492,0.00013595653581432998,0.00013589859008789062,5.7945726439356804e-08,0.00042638945997807017,1,0,0.04338790103793144,0.26990020275115967,0.045343417674303055,0.2786853611469269,0.002185474382713437,0.009944138117134571,0.04877790808677673,0.2964258501306176,-1.214116096496582,-1.2139801979064941
batch1_0_127,4,6,"(4, 6)",0,24,4.8346099853515625,6.887927532196045,0.00011180646106367931,0.00011181831359863281,1.18525349535048e-08,0.00010599815515058636,1,0,0.045343417674303055,0.2786853611469269,0.04729389771819115,0.2873747646808624,0.002176438458263874,0.009816997684538364,0.05095434654504061,0.306242847815156,-1.1746649742126465,-1.1745531558990479
batch1_0_127,4,6,"(4, 6)",0,25,4.736753463745117,6.926657676696777,8.371759031433612e-05,8.368492126464844e-05,3.266904968768358e-08,0.00039038155493233617,1,0,0.04729389771819115,0.2873747646808624,0.04923423007130623,0.29594215750694275,0.0021654018200933933,0.009687666781246662,0.053119748365134,0.31593051459640265,-1.140024185180664,-1.1399405002593994
batch1_0_127,4,6,"(4, 6)",0,26,4.641778945922852,6.958649635314941,7.002379425102845e-05,7.009506225585938e-05,7.126800483092666e-08,0.0010167335977359694,1,0,0.04923423007130623,0.29594215750694275,0.051160506904125214,0.3043763339519501,0.0021494498942047358,0.009547453373670578,0.05526919825933874,0.3254779679700732,-1.113668441772461,-1.113598346710205
batch1_0_127,4,6,"(4, 6)",0,27,4.552403926849365,6.990354537963867,4.9507496441947296e-05,4.935264587402344e-05,1.5485056792385876e-07,0.0031376345721995775,1,0,0.051160506904125214,0.3043763339519501,0.053069520741701126,0.31264859437942505,0.002128931926563382,0.00937331560999155,0.05739813018590212,0.3348512835800648,-1.090026617050171,-1.0899772644042969
batch1_0_127,4,6,"(4, 6)",0,28,4.466772079467773,7.017665386199951,2.2061332856537774e-05,2.205371856689453e-05,7.614289643242955e-09,0.0003452610325168919,1,0,0.053069520741701126,0.31264859437942505,0.05495714396238327,0.32076117396354675,0.0021053184755146503,0.009203118272125721,0.05950344866141677,0.3440544018521905,-1.0698686838150024,-1.0698466300964355
batch1_0_127,4,6,"(4, 6)",0,29,4.384892463684082,7.03975248336792,-4.300763521314366e-06,-4.410743713378906e-06,1.0998019206454046e-07,0.024934614026868664,0,1,0.05495714396238327,0.32076117396354675,0.056820210069417953,0.3286832273006439,0.002077512675896287,0.0090029276907444,0.061580961337313056,0.3530573295429349,-1.0467056035995483,-1.0467100143432617
batch1_0_127,4,6,"(4, 6)",0,30,4.305251598358154,7.073511123657227,-1.7231352103408426e-05,-1.71661376953125e-05,6.521440809592605e-08,0.003799014621310764,0,1,0.056820210069417953,0.3286832273006439,0.05866026133298874,0.3364443778991699,0.0020490388851612806,0.008822700940072536,0.06363000022247434,0.36188003048300743,-1.0194382667541504,-1.0194554328918457
batch1_0_127,4,6,"(4, 6)",0,31,4.23021936416626,7.1221418380737305,-2.9873368475819007e-05,-2.9921531677246094e-05,4.816320142708719e-08,0.001609650266123008,0,1,0.05866026133298874,0.3364443778991699,0.06047135591506958,0.3440150022506714,0.0020149974152445793,0.008614229038357735,0.06564499763771892,0.37049425952136517,-1.0065829753875732,-1.0066128969192505
batch1_0_127,4,6,"(4, 6)",0,32,4.155424118041992,7.171092987060547,-4.269361306796782e-05,-4.279613494873047e-05,1.0252188076265156e-07,0.0023955873792217966,0,1,0.06047135591506958,0.3440150022506714,0.06224987283349037,0.351387619972229,0.001977939158678055,0.008392013609409332,0.06762293679639697,0.3788862731307745,-0.977857232093811,-0.9779000282287598
batch1_0_127,4,6,"(4, 6)",0,33,4.08202600479126,7.2168073654174805,-5.936440356890671e-05,-5.9485435485839844e-05,1.210319169331342e-07,0.002034647909099449,0,1,0.06224987283349037,0.351387619972229,0.06399457901716232,0.35852816700935364,0.0019402923062443733,0.008147605694830418,0.06956322910264134,0.3870338788256049,-0.9497765302658081,-0.949836015701294
batch1_0_127,4,6,"(4, 6)",0,34,4.013890266418457,7.258395671844482,-7.175164500949904e-05,-7.18235969543457e-05,7.19519448466599e-08,0.0010017869878112032,0,1,0.06399457901716232,0.35852816700935364,0.0657041072845459,0.3654274046421051,0.0019006828079000115,0.007891891524195671,0.07146391191054136,0.3949257703498006,-0.9225708842277527,-0.922642707824707
batch1_0_127,4,6,"(4, 6)",0,35,3.95046067237854,7.293412208557129,-8.370894647669047e-05,-8.374452590942383e-05,3.557943273335695e-08,0.0004248568171708185,0,1,0.0657041072845459,0.3654274046421051,0.0673782154917717,0.37210333347320557,0.0018613125430420041,0.0076607088558375835,0.07332522445358336,0.40258647920563817,-0.8985754251480103,-0.8986591696739197
batch1_0_127,4,6,"(4, 6)",0,36,3.891216516494751,7.330148220062256,-9.450728975934908e-05,-9.459257125854492e-05,8.528149919584394e-08,0.0009015665613185255,0,1,0.0673782154917717,0.37210333347320557,0.06901693344116211,0.37856224179267883,0.0018215664895251393,0.007432920392602682,0.0751467909431085,0.41001939959824085,-0.8756871819496155,-0.875781774520874
batch1_0_127,4,6,"(4, 6)",0,37,3.835954189300537,7.383938789367676,-0.00010453096911078319,-0.00010454654693603516,1.5577825251966715e-08,0.00014900372808580387,0,1,0.06901693344116211,0.37856224179267883,0.07062020152807236,0.3848254680633545,0.001781376777216792,0.00722169503569603,0.07692816772032529,0.4172410946339369,-0.8514696359634399,-0.851574182510376
batch1_0_127,4,6,"(4, 6)",0,38,3.787651777267456,7.428286075592041,-0.00010865925287362188,-0.0001087188720703125,5.961919669061899e-08,0.0005483794630619517,0,1,0.07062020152807236,0.3848254680633545,0.07219042629003525,0.3909282386302948,0.0017430078005418181,0.0070418682880699635,0.07867117552086711,0.42428296292200685,-0.8286920189857483,-0.8288007378578186
batch1_0_127,4,6,"(4, 6)",0,39,3.7389588356018066,7.4739227294921875,-0.00011868602450704202,-0.00011873245239257812,4.642788553610444e-08,0.0003910294498305723,0,1,0.07219042629003525,0.3909282386302948,0.07372688502073288,0.39685869216918945,0.001704896567389369,0.0068547348491847515,0.08037607208825648,0.4311376977711916,-0.8059228658676147,-0.8060415983200073
batch1_0_127,4,7,"(4, 7)",1,0,8.586175918579102,8.138317108154297,0.002730416366830468,0.002730131149291992,2.852175384759903e-07,0.0001044702700637499,1,0,0.0,0.0,0.00200097169727087,0.018482282757759094,0.00200097169727087,0.018482282757759094,0.00200097169727087,0.018482282757759094,-2.8080356121063232,-2.8053054809570312
batch1_0_127,4,7,"(4, 7)",1,1,8.225173950195312,7.879336357116699,0.0022613692563027143,0.0022606849670410156,6.842892616987228e-07,0.0003026911186985868,1,0,0.00200097169727087,0.018482282757759094,0.003973195794969797,0.03683330491185188,0.0019796958658844233,0.01837727054953575,0.0039806675631552935,0.036859553307294846,-2.4328126907348633,-2.4305520057678223
batch1_0_127,4,7,"(4, 7)",1,2,7.889769077301025,7.666431427001953,0.0019047223031520844,0.0019044876098632812,2.3469328880310059e-07,0.0001232317225838758,1,0,0.003973195794969797,0.03683330491185188,0.005909374449402094,0.05483175069093704,0.0019580484367907047,0.018072176724672318,0.005938715999945998,0.05493173003196716,-2.1417810916900635,-2.1398766040802
batch1_0_127,4,7,"(4, 7)",1,3,7.547335147857666,7.469311714172363,0.001607583835721016,0.0016074180603027344,1.6577541828155518e-07,0.00010313148917235242,1,0,0.005909374449402094,0.05483175069093704,0.00780635979026556,0.07203979045152664,0.0019416268914937973,0.017346933484077454,0.007880342891439795,0.07227866351604462,-1.8586845397949219,-1.8570771217346191
batch1_0_127,4,7,"(4, 7)",1,4,7.242244720458984,7.304538249969482,0.0013668382307514548,0.001366734504699707,1.0372605174779892e-07,7.589334387265591e-05,1,0,0.00780635979026556,0.07203979045152664,0.009662431664764881,0.08795926719903946,0.0019298590486869216,0.01616465486586094,0.009810201940126717,0.08844331838190556,-1.6455001831054688,-1.644133448600769
batch1_0_127,4,7,"(4, 7)",1,5,6.991576194763184,7.192039489746094,0.0011583586456254125,0.0011582374572753906,1.2118835002183914e-07,0.00010463169642857142,1,0,0.009662431664764881,0.08795926719903946,0.011488519608974457,0.10273729264736176,0.001927563571371138,0.015149715356528759,0.011737765511497855,0.10359303373843431,-1.484101414680481,-1.4829431772232056
batch1_0_127,4,7,"(4, 7)",1,6,6.766307830810547,7.141973972320557,0.0009462378220632672,0.000946044921875,1.92900188267231e-07,0.00020390172158518146,1,0,0.011488519608974457,0.10273729264736176,0.013288441114127636,0.11628572642803192,0.0019299788400530815,0.014071268029510975,0.013667744351550937,0.11766430176794529,-1.3410674333572388,-1.3401213884353638
batch1_0_127,4,7,"(4, 7)",1,7,6.569851875305176,7.107618808746338,0.0007487019756808877,0.000748753547668457,5.157198756933212e-08,6.887711948734277e-05,1,0,0.013288441114127636,0.11628572642803192,0.01507547590881586,0.1287449449300766,0.0019450801191851497,0.013169608078897,0.015612824470736086,0.1308339098468423,-1.2165935039520264,-1.215844750404358
batch1_0_127,4,7,"(4, 7)",1,8,6.3929219245910645,7.075788974761963,0.0005954745574854314,0.0005954504013061523,2.4156179279088974e-08,4.056791166166166e-05,1,0,0.01507547590881586,0.1287449449300766,0.016862567514181137,0.14035391807556152,0.0019697709940373898,0.012456907890737057,0.017582595464773476,0.14329081773757935,-1.1426140069961548,-1.1420185565948486
batch1_0_127,4,7,"(4, 7)",1,9,6.238029956817627,7.0657429695129395,0.00046300713438540697,0.0004630088806152344,1.7462298274040222e-09,3.7714823635427396e-06,1,0,0.016862567514181137,0.14035391807556152,0.01865963824093342,0.15124715864658356,0.0019961544312536716,0.011845850385725498,0.019578749896027148,0.15513666812330484,-1.0834896564483643,-1.083026647567749
batch1_0_127,4,7,"(4, 7)",1,10,6.101304054260254,7.063011169433594,0.0003460595617070794,0.00034606456756591797,5.005858838558197e-09,1.446510075783672e-05,1,0,0.01865963824093342,0.15124715864658356,0.020474225282669067,0.16154421865940094,0.0020290850661695004,0.011317947879433632,0.021607834962196648,0.16645461600273848,-1.046989917755127,-1.046643853187561
batch1_0_127,4,7,"(4, 7)",1,11,5.972687721252441,7.055633068084717,0.00022858438023831695,0.00022852420806884766,6.017216946929693e-08,0.00026330763807381325,1,0,0.020474225282669067,0.16154421865940094,0.02230498567223549,0.17129316926002502,0.0020563846919685602,0.01083682756870985,0.02366421965416521,0.17729144357144833,-0.9984631538391113,-0.9982346296310425
batch1_0_127,4,7,"(4, 7)",1,12,5.855857849121094,7.048433780670166,0.00012293198960833251,0.00012290477752685547,2.7212081477046013e-08,0.00022140784129485937,1,0,0.02230498567223549,0.17129316926002502,0.024158034473657608,0.18056544661521912,0.002087237546220422,0.010420003905892372,0.02575145720038563,0.1877114474773407,-0.9741901755332947,-0.9740672707557678
batch1_0_127,4,7,"(4, 7)",1,13,5.751913547515869,7.033722877502441,2.5123074010480195e-05,2.5093555450439453e-05,2.951856004074216e-08,0.0011763402798396674,1,0,0.024158034473657608,0.18056544661521912,0.02603481337428093,0.18949806690216064,0.0021154237911105156,0.010137512348592281,0.027866880991496146,0.19784895982593298,-0.9685853719711304,-0.9685602784156799
batch1_0_127,4,7,"(4, 7)",1,14,5.6502299308776855,7.029502868652344,-8.40626162244007e-05,-8.404254913330078e-05,2.006709109991789e-08,0.00023877299423758866,0,1,0.02603481337428093,0.18949806690216064,0.02793836034834385,0.1981429010629654,0.002147905994206667,0.009913485497236252,0.030014786985702813,0.20776244532316923,-0.9506983757019043,-0.9507824182510376
batch1_0_127,4,7,"(4, 7)",1,15,5.5491533279418945,7.038381576538086,-0.00018542094039730728,-0.00018554925918579102,1.283187884837389e-07,0.0006915618474943784,0,1,0.02793836034834385,0.1981429010629654,0.02986746095120907,0.2065523862838745,0.0021780331153422594,0.009743097238242626,0.03219282010104507,0.21750554256141186,-0.9443532228469849,-0.9445387721061707
batch1_0_127,4,7,"(4, 7)",1,16,5.452637672424316,7.047806739807129,-0.00027676342870108783,-0.00027686357498168945,1.0014628060162067e-07,0.00036171706808396127,0,1,0.02986746095120907,0.2065523862838745,0.031823065131902695,0.21479728817939758,0.0022052573040127754,0.009612691588699818,0.03439807740505785,0.22711823415011168,-0.9375450015068054,-0.9378218650817871
batch1_0_127,4,7,"(4, 7)",1,17,5.35490608215332,7.032819747924805,-0.0003744213317986578,-0.0003744959831237793,7.465132512152195e-08,0.00019933811972783701,0,1,0.031823065131902695,0.21479728817939758,0.033805638551712036,0.22287657856941223,0.0022349888458848,0.009493839927017689,0.03663306625094265,0.23661207407712936,-0.9156290888786316,-0.9160035848617554
batch1_0_127,4,7,"(4, 7)",1,18,5.262444496154785,7.032710552215576,-0.00045773055171594024,-0.0004578828811645508,1.523294486105442e-07,0.0003326821221687061,0,1,0.033805638551712036,0.22287657856941223,0.03581327199935913,0.23084871470928192,0.0022599755320698023,0.009398248977959156,0.03889304178301245,0.24601032305508852,-0.9092252850532532,-0.9096831679344177
batch1_0_127,4,7,"(4, 7)",1,19,5.172873020172119,7.037658214569092,-0.0005366652621887624,-0.0005367398262023926,7.456401363015175e-08,0.00013892021793448085,0,1,0.03581327199935913,0.23084871470928192,0.037845123559236526,0.23871706426143646,0.002282102592289448,0.009301126934587955,0.0411751443753019,0.2553114499896765,-0.9011574983596802,-0.9016942381858826
batch1_0_127,4,7,"(4, 7)",1,20,5.080644607543945,7.047164440155029,-0.0005879938835278153,-0.0005880594253540039,6.55418261885643e-08,0.00011145442681937969,0,1,0.037845123559236526,0.23871706426143646,0.03989485278725624,0.2465270310640335,0.002295160898938775,0.009224354289472103,0.04347030527424067,0.2645358042791486,-0.9085246324539185,-0.9091126918792725
batch1_0_127,4,7,"(4, 7)",1,21,4.994133472442627,7.053776264190674,-0.0006690094014629722,-0.0006691813468933105,1.7194543033838272e-07,0.00025694892892135033,0,1,0.03989485278725624,0.2465270310640335,0.041960056871175766,0.254251629114151,0.002309180563315749,0.009137144312262535,0.04577948583755642,0.2736729485914111,-0.9072845578193665,-0.9079537391662598
batch1_0_127,4,7,"(4, 7)",1,22,4.909698963165283,7.060556411743164,-0.0007423176430165768,-0.0007424354553222656,1.1781230568885803e-07,0.00015868356615285806,0,1,0.041960056871175766,0.254251629114151,0.04403945058584213,0.2619072198867798,0.0023210381623357534,0.009058494120836258,0.048100523999892175,0.28273144271224737,-0.9020130038261414,-0.9027554392814636
batch1_0_127,4,7,"(4, 7)",1,23,4.828341484069824,7.062533378601074,-0.0008094971417449415,-0.0008096694946289062,1.72352883964777e-07,0.00021286819511925795,0,1,0.04403945058584213,0.2619072198867798,0.046128541231155396,0.26951465010643005,0.002326078014448285,0.008986993692815304,0.05042660201434046,0.2917184364050627,-0.9078027009963989,-0.9086123704910278
batch1_0_127,4,7,"(4, 7)",1,24,4.749239921569824,7.077136039733887,-0.0008720658370293677,-0.000872194766998291,1.289299689233303e-07,0.000147822451821226,0,1,0.046128541231155396,0.26951465010643005,0.04822416976094246,0.27706438302993774,0.002329654758796096,0.008914082311093807,0.052756256773136556,0.3006325187161565,-0.921094536781311,-0.9219667315483093
batch1_0_127,4,7,"(4, 7)",1,25,4.668616771697998,7.083616256713867,-0.0009257658966816962,-0.000925898551940918,1.3265525922179222e-07,0.00014327191563666796,0,1,0.04822416976094246,0.27706438302993774,0.05032113566994667,0.28451868891716003,0.002327441470697522,0.008805988356471062,0.05508369824383408,0.30943850707262754,-0.9214457273483276,-0.9223716259002686
batch1_0_127,4,7,"(4, 7)",1,26,4.590644359588623,7.083765029907227,-0.000975393399130553,-0.0009756088256835938,2.1542655304074287e-07,0.00022081242744990224,0,1,0.05032113566994667,0.28451868891716003,0.05241572856903076,0.2918965518474579,0.0023211354855448008,0.008709056302905083,0.05740483372937888,0.3181475633755326,-0.9193775653839111,-0.9203531742095947
batch1_0_127,4,7,"(4, 7)",1,27,4.51692533493042,7.10004186630249,-0.0010064372327178717,-0.0010066032409667969,1.6600824892520905e-07,0.0001649192473945997,0,1,0.05241572856903076,0.2918965518474579,0.054502908140420914,0.2992076575756073,0.0023079956881701946,0.008615538477897644,0.059712829417549074,0.32676310185343027,-0.9199539422988892,-0.920960545539856
batch1_0_127,4,7,"(4, 7)",1,28,4.440887451171875,7.098636627197266,-0.0010533721651881933,-0.001053452491760254,8.032657206058502e-08,7.625077797895213e-05,0,1,0.054502908140420914,0.2992076575756073,0.05658050253987312,0.30640679597854614,0.0022947671823203564,0.008488273248076439,0.06200759659986943,0.3352513751015067,-0.9216254949569702,-0.9226789474487305
batch1_0_127,4,7,"(4, 7)",1,29,4.367227554321289,7.112477779388428,-0.0010860096663236618,-0.0010862350463867188,2.253800630569458e-07,0.00020748737928007023,0,1,0.05658050253987312,0.30640679597854614,0.058644115924835205,0.31350910663604736,0.002275858772918582,0.008357454091310501,0.06428345537278801,0.3436088291928172,-0.9250101447105408,-0.9260963797569275
batch1_0_127,4,7,"(4, 7)",1,30,4.294590473175049,7.121133804321289,-0.001118772430345416,-0.0011188983917236328,1.2596137821674347e-07,0.00011257624387385468,0,1,0.058644115924835205,0.31350910663604736,0.06069163233041763,0.3205004334449768,0.0022552725858986378,0.008221336640417576,0.06653872795868665,0.3518301658332348,-0.9288023710250854,-0.9299212694168091
batch1_0_127,4,7,"(4, 7)",1,31,4.223703384399414,7.132782459259033,-0.0011397217167541385,-0.0011399388313293457,2.1711457520723343e-07,0.00019046160130718954,0,1,0.06069163233041763,0.3205004334449768,0.06271699070930481,0.3273814916610718,0.0022287608589977026,0.008078398182988167,0.06876748881768435,0.35990856401622295,-0.9246817827224731,-0.9258217215538025
batch1_0_127,4,7,"(4, 7)",1,32,4.156376838684082,7.152595043182373,-0.0011587723856791854,-0.0011590123176574707,2.3993197828531265e-07,0.00020701417459501156,0,1,0.06271699070930481,0.3273814916610718,0.06471849232912064,0.3341154456138611,0.002200330374762416,0.007909568957984447,0.07096781919244677,0.3678181329742074,-0.9255787134170532,-0.9267377257347107
batch1_0_127,4,7,"(4, 7)",1,33,4.093931198120117,7.183957576751709,-0.001161001157015562,-0.0011612176895141602,2.1653249859809875e-07,0.0001864702032645519,0,1,0.06471849232912064,0.3341154456138611,0.06669411063194275,0.340727299451828,0.002169006271287799,0.007756734266877174,0.07313682546373457,0.3755748672410846,-0.9237174987792969,-0.924878716468811
batch1_0_127,4,7,"(4, 7)",1,34,4.03220272064209,7.2196149826049805,-0.0011700484901666641,-0.0011702179908752441,1.695007085800171e-07,0.0001448454133346916,0,1,0.06669411063194275,0.340727299451828,0.06864272058010101,0.3471837341785431,0.002137895440682769,0.007586622145026922,0.07527472090441734,0.3831614893861115,-0.9341129064559937,-0.9352831244468689
batch1_0_127,4,7,"(4, 7)",1,35,3.9764673709869385,7.244194030761719,-0.00117205991409719,-0.001172184944152832,1.25030055642128e-07,0.00010666410302044137,0,1,0.06864272058010101,0.3471837341785431,0.07056161016225815,0.3535161316394806,0.0021035498939454556,0.007436287589371204,0.07737827079836279,0.3905977769754827,-0.9379231929779053,-0.9390953779220581
batch1_0_127,4,7,"(4, 7)",1,36,3.922726631164551,7.265870571136475,-0.0011741059133782983,-0.0011742115020751953,1.0558869689702988e-07,8.992306472081218e-05,0,1,0.07056161016225815,0.3535161316394806,0.07244863361120224,0.35972318053245544,0.002066599205136299,0.007280782796442509,0.07944487000349909,0.3978785597719252,-0.9422043561935425,-0.9433785676956177
batch1_0_127,4,7,"(4, 7)",1,37,3.871847629547119,7.281848907470703,-0.0011810108553618193,-0.001181185245513916,1.7439015209674835e-07,0.0001476399682091134,0,1,0.07244863361120224,0.35972318053245544,0.07430393248796463,0.365810364484787,0.0020289577078074217,0.007128617260605097,0.08147382771130651,0.4050071770325303,-0.9542433619499207,-0.9554245471954346
batch1_0_127,4,7,"(4, 7)",1,38,3.8209829330444336,7.295802116394043,-0.0011750392150133848,-0.0011752843856811523,2.451706677675247e-07,0.00020860539862054976,0,1,0.07430393248796463,0.365810364484787,0.07612404972314835,0.3717586398124695,0.001988186500966549,0.006963578052818775,0.08346201421227306,0.4119707550853491,-0.9590942859649658,-0.960269570350647
batch1_0_127,4,7,"(4, 7)",1,39,3.772480010986328,7.309666156768799,-0.001172851538285613,-0.0011731386184692383,2.8708018362522125e-07,0.0002447112209125089,0,1,0.07612404972314835,0.3717586398124695,0.07790783792734146,0.37756258249282837,0.0019466483499854803,0.006797236856073141,0.08540866256225854,0.4187679919414222,-0.9716266989707947,-0.9727998375892639
batch1_0_127,5,6,"(5, 6)",0,0,8.593879699707031,8.138317108154297,0.002965129679068923,0.0029642581939697266,8.71485099196434e-07,0.0002939977026863991,1,0,0.0,0.0,0.0020575199741870165,0.016803449019789696,0.0020575199741870165,0.016803449019789696,0.0020575199741870165,0.016803449019789696,-2.6108455657958984,-2.6078813076019287
batch1_0_127,5,6,"(5, 6)",0,1,8.304523468017578,7.9000773429870605,0.0026030195876955986,0.0026023387908935547,6.807968020439148e-07,0.0002616095968850206,1,0,0.0020575199741870165,0.016803449019789696,0.0040665012784302235,0.03340927138924599,0.0020137333776801825,0.0166291743516922,0.004071253351867199,0.033432623371481895,-2.4464797973632812,-2.4438774585723877
batch1_0_127,5,6,"(5, 6)",0,2,8.026958465576172,7.694267749786377,0.002233774634078145,0.0022335052490234375,2.6938505470752716e-07,0.00012061088946413322,1,0,0.0040665012784302235,0.03340927138924599,0.006026534829288721,0.04978417977690697,0.0019736094400286674,0.016437478363513947,0.006044862791895866,0.04987010173499584,-2.2412281036376953,-2.238994598388672
batch1_0_127,5,6,"(5, 6)",0,3,7.745884418487549,7.51222562789917,0.0018956572748720646,0.0018951892852783203,4.6798959374427795e-07,0.00024693554220656686,1,0,0.006026534829288721,0.04978417977690697,0.0079379603266716,0.06587458401918411,0.0019396666903048754,0.016215959563851357,0.007984529482200742,0.0660860612988472,-2.0340747833251953,-2.032179594039917
batch1_0_127,5,6,"(5, 6)",0,4,7.48341178894043,7.323790073394775,0.001615299261175096,0.0016149282455444336,3.7101563066244125e-07,0.00022974124806230162,1,0,0.0079379603266716,0.06587458401918411,0.00980003084987402,0.08139801770448685,0.0019107137341052294,0.015734080225229263,0.009895243216305971,0.08182014152407646,-1.8583554029464722,-1.8567404747009277
batch1_0_127,5,6,"(5, 6)",0,5,7.239889621734619,7.178871154785156,0.0013969525462016463,0.0013966560363769531,2.9650982469320297e-07,0.00021229981969102084,1,0,0.00980003084987402,0.08139801770448685,0.01162741333246231,0.09653210639953613,0.001896173576824367,0.015445513650774956,0.011791416793130338,0.09726565517485142,-1.702157974243164,-1.700761318206787
batch1_0_127,5,6,"(5, 6)",0,6,6.998453617095947,7.071728229522705,0.0012039323337376118,0.001203775405883789,1.5692785382270813e-07,0.00013036306694394928,1,0,0.01162741333246231,0.09653210639953613,0.01342533528804779,0.11111442744731903,0.0018908747006207705,0.015005959197878838,0.013682291493751109,0.11227161437273026,-1.5635948181152344,-1.5623910427093506
batch1_0_127,5,6,"(5, 6)",0,7,6.772943496704102,6.992368698120117,0.0010385432979092002,0.0010384321212768555,1.1117663234472275e-07,0.00010706201211112387,1,0,0.01342533528804779,0.11111442744731903,0.015201311558485031,0.12516522407531738,0.0018936244305223227,0.014576920308172703,0.015575915924273431,0.12684853468090296,-1.4359349012374878,-1.434896469116211
batch1_0_127,5,6,"(5, 6)",0,8,6.563817977905273,6.920289039611816,0.0009174087317660451,0.0009171962738037109,2.1245796233415604e-07,0.00023163849265661556,1,0,0.015201311558485031,0.12516522407531738,0.016960345208644867,0.1387365609407425,0.001900271512567997,0.014203092083334923,0.01747618743684143,0.14105162676423788,-1.34759521484375,-1.3466780185699463
batch1_0_127,5,6,"(5, 6)",0,9,6.3612871170043945,6.87596321105957,0.0007797856233082712,0.0007796287536621094,1.5686964616179466e-07,0.0002012106985856269,1,0,0.016960345208644867,0.1387365609407425,0.01870277151465416,0.15176989138126373,0.0019089734414592385,0.01378228235989809,0.019385160878300667,0.15483390912413597,-1.2390447854995728,-1.2382651567459106
batch1_0_127,5,6,"(5, 6)",0,10,6.170732498168945,6.844061374664307,0.0006747389561496675,0.0006746053695678711,1.335865817964077e-07,0.00019802181812157626,1,0,0.01870277151465416,0.15176989138126373,0.020439617335796356,0.1642812192440033,0.0019245723960921168,0.013361858204007149,0.021309733274392784,0.16819576732814312,-1.1574766635894775,-1.1568020582199097
batch1_0_127,5,6,"(5, 6)",0,11,5.996388912200928,6.83192777633667,0.0005827258573845029,0.0005826950073242188,3.0850060284137726e-08,5.2943752557283144e-05,1,0,0.020439617335796356,0.1642812192440033,0.022175660356879234,0.17636413872241974,0.0019430124666541815,0.013009179383516312,0.023252745741046965,0.18120494671165943,-1.0632357597351074,-1.0626530647277832
batch1_0_127,5,6,"(5, 6)",0,12,5.832398891448975,6.798149108886719,0.00047355846618302166,0.0004734992980957031,5.916808731853962e-08,0.00012495918696500504,1,0,0.022175660356879234,0.17636413872241974,0.02391279675066471,0.18804366886615753,0.0019651632755994797,0.012673403136432171,0.025217909016646445,0.1938783498480916,-0.9501798152923584,-0.9497063159942627
batch1_0_127,5,6,"(5, 6)",0,13,5.67340087890625,6.805516719818115,0.00039482282591052353,0.0003947615623474121,6.126356311142445e-08,0.000155191307753284,1,0,0.02391279675066471,0.18804366886615753,0.025648795068264008,0.1991887092590332,0.0019796022679656744,0.012203200720250607,0.02719751128461212,0.2060815505683422,-0.8582586050033569,-0.8578638434410095
batch1_0_127,5,6,"(5, 6)",0,14,5.522461414337158,6.8140482902526855,0.0003361445851624012,0.00033611059188842773,3.3993273973464966e-08,0.00010113716971094166,1,0,0.025648795068264008,0.1991887092590332,0.027389056980609894,0.20997057855129242,0.00199518701992929,0.011895050294697285,0.02919269830454141,0.2179766008630395,-0.7852033972740173,-0.7848672866821289
batch1_0_127,5,6,"(5, 6)",0,15,5.3777265548706055,6.8150315284729,0.0002870049502234906,0.00028693675994873047,6.819027476012707e-08,0.0002376491418259244,1,0,0.027389056980609894,0.20997057855129242,0.02912912331521511,0.2204577773809433,0.002001224784180522,0.011645273305475712,0.03119392308872193,0.2296218741685152,-0.7212422490119934,-0.7209553122520447
batch1_0_127,5,6,"(5, 6)",0,16,5.240012168884277,6.817203044891357,0.00024428608594462276,0.0002442002296447754,8.585629984736443e-08,0.00035158156883085184,1,0,0.02912912331521511,0.2204577773809433,0.030865509063005447,0.23071765899658203,0.002005212241783738,0.011444811709225178,0.03319913533050567,0.24106668587774038,-0.6473446488380432,-0.6471004486083984
batch1_0_127,5,6,"(5, 6)",0,17,5.108914375305176,6.86074161529541,0.00020352705905679613,0.00020354986190795898,2.2802851162850857e-08,0.00011202587390190337,1,0,0.030865509063005447,0.23071765899658203,0.03259832412004471,0.2407892793416977,0.0020056169014424086,0.011258738115429878,0.03520475223194808,0.25232542399317026,-0.5832507610321045,-0.5830472111701965
batch1_0_127,5,6,"(5, 6)",0,18,4.980970859527588,6.9022016525268555,0.00016695460362825543,0.00016689300537109375,6.159825716167688e-08,0.0003690883091517857,1,0,0.03259832412004471,0.2407892793416977,0.03432079032063484,0.25068676471710205,0.0020004718098789454,0.01109014917165041,0.03720522404182702,0.26341557316482067,-0.519397497177124,-0.5192306041717529
batch1_0_127,5,6,"(5, 6)",0,19,4.856302738189697,6.951232433319092,0.00014176401600707322,0.0001417398452758789,2.417073119431734e-08,0.0001705288385723297,1,0,0.03432079032063484,0.25068676471710205,0.036027759313583374,0.2603212594985962,0.001988300122320652,0.010832065716385841,0.039193524164147675,0.2742476388812065,-0.45155248045921326,-0.4514107406139374
batch1_0_127,5,6,"(5, 6)",0,20,4.735760688781738,6.993999004364014,0.00011603158054640517,0.00011599063873291016,4.094181349501014e-08,0.0003529751533594553,1,0,0.036027759313583374,0.2603212594985962,0.037719182670116425,0.2696699798107147,0.0019752841908484697,0.010550850071012974,0.041168808354996145,0.2847984889522195,-0.3763522505760193,-0.3762362599372864
batch1_0_127,5,6,"(5, 6)",0,21,4.625611305236816,7.036807060241699,9.6172108897008e-05,9.614229202270508e-05,2.981687430292368e-08,0.00031013275922194667,1,0,0.037719182670116425,0.2696699798107147,0.03939364105463028,0.2786884307861328,0.001960861962288618,0.01023213192820549,0.04312967031728476,0.295030620880425,-0.3155094385147095,-0.31541329622268677
batch1_0_127,5,6,"(5, 6)",0,22,4.5205488204956055,7.090994358062744,8.405663538724184e-05,8.404254913330078e-05,1.4086253941059113e-08,0.00016760859929078014,1,0,0.03939364105463028,0.2786884307861328,0.04104595258831978,0.2874225378036499,0.001937549328431487,0.009939889423549175,0.04506721964571625,0.30497051030397415,-0.264345645904541,-0.2642616033554077
batch1_0_127,5,6,"(5, 6)",0,23,4.422266006469727,7.135173797607422,7.364195334957913e-05,7.364153861999512e-05,4.147295840084553e-10,5.631734368676649e-06,1,0,0.04104595258831978,0.2874225378036499,0.04267490282654762,0.29589658975601196,0.0019135345937684178,0.009675264358520508,0.04698075423948467,0.31464577466249466,-0.23171208798885345,-0.23163844645023346
batch1_0_127,5,6,"(5, 6)",0,24,4.329989433288574,7.189258098602295,6.300597306108102e-05,6.300210952758789e-05,3.863533493131399e-09,6.132387505912962e-05,1,0,0.04267490282654762,0.29589658975601196,0.044276926666498184,0.3040945827960968,0.0018864425364881754,0.009393619373440742,0.04886719677597284,0.3240393940359354,-0.2018088698387146,-0.201745867729187
batch1_0_127,5,6,"(5, 6)",0,25,4.2443389892578125,7.240013122558594,5.522706123883836e-05,5.5223703384399414e-05,3.357854438945651e-09,6.08045863127361e-05,1,0,0.044276926666498184,0.3040945827960968,0.0458526685833931,0.3120550811290741,0.0018597826128825545,0.00914592482149601,0.0507269793888554,0.3331853188574314,-0.17761211097240448,-0.17755688726902008
batch1_0_127,5,6,"(5, 6)",0,26,4.161316871643066,7.295476913452148,4.5620072341989726e-05,4.5627355575561523e-05,7.283233571797609e-09,0.00015962427539190072,1,0,0.0458526685833931,0.3120550811290741,0.04740050807595253,0.3197273910045624,0.0018333003390580416,0.008866573683917522,0.05256027972791344,0.34205189254134893,-0.15832823514938354,-0.15828260779380798
batch1_0_127,5,6,"(5, 6)",0,27,4.084524154663086,7.322393417358398,4.05002647312358e-05,4.0471553802490234e-05,2.87109287455678e-08,0.0007094100929675994,1,0,0.04740050807595253,0.3197273910045624,0.04891876131296158,0.32711631059646606,0.001802890095859766,0.008581667207181454,0.054363169823773205,0.3506335597485304,-0.148903489112854,-0.1488630175590515
batch1_0_127,5,6,"(5, 6)",0,28,4.01298189163208,7.351060390472412,3.484037006273866e-05,3.485381603240967e-05,1.3445969671010971e-08,0.00038578185121846943,1,0,0.04891876131296158,0.32711631059646606,0.05040588602423668,0.3342594504356384,0.0017701631877571344,0.008326036855578423,0.05613333301153034,0.3589595966041088,-0.14046795666217804,-0.14043310284614563
batch1_0_127,5,6,"(5, 6)",0,29,3.945524215698242,7.371178150177002,2.9389231713139452e-05,2.9385089874267578e-05,4.141838871873915e-09,0.00014095035576191684,1,0,0.05040588602423668,0.3342594504356384,0.051859743893146515,0.34117093682289124,0.0017353242728859186,0.008081200532615185,0.05786865728441626,0.367040797136724,-0.13428255915641785,-0.13425317406654358
batch1_0_127,5,6,"(5, 6)",0,30,3.881289005279541,7.405011177062988,2.5478295356151648e-05,2.5466084480285645e-05,1.2210875866003335e-08,0.00047949561604008193,1,0,0.051859743893146515,0.34117093682289124,0.05327979102730751,0.3478761613368988,0.0016989080468192697,0.007856521755456924,0.05956756533123553,0.3748973188921809,-0.12555979192256927,-0.125534325838089
batch1_0_127,5,6,"(5, 6)",0,31,3.816215991973877,7.44204044342041,1.9259432519902475e-05,1.9244849681854248e-05,1.4582838048227131e-08,0.000757752764469609,1,0,0.05327979102730751,0.3478761613368988,0.05466073006391525,0.3543161451816559,0.001658187247812748,0.007592563517391682,0.061225752579048276,0.3824898824095726,-0.11901150643825531,-0.11899226158857346
batch1_0_127,5,6,"(5, 6)",0,32,3.758775234222412,7.4767608642578125,1.5985584468580782e-05,1.5988945960998535e-05,3.3614924177527428e-09,0.00021023852516309413,1,0,0.05466073006391525,0.3543161451816559,0.056006647646427155,0.36053356528282166,0.0016194172203540802,0.007349480874836445,0.06284516979940236,0.38983936328440905,-0.11436569690704346,-0.11434970796108246
batch1_0_127,5,6,"(5, 6)",0,33,3.7066617012023926,7.506570816040039,1.3802320609102026e-05,1.379847526550293e-05,3.845343599095941e-09,0.00027867887756479484,1,0,0.056006647646427155,0.36053356528282166,0.05732061341404915,0.36656638979911804,0.0015840106643736362,0.007141065783798695,0.06442918046377599,0.39698042906820774,-0.11064596474170685,-0.11063216626644135
batch1_0_127,5,6,"(5, 6)",0,34,3.6562037467956543,7.541530132293701,1.0276830835209694e-05,1.0274350643157959e-05,2.4801920517347753e-09,0.0002413964772933285,1,0,0.05732061341404915,0.36656638979911804,0.05860116705298424,0.3723828196525574,0.0015471369260922074,0.006906221155077219,0.0659763173898682,0.40388665022328496,-0.1062072142958641,-0.10619693994522095
batch1_0_127,5,6,"(5, 6)",0,35,3.609546184539795,7.568295001983643,8.166463885572739e-06,8.165836334228516e-06,6.275513442233205e-10,7.685083542427007e-05,1,0,0.05860116705298424,0.3723828196525574,0.0598490908741951,0.37800347805023193,0.0015096996212378144,0.0066872225143015385,0.06748601701110601,0.4105738727375865,-0.10456640273332596,-0.10455823689699173
batch1_0_127,5,6,"(5, 6)",0,36,3.566124677658081,7.5991668701171875,7.519647169829113e-06,7.510185241699219e-06,9.461928129894659e-09,0.0012598794604104663,1,0,0.0598490908741951,0.37800347805023193,0.061064429581165314,0.3834575116634369,0.0014715039869770408,0.006490442436188459,0.06895752099808306,0.41706431517377496,-0.10195339471101761,-0.10194588452577591
batch1_0_127,5,6,"(5, 6)",0,37,3.5236968994140625,7.62583065032959,6.58454155200161e-06,6.586313247680664e-06,1.7716956790536642e-09,0.0002689965709841629,1,0,0.061064429581165314,0.3834575116634369,0.062247321009635925,0.3887249827384949,0.0014344601659104228,0.006280390080064535,0.07039198116399348,0.4233447052538395,-0.10012373328208923,-0.10011714696884155
batch1_0_127,5,6,"(5, 6)",0,38,3.484675407409668,7.647353172302246,5.799527116323588e-06,5.804002285003662e-06,4.475168680073693e-09,0.0007710487453867137,1,0,0.062247321009635925,0.3887249827384949,0.06340046226978302,0.39381179213523865,0.0013995369663462043,0.006082269363105297,0.07179151813033968,0.4294269746169448,-0.09718893468379974,-0.09718313068151474
batch1_0_127,5,6,"(5, 6)",0,39,3.448637008666992,7.669356822967529,4.677246124629164e-06,4.67151403427124e-06,5.73209035792388e-09,0.0012270305335426634,1,0,0.06340046226978302,0.39381179213523865,0.06452441215515137,0.39871689677238464,0.0013654697686433792,0.005884264595806599,0.07315698789898306,0.4353112392127514,-0.09387264400720596,-0.09386797249317169
batch1_0_127,5,7,"(5, 7)",1,0,8.61972427368164,8.138317108154297,0.0018876948161050677,0.0018873214721679688,3.7334393709897995e-07,0.00019781682273244062,1,0,0.0,0.0,0.002157083712518215,0.01881047710776329,0.002157083712518215,0.01881047710776329,0.002157083712518215,0.01881047710776329,-2.0546951293945312,-2.0528078079223633
batch1_0_127,5,7,"(5, 7)",1,1,8.24856948852539,7.866636276245117,0.0016582695534452796,0.0016578435897827148,4.259636625647545e-07,0.00025693838983964907,1,0,0.002157083712518215,0.01881047710776329,0.0042539737187325954,0.03743896260857582,0.002103914739564061,0.01865866221487522,0.004260998452082276,0.03746913932263851,-1.8876150846481323,-1.8859572410583496
batch1_0_127,5,7,"(5, 7)",1,2,7.896265029907227,7.634790897369385,0.0015148392412811518,0.0015146732330322266,1.6600824892520905e-07,0.00010960004131906185,1,0,0.0042539737187325954,0.03743896260857582,0.006282764952629805,0.055527254939079285,0.0020493532065302134,0.018174167722463608,0.00631035165861249,0.05564330704510212,-1.7831497192382812,-1.781635046005249
batch1_0_127,5,7,"(5, 7)",1,3,7.548959732055664,7.412298679351807,0.0013838016893714666,0.001383662223815918,1.394655555486679e-07,0.0001007945097785819,1,0,0.006282764952629805,0.055527254939079285,0.00824230257421732,0.07276824861764908,0.00200265902094543,0.017404187470674515,0.00831301067955792,0.07304749451577663,-1.6670416593551636,-1.6656579971313477
batch1_0_127,5,7,"(5, 7)",1,4,7.238285064697266,7.2168803215026855,0.0012309233425185084,0.0012307167053222656,2.066371962428093e-07,0.00016789988739829523,1,0,0.00824230257421732,0.07276824861764908,0.010140429250895977,0.08895175904035568,0.001967707183212042,0.016449257731437683,0.010280717862769961,0.08949675224721432,-1.5271108150482178,-1.5258800983428955
batch1_0_127,5,7,"(5, 7)",1,5,6.976329803466797,7.096674919128418,0.001091664656996727,0.0010914802551269531,1.8440186977386475e-07,0.00016894659239842727,1,0,0.010140429250895977,0.08895175904035568,0.011992077343165874,0.10408803075551987,0.0019485587254166603,0.015527883544564247,0.012229276588186622,0.10502463579177856,-1.4183728694915771,-1.4172813892364502
batch1_0_127,5,7,"(5, 7)",1,6,6.740804672241211,7.035813331604004,0.0009303505648858845,0.0009300708770751953,2.796878106892109e-07,0.0003007166631953345,1,0,0.011992077343165874,0.10408803075551987,0.013809322379529476,0.11834760010242462,0.001940475427545607,0.014793802052736282,0.014169752015732229,0.11981843784451485,-1.3138856887817383,-1.312955617904663
batch1_0_127,5,7,"(5, 7)",1,7,6.5194993019104,6.989803314208984,0.0007848989334888756,0.000784754753112793,1.4418037608265877e-07,0.00018372666812243658,1,0,0.013809322379529476,0.11834760010242462,0.01559912133961916,0.1316458284854889,0.0019426749786362052,0.013989165425300598,0.016112426994368434,0.13380760326981544,-1.233151912689209,-1.2323671579360962
batch1_0_127,5,7,"(5, 7)",1,8,6.329519271850586,6.936765670776367,0.0006336341612040997,0.0006335973739624023,3.67872416973114e-08,5.806091251175917e-05,1,0,0.01559912133961916,0.1316458284854889,0.017375769093632698,0.1440785676240921,0.0019567501731216908,0.013285219669342041,0.018069177167490125,0.14709282293915749,-1.1510659456253052,-1.1504323482513428
batch1_0_127,5,7,"(5, 7)",1,9,6.158820629119873,6.915961742401123,0.0005289627588354051,0.0005289316177368164,3.114109858870506e-08,5.887547188415596e-05,1,0,0.017375769093632698,0.1440785676240921,0.019154133275151253,0.15592752397060394,0.001980151981115341,0.012799842283129692,0.020049329148605466,0.15989266522228718,-1.1172294616699219,-1.116700530052185
batch1_0_127,5,7,"(5, 7)",1,10,5.9993109703063965,6.883756160736084,0.0004192812484689057,0.00041937828063964844,9.703217074275017e-08,0.0002313714734934622,1,0,0.019154133275151253,0.15592752397060394,0.020939255133271217,0.16724100708961487,0.00200470513664186,0.012323332019150257,0.022054034285247326,0.17221599724143744,-1.0786919593811035,-1.0782725811004639
batch1_0_127,5,7,"(5, 7)",1,11,5.851776123046875,6.866477966308594,0.00031379127176478505,0.00031375885009765625,3.2421667128801346e-08,0.00010333307608282675,1,0,0.020939255133271217,0.16724100708961487,0.02273721620440483,0.1780456155538559,0.002032877877354622,0.011892184615135193,0.024086912162601948,0.18410818185657263,-1.0444107055664062,-1.0440969467163086
batch1_0_127,5,7,"(5, 7)",1,12,5.711645126342773,6.8388895988464355,0.00021975305571686476,0.00021970272064208984,5.033507477492094e-08,0.00022910537761123168,1,0,0.02273721620440483,0.1780456155538559,0.024549586698412895,0.18840374052524567,0.0020600869320333004,0.011486089788377285,0.026146999094635248,0.1955942716449499,-1.0175268650054932,-1.017307162284851
batch1_0_127,5,7,"(5, 7)",1,13,5.578632354736328,6.832469940185547,0.0001247351465281099,0.0001246929168701172,4.2229657992720604e-08,0.00033866926087476097,1,0,0.024549586698412895,0.18840374052524567,0.026377353817224503,0.19832690060138702,0.0020847634878009558,0.01109285932034254,0.028231762582436204,0.20668713096529245,-0.9946396350860596,-0.9945149421691895
batch1_0_127,5,7,"(5, 7)",1,14,5.455692291259766,6.831539154052734,2.5345174435642548e-05,2.5272369384765625e-05,7.28050508769229e-08,0.002880816189747936,1,0,0.026377353817224503,0.19832690060138702,0.02822173200547695,0.2078211009502411,0.002110301749780774,0.010725008323788643,0.030342064332216978,0.2174121392890811,-0.9691970944404602,-0.9691718220710754
batch1_0_127,5,7,"(5, 7)",1,15,5.343034744262695,6.845538139343262,-6.029329597367905e-05,-6.03795051574707e-05,8.620918379165232e-08,0.0014277888427011351,0,1,0.02822173200547695,0.2078211009502411,0.03008189983665943,0.21689321100711823,0.002132970606908202,0.010362117551267147,0.03247503493912518,0.22777425684034824,-0.9430972933769226,-0.9431576728820801
batch1_0_127,5,7,"(5, 7)",1,16,5.235427379608154,6.85837459564209,-0.00013128507998771966,-0.00013136863708496094,8.355709724128246e-08,0.0006360505756578947,0,1,0.03008189983665943,0.21689321100711823,0.03195898234844208,0.22565019130706787,0.002149927197024226,0.010096900165081024,0.034624962136149406,0.23787115700542927,-0.9223797917366028,-0.9225111603736877
batch1_0_127,5,7,"(5, 7)",1,17,5.133492946624756,6.85910701751709,-0.00020051890169270337,-0.00020056962966918945,5.0727976486086845e-08,0.00025291953008915307,0,1,0.03195898234844208,0.22565019130706787,0.03385007008910179,0.23417598009109497,0.0021625200752168894,0.009899674914777279,0.036787482211366296,0.24777083192020655,-0.9056200385093689,-0.9058206081390381
batch1_0_127,5,7,"(5, 7)",1,18,5.035025596618652,6.858640670776367,-0.0002502511197235435,-0.00025027990341186523,2.8783688321709633e-08,0.00011500599100976423,0,1,0.03385007008910179,0.23417598009109497,0.035754334181547165,0.24254892766475677,0.0021715715993195772,0.00975877046585083,0.03895905381068587,0.2575296023860574,-0.8709020018577576,-0.8711522817611694
batch1_0_127,5,7,"(5, 7)",1,19,4.940937042236328,6.866163730621338,-0.00030852403142489493,-0.00030857324600219727,4.921457730233669e-08,0.0001594907463299208,0,1,0.035754334181547165,0.24254892766475677,0.03766762837767601,0.2508028447628021,0.002177806803956628,0.00965204369276762,0.0411368606146425,0.267181646078825,-0.8518709540367126,-0.8521795272827148
batch1_0_127,5,7,"(5, 7)",1,20,4.845973968505859,6.8746747970581055,-0.00032361509511247277,-0.0003236532211303711,3.812601789832115e-08,0.0001177989755985267,0,1,0.03766762837767601,0.2508028447628021,0.039583079516887665,0.2590026557445526,0.0021711380686610937,0.009583896026015282,0.043307998683303595,0.2767655421048403,-0.805324912071228,-0.8056485652923584
batch1_0_127,5,7,"(5, 7)",1,21,4.750361919403076,6.902083396911621,-0.0003652652958407998,-0.00036537647247314453,1.1117663234472275e-07,0.0003042796696574225,0,1,0.039583079516887665,0.2590026557445526,0.041496142745018005,0.2670588195323944,0.0021629994735121727,0.009438096545636654,0.04547099815681577,0.28620363865047693,-0.7740669846534729,-0.774432361125946
batch1_0_127,5,7,"(5, 7)",1,22,4.658125877380371,6.941246032714844,-0.0003946892393287271,-0.00039464235305786133,4.6886270865797997e-08,0.00011880699195740825,0,1,0.041496142745018005,0.2670588195323944,0.04340318590402603,0.274922251701355,0.0021520182490348816,0.00925467349588871,0.04762301640585065,0.29545831214636564,-0.7360866069793701,-0.736481249332428
batch1_0_127,5,7,"(5, 7)",1,23,4.574210166931152,6.968409061431885,-0.0004158250230830163,-0.0004158616065979004,3.6583514884114265e-08,8.797040723090153e-05,0,1,0.04340318590402603,0.274922251701355,0.04530160129070282,0.28264445066452026,0.0021370709873735905,0.009109525009989738,0.04976008739322424,0.3045678371563554,-0.7061077952384949,-0.7065236568450928
batch1_0_127,5,7,"(5, 7)",1,24,4.487924575805664,7.0002827644348145,-0.00042597277206368744,-0.0004260540008544922,8.122879080474377e-08,0.00019065374492865136,0,1,0.04530160129070282,0.28264445066452026,0.04718674346804619,0.29023948311805725,0.0021174896974116564,0.008968962356448174,0.051877577090635896,0.31353679951280355,-0.6766773462295532,-0.6771034002304077
batch1_0_127,5,7,"(5, 7)",1,25,4.404554843902588,7.023311614990234,-0.00045244587818160653,-0.0004525184631347656,7.258495315909386e-08,0.00016040219145152792,0,1,0.04718674346804619,0.29023948311805725,0.04905985668301582,0.29763665795326233,0.0021030285861343145,0.008782793767750263,0.05398060567677021,0.3223195932805538,-0.6491650342941284,-0.6496175527572632
batch1_0_127,5,7,"(5, 7)",1,26,4.329678535461426,7.0615010261535645,-0.00045688095269724727,-0.00045686960220336914,1.1350493878126144e-08,2.4844055772994128e-05,0,1,0.04905985668301582,0.29763665795326233,0.05091647803783417,0.30489736795425415,0.002080547157675028,0.008633687160909176,0.05606115283444524,0.330953280441463,-0.6185104250907898,-0.6189672946929932
batch1_0_127,5,7,"(5, 7)",1,27,4.252772808074951,7.092975616455078,-0.00045636537834070623,-0.0004564523696899414,8.699134923517704e-08,0.0001905814385283364,0,1,0.05091647803783417,0.30489736795425415,0.05274854227900505,0.31200066208839417,0.0020498542580753565,0.008471227250993252,0.058111007092520595,0.33942450769245625,-0.5921108722686768,-0.5925673246383667
batch1_0_127,5,7,"(5, 7)",1,28,4.180232048034668,7.126194953918457,-0.00044166776933707297,-0.0004417300224304199,6.225309334695339e-08,0.00014093018401700174,0,1,0.05274854227900505,0.31200066208839417,0.05455239862203598,0.31899523735046387,0.0020134032238274813,0.008320840075612068,0.060124410316348076,0.3477453477680683,-0.5632132291793823,-0.5636549592018127
batch1_0_127,5,7,"(5, 7)",1,29,4.112500190734863,7.166632175445557,-0.0004271567740943283,-0.0004271864891052246,2.971501089632511e-08,6.955980971815264e-05,0,1,0.05455239862203598,0.31899523735046387,0.05632540211081505,0.3258691728115082,0.0019751007203012705,0.008166495710611343,0.062099511036649346,0.35591184347867966,-0.5357357263565063,-0.5361629128456116
batch1_0_127,5,7,"(5, 7)",1,30,4.04717493057251,7.212599277496338,-0.000404287944547832,-0.00040435791015625,6.996560841798782e-08,0.00017302890993514152,0,1,0.05632540211081505,0.3258691728115082,0.05806514993309975,0.33261433243751526,0.0019348993664607406,0.008002049289643764,0.06403441040311009,0.3639138927683234,-0.5000585317611694,-0.5004628896713257
batch1_0_127,5,7,"(5, 7)",1,31,3.9833970069885254,7.259369373321533,-0.0003844277816824615,-0.00038442015647888184,7.62520357966423e-09,1.9835597720753547e-05,0,1,0.05806514993309975,0.33261433243751526,0.05976994335651398,0.3392042815685272,0.00189339614007622,0.007816915400326252,0.06592780654318631,0.3717308081686497,-0.47306275367736816,-0.47344717383384705
batch1_0_127,5,7,"(5, 7)",1,32,3.9206490516662598,7.288908958435059,-0.0003680181398522109,-0.0003680884838104248,7.034395821392536e-08,0.00019110610982916364,0,1,0.05976994335651398,0.3392042815685272,0.06143662706017494,0.34564462304115295,0.0018486729823052883,0.007633473724126816,0.0677764795254916,0.3793642818927765,-0.44928205013275146,-0.4496501386165619
batch1_0_127,5,7,"(5, 7)",1,33,3.8612852096557617,7.328039169311523,-0.0003458921273704618,-0.0003458857536315918,6.373738870024681e-09,1.842729514906083e-05,0,1,0.06143662706017494,0.34564462304115295,0.06306303292512894,0.35195398330688477,0.0018019125564023852,0.007459881249815226,0.06957839208189398,0.3868241631425917,-0.4251789152622223,-0.4255248010158539
batch1_0_127,5,7,"(5, 7)",1,34,3.8052926063537598,7.345494747161865,-0.00032800406916067004,-0.00032806396484375,5.989568307995796e-08,0.00018257318541061048,0,1,0.06306303292512894,0.35195398330688477,0.06464897841215134,0.35810357332229614,0.001755992416292429,0.007272962015122175,0.07133438449818641,0.3940971251577139,-0.4028680920600891,-0.40319615602493286
batch1_0_127,5,7,"(5, 7)",1,35,3.7525699138641357,7.371541500091553,-0.00030657908064313233,-0.00030666589736938477,8.681672625243664e-08,0.000283098730563654,0,1,0.06464897841215134,0.35810357332229614,0.06619301438331604,0.36409851908683777,0.0017085723811760545,0.007086646743118763,0.07304295687936246,0.40118377190083265,-0.38140273094177246,-0.38170939683914185
batch1_0_127,5,7,"(5, 7)",1,36,3.702197551727295,7.398102283477783,-0.00028916564770042896,-0.0002892017364501953,3.608874976634979e-08,0.0001247874587798846,0,1,0.06619301438331604,0.36409851908683777,0.06769460439682007,0.3699379563331604,0.0016609665472060442,0.006901553366333246,0.07470392342656851,0.4080853252671659,-0.3650897145271301,-0.3653789162635803
batch1_0_127,5,7,"(5, 7)",1,37,3.6550374031066895,7.429765224456787,-0.00027119697188027203,-0.00027120113372802734,4.16184775531292e-09,1.5345982142857144e-05,0,1,0.06769460439682007,0.3699379563331604,0.06915351003408432,0.3756161332130432,0.00161368353292346,0.006712569855153561,0.07631760695949197,0.41479789512231946,-0.3476073145866394,-0.34787851572036743
batch1_0_127,5,7,"(5, 7)",1,38,3.609126567840576,7.470801830291748,-0.00025067359092645347,-0.0002506673336029053,6.257323548197746e-09,2.496266050410177e-05,0,1,0.06915351003408432,0.3756161332130432,0.07056878507137299,0.38112738728523254,0.0015655473107472062,0.006517596077173948,0.07788315427023917,0.4213154911994934,-0.3281089961528778,-0.3283596634864807
batch1_0_127,5,7,"(5, 7)",1,39,3.5666956901550293,7.4991230964660645,-0.0002328935224795714,-0.00023290514945983887,1.1626980267465115e-08,4.992152511196417e-05,0,1,0.07056878507137299,0.38112738728523254,0.07194282859563828,0.3864870071411133,0.0015202322974801064,0.006341664120554924,0.07940338656771928,0.42765715532004833,-0.31033772230148315,-0.310570627450943
batch1_0_127,6,7,"(6, 7)",1,0,8.40190315246582,8.138317108154297,0.0031690329778939486,0.003168344497680664,6.884802132844925e-07,0.00021729966983971707,1,0,0.0,0.0,0.002074955962598324,0.01730344071984291,0.002074955962598324,0.01730344071984291,0.002074955962598324,0.01730344071984291,-3.162909984588623,-3.1597416400909424
batch1_0_127,6,7,"(6, 7)",1,1,8.096014022827148,7.889571666717529,0.0027121452149003744,0.0027115345001220703,6.107147783041e-07,0.0002252284742372285,1,0,0.002074955962598324,0.01730344071984291,0.004110127687454224,0.03429200127720833,0.0020411950536072254,0.01701604574918747,0.004116151016205549,0.03431948646903038,-2.878556728363037,-2.875845193862915
batch1_0_127,6,7,"(6, 7)",1,2,7.80491828918457,7.6875319480896,0.0023275003768503666,0.0023272037506103516,2.966262400150299e-07,0.00012746036522897245,1,0,0.004110127687454224,0.03429200127720833,0.006109294947236776,0.05081399530172348,0.0020149967167526484,0.016594355925917625,0.006131147732958198,0.050913842394948006,-2.6171202659606934,-2.614793062210083
batch1_0_127,6,7,"(6, 7)",1,3,7.524898529052734,7.507907390594482,0.001990007236599922,0.0019898414611816406,1.6577541828155518e-07,8.331086748142823e-05,1,0,0.006109294947236776,0.05081399530172348,0.008071394637227058,0.0667685866355896,0.0019949888810515404,0.01610761135816574,0.008126136614009738,0.06702145375311375,-2.365623950958252,-2.3636341094970703
batch1_0_127,6,7,"(6, 7)",1,4,7.26131534576416,7.33773946762085,0.0017055644420906901,0.001705169677734375,3.9476435631513596e-07,0.0002315103074314877,1,0,0.008071394637227058,0.0667685866355896,0.010001091286540031,0.08197090029716492,0.0019818369764834642,0.015442832373082638,0.010107973590493202,0.08246428612619638,-2.1377744674682617,-2.1360692977905273
batch1_0_127,6,7,"(6, 7)",1,5,7.025199890136719,7.2294135093688965,0.0014795921742916107,0.0014793872833251953,2.0489096641540527e-07,0.00013849717969379534,1,0,0.010001091286540031,0.08197090029716492,0.011908621527254581,0.09649591892957687,0.0019796625711023808,0.014873574487864971,0.012087636161595583,0.09733786061406136,-1.953789234161377,-1.9523098468780518
batch1_0_127,6,7,"(6, 7)",1,6,6.803248405456543,7.144552707672119,0.001279293093830347,0.0012791156768798828,1.7741695046424866e-07,0.00013870281919850885,1,0,0.011908621527254581,0.09649591892957687,0.013799072243273258,0.11024972051382065,0.001983452821150422,0.014212733134627342,0.014071088982746005,0.1115505937486887,-1.7942299842834473,-1.7929508686065674
batch1_0_127,6,7,"(6, 7)",1,7,6.601193428039551,7.1070404052734375,0.0010836831061169505,0.0010836124420166016,7.066410034894943e-08,6.52115992849285e-05,1,0,0.013799072243273258,0.11024972051382065,0.015676524490118027,0.12336264550685883,0.00199053343385458,0.013670639134943485,0.016061622416600585,0.12522123288363218,-1.6359963417053223,-1.6349127292633057
batch1_0_127,6,7,"(6, 7)",1,8,6.410667419433594,7.073337078094482,0.0009205855894833803,0.0009205341339111328,5.145557224750519e-08,5.589751683501684e-05,1,0,0.015676524490118027,0.12336264550685883,0.017546862363815308,0.13580164313316345,0.0020033828914165497,0.013108274899423122,0.018065005308017135,0.1383295077830553,-1.5118046998977661,-1.510884165763855
batch1_0_127,6,7,"(6, 7)",1,9,6.242535591125488,7.078390121459961,0.0007576122879981995,0.0007576942443847656,8.195638656616211e-08,0.00010816551290119572,1,0,0.017546862363815308,0.13580164313316345,0.01941484771668911,0.1476096212863922,0.0020217576529830694,0.012603928335011005,0.020086762961000204,0.1509334361180663,-1.387656569480896,-1.3868988752365112
batch1_0_127,6,7,"(6, 7)",1,10,6.087523460388184,7.080990314483643,0.0006349068135023117,0.0006349086761474609,1.862645149230957e-09,2.9337213668794592e-06,1,0,0.01941484771668911,0.1476096212863922,0.021287593990564346,0.1589873880147934,0.0020429810974746943,0.01229222770780325,0.0221297440584749,0.16322566382586956,-1.3140983581542969,-1.3134634494781494
batch1_0_127,6,7,"(6, 7)",1,11,5.932819366455078,7.061812877655029,0.0005260385805740952,0.0005259513854980469,8.719507604837418e-08,0.00016578542894378967,1,0,0.021287593990564346,0.1589873880147934,0.023164065554738045,0.16991069912910461,0.002062225481495261,0.011914112605154514,0.02419196953997016,0.17513977643102407,-1.2418382167816162,-1.2413122653961182
batch1_0_127,6,7,"(6, 7)",1,12,5.783065319061279,7.0717573165893555,0.0004026518727187067,0.00040268898010253906,3.710738383233547e-08,9.214899256216696e-05,1,0,0.023164065554738045,0.16991069912910461,0.02504562959074974,0.18032240867614746,0.0020836442708969116,0.011471064761281013,0.02627561381086707,0.1866108411923051,-1.1641590595245361,-1.1637563705444336
batch1_0_127,6,7,"(6, 7)",1,13,5.653997898101807,7.0551958084106445,0.00027803692501038313,0.0002778768539428711,1.6007106751203537e-07,0.0005760503807378807,1,0,0.02504562959074974,0.18032240867614746,0.026933597400784492,0.1902112066745758,0.002105160616338253,0.01102966908365488,0.028380774427205324,0.19764051027595997,-1.0770516395568848,-1.076773762702942
batch1_0_127,6,7,"(6, 7)",1,14,5.534442901611328,7.050284385681152,0.00017719663446769118,0.00017714500427246094,5.163019523024559e-08,0.0002914572468034993,1,0,0.026933597400784492,0.1902112066745758,0.02882848121225834,0.1996532380580902,0.0021248117554932833,0.010606993921101093,0.030505586182698607,0.20824750419706106,-1.0223393440246582,-1.0221621990203857
batch1_0_127,6,7,"(6, 7)",1,15,5.423074245452881,7.0564656257629395,7.695266685914248e-05,7.68899917602539e-05,6.267509888857603e-08,0.0008151268774224806,1,0,0.02882848121225834,0.1996532380580902,0.03073170967400074,0.2086438238620758,0.00214372924529016,0.010220181196928024,0.03264931542798877,0.2184676853939891,-0.9670995473861694,-0.9670226573944092
batch1_0_127,6,7,"(6, 7)",1,16,5.320134162902832,7.083614826202393,4.379942765808664e-06,4.410743713378906e-06,3.080094757024199e-08,0.006983164194467905,1,0,0.03073170967400074,0.2086438238620758,0.032646991312503815,0.21736155450344086,0.0021601298358291388,0.009976686909794807,0.034809445263817906,0.2284443723037839,-0.907241702079773,-0.9072372913360596
batch1_0_127,6,7,"(6, 7)",1,17,5.21946382522583,7.12448787689209,-5.2674979087896645e-05,-5.269050598144531e-05,1.552689354866743e-08,0.0002946810485011312,0,1,0.032646991312503815,0.21736155450344086,0.034574273973703384,0.2258548140525818,0.0021749965380877256,0.00977504812180996,0.03698444180190563,0.23821942042559385,-0.844218373298645,-0.8442710638046265
batch1_0_127,6,7,"(6, 7)",1,18,5.122012615203857,7.125925540924072,-0.00011070236359955743,-0.00011080503463745117,1.0267103789374232e-07,0.0009265918126344809,0,1,0.034574273973703384,0.2258548140525818,0.03651086241006851,0.23415018618106842,0.0021872881334275007,0.009591687470674515,0.03917172993533313,0.24781110789626837,-0.8001046776771545,-0.800215482711792
batch1_0_127,6,7,"(6, 7)",1,19,5.029695510864258,7.141324996948242,-0.00015651730063837022,-0.00015658140182495117,6.410118658095598e-08,0.00040937931219071184,0,1,0.03651086241006851,0.23415018618106842,0.03845606744289398,0.24229903519153595,0.0021963573526591063,0.009443076327443123,0.04136808728799224,0.2572541842237115,-0.7520787119865417,-0.7522352933883667
batch1_0_127,6,7,"(6, 7)",1,20,4.936129093170166,7.172130107879639,-0.00019287785107735544,-0.00019294023513793945,6.23840605840087e-08,0.00032333359881835035,0,1,0.03845606744289398,0.24229903519153595,0.040408942848443985,0.2503141164779663,0.0022024624049663544,0.00929973553866148,0.04357054969295859,0.26655391976237297,-0.7039823532104492,-0.7041752934455872
batch1_0_127,6,7,"(6, 7)",1,21,4.850391387939453,7.197378158569336,-0.00022554921451956034,-0.00022554397583007812,5.238689482212067e-09,2.3226909355179703e-05,0,1,0.040408942848443985,0.2503141164779663,0.042367368936538696,0.2582249045372009,0.002207393292337656,0.009185820817947388,0.04577794298529625,0.27573974058032036,-0.6503101587295532,-0.6505357027053833
batch1_0_127,6,7,"(6, 7)",1,22,4.765440940856934,7.230407238006592,-0.0002455205249134451,-0.0002455711364746094,5.061156116425991e-08,0.00020609735285194176,0,1,0.042367368936538696,0.2582249045372009,0.044327665120363235,0.266022264957428,0.002208468271419406,0.009068976156413555,0.047986411256715655,0.2848087167367339,-0.6076639294624329,-0.6079095005989075
batch1_0_127,6,7,"(6, 7)",1,23,4.6820268630981445,7.2529473304748535,-0.00026772107230499387,-0.0002678036689758301,8.259667083621025e-08,0.0003084224766303138,0,1,0.044327665120363235,0.266022264957428,0.04628632962703705,0.2736934423446655,0.002206103876233101,0.008946636691689491,0.050192515132948756,0.2937553534284234,-0.5617778301239014,-0.5620456337928772
batch1_0_127,6,7,"(6, 7)",1,24,4.599880218505859,7.282888412475586,-0.00028480886248871684,-0.0002847909927368164,1.7869751900434494e-08,6.274689985349518e-05,0,1,0.04628632962703705,0.2736934423446655,0.04823916032910347,0.2812565267086029,0.0021985210478305817,0.008833334781229496,0.05239103618077934,0.3025886882096529,-0.5201878547668457,-0.5204726457595825
batch1_0_127,6,7,"(6, 7)",1,25,4.519647598266602,7.310750484466553,-0.000296343001537025,-0.0002963542938232422,1.1292286217212677e-08,3.810400744167337e-05,0,1,0.04823916032910347,0.2812565267086029,0.050183940678834915,0.28868523240089417,0.002187946578487754,0.00869359914213419,0.05457898275926709,0.3112822873517871,-0.4838767647743225,-0.48417311906814575
batch1_0_127,6,7,"(6, 7)",1,26,4.44346809387207,7.32754373550415,-0.0003035100526176393,-0.00030353665351867676,2.6600901037454605e-08,8.763653657339224e-05,0,1,0.050183940678834915,0.28868523240089417,0.052120957523584366,0.29596516489982605,0.0021772868931293488,0.008552202954888344,0.05675626965239644,0.31983449030667543,-0.45058125257492065,-0.45088478922843933
batch1_0_127,6,7,"(6, 7)",1,27,4.36934757232666,7.354169845581055,-0.000307446374790743,-0.00030747056007385254,2.4185283109545708e-08,7.865885795289328e-05,0,1,0.052120957523584366,0.29596516489982605,0.05404425412416458,0.3031095564365387,0.002158556366339326,0.008399303071200848,0.058914826018735766,0.3282337933778763,-0.4219609797000885,-0.42226845026016235
batch1_0_127,6,7,"(6, 7)",1,28,4.296926975250244,7.365729808807373,-0.0003150343836750835,-0.00031507015228271484,3.576860763132572e-08,0.00011352585248770336,0,1,0.05404425412416458,0.3031095564365387,0.05595114827156067,0.31011515855789185,0.0021385049913078547,0.008256030268967152,0.06105333101004362,0.33648982364684343,-0.399852991104126,-0.4001680612564087
batch1_0_127,6,7,"(6, 7)",1,29,4.232659339904785,7.390686511993408,-0.0003133278514724225,-0.0003133714199066162,4.3568434193730354e-08,0.00013903129457917262,0,1,0.05595114827156067,0.31011515855789185,0.057842712849378586,0.316972017288208,0.0021183721255511045,0.008093670941889286,0.06317170313559473,0.3445834945887327,-0.3739807903766632,-0.3742941617965698
batch1_0_127,6,7,"(6, 7)",1,30,4.161725044250488,7.414856910705566,-0.00031397162820212543,-0.0003139972686767578,2.5640474632382393e-08,8.165827282649962e-05,0,1,0.057842712849378586,0.316972017288208,0.059711307287216187,0.323646605014801,0.0020906212739646435,0.0079055055975914,0.06526232440955937,0.3524890001863241,-0.35696303844451904,-0.3572770357131958
batch1_0_127,6,7,"(6, 7)",1,31,4.102256774902344,7.450584888458252,-0.0003134949947707355,-0.0003135204315185547,2.5436747819185257e-08,8.113266397338403e-05,0,1,0.059711307287216187,0.323646605014801,0.06155668944120407,0.3301861882209778,0.0020614543464034796,0.007748734671622515,0.06732377875596285,0.36023773485794663,-0.3389502763748169,-0.33926379680633545
batch1_0_127,6,7,"(6, 7)",1,32,4.03847599029541,7.4876508712768555,-0.0003140825720038265,-0.0003141164779663086,3.3905962482094765e-08,0.00010794073173624289,0,1,0.06155668944120407,0.3301861882209778,0.06337686628103256,0.33659687638282776,0.0020314932335168123,0.007600493263453245,0.06935527198947966,0.3678382281213999,-0.3190721571445465,-0.3193862736225128
batch1_0_127,6,7,"(6, 7)",1,33,3.9791040420532227,7.519419193267822,-0.00030739352223463356,-0.00030738115310668945,1.2369127944111824e-08,4.024035897808803e-05,0,1,0.06337686628103256,0.33659687638282776,0.0651690736413002,0.3428577482700348,0.0019980219658464193,0.007430873811244965,0.07135329395532608,0.37526910193264484,-0.3017907440662384,-0.3020981252193451
batch1_0_127,6,7,"(6, 7)",1,34,3.9243438243865967,7.545301914215088,-0.00030422749114222825,-0.00030425190925598145,2.4418113753199577e-08,8.025623836810657e-05,0,1,0.0651690736413002,0.3428577482700348,0.06693261116743088,0.34896963834762573,0.00196356070227921,0.00726516917347908,0.07331685465760529,0.3825342711061239,-0.29137226939201355,-0.29167652130126953
batch1_0_127,6,7,"(6, 7)",1,35,3.8729283809661865,7.576436519622803,-0.0002934763615485281,-0.00029349327087402344,1.6909325495362282e-08,5.761401426685621e-05,0,1,0.06693261116743088,0.34896963834762573,0.06866738200187683,0.35494863986968994,0.0019288291223347187,0.00710956659168005,0.07524568377994001,0.389643837697804,-0.2755836546421051,-0.2758771479129791
batch1_0_127,6,7,"(6, 7)",1,36,3.8237411975860596,7.6020636558532715,-0.00028413007385097444,-0.0002841651439666748,3.507011570036411e-08,0.00012341455820660723,0,1,0.06866738200187683,0.35494863986968994,0.07037243247032166,0.36080795526504517,0.0018928650533780456,0.006961711682379246,0.07713854883331805,0.3966055493801832,-0.2638419270515442,-0.26412609219551086
batch1_0_127,6,7,"(6, 7)",1,37,3.7758233547210693,7.634675979614258,-0.00027840660186484456,-0.0002784132957458496,6.693881005048752e-09,2.404296456861486e-05,0,1,0.07037243247032166,0.36080795526504517,0.07204685360193253,0.36653175950050354,0.0018564098281785846,0.006805784534662962,0.07899495866149664,0.4034113339148462,-0.2542271018028259,-0.2545055150985718
batch1_0_127,6,7,"(6, 7)",1,38,3.730051040649414,7.669363021850586,-0.00026579631958156824,-0.0002658069133758545,1.0593794286251068e-08,3.985522480098666e-05,0,1,0.07204685360193253,0.36653175950050354,0.07368957251310349,0.3721192479133606,0.0018187134992331266,0.006647100206464529,0.08081367216072977,0.4100584341213107,-0.2405647486448288,-0.24083055555820465
batch1_0_127,6,7,"(6, 7)",1,39,3.6869254112243652,7.70002555847168,-0.00025734127848409116,-0.0002573728561401367,3.157765604555607e-08,0.0001226922548054655,0,1,0.07368957251310349,0.3721192479133606,0.07530058920383453,0.37758809328079224,0.0017810524441301823,0.006499753799289465,0.08259472460485995,0.4165581879206002,-0.23043504357337952,-0.23069241642951965
batch2_128_255,0,1,"(0, 1)",0,0,7.945411205291748,8.433267593383789,0.0010793975088745356,0.0010792016983032227,1.9581057131290436e-07,0.00018144019938142052,1,0,0.0,0.0,0.0018053888343274593,0.012752636335790157,0.0018053888343274593,0.012752636335790157,0.0018053888343274593,0.012752636335790157,-1.073095679283142,-1.0720164775848389
batch2_128_255,0,1,"(0, 1)",0,1,7.788242816925049,8.307046890258789,0.0010007919045165181,0.0010006427764892578,1.491280272603035e-07,0.0001490322328448892,1,0,0.0018053888343274593,0.012752636335790157,0.003583007026463747,0.025310946628451347,0.0017794608138501644,0.012572677806019783,0.0035848496481776237,0.02532531414180994,-1.0353987216949463,-1.034398078918457
batch2_128_255,0,1,"(0, 1)",0,2,7.633414268493652,8.19226360321045,0.0009260811493732035,0.0009260177612304688,6.3388142734766e-08,6.845240489830072e-05,1,0,0.003583007026463747,0.025310946628451347,0.005337811540812254,0.037737224251031876,0.001759891863912344,0.01245531253516674,0.005344741512089968,0.03778062667697668,-0.9989398717880249,-0.9980138540267944
batch2_128_255,0,1,"(0, 1)",0,3,7.4843339920043945,8.075333595275879,0.0008631893433630466,0.0008631348609924316,5.448237061500549e-08,6.312150403977626e-05,1,0,0.005337811540812254,0.037737224251031876,0.007071462459862232,0.050009939819574356,0.001743718166835606,0.012328291311860085,0.007088459678925574,0.050108917988836765,-0.9665983319282532,-0.9657351970672607
batch2_128_255,0,1,"(0, 1)",0,4,7.342037677764893,7.967960834503174,0.0007987557328306139,0.000798642635345459,1.1309748515486717e-07,0.00014161213056944547,1,0,0.007071462459862232,0.050009939819574356,0.008785261772572994,0.0620916411280632,0.0017303701024502516,0.01217472180724144,0.008818829781375825,0.062283639796078205,-0.9308195114135742,-0.9300208687782288
batch2_128_255,0,1,"(0, 1)",0,5,7.191946029663086,7.870278358459473,0.00073534733382985,0.0007352828979492188,6.443588063120842e-08,8.763413484922179e-05,1,0,0.008785261772572994,0.0620916411280632,0.01047897431999445,0.07394510507583618,0.0017190073849633336,0.011991506442427635,0.010537837166339159,0.07427514623850584,-0.8995460271835327,-0.8988107442855835
batch2_128_255,0,1,"(0, 1)",0,6,7.054718494415283,7.790622234344482,0.000680976954754442,0.0006808042526245117,1.727021299302578e-07,0.0002536736944055332,1,0,0.01047897431999445,0.07394510507583618,0.01216024812310934,0.08564701676368713,0.001715721795335412,0.01189363095909357,0.012253558961674571,0.08616877719759941,-0.8686574697494507,-0.8679766654968262
batch2_128_255,0,1,"(0, 1)",0,7,6.918689727783203,7.698699474334717,0.0006348385941237211,0.0006347894668579102,4.912726581096649e-08,7.739143192488262e-05,1,0,0.01216024812310934,0.08564701676368713,0.013829154893755913,0.09714020788669586,0.0017150344792753458,0.011740667745471,0.013968593440949917,0.09790944494307041,-0.8502562046051025,-0.8496214151382446
batch2_128_255,0,1,"(0, 1)",0,8,6.781546592712402,7.624650001525879,0.0005905695725232363,0.0005905628204345703,6.752088665962219e-09,1.1433311465482438e-05,1,0,0.013829154893755913,0.09714020788669586,0.01548964623361826,0.1084274873137474,0.0017179554561153054,0.01158055104315281,0.015686548897065222,0.10948999598622322,-0.829413890838623,-0.8288233280181885
batch2_128_255,0,1,"(0, 1)",0,9,6.6472625732421875,7.535561561584473,0.000544181268196553,0.000544130802154541,5.046604201197624e-08,9.274615921787709e-05,1,0,0.01548964623361826,0.1084274873137474,0.017141779884696007,0.1194784939289093,0.0017221319722011685,0.011389301158487797,0.01740868086926639,0.12087929714471102,-0.814132034778595,-0.8135879039764404
batch2_128_255,0,1,"(0, 1)",0,10,6.52000093460083,7.473020076751709,0.0005000705714337528,0.000500023365020752,4.720641300082207e-08,9.440841429252593e-05,1,0,0.017141779884696007,0.1194784939289093,0.018785396590828896,0.1302371472120285,0.0017272079130634665,0.011154117994010448,0.019135888782329857,0.13203341513872147,-0.7934956550598145,-0.7929956316947937
batch2_128_255,0,1,"(0, 1)",0,11,6.396668910980225,7.404820442199707,0.00045397700159810483,0.000453948974609375,2.8026988729834557e-08,6.174039439994748e-05,1,0,0.018785396590828896,0.1302371472120285,0.02042463794350624,0.14070096611976624,0.0017370004206895828,0.010923422873020172,0.02087288920301944,0.14295683801174164,-0.7803109288215637,-0.7798569798469543
batch2_128_255,0,1,"(0, 1)",0,12,6.272213935852051,7.335489749908447,0.0004175329813733697,0.00041753053665161133,2.444721758365631e-09,5.8551927194860815e-06,1,0,0.02042463794350624,0.14070096611976624,0.022065510973334312,0.15107209980487823,0.0017493339255452156,0.010868703946471214,0.022622223128564656,0.15382554195821285,-0.7621330618858337,-0.7617155313491821
batch2_128_255,0,1,"(0, 1)",0,13,6.156454563140869,7.27154016494751,0.0003759776591323316,0.00037592649459838867,5.116453394293785e-08,0.00013610249524338038,1,0,0.022065510973334312,0.15107209980487823,0.023703908547759056,0.16118784248828888,0.001764604588970542,0.010712462477385998,0.024386827717535198,0.16453800443559885,-0.7511480450630188,-0.7507721185684204
batch2_128_255,0,1,"(0, 1)",0,14,6.046665668487549,7.1930646896362305,0.00033056343090720475,0.000330507755279541,5.5675627663731575e-08,0.0001684548298016231,1,0,0.023703908547759056,0.16118784248828888,0.02534393221139908,0.17103782296180725,0.0017814446473494172,0.010538297705352306,0.026168272364884615,0.17507630214095116,-0.7420848608016968,-0.7417543530464172
batch2_128_255,0,1,"(0, 1)",0,15,5.938046455383301,7.147754669189453,0.0002951955539174378,0.00029522180557250977,2.62516550719738e-08,8.892180244296385e-05,1,0,0.02534393221139908,0.17103782296180725,0.026989486068487167,0.18075023591518402,0.0017976841190829873,0.010455600917339325,0.027965956483967602,0.18553190305829048,-0.7304587364196777,-0.7301635146141052
batch2_128_255,0,1,"(0, 1)",0,16,5.826439380645752,7.085391998291016,0.0002572595258243382,0.00025719404220581055,6.548361852765083e-08,0.00025460783603707996,1,0,0.026989486068487167,0.18075023591518402,0.02864166535437107,0.19032256305217743,0.001816095202229917,0.010374792851507664,0.02978205168619752,0.19590669590979815,-0.7264418601989746,-0.7261846661567688
batch2_128_255,0,1,"(0, 1)",0,17,5.7148542404174805,7.033576965332031,0.00022639046073891222,0.0002263784408569336,1.201988197863102e-08,5.3096407648762505e-05,1,0,0.02864166535437107,0.19032256305217743,0.030301963910460472,0.19977176189422607,0.0018338049994781613,0.010299894958734512,0.03161585668567568,0.20620659086853266,-0.7235522270202637,-0.7233258485794067
batch2_128_255,0,1,"(0, 1)",0,18,5.609241962432861,6.989901065826416,0.00019552212324924767,0.00019550323486328125,1.8888385966420174e-08,9.661418635670732e-05,1,0,0.030301963910460472,0.19977176189422607,0.03197247162461281,0.20912279188632965,0.0018533393740653992,0.010245990939438343,0.03346919605974108,0.216452581807971,-0.7212983965873718,-0.7211028933525085
batch2_128_255,0,1,"(0, 1)",0,19,5.496894359588623,6.93557596206665,0.00016989326104521751,0.00016987323760986328,2.0023435354232788e-08,0.00011787280701754385,1,0,0.03197247162461281,0.20912279188632965,0.033649541437625885,0.21840079128742218,0.001867901999503374,0.010197984986007214,0.035337098059244454,0.22665056679397821,-0.7258634567260742,-0.7256935834884644
batch2_128_255,0,1,"(0, 1)",0,20,5.394850730895996,6.901696681976318,0.00014535896480083466,0.00014537572860717773,1.6763806343078613e-08,0.00011531365313653136,1,0,0.033649541437625885,0.21840079128742218,0.03533544763922691,0.22776061296463013,0.0018838003743439913,0.010328696109354496,0.037220898433588445,0.2369792629033327,-0.7365908622741699,-0.7364454865455627
batch2_128_255,0,1,"(0, 1)",0,21,5.289918899536133,6.882691860198975,0.00012523411714937538,0.00012511014938354492,1.239677658304572e-07,0.0009908689777870414,1,0,0.03533544763922691,0.22776061296463013,0.03702918440103531,0.23701682686805725,0.0018980231834575534,0.010227655060589314,0.039118921617046,0.24720691796392202,-0.7433375120162964,-0.7432124018669128
batch2_128_255,0,1,"(0, 1)",0,22,5.183764457702637,6.863656044006348,0.0001074864121619612,0.0001074075698852539,7.88422767072916e-08,0.0007340476727247503,1,0,0.03702918440103531,0.23701682686805725,0.03872932121157646,0.24616463482379913,0.001909189741127193,0.010126562789082527,0.04102811135817319,0.25733348075300455,-0.7534310817718506,-0.7533236742019653
batch2_128_255,0,1,"(0, 1)",0,23,5.080593109130859,6.834050178527832,8.995247480925173e-05,8.982419967651367e-05,1.282751327380538e-07,0.0014280687520736562,1,0,0.03872932121157646,0.24616463482379913,0.04043116047978401,0.25523313879966736,0.0019137539202347398,0.010054192505776882,0.04294186527840793,0.26738767325878143,-0.7776061296463013,-0.7775163054466248
batch2_128_255,0,1,"(0, 1)",0,24,4.978174209594727,6.835199356079102,8.037152292672545e-05,8.034706115722656e-05,2.4461769498884678e-08,0.00030445132835682493,1,0,0.04043116047978401,0.25523313879966736,0.04213287681341171,0.2642330825328827,0.0019162180833518505,0.00998742040246725,0.04485808336175978,0.2773750936612487,-0.7923458814620972,-0.7922655344009399
batch2_128_255,0,1,"(0, 1)",0,25,4.874283790588379,6.8369364738464355,7.100941729731858e-05,7.092952728271484e-05,7.989001460373402e-08,0.00112632943802521,1,0,0.04213287681341171,0.2642330825328827,0.043833039700984955,0.2731338441371918,0.0019177895737811923,0.009885634295642376,0.046775872935540974,0.28726072795689106,-0.8119505643844604,-0.8118796348571777
batch2_128_255,0,1,"(0, 1)",0,26,4.774545192718506,6.830734729766846,6.154961738502607e-05,6.151199340820312e-05,3.7623976822942495e-08,0.0006116526995518411,1,0,0.043833039700984955,0.2731338441371918,0.0455290861427784,0.281925231218338,0.0019158704672008753,0.009774839505553246,0.04869174340274185,0.2970355674624443,-0.8317973613739014,-0.8317358493804932
batch2_128_255,0,1,"(0, 1)",0,27,4.672116756439209,6.8311991691589355,5.277734453557059e-05,5.269050598144531e-05,8.683855412527919e-08,0.001648087307338801,1,0,0.0455290861427784,0.281925231218338,0.04721548780798912,0.2905704081058502,0.0019076536409556866,0.009618258103728294,0.050599397043697536,0.3066538255661726,-0.8418341279029846,-0.8417814373970032
batch2_128_255,0,1,"(0, 1)",0,28,4.576180458068848,6.831707954406738,4.6112891141092405e-05,4.601478576660156e-05,9.810537449084222e-08,0.0021320402313390542,1,0,0.04721548780798912,0.2905704081058502,0.04888811334967613,0.2990434467792511,0.001893607317470014,0.009447930380702019,0.05249300436116755,0.3161017559468746,-0.8510033488273621,-0.8509573340415955
batch2_128_255,0,1,"(0, 1)",0,29,4.484227180480957,6.839345932006836,4.378130688564852e-05,4.374980926513672e-05,3.149762051180005e-08,0.0007199487504257493,1,0,0.04888811334967613,0.2990434467792511,0.05054505914449692,0.3073689937591553,0.0018770203460007906,0.009285155683755875,0.05437002470716834,0.3253869116306305,-0.869497537612915,-0.8694537878036499
batch2_128_255,0,1,"(0, 1)",0,30,4.396090507507324,6.860124588012695,4.4499927753349766e-05,4.4465065002441406e-05,3.4862750908359885e-08,0.0007840481264661528,1,0,0.05054505914449692,0.3073689937591553,0.05218370631337166,0.3155248761177063,0.0018566084327176213,0.009102348238229752,0.05622663313988596,0.33448925986886024,-0.8823344707489014,-0.8822900056838989
batch2_128_255,0,1,"(0, 1)",0,31,4.310975074768066,6.889065742492676,3.945465505239554e-05,3.93986701965332e-05,5.598485586233437e-08,0.0014209833880956884,1,0,0.05218370631337166,0.3155248761177063,0.053801119327545166,0.32347944378852844,0.0018332890467718244,0.00889856368303299,0.058059922186657786,0.34338782355189323,-0.8989911079406738,-0.8989517092704773
batch2_128_255,0,1,"(0, 1)",0,32,4.23071813583374,6.904450416564941,3.949990787077695e-05,3.93986701965332e-05,1.0123767424374819e-07,0.0025695708443645993,1,0,0.053801119327545166,0.32347944378852844,0.055395763367414474,0.3312455713748932,0.001807575928978622,0.00869547575712204,0.05986749811563641,0.3520832993090153,-0.9172718524932861,-0.9172324538230896
batch2_128_255,0,1,"(0, 1)",0,33,4.154479026794434,6.92217493057251,3.7943558709230274e-05,3.784894943237305e-05,9.460927685722709e-08,0.0024996539739173228,1,0,0.055395763367414474,0.3312455713748932,0.05696753039956093,0.3388323187828064,0.0017820375505834818,0.008499912917613983,0.06164953566621989,0.36058321222662926,-0.9363538026809692,-0.9363159537315369
batch2_128_255,0,1,"(0, 1)",0,34,4.079524993896484,6.946536540985107,3.653339808806777e-05,3.647804260253906e-05,5.5355485528707504e-08,0.0015175015318627451,1,0,0.05696753039956093,0.3388323187828064,0.05851210281252861,0.34623217582702637,0.00175097503233701,0.00829092226922512,0.0634005106985569,0.3688741344958544,-0.9557430148124695,-0.9557065367698669
batch2_128_255,0,1,"(0, 1)",0,35,4.010952949523926,6.972548961639404,3.595772068365477e-05,3.5881996154785156e-05,7.5724528869614e-08,0.0021103767065510795,1,0,0.05851210281252861,0.34623217582702637,0.06002931669354439,0.35346904397010803,0.001719332067295909,0.00810084119439125,0.06511984276585281,0.37697497569024563,-0.9731113314628601,-0.9730754494667053
batch2_128_255,0,1,"(0, 1)",0,36,3.947497606277466,6.9916605949401855,3.498420483083464e-05,3.4928321838378906e-05,5.58829924557358e-08,0.0015999335070925767,1,0,0.06002931669354439,0.35346904397010803,0.061519164592027664,0.3605491816997528,0.001687474548816681,0.007923047058284283,0.06680731731466949,0.3848980227485299,-0.9891647696495056,-0.9891298413276672
batch2_128_255,0,1,"(0, 1)",0,37,3.885467052459717,7.017629623413086,3.30411312461365e-05,3.2901763916015625e-05,1.3936733012087643e-07,0.004235861957937047,1,0,0.061519164592027664,0.3605491816997528,0.06298010796308517,0.3674624264240265,0.0016548290150240064,0.007736691273748875,0.0684621463296935,0.3926347140222788,-1.0027248859405518,-1.0026919841766357
batch2_128_255,0,1,"(0, 1)",0,38,3.8264284133911133,7.036965847015381,3.382427530596033e-05,3.3855438232421875e-05,3.116292646154761e-08,0.000920470331756162,1,0,0.06298010796308517,0.3674624264240265,0.06441136449575424,0.3742106854915619,0.0016211146721616387,0.007553146220743656,0.07008326100185513,0.40018786024302244,-1.0188933610916138,-1.0188595056533813
batch2_128_255,0,1,"(0, 1)",0,39,3.7699618339538574,7.060904502868652,2.4153967387974262e-05,2.4080276489257812e-05,7.369089871644974e-08,0.003060218131188119,1,0,0.06441136449575424,0.3742106854915619,0.0658116415143013,0.38078930974006653,0.0015863077715039253,0.007367353420704603,0.07166956877335906,0.40755521366372705,-1.0342309474945068,-1.0342068672180176
batch2_128_255,0,2,"(0, 2)",0,0,8.57258415222168,8.433267593383789,0.0017668241634964943,0.0017666816711425781,1.424923539161682e-07,8.065536437246964e-05,1,0,0.0,0.0,0.0018964509945362806,0.014669980853796005,0.0018964509945362806,0.014669980853796005,0.0018964509945362806,0.014669980853796005,-2.006704807281494,-2.0049381256103516
batch2_128_255,0,2,"(0, 2)",0,1,8.364965438842773,8.236204147338867,0.00167739181779325,0.0016770362854003906,3.555323928594589e-07,0.00021200041761444414,1,0,0.0018964509945362806,0.014669980853796005,0.0037653022445738316,0.029102636501193047,0.001871363609097898,0.014446566812694073,0.0037678146036341786,0.029116547666490078,-1.951303243637085,-1.9496262073516846
batch2_128_255,0,2,"(0, 2)",0,2,8.16491985321045,8.066842079162598,0.0016036545857787132,0.0016034841537475586,1.7043203115463257e-07,0.00010628856590588061,1,0,0.0037653022445738316,0.029102636501193047,0.005608593579381704,0.04335348680615425,0.0018501573940739036,0.014284947887063026,0.005617971997708082,0.043401495553553104,-1.9021730422973633,-1.9005695581436157
batch2_128_255,0,2,"(0, 2)",0,3,7.964384078979492,7.886001110076904,0.0015205926029011607,0.001520395278930664,1.973239704966545e-07,0.00012978465089383723,1,0,0.005608593579381704,0.04335348680615425,0.007424193900078535,0.05733188986778259,0.0018295845948159695,0.014053892344236374,0.007447556592524052,0.05745538789778948,-1.8300704956054688,-1.828550100326538
batch2_128_255,0,2,"(0, 2)",0,4,7.769721508026123,7.705637454986572,0.0014516616938635707,0.0014514923095703125,1.6938429325819016e-07,0.00011669665222568989,1,0,0.007424193900078535,0.05733188986778259,0.009212173521518707,0.07096580415964127,0.0018118924926966429,0.01374826394021511,0.009259449085220695,0.07120365183800459,-1.7851192951202393,-1.783667802810669
batch2_128_255,0,2,"(0, 2)",0,5,7.5861968994140625,7.563859462738037,0.0013897723983973265,0.0013895034790039062,2.689193934202194e-07,0.00019353632249485245,1,0,0.009212173521518707,0.07096580415964127,0.010976220481097698,0.08422023057937622,0.0017999395495280623,0.01342818047851324,0.011059388634748757,0.08463183231651783,-1.7417831420898438,-1.7403936386108398
batch2_128_255,0,2,"(0, 2)",0,6,7.409815788269043,7.421511173248291,0.0013353008544072509,0.00133514404296875,1.568114385008812e-07,0.00011744907924107143,1,0,0.010976220481097698,0.08422023057937622,0.012716928496956825,0.09711811691522598,0.001791440648958087,0.013151050545275211,0.012850829283706844,0.09778288286179304,-1.691178560256958,-1.6898434162139893
batch2_128_255,0,2,"(0, 2)",0,7,7.247427463531494,7.264227867126465,0.0012926091440021992,0.001292586326599121,2.2817403078079224e-08,1.7652517753389285e-05,1,0,0.012716928496956825,0.09711811691522598,0.014436952769756317,0.10939760506153107,0.0017877602949738503,0.012617349624633789,0.014638589578680694,0.11040023248642683,-1.6701871156692505,-1.6688945293426514
batch2_128_255,0,2,"(0, 2)",0,8,7.0909223556518555,7.120770454406738,0.0012468884233385324,0.001246809959411621,7.846392691135406e-08,6.293174538674825e-05,1,0,0.014436952769756317,0.10939760506153107,0.016144538298249245,0.12124818563461304,0.001790026668459177,0.012266095727682114,0.01642861624713987,0.12266632821410894,-1.6445035934448242,-1.6432567834854126
batch2_128_255,0,2,"(0, 2)",0,9,6.94120979309082,6.9891228675842285,0.0011918401578441262,0.001191854476928711,1.4319084584712982e-08,1.2014121574314864e-05,1,0,0.016144538298249245,0.12124818563461304,0.0178384892642498,0.13250261545181274,0.001792568014934659,0.011791490018367767,0.01822118426207453,0.1344578182324767,-1.612900972366333,-1.6117091178894043
batch2_128_255,0,2,"(0, 2)",0,10,6.802104473114014,6.871892929077148,0.0011304639047011733,0.0011303424835205078,1.21421180665493e-07,0.00010741981517612319,1,0,0.0178384892642498,0.13250261545181274,0.0195211973041296,0.143131285905838,0.001798627432435751,0.011377887800335884,0.02001981169451028,0.1458357060328126,-1.590799331665039,-1.5896689891815186
batch2_128_255,0,2,"(0, 2)",0,11,6.675985813140869,6.779656887054443,0.0010796996066346765,0.0010796785354614258,2.10711732506752e-08,1.9516154631776527e-05,1,0,0.0195211973041296,0.143131285905838,0.021202219650149345,0.15348337590694427,0.001810739398933947,0.011234167963266373,0.021830551093444228,0.15706987399607897,-1.5837457180023193,-1.582666039466858
batch2_128_255,0,2,"(0, 2)",0,12,6.548144817352295,6.69169807434082,0.0010195424547418952,0.0010194778442382812,6.461050361394882e-08,6.33760743101029e-05,1,0,0.021202219650149345,0.15348337590694427,0.022884467616677284,0.16352182626724243,0.0018239393830299377,0.011052231304347515,0.023654490476474166,0.16812210530042648,-1.569854497909546,-1.5688350200653076
batch2_128_255,0,2,"(0, 2)",0,13,6.425126075744629,6.620229721069336,0.000976870651356876,0.0009768009185791016,6.973277777433395e-08,7.138893550158653e-05,1,0,0.022884467616677284,0.16352182626724243,0.024570461362600327,0.1733606904745102,0.0018365808064118028,0.010928965173661709,0.02549107128288597,0.1790510704740882,-1.581337809562683,-1.580361008644104
batch2_128_255,0,2,"(0, 2)",0,14,6.3018412590026855,6.563544273376465,0.0009254069882445037,0.0009253025054931641,1.04482751339674e-07,0.00011291739806106674,1,0,0.024570461362600327,0.1733606904745102,0.026260152459144592,0.1830064058303833,0.001850646804086864,0.010801022872328758,0.027341718086972833,0.18985209334641695,-1.5891778469085693,-1.5882525444030762
batch2_128_255,0,2,"(0, 2)",0,15,6.1835551261901855,6.501792907714844,0.0008630835800431669,0.0008630752563476562,8.32369551062584e-09,9.644229109116022e-06,1,0,0.026260152459144592,0.1830064058303833,0.027955343946814537,0.19242651760578156,0.001866122824139893,0.01064753346145153,0.029207840911112726,0.20049962680786848,-1.5699113607406616,-1.569048285484314
batch2_128_255,0,2,"(0, 2)",0,16,6.070577621459961,6.459053993225098,0.0007930376450531185,0.0007929801940917969,5.745096132159233e-08,7.244942780366807e-05,1,0,0.027955343946814537,0.19242651760578156,0.029656030237674713,0.20166738331317902,0.0018817252712324262,0.010580566711723804,0.031089566182345152,0.21108019351959229,-1.5601613521575928,-1.559368371963501
batch2_128_255,0,2,"(0, 2)",0,17,5.949763298034668,6.389977931976318,0.0007143286638893187,0.000714421272277832,9.260838851332664e-08,0.00012962714312531287,1,0,0.029656030237674713,0.20166738331317902,0.0313592366874218,0.21072295308113098,0.0018935586558654904,0.010448885150253773,0.03298312483821064,0.22152907866984606,-1.5427154302597046,-1.5420010089874268
batch2_128_255,0,2,"(0, 2)",0,18,5.841405868530273,6.348057270050049,0.0006360660772770643,0.000635981559753418,8.451752364635468e-08,0.0001328930412371134,1,0,0.0313592366874218,0.21072295308113098,0.03306734189391136,0.21958039700984955,0.0019074834417551756,0.010308635421097279,0.03489060827996582,0.23183771409094334,-1.536778450012207,-1.5361424684524536
batch2_128_255,0,2,"(0, 2)",0,19,5.731142044067383,6.310013294219971,0.0005458524683490396,0.0005458593368530273,6.868503987789154e-09,1.2582919305525224e-05,1,0,0.03306734189391136,0.21958039700984955,0.03477773442864418,0.22819864749908447,0.001920721959322691,0.010104143992066383,0.03681133023928851,0.24194185808300972,-1.5309613943099976,-1.5304155349731445
batch2_128_255,0,2,"(0, 2)",0,20,5.63783597946167,6.295456886291504,0.0005014772759750485,0.0005015134811401367,3.620516508817673e-08,7.219180829569764e-05,1,0,0.03477773442864418,0.22819864749908447,0.0364958718419075,0.23680317401885986,0.0019333969103172421,0.010080445557832718,0.03874472714960575,0.25202230364084244,-1.5427970886230469,-1.5422955751419067
batch2_128_255,0,2,"(0, 2)",0,21,5.539609909057617,6.26888370513916,0.00043696266948245466,0.0004367828369140625,1.7983256839215755e-07,0.0004117207756209061,1,0,0.0364958718419075,0.23680317401885986,0.038221728056669235,0.24532105028629303,0.0019474561559036374,0.009992671199142933,0.04069218330550939,0.26201497483998537,-1.5620100498199463,-1.5615732669830322
batch2_128_255,0,2,"(0, 2)",0,22,5.435418128967285,6.2414469718933105,0.00036845554132014513,0.00036835670471191406,9.883660823106766e-08,0.0002683176577669903,1,0,0.038221728056669235,0.24532105028629303,0.03995092213153839,0.25363853573799133,0.0019597152713686228,0.009841707535088062,0.04265189857687801,0.27185668237507343,-1.5865769386291504,-1.5862085819244385
batch2_128_255,0,2,"(0, 2)",0,23,5.3343505859375,6.228158950805664,0.00030914737726561725,0.0003091096878051758,3.7689460441470146e-08,0.00012192908190320093,1,0,0.03995092213153839,0.25363853573799133,0.041683781892061234,0.2618351876735687,0.0019679898396134377,0.009687096811830997,0.04461988841649145,0.28154377918690443,-1.6222211122512817,-1.6219120025634766
batch2_128_255,0,2,"(0, 2)",0,24,5.241471290588379,6.234997749328613,0.00026372133288532495,0.0002636909484863281,3.0384398996829987e-08,0.0001152273112567812,1,0,0.041683781892061234,0.2618351876735687,0.04342358931899071,0.2699013948440552,0.0019798779394477606,0.009547635912895203,0.04659976635593921,0.29109141509979963,-1.6650645732879639,-1.6648008823394775
batch2_128_255,0,2,"(0, 2)",0,25,5.147258758544922,6.241100311279297,0.0001951074373209849,0.00019502639770507812,8.1039615906775e-08,0.00041553152219590464,1,0,0.04342358931899071,0.2699013948440552,0.04516645148396492,0.27784696221351624,0.0019892079290002584,0.009450580924749374,0.04858897428493947,0.300541996024549,-1.7095484733581543,-1.7093534469604492
batch2_128_255,0,2,"(0, 2)",0,26,5.0552754402160645,6.244235515594482,0.00013661345292348415,0.00013649463653564453,1.1881638783961535e-07,0.0008704839314956331,1,0,0.04516645148396492,0.27784696221351624,0.04690934717655182,0.2856281101703644,0.0019919956102967262,0.009289783425629139,0.050580969895236194,0.30983177945017815,-1.760389804840088,-1.7602533102035522
batch2_128_255,0,2,"(0, 2)",0,27,4.968420505523682,6.258059501647949,9.386761666974053e-05,9.393692016601562e-05,6.930349627509713e-08,0.0007377663239609771,1,0,0.04690934717655182,0.2856281101703644,0.0486493781208992,0.29326683282852173,0.001990528544411063,0.009159835055470467,0.05257149843964726,0.3189916145056486,-1.8225817680358887,-1.8224878311157227
batch2_128_255,0,2,"(0, 2)",0,28,4.884983062744141,6.274038314819336,7.927514525363222e-05,7.915496826171875e-05,1.2017699191346765e-07,0.00151824951171875,1,0,0.0486493781208992,0.29326683282852173,0.05038904771208763,0.30082687735557556,0.0019871729891747236,0.00902822520583868,0.05455867142882198,0.3280198397114873,-1.8774807453155518,-1.87740159034729
batch2_128_255,0,2,"(0, 2)",0,29,4.801121234893799,6.305386543273926,3.359476977493614e-05,3.361701965332031e-05,2.2249878384172916e-08,0.0006618635028812057,1,0,0.05038904771208763,0.30082687735557556,0.052126284688711166,0.30820149183273315,0.0019841257017105818,0.008859975263476372,0.05654279713053256,0.33687981497496367,-1.9339333772659302,-1.9338997602462769
batch2_128_255,0,2,"(0, 2)",0,30,4.72345495223999,6.335285186767578,-2.6663408789318055e-05,-2.658367156982422e-05,7.973721949383616e-08,0.002999481064321749,0,1,0.052126284688711166,0.30820149183273315,0.0538589172065258,0.31543320417404175,0.001979554770514369,0.008736686781048775,0.05852235190104693,0.34561650175601244,-1.9890331029891968,-1.9890596866607666
batch2_128_255,0,2,"(0, 2)",0,31,4.647120952606201,6.368690490722656,-5.8018416893901303e-05,-5.793571472167969e-05,8.270217222161591e-08,0.0014274816944765947,0,1,0.0538589172065258,0.31543320417404175,0.055585820227861404,0.32257574796676636,0.0019708771724253893,0.008639929816126823,0.06049322907347232,0.35425643157213926,-2.0380985736846924,-2.038156509399414
batch2_128_255,0,2,"(0, 2)",0,32,4.571276664733887,6.419149875640869,-8.725096267880872e-05,-8.726119995117188e-05,1.023727236315608e-08,0.00011731757492315574,0,1,0.055585820227861404,0.32257574796676636,0.05730346590280533,0.3296472430229187,0.0019571026787161827,0.008542188443243504,0.062450331752188504,0.36279862001538277,-2.1122212409973145,-2.1123085021972656
batch2_128_255,0,2,"(0, 2)",0,33,4.4984002113342285,6.44938325881958,-0.00011405134864617139,-0.00011396408081054688,8.726783562451601e-08,0.0007657486025758368,0,1,0.05730346590280533,0.3296472430229187,0.05901075527071953,0.33666130900382996,0.0019428131636232138,0.008459821343421936,0.06439314491581172,0.3712584413588047,-2.164881467819214,-2.1649954319000244
batch2_128_255,0,2,"(0, 2)",0,34,4.426746368408203,6.490595817565918,-0.0001297415146837011,-0.00012993812561035156,1.9661092665046453e-07,0.0015131119194380733,0,1,0.05901075527071953,0.33666130900382996,0.06070438027381897,0.34361112117767334,0.0019242319976910949,0.008360957726836205,0.06631737691350281,0.3796193990856409,-2.2222464084625244,-2.2223763465881348
batch2_128_255,0,2,"(0, 2)",0,35,4.356210231781006,6.524506092071533,-0.00015483135939575732,-0.00015473365783691406,9.770155884325504e-08,0.000631417625674114,0,1,0.06070438027381897,0.34361112117767334,0.06238281726837158,0.35046523809432983,0.0019054209114983678,0.00825195387005806,0.06822279782500118,0.38787135295569897,-2.2852604389190674,-2.2854151725769043
batch2_128_255,0,2,"(0, 2)",0,36,4.286790370941162,6.549153804779053,-0.00017790462879929692,-0.00017786026000976562,4.436878953129053e-08,0.0002494587016169571,0,1,0.06238281726837158,0.35046523809432983,0.06404448300600052,0.35725146532058716,0.0018841306446120143,0.008149976842105389,0.0701069284696132,0.39602132979780436,-2.348031997680664,-2.348209857940674
batch2_128_255,0,2,"(0, 2)",0,37,4.220833778381348,6.579410552978516,-0.0002046952286036685,-0.00020456314086914062,1.3208773452788591e-07,0.0006457064257357226,0,1,0.06404448300600052,0.35725146532058716,0.06568792462348938,0.3639313280582428,0.0018617979949340224,0.008019695058465004,0.07196872646454722,0.40404102485626936,-2.4208202362060547,-2.421024799346924
batch2_128_255,0,2,"(0, 2)",0,38,4.1542463302612305,6.612507343292236,-0.0002096594253089279,-0.000209808349609375,1.4892430044710636e-07,0.0007098111239346591,0,1,0.06568792462348938,0.3639313280582428,0.06731148064136505,0.3705342710018158,0.0018361239926889539,0.00790408905595541,0.07380485045723617,0.41194511391222477,-2.4948854446411133,-2.4950952529907227
batch2_128_255,0,2,"(0, 2)",0,39,4.088700294494629,6.659280300140381,-0.00023281281755771488,-0.000232696533203125,1.1628435458987951e-07,0.000499725341796875,0,1,0.06731148064136505,0.3705342710018158,0.0689118504524231,0.377027690410614,0.0018092681420966983,0.007777186576277018,0.07561411859933287,0.4197223004885018,-2.569243907928467,-2.56947660446167
batch2_128_255,0,3,"(0, 3)",0,0,8.39071273803711,8.433267593383789,0.001484631677158177,0.0014843940734863281,2.3760367184877396e-07,0.00016006778529553486,1,0,0.0,0.0,0.0019440562464296818,0.014074928127229214,0.0019440562464296818,0.014074928127229214,0.0019440562464296818,0.014074928127229214,-1.657055377960205,-1.6555709838867188
batch2_128_255,0,3,"(0, 3)",0,1,8.191649436950684,8.24122428894043,0.0013619641540572047,0.0013617277145385742,2.364395186305046e-07,0.00017363200888558173,1,0,0.0019440562464296818,0.014074928127229214,0.0038620424456894398,0.027645906433463097,0.001920777023769915,0.01358493696898222,0.003864833270199597,0.027659865096211433,-1.579763650894165,-1.5784019231796265
batch2_128_255,0,3,"(0, 3)",0,2,8.01720905303955,8.086925506591797,0.0012616015737876296,0.0012614727020263672,1.2887176126241684e-07,0.00010215977012852013,1,0,0.0038620424456894398,0.027645906433463097,0.005757540464401245,0.040691010653972626,0.001902818912640214,0.013090810738503933,0.005767652182839811,0.040750675834715366,-1.524266004562378,-1.5230045318603516
batch2_128_255,0,3,"(0, 3)",0,3,7.855488300323486,7.946375846862793,0.0011666232021525502,0.0011665821075439453,4.109460860490799e-08,3.5226503423257716e-05,1,0,0.005757540464401245,0.040691010653972626,0.007633141707628965,0.053216781467199326,0.0018889728235080838,0.012605274096131325,0.007656625006347895,0.05335594993084669,-1.4663715362548828,-1.4652049541473389
batch2_128_255,0,3,"(0, 3)",0,4,7.699538230895996,7.80142068862915,0.0010726049076765776,0.0010724067687988281,1.9813887774944305e-07,0.00018476093541574032,1,0,0.007633141707628965,0.053216781467199326,0.009491757489740849,0.06532304733991623,0.0018794832285493612,0.01224663108587265,0.009536108234897256,0.06560258101671934,-1.3997797966003418,-1.398707389831543
batch2_128_255,0,3,"(0, 3)",0,5,7.551586151123047,7.655072212219238,0.0009946573991328478,0.0009944438934326172,2.1350570023059845e-07,0.00021469858846799328,1,0,0.009491757489740849,0.06532304733991623,0.011334680952131748,0.07699558883905411,0.0018731041345745325,0.011874453164637089,0.011409212369471788,0.07747703418135643,-1.3574633598327637,-1.356468915939331
batch2_128_255,0,3,"(0, 3)",0,6,7.4122467041015625,7.544354438781738,0.0009184452355839312,0.0009183883666992188,5.686888471245766e-08,6.192247939382139e-05,1,0,0.011334680952131748,0.07699558883905411,0.013164572417736053,0.08830617368221283,0.0018694995669648051,0.011578070931136608,0.013278711936436594,0.08905510511249304,-1.309386968612671,-1.3084685802459717
batch2_128_255,0,3,"(0, 3)",0,7,7.279843807220459,7.454212665557861,0.0008557988330721855,0.0008558034896850586,4.6566128730773926e-09,5.44121743975484e-06,1,0,0.013164572417736053,0.08830617368221283,0.014986497350037098,0.09927789121866226,0.0018717945786193013,0.011309593915939331,0.015150506515055895,0.10036469902843237,-1.2765722274780273,-1.2757164239883423
batch2_128_255,0,3,"(0, 3)",0,8,7.153515815734863,7.366797924041748,0.0007725258474238217,0.0007724761962890625,4.96511347591877e-08,6.427529417438272e-05,1,0,0.014986497350037098,0.09927789121866226,0.016802627593278885,0.1099015325307846,0.0018770660972222686,0.011050350032746792,0.017027572612278163,0.11141504906117916,-1.2328200340270996,-1.2320475578308105
batch2_128_255,0,3,"(0, 3)",0,9,7.035719871520996,7.290557384490967,0.000725951511412859,0.0007259845733642578,3.306195139884949e-08,4.554084564860427e-05,1,0,0.016802627593278885,0.1099015325307846,0.018616637215018272,0.12033174932003021,0.0018849929329007864,0.010946003720164299,0.01891256554517895,0.12236105278134346,-1.200559139251709,-1.1998331546783447
batch2_128_255,0,3,"(0, 3)",0,10,6.919830322265625,7.205260753631592,0.0006846110336482525,0.0006846189498901367,7.916241884231567e-09,1.1562989726623716e-05,1,0,0.018616637215018272,0.12033174932003021,0.020428378134965897,0.13060736656188965,0.0018942098831757903,0.010881938971579075,0.02080677542835474,0.13324299175292253,-1.1759079694747925,-1.1752233505249023
batch2_128_255,0,3,"(0, 3)",0,11,6.799577713012695,7.122018814086914,0.0006411910289898515,0.0006411075592041016,8.346978574991226e-08,0.00013019622768687243,1,0,0.020428378134965897,0.13060736656188965,0.022239452227950096,0.14068906009197235,0.0019044451182708144,0.010759244672954082,0.022711220546625555,0.14400223642587662,-1.1489124298095703,-1.1482713222503662
batch2_128_255,0,3,"(0, 3)",0,12,6.6805267333984375,7.036227703094482,0.0006083541084080935,0.0006083250045776367,2.9103830456733704e-08,4.784256809719773e-05,1,0,0.022239452227950096,0.14068906009197235,0.024050040170550346,0.15054655075073242,0.0019157161004841328,0.01062135398387909,0.024626936647109687,0.1546235904097557,-1.1318726539611816,-1.131264328956604
batch2_128_255,0,3,"(0, 3)",0,13,6.568083763122559,6.9766621589660645,0.0005754983285441995,0.0005755424499511719,4.4121406972408295e-08,7.66605607912179e-05,1,0,0.024050040170550346,0.15054655075073242,0.025862455368041992,0.16024638712406158,0.0019267844036221504,0.010508724488317966,0.026553721050731838,0.16513231489807367,-1.114748239517212,-1.1141726970672607
batch2_128_255,0,3,"(0, 3)",0,14,6.457638740539551,6.946605205535889,0.000552386452909559,0.0005522966384887695,8.981442078948021e-08,0.00016261989396719188,1,0,0.025862455368041992,0.16024638712406158,0.02767447754740715,0.16980323195457458,0.0019364289473742247,0.010415262542665005,0.028490149998106062,0.17554757744073868,-1.1085567474365234,-1.1080044507980347
batch2_128_255,0,3,"(0, 3)",0,15,6.3492841720581055,6.886821269989014,0.000517572567332536,0.0005174875259399414,8.504139259457588e-08,0.00016433515463026952,1,0,0.02767447754740715,0.16980323195457458,0.029488112777471542,0.17918163537979126,0.001949939876794815,0.010299012996256351,0.030440089874900877,0.18584659043699503,-1.0988205671310425,-1.0983030796051025
batch2_128_255,0,3,"(0, 3)",0,16,6.238269805908203,6.833526134490967,0.0004927068366669118,0.0004925727844238281,1.3405224308371544e-07,0.00027214707617376574,1,0,0.029488112777471542,0.17918163537979126,0.031305450946092606,0.18847285211086273,0.0019633162301033735,0.010242740623652935,0.03240340610500425,0.19608933106064796,-1.0900330543518066,-1.0895404815673828
batch2_128_255,0,3,"(0, 3)",0,17,6.132185459136963,6.7776408195495605,0.0004755562113132328,0.0004755258560180664,3.035529516637325e-08,6.383521480947606e-05,1,0,0.031305450946092606,0.18847285211086273,0.033125605434179306,0.19764766097068787,0.0019769356586039066,0.01016740407794714,0.03438034176360816,0.2062567351385951,-1.0838600397109985,-1.0833845138549805
batch2_128_255,0,3,"(0, 3)",0,18,6.029978275299072,6.712735652923584,0.0004436599265318364,0.00044357776641845703,8.216011337935925e-08,0.00018522144164875035,1,0,0.033125605434179306,0.19764766097068787,0.03494759276509285,0.2066822052001953,0.001992617268115282,0.010086559690535069,0.03637295903172344,0.21634329482913017,-1.0756312608718872,-1.0751876831054688
batch2_128_255,0,3,"(0, 3)",0,19,5.92430305480957,6.672928333282471,0.0004215816443320364,0.0004215240478515625,5.7596480473876e-08,0.00013663865861849548,1,0,0.03494759276509285,0.2066822052001953,0.036771658807992935,0.21562951803207397,0.002005657646805048,0.010001092217862606,0.03837861667852849,0.22634438704699278,-1.0606290102005005,-1.060207486152649
batch2_128_255,0,3,"(0, 3)",0,20,5.823451519012451,6.606527328491211,0.0003921964962501079,0.0003921985626220703,2.066371962428093e-09,5.26868825987842e-06,1,0,0.036771658807992935,0.21562951803207397,0.038598861545324326,0.22449293732643127,0.0020201189909130335,0.009938834235072136,0.04039873566944152,0.23628322128206491,-1.056907057762146,-1.056514859199524
batch2_128_255,0,3,"(0, 3)",0,21,5.721129417419434,6.569747447967529,0.00037143018562346697,0.0003713369369506836,9.324867278337479e-08,0.0002511160714285714,1,0,0.038598861545324326,0.22449293732643127,0.04042983800172806,0.23327745497226715,0.0020341917406767607,0.009857064113020897,0.04243292741011828,0.2461402853950858,-1.0544322729110718,-1.054060935974121
batch2_128_255,0,3,"(0, 3)",0,22,5.622269630432129,6.530670166015625,0.0003408264019526541,0.0003407001495361328,1.262524165213108e-07,0.0003705675406752974,1,0,0.04042983800172806,0.23327745497226715,0.042261816561222076,0.2419503927230835,0.002046378795057535,0.009752575308084488,0.04447930620517582,0.2558928607031703,-1.0539867877960205,-1.0536460876464844
batch2_128_255,0,3,"(0, 3)",0,23,5.5265679359436035,6.50913143157959,0.00032669681240804493,0.0003267526626586914,5.585025064647198e-08,0.00017092515847318498,1,0,0.042261816561222076,0.2419503927230835,0.04409664124250412,0.2505485415458679,0.0020590706262737513,0.009671986103057861,0.04653837683144957,0.26556484680622816,-1.0687432289123535,-1.0684164762496948
batch2_128_255,0,3,"(0, 3)",0,24,5.429533004760742,6.495365142822266,0.00032113021006807685,0.0003210306167602539,9.959330782294273e-08,0.00031022993640920904,1,0,0.04409664124250412,0.2505485415458679,0.04593291133642197,0.25906094908714294,0.0020674592815339565,0.009559303522109985,0.048605836112983525,0.27512415032833815,-1.0836083889007568,-1.0832873582839966
batch2_128_255,0,3,"(0, 3)",0,25,5.334310054779053,6.485775470733643,0.00030851110932417214,0.0003085136413574219,2.5320332497358322e-09,8.207200299459042e-06,1,0,0.04593291133642197,0.25906094908714294,0.047769274562597275,0.26742419600486755,0.0020773333963006735,0.009429331868886948,0.0506831695092842,0.2845534821972251,-1.0996184349060059,-1.0993099212646484
batch2_128_255,0,3,"(0, 3)",0,26,5.2427215576171875,6.489693641662598,0.00030491259531117976,0.00030493736267089844,2.4767359718680382e-08,8.122113834050039e-05,1,0,0.047769274562597275,0.26742419600486755,0.04960582032799721,0.2757074236869812,0.0020836007315665483,0.009335610084235668,0.05276677024085075,0.29388909228146076,-1.1342830657958984,-1.1339781284332275
batch2_128_255,0,3,"(0, 3)",0,27,5.158369541168213,6.479520797729492,0.0002970245259348303,0.0002969503402709961,7.418566383421421e-08,0.0002498251517964673,1,0,0.04960582032799721,0.2757074236869812,0.051441874355077744,0.2838917076587677,0.0020888622384518385,0.00922543928027153,0.054855632479302585,0.3031145315617323,-1.1642462015151978,-1.1639492511749268
batch2_128_255,0,3,"(0, 3)",0,28,5.072916030883789,6.4837727546691895,0.00027786550344899297,0.0002777576446533203,1.078587956726551e-07,0.00038831980954935624,1,0,0.051441874355077744,0.2838917076587677,0.05327626317739487,0.2920036315917969,0.0020928021986037493,0.009158718399703503,0.056948434677906334,0.3122732499614358,-1.1897320747375488,-1.1894543170928955
batch2_128_255,0,3,"(0, 3)",0,29,4.987443923950195,6.490170001983643,0.0002640647580847144,0.00026404857635498047,1.618172973394394e-08,6.128315462753951e-05,1,0,0.05327626317739487,0.2920036315917969,0.05510708689689636,0.3000558614730835,0.0020928236190229654,0.009099013172090054,0.0590412582969293,0.32137226313352585,-1.2159100770950317,-1.2156460285186768
batch2_128_255,0,3,"(0, 3)",0,30,4.902888774871826,6.504369735717773,0.0002512643695808947,0.0002512931823730469,2.8812792152166367e-08,0.00011465807341081595,1,0,0.05510708689689636,0.3000558614730835,0.0569336861371994,0.3080208897590637,0.002091963542625308,0.009021415375173092,0.06113322183955461,0.33039367850869894,-1.2435239553451538,-1.2432726621627808
batch2_128_255,0,3,"(0, 3)",0,31,4.821735382080078,6.524753093719482,0.00023777614114806056,0.00023794174194335938,1.6560079529881477e-07,0.0006959720221693386,1,0,0.0569336861371994,0.3080208897590637,0.05875386670231819,0.31588563323020935,0.0020890848245471716,0.008913913741707802,0.06322230666410178,0.33930759225040674,-1.2730305194854736,-1.2727925777435303
batch2_128_255,0,3,"(0, 3)",0,32,4.739272117614746,6.544192314147949,0.0002114003145834431,0.00021123886108398438,1.6145349945873022e-07,0.0007643172218891084,1,0,0.05875386670231819,0.31588563323020935,0.060566168278455734,0.3236166834831238,0.0020830584689974785,0.008791054598987103,0.06530536513309926,0.34809864684939384,-1.2941274642944336,-1.2939162254333496
batch2_128_255,0,3,"(0, 3)",0,33,4.6602373123168945,6.575985431671143,0.00019687092571984977,0.00019669532775878906,1.755979610607028e-07,0.0008927408854166667,1,0,0.060566168278455734,0.3236166834831238,0.062370169907808304,0.3312601149082184,0.0020760733168572187,0.008705071173608303,0.06738143844995648,0.35680371802300215,-1.3373470306396484,-1.3371503353118896
batch2_128_255,0,3,"(0, 3)",0,34,4.58015251159668,6.615803241729736,0.0001741842570481822,0.00017404556274414062,1.3869430404156446e-07,0.0007968850331763699,1,0,0.062370169907808304,0.3312601149082184,0.06416118144989014,0.33875772356987,0.002064512576907873,0.00856560468673706,0.06944595102686435,0.3653693227097392,-1.3855171203613281,-1.385343074798584
batch2_128_255,0,3,"(0, 3)",0,35,4.506275177001953,6.657793045043945,0.0001722006854834035,0.00017213821411132812,6.24713720753789e-08,0.0003629140246277701,1,0,0.06416118144989014,0.33875772356987,0.06594060361385345,0.3461475074291229,0.0020526028238236904,0.008458494208753109,0.07149855385068804,0.3738278169184923,-1.432060718536377,-1.4318885803222656
batch2_128_255,0,3,"(0, 3)",0,36,4.435179710388184,6.699027061462402,0.00016275460075121373,0.0001627206802368164,3.392051439732313e-08,0.00020845853365384615,1,0,0.06594060361385345,0.3461475074291229,0.06770677119493484,0.35343825817108154,0.002037316793575883,0.00835123099386692,0.07353587064426392,0.38217904791235924,-1.4759857654571533,-1.4758230447769165
batch2_128_255,0,3,"(0, 3)",0,37,4.365818023681641,6.739748477935791,0.00018969480879604816,0.00018978118896484375,8.638016879558563e-08,0.0004551566425879397,1,0,0.06770677119493484,0.35343825817108154,0.06945821642875671,0.36060142517089844,0.0020187445916235447,0.008209790103137493,0.07555461523588747,0.39038883801549673,-1.5226107835769653,-1.5224210023880005
batch2_128_255,0,3,"(0, 3)",0,38,4.3031721115112305,6.7874674797058105,0.00016504887025803328,0.00016498565673828125,6.32135197520256e-08,0.0003831455473265896,1,0,0.06945821642875671,0.36060142517089844,0.0711931437253952,0.36761772632598877,0.002001810586079955,0.0080875214189291,0.07755642582196742,0.39847635943442583,-1.5748827457427979,-1.5747177600860596
batch2_128_255,0,3,"(0, 3)",0,39,4.239020824432373,6.82772970199585,0.0001705460890661925,0.0001703500747680664,1.960142981261015e-07,0.0011506557798285513,1,0,0.0711931437253952,0.36761772632598877,0.07290972024202347,0.37453168630599976,0.0019796809647232294,0.00797375850379467,0.07953610678669065,0.4064501179382205,-1.6183226108551025,-1.6181522607803345
batch2_128_255,0,4,"(0, 4)",0,0,8.505741119384766,8.433267593383789,0.0019446226069703698,0.0019443035125732422,3.190943971276283e-07,0.0001641175850705089,1,0,0.0,0.0,0.0019057929748669267,0.014279192313551903,0.0019057929748669267,0.014279192313551903,0.0019057929748669267,0.014279192313551903,-2.080063819885254,-2.0781195163726807
batch2_128_255,0,4,"(0, 4)",0,1,8.305398941040039,8.258210182189941,0.0017573084915056825,0.0017570257186889648,2.8277281671762466e-07,0.0001609383480901011,1,0,0.0019057929748669267,0.014279192313551903,0.003786258865147829,0.02831757813692093,0.0018832238856703043,0.014052404090762138,0.003789016860537231,0.02833159640431404,-1.9480477571487427,-1.9462907314300537
batch2_128_255,0,4,"(0, 4)",0,2,8.116155624389648,8.122431755065918,0.0016061179339885712,0.001605987548828125,1.30385160446167e-07,8.118690617577197e-05,1,0,0.003786258865147829,0.02831757813692093,0.005642665084451437,0.042142968624830246,0.0018642304930835962,0.013866480439901352,0.005653247353620827,0.04219807684421539,-1.8429250717163086,-1.8413190841674805
batch2_128_255,0,4,"(0, 4)",0,3,7.9290080070495605,7.981540203094482,0.0014830204891040921,0.0014827251434326172,2.953456714749336e-07,0.00019919111292008361,1,0,0.005642665084451437,0.042142968624830246,0.007477881852537394,0.05581308528780937,0.0018498761346563697,0.013744579628109932,0.007503123488277197,0.055942656472325325,-1.7494285106658936,-1.747945785522461
batch2_128_255,0,4,"(0, 4)",0,4,7.744307518005371,7.8582682609558105,0.0013875100994482636,0.0013873577117919922,1.5238765627145767e-07,0.00010984020557655955,1,0,0.007477881852537394,0.05581308528780937,0.00929291732609272,0.06919641047716141,0.001840299228206277,0.013513745740056038,0.009343422716483474,0.06945640221238136,-1.6642396450042725,-1.6628522872924805
batch2_128_255,0,4,"(0, 4)",0,5,7.565595626831055,7.754964828491211,0.0012998757883906364,0.0012996196746826172,2.561137080192566e-07,0.00019706819849568886,1,0,0.00929291732609272,0.06919641047716141,0.011089975014328957,0.08220187574625015,0.0018353017512708902,0.013185023330152035,0.011178724467754364,0.0826414255425334,-1.5958588123321533,-1.5945591926574707
batch2_128_255,0,4,"(0, 4)",0,6,7.392649173736572,7.628660678863525,0.0012211956782266498,0.0012209415435791016,2.541346475481987e-07,0.00020814644966803358,1,0,0.011089975014328957,0.08220187574625015,0.012872609309852123,0.09479808807373047,0.0018351456383243203,0.012841170653700829,0.013013870106078684,0.09548259619623423,-1.523585319519043,-1.5223643779754639
batch2_128_255,0,4,"(0, 4)",0,7,7.234541416168213,7.509591102600098,0.0011324835941195488,0.0011322498321533203,2.337619662284851e-07,0.00020645793851337124,1,0,0.012872609309852123,0.09479808807373047,0.01464694645255804,0.10693129897117615,0.0018416274106130004,0.012462935410439968,0.014855497516691685,0.1079455316066742,-1.4280471801757812,-1.426914930343628
batch2_128_255,0,4,"(0, 4)",0,8,7.08341121673584,7.407613754272461,0.001071798149496317,0.0010718107223510742,1.257285475730896e-08,1.173048048048048e-05,1,0,0.01464694645255804,0.10693129897117615,0.016414254903793335,0.11868276447057724,0.0018499272409826517,0.01216423511505127,0.016705424757674336,0.12010976672172546,-1.3841798305511475,-1.3831080198287964
batch2_128_255,0,4,"(0, 4)",0,9,6.935168266296387,7.31949520111084,0.0010086289839819074,0.0010086297988891602,8.149072527885437e-10,8.079349367687035e-07,1,0,0.016414254903793335,0.11868276447057724,0.018175633624196053,0.13010354340076447,0.0018582881893962622,0.011923383921384811,0.0185637129470706,0.13203315064311028,-1.345245122909546,-1.3442364931106567
batch2_128_255,0,4,"(0, 4)",0,10,6.797754287719727,7.2392425537109375,0.0009407788165844977,0.0009407997131347656,2.08965502679348e-08,2.2211476020020274e-05,1,0,0.018175633624196053,0.13010354340076447,0.019931770861148834,0.14116832613945007,0.001870367326773703,0.011690310202538967,0.0204340802738443,0.14372346084564924,-1.314262866973877,-1.3133220672607422
batch2_128_255,0,4,"(0, 4)",0,11,6.655057907104492,7.166196823120117,0.0008732326095923781,0.0008732080459594727,2.4563632905483246e-08,2.813033276450512e-05,1,0,0.019931770861148834,0.14116832613945007,0.021686231717467308,0.15190492570400238,0.0018834138754755259,0.011436697095632553,0.022317494149319828,0.1551601579412818,-1.2787543535232544,-1.277881145477295
batch2_128_255,0,4,"(0, 4)",0,12,6.518154144287109,7.096064567565918,0.000805797113571316,0.0008056163787841797,1.807347871363163e-07,0.00022434348642349808,1,0,0.021686231717467308,0.15190492570400238,0.023440256714820862,0.16232731938362122,0.0018985833739861846,0.011198080144822598,0.024216077523306012,0.1663582380861044,-1.266422986984253,-1.2656173706054688
batch2_128_255,0,4,"(0, 4)",0,13,6.386349678039551,7.029592990875244,0.0007366619538515806,0.0007364749908447266,1.869630068540573e-07,0.00025386199012625445,1,0,0.023440256714820862,0.16232731938362122,0.02519540674984455,0.17248669266700745,0.0019136799965053797,0.011001763865351677,0.026129757519811392,0.17736000195145607,-1.2446961402893066,-1.243959665298462
batch2_128_255,0,4,"(0, 4)",0,14,6.267159938812256,6.980447292327881,0.0006453895475715399,0.0006452798843383789,1.096632331609726e-07,0.00016994677166081655,1,0,0.02519540674984455,0.17248669266700745,0.026951799169182777,0.18239295482635498,0.0019328055204823613,0.010870256461203098,0.028062563040293753,0.18823025841265917,-1.240380048751831,-1.2397347688674927
batch2_128_255,0,4,"(0, 4)",0,15,6.146177291870117,6.93833065032959,0.0005831762100569904,0.0005831718444824219,4.3655745685100555e-09,7.485914503270646e-06,1,0,0.026951799169182777,0.18239295482635498,0.028716163709759712,0.19219563901424408,0.001952839083969593,0.010823430493474007,0.030015402124263346,0.19905368890613317,-1.2356863021850586,-1.2351031303405762
batch2_128_255,0,4,"(0, 4)",0,16,6.030333995819092,6.89217472076416,0.0005408251308836043,0.0005407333374023438,9.17934812605381e-08,0.00016975739225088182,1,0,0.028716163709759712,0.19219563901424408,0.03049149177968502,0.2019515037536621,0.0019712671637535095,0.010793331079185009,0.031986669288016856,0.20984701998531818,-1.2391703128814697,-1.2386295795440674
batch2_128_255,0,4,"(0, 4)",0,17,5.913093566894531,6.889402866363525,0.00046558756730519235,0.0004655122756958008,7.529160939157009e-08,0.00016173925656209987,1,0,0.03049149177968502,0.2019515037536621,0.032272789627313614,0.2114914506673813,0.0019908910617232323,0.010629930533468723,0.03397756034974009,0.2204769505187869,-1.226661205291748,-1.2261956930160522
batch2_128_255,0,4,"(0, 4)",0,18,5.805280685424805,6.8827972412109375,0.00041417163447476923,0.0004140138626098633,1.577718649059534e-07,0.00038107870087100487,1,0,0.032272789627313614,0.2114914506673813,0.03406644985079765,0.2210105061531067,0.0020122360438108444,0.010629815049469471,0.03598979639355093,0.23110676556825638,-1.239752173423767,-1.2393381595611572
batch2_128_255,0,4,"(0, 4)",0,19,5.685338973999023,6.88334321975708,0.000376495358068496,0.0003764629364013672,3.2421667128801346e-08,8.612180375237492e-05,1,0,0.03406644985079765,0.2210105061531067,0.03586845472455025,0.23045967519283295,0.002026251284405589,0.010544197633862495,0.03801604767795652,0.24165096320211887,-1.2511011362075806,-1.2507246732711792
batch2_128_255,0,4,"(0, 4)",0,20,5.569983959197998,6.873848915100098,0.000288306298898533,0.00028824806213378906,5.823676474392414e-08,0.00020203696882754342,1,0,0.03586845472455025,0.23045967519283295,0.03767552226781845,0.23974637687206268,0.0020443350076675415,0.010459109209477901,0.04006038268562406,0.2521100724115968,-1.2615256309509277,-1.261237382888794
batch2_128_255,0,4,"(0, 4)",0,21,5.454811096191406,6.894166946411133,0.0002511001075617969,0.0002511739730834961,7.386552169919014e-08,0.00029408111355007117,1,0,0.03767552226781845,0.23974637687206268,0.0394887775182724,0.24891671538352966,0.0020567793399095535,0.010332360863685608,0.04211716202553362,0.2624424332752824,-1.2717664241790771,-1.2715152502059937
batch2_128_255,0,4,"(0, 4)",0,22,5.347967624664307,6.909766674041748,0.00022012008412275463,0.00022017955780029297,5.9473677538335323e-08,0.00027011443810909583,1,0,0.0394887775182724,0.24891671538352966,0.04131045192480087,0.2579185664653778,0.0020710367243736982,0.010169580578804016,0.044188198749907315,0.2726120138540864,-1.2917290925979614,-1.2915089130401611
batch2_128_255,0,4,"(0, 4)",0,23,5.242232322692871,6.949723243713379,0.00017960752302315086,0.00017940998077392578,1.9754224922508001e-07,0.0011010661077657808,1,0,0.04131045192480087,0.2579185664653778,0.04313741996884346,0.2667492628097534,0.002081675920635462,0.010011119768023491,0.04626987467054278,0.2826231336221099,-1.32387375831604,-1.3236943483352661
batch2_128_255,0,4,"(0, 4)",0,24,5.139737129211426,7.013696193695068,0.00015966255159582943,0.0001596212387084961,4.131288733333349e-08,0.00025881823539021656,1,0,0.04313741996884346,0.2667492628097534,0.044969696551561356,0.27538856863975525,0.002089404733851552,0.009826302528381348,0.04835927940439433,0.29244943615049124,-1.3492978811264038,-1.3491382598876953
batch2_128_255,0,4,"(0, 4)",0,25,5.042436122894287,7.07248592376709,0.0001259634445887059,0.000125885009765625,7.843482308089733e-08,0.0006230672200520834,1,0,0.044969696551561356,0.27538856863975525,0.04680347070097923,0.28384673595428467,0.0020927265286445618,0.009646912105381489,0.05045200593303889,0.3020963482558727,-1.365239143371582,-1.3651132583618164
batch2_128_255,0,4,"(0, 4)",0,26,4.948337554931641,7.131653308868408,9.054747351910919e-05,9.059906005859375e-05,5.158653948456049e-08,0.0005693937602796053,1,0,0.04680347070097923,0.28384673595428467,0.04863525182008743,0.2921212911605835,0.002091720700263977,0.009463492780923843,0.05254372663330287,0.31155984103679657,-1.387817621231079,-1.3877270221710205
batch2_128_255,0,4,"(0, 4)",0,27,4.860154151916504,7.196866989135742,6.286300049396232e-05,6.270408630371094e-05,1.589141902513802e-07,0.002534351421399715,1,0,0.04863525182008743,0.2921212911605835,0.05046436935663223,0.3002195358276367,0.0020892396569252014,0.009289247915148735,0.05463296629022807,0.3208490889519453,-1.4163765907287598,-1.416313886642456
batch2_128_255,0,4,"(0, 4)",0,28,4.775002479553223,7.258404731750488,4.200538023724221e-05,4.1961669921875e-05,4.371031536720693e-08,0.0010416724465110085,1,0,0.05046436935663223,0.3002195358276367,0.05228905379772186,0.3081739842891693,0.0020831450819969177,0.009132830426096916,0.05671611137222499,0.3299819193780422,-1.439678430557251,-1.439636468887329
batch2_128_255,0,4,"(0, 4)",0,29,4.6924333572387695,7.3075690269470215,1.9827097275992855e-05,1.9788742065429688e-05,3.835521056316793e-08,0.0019382338926016566,1,0,0.05228905379772186,0.3081739842891693,0.054105810821056366,0.315974622964859,0.0020739417523145676,0.008978364057838917,0.058790053124539554,0.33896028343588114,-1.469109058380127,-1.4690892696380615
batch2_128_255,0,4,"(0, 4)",0,30,4.611323833465576,7.362009048461914,5.2398236221051775e-06,5.245208740234375e-06,5.385118129197508e-09,0.001026673750443892,1,0,0.054105810821056366,0.315974622964859,0.05591277778148651,0.3236345946788788,0.002060843165963888,0.00882367230951786,0.06085089629050344,0.347783955745399,-1.4984705448150635,-1.4984652996063232
batch2_128_255,0,4,"(0, 4)",0,31,4.534223556518555,7.417951583862305,-1.1010039088432677e-05,-1.1086463928222656e-05,7.642483978997916e-08,0.006893527123235887,0,1,0.05591277778148651,0.3236345946788788,0.05770830065011978,0.33119407296180725,0.0020450951997190714,0.008694916032254696,0.06289599149022251,0.3564788717776537,-1.5200557708740234,-1.5200668573379517
batch2_128_255,0,4,"(0, 4)",0,32,4.458340644836426,7.48325777053833,-2.484443029970862e-05,-2.491474151611328e-05,7.031121640466154e-08,0.0028220728824013158,0,1,0.05770830065011978,0.33119407296180725,0.05948970094323158,0.3386402130126953,0.002026198897510767,0.008555235341191292,0.06492219038773328,0.365034107118845,-1.5468236207962036,-1.5468485355377197
batch2_128_255,0,4,"(0, 4)",0,33,4.385340690612793,7.553081512451172,-1.999470805458259e-05,-2.002716064453125e-05,3.2452589948661625e-08,0.0016204289027622768,0,1,0.05948970094323158,0.3386402130126953,0.06125367060303688,0.3459636867046356,0.00200342433527112,0.008411064743995667,0.0669256147230044,0.37344517186284065,-1.5672321319580078,-1.5672521591186523
batch2_128_255,0,4,"(0, 4)",0,34,4.317713260650635,7.612298488616943,-1.6752243027440272e-05,-1.6808509826660156e-05,5.626679921988398e-08,0.003347518596243351,0,1,0.06125367060303688,0.3459636867046356,0.06300076097249985,0.35318416357040405,0.0019801605958491564,0.008282107301056385,0.06890577531885356,0.38172727916389704,-1.6017415523529053,-1.601758360862732
batch2_128_255,0,4,"(0, 4)",0,35,4.248762607574463,7.686206340789795,-2.529825178498868e-05,-2.5272369384765625e-05,2.5882400223053992e-08,0.0010241382526901533,0,1,0.06300076097249985,0.35318416357040405,0.0647280365228653,0.36027616262435913,0.0019557951018214226,0.008135718293488026,0.07086157042067498,0.38986299745738506,-1.6349767446517944,-1.6350020170211792
batch2_128_255,0,4,"(0, 4)",0,36,4.1808881759643555,7.756983280181885,-3.2764492061687633e-05,-3.2901763916015625e-05,1.372718543279916e-07,0.004172173099241395,0,1,0.0647280365228653,0.36027616262435913,0.06643293797969818,0.36723488569259644,0.0019285978050902486,0.00798280630260706,0.07279016822576523,0.3978458037599921,-1.667536973953247,-1.667569875717163
batch2_128_255,0,4,"(0, 4)",0,37,4.11808967590332,7.822171211242676,-4.268059637979604e-05,-4.267692565917969e-05,3.6707206163555384e-09,8.601183331878492e-05,0,1,0.06643293797969818,0.36723488569259644,0.06811448186635971,0.3740616738796234,0.0018999680178239942,0.007832876406610012,0.07469013624358922,0.40567868016660213,-1.6919384002685547,-1.6919810771942139
batch2_128_255,0,4,"(0, 4)",0,38,4.056143760681152,7.882388591766357,-4.5205775677459314e-05,-4.506111145019531e-05,1.4466422726400197e-07,0.0032104007781498015,0,1,0.06811448186635971,0.3740616738796234,0.06977017968893051,0.3807436525821686,0.0018692021258175373,0.007669656537473202,0.07655933836940676,0.41334833670407534,-1.7030223608016968,-1.703067421913147
batch2_128_255,0,4,"(0, 4)",0,39,3.9962642192840576,7.940771579742432,-5.648342994390987e-05,-5.650520324707031e-05,2.1773303160443902e-08,0.00038533271113528483,0,1,0.06977017968893051,0.3807436525821686,0.07139844447374344,0.3872775733470917,0.0018367687007412314,0.007502684369683266,0.07839610707014799,0.4208510210737586,-1.716691255569458,-1.716747760772705
batch2_128_255,0,5,"(0, 5)",0,0,8.411853790283203,8.433267593383789,0.0011997350957244635,0.0011996030807495117,1.3201497495174408e-07,0.00011004887955877969,1,0,0.0,0.0,0.0019043807405978441,0.014628833159804344,0.0019043807405978441,0.014628833159804344,0.0019043807405978441,0.014628833159804344,-1.3614091873168945,-1.360209584236145
batch2_128_255,0,5,"(0, 5)",0,1,8.206040382385254,8.248359680175781,0.0011568430345505476,0.0011568069458007812,3.608874976634979e-08,3.119686469497115e-05,1,0,0.0019043807405978441,0.014628833159804344,0.003788325935602188,0.028964916244149208,0.0018866200698539615,0.014354106038808823,0.0037910008104518056,0.028982939198613167,-1.3298099040985107,-1.32865309715271
batch2_128_255,0,5,"(0, 5)",0,2,8.003993034362793,8.080395698547363,0.0011008121073246002,0.0011005401611328125,2.7194619178771973e-07,0.00024710246967071055,1,0,0.003788325935602188,0.028964916244149208,0.005654390435665846,0.043072473257780075,0.0018734402256086469,0.014151929877698421,0.0056644410360604525,0.04313486907631159,-1.2729616165161133,-1.2718610763549805
batch2_128_255,0,5,"(0, 5)",0,3,7.816113471984863,7.927139759063721,0.00105772924143821,0.0010576248168945312,1.0442454367876053e-07,9.873495970468891e-05,1,0,0.005654390435665846,0.043072473257780075,0.007505920249968767,0.056958213448524475,0.0018655371386557817,0.013956195674836636,0.007529978174716234,0.057091064751148224,-1.2199771404266357,-1.2189195156097412
batch2_128_255,0,5,"(0, 5)",0,4,7.623239517211914,7.788746356964111,0.0010145590640604496,0.0010144710540771484,8.800998330116272e-08,8.675455346650998e-05,1,0,0.007505920249968767,0.056958213448524475,0.009340395219624043,0.07049308717250824,0.001858049537986517,0.0136432945728302,0.009388027712702751,0.07073435932397842,-1.1714532375335693,-1.1704387664794922
batch2_128_255,0,5,"(0, 5)",0,5,7.448637962341309,7.645325183868408,0.0009566805092617869,0.0009565353393554688,1.4516990631818771e-07,0.0001517663805458624,1,0,0.009340395219624043,0.07049308717250824,0.011159397661685944,0.08358519524335861,0.0018544431077316403,0.013272898271679878,0.011242470820434391,0.0840072575956583,-1.1136442422866821,-1.1126877069473267
batch2_128_255,0,5,"(0, 5)",0,6,7.271483421325684,7.506561279296875,0.000885703950189054,0.0008856058120727539,9.813811630010605e-08,0.00011081467054785302,1,0,0.011159397661685944,0.08358519524335861,0.012959325686097145,0.09604737907648087,0.0018505480838939548,0.012716861441731453,0.013093018904328346,0.09672411903738976,-1.0527598857879639,-1.0518742799758911
batch2_128_255,0,5,"(0, 5)",0,7,7.10166597366333,7.348567962646484,0.0008238568552769721,0.0008238554000854492,1.4551915228366852e-09,1.7663190927506873e-06,1,0,0.012959325686097145,0.09604737907648087,0.014744210988283157,0.10788778215646744,0.0018518873257562518,0.01218690350651741,0.014944906230084598,0.10891102254390717,-1.0130209922790527,-1.0121971368789673
batch2_128_255,0,5,"(0, 5)",0,8,6.958700180053711,7.262918949127197,0.0007616963121108711,0.0007616877555847168,8.556526154279709e-09,1.1233640151811565e-05,1,0,0.014744210988283157,0.10788778215646744,0.01651955582201481,0.11926811188459396,0.0018561126198619604,0.01180953998118639,0.01680101884994656,0.12072056252509356,-0.971030056476593,-0.9702683687210083
batch2_128_255,0,5,"(0, 5)",0,9,6.822351455688477,7.141603469848633,0.0006914598634466529,0.0006914138793945312,4.598405212163925e-08,6.650727370689655e-05,1,0,0.01651955582201481,0.11926811188459396,0.01828603446483612,0.13010339438915253,0.0018651557620614767,0.011389676481485367,0.018666174612008035,0.13211023900657892,-0.9318734407424927,-0.9311820268630981
batch2_128_255,0,5,"(0, 5)",0,10,6.695618629455566,7.069708824157715,0.0006247145938687027,0.0006246566772460938,5.791662260890007e-08,9.27175274332061e-05,1,0,0.01828603446483612,0.13010339438915253,0.02004982903599739,0.14055012166500092,0.00187773781362921,0.011132852174341679,0.020543912425637245,0.1432430911809206,-0.9017170667648315,-0.9010924100875854
batch2_128_255,0,5,"(0, 5)",0,11,6.567634105682373,6.994186878204346,0.0005586711340583861,0.0005585551261901855,1.1600786820054054e-07,0.0002076927822537616,1,0,0.02004982903599739,0.14055012166500092,0.02181662805378437,0.15062099695205688,0.0018967045471072197,0.010892155580222607,0.022440616972744465,0.1541352467611432,-0.8734145760536194,-0.8728560209274292
batch2_128_255,0,5,"(0, 5)",0,12,6.443571090698242,6.91607666015625,0.0005029223975725472,0.0005029439926147461,2.1595042198896408e-08,4.2937270383977244e-05,1,0,0.02181662805378437,0.15062099695205688,0.02358907274901867,0.16045290231704712,0.001913120737299323,0.010752500034868717,0.024353737710043788,0.16488774679601192,-0.8501158952713013,-0.8496129512786865
batch2_128_255,0,5,"(0, 5)",0,13,6.327961444854736,6.837319374084473,0.0004516954068094492,0.00045168399810791016,1.1408701539039612e-08,2.5258148588017945e-05,1,0,0.02358907274901867,0.16045290231704712,0.025368640199303627,0.17008982598781586,0.001929726917296648,0.010643127374351025,0.026283464627340436,0.17553087417036295,-0.8296343684196472,-0.8291826844215393
batch2_128_255,0,5,"(0, 5)",0,14,6.206465721130371,6.777723789215088,0.0004143041733186692,0.00041425228118896484,5.1892129704356194e-08,0.0001252669739208633,1,0,0.025368640199303627,0.17008982598781586,0.027157006785273552,0.1796078234910965,0.001945866271853447,0.010579216293990612,0.028229330899193883,0.18611009046435356,-0.8103735446929932,-0.8099592924118042
batch2_128_255,0,5,"(0, 5)",0,15,6.090958595275879,6.725126266479492,0.0003661565133370459,0.0003660917282104492,6.478512659668922e-08,0.00017696419122435687,1,0,0.027157006785273552,0.1796078234910965,0.02895282208919525,0.1890418976545334,0.001962848473340273,0.010557063855230808,0.030192179372534156,0.19666715431958437,-0.7956600189208984,-0.795293927192688
batch2_128_255,0,5,"(0, 5)",0,16,5.980990409851074,6.675947666168213,0.00031162035884335637,0.0003114938735961914,1.2648524716496468e-07,0.00040606014399158057,1,0,0.02895282208919525,0.1890418976545334,0.0307575985789299,0.19845618307590485,0.001981918467208743,0.010588334873318672,0.0321740978397429,0.20725548919290304,-0.7810564041137695,-0.7807449102401733
batch2_128_255,0,5,"(0, 5)",0,17,5.864099979400635,6.609579086303711,0.0002779375354293734,0.0002778768539428711,6.068148650228977e-08,0.0002183754625160875,1,0,0.0307575985789299,0.19845618307590485,0.032572533935308456,0.20790594816207886,0.0019998771604150534,0.010634304955601692,0.03417397500015795,0.21788979414850473,-0.7746719121932983,-0.7743940353393555
batch2_128_255,0,5,"(0, 5)",0,18,5.750657081604004,6.5599684715271,0.00024061818839982152,0.00024056434631347656,5.384208634495735e-08,0.00022381573649653123,1,0,0.032572533935308456,0.20790594816207886,0.034394051879644394,0.21736665070056915,0.002016425831243396,0.010664750821888447,0.03619040083140135,0.22855454497039318,-0.7698297500610352,-0.7695891857147217
batch2_128_255,0,5,"(0, 5)",0,19,5.630970001220703,6.526607513427734,0.00021630543051287532,0.0002162456512451172,5.977926775813103e-08,0.0002764414794652701,1,0,0.034394051879644394,0.21736665070056915,0.036220259964466095,0.22687269747257233,0.002029225928708911,0.010740364901721478,0.03821962676011026,0.23929490987211466,-0.7744041681289673,-0.7741879224777222
batch2_128_255,0,5,"(0, 5)",0,20,5.504419803619385,6.516745090484619,0.00019242223061155528,0.00019240379333496094,1.84372765943408e-08,9.582595163413878e-05,1,0,0.036220259964466095,0.22687269747257233,0.03804556652903557,0.23626849055290222,0.0020362315699458122,0.010642211884260178,0.04025585833005607,0.24993712175637484,-0.7757741808891296,-0.7755817770957947
batch2_128_255,0,5,"(0, 5)",0,21,5.384856224060059,6.501955032348633,0.00016169999435078353,0.00016176700592041016,6.701156962662935e-08,0.0004142474495670597,1,0,0.03804556652903557,0.23626849055290222,0.03986916318535805,0.24556604027748108,0.0020416858606040478,0.010531395673751831,0.04229754419066012,0.26046851743012667,-0.7798032760620117,-0.7796415090560913
batch2_128_255,0,5,"(0, 5)",0,22,5.2719502449035645,6.501753330230713,0.00013771618250757456,0.00013774633407592773,3.015156835317612e-08,0.0002188919839896149,1,0,0.03986916318535805,0.24556604027748108,0.041687313467264175,0.2547112703323364,0.0020463152322918177,0.010394035838544369,0.04434385942295194,0.27086255326867104,-0.7843309640884399,-0.784193217754364
batch2_128_255,0,5,"(0, 5)",0,23,5.163986682891846,6.5099196434021,0.00012971142132300884,0.0001296401023864746,7.131893653422594e-08,0.0005501302083333334,1,0,0.041687313467264175,0.2547112703323364,0.04350052401423454,0.26376092433929443,0.002045613946393132,0.010267071425914764,0.04638947336934507,0.2811296246945858,-0.7928944826126099,-0.7927648425102234
batch2_128_255,0,5,"(0, 5)",0,24,5.057967185974121,6.525932312011719,0.00012294977204874158,0.00012290477752685547,4.4994521886110306e-08,0.0003660925375848691,1,0,0.04350052401423454,0.26376092433929443,0.045304588973522186,0.2726774215698242,0.0020392565056681633,0.010098868981003761,0.04842872987501323,0.29122849367558956,-0.7948662042617798,-0.7947432994842529
batch2_128_255,0,5,"(0, 5)",0,25,4.962043762207031,6.551342487335205,0.00012665937538258731,0.0001266002655029297,5.910987965762615e-08,0.0004669017037429379,1,0,0.045304588973522186,0.2726774215698242,0.047097157686948776,0.2813962996006012,0.0020280631724745035,0.009859004057943821,0.050456793047487736,0.3010874977335334,-0.799375057220459,-0.799248456954956
batch2_128_255,0,5,"(0, 5)",0,26,4.862988471984863,6.57548713684082,0.00012021526345051825,0.0001201629638671875,5.2299583330750465e-08,0.0004352387927827381,1,0,0.047097157686948776,0.2813962996006012,0.04887576028704643,0.28995728492736816,0.002015217673033476,0.009687758982181549,0.05247201072052121,0.31077525671571493,-0.8005220890045166,-0.8004019260406494
batch2_128_255,0,5,"(0, 5)",0,27,4.771265983581543,6.608778476715088,0.00011803704546764493,0.00011795759201049805,7.945345714688301e-08,0.0006735764590702375,1,0,0.04887576028704643,0.28995728492736816,0.05064147338271141,0.29839152097702026,0.0020026941783726215,0.00952659547328949,0.05447470489889383,0.3203018521890044,-0.8077634572982788,-0.8076454997062683
batch2_128_255,0,5,"(0, 5)",0,28,4.67880916595459,6.640073299407959,0.00010110319271916524,0.0001010894775390625,1.3715180102735758e-08,0.00013567366690005897,1,0,0.05064147338271141,0.29839152097702026,0.05238848179578781,0.30664491653442383,0.001984377158805728,0.009344762191176414,0.05645908205769956,0.32964661438018084,-0.8081536889076233,-0.8080525994300842
batch2_128_255,0,5,"(0, 5)",0,29,4.591221809387207,6.673439025878906,8.252856059698388e-05,8.255243301391602e-05,2.387241693213582e-08,0.0002891788413808664,1,0,0.05238848179578781,0.30664491653442383,0.05411577969789505,0.3147194981575012,0.0019650214817374945,0.009168542921543121,0.058424103539437056,0.33881515730172396,-0.7999586462974548,-0.7998760938644409
batch2_128_255,0,5,"(0, 5)",0,30,4.5058488845825195,6.696364402770996,6.40128564555198e-05,6.389617919921875e-05,1.1667725630104542e-07,0.001826044338852612,1,0,0.05411577969789505,0.3147194981575012,0.055818915367126465,0.32265177369117737,0.0019396502757444978,0.009025400504469872,0.06036375381518155,0.34784055780619383,-0.8050415515899658,-0.8049776554107666
batch2_128_255,0,5,"(0, 5)",0,31,4.423467636108398,6.731368541717529,6.622842192882672e-05,6.622076034545898e-05,7.661583367735147e-09,0.00011569760491674167,1,0,0.055818915367126465,0.32265177369117737,0.057497888803482056,0.3304627537727356,0.0019110138528048992,0.00887224916368723,0.06227476766798645,0.35671280696988106,-0.8078610301017761,-0.8077948093414307
batch2_128_255,0,5,"(0, 5)",0,32,4.344236850738525,6.776498794555664,6.639495404670015e-05,6.639957427978516e-05,4.6202330850064754e-09,6.958226969254937e-05,1,0,0.057497888803482056,0.3304627537727356,0.05914921313524246,0.33813291788101196,0.0018792604096233845,0.008705897256731987,0.06415402807760984,0.36541870422661304,-0.807021975517273,-0.8069555759429932
batch2_128_255,0,5,"(0, 5)",0,33,4.267412185668945,6.812061786651611,6.0446738643804565e-05,6.0439109802246094e-05,7.628841558471322e-09,0.00012622359236316567,1,0,0.05914921313524246,0.33813291788101196,0.060771387070417404,0.3456710875034332,0.0018457871628925204,0.008556085638701916,0.06599981524050236,0.37397478986531496,-0.8008378148078918,-0.8007773756980896
batch2_128_255,0,5,"(0, 5)",0,34,4.192170143127441,6.8629560470581055,5.750387208536267e-05,5.739927291870117e-05,1.0459916666150093e-07,0.0018223082165109035,1,0,0.060771387070417404,0.3456710875034332,0.062361981719732285,0.35306018590927124,0.001810009009204805,0.008390961214900017,0.06780982424970716,0.382365751080215,-0.8001859784126282,-0.8001285791397095
batch2_128_255,0,5,"(0, 5)",0,35,4.12146520614624,6.905898571014404,5.400590453064069e-05,5.3942203521728516e-05,6.37010089121759e-08,0.0011809122496546961,1,0,0.062361981719732285,0.35306018590927124,0.06391984969377518,0.3602851927280426,0.0017729492392390966,0.008208983577787876,0.06958277348894626,0.39057473465800285,-0.797269880771637,-0.7972159385681152
batch2_128_255,0,5,"(0, 5)",0,36,4.052395820617676,6.956371784210205,5.427588621387258e-05,5.424022674560547e-05,3.565946826711297e-08,0.0006574358258928572,1,0,0.06391984969377518,0.3602851927280426,0.06544233113527298,0.36733871698379517,0.0017326968954876065,0.00802193395793438,0.07131547038443387,0.39859666861593723,-0.7936602234840393,-0.7936059832572937
batch2_128_255,0,5,"(0, 5)",0,37,3.9897961616516113,6.991637706756592,5.47743693459779e-05,5.4717063903808594e-05,5.730544216930866e-08,0.0010473047726034857,1,0,0.06544233113527298,0.36733871698379517,0.06693146377801895,0.3742164969444275,0.0016948021948337555,0.00783176627010107,0.07301027257926762,0.4064284348860383,-0.7892306447029114,-0.7891759276390076
batch2_128_255,0,5,"(0, 5)",0,38,3.9261555671691895,7.033846855163574,4.771001840708777e-05,4.774332046508789e-05,3.330205800011754e-08,0.0006975228718008739,1,0,0.06693146377801895,0.3742164969444275,0.0683840960264206,0.3809172809123993,0.0016540943179279566,0.0076383869163692,0.07466436689719558,0.4140668218024075,-0.7797202467918396,-0.7796725034713745
batch2_128_255,0,5,"(0, 5)",0,39,3.8673782348632812,7.0786824226379395,4.353780241217464e-05,4.3451786041259766e-05,8.601637091487646e-08,0.0019795819401577505,1,0,0.0683840960264206,0.3809172809123993,0.06980152428150177,0.387450635433197,0.0016138500068336725,0.007449701894074678,0.07627821690402925,0.4215165236964822,-0.7666529417037964,-0.7666094899177551
batch2_128_255,0,6,"(0, 6)",0,0,8.227785110473633,8.433267593383789,0.0026867997366935015,0.002686023712158203,7.760245352983475e-07,0.00028891201957216404,1,0,0.0,0.0,0.0019295822130516171,0.01322538685053587,0.0019295822130516171,0.01322538685053587,0.0019295822130516171,0.01322538685053587,-2.686363697052002,-2.6836776733398438
batch2_128_255,0,6,"(0, 6)",0,1,8.051214218139648,8.23189640045166,0.0024139133747667074,0.0024137496948242188,1.6367994248867035e-07,6.781148138087713e-05,1,0,0.0019295822130516171,0.01322538685053587,0.0038238384295254946,0.026109881699085236,0.0018965480849146843,0.012895978055894375,0.0038261302979663014,0.026121364906430244,-2.5427305698394775,-2.5403168201446533
batch2_128_255,0,6,"(0, 6)",0,2,7.886096954345703,8.06822681427002,0.0021698777563869953,0.002169370651245117,5.07105141878128e-07,0.00023375680019782394,1,0,0.0038238384295254946,0.026109881699085236,0.005687620956450701,0.03870450705289841,0.0018701327499002218,0.01262328214943409,0.005696263047866523,0.038744647055864334,-2.4091134071350098,-2.4069440364837646
batch2_128_255,0,6,"(0, 6)",0,3,7.733282089233398,7.911453723907471,0.0019637153018265963,0.0019636154174804688,9.988434612751007e-08,5.086757072608062e-05,1,0,0.005687620956450701,0.03870450705289841,0.0075245811603963375,0.05102357268333435,0.0018492282833904028,0.012373847886919975,0.007545491331256926,0.05111849494278431,-2.286454677581787,-2.2844910621643066
batch2_128_255,0,6,"(0, 6)",0,4,7.584648132324219,7.772100925445557,0.0017706225626170635,0.0017702579498291016,3.6461278796195984e-07,0.0002059659090909091,1,0,0.0075245811603963375,0.05102357268333435,0.009339972399175167,0.0630677342414856,0.0018347505247220397,0.012125775218009949,0.009380241855978966,0.06324427016079426,-2.1583728790283203,-2.156602621078491
batch2_128_255,0,6,"(0, 6)",0,5,7.441335678100586,7.644177436828613,0.0016030196566134691,0.0016028881072998047,1.3154931366443634e-07,8.207017886360256e-05,1,0,0.009339972399175167,0.0630677342414856,0.011133352294564247,0.07484263926744461,0.0018220922211185098,0.011902750469744205,0.011202334077097476,0.07514702063053846,-2.052177667617798,-2.050574779510498
batch2_128_255,0,6,"(0, 6)",0,6,7.302709579467773,7.5312275886535645,0.0014528711326420307,0.0014525651931762695,3.059394657611847e-07,0.00021062012720558064,1,0,0.011133352294564247,0.07484263926744461,0.012910012155771255,0.08632295578718185,0.0018164460780099034,0.011664776131510735,0.013018780155107379,0.0868117967620492,-1.9536014795303345,-1.9521489143371582
batch2_128_255,0,6,"(0, 6)",0,7,7.1682353019714355,7.394974708557129,0.0013229025062173605,0.0013227462768554688,1.5622936189174652e-07,0.00011810984814347512,1,0,0.012910012155771255,0.08632295578718185,0.01467204187065363,0.09751923382282257,0.001813033246435225,0.011437306180596352,0.014831813401542604,0.09824910294264555,-1.8691127300262451,-1.8677899837493896
batch2_128_255,0,6,"(0, 6)",0,8,7.038248062133789,7.267206192016602,0.001220768317580223,0.0012208223342895508,5.4016709327697754e-08,4.424616736646812e-05,1,0,0.01467204187065363,0.09751923382282257,0.01642322540283203,0.1084550991654396,0.001814326853491366,0.011243412271142006,0.01664614025503397,0.10949251521378756,-1.7979953289031982,-1.7967745065689087
batch2_128_255,0,6,"(0, 6)",0,9,6.918259620666504,7.164479732513428,0.001108933356590569,0.0011087656021118164,1.6775447875261307e-07,0.00015129841549295773,1,0,0.01642322540283203,0.1084550991654396,0.018163446336984634,0.11918600648641586,0.0018166558584198356,0.011106402613222599,0.018462796113453805,0.12059891782701015,-1.7236413955688477,-1.7225326299667358
batch2_128_255,0,6,"(0, 6)",0,10,6.796344757080078,7.075249195098877,0.0010158393997699022,0.001015782356262207,5.704350769519806e-08,5.615721452881117e-05,1,0,0.018163446336984634,0.11918600648641586,0.019900504499673843,0.1297861933708191,0.001824015867896378,0.011016666889190674,0.020286811981350183,0.13161558471620083,-1.6439118385314941,-1.642896056175232
batch2_128_255,0,6,"(0, 6)",0,11,6.676826000213623,6.972702980041504,0.0009163421345874667,0.0009162425994873047,9.953510016202927e-08,0.00010863400175644028,1,0,0.019900504499673843,0.1297861933708191,0.021632837131619453,0.1401425004005432,0.0018327218713238835,0.01084982044994831,0.022119533852674067,0.14246540516614914,-1.5714380741119385,-1.5705218315124512
batch2_128_255,0,6,"(0, 6)",0,12,6.559699058532715,6.892225742340088,0.0008289285469800234,0.000828862190246582,6.635673344135284e-08,8.005761901337552e-05,1,0,0.021632837131619453,0.1401425004005432,0.023363100364804268,0.1502588987350464,0.0018441606080159545,0.010687249712646008,0.02396369446069002,0.15315265487879515,-1.5168514251708984,-1.5160225629806519
batch2_128_255,0,6,"(0, 6)",0,13,6.444334983825684,6.818428039550781,0.0007522822706960142,0.0007522106170654297,7.165363058447838e-08,9.525740392234548e-05,1,0,0.023363100364804268,0.1502588987350464,0.02509564347565174,0.16020119190216064,0.0018589063547551632,0.01059037633240223,0.025822600815445185,0.16374303121119738,-1.4632961750030518,-1.4625439643859863
batch2_128_255,0,6,"(0, 6)",0,14,6.33060359954834,6.752120018005371,0.0006790390470996499,0.00067901611328125,2.293381839990616e-08,3.377507241924157e-05,1,0,0.02509564347565174,0.16020119190216064,0.02683185413479805,0.16993732750415802,0.001875501126050949,0.010456929914653301,0.027698101941496134,0.17419996112585068,-1.4154102802276611,-1.4147312641143799
batch2_128_255,0,6,"(0, 6)",0,15,6.220208168029785,6.712048530578613,0.0006164451478980482,0.0006163120269775391,1.3312092050909996e-07,0.00021599598041586074,1,0,0.02683185413479805,0.16993732750415802,0.028571683913469315,0.17946162819862366,0.0018904937896877527,0.010319611057639122,0.029588595731183887,0.1845195721834898,-1.3555734157562256,-1.354957103729248
batch2_128_255,0,6,"(0, 6)",0,16,6.112885475158691,6.650028228759766,0.000559099018573761,0.0005588531494140625,2.4586915969848633e-07,0.00043995307167235493,1,0,0.028571683913469315,0.17946162819862366,0.03031761944293976,0.18881718814373016,0.001908175996504724,0.010222773998975754,0.03149677172768861,0.19474234618246555,-1.3237614631652832,-1.3232026100158691
batch2_128_255,0,6,"(0, 6)",0,17,6.003316402435303,6.605387210845947,0.0005069113103672862,0.0005068778991699219,3.341119736433029e-08,6.591567203668862e-05,1,0,0.03031761944293976,0.18881718814373016,0.032069310545921326,0.19803568720817566,0.0019237576052546501,0.010152877308428288,0.03342052933294326,0.20489522349089384,-1.2985622882843018,-1.2980554103851318
batch2_128_255,0,6,"(0, 6)",0,18,5.900948524475098,6.5609307289123535,0.00044560019159689546,0.0004456043243408203,4.132743924856186e-09,9.274469970572499e-06,1,0,0.032069310545921326,0.19803568720817566,0.03382660821080208,0.2071121633052826,0.0019424939528107643,0.01008051447570324,0.035363023285754025,0.21497573796659708,-1.265730857849121,-1.2652852535247803
batch2_128_255,0,6,"(0, 6)",0,19,5.801012992858887,6.522171497344971,0.00040408415952697396,0.0004038810729980469,2.0308652892708778e-07,0.0005028374501918536,1,0,0.03382660821080208,0.2071121633052826,0.03559211641550064,0.21607713401317596,0.0019601848907768726,0.010025735944509506,0.0373232081765309,0.2250014739111066,-1.2377619743347168,-1.2373580932617188
batch2_128_255,0,6,"(0, 6)",0,20,5.694751739501953,6.467557907104492,0.0003625634126365185,0.00036263465881347656,7.12461769580841e-08,0.0001964681952662722,1,0,0.03559211641550064,0.21607713401317596,0.03736390545964241,0.2249881774187088,0.00197297940030694,0.009986970573663712,0.03929618757683784,0.2349884444847703,-1.200974941253662,-1.2006123065948486
batch2_128_255,0,6,"(0, 6)",0,21,5.591833591461182,6.438982963562012,0.0003258796641603112,0.00032591819763183594,3.8533471524715424e-08,0.00011823050018288223,1,0,0.03736390545964241,0.2249881774187088,0.03914131969213486,0.23383930325508118,0.0019862663466483355,0.009948937222361565,0.04128245392348617,0.24493738170713186,-1.176633358001709,-1.1763074398040771
batch2_128_255,0,6,"(0, 6)",0,22,5.49085807800293,6.410143852233887,0.0002794165338855237,0.00027930736541748047,1.0916846804320812e-07,0.0003908542400234742,1,0,0.03914131969213486,0.23383930325508118,0.04092351719737053,0.24261024594306946,0.0019993605092167854,0.009887228719890118,0.04328181443270296,0.254824610427022,-1.146066427230835,-1.1457871198654175
batch2_128_255,0,6,"(0, 6)",0,23,5.387033462524414,6.393850326538086,0.00024186604423448443,0.00024175643920898438,1.0960502550005913e-07,0.0004533696221646943,1,0,0.04092351719737053,0.24261024594306946,0.042708516120910645,0.25127464532852173,0.0020098432432860136,0.009809390641748905,0.04529165767598897,0.2646340010687709,-1.116882085800171,-1.116640329360962
batch2_128_255,0,6,"(0, 6)",0,24,5.288736820220947,6.388125896453857,0.00023829996644053608,0.00023829936981201172,5.966285243630409e-10,2.503693252876438e-06,1,0,0.042708516120910645,0.25127464532852173,0.04449688270688057,0.259914368391037,0.0020181152503937483,0.009766647592186928,0.04730977292638272,0.2744006486609578,-1.0954147577285767,-1.0951764583587646
batch2_128_255,0,6,"(0, 6)",0,25,5.19052791595459,6.364663600921631,0.00020992261124774814,0.00021004676818847656,1.2415694072842598e-07,0.00059109188776958,1,0,0.04449688270688057,0.259914368391037,0.046285077929496765,0.2684226632118225,0.002025745576247573,0.009638371877372265,0.04933551850263029,0.2840390205383301,-1.0708420276641846,-1.070631980895996
batch2_128_255,0,6,"(0, 6)",0,26,5.093738555908203,6.370039939880371,0.0002018385857809335,0.00020170211791992188,1.3646786101162434e-07,0.0006765812001329788,1,0,0.046285077929496765,0.2684226632118225,0.048075176775455475,0.2768324315547943,0.0020335197914391756,0.00954858586192131,0.05136903829406947,0.2935876064002514,-1.061328649520874,-1.061126947402954
batch2_128_255,0,6,"(0, 6)",0,27,4.99998664855957,6.372794151306152,0.00019571525626815856,0.00019562244415283203,9.281211532652378e-08,0.00047444512682815354,1,0,0.048075176775455475,0.2768324315547943,0.049862898886203766,0.28512805700302124,0.002035955199971795,0.009434163570404053,0.053404993494041264,0.30302176997065544,-1.0435101985931396,-1.0433145761489868
batch2_128_255,0,6,"(0, 6)",0,28,4.907930850982666,6.387126445770264,0.00019535754108801484,0.0001952648162841797,9.272480383515358e-08,0.00047486692994505494,1,0,0.049862898886203766,0.28512805700302124,0.05164815112948418,0.29328447580337524,0.002038100967183709,0.00929045770317316,0.05544309446122497,0.3123122276738286,-1.0275847911834717,-1.0273895263671875
batch2_128_255,0,6,"(0, 6)",0,29,4.819730281829834,6.400104999542236,0.00019303361477795988,0.00019299983978271484,3.377499524503946e-08,0.00017500012063773935,1,0,0.05164815112948418,0.29328447580337524,0.05342961847782135,0.3012721836566925,0.0020369202829897404,0.009106677956879139,0.057480014744214714,0.32141890563070774,-1.00704824924469,-1.0068552494049072
batch2_128_255,0,6,"(0, 6)",0,30,4.736961841583252,6.417273998260498,0.00019278752733953297,0.0001927018165588379,8.571078069508076e-08,0.0004447844977575008,1,0,0.05342961847782135,0.3012721836566925,0.05520544573664665,0.3091726005077362,0.002031904412433505,0.009001658298075199,0.05951191915664822,0.33042056392878294,-0.9975610971450806,-0.9973683953285217
batch2_128_255,0,6,"(0, 6)",0,31,4.654994010925293,6.443584442138672,0.00018942044698633254,0.0001894235610961914,3.1141098588705063e-09,1.6439928807426054e-05,1,0,0.05520544573664665,0.3091726005077362,0.05697367340326309,0.3169387876987457,0.0020252682734280825,0.008862038142979145,0.0615371874300763,0.3392826020717621,-0.9909284710884094,-0.9907390475273132
batch2_128_255,0,6,"(0, 6)",0,32,4.57386589050293,6.481868743896484,0.00018871479551307857,0.00018864870071411133,6.609479896724224e-08,0.0003503591528436019,1,0,0.05697367340326309,0.3169387876987457,0.05873062461614609,0.3245621919631958,0.0020154062658548355,0.008711147122085094,0.06355259369593114,0.3479937491938472,-0.9819492101669312,-0.981760561466217
batch2_128_255,0,6,"(0, 6)",0,33,4.496158123016357,6.510194301605225,0.00018643356452230364,0.00018638372421264648,4.984030965715647e-08,0.0002674069845299009,1,0,0.05873062461614609,0.3245621919631958,0.060475919395685196,0.3320518434047699,0.0020033635664731264,0.008571494370698929,0.06555595726240426,0.3565652435645461,-0.9730255007743835,-0.9728391170501709
batch2_128_255,0,6,"(0, 6)",0,34,4.420614719390869,6.555537223815918,0.000198742127395235,0.00019872188568115234,2.024171408265829e-08,0.00010185951091031793,1,0,0.060475919395685196,0.3320518434047699,0.062206923961639404,0.3394140899181366,0.0019863639026880264,0.008421787992119789,0.06754232116509229,0.3649870315566659,-0.973016619682312,-0.9728178977966309
batch2_128_255,0,6,"(0, 6)",0,35,4.349566459655762,6.5933074951171875,0.00020041079551447183,0.00020045042037963867,3.962486516684294e-08,0.00019767913228516205,1,0,0.062206923961639404,0.3394140899181366,0.06392236053943634,0.34664785861968994,0.0019683714490383863,0.008281797170639038,0.06951069261413068,0.37326882872730494,-0.9704306125640869,-0.9702301621437073
batch2_128_255,0,6,"(0, 6)",0,36,4.2836012840271,6.632707595825195,0.000205511343665421,0.00020551681518554688,5.471520125865936e-09,2.662322360788863e-05,1,0,0.06392236053943634,0.34664785861968994,0.06562033295631409,0.3537536859512329,0.0019480143673717976,0.008138089440762997,0.07145870698150247,0.38140691816806793,-0.9655383229255676,-0.9653328061103821
batch2_128_255,0,6,"(0, 6)",0,37,4.215210437774658,6.6670660972595215,0.00021748850122094154,0.0002174973487854004,8.847564458847046e-09,4.0678953137845985e-05,1,0,0.06562033295631409,0.3537536859512329,0.06730005890130997,0.3607189953327179,0.0019266547169536352,0.007976017892360687,0.07338536169845611,0.3893829360604286,-0.9595257043838501,-0.9593082070350647
batch2_128_255,0,6,"(0, 6)",0,38,4.151811599731445,6.708587646484375,0.00021916904370300472,0.00021916627883911133,2.764863893389702e-09,1.2615370886592331e-05,1,0,0.06730005890130997,0.3607189953327179,0.06896043568849564,0.3675660490989685,0.0019037788733839989,0.007842791266739368,0.07528914057184011,0.397225727327168,-0.9532498121261597,-0.9530306458473206
batch2_128_255,0,6,"(0, 6)",0,39,4.0883331298828125,6.740423679351807,0.00022083145449869335,0.00022071599960327148,1.154548954218626e-07,0.000523092551647313,1,0,0.06896043568849564,0.3675660490989685,0.07059797644615173,0.3742911219596863,0.0018764546839520335,0.007701135706156492,0.07716559525579214,0.4049268630333245,-0.9389949440956116,-0.9387742280960083
batch2_128_255,0,7,"(0, 7)",1,0,8.272762298583984,8.433267593383789,0.0017612699884921312,0.0017611980438232422,7.194466888904572e-08,4.084984601326655e-05,1,0,0.0,0.0,0.0019728601910173893,0.013776768930256367,0.0019728601910173893,0.013776768930256367,0.0019728601910173893,0.013776768930256367,-1.8157463073730469,-1.8139851093292236
batch2_128_255,0,7,"(0, 7)",1,1,8.089990615844727,8.25861930847168,0.0016293978551402688,0.0016291141510009766,2.8370413929224014e-07,0.00017414626170788819,1,0,0.0019728601910173893,0.013776768930256367,0.003911408130079508,0.027307040989398956,0.0019407725194469094,0.013545368798077106,0.003913632710464299,0.027322137728333473,-1.745271921157837,-1.743642807006836
batch2_128_255,0,7,"(0, 7)",1,2,7.910186767578125,8.1184663772583,0.0015035783872008324,0.0015034675598144531,1.1082738637924194e-07,7.37145179194418e-05,1,0,0.003911408130079508,0.027307040989398956,0.005817183293402195,0.04061966761946678,0.0019120381912216544,0.013342607766389847,0.005825670901685953,0.04066474549472332,-1.6706509590148926,-1.6691474914550781
batch2_128_255,0,7,"(0, 7)",1,3,7.7462263107299805,7.974634170532227,0.0013928974512964487,0.0013927221298217773,1.7532147467136383e-07,0.00012588403021484207,1,0,0.005817183293402195,0.04061966761946678,0.0076933917589485645,0.05373169481754303,0.0018884148448705673,0.013175695203244686,0.0077140857465565205,0.053840440697968006,-1.6005467176437378,-1.599153995513916
batch2_128_255,0,7,"(0, 7)",1,4,7.5771708488464355,7.830938339233398,0.0012910962104797363,0.001291036605834961,5.960464477539063e-08,4.616805170821791e-05,1,0,0.0076933917589485645,0.05373169481754303,0.009541851468384266,0.06649830937385559,0.0018688220297917724,0.01285008154809475,0.009582907776348293,0.06669052224606276,-1.532015085220337,-1.530724048614502
batch2_128_255,0,7,"(0, 7)",1,5,7.427628517150879,7.723702430725098,0.0012040069559589028,0.0012040138244628906,6.868503987789154e-09,5.70467202970297e-06,1,0,0.009541851468384266,0.06649830937385559,0.011365266516804695,0.07899501174688339,0.0018532222602516413,0.012620970606803894,0.011436130036599934,0.07931149285286665,-1.477959394454956,-1.4767553806304932
batch2_128_255,0,7,"(0, 7)",1,6,7.273562431335449,7.6026387214660645,0.001100679743103683,0.0011005401611328125,1.3958197087049484e-07,0.00012683042000649912,1,0,0.011365266516804695,0.07899501174688339,0.013162985444068909,0.09110665321350098,0.0018403558060526848,0.012292133644223213,0.013276485842652619,0.09160362649708986,-1.4147922992706299,-1.413691759109497
batch2_128_255,0,7,"(0, 7)",1,7,7.126986503601074,7.504986763000488,0.001005518133752048,0.0010055303573608398,1.2223608791828156e-08,1.2156379668049792e-05,1,0,0.013162985444068909,0.09110665321350098,0.01494279783219099,0.10295086354017258,0.001834885566495359,0.012081806547939777,0.015111371409147978,0.10368543304502964,-1.3496801853179932,-1.3486746549606323
batch2_128_255,0,7,"(0, 7)",1,8,6.978267192840576,7.411530494689941,0.0009076003334484994,0.0009076595306396484,5.919719114899635e-08,6.521959958628842e-05,1,0,0.01494279783219099,0.10295086354017258,0.016706416383385658,0.11444459855556488,0.0018334597116336226,0.011792972683906555,0.0169448311207816,0.1154784057289362,-1.2820663452148438,-1.281158685684204
batch2_128_255,0,7,"(0, 7)",1,9,6.843603134155273,7.314339637756348,0.0008191473898477852,0.000819087028503418,6.03613443672657e-08,7.369344436763207e-05,1,0,0.016706416383385658,0.11444459855556488,0.018458381295204163,0.12560401856899261,0.0018362525152042508,0.011548192240297794,0.01878108363598585,0.127026597969234,-1.223931908607483,-1.2231128215789795
batch2_128_255,0,7,"(0, 7)",1,10,6.70668363571167,7.217263698577881,0.0007351916283369064,0.0007350444793701172,1.471489667892456e-07,0.00020019056114174504,1,0,0.018458381295204163,0.12560401856899261,0.020201144739985466,0.13640306890010834,0.0018416671082377434,0.011266494169831276,0.020622750744223595,0.13829309213906527,-1.169865369796753,-1.1691303253173828
batch2_128_255,0,7,"(0, 7)",1,11,6.576344966888428,7.134515762329102,0.0006522206240333617,0.0006521940231323242,2.6600901037454605e-08,4.078679057759093e-05,1,0,0.020201144739985466,0.13640306890010834,0.021934743970632553,0.14684359729290009,0.0018481456208974123,0.010994931682944298,0.022470896365121007,0.14928802382200956,-1.1278541088104248,-1.1272019147872925
batch2_128_255,0,7,"(0, 7)",1,12,6.45449686050415,7.0601654052734375,0.000590775569435209,0.0005908012390136719,2.5669578462839127e-08,4.344875529661017e-05,1,0,0.021934743970632553,0.14684359729290009,0.023666858673095703,0.1570264995098114,0.0018597180023789406,0.010813147760927677,0.024330614367499948,0.16010117158293724,-1.0957098007202148,-1.0951189994812012
batch2_128_255,0,7,"(0, 7)",1,13,6.3346452713012695,7.00106143951416,0.0005193331162445247,0.0005192756652832031,5.745096132159233e-08,0.00011063672951101929,1,0,0.023666858673095703,0.1570264995098114,0.02539820782840252,0.1669493168592453,0.0018725588452070951,0.010642853565514088,0.026203173212707043,0.17074402514845133,-1.0645638704299927,-1.0640445947647095
batch2_128_255,0,7,"(0, 7)",1,14,6.221128463745117,6.935878276824951,0.0004525447729974985,0.0004525184631347656,2.6309862732887268e-08,5.814097075869336e-05,1,0,0.02539820782840252,0.1669493168592453,0.02713022381067276,0.17663125693798065,0.0018866105237975717,0.010480114258825779,0.028089783736504614,0.1812241394072771,-1.0445530414581299,-1.0441005229949951
batch2_128_255,0,7,"(0, 7)",1,15,6.10399055480957,6.875702857971191,0.0003858418785966933,0.0003857612609863281,8.061761036515236e-08,0.00020898316787700864,1,0,0.02713022381067276,0.17663125693798065,0.0288628451526165,0.18613021075725555,0.0019008923554793,0.010380291379988194,0.029990676091983914,0.1916044307872653,-1.0330932140350342,-1.0327074527740479
batch2_128_255,0,7,"(0, 7)",1,16,5.995863914489746,6.825292110443115,0.0003261544625274837,0.0003260374069213867,1.1705560609698296e-07,0.00035902507998171847,1,0,0.0288628451526165,0.18613021075725555,0.03060116432607174,0.19542038440704346,0.0019185557030141354,0.010247576050460339,0.03190923179499805,0.20185200683772564,-1.0133963823318481,-1.0130703449249268
batch2_128_255,0,7,"(0, 7)",1,17,5.890451431274414,6.777114391326904,0.000264014262938872,0.0002639889717102051,2.529122866690159e-08,9.580411069090088e-05,1,0,0.03060116432607174,0.19542038440704346,0.032345905900001526,0.20469333231449127,0.0019347210181877017,0.010299422778189182,0.03384395281318575,0.21215142961591482,-0.9937472939491272,-0.993483304977417
batch2_128_255,0,7,"(0, 7)",1,18,5.7840895652771,6.772862911224365,0.00022451631957665086,0.0002244114875793457,1.048319973051548e-07,0.0004671418492695883,1,0,0.032345905900001526,0.20469333231449127,0.03410055488348007,0.21387000381946564,0.001953322673216462,0.01024661771953106,0.035797275486402214,0.22239804733544588,-0.9960959553718567,-0.9958715438842773
batch2_128_255,0,7,"(0, 7)",1,19,5.674158573150635,6.753134727478027,0.00017815119645092636,0.0001780986785888672,5.251786205917597e-08,0.00029488069465361444,1,0,0.03410055488348007,0.21387000381946564,0.03586184233427048,0.22293442487716675,0.0019698799587786198,0.010198238305747509,0.03776715544518083,0.2325962856411934,-0.9972221851348877,-0.9970440864562988
batch2_128_255,0,7,"(0, 7)",1,20,5.565640926361084,6.740035057067871,0.00013060342462267727,0.00013059377670288086,9.647919796407223e-09,7.387733198311274e-05,1,0,0.03586184233427048,0.22293442487716675,0.037630144506692886,0.23181965947151184,0.0019876540172845125,0.01006503589451313,0.039754809462465346,0.24266132153570652,-0.9940407872200012,-0.9939101934432983
batch2_128_255,0,7,"(0, 7)",1,21,5.4581146240234375,6.726686477661133,7.518559868913144e-05,7.516145706176758e-05,2.4141627363860607e-08,0.00032119690473830293,1,0,0.037630144506692886,0.23181965947151184,0.039401669055223465,0.24051988124847412,0.0020013756584376097,0.009936622343957424,0.041756185120902956,0.25259794387966394,-0.9915300607681274,-0.9914548993110657
batch2_128_255,0,7,"(0, 7)",1,22,5.354933261871338,6.717844486236572,3.167689646943472e-05,3.165006637573242e-05,2.6830093702301383e-08,0.0008477105034722222,1,0,0.039401669055223465,0.24051988124847412,0.04117773845791817,0.2490442842245102,0.002013781573623419,0.009795554913580418,0.043769966694526374,0.26239349879324436,-0.9990543723106384,-0.9990227222442627
batch2_128_255,0,7,"(0, 7)",1,23,5.254729270935059,6.72357702255249,2.144948666682467e-06,2.1457672119140625e-06,8.185452315956354e-10,0.0003814697265625,1,0,0.04117773845791817,0.2490442842245102,0.04295943304896355,0.2574687600135803,0.0020235131960362196,0.009695534594357014,0.045793479890562594,0.2720890333876014,-1.0051658153533936,-1.0051636695861816
batch2_128_255,0,7,"(0, 7)",1,24,5.162286758422852,6.7353034019470215,-3.329833270981908e-05,-3.337860107421875e-05,8.026836439967155e-08,0.00240478515625,0,1,0.04295943304896355,0.2574687600135803,0.04474664852023125,0.2657989263534546,0.002034978475421667,0.009623557329177856,0.04782845836598426,0.28171259071677923,-1.0117497444152832,-1.0117831230163574
batch2_128_255,0,7,"(0, 7)",1,25,5.064040184020996,6.740423679351807,-6.010221841279417e-05,-6.008148193359375e-05,2.0736479200422764e-08,0.0003451392764136905,0,1,0.04474664852023125,0.2657989263534546,0.04653462395071983,0.2740100622177124,0.0020377698820084333,0.009508028626441956,0.049866228247992694,0.2912206193432212,-1.0150285959243774,-1.015088677406311
batch2_128_255,0,7,"(0, 7)",1,26,4.975116729736328,6.76250696182251,-8.177526615327224e-05,-8.189678192138672e-05,1.215157681144774e-07,0.001483767313728166,0,1,0.04653462395071983,0.2740100622177124,0.048323120921850204,0.28207290172576904,0.002038494450971484,0.009340879507362843,0.05190472269896418,0.30056149885058403,-1.0282148122787476,-1.028296709060669
batch2_128_255,0,7,"(0, 7)",1,27,4.887357711791992,6.791828632354736,-9.40191894187592e-05,-9.40561294555664e-05,3.6940036807209253e-08,0.0003927445985820659,0,1,0.048323120921850204,0.28207290172576904,0.05011029168963432,0.2900094985961914,0.0020357549656182528,0.009198001585900784,0.05394047766458243,0.3097595004364848,-1.0395839214324951,-1.0396779775619507
batch2_128_255,0,7,"(0, 7)",1,28,4.8001203536987305,6.812021732330322,-0.00012327273725531995,-0.0001232624053955078,1.0331859812140465e-08,8.382004049806576e-05,0,1,0.05011029168963432,0.2900094985961914,0.05189422518014908,0.29776257276535034,0.002034334698691964,0.009059459902346134,0.055974812363274395,0.31881896033883095,-1.05397629737854,-1.0540995597839355
batch2_128_255,0,7,"(0, 7)",1,29,4.720511436462402,6.8492608070373535,-0.00013166909047868103,-0.00013172626495361328,5.717447493225336e-08,0.0004340400523190045,0,1,0.05189422518014908,0.29776257276535034,0.05367179214954376,0.30539488792419434,0.002024793764576316,0.008923348970711231,0.05799960612785071,0.3277423093095422,-1.058993935585022,-1.0591256618499756
batch2_128_255,0,7,"(0, 7)",1,30,4.641491889953613,6.8906450271606445,-0.00013512259465642273,-0.00013506412506103516,5.846959538757801e-08,0.0004329024851059135,0,1,0.05367179214954376,0.30539488792419434,0.05544111877679825,0.312948614358902,0.002012995071709156,0.008817078545689583,0.06001260119955987,0.33655938785523176,-1.069667935371399,-1.06980299949646
batch2_128_255,0,7,"(0, 7)",1,31,4.562958240509033,6.918997764587402,-0.00013042616774328053,-0.00013053417205810547,1.0800431482493877e-07,0.0008274026113013699,0,1,0.05544111877679825,0.312948614358902,0.05719787999987602,0.3203905522823334,0.0019968748092651367,0.008684230968356133,0.062009476008825004,0.3452436188235879,-1.077994704246521,-1.078125238418579
batch2_128_255,0,7,"(0, 7)",1,32,4.484381198883057,6.966935634613037,-0.00012834231893066317,-0.00012826919555664062,7.312337402254343e-08,0.0005700774352346655,0,1,0.05719787999987602,0.3203905522823334,0.0589400939643383,0.3277309834957123,0.0019775829277932644,0.008559445850551128,0.06398705893661827,0.353803064674139,-1.0905356407165527,-1.0906639099121094
batch2_128_255,0,7,"(0, 7)",1,33,4.411037921905518,7.018146991729736,-0.0001237567194039002,-0.00012385845184326172,1.0173243936151266e-07,0.0008213604953681425,0,1,0.0589400939643383,0.3277309834957123,0.06066569313406944,0.3349630534648895,0.0019563809037208557,0.008430307731032372,0.06594343984033912,0.3622333724051714,-1.100108027458191,-1.1002318859100342
batch2_128_255,0,7,"(0, 7)",1,34,4.339855670928955,7.076292514801025,-0.00010911671415669844,-0.00010895729064941406,1.5942350728437304e-07,0.0014631742982426149,0,1,0.06066569313406944,0.3349630534648895,0.06237344816327095,0.3421081602573395,0.0019326374167576432,0.00831071101129055,0.06787607725709677,0.37054408341646194,-1.103926658630371,-1.1040356159210205
batch2_128_255,0,7,"(0, 7)",1,35,4.26912784576416,7.1247429847717285,-9.912905807141215e-05,-9.918212890625e-05,5.307083483785391e-08,0.0005350846510667067,0,1,0.06237344816327095,0.3421081602573395,0.06405987590551376,0.3491724133491516,0.0019056862220168114,0.008193663321435452,0.06978176347911358,0.3787377467378974,-1.1152234077453613,-1.1153225898742676
batch2_128_255,0,7,"(0, 7)",1,36,4.200138568878174,7.187496662139893,-9.01583771337755e-05,-9.012222290039062e-05,3.6154233384877443e-08,0.00040116890397652117,0,1,0.06405987590551376,0.3491724133491516,0.06572143733501434,0.35614174604415894,0.0018753685289993882,0.008073084987699986,0.07165713200811297,0.3868108317255974,-1.122908353805542,-1.1229984760284424
batch2_128_255,0,7,"(0, 7)",1,37,4.134160995483398,7.241610527038574,-8.114198135444894e-05,-8.118152618408203e-05,3.954482963308692e-08,0.0004871161148586637,0,1,0.06572143733501434,0.35614174604415894,0.06735742092132568,0.36298641562461853,0.001844156184233725,0.00792260654270649,0.07350128819234669,0.39473343826830387,-1.1260603666305542,-1.1261415481567383
batch2_128_255,0,7,"(0, 7)",1,38,4.071036338806152,7.29563045501709,-7.09129380993545e-05,-7.092952728271484e-05,1.658918336033821e-08,0.0002338826155462185,0,1,0.06735742092132568,0.36298641562461853,0.06896664202213287,0.36970946192741394,0.0018118437146767974,0.007769245654344559,0.07531313190702349,0.40250268392264843,-1.132834792137146,-1.1329057216644287
batch2_128_255,0,7,"(0, 7)",1,39,4.009985446929932,7.356417655944824,-6.289527664193884e-05,-6.29425048828125e-05,4.722824087366462e-08,0.0007503393924597538,0,1,0.06896664202213287,0.36970946192741394,0.07054786384105682,0.37630340456962585,0.0017786569660529494,0.0076162745244801044,0.07709178887307644,0.41011895844712853,-1.1351408958435059,-1.1352038383483887
batch2_128_255,1,2,"(1, 2)",0,0,8.396573066711426,8.433267593383789,0.0014207696076482534,0.0014203786849975586,3.909226506948471e-07,0.0002752242446496013,1,0,0.0,0.0,0.0018793821800500154,0.015303310938179493,0.0018793821800500154,0.015303310938179493,0.0018793821800500154,0.015303310938179493,-1.5555058717727661,-1.5540854930877686
batch2_128_255,1,2,"(1, 2)",0,1,8.163039207458496,8.248305320739746,0.0012862037401646376,0.0012860298156738281,1.739244908094406e-07,0.0001352414140711902,1,0,0.0018793821800500154,0.015303310938179493,0.003707427531480789,0.03046022728085518,0.0018311168532818556,0.015171971172094345,0.003710499033331871,0.030475282110273838,-1.4788312911987305,-1.4775452613830566
batch2_128_255,1,2,"(1, 2)",0,2,7.937443256378174,8.078803062438965,0.0011768483091145754,0.0011767148971557617,1.334119588136673e-07,0.0001133766209097356,1,0,0.003707427531480789,0.03046022728085518,0.0054826755076646805,0.045324862003326416,0.0017849314026534557,0.01490855310112238,0.005495430435985327,0.04538383521139622,-1.4214982986450195,-1.4203215837478638
batch2_128_255,1,2,"(1, 2)",0,3,7.725213527679443,7.92749547958374,0.0010811681859195232,0.0010809898376464844,1.7834827303886414e-07,0.00016498607741508603,1,0,0.0054826755076646805,0.045324862003326416,0.007214767392724752,0.05994134396314621,0.0017505917930975556,0.014708406291902065,0.007246022229082882,0.06009224150329828,-1.3591885566711426,-1.358107566833496
batch2_128_255,1,2,"(1, 2)",0,4,7.512082099914551,7.78580379486084,0.0010061573702841997,0.001006007194519043,1.501757651567459e-07,0.00014927901706363313,1,0,0.007214767392724752,0.05994134396314621,0.00890491995960474,0.07421382516622543,0.0017208493081852794,0.014418570324778557,0.008966871537268162,0.07451081182807684,-1.3175913095474243,-1.3165853023529053
batch2_128_255,1,2,"(1, 2)",0,5,7.308414459228516,7.657759666442871,0.0009385528392158449,0.0009386539459228516,1.0110670700669289e-07,0.00010771457089789179,1,0,0.00890491995960474,0.07421382516622543,0.010559160262346268,0.08814740926027298,0.0016994737088680267,0.014139149338006973,0.010666345246136189,0.08864996116608381,-1.2734920978546143,-1.2725534439086914
batch2_128_255,1,2,"(1, 2)",0,6,7.107757568359375,7.521368026733398,0.0008707843371666968,0.0008707046508789062,7.968628779053688e-08,9.151930876916759e-05,1,0,0.010559160262346268,0.08814740926027298,0.012179887853562832,0.1016463190317154,0.0016841170145198703,0.013773470185697079,0.012350462260656059,0.10242343135178089,-1.2304255962371826,-1.2295548915863037
batch2_128_255,1,2,"(1, 2)",0,7,6.9231276512146,7.39557409286499,0.0008009053417481482,0.0008008480072021484,5.7334545999765396e-08,7.15922940235189e-05,1,0,0.012179887853562832,0.1016463190317154,0.01377011463046074,0.11474218219518661,0.0016737636178731918,0.013456528075039387,0.01402422587852925,0.11587995942682028,-1.1874669790267944,-1.1866661310195923
batch2_128_255,1,2,"(1, 2)",0,8,6.733083248138428,7.2815375328063965,0.0007420372567139566,0.0007420778274536133,4.057073965668678e-08,5.467181224899599e-05,1,0,0.01377011463046074,0.11474218219518661,0.01533572655171156,0.12729457020759583,0.001669846591539681,0.01299130916595459,0.01569407247006893,0.12887126859277487,-1.1574755907058716,-1.156733512878418
batch2_128_255,1,2,"(1, 2)",0,9,6.569977283477783,7.209024429321289,0.0006935957935638726,0.0006935596466064453,3.614695742726326e-08,5.21180227311791e-05,1,0,0.01533572655171156,0.12729457020759583,0.016887884587049484,0.13929273188114166,0.0016752280062064528,0.012520179152488708,0.017369300476275384,0.14139144774526358,-1.1445951461791992,-1.1439015865325928
batch2_128_255,1,2,"(1, 2)",0,10,6.412761688232422,7.141080379486084,0.0006311999750323594,0.0006310939788818359,1.0599615052342415e-07,0.00016795620631847376,1,0,0.016887884587049484,0.13929273188114166,0.018430111929774284,0.150729238986969,0.0016851761611178517,0.012048345990478992,0.019054476637393236,0.15343979373574257,-1.1263222694396973,-1.1256911754608154
batch2_128_255,1,2,"(1, 2)",0,11,6.264233589172363,7.070698261260986,0.0005675398278981447,0.0005675554275512695,1.5599653124809265e-08,2.7485691031295945e-05,1,0,0.018430111929774284,0.150729238986969,0.019965460523962975,0.1615886688232422,0.0016964464448392391,0.011572462506592274,0.020750923082232475,0.16501225624233484,-1.1061127185821533,-1.105545163154602
batch2_128_255,1,2,"(1, 2)",0,12,6.133978843688965,7.024051666259766,0.0005200466839596629,0.0005199909210205078,5.5762939155101776e-08,0.00010723829378725355,1,0,0.019965460523962975,0.1615886688232422,0.021504197269678116,0.17196927964687347,0.0017126681050285697,0.01119119580835104,0.022463591187261045,0.17620345205068588,-1.1062486171722412,-1.1057286262512207
batch2_128_255,1,2,"(1, 2)",0,13,6.010862350463867,6.967122554779053,0.0004625587025657296,0.00046253204345703125,2.6659108698368073e-08,5.763732280927835e-05,1,0,0.021504197269678116,0.17196927964687347,0.023047437891364098,0.18195343017578125,0.0017291862750425935,0.01090116798877716,0.02419277746230364,0.18710462003946304,-1.099155068397522,-1.098692536354065
batch2_128_255,1,2,"(1, 2)",0,14,5.892254829406738,6.930423736572266,0.0004193681525066495,0.00041937828063964844,1.0128132998943329e-08,2.415035176236498e-05,1,0,0.023047437891364098,0.18195343017578125,0.02460106462240219,0.19162969291210175,0.0017477836227044463,0.010684071108698845,0.025940561085008085,0.1977886911481619,-1.1003295183181763,-1.0999101400375366
batch2_128_255,1,2,"(1, 2)",0,15,5.777280330657959,6.902804851531982,0.0003779347171075642,0.00037789344787597656,4.126923158764839e-08,0.00010920864550473186,1,0,0.02460106462240219,0.19162969291210175,0.02616616152226925,0.20106448233127594,0.0017651357920840383,0.010511957108974457,0.027705696877092123,0.20830064825713634,-1.1044352054595947,-1.1040573120117188
batch2_128_255,1,2,"(1, 2)",0,16,5.667209625244141,6.875645637512207,0.0003410385688766837,0.00034105777740478516,1.9208528101444244e-08,5.632045176511709e-05,1,0,0.02616616152226925,0.20106448233127594,0.02774268388748169,0.21034923195838928,0.0017802532529458404,0.010426318272948265,0.029485950130037963,0.2187269665300846,-1.1053985357284546,-1.1050574779510498
batch2_128_255,1,2,"(1, 2)",0,17,5.566338062286377,6.860313892364502,0.0003028566425200552,0.00030291080474853516,5.416222847998142e-08,0.00017880586506296734,1,0,0.02774268388748169,0.21034923195838928,0.029331723228096962,0.21945801377296448,0.0017986639868468046,0.010318626649677753,0.03128461411688477,0.22904559317976236,-1.1103862524032593,-1.1100833415985107
batch2_128_255,1,2,"(1, 2)",0,18,5.456203460693359,6.83532190322876,0.0002741278149187565,0.0002740621566772461,6.565824151039124e-08,0.00023957427142235754,1,0,0.029331723228096962,0.21945801377296448,0.03093225695192814,0.22842730581760406,0.0018110761884599924,0.010205958969891071,0.03309569030534476,0.23925155214965343,-1.1051197052001953,-1.104845643043518
batch2_128_255,1,2,"(1, 2)",0,19,5.352538108825684,6.797616958618164,0.00024440878769382834,0.00024437904357910156,2.9744114726781845e-08,0.00012171303353658537,1,0,0.03093225695192814,0.22842730581760406,0.03254164382815361,0.23728173971176147,0.0018200299236923456,0.010106397792696953,0.034915720229037106,0.2493579499423504,-1.1055843830108643,-1.1053400039672852
batch2_128_255,1,2,"(1, 2)",0,20,5.251370429992676,6.802534103393555,0.00023925935965962708,0.00023925304412841797,6.315531209111214e-09,2.6396868771798705e-05,1,0,0.03254164382815361,0.23728173971176147,0.03416082635521889,0.24607709050178528,0.0018275773618370295,0.010039463639259338,0.036743297590874135,0.2593974135816097,-1.1097592115402222,-1.1095199584960938
batch2_128_255,1,2,"(1, 2)",0,21,5.1506781578063965,6.781115531921387,0.00020586285972967744,0.00020587444305419922,1.1583324521780014e-08,5.626402359583092e-05,1,0,0.03416082635521889,0.24607709050178528,0.035786982625722885,0.25476738810539246,0.001834655413404107,0.009951639920473099,0.03857795300427824,0.2693490535020828,-1.1144477128982544,-1.1142418384552002
batch2_128_255,1,2,"(1, 2)",0,22,5.054812431335449,6.749539852142334,0.000181755589437671,0.00018155574798583984,1.9984145183116198e-07,0.0011007167442957978,1,0,0.035786982625722885,0.25476738810539246,0.03741711005568504,0.2633892595767975,0.0018380464753136039,0.00988713651895523,0.040415999479591846,0.27923619002103806,-1.122126817703247,-1.1219452619552612
batch2_128_255,1,2,"(1, 2)",0,23,4.952419757843018,6.720917224884033,0.0001462456420995295,0.0001461505889892578,9.505311027169228e-08,0.0006503778803017944,1,0,0.03741711005568504,0.2633892595767975,0.03904742747545242,0.2719293534755707,0.0018377157393842936,0.009805385023355484,0.04225371521897614,0.28904157504439354,-1.1297128200531006,-1.1295666694641113
batch2_128_255,1,2,"(1, 2)",0,24,4.859720706939697,6.706854820251465,0.00010401579493191093,0.00010406970977783203,5.3914845921099186e-08,0.0005180647283075601,1,0,0.03904742747545242,0.2719293534755707,0.040680721402168274,0.28039124608039856,0.0018413570942357183,0.009748205542564392,0.04409507231321186,0.29878978058695793,-1.1435966491699219,-1.143492579460144
batch2_128_255,1,2,"(1, 2)",0,25,4.764716148376465,6.685671329498291,6.876705447211862e-05,6.866455078125e-05,1.025036908686161e-07,0.0014928181966145833,1,0,0.040680721402168274,0.28039124608039856,0.04230990633368492,0.28877314925193787,0.0018367867451161146,0.00968336220830679,0.04593185905832797,0.3084731427952647,-1.16361403465271,-1.1635453701019287
batch2_128_255,1,2,"(1, 2)",0,26,4.6705322265625,6.681083679199219,2.4202225176850334e-05,2.4199485778808594e-05,2.73939804174006e-09,0.00011320067156711823,1,0,0.04230990633368492,0.28877314925193787,0.04392986744642258,0.2969973385334015,0.0018300149822607636,0.009564761072397232,0.04776187404058874,0.31803790386766195,-1.1753709316253662,-1.1753467321395874
batch2_128_255,1,2,"(1, 2)",0,27,4.575218200683594,6.677051067352295,-1.695598075457383e-05,-1.704692840576172e-05,9.094765118788928e-08,0.005335134226125437,0,1,0.04392986744642258,0.2969973385334015,0.04553856700658798,0.3051307201385498,0.0018171124393120408,0.00947963260114193,0.04957898647990078,0.3275175364688039,-1.1939191818237305,-1.1939362287521362
batch2_128_255,1,2,"(1, 2)",0,28,4.484020233154297,6.669750690460205,-5.0157115765614435e-05,-5.030632019042969e-05,1.4920442481525242e-07,0.002965918084456457,0,1,0.04553856700658798,0.3051307201385498,0.047134675085544586,0.31317219138145447,0.0018028452759608626,0.009372713044285774,0.05138183175586164,0.33689024951308966,-1.2126750946044922,-1.2127254009246826
batch2_128_255,1,2,"(1, 2)",0,29,4.392797470092773,6.665250778198242,-6.644119275733829e-05,-6.651878356933594e-05,7.759081199765205e-08,0.0011664496527777778,0,1,0.047134675085544586,0.31317219138145447,0.048716235905885696,0.3211142420768738,0.0017857605125755072,0.00924967136234045,0.05316759226843715,0.3461399208754301,-1.2285836935043335,-1.2286502122879028
batch2_128_255,1,2,"(1, 2)",0,30,4.30844783782959,6.668529987335205,-0.00010782486060634255,-0.00010788440704345703,5.954643711447716e-08,0.0005519466505524862,0,1,0.048716235905885696,0.3211142420768738,0.05028029903769493,0.3289126455783844,0.001766679692082107,0.009084956720471382,0.054934271960519254,0.3552248775959015,-1.2484989166259766,-1.24860680103302
batch2_128_255,1,2,"(1, 2)",0,31,4.225143909454346,6.670111656188965,-0.00014995325182098895,-0.00015020370483398438,2.504530129954219e-07,0.001667422340029762,0,1,0.05028029903769493,0.3289126455783844,0.05182232707738876,0.3365272581577301,0.0017425910336896777,0.008881883695721626,0.05667686299420893,0.3641067612916231,-1.260272741317749,-1.260422945022583
batch2_128_255,1,2,"(1, 2)",0,32,4.148976802825928,6.655983924865723,-0.00018033254309557378,-0.00018036365509033203,3.111199475824833e-08,0.0001724959207699934,0,1,0.05182232707738876,0.3365272581577301,0.05334233492612839,0.34395405650138855,0.0017175714019685984,0.008657097816467285,0.05839443439617753,0.3727638591080904,-1.2683095932006836,-1.268489956855774
batch2_128_255,1,2,"(1, 2)",0,33,4.074486255645752,6.64580774307251,-0.0002285354712512344,-0.00022864341735839844,1.0794610716402531e-07,0.0004721155256126173,0,1,0.05334233492612839,0.34395405650138855,0.05483700707554817,0.35116714239120483,0.0016899403417482972,0.008426116779446602,0.06008437473792583,0.381189975887537,-1.2830820083618164,-1.2833106517791748
batch2_128_255,1,2,"(1, 2)",0,34,4.006581783294678,6.631945610046387,-0.00026773280114866793,-0.00026798248291015625,2.4968176148831844e-07,0.000931709262399911,0,1,0.05483700707554817,0.35116714239120483,0.05630582571029663,0.35817304253578186,0.001661113346926868,0.008201995864510536,0.061745488084852695,0.38939197175204754,-1.2987494468688965,-1.2990174293518066
batch2_128_255,1,2,"(1, 2)",0,35,3.9416868686676025,6.612334251403809,-0.00030863008578307927,-0.00030863285064697266,2.764863893389702e-09,8.958423860563924e-06,0,1,0.05630582571029663,0.35817304253578186,0.05774599686264992,0.36498767137527466,0.0016291055362671614,0.007990450598299503,0.06337459362111986,0.39738242235034704,-1.3111541271209717,-1.3114627599716187
batch2_128_255,1,2,"(1, 2)",0,36,3.8793442249298096,6.5953288078308105,-0.00035703732282854617,-0.0003571510314941406,1.1370866559445858e-07,0.0003183769765937917,0,1,0.05774599686264992,0.36498767137527466,0.059158142656087875,0.37159574031829834,0.0015978076262399554,0.007779015228152275,0.06497240124735981,0.4051614375784993,-1.3295902013778687,-1.3299473524093628
batch2_128_255,1,2,"(1, 2)",0,37,3.818838119506836,6.575323104858398,-0.0004024371737614274,-0.0004024505615234375,1.3387762010097504e-08,3.326560648696682e-05,0,1,0.059158142656087875,0.37159574031829834,0.06054026260972023,0.3779837191104889,0.0015648718690499663,0.007546319160610437,0.06653727311640978,0.41270775673910975,-1.3423306941986084,-1.3427331447601318
batch2_128_255,1,2,"(1, 2)",0,38,3.7629590034484863,6.548253536224365,-0.00044744592742063105,-0.0004476308822631836,1.8495484255254269e-07,0.0004131860644141145,0,1,0.06054026260972023,0.3779837191104889,0.061892349272966385,0.38415634632110596,0.001531198970042169,0.007314675487577915,0.06806847208645195,0.42002243222668767,-1.3551907539367676,-1.3556383848190308
batch2_128_255,1,2,"(1, 2)",0,39,3.711336135864258,6.533617973327637,-0.0004892201395705342,-0.000489354133605957,1.3399403542280197e-07,0.00027381813337393424,0,1,0.061892349272966385,0.38415634632110596,0.06321537494659424,0.3901383876800537,0.001497749937698245,0.0071060629561543465,0.06956622202415019,0.427128495182842,-1.372855305671692,-1.3733446598052979
batch2_128_255,1,3,"(1, 3)",0,0,8.24424934387207,8.433267593383789,0.0011355893220752478,0.0011355876922607422,1.6298145055770874e-09,1.4352167751417173e-06,1,0,0.0,0.0,0.0018340008100494742,0.014018877409398556,0.0018340008100494742,0.014018877409398556,0.0018340008100494742,0.014018877409398556,-1.2058565616607666,-1.2047209739685059
batch2_128_255,1,3,"(1, 3)",0,1,8.048933029174805,8.285621643066406,0.0010144866537302732,0.0010142326354980469,2.5401823222637177e-07,0.000250453617183827,1,0,0.0018340008100494742,0.014018877409398556,0.0036220948677510023,0.02764469012618065,0.0017909769667312503,0.013639245182275772,0.0036249777767807245,0.027658122591674328,-1.1547813415527344,-1.1537671089172363
batch2_128_255,1,3,"(1, 3)",0,2,7.868474006652832,8.13774299621582,0.0009262524545192719,0.0009261369705200195,1.1548399925231934e-07,0.0001246942978504312,1,0,0.0036220948677510023,0.02764469012618065,0.005372898653149605,0.040902938693761826,0.0017585820751264691,0.013296171091496944,0.005383559851907194,0.04095429368317127,-1.115715503692627,-1.114789366722107
batch2_128_255,1,3,"(1, 3)",0,3,7.693788528442383,8.0027494430542,0.0008507899474352598,0.0008507966995239258,6.752088665962219e-09,7.936195180047639e-06,1,0,0.005372898653149605,0.040902938693761826,0.00708793057128787,0.05383610725402832,0.0017297739395871758,0.013004286214709282,0.0071133337914943695,0.053958579897880554,-1.0868180990219116,-1.0859673023223877
batch2_128_255,1,3,"(1, 3)",0,4,7.528290748596191,7.8807525634765625,0.000788038712926209,0.0007879734039306641,6.530899554491043e-08,8.288223335854765e-05,1,0,0.00708793057128787,0.05383610725402832,0.008774830959737301,0.06654196232557297,0.001710012904368341,0.012830382212996483,0.00882334669586271,0.06678896211087704,-1.0635133981704712,-1.0627254247665405
batch2_128_255,1,3,"(1, 3)",0,5,7.367902755737305,7.794410228729248,0.000740154180675745,0.00074005126953125,1.0291114449501038e-07,0.00013905947970360824,1,0,0.008774830959737301,0.06654196232557297,0.010436314158141613,0.07898806780576706,0.0016945360694080591,0.012618628330528736,0.01051788276527077,0.07940759044140577,-1.052774429321289,-1.0520343780517578
batch2_128_255,1,3,"(1, 3)",0,6,7.209196090698242,7.685969352722168,0.0007037279428914189,0.0007036924362182617,3.550667315721512e-08,5.045765924106387e-05,1,0,0.010436314158141613,0.07898806780576706,0.01207518856972456,0.09119004011154175,0.001683456590399146,0.012447070330381393,0.012201339355669916,0.09185466077178717,-1.0520703792572021,-1.0513666868209839
batch2_128_255,1,3,"(1, 3)",0,7,7.055388927459717,7.588841915130615,0.000661770231090486,0.0006617307662963867,3.94647940993309e-08,5.963874752296883e-05,1,0,0.01207518856972456,0.09119004011154175,0.013698280788958073,0.10314341634511948,0.001679775188677013,0.012262487784028053,0.013881114544346929,0.10411714855581522,-1.039894461631775,-1.0392327308654785
batch2_128_255,1,3,"(1, 3)",0,8,6.911747455596924,7.506476879119873,0.0006243609823286533,0.0006241798400878906,1.8114224076271057e-07,0.0002902084129106188,1,0,0.013698280788958073,0.10314341634511948,0.015310054644942284,0.1148892343044281,0.0016814320115372539,0.012118928134441376,0.015562546555884182,0.1162360766902566,-1.0349411964416504,-1.0343170166015625
batch2_128_255,1,3,"(1, 3)",0,9,6.764548301696777,7.414349555969238,0.0005925224395468831,0.0005925893783569336,6.693881005048752e-08,0.00011295985465701066,1,0,0.015310054644942284,0.1148892343044281,0.016912739723920822,0.1263868510723114,0.0016865654615685344,0.011928439140319824,0.017249112017452717,0.12816451583057642,-1.0455280542373657,-1.0449354648590088
batch2_128_255,1,3,"(1, 3)",0,10,6.621218204498291,7.323395729064941,0.0005597335984930396,0.000559687614440918,4.598405212163925e-08,8.216021033013845e-05,1,0,0.016912739723920822,0.1263868510723114,0.018507812172174454,0.13760817050933838,0.0016935861203819513,0.011708143167197704,0.018942698137834668,0.13987265899777412,-1.0507428646087646,-1.0501831769943237
batch2_128_255,1,3,"(1, 3)",0,11,6.481049537658691,7.264010429382324,0.0005304706864990294,0.0005303621292114258,1.0855728760361671e-07,0.00020468521718363677,1,0,0.018507812172174454,0.13760817050933838,0.020099442452192307,0.14861354231834412,0.0017026078421622515,0.011533943004906178,0.02064530597999692,0.1514066020026803,-1.0559293031692505,-1.055398941040039
batch2_128_255,1,3,"(1, 3)",0,12,6.346559524536133,7.180394172668457,0.0004931933362968266,0.0004932880401611328,9.470386430621147e-08,0.00019198491874093765,1,0,0.020099442452192307,0.14861354231834412,0.021687321364879608,0.15929093956947327,0.0017129313200712204,0.01125645823776722,0.02235823730006814,0.16266306024044752,-1.0666570663452148,-1.0661637783050537
batch2_128_255,1,3,"(1, 3)",0,13,6.2260661125183105,7.081798553466797,0.0004498671623878181,0.00044989585876464844,2.8696376830339432e-08,6.378448761261261e-05,1,0,0.021687321364879608,0.15929093956947327,0.023276515305042267,0.16968275606632233,0.0017280763713642955,0.011024441570043564,0.024086313671432436,0.17368750181049109,-1.0724256038665771,-1.0719757080078125
batch2_128_255,1,3,"(1, 3)",0,14,6.102904796600342,7.029336929321289,0.0004193914355710149,0.00041937828063964844,1.3154931366443634e-08,3.136769826606026e-05,1,0,0.023276515305042267,0.16968275606632233,0.024868538603186607,0.17991968989372253,0.001742740860208869,0.010930409654974937,0.025829054531641304,0.18461791146546602,-1.07871675491333,-1.0782973766326904
batch2_128_255,1,3,"(1, 3)",0,15,5.982377529144287,6.97570276260376,0.00038618186954408884,0.00038611888885498047,6.298068910837173e-08,0.00016311216810744057,1,0,0.024868538603186607,0.17991968989372253,0.026465481147170067,0.18997372686862946,0.0017598757985979319,0.010793509893119335,0.027588930330239236,0.19541142135858536,-1.0805195569992065,-1.0801334381103516
batch2_128_255,1,3,"(1, 3)",0,16,5.8651227951049805,6.924993515014648,0.0003626340185292065,0.0003625154495239258,1.1856900528073311e-07,0.0003270729714731996,1,0,0.026465481147170067,0.18997372686862946,0.02806372009217739,0.19980013370513916,0.0017741902265697718,0.010628273710608482,0.029363120556809008,0.20603969506919384,-1.0920615196228027,-1.0916990041732788
batch2_128_255,1,3,"(1, 3)",0,17,5.745400905609131,6.874966621398926,0.00032696922426111996,0.0003268718719482422,9.735231287777424e-08,0.0002978301935175055,1,0,0.02806372009217739,0.19980013370513916,0.02966458722949028,0.20952242612838745,0.0017868460854515433,0.010558588430285454,0.03114996664226055,0.2165982834994793,-1.0926700830459595,-1.0923432111740112
batch2_128_255,1,3,"(1, 3)",0,18,5.632915019989014,6.839869022369385,0.0002990996581502259,0.00029921531677246094,1.1565862223505974e-07,0.0003865397783864542,1,0,0.02966458722949028,0.20952242612838745,0.03127025440335274,0.21916931867599487,0.0018007754115387797,0.010517762042582035,0.03295074205379933,0.22711604554206133,-1.105151653289795,-1.1048524379730225
batch2_128_255,1,3,"(1, 3)",0,19,5.527327537536621,6.800843715667725,0.00026583849103190005,0.0002658367156982422,1.775333657860756e-09,6.67828615470852e-06,1,0,0.03127025440335274,0.21916931867599487,0.03288007155060768,0.22875307500362396,0.0018145020585507154,0.010495247319340706,0.03476524411235005,0.23761129286140203,-1.1159815788269043,-1.115715742111206
batch2_128_255,1,3,"(1, 3)",0,20,5.414532661437988,6.772037506103516,0.0002436604700051248,0.00024366378784179688,3.3178366720676422e-09,1.361645364481409e-05,1,0,0.03288007155060768,0.22875307500362396,0.03449256345629692,0.23821629583835602,0.0018247559200972319,0.010420956648886204,0.03659000003244728,0.24803224951028824,-1.1313767433166504,-1.1311330795288086
batch2_128_255,1,3,"(1, 3)",0,21,5.300205230712891,6.748138904571533,0.0002201879397034645,0.0002200603485107422,1.2759119272232056e-07,0.0005798009209100758,1,0,0.03449256345629692,0.23821629583835602,0.03610784932971001,0.24755331873893738,0.0018353431951254606,0.010327145457267761,0.03842534322757274,0.258359394967556,-1.1506562232971191,-1.1504361629486084
batch2_128_255,1,3,"(1, 3)",0,22,5.19180965423584,6.714264869689941,0.00019648067245725542,0.0001964569091796875,2.376327756792307e-08,0.00012095923562651699,1,0,0.03610784932971001,0.24755331873893738,0.03772494196891785,0.25677528977394104,0.0018424177542328835,0.010245834477245808,0.04026776098180562,0.2686052294448018,-1.1632614135742188,-1.163064956665039
batch2_128_255,1,3,"(1, 3)",0,23,5.083904266357422,6.689315319061279,0.0001596234505996108,0.0001595020294189453,1.21421180665493e-07,0.00076125163490284,1,0,0.03772494196891785,0.25677528977394104,0.03934114798903465,0.2658592462539673,0.001846719067543745,0.01012853067368269,0.04211448004934937,0.2787337601184845,-1.1797940731048584,-1.1796345710754395
batch2_128_255,1,3,"(1, 3)",0,24,4.977151870727539,6.665981769561768,0.00012933315883856267,0.00012934207916259766,8.92032403498888e-09,6.896691388248847e-05,1,0,0.03934114798903465,0.2658592462539673,0.04095597565174103,0.2748083770275116,0.0018499302677810192,0.010009463876485825,0.04396441031713039,0.2887432239949703,-1.2000468969345093,-1.1999175548553467
batch2_128_255,1,3,"(1, 3)",0,25,4.875266075134277,6.668020725250244,0.00010490141721675172,0.00010478496551513672,1.1645170161500573e-07,0.001111339790422355,1,0,0.04095597565174103,0.2748083770275116,0.04256674274802208,0.2836367189884186,0.0018487306078895926,0.009899876080453396,0.04581314092501998,0.2986431000754237,-1.214823842048645,-1.2147190570831299
batch2_128_255,1,3,"(1, 3)",0,26,4.775765419006348,6.6513495445251465,6.618944462388754e-05,6.61611557006836e-05,2.828892320394516e-08,0.00042757601351351354,1,0,0.04256674274802208,0.2836367189884186,0.04417227953672409,0.29232820868492126,0.0018463555024936795,0.0097754942253232,0.04765949642751366,0.3084185943007469,-1.2309011220932007,-1.2308349609375
batch2_128_255,1,3,"(1, 3)",0,27,4.676939487457275,6.627926826477051,1.2282669558771886e-05,1.2159347534179688e-05,1.2332202459219843e-07,0.010142158059512867,1,0,0.04417227953672409,0.29232820868492126,0.04576776176691055,0.3008759021759033,0.0018395516090095043,0.009645248763263226,0.04949904803652316,0.31806384306401014,-1.2534942626953125,-1.2534821033477783
batch2_128_255,1,3,"(1, 3)",0,28,4.579952239990234,6.636357307434082,-1.0324321010557469e-05,-1.049041748046875e-05,1.6609646991128102e-07,0.015833161093971947,0,1,0.04576776176691055,0.3008759021759033,0.047351352870464325,0.3092634081840515,0.0018273338209837675,0.00949250627309084,0.05132638185750693,0.327556349337101,-1.2775611877441406,-1.277571678161621
batch2_128_255,1,3,"(1, 3)",0,29,4.487947940826416,6.636377334594727,-4.780560630024411e-05,-4.792213439941406e-05,1.1652809916995466e-07,0.00243161329582556,0,1,0.047351352870464325,0.3092634081840515,0.04892002418637276,0.3174840211868286,0.00181209621950984,0.00933097954839468,0.05313847807701677,0.33688732888549566,-1.2965434789657593,-1.2965914011001587
batch2_128_255,1,3,"(1, 3)",0,30,4.398814678192139,6.645688056945801,-8.330299169756472e-05,-8.344650268554688e-05,1.435109879821539e-07,0.0017197963169642858,0,1,0.04892002418637276,0.3174840211868286,0.050472699105739594,0.3255290985107422,0.0017939950339496136,0.009150296449661255,0.054932473110966384,0.3460376253351569,-1.3188135623931885,-1.318897008895874
batch2_128_255,1,3,"(1, 3)",0,31,4.313028335571289,6.645668983459473,-0.00011255029676249251,-0.00011277198791503906,2.216911525465548e-07,0.0019658352809526955,0,1,0.050472699105739594,0.3255290985107422,0.05200665071606636,0.33337709307670593,0.0017719690222293139,0.008948240429162979,0.0567044421331957,0.3549858657643199,-1.3444955348968506,-1.3446083068847656
batch2_128_255,1,3,"(1, 3)",0,32,4.233196258544922,6.6551642417907715,-0.0001395221333950758,-0.00013959407806396484,7.194466888904572e-08,0.0005153848206660974,0,1,0.05200665071606636,0.33337709307670593,0.05352240800857544,0.34105968475341797,0.0017500737449154258,0.008773251436650753,0.058454515878111124,0.36375911720097065,-1.370705246925354,-1.370844841003418
batch2_128_255,1,3,"(1, 3)",0,33,4.155767440795898,6.660275936126709,-0.00015546639042440802,-0.0001556873321533203,2.209417289122939e-07,0.0014191374844467841,0,1,0.05352240800857544,0.34105968475341797,0.055015500634908676,0.3485652208328247,0.0017222017049789429,0.008577619679272175,0.06017671758309007,0.3723367368802428,-1.3920964002609253,-1.3922520875930786
batch2_128_255,1,3,"(1, 3)",0,34,4.082793235778809,6.6708879470825195,-0.00018986014765687287,-0.0001901388168334961,2.786691766232252e-07,0.0014656090811128526,0,1,0.055015500634908676,0.3485652208328247,0.056485116481781006,0.35588669776916504,0.0016945137176662683,0.00838646199554205,0.061871231300756335,0.3807231988757849,-1.4186689853668213,-1.4188591241836548
batch2_128_255,1,3,"(1, 3)",0,35,4.012427806854248,6.676455974578857,-0.0002256274310639128,-0.0002256631851196289,3.5754055716097355e-08,0.00015843991432250396,0,1,0.056485116481781006,0.35588669776916504,0.0579301156103611,0.36302173137664795,0.0016654086066409945,0.008187942206859589,0.06353663990739733,0.38891114108264446,-1.443280816078186,-1.4435064792633057
batch2_128_255,1,3,"(1, 3)",0,36,3.943937301635742,6.671854019165039,-0.00026488734874874353,-0.0002651214599609375,2.341112121939659e-07,0.0008830338073291367,0,1,0.0579301156103611,0.36302173137664795,0.05934885889291763,0.369949072599411,0.0016339236171916127,0.007964576594531536,0.06517056352458894,0.396875717677176,-1.4632049798965454,-1.4634701013565063
batch2_128_255,1,3,"(1, 3)",0,37,3.880809783935547,6.674478530883789,-0.0002919948601629585,-0.00029206275939941406,6.789923645555973e-08,0.00023248166454081632,0,1,0.05934885889291763,0.369949072599411,0.06074022501707077,0.3766966760158539,0.0016017045127227902,0.007769349496811628,0.06677226803731173,0.4046450671739876,-1.4785057306289673,-1.4787977933883667
batch2_128_255,1,3,"(1, 3)",0,38,3.820615291595459,6.682645320892334,-0.0003276974894106388,-0.00032770633697509766,8.847564458847046e-09,2.6998453983266644e-05,0,1,0.06074022501707077,0.3766966760158539,0.06210307031869888,0.3832685351371765,0.0015680984361097217,0.007575171999633312,0.06834036647342145,0.41222023917362094,-1.4980077743530273,-1.4983354806900024
batch2_128_255,1,3,"(1, 3)",0,39,3.7635128498077393,6.691783428192139,-0.00036176349385641515,-0.00036203861236572266,2.751185093075037e-07,0.0007599148265146526,0,1,0.06210307031869888,0.3832685351371765,0.0634368509054184,0.38965892791748047,0.0015338209923356771,0.00737497303634882,0.06987418746575713,0.41959521220996976,-1.519453525543213,-1.5198155641555786
batch2_128_255,1,4,"(1, 4)",0,0,8.321109771728516,8.433267593383789,0.0015548835508525372,0.0015544891357421875,3.9441511034965515e-07,0.00025372651457055215,1,0,0.0,0.0,0.0018413220532238483,0.014689033851027489,0.0018413220532238483,0.014689033851027489,0.0018413220532238483,0.014689033851027489,-1.6288647651672363,-1.6273102760314941
batch2_128_255,1,4,"(1, 4)",0,1,8.105317115783691,8.329046249389648,0.0012679948704317212,0.0012679100036621094,8.486676961183548e-08,6.693437970101541e-05,1,0,0.0018413220532238483,0.014689033851027489,0.003633582266047597,0.02906070463359356,0.0017960325349122286,0.014389850199222565,0.003637354588136077,0.029078884050250053,-1.4350271224975586,-1.4337592124938965
batch2_128_255,1,4,"(1, 4)",0,2,7.903532028198242,8.220046997070312,0.0010680268751457334,0.0010678768157958984,1.5005934983491898e-07,0.00014052121706854207,1,0,0.003633582266047597,0.02906070463359356,0.005382663104683161,0.04306970536708832,0.001759626204147935,0.014057266525924206,0.005396980792284012,0.04313615057617426,-1.299800157546997,-1.2987322807312012
batch2_128_255,1,4,"(1, 4)",0,3,7.711519241333008,8.13392162322998,0.0009202930377796292,0.0009202957153320312,2.6775524020195007e-09,2.9094478626943004e-06,1,0,0.005382663104683161,0.04306970536708832,0.007092723622918129,0.05687553808093071,0.0017306350637227297,0.013898064382374287,0.0071276158560067415,0.057034214958548546,-1.2041127681732178,-1.2031924724578857
batch2_128_255,1,4,"(1, 4)",0,4,7.5214080810546875,8.067591667175293,0.0007937800255604088,0.0007936954498291016,8.457573130726814e-08,0.00010655942569089816,1,0,0.007092723622918129,0.05687553808093071,0.008765988051891327,0.07031285762786865,0.0017073528142645955,0.013569659553468227,0.008834968670271337,0.07060387451201677,-1.1161785125732422,-1.115384817123413
batch2_128_255,1,4,"(1, 4)",0,5,7.331997871398926,7.989386558532715,0.0006825620657764375,0.0006824731826782227,8.888309821486473e-08,0.00013023676310043667,1,0,0.008765988051891327,0.07031285762786865,0.010404659435153008,0.08326543122529984,0.0016903767827898264,0.013143646530807018,0.010525345453061163,0.08374752104282379,-1.039067268371582,-1.0383847951889038
batch2_128_255,1,4,"(1, 4)",0,6,7.160683631896973,7.933155536651611,0.0005946488818153739,0.0005946159362792969,3.294553607702255e-08,5.5406412890938254e-05,1,0,0.010404659435153008,0.08326543122529984,0.012018676847219467,0.09579738974571228,0.001684393617324531,0.012785452418029308,0.012209739070385695,0.0965329734608531,-0.9775067567825317,-0.9769121408462524
batch2_128_255,1,4,"(1, 4)",0,7,7.002115726470947,7.884660720825195,0.0005183189059607685,0.0005183219909667969,3.0850060284137726e-09,5.951910361085557e-06,1,0,0.012018676847219467,0.09579738974571228,0.013616999611258507,0.10791858285665512,0.0016878036549314857,0.012440508231520653,0.01389754272531718,0.10897348169237375,-0.9230457544326782,-0.9225274324417114
batch2_128_255,1,4,"(1, 4)",0,8,6.850616455078125,7.832699775695801,0.00045460660476237535,0.0004545450210571289,6.158370524644852e-08,0.00013548428075006556,1,0,0.013616999611258507,0.10791858285665512,0.01520536933094263,0.119635209441185,0.001697273924946785,0.012111671268939972,0.015594816650263965,0.12108515296131372,-0.8917723894119263,-0.8913178443908691
batch2_128_255,1,4,"(1, 4)",0,9,6.709133148193359,7.7837419509887695,0.0003968874516431242,0.00039690732955932617,1.987791620194912e-08,5.008200837212795e-05,1,0,0.01520536933094263,0.119635209441185,0.016791097819805145,0.13098186254501343,0.0017123285215348005,0.011824437417089939,0.017307145171798766,0.13290959037840366,-0.8678884506225586,-0.8674915432929993
batch2_128_255,1,4,"(1, 4)",0,10,6.568614482879639,7.737517833709717,0.00034648310975171626,0.0003464818000793457,1.3096723705530167e-09,3.779916781352142e-06,1,0,0.016791097819805145,0.13098186254501343,0.018376590684056282,0.14201411604881287,0.0017324548680335283,0.011597594246268272,0.019039600039832294,0.14450718462467194,-0.8612909317016602,-0.8609444499015808
batch2_128_255,1,4,"(1, 4)",0,11,6.428232669830322,7.709573745727539,0.00029815619927830994,0.0002981424331665039,1.3766111806035042e-08,4.617293707516993e-05,1,0,0.018376590684056282,0.14201411604881287,0.019967099651694298,0.1527239829301834,0.0017562753055244684,0.011379227042198181,0.020795875345356762,0.15588641166687012,-0.8629202842712402,-0.8626221418380737
batch2_128_255,1,4,"(1, 4)",0,12,6.28861665725708,7.662283420562744,0.00025177907082252204,0.0002517104148864746,6.865593604743481e-08,0.00027275762935117213,1,0,0.019967099651694298,0.1527239829301834,0.021565724164247513,0.1632837951183319,0.0017810091376304626,0.011309141293168068,0.022576884482987225,0.16719555296003819,-0.8571621775627136,-0.8569104671478271
batch2_128_255,1,4,"(1, 4)",0,13,6.1539764404296875,7.625222206115723,0.0002154559042537585,0.00021541118621826172,4.4718035496771336e-08,0.00020759384079275042,1,0,0.021565724164247513,0.1632837951183319,0.023177599534392357,0.1738496720790863,0.0018056322587653995,0.011375216767191887,0.024382516741752625,0.17857076972723007,-0.8577440977096558,-0.8575286865234375
batch2_128_255,1,4,"(1, 4)",0,14,6.020169258117676,7.592197895050049,0.00017251686949748546,0.00017249584197998047,2.10275175049901e-08,0.00012190159057532826,1,0,0.023177599534392357,0.1738496720790863,0.02480638399720192,0.18435195088386536,0.0018363852286711335,0.01139084529131651,0.026218901970423758,0.18996161501854658,-0.8577196002006531,-0.8575471043586731
batch2_128_255,1,4,"(1, 4)",0,15,5.890372276306152,7.596043109893799,0.00012497908028308302,0.00012493133544921875,4.774483386427164e-08,0.00038216860239742367,1,0,0.02480638399720192,0.18435195088386536,0.02645488828420639,0.1947680562734604,0.0018714435864239931,0.011374109424650669,0.02809034555684775,0.20133572444319725,-0.8597642183303833,-0.8596392869949341
batch2_128_255,1,4,"(1, 4)",0,16,5.75742244720459,7.5661749839782715,8.144659659592435e-05,8.14199447631836e-05,2.665183274075389e-08,0.00032733788776537334,1,0,0.02645488828420639,0.1947680562734604,0.028122225776314735,0.2051485925912857,0.0019010619726032019,0.011379770934581757,0.029991407529450953,0.212715495377779,-0.8699366450309753,-0.8698552250862122
batch2_128_255,1,4,"(1, 4)",0,17,5.622742652893066,7.530216217041016,3.10289251501672e-05,3.0994415283203125e-05,3.450986696407199e-08,0.0011134221003605768,1,0,0.028122225776314735,0.2051485925912857,0.02980482019484043,0.21545445919036865,0.0019284148002043366,0.011355900205671787,0.03191982232965529,0.2240713955834508,-0.8915660381317139,-0.8915350437164307
batch2_128_255,1,4,"(1, 4)",0,18,5.488920211791992,7.5264105796813965,-3.6407313018571585e-05,-3.641843795776367e-05,1.1124939192086458e-08,0.00030547546286824876,0,1,0.02980482019484043,0.21545445919036865,0.03150290995836258,0.2256016731262207,0.001955163897946477,0.011246728710830212,0.03387498622760177,0.235318124294281,-0.9064933657646179,-0.9065297842025757
batch2_128_255,1,4,"(1, 4)",0,19,5.363373279571533,7.500692367553711,-9.210210555465892e-05,-9.21487808227539e-05,4.667526809498668e-08,0.0005065207339505174,0,1,0.03150290995836258,0.2256016731262207,0.033214159309864044,0.23556120693683624,0.001973932608962059,0.011063227429986,0.035848918836563826,0.246381351724267,-0.9306084513664246,-0.9307006001472473
batch2_128_255,1,4,"(1, 4)",0,20,5.236322402954102,7.521216869354248,-0.0001533167960587889,-0.00015348196029663086,1.6516423784196377e-07,0.0010761149878640776,0,1,0.033214159309864044,0.23556120693683624,0.03493610769510269,0.24538148939609528,0.0019877387676388025,0.010930263437330723,0.03783665760420263,0.25731161516159773,-0.9519331455230713,-0.9520866274833679
batch2_128_255,1,4,"(1, 4)",0,21,5.1098952293396,7.55510950088501,-0.00021622581698466092,-0.00021630525588989258,7.943890523165464e-08,0.00036725369850509784,0,1,0.03493610769510269,0.24538148939609528,0.03666375204920769,0.25508397817611694,0.0019952948205173016,0.010811605490744114,0.03983195242471993,0.26812322065234184,-0.9781798720359802,-0.9783961772918701
batch2_128_255,1,4,"(1, 4)",0,22,4.987453460693359,7.584562301635742,-0.0002698860189411789,-0.00027000904083251953,1.2302189134061337e-07,0.00045562137831125826,0,1,0.03666375204920769,0.25508397817611694,0.03839336708188057,0.26466822624206543,0.001997700659558177,0.01068648137152195,0.04182965308427811,0.2788097020238638,-0.9977262020111084,-0.9979962110519409
batch2_128_255,1,4,"(1, 4)",0,23,4.872694969177246,7.598361015319824,-0.0003422037116251886,-0.00034236907958984375,1.653679646551609e-07,0.00048301080475278554,0,1,0.03839336708188057,0.26466822624206543,0.04012208431959152,0.27412348985671997,0.001996713923290372,0.010562518611550331,0.04382636700756848,0.2893722206354141,-1.0215435028076172,-1.021885871887207
batch2_128_255,1,4,"(1, 4)",0,24,4.758925914764404,7.622394561767578,-0.00039617810398340225,-0.0003961324691772461,4.563480615615845e-08,0.0001152008727053867,0,1,0.04012208431959152,0.27412348985671997,0.041844870895147324,0.28346583247184753,0.0019879532046616077,0.010428792797029018,0.045814320212230086,0.29980101343244314,-1.0415968894958496,-1.0419930219650269
batch2_128_255,1,4,"(1, 4)",0,25,4.647675514221191,7.652897357940674,-0.00044727849308401346,-0.00044739246368408203,1.1397060006856918e-07,0.000254744121369571,0,1,0.041844870895147324,0.28346583247184753,0.04355598986148834,0.29266589879989624,0.001972900005057454,0.010266396217048168,0.04778722021728754,0.3100674096494913,-1.0590651035308838,-1.0595124959945679
batch2_128_255,1,4,"(1, 4)",0,26,4.538740158081055,7.660414695739746,-0.0004989364533685148,-0.0004990100860595703,7.363269105553627e-08,0.0001475575206043956,0,1,0.04355598986148834,0.29266589879989624,0.04524939879775047,0.30172616243362427,0.0019510060083121061,0.010105417110025883,0.04973822622559965,0.3201728267595172,-1.0757360458374023,-1.076235055923462
batch2_128_255,1,4,"(1, 4)",0,27,4.436243534088135,7.663300514221191,-0.0005479571991600096,-0.0005481243133544922,1.6711419448256493e-07,0.00030488374700956937,0,1,0.04524939879775047,0.30172616243362427,0.04691973701119423,0.31059977412223816,0.0019238709937781096,0.00990375317633152,0.051662097219377756,0.3300765799358487,-1.090514898300171,-1.0910630226135254
batch2_128_255,1,4,"(1, 4)",0,28,4.335816383361816,7.676694869995117,-0.000582626205869019,-0.0005826950073242188,6.880145519971848e-08,0.00011807455759001636,0,1,0.04691973701119423,0.31059977412223816,0.04856619983911514,0.3192404508590698,0.0018959844019263983,0.009647227823734283,0.053558081621304154,0.339723807759583,-1.1022804975509644,-1.1028631925582886
batch2_128_255,1,4,"(1, 4)",0,29,4.242666244506836,7.698944091796875,-0.0006272663013078272,-0.0006273984909057617,1.3218959793448448e-07,0.00021069479740642218,0,1,0.04856619983911514,0.3192404508590698,0.05018417164683342,0.327647864818573,0.0018627224490046501,0.009390592575073242,0.055420804070308805,0.34911440033465624,-1.1074055433273315,-1.1080329418182373
batch2_128_255,1,4,"(1, 4)",0,30,4.159219264984131,7.706467151641846,-0.0006678297650068998,-0.0006680488586425781,2.1909363567829132e-07,0.00032796049696645255,0,1,0.05018417164683342,0.327647864818573,0.051773883402347565,0.33580660820007324,0.0018282926175743341,0.009122882038354874,0.05724909668788314,0.3582372823730111,-1.1193873882293701,-1.1200554370880127
batch2_128_255,1,4,"(1, 4)",0,31,4.07496976852417,7.738197326660156,-0.0007074395543895662,-0.0007076263427734375,1.867883838713169e-07,0.00026396471213780326,0,1,0.051773883402347565,0.33580660820007324,0.05332900211215019,0.34367746114730835,0.0017885350389406085,0.008814197964966297,0.05903763172682375,0.3670514803379774,-1.1249850988388062,-1.1256927251815796
batch2_128_255,1,4,"(1, 4)",0,32,3.995635986328125,7.759877681732178,-0.0007584398845210671,-0.0007586479187011719,2.0803418010473251e-07,0.0002742170313482087,0,1,0.05332900211215019,0.34367746114730835,0.05484692379832268,0.3512447476387024,0.0017466943245381117,0.008495256304740906,0.06078432605136186,0.3755467366427183,-1.1371798515319824,-1.1379384994506836
batch2_128_255,1,4,"(1, 4)",0,33,3.922056198120117,7.7803497314453125,-0.0008129363413900137,-0.0008131265640258789,1.902226358652115e-07,0.00023393976323119776,0,1,0.05484692379832268,0.3512447476387024,0.05632849410176277,0.35853326320648193,0.0017046843422576785,0.008202538825571537,0.06248901039361954,0.38374927546828985,-1.1526844501495361,-1.153497576713562
batch2_128_255,1,4,"(1, 4)",0,34,3.8532698154449463,7.810583591461182,-0.0008738664328120649,-0.0008740425109863281,1.760781742632389e-07,0.0002014526433783415,0,1,0.05632849410176277,0.35853326320648193,0.05777430161833763,0.36552760004997253,0.0016633396735414863,0.007898631505668163,0.06415235006716102,0.391647906973958,-1.1694552898406982,-1.1703293323516846
batch2_128_255,1,4,"(1, 4)",0,35,3.790566921234131,7.846221923828125,-0.0009260094375349581,-0.0009261369705200195,1.275329850614071e-07,0.00013770423719268888,0,1,0.05777430161833763,0.36552760004997253,0.059185173362493515,0.37226811051368713,0.0016225236468017101,0.0076324050314724445,0.06577487371396273,0.39928031200543046,-1.1871286630630493,-1.1880548000335693
batch2_128_255,1,4,"(1, 4)",0,36,3.7329094409942627,7.860470771789551,-0.000976938521489501,-0.0009772777557373047,3.3923424780368805e-07,0.000347121630275677,0,1,0.059185173362493515,0.37226811051368713,0.060562506318092346,0.3787762522697449,0.0015828051837161183,0.007386530749499798,0.06735767889767885,0.40666684275493026,-1.2074027061462402,-1.2083799839019775
batch2_128_255,1,4,"(1, 4)",0,37,3.6795058250427246,7.8678202629089355,-0.0010264600859954953,-0.0010266304016113281,1.7031561583280563e-07,0.00016589769362517417,0,1,0.060562506318092346,0.3787762522697449,0.06190655007958412,0.3850618302822113,0.0015435829991474748,0.007151519414037466,0.06890126189682633,0.4138183621689677,-1.224103569984436,-1.2251302003860474
batch2_128_255,1,4,"(1, 4)",0,38,3.6297574043273926,7.870997428894043,-0.0010630108881741762,-0.001063227653503418,2.1676532924175262e-07,0.0002038748037896625,0,1,0.06190655007958412,0.3850618302822113,0.06321683526039124,0.39113447070121765,0.0015035811811685562,0.006924282759428024,0.07040484307799488,0.42074264492839575,-1.2450907230377197,-1.2461539506912231
batch2_128_255,1,4,"(1, 4)",0,39,3.582514762878418,7.882743835449219,-0.0010904467198997736,-0.0010906457901000977,1.9907020032405853e-07,0.00018252507104601594,0,1,0.06321683526039124,0.39113447070121765,0.06449387967586517,0.39700087904930115,0.001464333152398467,0.006705863401293755,0.07186917623039335,0.4274485083296895,-1.2596951723098755,-1.2607858180999756
batch2_128_255,1,5,"(1, 5)",0,0,8.12000560760498,8.433267593383789,0.0005858869408257306,0.0005858540534973145,3.2887328416109085e-08,5.61357017499237e-05,1,0,0.0,0.0,0.001726397662423551,0.014938329346477985,0.001726397662423551,0.014938329346477985,0.001726397662423551,0.014938329346477985,-0.9102102518081665,-0.9096243977546692
batch2_128_255,1,5,"(1, 5)",0,1,7.898974418640137,8.313040733337402,0.0005507533787749708,0.0005507469177246094,6.461050361394882e-09,1.173143262987013e-05,1,0,0.001726397662423551,0.014938329346477985,0.0034163743257522583,0.029536310583353043,0.0016929426928982139,0.014613316394388676,0.003419340355321765,0.02955164574086666,-0.8934037685394287,-0.8928530216217041
batch2_128_255,1,5,"(1, 5)",0,2,7.691113471984863,8.173192977905273,0.0005171600496396422,0.0005171298980712891,3.015156835317612e-08,5.830559877823882e-05,1,0,0.0034163743257522583,0.029536310583353043,0.005076277069747448,0.043828334659338,0.0016681029228493571,0.014332469552755356,0.005087443278171122,0.04388411529362202,-0.8784455060958862,-0.8779283761978149
batch2_128_255,1,5,"(1, 5)",0,3,7.486486434936523,8.057921409606934,0.0004876980965491384,0.0004876852035522461,1.289299689233303e-08,2.643712952212173e-05,1,0,0.005076277069747448,0.043828334659338,0.006707870401442051,0.057922814041376114,0.0016476820455864072,0.014176213182508945,0.006735125323757529,0.05806032847613096,-0.8529671430587769,-0.8524794578552246
batch2_128_255,1,5,"(1, 5)",0,4,7.292701721191406,7.965510845184326,0.00046156684402376413,0.000461578369140625,1.1525116860866547e-08,2.4968927556818183e-05,1,0,0.006707870401442051,0.057922814041376114,0.008314735256135464,0.07169206440448761,0.0016330140642821789,0.013897063210606575,0.008368139388039708,0.07195739168673754,-0.8347460031509399,-0.8342844247817993
batch2_128_255,1,5,"(1, 5)",0,5,7.099445819854736,7.868022918701172,0.00043693126644939184,0.0004369020462036133,2.922024577856064e-08,6.688054229195088e-05,1,0,0.008314735256135464,0.07169206440448761,0.009901114739477634,0.08511827886104584,0.0016249901382252574,0.013609298504889011,0.009993129526264966,0.08556669019162655,-0.8206278085708618,-0.8201909065246582
batch2_128_255,1,5,"(1, 5)",0,6,6.918764114379883,7.782008171081543,0.0004076995246578008,0.0004076361656188965,6.335903890430927e-08,0.00015543036719549642,1,0,0.009901114739477634,0.08511827886104584,0.01147554162889719,0.09822966903448105,0.0016257876995950937,0.013348603621125221,0.01161891722586006,0.09891529381275177,-0.7909784317016602,-0.7905707955360413
batch2_128_255,1,5,"(1, 5)",0,7,6.738269805908203,7.6679606437683105,0.0003869367064908147,0.00038695335388183594,1.664739102125168e-08,4.302169978434997e-05,1,0,0.01147554162889719,0.09822966903448105,0.013038231059908867,0.11100272834300995,0.0016295822570100427,0.013082112185657024,0.013248499482870102,0.1119974059984088,-0.7748680114746094,-0.7744810581207275
batch2_128_255,1,5,"(1, 5)",0,8,6.5683674812316895,7.586883544921875,0.000357636105036363,0.00035756826400756836,6.784102879464626e-08,0.00018972888710618437,1,0,0.013038231059908867,0.11100272834300995,0.014595034532248974,0.123480424284935,0.0016395128332078457,0.012854041531682014,0.014888012316077948,0.12485144753009081,-0.763009786605835,-0.7626522183418274
batch2_128_255,1,5,"(1, 5)",0,9,6.3936309814453125,7.475851535797119,0.0003193720185663551,0.00031936168670654297,1.0331859812140465e-08,3.235159457820082e-05,1,0,0.014595034532248974,0.123480424284935,0.016142524778842926,0.13550399243831635,0.0016502431826665998,0.012494180351495743,0.016538255498744547,0.13734562788158655,-0.7578027844429016,-0.7574834227561951
batch2_128_255,1,5,"(1, 5)",0,10,6.237217903137207,7.412004470825195,0.00029360968619585037,0.0002936124801635742,2.7939677238464355e-09,9.515834348355663e-06,1,0,0.016142524778842926,0.13550399243831635,0.01768796145915985,0.1473401039838791,0.0016656434163451195,0.012401886284351349,0.018203898915089667,0.1497475141659379,-0.7580925226211548,-0.7577989101409912
batch2_128_255,1,5,"(1, 5)",0,11,6.075493812561035,7.337871551513672,0.0002596198464743793,0.00025957822799682617,4.1618477553129196e-08,0.0001603311567164179,1,0,0.01768796145915985,0.1473401039838791,0.019233960658311844,0.15886752307415009,0.0016842164332047105,0.012175931595265865,0.019888115348294377,0.16192344576120377,-0.7519569396972656,-0.7516973614692688
batch2_128_255,1,5,"(1, 5)",0,12,5.927515983581543,7.282684803009033,0.00022281159181147814,0.00022280216217041016,9.42964106798172e-09,4.232293338683788e-05,1,0,0.019233960658311844,0.15886752307415009,0.020784160122275352,0.17010515928268433,0.0017061681719496846,0.011991909705102444,0.021594283520244062,0.1739153554663062,-0.7475711107254028,-0.7473483085632324
batch2_128_255,1,5,"(1, 5)",0,13,5.778964042663574,7.242801666259766,0.00019484918448142707,0.00019478797912597656,6.120535545051098e-08,0.00031421525971542225,1,0,0.020784160122275352,0.17010515928268433,0.022340824827551842,0.18123814463615417,0.001724187401123345,0.011926772072911263,0.023318470921367407,0.18584212753921747,-0.7391049861907959,-0.7389101982116699
batch2_128_255,1,5,"(1, 5)",0,14,5.633724212646484,7.1807661056518555,0.00015177040768321604,0.00015181303024291992,4.262255970388651e-08,0.00028075692604043976,1,0,0.022340824827551842,0.18123814463615417,0.023903999477624893,0.19202753901481628,0.0017486070282757282,0.011686472222208977,0.025067077949643135,0.19752859976142645,-0.7374270558357239,-0.737275242805481
batch2_128_255,1,5,"(1, 5)",0,15,5.49334716796875,7.139029502868652,0.00011491215991554782,0.00011491775512695312,5.5952114053070545e-09,4.868883314963693e-05,1,0,0.023903999477624893,0.19202753901481628,0.025473371148109436,0.20248259603977203,0.0017675086855888367,0.01139931008219719,0.026834586635231972,0.20892790984362364,-0.7341880202293396,-0.7340731024742126
batch2_128_255,1,5,"(1, 5)",0,16,5.361906051635742,7.123772144317627,8.451742905890569e-05,8.45193862915039e-05,1.9572325982153416e-09,2.3157203147038083e-05,1,0,0.025473371148109436,0.20248259603977203,0.027051610872149467,0.21271079778671265,0.0017844750545918941,0.011209437623620033,0.028619061689823866,0.22013734746724367,-0.7246209383010864,-0.7245364189147949
batch2_128_255,1,5,"(1, 5)",0,17,5.236006736755371,7.124899387359619,6.409612251445651e-05,6.407499313354492e-05,2.112938091158867e-08,0.00032976017441860463,1,0,0.027051610872149467,0.21271079778671265,0.028640057891607285,0.22280941903591156,0.0017988712061196566,0.01110610831528902,0.030417932895943522,0.2312434557825327,-0.7033740282058716,-0.703309953212738
batch2_128_255,1,5,"(1, 5)",0,18,5.104803085327148,7.107872486114502,3.473004107945599e-05,3.4689903259277344e-05,4.013782017864287e-08,0.0011570461836877147,1,0,0.028640057891607285,0.22280941903591156,0.03022874891757965,0.23271043598651886,0.0018045140895992517,0.010932127013802528,0.032222446985542774,0.24217558279633522,-0.695232629776001,-0.6951979398727417
batch2_128_255,1,5,"(1, 5)",0,19,4.981101989746094,7.125742435455322,9.272470379073638e-06,9.238719940185547e-06,3.3750438888091594e-08,0.0036531509891633064,1,0,0.03022874891757965,0.23271043598651886,0.031818486750125885,0.24242645502090454,0.0018084767507389188,0.01075190119445324,0.03403092373628169,0.25292748399078846,-0.6815178394317627,-0.6815086007118225
batch2_128_255,1,5,"(1, 5)",0,20,4.867764472961426,7.135251045227051,-1.3151499842933845e-05,-1.3172626495361328e-05,2.112665242748335e-08,0.0016038299146281109,0,1,0.031818486750125885,0.24242645502090454,0.03340619057416916,0.2519674301147461,0.0018066656775772572,0.010564380325376987,0.03583758941385895,0.26349186431616545,-0.673484742641449,-0.6734979152679443
batch2_128_255,1,5,"(1, 5)",0,21,4.752647876739502,7.163286209106445,-3.91895737266168e-05,-3.921985626220703e-05,3.028253559023142e-08,0.0007721225541413374,0,1,0.03340619057416916,0.2519674301147461,0.03498523309826851,0.2612674832344055,0.0017973070498555899,0.010307381860911846,0.03763489646371454,0.2737992461770773,-0.6630018353462219,-0.6630410552024841
batch2_128_255,1,5,"(1, 5)",0,22,4.645343780517578,7.182506561279297,-6.213693268364295e-05,-6.216764450073242e-05,3.071181708946824e-08,0.0004940160968959731,0,1,0.03498523309826851,0.2612674832344055,0.03655315935611725,0.27031469345092773,0.0017848983407020569,0.010049316100776196,0.0394197948044166,0.2838485622778535,-0.657023012638092,-0.6570851802825928
batch2_128_255,1,5,"(1, 5)",0,23,4.542235374450684,7.197411060333252,-7.904406811576337e-05,-7.903575897216797e-05,8.309143595397472e-09,0.000105131445607089,0,1,0.03655315935611725,0.27031469345092773,0.03810693696141243,0.2790745794773102,0.0017677423311397433,0.009754433296620846,0.04118753713555634,0.29360299557447433,-0.6453522443771362,-0.6454312801361084
batch2_128_255,1,5,"(1, 5)",0,24,4.446610450744629,7.23190975189209,-9.296290954807773e-05,-9.304285049438477e-05,7.99409463070333e-08,0.0008591841918241512,0,1,0.03810693696141243,0.2790745794773102,0.03964248672127724,0.28754666447639465,0.0017452363390475512,0.009457970969378948,0.04293277347460389,0.3030609665438533,-0.6373944878578186,-0.637487530708313
batch2_128_255,1,5,"(1, 5)",0,25,4.354793548583984,7.267237186431885,-0.00010839897731784731,-0.00010842084884643555,2.1871528588235378e-08,0.00020172807002473886,0,1,0.03964248672127724,0.28754666447639465,0.041157159954309464,0.2957194447517395,0.001719710766337812,0.009158295579254627,0.0446524842409417,0.3122192621231079,-0.626842737197876,-0.6269511580467224
batch2_128_255,1,5,"(1, 5)",0,26,4.270862579345703,7.294270038604736,-0.00012789919856004417,-0.00012791156768798828,1.2369127944111824e-08,9.670062034016775e-05,0,1,0.041157159954309464,0.2957194447517395,0.04264944791793823,0.3036298453807831,0.0016921964706853032,0.008890219032764435,0.04634468071162701,0.32110948115587234,-0.6166574954986572,-0.6167854070663452
batch2_128_255,1,5,"(1, 5)",0,27,4.187930583953857,7.334748268127441,-0.00014704038039781153,-0.00014710426330566406,6.388290785253048e-08,0.0004342695882293355,0,1,0.04264944791793823,0.3036298453807831,0.04411715269088745,0.31129422783851624,0.0016622567782178521,0.008638842031359673,0.04800693748984486,0.329748323187232,-0.6085354089736938,-0.6086825132369995
batch2_128_255,1,5,"(1, 5)",0,28,4.111329078674316,7.36053991317749,-0.00016513856826350093,-0.00016516447067260742,2.5902409106492996e-08,0.00015682797275351859,0,1,0.04411715269088745,0.31129422783851624,0.045559126883745193,0.31871092319488525,0.0016307074110955,0.008386691100895405,0.04963764490094036,0.3381350142881274,-0.6008300185203552,-0.6009951829910278
batch2_128_255,1,5,"(1, 5)",0,29,4.0398406982421875,7.373691558837891,-0.00018831081979442388,-0.00018841028213500977,9.946234058588743e-08,0.0005279029332094274,0,1,0.045559126883745193,0.31871092319488525,0.046974752098321915,0.3259051442146301,0.0015991978580132127,0.008160521276295185,0.05123684275895357,0.3462955355644226,-0.5985134243965149,-0.5987018346786499
batch2_128_255,1,5,"(1, 5)",0,30,3.9728024005889893,7.403247356414795,-0.0002089585323119536,-0.00020903348922729492,7.495691534131765e-08,0.00035858806939692046,0,1,0.046974752098321915,0.3259051442146301,0.04836282134056091,0.33286893367767334,0.0015658033080399036,0.007922534830868244,0.052802646066993475,0.35421807039529085,-0.596931517124176,-0.5971405506134033
batch2_128_255,1,5,"(1, 5)",0,31,3.9092488288879395,7.442278861999512,-0.00022648429148830473,-0.00022655725479125977,7.29633029550314e-08,0.00032205237930807684,0,1,0.04836282134056091,0.33286893367767334,0.04972231015563011,0.33962282538414,0.001531638321466744,0.007700510323047638,0.05433428438846022,0.3619185807183385,-0.5937370657920837,-0.593963623046875
batch2_128_255,1,5,"(1, 5)",0,32,3.8503313064575195,7.489823818206787,-0.0002436692448100075,-0.00024366378784179688,5.4569682106375694e-09,2.2395482968444227e-05,0,1,0.04972231015563011,0.33962282538414,0.05105443298816681,0.34617307782173157,0.0014988158363848925,0.007487489841878414,0.05583310022484511,0.3694060705602169,-0.5882842540740967,-0.5885279178619385
batch2_128_255,1,5,"(1, 5)",0,33,3.7945752143859863,7.520666122436523,-0.0002589930663816631,-0.00025904178619384766,4.871981218457222e-08,0.00018807703923147723,0,1,0.05105443298816681,0.34617307782173157,0.052357688546180725,0.35251596570014954,0.001464350731112063,0.007271876558661461,0.057297450955957174,0.37667794711887836,-0.5846432447433472,-0.584902286529541
batch2_128_255,1,5,"(1, 5)",0,34,3.742495536804199,7.540321350097656,-0.00027120657614432275,-0.00027126073837280273,5.416222847998142e-08,0.0001996685137881784,0,1,0.052357688546180725,0.35251596570014954,0.05363387241959572,0.35867443680763245,0.0014315055450424552,0.007075874134898186,0.05872895650099963,0.38375382125377655,-0.5807246565818787,-0.5809959173202515
batch2_128_255,1,5,"(1, 5)",0,35,3.6935529708862305,7.569186210632324,-0.0002795372565742582,-0.00027954578399658203,8.527422323822975e-09,3.0504564232409382e-05,0,1,0.05363387241959572,0.35867443680763245,0.05488157644867897,0.36465322971343994,0.0013976141344755888,0.006883529480546713,0.06012657063547522,0.39063735073432326,-0.577856183052063,-0.5781357288360596
batch2_128_255,1,5,"(1, 5)",0,36,3.64634370803833,7.597145080566406,-0.00029297376750037074,-0.0002930164337158203,4.266621544957161e-08,0.00014561031580553297,0,1,0.05488157644867897,0.36465322971343994,0.05610063299536705,0.3704475462436676,0.0013641795376315713,0.006689397618174553,0.06149075017310679,0.3973267483524978,-0.5764408707618713,-0.5767338871955872
batch2_128_255,1,5,"(1, 5)",0,37,3.6024093627929688,7.626612186431885,-0.00030185197829268873,-0.0003018975257873535,4.5547494664788246e-08,0.000150870711994077,0,1,0.05610063299536705,0.3704475462436676,0.05729226768016815,0.37607869505882263,0.0013319911668077111,0.006513992324471474,0.0628227413399145,0.4038407406769693,-0.5759517550468445,-0.5762536525726318
batch2_128_255,1,5,"(1, 5)",0,38,3.560612916946411,7.65622615814209,-0.0003125250223092735,-0.00031250715255737305,1.7869751900434494e-08,5.718189729162693e-05,0,1,0.05729226768016815,0.37607869505882263,0.05845668166875839,0.3815489709377289,0.0013002457562834024,0.0063390727154910564,0.0641229870961979,0.41017981339246035,-0.5784080624580383,-0.5787205696105957
batch2_128_255,1,5,"(1, 5)",0,39,3.520942449569702,7.683769702911377,-0.0003187462571077049,-0.00031876564025878906,1.9383151084184647e-08,6.080690211293942e-05,0,1,0.05845668166875839,0.3815489709377289,0.05959388241171837,0.3868645429611206,0.001268714084289968,0.006170568056404591,0.06539170118048787,0.41635038144886494,-0.5789928436279297,-0.5793116092681885
batch2_128_255,1,6,"(1, 6)",0,0,8.114269256591797,8.433267593383789,0.002487822901457548,0.0024871826171875,6.402842700481415e-07,0.0002574335578029141,1,0,0.0,0.0,0.001902035204693675,0.01406080275774002,0.001902035204693675,0.01406080275774002,0.001902035204693675,0.01406080275774002,-2.2351648807525635,-2.232677698135376
batch2_128_255,1,6,"(1, 6)",0,1,7.913642406463623,8.245095252990723,0.002160963136702776,0.0021605491638183594,4.139728844165802e-07,0.00019160539891856102,1,0,0.001902035204693675,0.01406080275774002,0.003747784998267889,0.027908705174922943,0.0018484346801415086,0.013862278312444687,0.0037504698848351836,0.027923081070184708,-2.0805439949035645,-2.078383445739746
batch2_128_255,1,6,"(1, 6)",0,2,7.724209785461426,8.100049018859863,0.0018770518945530057,0.0018768310546875,2.2083986550569534e-07,0.00011766635305513211,1,0,0.003747784998267889,0.027908705174922943,0.0055442494340240955,0.041580889374017715,0.0018041577422991395,0.013707098551094532,0.005554627627134323,0.04163017962127924,-1.9424386024475098,-1.9405617713928223
batch2_128_255,1,6,"(1, 6)",0,3,7.540596008300781,7.970632076263428,0.0016238265670835972,0.0016235113143920898,3.152526915073395e-07,0.00019417954695645788,1,0,0.0055442494340240955,0.041580889374017715,0.007295367773622274,0.05512407049536705,0.0017661851597949862,0.013613424263894558,0.007320812786929309,0.0552436038851738,-1.7975009679794312,-1.795877456665039
batch2_128_255,1,6,"(1, 6)",0,4,7.356179714202881,7.8620429039001465,0.0013646301813423634,0.0013643503189086914,2.798624336719513e-07,0.00020512505460899957,1,0,0.007295367773622274,0.05512407049536705,0.008999506011605263,0.06843814998865128,0.0017304603243246675,0.013425996527075768,0.009051273111253977,0.06866960041224957,-1.6397321224212646,-1.638367772102356
batch2_128_255,1,6,"(1, 6)",0,5,7.1762824058532715,7.749006748199463,0.0011687703663483262,0.0011686086654663086,1.6170088201761246e-07,0.00013837042869529735,1,0,0.008999506011605263,0.06843814998865128,0.010661055333912373,0.08148414641618729,0.0017012249445542693,0.013208786025643349,0.010752498055808246,0.08187838643789291,-1.5216680765151978,-1.5204994678497314
batch2_128_255,1,6,"(1, 6)",0,6,6.9998602867126465,7.635147571563721,0.0009939493611454964,0.0009938478469848633,1.0151416063308716e-07,0.00010214255727479909,1,0,0.010661055333912373,0.08148414641618729,0.012285646051168442,0.09424465149641037,0.001680677873082459,0.01298645231872797,0.012433175928890705,0.09486483875662088,-1.406164526939392,-1.4051706790924072
batch2_128_255,1,6,"(1, 6)",0,7,6.825029373168945,7.5397562980651855,0.0008335201418958604,0.0008332729339599609,2.472079358994961e-07,0.00029667102557224607,1,0,0.012285646051168442,0.09424465149641037,0.013874958269298077,0.10671690106391907,0.0016644203569740057,0.012766256928443909,0.01409759628586471,0.10763109568506479,-1.2843525409698486,-1.2835192680358887
batch2_128_255,1,6,"(1, 6)",0,8,6.6668548583984375,7.46768045425415,0.0007161854882724583,0.0007159709930419922,2.144952304661274e-07,0.00029958648122710625,1,0,0.013874958269298077,0.10671690106391907,0.015437748283147812,0.11892266571521759,0.001656599109992385,0.012559398077428341,0.015754195395857096,0.12019049376249313,-1.1952943801879883,-1.1945784091949463
batch2_128_255,1,6,"(1, 6)",0,9,6.509158134460449,7.370938777923584,0.0006075523560866714,0.0006074905395507812,6.181653589010239e-08,0.00010175719927394035,1,0,0.015437748283147812,0.11892266571521759,0.016973748803138733,0.1307571530342102,0.0016524734674021602,0.012261224910616875,0.017406668863259256,0.13245171867311,-1.1164265871047974,-1.1158190965652466
batch2_128_255,1,6,"(1, 6)",0,10,6.36289119720459,7.330692291259766,0.0005106355529278517,0.0005105733871459961,6.216578185558319e-08,0.00012175680014008873,1,0,0.016973748803138733,0.1307571530342102,0.01849047839641571,0.14223229885101318,0.0016541867516934872,0.011976087465882301,0.019060855614952743,0.1444278061389923,-1.0436933040618896,-1.0431827306747437
batch2_128_255,1,6,"(1, 6)",0,11,6.219525337219238,7.29227876663208,0.00043030083179473877,0.00043022632598876953,7.450580596923828e-08,0.00017317816569686895,1,0,0.01849047839641571,0.14223229885101318,0.01999525912106037,0.15331605076789856,0.0016618017107248306,0.01165177021175623,0.020722657325677574,0.15607957635074854,-0.968215823173523,-0.9677855968475342
batch2_128_255,1,6,"(1, 6)",0,12,6.083009719848633,7.251491069793701,0.00036237190943211317,0.0003623366355895996,3.527384251356125e-08,9.735102401710808e-05,1,0,0.01999525912106037,0.15331605076789856,0.021493131294846535,0.16404177248477936,0.0016748234629631042,0.011364255100488663,0.022397480788640678,0.1674438314512372,-0.9023115634918213,-0.9019492268562317
batch2_128_255,1,6,"(1, 6)",0,13,5.949808120727539,7.191471099853516,0.00031042209593579173,0.000310361385345459,6.07105903327465e-08,0.00019561257681966583,1,0,0.021493131294846535,0.16404177248477936,0.022987229749560356,0.1744576245546341,0.0016897646710276604,0.01112025324255228,0.02408724545966834,0.17856408469378948,-0.8565701246261597,-0.8562597632408142
batch2_128_255,1,6,"(1, 6)",0,14,5.822474002838135,7.144340515136719,0.0002681402547750622,0.00026810169219970703,3.856257535517216e-08,0.00014383562833481547,1,0,0.022987229749560356,0.1744576245546341,0.024483641609549522,0.184632807970047,0.001710756914690137,0.010964221321046352,0.025798002374358475,0.18952830601483583,-0.807306170463562,-0.8070380687713623
batch2_128_255,1,6,"(1, 6)",0,15,5.699471473693848,7.108152389526367,0.00023490640160162002,0.00023490190505981445,4.496541805565357e-09,1.9142210891905607e-05,1,0,0.024483641609549522,0.184632807970047,0.02598472125828266,0.19471599161624908,0.0017311627743765712,0.010940304957330227,0.027529165148735046,0.20046861097216606,-0.7729018926620483,-0.7726669907569885
batch2_128_255,1,6,"(1, 6)",0,16,5.583481788635254,7.092777729034424,0.0002132798108505085,0.00021326541900634766,1.4391844160854816e-08,6.748325269005031e-05,1,0,0.02598472125828266,0.19471599161624908,0.027492977678775787,0.20470787584781647,0.0017507494194433093,0.010892284102737904,0.029279914568178356,0.21136089507490396,-0.7322088479995728,-0.7319955825805664
batch2_128_255,1,6,"(1, 6)",0,17,5.464443206787109,7.053088665008545,0.00018404517322778702,0.00018393993377685547,1.0523945093154907e-07,0.0005721403110823072,1,0,0.027492977678775787,0.20470787584781647,0.029006151482462883,0.2145419418811798,0.0017714995192363858,0.01079308707267046,0.03105141408741474,0.22215398214757442,-0.7056359052658081,-0.7054519653320312
batch2_128_255,1,6,"(1, 6)",0,18,5.3473711013793945,7.018703937530518,0.00016758889250922948,0.00016754865646362305,4.0236045606434345e-08,0.00024014543867840625,1,0,0.029006151482462883,0.2145419418811798,0.0305262953042984,0.2242405265569687,0.0017893543699756265,0.010700800456106663,0.03284076845739037,0.2328547826036811,-0.6782333254814148,-0.6780657768249512
batch2_128_255,1,6,"(1, 6)",0,19,5.226811408996582,6.97750997543335,0.00015256364713422954,0.000152587890625,2.4243490770459175e-08,0.00015888214111328124,1,0,0.0305262953042984,0.2242405265569687,0.032050721347332,0.23384153842926025,0.0018018458504229784,0.010637526400387287,0.034642614307813346,0.24349230900406837,-0.6625508069992065,-0.6623982191085815
batch2_128_255,1,6,"(1, 6)",0,20,5.115290641784668,6.97317361831665,0.00013477291213348508,0.0001347064971923828,6.641494110226631e-08,0.0004930344303097345,1,0,0.032050721347332,0.23384153842926025,0.03358091413974762,0.24322816729545593,0.001817270996980369,0.010464183054864407,0.036459885304793715,0.2539564920589328,-0.6561210751533508,-0.6559863686561584
batch2_128_255,1,6,"(1, 6)",0,21,5.00493049621582,6.966798305511475,0.00012070142111042514,0.00012063980102539062,6.162008503451943e-08,0.0005107774093688241,1,0,0.03358091413974762,0.24322816729545593,0.03511454164981842,0.25241929292678833,0.0018262945814058185,0.010302141308784485,0.038286179886199534,0.26425863336771727,-0.6527169346809387,-0.6525962948799133
batch2_128_255,1,6,"(1, 6)",0,22,4.895852088928223,6.975935459136963,0.0001038195623550564,0.00010383129119873047,1.1728843674063683e-08,0.00011296058768656716,1,0,0.03511454164981842,0.25241929292678833,0.03665025532245636,0.2614441514015198,0.0018317349022254348,0.010151968337595463,0.04011791478842497,0.27441060170531273,-0.6534339785575867,-0.6533301472663879
batch2_128_255,1,6,"(1, 6)",0,23,4.791336536407471,6.979982376098633,8.053276542341337e-05,8.046627044677734e-05,6.649497663602233e-08,0.0008263708043981481,1,0,0.03665025532245636,0.2614441514015198,0.03818366676568985,0.27026864886283875,0.00183543108869344,0.009974571876227856,0.04195334587711841,0.2843851735815406,-0.6691105961799622,-0.6690301299095154
batch2_128_255,1,6,"(1, 6)",0,24,4.689389228820801,6.985599994659424,6.390267662936822e-05,6.377696990966797e-05,1.2570671970024705e-07,0.0019710362514602803,1,0,0.03818366676568985,0.27026864886283875,0.03971550241112709,0.2789630591869354,0.001833364018239081,0.009845518507063389,0.04378670989535749,0.294230692088604,-0.6689319610595703,-0.6688681840896606
batch2_128_255,1,6,"(1, 6)",0,25,4.592564582824707,7.0041327476501465,4.2700095946202055e-05,4.273653030395508e-05,3.6434357753023505e-08,0.0008525342954585077,1,0,0.03971550241112709,0.2789630591869354,0.041243329644203186,0.28752803802490234,0.0018305334961041808,0.009709946811199188,0.04561724339146167,0.30394063889980316,-0.6630806922912598,-0.6630379557609558
batch2_128_255,1,6,"(1, 6)",0,26,4.498836040496826,7.018250465393066,4.065301254740916e-05,4.0650367736816406e-05,2.6448105927556753e-09,6.506240263013196e-05,1,0,0.041243329644203186,0.28752803802490234,0.04276653006672859,0.29593682289123535,0.0018215926829725504,0.009540300816297531,0.04743883607443422,0.3134809397161007,-0.6720123887062073,-0.6719717383384705
batch2_128_255,1,6,"(1, 6)",0,27,4.406522750854492,7.04220724105835,3.126381488982588e-05,3.11732292175293e-05,9.058567229658365e-08,0.0029058802880019123,1,0,0.04276653006672859,0.29593682289123535,0.04428037256002426,0.3042021691799164,0.001808286178857088,0.009379526600241661,0.04924712225329131,0.32286046631634235,-0.681209146976471,-0.6811779737472534
batch2_128_255,1,6,"(1, 6)",0,28,4.31732177734375,7.073068618774414,1.3087357729091309e-05,1.2993812561035156e-05,9.354516805615276e-08,0.007199208670799886,1,0,0.04428037256002426,0.3042021691799164,0.04578044265508652,0.3122996985912323,0.0017895210767164826,0.009202172048389912,0.05103664333000779,0.33206263836473227,-0.6825319528579712,-0.6825189590454102
batch2_128_255,1,6,"(1, 6)",0,29,4.231223106384277,7.095523357391357,-2.9355805963859893e-06,-3.0994415283203125e-06,1.6386093193432316e-07,0.052867889404296875,0,1,0.04578044265508652,0.3122996985912323,0.047264743596315384,0.3201731741428375,0.0017675366252660751,0.008957167156040668,0.05280417995527387,0.34101980552077293,-0.6822648644447327,-0.682267963886261
batch2_128_255,1,6,"(1, 6)",0,30,4.147786617279053,7.109167098999023,-2.37204076256603e-05,-2.378225326538086e-05,6.184563972055912e-08,0.0026004953790726816,0,1,0.047264743596315384,0.3201731741428375,0.0487285777926445,0.3278598487377167,0.0017408604035153985,0.008752858266234398,0.054545040358789265,0.34977266378700733,-0.6878913044929504,-0.6879150867462158
batch2_128_255,1,6,"(1, 6)",0,31,4.071218967437744,7.1461615562438965,-4.161455944995396e-05,-4.166364669799805e-05,4.908724804408848e-08,0.0011781793466112303,0,1,0.0487285777926445,0.3278598487377167,0.05017191544175148,0.33532434701919556,0.0017132421489804983,0.008514588698744774,0.056258282507769763,0.3582872524857521,-0.6948041319847107,-0.6948457956314087
batch2_128_255,1,6,"(1, 6)",0,32,3.9979429244995117,7.159998893737793,-6.016439147060737e-05,-6.020069122314453e-05,3.629975253716111e-08,0.0006029789990717822,0,1,0.05017191544175148,0.33532434701919556,0.05159192532300949,0.3425745964050293,0.0016831401735544205,0.008283614180982113,0.057941422681324184,0.3665708666667342,-0.6886851191520691,-0.6887453198432922
batch2_128_255,1,6,"(1, 6)",0,33,3.9327588081359863,7.176353454589844,-8.098014222923666e-05,-8.100271224975586e-05,2.2570020519196987e-08,0.00027863289873068434,0,1,0.05159192532300949,0.3425745964050293,0.05299096181988716,0.3496364951133728,0.0016552656888961792,0.008080391213297844,0.05959668837022036,0.37465125788003206,-0.6880010366439819,-0.6880820393562317
batch2_128_255,1,6,"(1, 6)",0,34,3.8666629791259766,7.20991849899292,-0.0001007945102173835,-0.00010097026824951172,1.7575803212821484e-07,0.0017406909496753247,0,1,0.05299096181988716,0.3496364951133728,0.0543636716902256,0.35647860169410706,0.0016213832423090935,0.007843954488635063,0.06121807161252946,0.3824952123686671,-0.6980510950088501,-0.6981520652770996
batch2_128_255,1,6,"(1, 6)",0,35,3.8038270473480225,7.243309497833252,-0.00011584056483116001,-0.00011593103408813477,9.046925697475672e-08,0.0007803713447943445,0,1,0.0543636716902256,0.35647860169410706,0.05570921301841736,0.3631206154823303,0.0015863812295719981,0.007620677351951599,0.06280445284210145,0.3901158897206187,-0.7055259943008423,-0.7056419253349304
batch2_128_255,1,6,"(1, 6)",0,36,3.7463295459747314,7.27433967590332,-0.00012811551277991384,-0.00012820959091186523,9.40781319513917e-08,0.0007337838868549511,0,1,0.05570921301841736,0.3631206154823303,0.05702796205878258,0.36955392360687256,0.0015528842341154814,0.007395651191473007,0.06435733707621694,0.39751154091209173,-0.7085487842559814,-0.7086769938468933
batch2_128_255,1,6,"(1, 6)",0,37,3.6926791667938232,7.3020124435424805,-0.00014107197057455778,-0.0001412034034729004,1.314328983426094e-07,0.0009308054558885606,0,1,0.05702796205878258,0.36955392360687256,0.058319322764873505,0.37579166889190674,0.0015178096946328878,0.007181303109973669,0.06587514677084982,0.4046928440220654,-0.7123100161552429,-0.7124512195587158
batch2_128_255,1,6,"(1, 6)",0,38,3.6414713859558105,7.324099540710449,-0.00015511125093325973,-0.0001552104949951172,9.924406185746193e-08,0.0006394159226190476,0,1,0.058319322764873505,0.37579166889190674,0.05958184972405434,0.3818257749080658,0.001481595914810896,0.006959836930036545,0.06735674268566072,0.41165268095210195,-0.7147953510284424,-0.7149505615234375
batch2_128_255,1,6,"(1, 6)",0,39,3.5924134254455566,7.354891300201416,-0.00017455634952057153,-0.00017464160919189453,8.525967132300138e-08,0.0004881979255546075,0,1,0.05958184972405434,0.3818257749080658,0.060814499855041504,0.38765770196914673,0.0014445496490225196,0.00673781568184495,0.06880129233468324,0.4183904966339469,-0.7204095125198364,-0.7205841541290283
batch2_128_255,1,7,"(1, 7)",1,0,8.024566650390625,8.433267593383789,0.0012978996383026242,0.0012977123260498047,1.8731225281953812e-07,0.0001443403511390777,1,0,0.0,0.0,0.001893729087896645,0.014379525557160378,0.001893729087896645,0.014379525557160378,0.001893729087896645,0.014379525557160378,-1.3645473718643188,-1.363249659538269
batch2_128_255,1,7,"(1, 7)",1,1,7.821389675140381,8.303536415100098,0.0011468393495306373,0.001146554946899414,2.8440263122320175e-07,0.00024804971797671033,1,0,0.001893729087896645,0.014379525557160378,0.0037383141461759806,0.02843991108238697,0.0018474054522812366,0.014075263403356075,0.0037411345401778817,0.028454788960516453,-1.2869172096252441,-1.2857706546783447
batch2_128_255,1,7,"(1, 7)",1,2,7.627115726470947,8.199430465698242,0.0010154739720746875,0.0010154247283935547,4.9243681132793427e-08,4.8495648919934256e-05,1,0,0.0037383141461759806,0.02843991108238697,0.005536846350878477,0.04220147430896759,0.0018065484473481774,0.013797437772154808,0.005547682987526059,0.04225222673267126,-1.2202038764953613,-1.2191884517669678
batch2_128_255,1,7,"(1, 7)",1,3,7.448711395263672,8.104854583740234,0.0009211563738062978,0.0009210109710693359,1.4540273696184158e-07,0.00015787296951850894,1,0,0.005536846350878477,0.04220147430896759,0.0072990646585822105,0.05580770969390869,0.001777294441126287,0.013685638085007668,0.007324977428652346,0.05593786481767893,-1.169434905052185,-1.1685138940811157
batch2_128_255,1,7,"(1, 7)",1,4,7.2621636390686035,8.044535636901855,0.000818526023067534,0.0008184909820556641,3.504101186990738e-08,4.281172625983105e-05,1,0,0.0072990646585822105,0.05580770969390869,0.009019586257636547,0.06914731115102768,0.001746268244460225,0.013455113396048546,0.009071245673112571,0.06939297821372747,-1.1074981689453125,-1.1066796779632568
batch2_128_255,1,7,"(1, 7)",1,5,7.090169906616211,8.004599571228027,0.0007252238574437797,0.0007251501083374023,7.37491063773632e-08,0.00010170184838895282,1,0,0.009019586257636547,0.06914731115102768,0.010708697140216827,0.0821985974907875,0.001726740156300366,0.013204501941800117,0.010797985829412937,0.08259748015552759,-1.0458874702453613,-1.045162320137024
batch2_128_255,1,7,"(1, 7)",1,6,6.917971611022949,7.937327861785889,0.0006380698177963495,0.0006380677223205566,2.0954757928848267e-09,3.284096216721158e-06,1,0,0.010708697140216827,0.0821985974907875,0.012371988035738468,0.09502534568309784,0.0017148678889498115,0.01304061058908701,0.012512853718362749,0.0956380907446146,-0.9873301982879639,-0.9866921305656433
batch2_128_255,1,7,"(1, 7)",1,7,6.754411220550537,7.862833499908447,0.0005652705440297723,0.0005652308464050293,3.969762474298477e-08,7.023258726141516e-05,1,0,0.012371988035738468,0.09502534568309784,0.014009945094585419,0.10752909630537033,0.0017044731648638844,0.012781158089637756,0.014217326883226633,0.10841924883425236,-0.9402730464935303,-0.9397078156471252
batch2_128_255,1,7,"(1, 7)",1,8,6.587864398956299,7.789523124694824,0.0004906185786239803,0.0004906654357910156,4.685716703534126e-08,9.549718324829932e-05,1,0,0.014009945094585419,0.10752909630537033,0.01562422327697277,0.11960604041814804,0.00169886474031955,0.012438801117241383,0.015916191623546183,0.12085804995149374,-0.8936174511909485,-0.8931267857551575
batch2_128_255,1,7,"(1, 7)",1,9,6.434708595275879,7.74807596206665,0.000429302774136886,0.0004292726516723633,3.012246452271938e-08,7.017093776034435e-05,1,0,0.01562422327697277,0.11960604041814804,0.017220834270119667,0.1312071979045868,0.001699415617622435,0.012051465921103954,0.017615607241168618,0.1329095158725977,-0.8566650748252869,-0.8562358021736145
batch2_128_255,1,7,"(1, 7)",1,10,6.28153133392334,7.682855606079102,0.0003637285262811929,0.0003637075424194336,2.0983861759305e-08,5.769432665519502e-05,1,0,0.017220834270119667,0.1312071979045868,0.0187995508313179,0.14234595000743866,0.0017015127232298255,0.011685698293149471,0.019317119964398444,0.14459521416574717,-0.8175090551376343,-0.8171453475952148
batch2_128_255,1,7,"(1, 7)",1,11,6.133590221405029,7.636643886566162,0.0003161489439662546,0.0003161430358886719,5.908077582716942e-09,1.8687989017722475e-05,1,0,0.0187995508313179,0.14234595000743866,0.020369671285152435,0.15319465100765228,0.0017104489961639047,0.011500373482704163,0.02102756896056235,0.15609558764845133,-0.7953996062278748,-0.7950834631919861
batch2_128_255,1,7,"(1, 7)",1,12,5.999372482299805,7.5969157218933105,0.0002687263477127999,0.00026875734329223633,3.0995579436421394e-08,0.0001153292373586161,1,0,0.020369671285152435,0.15319465100765228,0.021935533732175827,0.16367849707603455,0.0017224453622475266,0.011206604540348053,0.022750014322809875,0.16730219218879938,-0.7715475559234619,-0.7712787985801697
batch2_128_255,1,7,"(1, 7)",1,13,5.874447822570801,7.595900058746338,0.00023108530149329454,0.00023102760314941406,5.769834388047457e-08,0.0002497465371839525,1,0,0.021935533732175827,0.16367849707603455,0.02350538969039917,0.17391568422317505,0.0017393329180777073,0.0110336784273386,0.024489347240887582,0.17833587061613798,-0.7499114274978638,-0.7496803998947144
batch2_128_255,1,7,"(1, 7)",1,14,5.750153064727783,7.600943565368652,0.00019066399545408785,0.0001906752586364746,1.1263182386755943e-08,5.906997303844952e-05,1,0,0.02350538969039917,0.17391568422317505,0.02508004941046238,0.1839589625597,0.001757154706865549,0.010929051786661148,0.02624650194775313,0.18926492240279913,-0.729473352432251,-0.7292826771736145
batch2_128_255,1,7,"(1, 7)",1,15,5.630605697631836,7.5898637771606445,0.00015101750614121556,0.00015103816986083984,2.066371962428093e-08,0.00013681124210734017,1,0,0.02508004941046238,0.1839589625597,0.02666051685810089,0.19377100467681885,0.0017745796358212829,0.010774991475045681,0.028021081583574414,0.2000399138778448,-0.7086712121963501,-0.7085201740264893
batch2_128_255,1,7,"(1, 7)",1,16,5.510148048400879,7.559802055358887,0.00011672594700939953,0.00011670589447021484,2.0052539184689522e-08,0.00017182113444841676,1,0,0.02666051685810089,0.19377100467681885,0.028245192021131516,0.20335032045841217,0.0017895090859383345,0.01061281468719244,0.02981059066951275,0.21065272856503725,-0.6820563077926636,-0.6819396018981934
batch2_128_255,1,7,"(1, 7)",1,17,5.393972396850586,7.578172206878662,8.584398165112361e-05,8.589029312133789e-05,4.6311470214277506e-08,0.0005391932956714088,1,0,0.028245192021131516,0.20335032045841217,0.029836326837539673,0.21275633573532104,0.0018037224654108286,0.010489012114703655,0.03161431313492358,0.2211417406797409,-0.6600393056869507,-0.6599534153938293
batch2_128_255,1,7,"(1, 7)",1,18,5.27667236328125,7.542221546173096,6.471255619544536e-05,6.473064422607422e-05,1.8088030628859997e-08,0.00027943535623848985,1,0,0.029836326837539673,0.21275633573532104,0.03143124282360077,0.2219996303319931,0.0018125628121197224,0.010354135185480118,0.0334268759470433,0.23149587586522102,-0.6531379222869873,-0.6530731916427612
batch2_128_255,1,7,"(1, 7)",1,19,5.167646408081055,7.578005313873291,4.229818659950979e-05,4.2319297790527344e-05,2.111119101755321e-08,0.0004988549460827465,1,0,0.03143124282360077,0.2219996303319931,0.033032048493623734,0.2311965376138687,0.0018221719656139612,0.010322297923266888,0.03524904791265726,0.2418181737884879,-0.6321704387664795,-0.632128119468689
batch2_128_255,1,7,"(1, 7)",1,20,5.056392669677734,7.604877471923828,2.4054113964666612e-05,2.4020671844482422e-05,3.344212018419057e-08,0.0013922225157025434,1,0,0.033032048493623734,0.2311965376138687,0.03463677689433098,0.24035492539405823,0.0018283857498317957,0.01028368342667818,0.03707743366248906,0.2521018572151661,-0.6113709211349487,-0.6113469004631042
batch2_128_255,1,7,"(1, 7)",1,21,4.943504333496094,7.623110771179199,2.0448542272788472e-06,2.0265579223632812e-06,1.8296304915565997e-08,0.009028266457950367,1,0,0.03463677689433098,0.24035492539405823,0.03624207153916359,0.24944904446601868,0.0018329172162339091,0.010243293829262257,0.038910350878722966,0.26234515104442835,-0.5986732244491577,-0.5986711978912354
batch2_128_255,1,7,"(1, 7)",1,22,4.834205150604248,7.66007661819458,-2.2822845494374633e-05,-2.276897430419922e-05,5.3871190175414085e-08,0.002365991083115183,0,1,0.03624207153916359,0.24944904446601868,0.03784329071640968,0.25840142369270325,0.0018315346678718925,0.010105005465447903,0.04074188554659486,0.27245015650987625,-0.5860217809677124,-0.5860445499420166
batch2_128_255,1,7,"(1, 7)",1,23,4.734044551849365,7.705204963684082,-4.506780533120036e-05,-4.506111145019531e-05,6.693881005048752e-09,0.00014855117394179895,0,1,0.03784329071640968,0.25840142369270325,0.03943876177072525,0.26725468039512634,0.0018267504638060927,0.009994804859161377,0.04256863601040095,0.28244496136903763,-0.5778776407241821,-0.5779227018356323
batch2_128_255,1,7,"(1, 7)",1,24,4.632059574127197,7.77189302444458,-6.379855039995164e-05,-6.383657455444336e-05,3.8024154491722584e-08,0.0005956484156162466,0,1,0.03943876177072525,0.26725468039512634,0.041023410856723785,0.2759701609611511,0.0018152445554733276,0.00984000414609909,0.04438388056587428,0.2922849655151367,-0.5676085352897644,-0.5676723718643188
batch2_128_255,1,7,"(1, 7)",1,25,4.5330729484558105,7.81971549987793,-8.415448246523738e-05,-8.422136306762695e-05,6.688060238957405e-08,0.0007941049628450107,0,1,0.041023410856723785,0.2759701609611511,0.042593542486429214,0.2845132052898407,0.0018000801792368293,0.00965147465467453,0.04618396074511111,0.30193644016981125,-0.562060534954071,-0.5621447563171387
batch2_128_255,1,7,"(1, 7)",1,26,4.439123630523682,7.861402988433838,-0.0001037891415762715,-0.00010383129119873047,4.2149622458964586e-08,0.0004059433526478186,0,1,0.042593542486429214,0.2845132052898407,0.04414619505405426,0.29284486174583435,0.0017804858507588506,0.009423083625733852,0.04796444659586996,0.3113595237955451,-0.5519199967384338,-0.5520238280296326
batch2_128_255,1,7,"(1, 7)",1,27,4.348217010498047,7.889702320098877,-0.00012118758604628965,-0.00012123584747314453,4.8261426854878664e-08,0.00039807885094026547,0,1,0.04414619505405426,0.29284486174583435,0.04567683860659599,0.3009309768676758,0.0017552138306200504,0.009156624786555767,0.04971966042649001,0.32051614858210087,-0.5452253818511963,-0.5453466176986694
batch2_128_255,1,7,"(1, 7)",1,28,4.261901378631592,7.921943664550781,-0.0001438764011254534,-0.00014388561248779297,9.211362339556217e-09,6.401864773198012e-05,0,1,0.04567683860659599,0.3009309768676758,0.04718319699168205,0.3087649643421173,0.0017281877808272839,0.008890661410987377,0.05144784820731729,0.32940680999308825,-0.541627049446106,-0.5417709350585938
batch2_128_255,1,7,"(1, 7)",1,29,4.179935455322266,7.95481014251709,-0.0001569810410728678,-0.0001569986343383789,1.7593265511095524e-08,0.00011205999074601366,0,1,0.04718319699168205,0.3087649643421173,0.04866380989551544,0.31637102365493774,0.0016974365571513772,0.008640763349831104,0.05314528476446867,0.33804757334291935,-0.5347568988800049,-0.5349138975143433
batch2_128_255,1,7,"(1, 7)",1,30,4.103252410888672,7.975499153137207,-0.00016992345626931638,-0.00016993284225463867,9.38598532229662e-09,5.5233498114696596e-05,0,1,0.04866380989551544,0.31637102365493774,0.05011776462197304,0.3237385153770447,0.001666522934101522,0.008386889472603798,0.05481180769857019,0.34643446281552315,-0.5312632918357849,-0.5314332246780396
batch2_128_255,1,7,"(1, 7)",1,31,4.0310516357421875,7.99566650390625,-0.00018629110127221793,-0.0001863241195678711,3.301829565316439e-08,0.00017720891814619323,0,1,0.05011776462197304,0.3237385153770447,0.051543645560741425,0.33088091015815735,0.0016337758861482143,0.008145117200911045,0.056445583584718406,0.3545795800164342,-0.5297612547874451,-0.5299475789070129
batch2_128_255,1,7,"(1, 7)",1,32,3.9615015983581543,8.010278701782227,-0.0001994622143683955,-0.00019949674606323242,3.453169483691454e-08,0.00017309402543322377,0,1,0.051543645560741425,0.33088091015815735,0.052940838038921356,0.33781006932258606,0.0016003191703930497,0.007917642593383789,0.058045902755111456,0.362497222609818,-0.5281733870506287,-0.5283728837966919
batch2_128_255,1,7,"(1, 7)",1,33,3.8975439071655273,8.032432556152344,-0.00021798482339363545,-0.00021797418594360352,1.0637450031936169e-08,4.880142107601859e-05,0,1,0.052940838038921356,0.33781006932258606,0.05430915206670761,0.34454217553138733,0.0015671318396925926,0.007705190684646368,0.05961303459480405,0.37020241329446435,-0.5265933871269226,-0.5268113613128662
batch2_128_255,1,7,"(1, 7)",1,34,3.8363094329833984,8.059773445129395,-0.00022935585002414882,-0.00022935867309570312,2.8230715543031693e-09,1.2308545023388774e-05,0,1,0.05430915206670761,0.34454217553138733,0.055647656321525574,0.351055771112442,0.0015321626560762525,0.00747545063495636,0.0611451972508803,0.3776778639294207,-0.5228300094604492,-0.5230593681335449
batch2_128_255,1,7,"(1, 7)",1,35,3.7814602851867676,8.096918106079102,-0.0002419165102764964,-0.00024193525314331055,1.8742866814136505e-08,7.747059004680956e-05,0,1,0.055647656321525574,0.351055771112442,0.056957636028528214,0.3573838174343109,0.0014981806743890047,0.007271305192261934,0.0626433779252693,0.38494916912168264,-0.5189609527587891,-0.5192028880119324
batch2_128_255,1,7,"(1, 7)",1,36,3.7281837463378906,8.135451316833496,-0.0002498146495781839,-0.0002499222755432129,1.0762596502900124e-07,0.0004306377444550441,0,1,0.056957636028528214,0.3573838174343109,0.058238375931978226,0.3635273277759552,0.0014639284927397966,0.0070689828135073185,0.0641073064180091,0.39201815193518996,-0.5160025358200073,-0.5162524580955505
batch2_128_255,1,7,"(1, 7)",1,37,3.6787145137786865,8.163768768310547,-0.0002591997617855668,-0.00025922060012817383,2.0838342607021332e-08,8.03884513681306e-05,0,1,0.058238375931978226,0.3635273277759552,0.05949099734425545,0.3694900870323181,0.0014307975070551038,0.006873699836432934,0.0655381039250642,0.3988918517716229,-0.5180060267448425,-0.5182652473449707
batch2_128_255,1,7,"(1, 7)",1,38,3.633436679840088,8.174504280090332,-0.000263818830717355,-0.0002638697624206543,5.093170329928398e-08,0.0001930183391687373,0,1,0.05949099734425545,0.3694900870323181,0.06071676313877106,0.3752967417240143,0.001398033811710775,0.006698431447148323,0.06693613773677498,0.4055902832187712,-0.5198162794113159,-0.5200801491737366
batch2_128_255,1,7,"(1, 7)",1,39,3.589242935180664,8.19951057434082,-0.00027213108842261136,-0.0002721548080444336,2.371962182223797e-08,8.715488803109943e-05,0,1,0.06071676313877106,0.3752967417240143,0.061913248151540756,0.3809342086315155,0.0013642518315464258,0.006515667773783207,0.0683003895683214,0.4121059509925544,-0.5203651785850525,-0.5206373333930969
batch2_128_255,2,3,"(2, 3)",0,0,8.679759979248047,8.433267593383789,0.0018854630179703236,0.0018851757049560547,2.873130142688751e-07,0.00015240649108384975,1,0,0.0,0.0,0.001916250097565353,0.015170707367360592,0.001916250097565353,0.015170707367360592,0.001916250097565353,0.015170707367360592,-2.139465570449829,-2.137580394744873
batch2_128_255,2,3,"(2, 3)",0,1,8.448214530944824,8.22580337524414,0.0017325313528999686,0.0017323493957519531,1.8195714801549911e-07,0.00010503490142444262,1,0,0.001916250097565353,0.015170707367360592,0.0038036389742046595,0.029984312132000923,0.001890057697892189,0.014828512445092201,0.003806307795457542,0.029999219812452793,-2.0207340717315674,-2.0190017223358154
batch2_128_255,2,3,"(2, 3)",0,2,8.23393440246582,8.068578720092773,0.0016092202858999372,0.001609206199645996,1.4086253941059113e-08,8.75354192903178e-06,1,0,0.0038036389742046595,0.029984312132000923,0.005660373717546463,0.044379863888025284,0.0018642741488292813,0.01443362794816494,0.005670581944286823,0.04443284776061773,-1.9389963150024414,-1.9373871088027954
batch2_128_255,2,3,"(2, 3)",0,3,8.027978897094727,7.891414642333984,0.0014720142353326082,0.001471877098083496,1.371372491121292e-07,9.317167125617558e-05,1,0,0.005660373717546463,0.044379863888025284,0.0074846199713647366,0.058333609253168106,0.0018397814128547907,0.014048232696950436,0.007510363357141614,0.05848108045756817,-1.8342159986495972,-1.8327441215515137
batch2_128_255,2,3,"(2, 3)",0,4,7.834427833557129,7.737131118774414,0.0013588164001703262,0.0013587474822998047,6.891787052154541e-08,5.0721617827689065e-05,1,0,0.0074846199713647366,0.058333609253168106,0.009275410324335098,0.07179220765829086,0.0018171315314248204,0.013607442378997803,0.009327494888566434,0.07208852283656597,-1.75990629196167,-1.7585475444793701
batch2_128_255,2,3,"(2, 3)",0,5,7.651486396789551,7.616440773010254,0.0012777515221387148,0.0012778043746948242,5.2852556109428406e-08,4.136200904935162e-05,1,0,0.009275410324335098,0.07179220765829086,0.011040548793971539,0.0848516896367073,0.00180397043004632,0.013283459469676018,0.011131465318612754,0.08537198230624199,-1.7093920707702637,-1.7081142663955688
batch2_128_255,2,3,"(2, 3)",0,6,7.473576545715332,7.464842319488525,0.0011798456544056535,0.0011796951293945312,1.5052501112222672e-07,0.00012759653521624898,1,0,0.011040548793971539,0.0848516896367073,0.012782012112438679,0.09744322299957275,0.0017948895692825317,0.012894499115645885,0.012926354887895286,0.09826648142188787,-1.646348476409912,-1.6451687812805176
batch2_128_255,2,3,"(2, 3)",0,7,7.308809280395508,7.34931755065918,0.0011144309537485242,0.0011143684387207031,6.2515027821064e-08,5.609906530808729e-05,1,0,0.012782012112438679,0.09744322299957275,0.014509296976029873,0.10960901528596878,0.0017959480173885822,0.012545167468488216,0.014722302905283868,0.11081164889037609,-1.6014273166656494,-1.6003129482269287
batch2_128_255,2,3,"(2, 3)",0,8,7.158653736114502,7.235172748565674,0.0010377645958214998,0.0010377168655395508,4.7730281949043274e-08,4.599547673750718e-05,1,0,0.014509296976029873,0.10960901528596878,0.016222048550844193,0.12124377489089966,0.0017982788849622011,0.012107416987419128,0.01652058179024607,0.12291906587779522,-1.55427086353302,-1.5532331466674805
batch2_128_255,2,3,"(2, 3)",0,9,7.012883186340332,7.143635272979736,0.0009864865569397807,0.000986337661743164,1.4889519661664963e-07,0.00015095763083152041,1,0,0.016222048550844193,0.12124377489089966,0.017929663881659508,0.13247095048427582,0.0018066734774038196,0.01179926935583353,0.01832725526764989,0.13471833523362875,-1.5224521160125732,-1.52146577835083
batch2_128_255,2,3,"(2, 3)",0,10,6.8784260749816895,7.050944805145264,0.0009058044524863362,0.0009057521820068359,5.227047950029373e-08,5.770947124243222e-05,1,0,0.017929663881659508,0.13247095048427582,0.019631817936897278,0.14322856068611145,0.0018185155931860209,0.01146107167005539,0.02014577086083591,0.14617940690368414,-1.4684169292449951,-1.4675111770629883
batch2_128_255,2,3,"(2, 3)",0,11,6.745466232299805,6.970105171203613,0.0008376744226552546,0.0008374452590942383,2.2916356101632118e-07,0.000273646018683274,1,0,0.019631817936897278,0.14322856068611145,0.021333444863557816,0.1536157876253128,0.0018335266504436731,0.01123361848294735,0.021979297511279583,0.1574130253866315,-1.437092900276184,-1.4362554550170898
batch2_128_255,2,3,"(2, 3)",0,12,6.621462345123291,6.912558555603027,0.0007702569128014147,0.0007703304290771484,7.351627573370934e-08,9.543472899257196e-05,1,0,0.021333444863557816,0.1536157876253128,0.023038698360323906,0.16375306248664856,0.0018527028150856495,0.011095451191067696,0.023832000326365232,0.16850847657769918,-1.420274019241333,-1.4195036888122559
batch2_128_255,2,3,"(2, 3)",0,13,6.491341590881348,6.843021869659424,0.0006894044345244765,0.000689387321472168,1.7113052308559418e-08,2.482356692028359e-05,1,0,0.023038698360323906,0.16375306248664856,0.02474856749176979,0.17362722754478455,0.0018746156711131334,0.01099318265914917,0.025706615997478366,0.17950165923684835,-1.37068510055542,-1.3699957132339478
batch2_128_255,2,3,"(2, 3)",0,14,6.372209548950195,6.797369003295898,0.0006172179128043354,0.0006171464920043945,7.142079994082451e-08,0.00011572746643809156,1,0,0.02474856749176979,0.17362722754478455,0.026469459757208824,0.18330737948417664,0.0019000611500814557,0.010913941077888012,0.02760667714755982,0.19041560031473637,-1.3432326316833496,-1.3426154851913452
batch2_128_255,2,3,"(2, 3)",0,15,6.25383186340332,6.759499549865723,0.0005489414907060564,0.0005488395690917969,1.0192161425948143e-07,0.0001857038376954822,1,0,0.026469459757208824,0.18330737948417664,0.028204217553138733,0.1927732527256012,0.0019288492621853948,0.010805565863847733,0.029535526409745216,0.2012211661785841,-1.31048583984375,-1.3099370002746582
batch2_128_255,2,3,"(2, 3)",0,16,6.136777877807617,6.739523410797119,0.00048535503447055817,0.0004851818084716797,1.73225998878479e-07,0.00035703316953316955,1,0,0.028204217553138733,0.1927732527256012,0.02995431236922741,0.20203493535518646,0.001957880100235343,0.01068804506212473,0.03149340650998056,0.21190921124070883,-1.288940191268921,-1.2884550094604492
batch2_128_255,2,3,"(2, 3)",0,17,6.02384090423584,6.72969913482666,0.0004329202638473362,0.0004328489303588867,7.133348844945431e-08,0.00016479996471357753,1,0,0.02995431236922741,0.20203493535518646,0.031723227351903915,0.2111666351556778,0.001986155519261956,0.010595177300274372,0.033479562029242516,0.2225043885409832,-1.2731047868728638,-1.2726719379425049
batch2_128_255,2,3,"(2, 3)",0,18,5.914041519165039,6.720858573913574,0.00038070822483859956,0.00038063526153564453,7.29633029550314e-08,0.00019168823892107737,1,0,0.031723227351903915,0.2111666351556778,0.03351195529103279,0.22021549940109253,0.002016596030443907,0.01055600494146347,0.03549615805968642,0.23306039348244667,-1.26863694190979,-1.2682563066482544
batch2_128_255,2,3,"(2, 3)",0,19,5.8042707443237305,6.726513862609863,0.00036280963104218245,0.00036263465881347656,1.7497222870588303e-07,0.0004825027736686391,1,0,0.03351195529103279,0.22021549940109253,0.03532491251826286,0.22922483086585999,0.0020467997528612614,0.01047817338258028,0.037542957812547684,0.24353856686502695,-1.2756614685058594,-1.275298833847046
batch2_128_255,2,3,"(2, 3)",0,20,5.696171283721924,6.730569839477539,0.0003129568067379296,0.0003129243850708008,3.2421667128801346e-08,0.00010360863095238095,1,0,0.03532491251826286,0.22922483086585999,0.03715785592794418,0.2381850630044937,0.0020749263931065798,0.010421846061944962,0.039617884205654263,0.2539604129269719,-1.2798675298690796,-1.2795546054840088
batch2_128_255,2,3,"(2, 3)",0,21,5.581937789916992,6.712977409362793,0.00025037932209670544,0.0002503395080566406,3.9814040064811707e-08,0.00015904017857142858,1,0,0.03715785592794418,0.2381850630044937,0.039004627615213394,0.24692760407924652,0.002099409466609359,0.010218411684036255,0.04171729367226362,0.26417882461100817,-1.2916775941848755,-1.2914272546768188
batch2_128_255,2,3,"(2, 3)",0,22,5.478894233703613,6.716854095458984,0.00019905908266082406,0.0001989603042602539,9.877840057015419e-08,0.0004964729066806471,1,0,0.039004627615213394,0.24692760407924652,0.040866125375032425,0.25556480884552,0.002121327444911003,0.010107368230819702,0.043838621117174625,0.27428619284182787,-1.310225486755371,-1.3100265264511108
batch2_128_255,2,3,"(2, 3)",0,23,5.377411842346191,6.738731384277344,0.00016428926028311253,0.00016415119171142578,1.380685716867447e-07,0.0008411061183732753,1,0,0.040866125375032425,0.25556480884552,0.042745545506477356,0.26411280035972595,0.002144481521099806,0.010002871043980122,0.04598310263827443,0.284289063885808,-1.330748200416565,-1.3305840492248535
batch2_128_255,2,3,"(2, 3)",0,24,5.279198169708252,6.757455825805664,0.00011214410187676549,0.0001119375228881836,2.0657898858189583e-07,0.0018454847244408945,1,0,0.042745545506477356,0.26411280035972595,0.04464301839470863,0.27256304025650024,0.002169279148802161,0.009908526204526424,0.04815238178707659,0.2941975900903344,-1.3416085243225098,-1.3414965867996216
batch2_128_255,2,3,"(2, 3)",0,25,5.181346416473389,6.778007507324219,6.63476312183775e-05,6.639957427978516e-05,5.194306140765548e-08,0.0007822800367482046,1,0,0.04464301839470863,0.27256304025650024,0.04655499383807182,0.2808859348297119,0.002188294194638729,0.009768989868462086,0.05034067598171532,0.3039665799587965,-1.3724324703216553,-1.3723660707473755
batch2_128_255,2,3,"(2, 3)",0,26,5.0824079513549805,6.810164928436279,5.2986656555731315e-06,5.245208740234375e-06,5.3456915338756517e-08,0.010191570628773083,1,0,0.04655499383807182,0.2808859348297119,0.04847812280058861,0.2890724539756775,0.0022029986139386892,0.009668010286986828,0.05254367459565401,0.31363459024578333,-1.4012980461120605,-1.4012928009033203
batch2_128_255,2,3,"(2, 3)",0,27,4.988306045532227,6.8389081954956055,-3.692123937071301e-05,-3.719329833984375e-05,2.7205896913073957e-07,0.007314730913211138,0,1,0.04847812280058861,0.2890724539756775,0.050410378724336624,0.2971225082874298,0.002215316519141197,0.00954004842787981,0.05475899111479521,0.32317463867366314,-1.4330735206604004,-1.4331107139587402
batch2_128_255,2,3,"(2, 3)",0,28,4.897168159484863,6.895702362060547,-7.553343311883509e-05,-7.545948028564453e-05,7.395283319056034e-08,0.000980033693720379,0,1,0.050410378724336624,0.2971225082874298,0.05235348269343376,0.30505627393722534,0.0022302931174635887,0.009431552141904831,0.0569892842322588,0.33260619081556797,-1.491489052772522,-1.4915645122528076
batch2_128_255,2,3,"(2, 3)",0,29,4.808309078216553,6.940337657928467,-0.00010224014840787277,-0.00010216236114501953,7.7787262853235e-08,0.0007614082327523338,0,1,0.05235348269343376,0.30505627393722534,0.05430428683757782,0.3129067122936249,0.002237740671262145,0.009333347901701927,0.05922702490352094,0.3419395387172699,-1.5483893156051636,-1.5484914779663086
batch2_128_255,2,3,"(2, 3)",0,30,4.725113868713379,6.9566850662231445,-0.0001459913473809138,-0.0001462697982788086,2.784508978947997e-07,0.0019036800567950286,0,1,0.05430428683757782,0.3129067122936249,0.0562613271176815,0.3207380771636963,0.0022429616656154394,0.009302794001996517,0.06146998656913638,0.3512423327192664,-1.5920881032943726,-1.5922343730926514
batch2_128_255,2,3,"(2, 3)",0,31,4.635340213775635,6.9759840965271,-0.00017028467846103013,-0.0001703500747680664,6.539630703628063e-08,0.00038389362097620715,0,1,0.0562613271176815,0.3207380771636963,0.058216825127601624,0.32843396067619324,0.002241803565993905,0.009153813123703003,0.06371179013513029,0.3603961458429694,-1.6368441581726074,-1.6370145082473755
batch2_128_255,2,3,"(2, 3)",0,32,4.550548553466797,6.990745544433594,-0.0002302047796547413,-0.0002301931381225586,1.1641532182693481e-08,5.057288969445883e-05,0,1,0.058216825127601624,0.32843396067619324,0.06016998365521431,0.33597156405448914,0.0022393176332116127,0.008987290784716606,0.0659511077683419,0.369383436627686,-1.7040431499481201,-1.7042733430862427
batch2_128_255,2,3,"(2, 3)",0,33,4.468540191650391,7.01984977722168,-0.00026814709417521954,-0.0002683401107788086,1.9301660358905792e-07,0.0007192983673922701,0,1,0.06016998365521431,0.33597156405448914,0.062115833163261414,0.3433694839477539,0.002230206038802862,0.008831358514726162,0.06818131380714476,0.3782147951424122,-1.775084376335144,-1.7753527164459229
batch2_128_255,2,3,"(2, 3)",0,34,4.386734962463379,7.046772003173828,-0.0003064210177399218,-0.0003064870834350586,6.606569513678551e-08,0.00021555784471022948,0,1,0.062115833163261414,0.3433694839477539,0.06405224651098251,0.3505580425262451,0.002219386864453554,0.008619018830358982,0.07040070067159832,0.38683381397277117,-1.8443154096603394,-1.8446218967437744
batch2_128_255,2,3,"(2, 3)",0,35,4.313178062438965,7.093089580535889,-0.00033905665623024106,-0.00033915042877197266,9.377254173159599e-08,0.00027649247583479787,0,1,0.06405224651098251,0.3505580425262451,0.06597622483968735,0.3576086461544037,0.0022029997780919075,0.0084533104673028,0.07260370044969022,0.39528712444007397,-1.918748378753662,-1.919087529182434
batch2_128_255,2,3,"(2, 3)",0,36,4.243129730224609,7.130428314208984,-0.0003870468935929239,-0.0003871917724609375,1.4487886801362038e-07,0.00037417858104987685,0,1,0.06597622483968735,0.3576086461544037,0.06788814812898636,0.3645409047603607,0.002187139354646206,0.008323188871145248,0.07479083980433643,0.4036103133112192,-2.004385471343994,-2.004772663116455
batch2_128_255,2,3,"(2, 3)",0,37,4.174163341522217,7.167038440704346,-0.00040922671905718744,-0.0004093647003173828,1.379812601953745e-07,0.00033706194033925453,0,1,0.06788814812898636,0.3645409047603607,0.06978300213813782,0.37128564715385437,0.0021652220748364925,0.00811932235956192,0.07695606187917292,0.41172963567078114,-2.079525947570801,-2.079935312271118
batch2_128_255,2,3,"(2, 3)",0,38,4.109066486358643,7.209275245666504,-0.000439557246863842,-0.00043964385986328125,8.66129994392395e-08,0.00019700718546637744,0,1,0.06978300213813782,0.37128564715385437,0.07165923714637756,0.3778713047504425,0.0021413080394268036,0.007941610179841518,0.07909736991859972,0.41967124585062265,-2.176710367202759,-2.177150011062622
batch2_128_255,2,3,"(2, 3)",0,39,4.0478692054748535,7.226524829864502,-0.0004461837525013834,-0.000446319580078125,1.358275767415762e-07,0.00030432807074652775,0,1,0.07165923714637756,0.3778713047504425,0.07351570576429367,0.38431215286254883,0.0021167504601180553,0.00777501380071044,0.08121412037871778,0.4274462596513331,-2.243898391723633,-2.244344711303711
batch2_128_255,2,4,"(2, 4)",0,0,8.765385627746582,8.433267593383789,0.0021361184772104025,0.002135753631591797,3.648456186056137e-07,0.00017082757730520207,1,0,0.0,0.0,0.0018430184572935104,0.01445062831044197,0.0018430184572935104,0.01445062831044197,0.0018430184572935104,0.01445062831044197,-2.562473773956299,-2.560338020324707
batch2_128_255,2,4,"(2, 4)",0,1,8.554656028747559,8.293282508850098,0.0020043852273374796,0.0020041465759277344,2.3865140974521637e-07,0.00011907882018796098,1,0,0.0018430184572935104,0.01445062831044197,0.0036705334205180407,0.028812000527977943,0.0018298239447176456,0.014375525526702404,0.003672842402011156,0.028826153837144375,-2.468327522277832,-2.4663233757019043
batch2_128_255,2,4,"(2, 4)",0,2,8.348745346069336,8.144064903259277,0.0018885777099058032,0.001888275146484375,3.025634214282036e-07,0.00016023269807449494,1,0,0.0036705334205180407,0.028812000527977943,0.005482592154294252,0.043093353509902954,0.001818906981498003,0.014320001006126404,0.005491749383509159,0.04314615484327078,-2.3827600479125977,-2.3808717727661133
batch2_128_255,2,4,"(2, 4)",0,3,8.146244049072266,8.007730484008789,0.001794625772163272,0.0017943382263183594,2.87545844912529e-07,0.00016025175225883604,1,0,0.005482592154294252,0.043093353509902954,0.007278183475136757,0.05731969326734543,0.0018092035315930843,0.014301019720733166,0.007300952915102243,0.057447174564003944,-2.299039363861084,-2.2972450256347656
batch2_128_255,2,4,"(2, 4)",0,4,7.946476936340332,7.889703273773193,0.0017209213692694902,0.0017206668853759766,2.544838935136795e-07,0.00014789840827213524,1,0,0.007278183475136757,0.05731969326734543,0.009054727852344513,0.07140558958053589,0.0018004912417382002,0.014214609749615192,0.009101444156840444,0.07166178431361914,-2.2435410022735596,-2.2418203353881836
batch2_128_255,2,4,"(2, 4)",0,5,7.737495422363281,7.741446495056152,0.0016256264643743634,0.0016257762908935547,1.498265191912651e-07,9.21569099208095e-05,1,0,0.009054727852344513,0.07140558958053589,0.010810120962560177,0.08523900806903839,0.001793653005734086,0.014027481898665428,0.01089509716257453,0.08568926621228456,-2.155430793762207,-2.1538050174713135
batch2_128_255,2,4,"(2, 4)",0,6,7.532650947570801,7.622594356536865,0.0015532263787463307,0.0015530586242675781,1.6775447875261307e-07,0.00010801554824224747,1,0,0.010810120962560177,0.08523900806903839,0.012547600083053112,0.09872181713581085,0.0017936771037057042,0.013742112554609776,0.012688774266280234,0.09943137876689434,-2.088446617126465,-2.0868935585021973
batch2_128_255,2,4,"(2, 4)",0,7,7.3411970138549805,7.495795726776123,0.001483455183915794,0.0014832019805908203,2.532033249735832e-07,0.00017071398790387398,1,0,0.012547600083053112,0.09872181713581085,0.014270395040512085,0.11179284751415253,0.0017979259137064219,0.013407419435679913,0.014486700179986656,0.11283879820257425,-2.0282645225524902,-2.0267813205718994
batch2_128_255,2,4,"(2, 4)",0,8,7.173460960388184,7.395323276519775,0.0014201718149706721,0.0014199018478393555,2.6996713131666183e-07,0.00019013084018974059,1,0,0.014270395040512085,0.11179284751415253,0.015982087701559067,0.12434805929660797,0.001807031105272472,0.012979190796613693,0.016293731285259128,0.12581798899918795,-1.981384515762329,-1.9799646139144897
batch2_128_255,2,4,"(2, 4)",0,9,7.014188766479492,7.287314414978027,0.0013333223760128021,0.0013331174850463867,2.0489096641540527e-07,0.0001536931056067245,1,0,0.015982087701559067,0.12434805929660797,0.01768760196864605,0.1364280879497528,0.0018214796436950564,0.012621384114027023,0.018115210928954184,0.13843937311321497,-1.9176803827285767,-1.9163472652435303
batch2_128_255,2,4,"(2, 4)",0,10,6.861720085144043,7.203101634979248,0.001230538124218583,0.001230478286743164,5.98374754190445e-08,4.8629444390621976e-05,1,0,0.01768760196864605,0.1364280879497528,0.01939081959426403,0.14796529710292816,0.001840405398979783,0.012210340239107609,0.019955616327933967,0.15064971335232258,-1.8664617538452148,-1.8652312755584717
batch2_128_255,2,4,"(2, 4)",0,11,6.717876434326172,7.1363348960876465,0.0011572003131732345,0.0011570453643798828,1.5494879335165024e-07,0.00013391764758912013,1,0,0.01939081959426403,0.14796529710292816,0.021102173253893852,0.15905453264713287,0.0018666532123461366,0.0118778757750988,0.021822269540280104,0.16252758912742138,-1.8455216884613037,-1.8443646430969238
batch2_128_255,2,4,"(2, 4)",0,12,6.575318813323975,7.070641994476318,0.0010596744250506163,0.0010596513748168945,2.3050233721733093e-08,2.175265777927776e-05,1,0,0.021102173253893852,0.15905453264713287,0.022821364924311638,0.1696612387895584,0.001893407548777759,0.01152508519589901,0.023715677089057863,0.1740526743233204,-1.832263469696045,-1.831203818321228
batch2_128_255,2,4,"(2, 4)",0,13,6.444443702697754,7.021121978759766,0.0009837705874815583,0.0009837150573730469,5.5530108511447906e-08,5.644938348279205e-05,1,0,0.022821364924311638,0.1696612387895584,0.02455444261431694,0.17980830371379852,0.0019224986899644136,0.011220986023545265,0.025638175779022276,0.18527366034686565,-1.840994954109192,-1.8400112390518188
batch2_128_255,2,4,"(2, 4)",0,14,6.319000244140625,6.955094814300537,0.0008860232774168253,0.0008858442306518555,1.7904676496982574e-07,0.00020211991993002287,1,0,0.02455444261431694,0.17980830371379852,0.026304179802536964,0.18959704041481018,0.0019541028887033463,0.011038311757147312,0.027592278667725623,0.19631197210401297,-1.839419960975647,-1.8385341167449951
batch2_128_255,2,4,"(2, 4)",0,15,6.198875427246094,6.881963729858398,0.0007735827239230275,0.0007735490798950195,3.364402800798416e-08,4.3493074818924336e-05,1,0,0.026304179802536964,0.18959704041481018,0.02807016670703888,0.1991346776485443,0.00198416062630713,0.010916058905422688,0.029576439294032753,0.20722803100943565,-1.8209038972854614,-1.8201303482055664
batch2_128_255,2,4,"(2, 4)",0,16,6.0884785652160645,6.85439395904541,0.0007013588910922408,0.0007011890411376953,1.698499545454979e-07,0.00024223133075484528,1,0,0.02807016670703888,0.1991346776485443,0.029860613867640495,0.2086305320262909,0.002015425357967615,0.010919611901044846,0.03159186465200037,0.2181476429104805,-1.832556128501892,-1.8318549394607544
batch2_128_255,2,4,"(2, 4)",0,17,5.9642744064331055,6.826230049133301,0.0006141641060821712,0.0006139278411865234,2.362648956477642e-07,0.0003848414745145631,1,0,0.029860613867640495,0.2086305320262909,0.0316716730594635,0.21796099841594696,0.0020437799394130707,0.01078226137906313,0.03363564459141344,0.22892990428954363,-1.8479433059692383,-1.8473293781280518
batch2_128_255,2,4,"(2, 4)",0,18,5.850317001342773,6.77468729019165,0.0005397769273258746,0.0005397796630859375,2.735760062932968e-09,5.068290359982332e-06,1,0,0.0316716730594635,0.21796099841594696,0.033506229519844055,0.22717754542827606,0.0020728474482893944,0.010672333650290966,0.03570849203970283,0.2396022379398346,-1.849665641784668,-1.849125862121582
batch2_128_255,2,4,"(2, 4)",0,19,5.73349142074585,6.769740104675293,0.0004952189628966153,0.0004951953887939453,2.35741026699543e-08,4.7605658702455464e-05,1,0,0.033506229519844055,0.22717754542827606,0.03536631911993027,0.2362973839044571,0.0021017000544816256,0.010568753816187382,0.03781019209418446,0.250170991756022,-1.8818261623382568,-1.881330966949463
batch2_128_255,2,4,"(2, 4)",0,20,5.623002052307129,6.739206790924072,0.0003960133180953562,0.00039589405059814453,1.1926749721169472e-07,0.00030126115063233965,1,0,0.03536631911993027,0.2362973839044571,0.0372471921145916,0.24529075622558594,0.0021316646598279476,0.010528109967708588,0.039941856754012406,0.26069910172373056,-1.9228240251541138,-1.9224281311035156
batch2_128_255,2,4,"(2, 4)",0,21,5.512410640716553,6.7354841232299805,0.0003341676783747971,0.0003342628479003906,9.516952559351921e-08,0.00028471463757132666,1,0,0.0372471921145916,0.24529075622558594,0.03915166109800339,0.25432872772216797,0.002160707488656044,0.010563872754573822,0.04210256424266845,0.2712629744783044,-1.9856748580932617,-1.9853405952453613
batch2_128_255,2,4,"(2, 4)",0,22,5.3999834060668945,6.727359771728516,0.00022525840904563665,0.000225067138671875,1.912703737616539e-07,0.0008498369637182203,1,0,0.03915166109800339,0.25432872772216797,0.04107946529984474,0.2633053958415985,0.0021912893280386925,0.010512547567486763,0.04429385357070714,0.28177552204579115,-2.0452821254730225,-2.0450570583343506
batch2_128_255,2,4,"(2, 4)",0,23,5.294739723205566,6.755585670471191,0.00017707818187773228,0.00017690658569335938,1.7159618437290192e-07,0.0009699818901617251,1,0,0.04107946529984474,0.2633053958415985,0.043027762323617935,0.2721751630306244,0.0022135444451123476,0.010362468659877777,0.04650739801581949,0.2921379907056689,-2.142244815826416,-2.1420679092407227
batch2_128_255,2,4,"(2, 4)",0,24,5.18699836730957,6.775205612182617,0.00011918655945919454,0.00011897087097167969,2.1568848751485348e-07,0.001812952076027054,1,0,0.043027762323617935,0.2721751630306244,0.0449930764734745,0.28090816736221313,0.002231904538348317,0.010190464556217194,0.04873930255416781,0.3023284552618861,-2.2142703533172607,-2.214151382446289
batch2_128_255,2,4,"(2, 4)",0,25,5.083292007446289,6.798498153686523,5.218370642978698e-05,5.221366882324219e-05,2.996239345520735e-08,0.000573841948487443,1,0,0.0449930764734745,0.28090816736221313,0.046973295509815216,0.2895985543727875,0.002249104669317603,0.01012534461915493,0.05098840722348541,0.31245379988104105,-2.300847053527832,-2.300794839859009
batch2_128_255,2,4,"(2, 4)",0,26,4.978415489196777,6.838831901550293,-1.489316582592437e-05,-1.52587890625e-05,3.6562323657562956e-07,0.02396148443222046,0,1,0.046973295509815216,0.2895985543727875,0.04896501824259758,0.29820048809051514,0.0022618041839450598,0.010030058212578297,0.05325021140743047,0.32248385809361935,-2.4037623405456543,-2.403777599334717
batch2_128_255,2,4,"(2, 4)",0,27,4.878634452819824,6.8789496421813965,-8.08353943284601e-05,-8.106231689453125e-05,2.269225660711527e-07,0.002799359489889706,0,1,0.04896501824259758,0.29820048809051514,0.05096491798758507,0.3066822290420532,0.0022703749127686024,0.009899755008518696,0.05552058632019907,0.33238361310213804,-2.501703977584839,-2.5017850399017334
batch2_128_255,2,4,"(2, 4)",0,28,4.779736518859863,6.912405014038086,-0.0001260123826796189,-0.00012612342834472656,1.1104566510766745e-07,0.0008804523201205104,0,1,0.05096491798758507,0.3066822290420532,0.05296728387475014,0.3150269389152527,0.002271854318678379,0.00976534653455019,0.05779244063887745,0.34214895963668823,-2.6005773544311523,-2.600703477859497
batch2_128_255,2,4,"(2, 4)",0,29,4.686530113220215,6.966019630432129,-0.00021016527898609638,-0.0002105236053466797,3.5832636058330536e-07,0.0017020721262740656,0,1,0.05296728387475014,0.3150269389152527,0.05496911704540253,0.3232235908508301,0.0022729323245584965,0.009626731276512146,0.06006537296343595,0.3517756909132004,-2.7252042293548584,-2.725414752960205
batch2_128_255,2,4,"(2, 4)",0,30,4.594451904296875,7.023248672485352,-0.0002897027297876775,-0.00028967857360839844,2.4156179279088974e-08,8.338959619341564e-05,0,1,0.05496911704540253,0.3232235908508301,0.056968532502651215,0.33124926686286926,0.002271214034408331,0.009458471089601517,0.06233658699784428,0.3612341620028019,-2.858828544616699,-2.8591182231903076
batch2_128_255,2,4,"(2, 4)",0,31,4.504831314086914,7.0923309326171875,-0.0003302697150502354,-0.0003304481506347656,1.7843558453023434e-07,0.0005399805814844877,0,1,0.056968532502651215,0.33124926686286926,0.05896320939064026,0.33911773562431335,0.0022633313201367855,0.009296945296227932,0.06459991831798106,0.3705311072990298,-3.0042569637298584,-3.004587411880493
batch2_128_255,2,4,"(2, 4)",0,32,4.417323112487793,7.169570446014404,-0.00039062724681571126,-0.0003910064697265625,3.7922291085124016e-07,0.0009698635194359756,0,1,0.05896320939064026,0.33911773562431335,0.06094818562269211,0.34676849842071533,0.0022537449840456247,0.009074853733181953,0.06685366330202669,0.3796059610322118,-3.1606597900390625,-3.161050796508789
batch2_128_255,2,4,"(2, 4)",0,33,4.334423065185547,7.260847568511963,-0.0004823407216463238,-0.00048232078552246094,1.9936123862862587e-08,4.133374397553139e-05,0,1,0.06094818562269211,0.34676849842071533,0.0629180520772934,0.35418298840522766,0.0022362880408763885,0.00882325042039156,0.06908995134290308,0.38842921145260334,-3.3254668712615967,-3.325949192047119
batch2_128_255,2,4,"(2, 4)",0,34,4.253547668457031,7.354125022888184,-0.0005327538237906992,-0.0005331039428710938,3.5011908039450645e-07,0.0006567557510621646,0,1,0.0629180520772934,0.35418298840522766,0.06486822664737701,0.361384779214859,0.00221281498670578,0.008590924553573132,0.07130276632960886,0.39702013600617647,-3.4970486164093018,-3.497581720352173
batch2_128_255,2,4,"(2, 4)",0,35,4.180956840515137,7.458388805389404,-0.0006055747508071363,-0.0006058216094970703,2.468586899340153e-07,0.00040747752484258167,0,1,0.06486822664737701,0.361384779214859,0.06680042296648026,0.36840444803237915,0.0021918565034866333,0.008390811271965504,0.07349462283309549,0.405410947278142,-3.6852481365203857,-3.685853958129883
batch2_128_255,2,4,"(2, 4)",0,36,4.110171318054199,7.5577521324157715,-0.0006494394037872553,-0.0006496906280517578,2.5122426450252533e-07,0.0003866829128440367,0,1,0.06680042296648026,0.36840444803237915,0.06870926916599274,0.3752273917198181,0.0021626583766192198,0.00816953182220459,0.07565728120971471,0.41358047910034657,-3.8479692935943604,-3.848618984222412
batch2_128_255,2,4,"(2, 4)",0,37,4.044083595275879,7.647420883178711,-0.0006872481317259371,-0.0006875991821289062,3.5105040296912193e-07,0.0005105451142076976,0,1,0.06870926916599274,0.3752273917198181,0.07059253007173538,0.3818832337856293,0.00213164696469903,0.007974794134497643,0.07778892817441374,0.4215552732348442,-4.018647193908691,-4.01933479309082
batch2_128_255,2,4,"(2, 4)",0,38,3.9793758392333984,7.733285427093506,-0.0007178972009569407,-0.0007185935974121094,6.963964551687241e-07,0.0009691102977770405,0,1,0.07059253007173538,0.3818832337856293,0.0724480003118515,0.3883489966392517,0.00209853146225214,0.007758652325719595,0.07988745963666588,0.4293139255605638,-4.159891605377197,-4.160610198974609
batch2_128_255,2,4,"(2, 4)",0,39,3.919544219970703,7.812866687774658,-0.0007533836178481579,-0.0007538795471191406,4.959292709827423e-07,0.0006578362191650854,0,1,0.0724480003118515,0.3883489966392517,0.07427621632814407,0.39464041590690613,0.0020660075824707747,0.007557026110589504,0.08195346721913666,0.4368709516711533,-4.304858207702637,-4.305612087249756
batch2_128_255,2,5,"(2, 5)",0,0,8.849956512451172,8.433267593383789,0.0015635924646630883,0.001563429832458496,1.6263220459222794e-07,0.00010402270777735417,1,0,0.0,0.0,0.001957639819011092,0.015572022646665573,0.001957639819011092,0.015572022646665573,0.001957639819011092,0.015572022646665573,-1.8438193798065186,-1.84225594997406
batch2_128_255,2,5,"(2, 5)",0,1,8.60517692565918,8.246485710144043,0.0015257247723639011,0.0015254020690917969,3.227032721042633e-07,0.00021155292669584245,1,0,0.001957639819011092,0.015572022646665573,0.0038905206602066755,0.031203575432300568,0.0019356005359441042,0.01564597338438034,0.0038932403549551964,0.031217996031045914,-1.8290679454803467,-1.8275425434112549
batch2_128_255,2,5,"(2, 5)",0,2,8.365694999694824,8.068377494812012,0.0014890111051499844,0.0014885663986206055,4.44706529378891e-07,0.0002987481981260511,1,0,0.0038905206602066755,0.031203575432300568,0.005795418284833431,0.046906404197216034,0.0019129074644297361,0.015750495716929436,0.0058061478193849325,0.04696849174797535,-1.80705726146698,-1.8055686950683594
batch2_128_255,2,5,"(2, 5)",0,3,8.119710922241211,7.897216796875,0.0014481230173259974,0.001447916030883789,2.069864422082901e-07,0.00014295472789395685,1,0,0.005795418284833431,0.046906404197216034,0.007665786426514387,0.06257352232933044,0.001887546037323773,0.01576036401093006,0.007693693856708705,0.06272885575890541,-1.7784098386764526,-1.7769619226455688
batch2_128_255,2,5,"(2, 5)",0,4,7.872684478759766,7.734265327453613,0.001411661272868514,0.00141143798828125,2.2328458726406097e-07,0.00015819652660472973,1,0,0.007665786426514387,0.06257352232933044,0.009498120285570621,0.07801444083452225,0.0018635487649589777,0.01560171041637659,0.009557242621667683,0.078330566175282,-1.7632626295089722,-1.761851191520691
batch2_128_255,2,5,"(2, 5)",0,5,7.623338222503662,7.5547966957092285,0.0013531872536987066,0.0013529062271118164,2.8102658689022064e-07,0.00020772066922195788,1,0,0.009498120285570621,0.07801444083452225,0.011289925314486027,0.09299415349960327,0.001841736026108265,0.01521310769021511,0.011398978647775948,0.09354367386549711,-1.708979606628418,-1.7076267004013062
batch2_128_255,2,5,"(2, 5)",0,6,7.3906755447387695,7.379411220550537,0.001293306122533977,0.001293182373046875,1.237494871020317e-07,9.569376267514749e-05,1,0,0.011289925314486027,0.09299415349960327,0.013043154031038284,0.10725685209035873,0.001825465471483767,0.01460291724652052,0.013224444119259715,0.10814659111201763,-1.6662598848342896,-1.6649667024612427
batch2_128_255,2,5,"(2, 5)",0,7,7.179677963256836,7.241921424865723,0.0012009216006845236,0.001200556755065918,3.648456186056137e-07,0.00030389701866746104,1,0,0.013043154031038284,0.10725685209035873,0.014754880219697952,0.12066654860973358,0.0018119447631761432,0.013907658867537975,0.015036388882435858,0.1220542499795556,-1.628748893737793,-1.627548336982727
batch2_128_255,2,5,"(2, 5)",0,8,6.991800785064697,7.143908500671387,0.0011152237420901656,0.001114964485168457,2.5925692170858383e-07,0.00023252482492248477,1,0,0.014754880219697952,0.12066654860973358,0.016441933810710907,0.1333700567483902,0.0018149453680962324,0.013384383171796799,0.01685133425053209,0.1354386331513524,-1.601692795753479,-1.6005778312683105
batch2_128_255,2,5,"(2, 5)",0,9,6.812461853027344,7.046812534332275,0.001039631199091673,0.0010395050048828125,1.2619420886039734e-07,0.00012139836582568808,1,0,0.016441933810710907,0.1333700567483902,0.01811954379081726,0.14557231962680817,0.0018293507164344192,0.013047181069850922,0.01868068496696651,0.14848581422120333,-1.578308343887329,-1.5772688388824463
batch2_128_255,2,5,"(2, 5)",0,10,6.644625186920166,6.950999736785889,0.0009410091442987323,0.0009409189224243164,9.022187441587448e-08,9.58869805523882e-05,1,0,0.01811954379081726,0.14557231962680817,0.019792398437857628,0.15730048716068268,0.0018502729944884777,0.012766100466251373,0.020530957961454988,0.1612519146874547,-1.5483254194259644,-1.54738450050354
batch2_128_255,2,5,"(2, 5)",0,11,6.480670928955078,6.8780670166015625,0.0008430684101767838,0.0008429288864135742,1.3952376320958138e-07,0.00016552257901994061,1,0,0.019792398437857628,0.15730048716068268,0.021469438448548317,0.16890065371990204,0.0018760970560833812,0.0127485366538167,0.02240705501753837,0.1740004513412714,-1.5203684568405151,-1.5195255279541016
batch2_128_255,2,5,"(2, 5)",0,12,6.320877552032471,6.821082592010498,0.0007437319727614522,0.0007436275482177734,1.0442454367876053e-07,0.00014042586766591856,1,0,0.021469438448548317,0.16890065371990204,0.023157335817813873,0.18016846477985382,0.0019079245394095778,0.012586923316121101,0.024314979556947947,0.1865873746573925,-1.4895821809768677,-1.48883855342865
batch2_128_255,2,5,"(2, 5)",0,13,6.165201187133789,6.760417461395264,0.0006281760870479047,0.0006281137466430664,6.234040483832359e-08,9.925018385841715e-05,1,0,0.023157335817813873,0.18016846477985382,0.024865124374628067,0.19102659821510315,0.001945500378496945,0.01230442151427269,0.02626047993544489,0.1988917961716652,-1.4261791706085205,-1.4255510568618774
batch2_128_255,2,5,"(2, 5)",0,14,6.009374618530273,6.745896339416504,0.0005365159013308585,0.0005365610122680664,4.511093720793724e-08,8.407419878915797e-05,1,0,0.024865124374628067,0.19102659821510315,0.026593131944537163,0.2015376091003418,0.001981774577870965,0.012085809372365475,0.028242254513315856,0.21097760554403067,-1.4073749780654907,-1.4068384170532227
batch2_128_255,2,5,"(2, 5)",0,15,5.859668254852295,6.717156410217285,0.00044493196764960885,0.0004448890686035156,4.289904609322548e-08,9.642638833065381e-05,1,0,0.026593131944537163,0.2015376091003418,0.028343554586172104,0.21167999505996704,0.0020193166565150023,0.011826308444142342,0.03026157116983086,0.222803913988173,-1.3809075355529785,-1.380462646484375
batch2_128_255,2,5,"(2, 5)",0,16,5.7280120849609375,6.710127353668213,0.0003563431091606617,0.0003561973571777344,1.457519829273224e-07,0.00040918883868808567,1,0,0.028343554586172104,0.21167999505996704,0.030126497149467468,0.2216927856206894,0.0020593618974089622,0.011774386279284954,0.03232093306723982,0.23457830026745796,-1.3543968200683594,-1.3540406227111816
batch2_128_255,2,5,"(2, 5)",0,17,5.583353042602539,6.712740421295166,0.0003133287827949971,0.00031316280364990234,1.659791450947523e-07,0.0005300091299486106,1,0,0.030126497149467468,0.2216927856206894,0.03193720802664757,0.2316005825996399,0.002087674103677273,0.011645992286503315,0.034408607170917094,0.24622429255396128,-1.337693452835083,-1.337380290031433
batch2_128_255,2,5,"(2, 5)",0,18,5.449416160583496,6.712736129760742,0.00026281317695975304,0.0002627372741699219,7.59027898311615e-08,0.0002888923548094374,1,0,0.03193720802664757,0.2316005825996399,0.033772874623537064,0.24131639301776886,0.0021127930376678705,0.01140538975596428,0.036521400208584964,0.25762968230992556,-1.3158760070800781,-1.3156132698059082
batch2_128_255,2,5,"(2, 5)",0,19,5.317039489746094,6.708786964416504,0.00021748730796389282,0.000217437744140625,4.95638232678175e-08,0.00022794489274945175,1,0,0.033772874623537064,0.24131639301776886,0.03562942519783974,0.25080716609954834,0.002133628586307168,0.01115268375724554,0.03865502879489213,0.2687823660671711,-1.293095350265503,-1.2928779125213623
batch2_128_255,2,5,"(2, 5)",0,20,5.193161964416504,6.711105823516846,0.00017192261293530464,0.00017189979553222656,2.2817403078079224e-08,0.0001327366504854369,1,0,0.03562942519783974,0.25080716609954834,0.03749982267618179,0.2601495087146759,0.0021445569582283497,0.010981669649481773,0.04079958575312048,0.27976403571665287,-1.267533540725708,-1.2673616409301758
batch2_128_255,2,5,"(2, 5)",0,21,5.075011253356934,6.709394454956055,0.00014387448027264327,0.0001437664031982422,1.0807707440108061e-07,0.0007517547354373963,1,0,0.03749982267618179,0.2601495087146759,0.03937312215566635,0.26938897371292114,0.0021425585728138685,0.010847507044672966,0.04294214432593435,0.29061154276132584,-1.2464079856872559,-1.2462642192840576
batch2_128_255,2,5,"(2, 5)",0,22,4.953529357910156,6.731987476348877,0.00012723995314445347,0.0001270771026611328,1.6285048332065344e-07,0.0012815092562734522,1,0,0.03937312215566635,0.26938897371292114,0.04124750941991806,0.2783845365047455,0.002140303608030081,0.010561197064816952,0.04508244793396443,0.3011727398261428,-1.2370610237121582,-1.236933946609497
batch2_128_255,2,5,"(2, 5)",0,23,4.840109825134277,6.743375778198242,0.0001236631505889818,0.00012362003326416016,4.311732482165098e-08,0.00034878913783751203,1,0,0.04124750941991806,0.2783845365047455,0.04311569407582283,0.28714293241500854,0.0021280404180288315,0.010265565477311611,0.04721048835199326,0.3114383053034544,-1.2297862768173218,-1.2296626567840576
batch2_128_255,2,5,"(2, 5)",0,24,4.737224578857422,6.744894981384277,9.141187183558941e-05,9.131431579589844e-05,9.755603969097137e-08,0.001068354275456919,1,0,0.04311569407582283,0.28714293241500854,0.04497804120182991,0.29565659165382385,0.0021182687487453222,0.010000016540288925,0.049328757100738585,0.3214383218437433,-1.2099080085754395,-1.2098166942596436
batch2_128_255,2,5,"(2, 5)",0,25,4.635408401489258,6.721108436584473,7.33625129214488e-05,7.319450378417969e-05,1.680091372691095e-07,0.0022953791416429154,1,0,0.04497804120182991,0.29565659165382385,0.04682827740907669,0.303992360830307,0.0020998516120016575,0.00978840235620737,0.05142860871274024,0.3312267241999507,-1.1825618743896484,-1.1824886798858643
batch2_128_255,2,5,"(2, 5)",0,26,4.541393756866455,6.72426700592041,3.353894499014132e-05,3.349781036376953e-05,4.1134626371786e-08,0.0012279795582184163,1,0,0.04682827740907669,0.303992360830307,0.0486627072095871,0.31206974387168884,0.0020793797448277473,0.009521545842289925,0.05350798845756799,0.3407482700422406,-1.1754871606826782,-1.1754536628723145
batch2_128_255,2,5,"(2, 5)",0,27,4.449446678161621,6.716866970062256,1.168877770396648e-05,1.1682510375976562e-05,6.2673279899172485e-09,0.0005364709970902423,1,0,0.0486627072095871,0.31206974387168884,0.050477541983127594,0.319861501455307,0.002053731121122837,0.00921583455055952,0.05556171957869083,0.34996410459280014,-1.1638351678848267,-1.1638234853744507
batch2_128_255,2,5,"(2, 5)",0,28,4.3635358810424805,6.7184576988220215,-1.1941770935663953e-05,-1.1920928955078125e-05,2.0841980585828424e-08,0.00174835205078125,0,1,0.050477541983127594,0.319861501455307,0.05227052420377731,0.3274015486240387,0.002025315072387457,0.008947781287133694,0.057587034651078284,0.35891188587993383,-1.154310941696167,-1.154322862625122
batch2_128_255,2,5,"(2, 5)",0,29,4.281835556030273,6.711298942565918,-3.306047437945381e-05,-3.314018249511719e-05,7.970811566337943e-08,0.0024051803479091726,0,1,0.05227052420377731,0.3274015486240387,0.05403885617852211,0.3347153067588806,0.00199384824372828,0.008701271377503872,0.059580882894806564,0.3676131572574377,-1.1401187181472778,-1.140151858329773
batch2_128_255,2,5,"(2, 5)",0,30,4.2022223472595215,6.720371723175049,-5.347895421436988e-05,-5.364418029785156e-05,1.6522608348168433e-07,0.003080037434895833,0,1,0.05403885617852211,0.3347153067588806,0.05577800050377846,0.3418017029762268,0.0019574936013668776,0.008453858084976673,0.06153837649617344,0.3760670153424144,-1.131040096282959,-1.1310937404632568
batch2_128_255,2,5,"(2, 5)",0,31,4.130017280578613,6.720746040344238,-7.491308497264981e-05,-7.49826431274414e-05,6.955815479159355e-08,0.0009276567468203497,0,1,0.05577800050377846,0.3418017029762268,0.05748841166496277,0.3486664891242981,0.001921913935802877,0.008216562680900097,0.06346029043197632,0.3842835780233145,-1.1170564889907837,-1.1171314716339111
batch2_128_255,2,5,"(2, 5)",0,32,4.062224388122559,6.725481033325195,-9.193833102472126e-05,-9.202957153320312e-05,9.124050848186016e-08,0.0009914259836463731,0,1,0.05748841166496277,0.3486664891242981,0.05916822701692581,0.35533198714256287,0.0018844727892428637,0.00799801480025053,0.06534476322121918,0.392281592823565,-1.0993237495422363,-1.0994157791137695
batch2_128_255,2,5,"(2, 5)",0,33,3.998311996459961,6.729141712188721,-0.00011159286077599972,-0.00011157989501953125,1.2965756468474865e-08,0.00011620154747596153,0,1,0.05916822701692581,0.35533198714256287,0.06081709265708923,0.36180877685546875,0.0018464706372469664,0.007787005044519901,0.06719123385846615,0.4000685978680849,-1.0827000141143799,-1.0828115940093994
batch2_128_255,2,5,"(2, 5)",0,34,3.937324047088623,6.730152606964111,-0.0001293683162657544,-0.00012946128845214844,9.297218639403582e-08,0.0007181466174608656,0,1,0.06081709265708923,0.36180877685546875,0.062432341277599335,0.36808884143829346,0.0018056444823741913,0.007567459251731634,0.06899687834084034,0.40763605711981654,-1.0652611255645752,-1.0653905868530273
batch2_128_255,2,5,"(2, 5)",0,35,3.880943775177002,6.726232528686523,-0.00014158654084894806,-0.0001417398452758789,1.5330442693084478e-07,0.0010815901952796467,0,1,0.062432341277599335,0.36808884143829346,0.06401431560516357,0.37420451641082764,0.0017653320683166385,0.007372313644737005,0.07076221040915698,0.41500837076455355,-1.0422581434249878,-1.0423998832702637
batch2_128_255,2,5,"(2, 5)",0,36,3.8262405395507812,6.726145267486572,-0.00015595082368236035,-0.00015592575073242188,2.5072949938476086e-08,0.00016080057219992354,0,1,0.06401431560516357,0.37420451641082764,0.06556258350610733,0.3801564872264862,0.0017253936966881156,0.007184165995568037,0.0724876041058451,0.4221925367601216,-1.0243892669677734,-1.0245451927185059
batch2_128_255,2,5,"(2, 5)",0,37,3.774205446243286,6.726746082305908,-0.00016739638522267342,-0.00016736984252929688,2.6542693376541138e-08,0.00015858707264957266,0,1,0.06556258350610733,0.3801564872264862,0.06707745045423508,0.38595616817474365,0.0016856779111549258,0.007003328762948513,0.07417328201700002,0.4291958655230701,-1.0086369514465332,-1.0088043212890625
batch2_128_255,2,5,"(2, 5)",0,38,3.724363327026367,6.728203296661377,-0.00017789937555789948,-0.00017791986465454102,2.0489096641540527e-08,0.00011515912897822445,0,1,0.06707745045423508,0.38595616817474365,0.0685579851269722,0.3916000723838806,0.0016457362798973918,0.0068206689320504665,0.07581901829689741,0.43601653445512056,-0.997183084487915,-0.9973610043525696
batch2_128_255,2,5,"(2, 5)",0,39,3.677720785140991,6.732222557067871,-0.00018613849533721805,-0.0001862049102783203,6.641494110226631e-08,0.0003566766365236876,0,1,0.0685579851269722,0.3916000723838806,0.07000382244586945,0.39710038900375366,0.001605738652870059,0.006647921167314053,0.07742475694976747,0.4426644556224346,-0.9864398837089539,-0.9866260886192322
batch2_128_255,2,6,"(2, 6)",0,0,8.540298461914062,8.433267593383789,0.0028290124610066414,0.0028285980224609375,4.1443854570388794e-07,0.0001465173002360081,1,0,0.0,0.0,0.0018757630605250597,0.013753035105764866,0.0018757630605250597,0.013753035105764866,0.0018757630605250597,0.013753035105764866,-3.168774127960205,-3.165945529937744
batch2_128_255,2,6,"(2, 6)",0,1,8.346054077148438,8.237772941589355,0.0026317015290260315,0.0026311874389648438,5.140900611877441e-07,0.00019538329104748097,1,0,0.0018757630605250597,0.013753035105764866,0.0037337541580200195,0.02740248665213585,0.0018598837777972221,0.013661747798323631,0.003735646838322282,0.027414782904088497,-3.0317931175231934,-3.0291619300842285
batch2_128_255,2,6,"(2, 6)",0,2,8.157222747802734,8.087182998657227,0.002422089921310544,0.0024216175079345703,4.724133759737015e-07,0.00019508174780939253,1,0,0.0037337541580200195,0.02740248665213585,0.00557413836941123,0.040984202176332474,0.0018459685379639268,0.013613006100058556,0.005581615376286209,0.04102778900414705,-2.9031338691711426,-2.900712251663208
batch2_128_255,2,6,"(2, 6)",0,3,7.978655815124512,7.9341936111450195,0.002238325774669647,0.002238035202026367,2.905726432800293e-07,0.00012983381271971877,1,0,0.00557413836941123,0.040984202176332474,0.007399811875075102,0.054531488567590714,0.0018366053700447083,0.013610933907330036,0.007418220746330917,0.05463872291147709,-2.762848377227783,-2.760610342025757
batch2_128_255,2,6,"(2, 6)",0,4,7.7889885902404785,7.774122714996338,0.0020660660229623318,0.002065896987915039,1.6903504729270935e-07,8.18216243508367e-05,1,0,0.007399811875075102,0.054531488567590714,0.009206414222717285,0.06791546195745468,0.0018257885240018368,0.013494684360921383,0.009244009270332754,0.06813340727239847,-2.6392321586608887,-2.6371662616729736
batch2_128_255,2,6,"(2, 6)",0,5,7.606557846069336,7.640630722045898,0.0018728341674432158,0.0018725395202636719,2.94647179543972e-07,0.00015735164804558187,1,0,0.009206414222717285,0.06791546195745468,0.010993720963597298,0.0810612365603447,0.0018181634368374944,0.013314536772668362,0.011062172707170248,0.08144794404506683,-2.5057549476623535,-2.50388240814209
batch2_128_255,2,6,"(2, 6)",0,6,7.423479080200195,7.526703834533691,0.0016758710844442248,0.0016756057739257812,2.6531051844358444e-07,0.00015833707580392714,1,0,0.010993720963597298,0.0810612365603447,0.012764719314873219,0.0939384251832962,0.0018165569053962827,0.013115761801600456,0.01287872961256653,0.09456370584666729,-2.3609566688537598,-2.359281063079834
batch2_128_255,2,6,"(2, 6)",0,7,7.258797645568848,7.41764497756958,0.0015251232543960214,0.0015249252319335938,1.9802246242761612e-07,0.00012985716170262664,1,0,0.012764719314873219,0.0939384251832962,0.01451821718364954,0.10656610876321793,0.001815795199945569,0.012944633141160011,0.0146945248125121,0.1075083389878273,-2.258460760116577,-2.2569358348846436
batch2_128_255,2,6,"(2, 6)",0,8,7.089094638824463,7.312943935394287,0.0013775386614724994,0.0013775825500488281,4.3888576328754425e-08,3.185912621149187e-05,1,0,0.01451821718364954,0.10656610876321793,0.016259299591183662,0.11885213851928711,0.0018223501974716783,0.01268730964511633,0.016516875009983778,0.12019564863294363,-2.148986339569092,-2.147608757019043
batch2_128_255,2,6,"(2, 6)",0,9,6.92742395401001,7.229434013366699,0.0012399574043229222,0.001239776611328125,1.8079299479722977e-07,0.0001458270733173077,1,0,0.016259299591183662,0.11885213851928711,0.017993569374084473,0.13075761497020721,0.0018356243381276727,0.012397906742990017,0.01835249934811145,0.13259355537593365,-2.03625750541687,-2.035017728805542
batch2_128_255,2,6,"(2, 6)",0,10,6.768746852874756,7.145877838134766,0.001091084792278707,0.00109100341796875,8.137430995702744e-08,7.45866682145979e-05,1,0,0.017993569374084473,0.13075761497020721,0.019722314551472664,0.14223913848400116,0.001853510388173163,0.012099090963602066,0.020206009736284614,0.1446926463395357,-1.9285610914230347,-1.927470088005066
batch2_128_255,2,6,"(2, 6)",0,11,6.6191229820251465,7.080215930938721,0.0009481540764681995,0.0009480714797973633,8.259667083621025e-08,8.712072095435685e-05,1,0,0.019722314551472664,0.14223913848400116,0.02145271934568882,0.15326306223869324,0.0018781193066388369,0.011777485720813274,0.02208412904292345,0.156470132060349,-1.8063066005706787,-1.8053585290908813
batch2_128_255,2,6,"(2, 6)",0,12,6.48026704788208,7.052228927612305,0.0008211933891288936,0.0008211135864257812,7.980270311236382e-08,9.718838469076655e-05,1,0,0.02145271934568882,0.15326306223869324,0.023189209401607513,0.16388839483261108,0.0019053983269259334,0.011470605619251728,0.023989527369849384,0.16794073767960072,-1.7067445516586304,-1.7059234380722046
batch2_128_255,2,6,"(2, 6)",0,13,6.345071315765381,7.027752876281738,0.0006962899933569133,0.0006963014602661133,1.146690919995308e-08,1.646831129087485e-05,1,0,0.023189209401607513,0.16388839483261108,0.024937694892287254,0.17400069534778595,0.00193879846483469,0.011095024645328522,0.025928325834684074,0.17903576232492924,-1.602813720703125,-1.6021174192428589
batch2_128_255,2,6,"(2, 6)",0,14,6.2226691246032715,7.006754398345947,0.0005818892968818545,0.0005818605422973633,2.87545844912529e-08,4.9418344089325955e-05,1,0,0.024937694892287254,0.17400069534778595,0.026703881099820137,0.1836961805820465,0.001973196864128113,0.010800456628203392,0.027901522698812187,0.18983621895313263,-1.4985014200210571,-1.4979195594787598
batch2_128_255,2,6,"(2, 6)",0,15,6.107459545135498,6.997939586639404,0.0005103853764012456,0.0005103349685668945,5.0407834351062775e-08,9.877401600093436e-05,1,0,0.026703881099820137,0.1836961805820465,0.028491783887147903,0.19313468039035797,0.0020049589220434427,0.010588387958705425,0.02990648162085563,0.20042460691183805,-1.4381725788116455,-1.4376622438430786
batch2_128_255,2,6,"(2, 6)",0,16,5.997267246246338,6.992295742034912,0.00041277980199083686,0.0004127025604248047,7.724156603217125e-08,0.0001871603751444252,1,0,0.028491783887147903,0.19313468039035797,0.030303454026579857,0.20228613913059235,0.002043394139036536,0.010404393076896667,0.031949875759892166,0.21082899998873472,-1.3441715240478516,-1.3437588214874268
batch2_128_255,2,6,"(2, 6)",0,17,5.887853622436523,6.995058059692383,0.0003256481431890279,0.0003256797790527344,3.1635863706469536e-08,9.713794267020497e-05,1,0,0.030303454026579857,0.20228613913059235,0.03213753551244736,0.21116852760314941,0.0020755650475621223,0.010222993791103363,0.03402544080745429,0.22105199377983809,-1.275101661682129,-1.2747759819030762
batch2_128_255,2,6,"(2, 6)",0,18,5.783151626586914,6.992799282073975,0.00025898011517710984,0.0002589225769042969,5.753827281296253e-08,0.00022222192247928178,1,0,0.03213753551244736,0.21116852760314941,0.033995840698480606,0.21989832818508148,0.0021068304777145386,0.010134423151612282,0.03613227128516883,0.23118641693145037,-1.2166908979415894,-1.216431975364685
batch2_128_255,2,6,"(2, 6)",0,19,5.679383277893066,6.986387252807617,0.00020387522818055004,0.00020384788513183594,2.7343048714101315e-08,0.00013413457145467836,1,0,0.033995840698480606,0.21989832818508148,0.03587738052010536,0.2284940481185913,0.0021354220807552338,0.01003445964306593,0.03826769336592406,0.2412208765745163,-1.168137788772583,-1.1679339408874512
batch2_128_255,2,6,"(2, 6)",0,20,5.583529472351074,7.012746334075928,0.00018529088993091136,0.00018525123596191406,3.965396899729967e-08,0.0002140550846605534,1,0,0.03587738052010536,0.2284940481185913,0.03778905048966408,0.2371133714914322,0.0021672132425010204,0.010026001371443272,0.04043490660842508,0.25124687794595957,-1.1376006603240967,-1.1374154090881348
batch2_128_255,2,6,"(2, 6)",0,21,5.480319976806641,7.020618915557861,0.00012101828178856522,0.00012099742889404297,2.08528945222497e-08,0.00017234163331280789,1,0,0.03778905048966408,0.2371133714914322,0.03972015157341957,0.24562057852745056,0.0021955976262688637,0.009957333095371723,0.042630504234693944,0.2612042110413313,-1.1150115728378296,-1.1148905754089355
batch2_128_255,2,6,"(2, 6)",0,22,5.379356384277344,7.021378040313721,7.434715371346101e-05,7.426738739013672e-05,7.97663233242929e-08,0.0010740424044442215,1,0,0.03972015157341957,0.24562057852745056,0.04167154058814049,0.2540312707424164,0.002220884198322892,0.009882734157145023,0.04485138843301684,0.2710869451984763,-1.0927335023880005,-1.0926592350006104
batch2_128_255,2,6,"(2, 6)",0,23,5.278742790222168,7.0352044105529785,3.126607771264389e-05,3.123283386230469e-05,3.324385033920407e-08,0.0010643878965887405,1,0,0.04167154058814049,0.2540312707424164,0.04364483803510666,0.2623788118362427,0.002245993120595813,0.00984255876392126,0.04709738155361265,0.2809295039623976,-1.0821421146392822,-1.08211088180542
batch2_128_255,2,6,"(2, 6)",0,24,5.190101623535156,7.064080715179443,-3.3296233596047387e-05,-3.314018249511719e-05,1.5605110093019903e-07,0.004708818394503147,0,1,0.04364483803510666,0.2623788118362427,0.04564293101429939,0.27058541774749756,0.0022770699579268694,0.009760841727256775,0.04937445151153952,0.29069034568965435,-1.0639479160308838,-1.063981056213379
batch2_128_255,2,6,"(2, 6)",0,25,5.094806671142578,7.0884552001953125,-5.610581865767017e-05,-5.614757537841797e-05,4.175672074779868e-08,0.0007436958847531847,0,1,0.04564293101429939,0.27058541774749756,0.04765670374035835,0.2787182629108429,0.002292381599545479,0.009656781330704689,0.051666833111085,0.30034712702035904,-1.0533193349838257,-1.053375482559204
batch2_128_255,2,6,"(2, 6)",0,26,5.002366065979004,7.114623546600342,-6.929481605766341e-05,-6.937980651855469e-05,8.49904608912766e-08,0.0012250028525021479,0,1,0.04765670374035835,0.2787182629108429,0.04968506470322609,0.28679439425468445,0.002305507194250822,0.009561019949615002,0.05397234030533582,0.30990814696997404,-1.0479912757873535,-1.048060655593872
batch2_128_255,2,6,"(2, 6)",0,27,4.911980152130127,7.146556854248047,-8.634637197246775e-05,-8.64267349243164e-05,8.036295184865594e-08,0.0009298390355603448,0,1,0.04968506470322609,0.28679439425468445,0.051727306097745895,0.29474738240242004,0.0023195710964500904,0.009433337487280369,0.05629191140178591,0.3193414844572544,-1.041626214981079,-1.0417126417160034
batch2_128_255,2,6,"(2, 6)",0,28,4.823108673095703,7.1628098487854,-9.649356070440263e-05,-9.644031524658203e-05,5.324545782059431e-08,0.0005521078781674907,0,1,0.051727306097745895,0.29474738240242004,0.05377746373414993,0.3026029169559479,0.002327102469280362,0.009334862232208252,0.05861901387106627,0.32867634668946266,-1.0475268363952637,-1.0476232767105103
batch2_128_255,2,6,"(2, 6)",0,29,4.738056182861328,7.1908183097839355,-9.648194827605039e-05,-9.655952453613281e-05,7.757626008242369e-08,0.0008034035011574074,0,1,0.05377746373414993,0.3026029169559479,0.05583556741476059,0.3102741539478302,0.002335501369088888,0.00917499978095293,0.06095451524015516,0.3378513464704156,-1.0565470457077026,-1.0566436052322388
batch2_128_255,2,6,"(2, 6)",0,30,4.655571460723877,7.216591835021973,-0.00010706833563745022,-0.00010704994201660156,1.83936208486557e-08,0.00017182280066815146,0,1,0.05583556741476059,0.3102741539478302,0.0578962117433548,0.31788691878318787,0.0023342736531049013,0.009071829728782177,0.06328878889326006,0.34692317619919777,-1.0577099323272705,-1.057816982269287
batch2_128_255,2,6,"(2, 6)",0,31,4.572933673858643,7.23499870300293,-0.00011582359002204612,-0.00011587142944335938,4.7839421313256025e-08,0.000412866411876286,0,1,0.0578962117433548,0.31788691878318787,0.05995456129312515,0.3253868520259857,0.0023291800171136856,0.008939119055867195,0.06561796891037375,0.35586229525506496,-1.0643824338912964,-1.0644983053207397
batch2_128_255,2,6,"(2, 6)",0,32,4.498446464538574,7.249873638153076,-0.00012154030991951004,-0.00012159347534179688,5.316542228683829e-08,0.0004372391046262255,0,1,0.05995456129312515,0.3253868520259857,0.062009673565626144,0.3327530324459076,0.002323845634236932,0.008789942599833012,0.06794181454461068,0.364652237854898,-1.0717546939849854,-1.0718762874603271
batch2_128_255,2,6,"(2, 6)",0,33,4.421228408813477,7.281184196472168,-0.00011416820052545518,-0.00011420249938964844,3.429886419326067e-08,0.00030033374380219205,0,1,0.062009673565626144,0.3327530324459076,0.06405563652515411,0.33999866247177124,0.0023122529964894056,0.008628583513200283,0.07025406754110008,0.37328082136809826,-1.0957030057907104,-1.0958172082901
batch2_128_255,2,6,"(2, 6)",0,34,4.347559452056885,7.294092655181885,-0.00013238370593171567,-0.00013244152069091797,5.78147592023015e-08,0.0004365304694531953,0,1,0.06405563652515411,0.33999866247177124,0.06609081476926804,0.3471035361289978,0.002298671053722501,0.008476585149765015,0.07255273859482259,0.3817574065178633,-1.102130651473999,-1.10226309299469
batch2_128_255,2,6,"(2, 6)",0,35,4.275045394897461,7.306960582733154,-0.0001373465493088588,-0.00013720989227294922,1.366570359095931e-07,0.000995970725184622,0,1,0.06609081476926804,0.3471035361289978,0.06811091303825378,0.3540722727775574,0.002280182670801878,0.008313089609146118,0.07483292126562446,0.3900704961270094,-1.110282301902771,-1.110419511795044
batch2_128_255,2,6,"(2, 6)",0,36,4.208409309387207,7.327676296234131,-0.0001380631874781102,-0.0001380443572998047,1.8830178305506706e-08,0.0001364067222582038,0,1,0.06811091303825378,0.3540722727775574,0.07011707872152328,0.36097046732902527,0.00226218206807971,0.008221750147640705,0.07709510333370417,0.3982922462746501,-1.1154643297195435,-1.1156023740768433
batch2_128_255,2,6,"(2, 6)",0,37,4.144011497497559,7.344038486480713,-0.00012527366925496608,-0.00012540817260742188,1.345033524557948e-07,0.0010725246182865969,0,1,0.07011707872152328,0.36097046732902527,0.07210300117731094,0.3677113652229309,0.0022382314782589674,0.008039294742047787,0.07933333481196314,0.4063315410166979,-1.1294612884521484,-1.1295866966247559
batch2_128_255,2,6,"(2, 6)",0,38,4.080134391784668,7.370951175689697,-0.00012352026533335447,-0.00012362003326416016,9.976793080568314e-08,0.0008070530978784956,0,1,0.07210300117731094,0.3677113652229309,0.07406815141439438,0.37429994344711304,0.0022142387460917234,0.00786607339978218,0.08154757355805486,0.41419761441648006,-1.143942952156067,-1.144066572189331
batch2_128_255,2,6,"(2, 6)",0,39,4.018502712249756,7.392464637756348,-0.00012615046580322087,-0.00012636184692382812,2.113811206072569e-07,0.0016728239239386792,0,1,0.07406815141439438,0.37429994344711304,0.07600905746221542,0.38072216510772705,0.0021861805580556393,0.007674434222280979,0.0837337541161105,0.42187204863876104,-1.1551096439361572,-1.155236005783081
batch2_128_255,2,7,"(2, 7)",1,0,8.66128158569336,8.433267593383789,0.002007605042308569,0.0020072460174560547,3.5902485251426697e-07,0.00017886439897850102,1,0,0.0,0.0,0.0019375889096409082,0.014964018948376179,0.0019375889096409082,0.014964018948376179,0.0019375889096409082,0.014964018948376179,-2.298156499862671,-2.296149253845215
batch2_128_255,2,7,"(2, 7)",1,1,8.435966491699219,8.247282981872559,0.0019376873970031738,0.0019371509552001953,5.364418029785156e-07,0.00027692307692307695,1,0,0.0019375889096409082,0.014964018948376179,0.0038535743951797485,0.02978520654141903,0.0019186355639249086,0.014836429618299007,0.003856224473565817,0.029800448566675186,-2.2684550285339355,-2.2665178775787354
batch2_128_255,2,7,"(2, 7)",1,2,8.218910217285156,8.108405113220215,0.0018673365702852607,0.0018672943115234375,4.225876182317734e-08,2.2631012991573035e-05,1,0,0.0038535743951797485,0.02978520654141903,0.005744774825870991,0.04441600292921066,0.001899076858535409,0.014674059115350246,0.005755301332101226,0.04447450768202543,-2.244074583053589,-2.2422072887420654
batch2_128_255,2,7,"(2, 7)",1,3,8.011550903320312,7.954715251922607,0.0018195754382759333,0.0018191337585449219,4.416797310113907e-07,0.00024279673165137616,1,0,0.005744774825870991,0.04441600292921066,0.007614562753587961,0.05893716961145401,0.0018854024820029736,0.014615017920732498,0.007640703814104199,0.05908952560275793,-2.227245330810547,-2.225426197052002
batch2_128_255,2,7,"(2, 7)",1,4,7.802547931671143,7.831050872802734,0.001774066244252026,0.001773834228515625,2.3201573640108109e-07,0.0001307989961357527,1,0,0.007614562753587961,0.05893716961145401,0.009460924193263054,0.0731806829571724,0.0018739000661298633,0.014397408813238144,0.009514603880234063,0.07348693441599607,-2.2268226146698,-2.225048780441284
batch2_128_255,2,7,"(2, 7)",1,5,7.596116065979004,7.70515251159668,0.001704184920527041,0.0017039775848388672,2.073356881737709e-07,0.00012167747394011473,1,0,0.009460924193263054,0.0731806829571724,0.011285222135484219,0.0871909037232399,0.0018662366783246398,0.014225130900740623,0.011380840558558702,0.0877120653167367,-2.197211265563965,-2.195507287979126
batch2_128_255,2,7,"(2, 7)",1,6,7.387504577636719,7.582821846008301,0.001629723352380097,0.0016295909881591797,1.3236422091722488e-07,8.122542520117045e-05,1,0,0.011285222135484219,0.0871909037232399,0.01308729313313961,0.10086073726415634,0.0018617104506120086,0.0139626981690526,0.013242551009170711,0.1016747634857893,-2.167922258377075,-2.166292667388916
batch2_128_255,2,7,"(2, 7)",1,7,7.192543029785156,7.480240821838379,0.0015516853891313076,0.0015513896942138672,2.9569491744041443e-07,0.00019060002689411402,1,0,0.01308729313313961,0.10086073726415634,0.014870937913656235,0.11412055790424347,0.0018623840296640992,0.013630922883749008,0.01510493503883481,0.11530568636953831,-2.134267807006836,-2.132716417312622
batch2_128_255,2,7,"(2, 7)",1,8,7.0077667236328125,7.393738269805908,0.0014550829073414207,0.0014548301696777344,2.527376636862755e-07,0.00017372313892985908,1,0,0.014870937913656235,0.11412055790424347,0.016639672219753265,0.12692922353744507,0.001869018655270338,0.0132835041731596,0.01697395369410515,0.1285891905426979,-2.105698585510254,-2.104243755340576
batch2_128_255,2,7,"(2, 7)",1,9,6.828073978424072,7.330257415771484,0.0013290850911289454,0.0013289451599121094,1.3993121683597565e-07,0.00010529495200932903,1,0,0.016639672219753265,0.12692922353744507,0.01839509792625904,0.13926319777965546,0.001880305353552103,0.012924338690936565,0.01885425904765725,0.14151352923363447,-2.0712342262268066,-2.0699052810668945
batch2_128_255,2,7,"(2, 7)",1,10,6.65884256362915,7.281768321990967,0.0011967545142397285,0.0011963844299316406,3.700843080878258e-07,0.00030933561055201275,1,0,0.01839509792625904,0.13926319777965546,0.020143825560808182,0.1510484516620636,0.001898292568512261,0.012500230222940445,0.020752551616169512,0.15401375945657492,-2.053607940673828,-2.0524115562438965
batch2_128_255,2,7,"(2, 7)",1,11,6.497260570526123,7.219035625457764,0.0010355962440371513,0.0010356903076171875,9.406358003616333e-08,9.082211095764272e-05,1,0,0.020143825560808182,0.1510484516620636,0.02188844047486782,0.16237415373325348,0.0019197840010747313,0.012198078446090221,0.022672335617244244,0.16621183790266514,-2.038788318634033,-2.037752628326416
batch2_128_255,2,7,"(2, 7)",1,12,6.3502197265625,7.193781852722168,0.0008816030458547175,0.0008816719055175781,6.885966286063194e-08,7.810123292996215e-05,1,0,0.02188844047486782,0.16237415373325348,0.023638352751731873,0.17328017950057983,0.0019479409093037248,0.01187811978161335,0.02462027652654797,0.1780899576842785,-2.0276734828948975,-2.02679181098938
batch2_128_255,2,7,"(2, 7)",1,13,6.209377288818359,7.15433931350708,0.0006814255611971021,0.0006814002990722656,2.5262124836444855e-08,3.707383878586424e-05,1,0,0.023638352751731873,0.17328017950057983,0.025394214317202568,0.18371376395225525,0.001978653483092785,0.011534945107996464,0.026598930009640753,0.18962490279227495,-2.0255751609802246,-2.0248937606811523
batch2_128_255,2,7,"(2, 7)",1,14,6.08281135559082,7.126493453979492,0.0005285190418362617,0.0005285739898681641,5.494803190231323e-08,0.00010395523229589536,1,0,0.025394214317202568,0.18371376395225525,0.02716975286602974,0.19387377798557281,0.0020141862332820892,0.01134901586920023,0.028613116242922843,0.20097391866147518,-2.037496566772461,-2.0369679927825928
batch2_128_255,2,7,"(2, 7)",1,15,5.955430030822754,7.120498180389404,0.00038104175473563373,0.0003809928894042969,4.886533133685589e-08,0.0001282578565003129,1,0,0.02716975286602974,0.19387377798557281,0.028966359794139862,0.20381489396095276,0.002047112677246332,0.011216677725315094,0.030660228920169175,0.21219059638679028,-2.0329575538635254,-2.032576560974121
batch2_128_255,2,7,"(2, 7)",1,16,5.8287200927734375,7.114795684814453,0.00019860247266478837,0.0001983642578125,2.3821485228836536e-07,0.0012008960430438702,1,0,0.028966359794139862,0.20381489396095276,0.03078473173081875,0.21339885890483856,0.0020849797874689102,0.010966012254357338,0.032745208707638085,0.2231566086411476,-2.046506404876709,-2.0463080406188965
batch2_128_255,2,7,"(2, 7)",1,17,5.7077226638793945,7.115569114685059,3.116457082796842e-05,3.0994415283203125e-05,1.701555447652936e-07,0.005489877554086539,1,0,0.03078473173081875,0.21339885890483856,0.032625362277030945,0.2226729840040207,0.0021174733992666006,0.010715039446949959,0.034862682106904685,0.23387164808809757,-2.0640554428100586,-2.0640244483947754
batch2_128_255,2,7,"(2, 7)",1,18,5.600175857543945,7.149759292602539,-0.00012885489559266716,-0.00012874603271484375,1.0886287782341242e-07,0.0008455629701967593,0,1,0.032625362277030945,0.2226729840040207,0.03449547663331032,0.23170839250087738,0.00215548905543983,0.010573266074061394,0.037018171162344515,0.24444491416215897,-2.103701114654541,-2.103829860687256
batch2_128_255,2,7,"(2, 7)",1,19,5.492436408996582,7.1373748779296875,-0.0003032442182302475,-0.0003032684326171875,2.421438694000244e-08,7.984473270440251e-05,0,1,0.03449547663331032,0.23170839250087738,0.03638891875743866,0.240457683801651,0.0021855547092854977,0.01038194540888071,0.03920372587163001,0.2548268595710397,-2.136889934539795,-2.137193202972412
batch2_128_255,2,7,"(2, 7)",1,20,5.384671211242676,7.144824981689453,-0.00043553620344027877,-0.0004353523254394531,1.8387800082564354e-07,0.0004223659552984666,0,1,0.03638891875743866,0.240457683801651,0.0383063368499279,0.24899260699748993,0.0022121411748230457,0.010220355354249477,0.04141586704645306,0.26504721492528915,-2.1829371452331543,-2.1833724975585938
batch2_128_255,2,7,"(2, 7)",1,21,5.282134532928467,7.154385089874268,-0.0005949709448032081,-0.0005950927734375,1.2182863429188728e-07,0.00020472208658854166,0,1,0.0383063368499279,0.24899260699748993,0.04024272412061691,0.2573239207267761,0.0022331196814775467,0.010076943784952164,0.043648986727930605,0.2751241587102413,-2.2071080207824707,-2.207703113555908
batch2_128_255,2,7,"(2, 7)",1,22,5.177833080291748,7.156148910522461,-0.0006922290194779634,-0.0006923675537109375,1.3853423297405243e-07,0.00020008770230716254,0,1,0.04024272412061691,0.2573239207267761,0.04219822958111763,0.26558348536491394,0.002249345649033785,0.010025379247963428,0.04589833237696439,0.28514953795820475,-2.223820686340332,-2.224513053894043
batch2_128_255,2,7,"(2, 7)",1,23,5.075443267822266,7.164464473724365,-0.0007955253822728992,-0.0007956027984619141,7.741618901491165e-08,9.73050737938268e-05,0,1,0.04219822958111763,0.26558348536491394,0.04416876658797264,0.27373307943344116,0.0022604288533329964,0.009899469092488289,0.04815876123029739,0.29504900705069304,-2.263914108276367,-2.264709711074829
batch2_128_255,2,7,"(2, 7)",1,24,4.977633476257324,7.186675548553467,-0.0008951005875132978,-0.0008952617645263672,1.6117701306939125e-07,0.00018003339297603197,0,1,0.04416876658797264,0.27373307943344116,0.04615023359656334,0.2817753851413727,0.0022670230828225613,0.009779266081750393,0.05042578431311995,0.30482827313244343,-2.297776699066162,-2.2986719608306885
batch2_128_255,2,7,"(2, 7)",1,25,4.878192901611328,7.1695661544799805,-0.0009535821154713631,-0.00095367431640625,9.220093488693237e-08,9.66796875e-05,0,1,0.04615023359656334,0.2817753851413727,0.048137977719306946,0.2897154688835144,0.0022656789515167475,0.009597991593182087,0.052691463264636695,0.3144262647256255,-2.298799514770508,-2.299753189086914
batch2_128_255,2,7,"(2, 7)",1,26,4.782764434814453,7.170260906219482,-0.0010440233163535595,-0.0010442733764648438,2.50060111284256e-07,0.00023945847602739725,0,1,0.048137977719306946,0.2897154688835144,0.05012497305870056,0.29752975702285767,0.002260832116007805,0.00946597009897232,0.0549522953806445,0.32389223482459784,-2.3358654975891113,-2.336909770965576
batch2_128_255,2,7,"(2, 7)",1,27,4.693752288818359,7.183113098144531,-0.0011208202922716737,-0.0011208057403564453,1.4551915228366852e-08,1.2983441023186557e-05,0,1,0.05012497305870056,0.29752975702285767,0.052112750709056854,0.30522531270980835,0.0022563256788998842,0.009325021877884865,0.057208621059544384,0.3332172567024827,-2.387437105178833,-2.3885579109191895
batch2_128_255,2,7,"(2, 7)",1,28,4.604509353637695,7.20773458480835,-0.001198526588268578,-0.0011985301971435547,3.6088749766349792e-09,3.011083896956435e-06,0,1,0.052112750709056854,0.30522531270980835,0.054092928767204285,0.31280213594436646,0.002243091817945242,0.009190651588141918,0.059451712877489626,0.3424079082906246,-2.4289486408233643,-2.430147171020508
batch2_128_255,2,7,"(2, 7)",1,29,4.516603946685791,7.21867561340332,-0.001249781926162541,-0.0012497901916503906,8.265487849712372e-09,6.613500333842045e-06,0,1,0.054092928767204285,0.31280213594436646,0.056061215698719025,0.3202630281448364,0.002223141258582473,0.009036197327077389,0.0616748541360721,0.351444105617702,-2.4646964073181152,-2.4659461975097656
batch2_128_255,2,7,"(2, 7)",1,30,4.433724403381348,7.231371879577637,-0.0013025797670707107,-0.0013027191162109375,1.3934914022684097e-07,0.00010696790926976574,0,1,0.056061215698719025,0.3202630281448364,0.058013688772916794,0.3275871276855469,0.002200210699811578,0.008860438130795956,0.06387506483588368,0.36030454374849796,-2.5034399032592773,-2.5047426223754883
batch2_128_255,2,7,"(2, 7)",1,31,4.35481071472168,7.228079795837402,-0.0013097875053063035,-0.001310110092163086,3.2258685678243637e-07,0.0002462288159690628,0,1,0.058013688772916794,0.3275871276855469,0.059949394315481186,0.33477893471717834,0.0021741746459156275,0.008685613982379436,0.0660492394817993,0.3689901577308774,-2.5276312828063965,-2.5289413928985596
batch2_128_255,2,7,"(2, 7)",1,32,4.277910232543945,7.242821216583252,-0.0013531552394852042,-0.0013535022735595703,3.470340743660927e-07,0.00025639711225118903,0,1,0.059949394315481186,0.33477893471717834,0.06186328083276749,0.3418043851852417,0.0021457814145833254,0.008488154970109463,0.06819502089638263,0.37747831270098686,-2.5638346672058105,-2.56518816947937
batch2_128_255,2,7,"(2, 7)",1,33,4.2036356925964355,7.263630390167236,-0.0013473554281517863,-0.0013475418090820312,1.8638093024492264e-07,0.00013831179781493275,0,1,0.06186328083276749,0.3418043851852417,0.06375177949666977,0.348659485578537,0.0021123504266142845,0.008276579901576042,0.07030737132299691,0.3857548926025629,-2.595831871032715,-2.597179412841797
batch2_128_255,2,7,"(2, 7)",1,34,4.130703449249268,7.2836833000183105,-0.0013713493244722486,-0.001371622085571289,2.7276109904050827e-07,0.0001988602413957935,0,1,0.06375177949666977,0.348659485578537,0.06561128795146942,0.3553076386451721,0.002076211152598262,0.008040664717555046,0.07238358247559518,0.39379555732011795,-2.627607822418213,-2.628979444503784
batch2_128_255,2,7,"(2, 7)",1,35,4.062753200531006,7.309315204620361,-0.0013703434960916638,-0.0013704299926757812,8.649658411741257e-08,6.311638287230341e-05,0,1,0.06561128795146942,0.3553076386451721,0.06744230538606644,0.36180880665779114,0.0020399107597768307,0.007851597853004932,0.074423493235372,0.4016471551731229,-2.6640610694885254,-2.665431499481201
batch2_128_255,2,7,"(2, 7)",1,36,4.003058433532715,7.325924396514893,-0.0013837871374562383,-0.0013837814331054688,5.704350769519806e-09,4.122291738456237e-06,0,1,0.06744230538606644,0.36180880665779114,0.06924507766962051,0.368154913187027,0.0020050834864377975,0.007668025325983763,0.0764285767218098,0.40931518049910665,-2.6888632774353027,-2.690247058868408
batch2_128_255,2,7,"(2, 7)",1,37,3.9440553188323975,7.3416361808776855,-0.0013797555584460497,-0.0013794898986816406,2.6565976440906525e-07,0.00019257826002419635,0,1,0.06924507766962051,0.368154913187027,0.07101711630821228,0.37434080243110657,0.0019670857582241297,0.007473574951291084,0.07839566248003393,0.41678875545039773,-2.7132697105407715,-2.714649200439453
batch2_128_255,2,7,"(2, 7)",1,38,3.8891992568969727,7.360177993774414,-0.0013782090973109007,-0.0013785362243652344,3.2712705433368683e-07,0.00023730029617779314,0,1,0.07101711630821228,0.37434080243110657,0.07275840640068054,0.3803708851337433,0.0019298880361020565,0.007288963999599218,0.08032555051613599,0.42407771944999695,-2.7386474609375,-2.7400259971618652
batch2_128_255,2,7,"(2, 7)",1,39,3.8359904289245605,7.3759050369262695,-0.0013741705333814025,-0.0013742446899414062,7.415656000375748e-08,5.396168567834837e-05,0,1,0.07275840640068054,0.3803708851337433,0.07446721196174622,0.38624754548072815,0.001890599261969328,0.007103501819074154,0.08221614977810532,0.4311812212690711,-2.7709579467773438,-2.772332191467285
batch2_128_255,3,4,"(3, 4)",0,0,8.746499061584473,8.433267593383789,0.001956962514668703,0.0019567012786865234,2.612359821796417e-07,0.00013350836176434752,1,0,0.0,0.0,0.0018973626429215074,0.014241387136280537,0.0018973626429215074,0.014241387136280537,0.0018973626429215074,0.014241387136280537,-2.212824583053589,-2.2108678817749023
batch2_128_255,3,4,"(3, 4)",0,1,8.540529251098633,8.27381420135498,0.0017761237686499953,0.0017757415771484375,3.82191501557827e-07,0.0002152292351973684,1,0,0.0018973626429215074,0.014241387136280537,0.0037711355835199356,0.028199879452586174,0.0018762341933324933,0.013971141539514065,0.0037735968362540007,0.0282125286757946,-2.0866477489471436,-2.084872007369995
batch2_128_255,3,4,"(3, 4)",0,2,8.353374481201172,8.153097152709961,0.0016201938269659877,0.0016199350357055664,2.587912604212761e-07,0.00015975409798366325,1,0,0.0037711355835199356,0.028199879452586174,0.005625008139759302,0.04186103865504265,0.0018610174302011728,0.013697165995836258,0.0056346142664551735,0.04190969467163086,-1.984832525253296,-1.9832125902175903
batch2_128_255,3,4,"(3, 4)",0,3,8.168435096740723,8.018488883972168,0.0014788570115342736,0.0014786720275878906,1.8498394638299942e-07,0.00012510140378103838,1,0,0.005625008139759302,0.04186103865504265,0.0074564311653375626,0.055294062942266464,0.0018454615492373705,0.013503958471119404,0.007480075815692544,0.05541365314275026,-1.8822177648544312,-1.8807390928268433
batch2_128_255,3,4,"(3, 4)",0,4,7.983406066894531,7.880487442016602,0.0013759194407612085,0.0013759136199951172,5.820766091346741e-09,4.230473488130307e-06,1,0,0.0074564311653375626,0.055294062942266464,0.009264009073376656,0.0684039294719696,0.0018312324536964297,0.013230935670435429,0.009311308269388974,0.06864458881318569,-1.8274922370910645,-1.8261163234710693
batch2_128_255,3,4,"(3, 4)",0,5,7.813587188720703,7.756849765777588,0.0012568405363708735,0.001256704330444336,1.3620592653751373e-07,0.00010838343056346045,1,0,0.009264009073376656,0.0684039294719696,0.011049436405301094,0.08104410767555237,0.0018213315634056926,0.012817534618079662,0.011132639832794666,0.08146212343126535,-1.754305362701416,-1.7530486583709717
batch2_128_255,3,4,"(3, 4)",0,6,7.655210018157959,7.656723499298096,0.0011571247596293688,0.0011570453643798828,7.939524948596954e-08,6.861895992169791e-05,1,0,0.011049436405301094,0.08104410767555237,0.01282244361937046,0.09323643893003464,0.001821498037315905,0.012428690679371357,0.012954137870110571,0.09389081411063671,-1.6821935176849365,-1.6810364723205566
batch2_128_255,3,4,"(3, 4)",0,7,7.494807243347168,7.533271789550781,0.001060762908309698,0.0010607242584228516,3.864988684654236e-08,3.6437261182288156e-05,1,0,0.01282244361937046,0.09323643893003464,0.014584347605705261,0.10485142469406128,0.001824717503041029,0.01193445734679699,0.0147788553731516,0.1058252714574337,-1.6106386184692383,-1.6095778942108154
batch2_128_255,3,4,"(3, 4)",0,8,7.356217861175537,7.423910617828369,0.0009878100827336311,0.0009877681732177734,4.190951585769653e-08,4.242849384503983e-05,1,0,0.014584347605705261,0.10485142469406128,0.016341358423233032,0.1160421222448349,0.0018310522427782416,0.011592889204621315,0.016609907615929842,0.11741816066205502,-1.5661823749542236,-1.5651946067810059
batch2_128_255,3,4,"(3, 4)",0,9,7.223742485046387,7.327361106872559,0.000918967358302325,0.0009188652038574219,1.021544449031353e-07,0.00011117457106253243,1,0,0.016341358423233032,0.1160421222448349,0.018096767365932465,0.12687081098556519,0.0018407490570098162,0.011312018148601055,0.018450656672939658,0.12873017881065607,-1.5180723667144775,-1.5171535015106201
batch2_128_255,3,4,"(3, 4)",0,10,7.093857765197754,7.236933708190918,0.0008623233297839761,0.00086212158203125,2.0174775272607803e-07,0.00023401311013550885,1,0,0.018096767365932465,0.12687081098556519,0.019855648279190063,0.13740989565849304,0.0018541929312050343,0.011099097318947315,0.020304849604144692,0.13982927612960339,-1.4713923931121826,-1.4705302715301514
batch2_128_255,3,4,"(3, 4)",0,11,6.967288970947266,7.147398948669434,0.0007986531127244234,0.0007987022399902344,4.912726581096649e-08,6.150886194029851e-05,1,0,0.019855648279190063,0.13740989565849304,0.021616213023662567,0.14767354726791382,0.0018659122288227081,0.01091383583843708,0.0221707618329674,0.15074311196804047,-1.4214527606964111,-1.420654058456421
batch2_128_255,3,4,"(3, 4)",0,12,6.849486827850342,7.071429252624512,0.0007469682022929192,0.0007469654083251953,2.7939677238464355e-09,3.74042451324609e-06,1,0,0.021616213023662567,0.14767354726791382,0.023382483050227165,0.15770575404167175,0.0018815232906490564,0.010767788626253605,0.024052285123616457,0.16151090059429407,-1.3876919746398926,-1.3869450092315674
batch2_128_255,3,4,"(3, 4)",0,13,6.736040115356445,7.0018415451049805,0.0007088727434165776,0.0007089376449584961,6.490154191851616e-08,9.154760278291575e-05,1,0,0.023382483050227165,0.15770575404167175,0.025158053264021873,0.16768428683280945,0.0018989585805684328,0.01074940711259842,0.02595124370418489,0.1722603077068925,-1.348983645439148,-1.3482747077941895
batch2_128_255,3,4,"(3, 4)",0,14,6.620369911193848,6.932156562805176,0.0006700816447846591,0.0006699562072753906,1.2543750926852226e-07,0.00018723240102313168,1,0,0.025158053264021873,0.16768428683280945,0.026940347626805305,0.17751316726207733,0.0019157094648107886,0.010673635639250278,0.02786695316899568,0.18293394334614277,-1.3318865299224854,-1.33121657371521
batch2_128_255,3,4,"(3, 4)",0,15,6.506563663482666,6.866108417510986,0.0006202440126799047,0.0006202459335327148,1.9208528101444244e-09,3.0969212473572938e-06,1,0,0.026940347626805305,0.17751316726207733,0.028727922588586807,0.18719811737537384,0.0019297795370221138,0.010587770491838455,0.029796732706017792,0.19352171383798122,-1.3096636533737183,-1.3090434074401855
batch2_128_255,3,4,"(3, 4)",0,16,6.384574890136719,6.793521404266357,0.0005731722922064364,0.0005731582641601562,1.4028046280145645e-08,2.4474996100249583e-05,1,0,0.028727922588586807,0.18719811737537384,0.03052162379026413,0.19678954780101776,0.0019467861857265234,0.010559567250311375,0.031743518891744316,0.2040812810882926,-1.2962117195129395,-1.2956385612487793
batch2_128_255,3,4,"(3, 4)",0,17,6.269711494445801,6.752152442932129,0.0005239466554485261,0.0005238056182861328,1.4103716239333153e-07,0.0002692547721324533,1,0,0.03052162379026413,0.19678954780101776,0.03232377767562866,0.20629991590976715,0.0019653933122754097,0.010504219681024551,0.033708912204019725,0.21458550076931715,-1.2762045860290527,-1.2756807804107666
batch2_128_255,3,4,"(3, 4)",0,18,6.16645622253418,6.675836563110352,0.0004820864705834538,0.0004819631576538086,1.233129296451807e-07,0.0002558555102955726,1,0,0.03232377767562866,0.20629991590976715,0.03413740172982216,0.2157430499792099,0.0019878302700817585,0.010503200814127922,0.035696742474101484,0.22508870158344507,-1.2666277885437012,-1.2661458253860474
batch2_128_255,3,4,"(3, 4)",0,19,6.056295394897461,6.618886947631836,0.0004554639453999698,0.00045549869537353516,3.474997356534004e-08,7.628995191049463e-05,1,0,0.03413740172982216,0.2157430499792099,0.03596028313040733,0.22514556348323822,0.0020055498462170362,0.010493376292288303,0.03770229232031852,0.23558207787573338,-1.2717148065567017,-1.2712593078613281
batch2_128_255,3,4,"(3, 4)",0,20,5.941464424133301,6.587667465209961,0.0004227616300340742,0.0004227161407470703,4.548928700387478e-08,0.00010761189985194586,1,0,0.03596028313040733,0.22514556348323822,0.037791527807712555,0.23445552587509155,0.002024340210482478,0.010439134202897549,0.039726632530801,0.24602121207863092,-1.2684557437896729,-1.2680330276489258
batch2_128_255,3,4,"(3, 4)",0,21,5.831819534301758,6.559236526489258,0.00038305833004415035,0.00038301944732666016,3.888271749019623e-08,0.00010151630096483038,1,0,0.037791527807712555,0.23445552587509155,0.03962880000472069,0.243624746799469,0.002039731480181217,0.010325427167117596,0.041766364010982215,0.2563466392457485,-1.2753500938415527,-1.274967074394226
batch2_128_255,3,4,"(3, 4)",0,22,5.727207183837891,6.5375566482543945,0.00035209491034038365,0.00035190582275390625,1.8908758647739887e-07,0.0005373244040057588,1,0,0.03962880000472069,0.243624746799469,0.0414760522544384,0.2527800500392914,0.0020584084559231997,0.010324014350771904,0.043824772466905415,0.2666706535965204,-1.2806165218353271,-1.2802646160125732
batch2_128_255,3,4,"(3, 4)",0,23,5.622006893157959,6.501692295074463,0.00031458004377782345,0.00031447410583496094,1.0593794286251068e-07,0.0003368733415466262,1,0,0.0414760522544384,0.2527800500392914,0.04332985356450081,0.26182228326797485,0.0020745510701090097,0.010224155150353909,0.045899323537014425,0.27689480874687433,-1.2905092239379883,-1.2901947498321533
batch2_128_255,3,4,"(3, 4)",0,24,5.516401290893555,6.484131336212158,0.00028204184491187334,0.00028204917907714844,7.334165275096893e-09,2.600314349112426e-05,1,0,0.04332985356450081,0.26182228326797485,0.04518964886665344,0.270770788192749,0.002087523229420185,0.010143402963876724,0.04798684676643461,0.28703821171075106,-1.3056819438934326,-1.3053998947143555
batch2_128_255,3,4,"(3, 4)",0,25,5.41165828704834,6.48012638092041,0.00024941968149505556,0.0002493858337402344,3.38477548211813e-08,0.00013572444879302102,1,0,0.04518964886665344,0.270770788192749,0.0470544658601284,0.27965736389160156,0.0020992085337638855,0.01008959487080574,0.050086055300198495,0.2971278065815568,-1.3221817016601562,-1.321932315826416
batch2_128_255,3,4,"(3, 4)",0,26,5.307949066162109,6.480406284332275,0.00022120923676993698,0.00022125244140625,4.320463631302118e-08,0.00019527303761449354,1,0,0.0470544658601284,0.27965736389160156,0.04892420768737793,0.28844961524009705,0.0021103231701999903,0.01000637374818325,0.052196378470398486,0.30713418032974005,-1.3340795040130615,-1.3338582515716553
batch2_128_255,3,4,"(3, 4)",0,27,5.208752632141113,6.475619316101074,0.00020445388508960605,0.00020432472229003906,1.2916279956698418e-07,0.0006321447454784131,1,0,0.04892420768737793,0.28844961524009705,0.05079569295048714,0.2971801161766052,0.0021158354356884956,0.009935060515999794,0.05431221390608698,0.31706924084573984,-1.3558427095413208,-1.3556383848190308
batch2_128_255,3,4,"(3, 4)",0,28,5.110086441040039,6.481192588806152,0.0001808877132134512,0.00018072128295898438,1.6643025446683168e-07,0.000920922271809037,1,0,0.05079569295048714,0.2971801161766052,0.052667852491140366,0.305813193321228,0.0021208426915109158,0.009840845130383968,0.0564330565975979,0.3269100859761238,-1.3708500862121582,-1.3706693649291992
batch2_128_255,3,4,"(3, 4)",0,29,5.0127763748168945,6.494727611541748,0.00016806293569970876,0.00016796588897705078,9.704672265797853e-08,0.0005777763761976579,1,0,0.052667852491140366,0.305813193321228,0.05453820154070854,0.31431788206100464,0.002122463658452034,0.009715571999549866,0.05855552025604993,0.3366256579756737,-1.3888126611709595,-1.3886446952819824
batch2_128_255,3,4,"(3, 4)",0,30,4.9124755859375,6.5269365310668945,0.00016683569992892444,0.0001666545867919922,1.8111313693225384e-07,0.0010867575889663805,1,0,0.05453820154070854,0.31431788206100464,0.05640286207199097,0.322657972574234,0.0021206301171332598,0.009563988074660301,0.06067615037318319,0.346189646050334,-1.4074357748031616,-1.4072691202163696
batch2_128_255,3,4,"(3, 4)",0,31,4.823757171630859,6.5542120933532715,0.0001592779444763437,0.00015914440155029297,1.335429260507226e-07,0.0008391305301966292,1,0,0.05640286207199097,0.322657972574234,0.058264002203941345,0.33093851804733276,0.00211669341661036,0.009493213146924973,0.06279284378979355,0.35568285919725895,-1.4292702674865723,-1.429111123085022
batch2_128_255,3,4,"(3, 4)",0,32,4.731661796569824,6.576775074005127,0.00015540955064352602,0.00015532970428466797,7.984635885804892e-08,0.0005140443627686109,1,0,0.058264002203941345,0.33093851804733276,0.060116734355688095,0.3390398323535919,0.002108749933540821,0.00932363886386156,0.06490159372333437,0.3650064980611205,-1.4596405029296875,-1.4594851732254028
batch2_128_255,3,4,"(3, 4)",0,33,4.642221450805664,6.608389854431152,0.00015096712741069496,0.0001506805419921875,2.865854185074568e-07,0.0019019404544106013,1,0,0.060116734355688095,0.3390398323535919,0.06195627525448799,0.3469844162464142,0.0020944734569638968,0.009163104929029942,0.06699606718029827,0.37416960299015045,-1.4765071868896484,-1.4763565063476562
batch2_128_255,3,4,"(3, 4)",0,34,4.551627159118652,6.633009910583496,0.0001530572772026062,0.00015270709991455078,3.501772880554199e-07,0.0022931303669008586,1,0,0.06195627525448799,0.3469844162464142,0.06377921253442764,0.35473108291625977,0.002077273791655898,0.008980135433375835,0.06907334097195417,0.3831497384235263,-1.4877668619155884,-1.4876141548156738
batch2_128_255,3,4,"(3, 4)",0,35,4.472420692443848,6.663736343383789,0.0001395867730025202,0.00013947486877441406,1.1190422810614109e-07,0.0008023253872863248,1,0,0.06377921253442764,0.35473108291625977,0.06558507680892944,0.36233144998550415,0.002057204954326153,0.008824964985251427,0.07113054592628032,0.3919747034087777,-1.4833331108093262,-1.4831936359405518
batch2_128_255,3,4,"(3, 4)",0,36,4.3946990966796875,6.703972816467285,0.0001447765389457345,0.00014472007751464844,5.6461431086063385e-08,0.0003901423496705107,1,0,0.06558507680892944,0.36233144998550415,0.0673721507191658,0.36979544162750244,0.002034696051850915,0.008673885837197304,0.07316524197813123,0.400648589245975,-1.4991563558578491,-1.4990116357803345
batch2_128_255,3,4,"(3, 4)",0,37,4.317089080810547,6.757850646972656,0.00015772996994201094,0.00015735626220703125,3.737077349796891e-07,0.002374914920691288,1,0,0.0673721507191658,0.36979544162750244,0.06913609057664871,0.37710148096084595,0.0020070539321750402,0.008501706644892693,0.07517229591030627,0.4091502958908677,-1.5138165950775146,-1.5136592388153076
batch2_128_255,3,4,"(3, 4)",0,38,4.243898391723633,6.7816925048828125,0.00015583282220177352,0.0001556873321533203,1.4549004845321178e-07,0.0009345015194295559,1,0,0.06913609057664871,0.37710148096084595,0.07087725400924683,0.3842436373233795,0.00197947327978909,0.008320295251905918,0.07715176919009537,0.41747059114277363,-1.528184413909912,-1.5280287265777588
batch2_128_255,3,4,"(3, 4)",0,39,4.174271583557129,6.825774669647217,0.00016235056682489812,0.00016224384307861328,1.0672374628484249e-07,0.0006577984363519471,1,0,0.07087725400924683,0.3842436373233795,0.07259330153465271,0.391223281621933,0.0019489320693537593,0.00814500916749239,0.07910070125944912,0.425615600310266,-1.5459775924682617,-1.545815348625183
batch2_128_255,3,5,"(3, 5)",0,0,8.67575454711914,8.433267593383789,0.0012893767561763525,0.0012892484664916992,1.2828968465328217e-07,9.95073393435044e-05,1,0,0.0,0.0,0.0019520658534020185,0.015170506201684475,0.0019520658534020185,0.015170506201684475,0.0019520658534020185,0.015170506201684475,-1.4941699504852295,-1.4928807020187378
batch2_128_255,3,5,"(3, 5)",0,1,8.447620391845703,8.247082710266113,0.0011799983913078904,0.0011799335479736328,6.484333425760269e-08,5.4955072994544353e-05,1,0,0.0019520658534020185,0.015170506201684475,0.0038695093244314194,0.029964381828904152,0.0019205117132514715,0.014809022657573223,0.00387257756665349,0.029979528859257698,-1.4425450563430786,-1.441365122795105
batch2_128_255,3,5,"(3, 5)",0,2,8.229881286621094,8.069314002990723,0.0010712053626775742,0.0010710954666137695,1.0989606380462646e-07,0.00010260155815247635,1,0,0.0038695093244314194,0.029964381828904152,0.00575164845213294,0.04429351165890694,0.0018911893712356687,0.014370391145348549,0.005763766937889159,0.04434992000460625,-1.3805819749832153,-1.3795108795166016
batch2_128_255,3,5,"(3, 5)",0,3,8.02896499633789,7.891321659088135,0.0009765721624717116,0.0009765625,9.66247171163559e-09,9.894371032714844e-06,1,0,0.00575164845213294,0.04429351165890694,0.00759876798838377,0.05818039923906326,0.001864628167822957,0.0139742037281394,0.007628395105712116,0.05832412373274565,-1.335636854171753,-1.334660291671753
batch2_128_255,3,5,"(3, 5)",0,4,7.83189058303833,7.742308616638184,0.0009137668530456722,0.0009136199951171875,1.4685792848467827e-07,0.00016074290106341335,1,0,0.00759876798838377,0.05818039923906326,0.009415674954652786,0.07162658870220184,0.0018456551479175687,0.013600362464785576,0.009474050253629684,0.07192448619753122,-1.3089499473571777,-1.3080363273620605
batch2_128_255,3,5,"(3, 5)",0,5,7.643365859985352,7.594808101654053,0.0008270956459455192,0.0008270740509033203,2.1595042198896408e-08,2.611016773565869e-05,1,0,0.009415674954652786,0.07162658870220184,0.011205824092030525,0.08449024707078934,0.0018322654068470001,0.013087247498333454,0.011306315660476685,0.08501173369586468,-1.2591705322265625,-1.2583434581756592
batch2_128_255,3,5,"(3, 5)",0,6,7.481163024902344,7.474164009094238,0.0007558319484815001,0.0007559061050415039,7.415656000375748e-08,9.8102872181044e-05,1,0,0.011205824092030525,0.08449024707078934,0.012976634316146374,0.09678752720355988,0.0018269887659698725,0.01261176448315382,0.013133304426446557,0.0976234981790185,-1.2349666357040405,-1.234210729598999
batch2_128_255,3,5,"(3, 5)",0,7,7.3150129318237305,7.343692779541016,0.0006861255969852209,0.0006861686706542969,4.307366907596588e-08,6.277417043085476e-05,1,0,0.012976634316146374,0.09678752720355988,0.014730500988662243,0.10864211618900299,0.00182291807141155,0.01224795263260603,0.014956222497858107,0.10987145081162453,-1.1908907890319824,-1.1902046203613281
batch2_128_255,3,5,"(3, 5)",0,8,7.163260459899902,7.214509963989258,0.0006281314417719841,0.0006281137466430664,1.7695128917694092e-08,2.817185424179161e-05,1,0,0.014730500988662243,0.10864211618900299,0.016476400196552277,0.1201310083270073,0.001827650354243815,0.011959271505475044,0.016783872852101922,0.12183072231709957,-1.157265543937683,-1.15663743019104
batch2_128_255,3,5,"(3, 5)",0,9,7.02400016784668,7.094811916351318,0.0005652523832395673,0.0005652904510498047,3.8067810237407684e-08,6.734203658793757e-05,1,0,0.016476400196552277,0.1201310083270073,0.01821877248585224,0.13133911788463593,0.0018380505498498678,0.011757532134652138,0.01862192340195179,0.1335882544517517,-1.110583782196045,-1.1100184917449951
batch2_128_255,3,5,"(3, 5)",0,10,6.890483856201172,6.980638027191162,0.0005139826098456979,0.000513911247253418,7.136259227991104e-08,0.00013886170552076084,1,0,0.01821877248585224,0.13133911788463593,0.01995515078306198,0.14221137762069702,0.001846756087616086,0.011507010087370872,0.020468679489567876,0.14509526453912258,-1.0939147472381592,-1.0934008359909058
batch2_128_255,3,5,"(3, 5)",0,11,6.749996185302734,6.915257930755615,0.0004801058676093817,0.0004800558090209961,5.005858838558197e-08,0.00010427660168860194,1,0,0.01995515078306198,0.14221137762069702,0.02168874442577362,0.15299466252326965,0.0018522804602980614,0.01145840808749199,0.022320959949865937,0.15655367262661457,-1.073783278465271,-1.07330322265625
batch2_128_255,3,5,"(3, 5)",0,12,6.617427825927734,6.825845718383789,0.00042430698522366583,0.00042426586151123047,4.112371243536472e-08,9.69291101784209e-05,1,0,0.02168874442577362,0.15299466252326965,0.023418739438056946,0.16357673704624176,0.001862847711890936,0.011342349462211132,0.024183807661756873,0.1678960220888257,-1.0381220579147339,-1.0376977920532227
batch2_128_255,3,5,"(3, 5)",0,13,6.4784955978393555,6.73422908782959,0.00037033954868093133,0.00037026405334472656,7.549533620476723e-08,0.00020389593729877657,1,0,0.023418739438056946,0.16357673704624176,0.025143608450889587,0.17398500442504883,0.0018727054120972753,0.011262154206633568,0.02605651307385415,0.17915817629545927,-1.0045886039733887,-1.004218339920044
batch2_128_255,3,5,"(3, 5)",0,14,6.348432540893555,6.671861171722412,0.0003303208213765174,0.00033026933670043945,5.148467607796192e-08,0.00015588693940624435,1,0,0.025143608450889587,0.17398500442504883,0.026869188994169235,0.1843685358762741,0.0018843840807676315,0.011297222226858139,0.02794089715462178,0.1904553985223174,-0.9728295207023621,-0.9724992513656616
batch2_128_255,3,5,"(3, 5)",0,15,6.222502708435059,6.6360344886779785,0.0002826809068210423,0.00028264522552490234,3.568129613995552e-08,0.0001262405762336567,1,0,0.026869188994169235,0.1843685358762741,0.028592359274625778,0.19444409012794495,0.0018991263350471854,0.011062761768698692,0.029840023489668965,0.2015181602910161,-0.9379507303237915,-0.9376680850982666
batch2_128_255,3,5,"(3, 5)",0,16,6.09527063369751,6.603776931762695,0.0002555768296588212,0.0002555251121520996,5.171750672161579e-08,0.00020239696320270586,1,0,0.028592359274625778,0.19444409012794495,0.030316360294818878,0.20451892912387848,0.0019077587639912963,0.011086665093898773,0.03174778225366026,0.21260482538491488,-0.9059260487556458,-0.9056705236434937
batch2_128_255,3,5,"(3, 5)",0,17,5.962521076202393,6.582235336303711,0.00022703499416820705,0.0002269744873046875,6.050686351954937e-08,0.00026658002068014703,1,0,0.030316360294818878,0.20451892912387848,0.03204098716378212,0.21453732252120972,0.0019191656028851867,0.011094601824879646,0.03366694785654545,0.22369942720979452,-0.8708896636962891,-0.8706626892089844
batch2_128_255,3,5,"(3, 5)",0,18,5.838774681091309,6.532411098480225,0.00019463340868242085,0.0001946091651916504,2.4243490770459175e-08,0.00012457527756508423,1,0,0.03204098716378212,0.21453732252120972,0.03376392647624016,0.224461629986763,0.0019273736979812384,0.011030728928744793,0.03559432155452669,0.23473015613853931,-0.8344824910163879,-0.8342878818511963
batch2_128_255,3,5,"(3, 5)",0,19,5.7134904861450195,6.497928142547607,0.00016780935402493924,0.0001677870750427246,2.227898221462965e-08,0.00013278127775310836,1,0,0.03376392647624016,0.224461629986763,0.03548383340239525,0.23425154387950897,0.0019375330302864313,0.010954197496175766,0.03753185458481312,0.24568435363471508,-0.801324725151062,-0.8011569380760193
batch2_128_255,3,5,"(3, 5)",0,20,5.5939812660217285,6.485759735107422,0.00014601214206777513,0.00014597177505493164,4.036701284348965e-08,0.00027653985044916293,1,0,0.03548383340239525,0.23425154387950897,0.0372011698782444,0.24389581382274628,0.001945251482538879,0.010839068330824375,0.039477106067352,0.25652342196553946,-0.7730008959770203,-0.7728549242019653
batch2_128_255,3,5,"(3, 5)",0,21,5.4760284423828125,6.470400810241699,0.0001230257621500641,0.00012302398681640625,1.775333657860756e-09,1.4430792756782946e-05,1,0,0.0372011698782444,0.24389581382274628,0.038914069533348083,0.2534061074256897,0.0019511531572788954,0.010729619301855564,0.04142825922463089,0.267253041267395,-0.7459487915039062,-0.7458257675170898
batch2_128_255,3,5,"(3, 5)",0,22,5.354227542877197,6.4732666015625,9.950561070581898e-05,9.953975677490234e-05,3.414606908336282e-08,0.0003430395069236527,1,0,0.038914069533348083,0.2534061074256897,0.04061788320541382,0.26274606585502625,0.0019519496709108353,0.010583114810287952,0.04338020889554173,0.27783615607768297,-0.7140315771102905,-0.7139320373535156
batch2_128_255,3,5,"(3, 5)",0,23,5.241582870483398,6.474627494812012,8.25923343654722e-05,8.255243301391602e-05,3.990135155618191e-08,0.0004833455550541516,1,0,0.04061788320541382,0.26274606585502625,0.04231293126940727,0.2718837261199951,0.0019515047315508127,0.01039727684110403,0.04533171362709254,0.288233432918787,-0.6876751184463501,-0.6875925660133362
batch2_128_255,3,5,"(3, 5)",0,24,5.133792877197266,6.4724836349487305,7.096397166606039e-05,7.092952728271484e-05,3.444438334554434e-08,0.0004856141675420168,1,0,0.04231293126940727,0.2718837261199951,0.04399498924612999,0.280876487493515,0.0019477958558127284,0.010283540934324265,0.04727950948290527,0.29851697385311127,-0.6692768335342407,-0.669205904006958
batch2_128_255,3,5,"(3, 5)",0,25,5.032310485839844,6.476324081420898,6.044238762115128e-05,6.0439109802246094e-05,3.2778189051896334e-09,5.4233408068293885e-05,1,0,0.04399498924612999,0.280876487493515,0.04566143453121185,0.2897792458534241,0.0019384564366191626,0.010204756632447243,0.04921796591952443,0.3087217304855585,-0.6505427360534668,-0.6504822969436646
batch2_128_255,3,5,"(3, 5)",0,26,4.927422046661377,6.493286609649658,4.8502675781492144e-05,4.845857620239258e-05,4.4099579099565744e-08,0.0009100469422662976,1,0,0.04566143453121185,0.2897792458534241,0.047310721129179,0.2985600531101227,0.001928977551870048,0.010094068944454193,0.05114694347139448,0.3188157994300127,-0.6358765959739685,-0.6358281373977661
batch2_128_255,3,5,"(3, 5)",0,27,4.824191093444824,6.50272274017334,3.624924283940345e-05,3.618001937866211e-05,6.922346074134111e-08,0.0019133063478171334,1,0,0.047310721129179,0.2985600531101227,0.04894145950675011,0.30716490745544434,0.0019189182203263044,0.009925811551511288,0.053065861691720784,0.328741610981524,-0.6219062805175781,-0.6218701004981995
batch2_128_255,3,5,"(3, 5)",0,28,4.723635673522949,6.5215535163879395,2.3021100787445903e-05,2.300739288330078e-05,1.3707904145121574e-08,0.0005958043231865284,1,0,0.04894145950675011,0.30716490745544434,0.05055004358291626,0.315569132566452,0.0019041456980630755,0.009727586060762405,0.05497000738978386,0.3384691970422864,-0.6099528670310974,-0.6099298596382141
batch2_128_255,3,5,"(3, 5)",0,29,4.630022048950195,6.53267240524292,9.603562830307055e-06,9.59634780883789e-06,7.21502146916464e-09,0.0007518507679056677,1,0,0.05055004358291626,0.315569132566452,0.05213821679353714,0.323815256357193,0.0018898642156273127,0.009564312174916267,0.05685987160541117,0.34803350921720266,-0.6011382341384888,-0.6011286377906799
batch2_128_255,3,5,"(3, 5)",0,30,4.534354209899902,6.529621601104736,-3.844977982225828e-06,-3.933906555175781e-06,8.892857294995338e-08,0.022605664802320076,0,1,0.05213821679353714,0.323815256357193,0.05370368808507919,0.331857830286026,0.0018716263584792614,0.009351077489554882,0.05873149796389043,0.35738458670675755,-0.5879238843917847,-0.5879278182983398
batch2_128_255,3,5,"(3, 5)",0,31,4.448002338409424,6.534193992614746,-1.079591856978368e-05,-1.0848045349121094e-05,5.212677933741361e-08,0.004805177122682005,0,1,0.05370368808507919,0.331857830286026,0.0552462562918663,0.3396841883659363,0.001852616434916854,0.009129147045314312,0.06058411439880729,0.36651373375207186,-0.5814360976219177,-0.5814469456672668
batch2_128_255,3,5,"(3, 5)",0,32,4.362584590911865,6.534338474273682,-1.9633140254882164e-05,-1.9609928131103516e-05,2.3212123778648674e-08,0.0011836924451462767,0,1,0.0552462562918663,0.3396841883659363,0.0567636601626873,0.34729892015457153,0.0018300659721717238,0.00891305971890688,0.06241418037097901,0.37542679347097874,-0.5784051418304443,-0.5784247517585754
batch2_128_255,3,5,"(3, 5)",0,33,4.282311916351318,6.535510063171387,-2.4298684365930967e-05,-2.4318695068359375e-05,2.0010702428407967e-08,0.0008228526395909927,0,1,0.0567636601626873,0.34729892015457153,0.05825610086321831,0.35471728444099426,0.0018048258498311043,0.00869958009570837,0.06421900622081012,0.3841263735666871,-0.5754580497741699,-0.5754823684692383
batch2_128_255,3,5,"(3, 5)",0,34,4.205631256103516,6.535905838012695,-2.9910477678640746e-05,-2.9921531677246094e-05,1.105399860534817e-08,0.00036943291287973106,0,1,0.05825610086321831,0.35471728444099426,0.05972248688340187,0.36194536089897156,0.0017776887398213148,0.008489691652357578,0.06599669496063143,0.3926160652190447,-0.5741500854492188,-0.574180006980896
batch2_128_255,3,5,"(3, 5)",0,35,4.1298723220825195,6.548372745513916,-3.7761725252494216e-05,-3.7789344787597656e-05,2.7619535103440285e-08,0.0007308815555993691,0,1,0.05972248688340187,0.36194536089897156,0.06116066500544548,0.36895862221717834,0.0017467577708885074,0.008253605104982853,0.06774345273151994,0.40086967032402754,-0.5733153223991394,-0.573353111743927
batch2_128_255,3,5,"(3, 5)",0,36,4.060962200164795,6.560507774353027,-4.054470264236443e-05,-4.0531158447265625e-05,1.3544195098802447e-08,0.00033416748046875,0,1,0.06116066500544548,0.36895862221717834,0.06257051974534988,0.37577205896377563,0.0017145376186817884,0.008029645308852196,0.06945799035020173,0.40889931563287973,-0.5727964639663696,-0.5728369951248169
batch2_128_255,3,5,"(3, 5)",0,37,3.9939303398132324,6.569397926330566,-4.780961535288952e-05,-4.786252975463867e-05,5.2914401749148965e-08,0.001105549623482254,0,1,0.06257051974534988,0.37577205896377563,0.06395083665847778,0.3823695182800293,0.001680205576121807,0.007793523371219635,0.07113819592632353,0.41669283900409937,-0.572076678276062,-0.5721245408058167
batch2_128_255,3,5,"(3, 5)",0,38,3.931222438812256,6.580953121185303,-5.35797153133899e-05,-5.352497100830078e-05,5.4744305089116096e-08,0.0010227806584075724,0,1,0.06395083665847778,0.3823695182800293,0.06530402600765228,0.3887699544429779,0.0016475510783493519,0.007575605530291796,0.07278574700467288,0.42426844453439116,-0.5724179744720459,-0.5724714994430542
batch2_128_255,3,5,"(3, 5)",0,39,3.873790740966797,6.588713645935059,-6.087519068387337e-05,-6.091594696044922e-05,4.075627657584846e-08,0.0006690575885212818,0,1,0.06530402600765228,0.3887699544429779,0.06662994623184204,0.394978404045105,0.0016139517538249493,0.007362352684140205,0.07439969875849783,0.43163079721853137,-0.5717523097991943,-0.5718132257461548
batch2_128_255,3,6,"(3, 6)",0,0,8.450942993164062,8.433267593383789,0.0027997216675430536,0.0027992725372314453,4.491303116083145e-07,0.00016044536772847286,1,0,0.0,0.0,0.0019439924508333206,0.014091718941926956,0.0019439924508333206,0.014091718941926956,0.0019439924508333206,0.014091718941926956,-2.819124698638916,-2.8163254261016846
batch2_128_255,3,6,"(3, 6)",0,1,8.244032859802246,8.224649429321289,0.002525533549487591,0.00252532958984375,2.039596438407898e-07,8.07655541918429e-05,1,0,0.0019439924508333206,0.014091718941926956,0.0038582412526011467,0.02787254936993122,0.0019165679113939404,0.013796638697385788,0.003860560362227261,0.027888357639312744,-2.6576900482177734,-2.6551647186279297
batch2_128_255,3,6,"(3, 6)",0,2,8.057357788085938,8.039551734924316,0.0022678265813738108,0.002267122268676758,7.043126970529556e-07,0.00031066374618782207,1,0,0.0038582412526011467,0.02787254936993122,0.00574551522731781,0.041341107338666916,0.001893740613013506,0.01350176241248846,0.005754300975240767,0.041390120051801205,-2.5122079849243164,-2.5099408626556396
batch2_128_255,3,6,"(3, 6)",0,3,7.879645347595215,7.882549285888672,0.00202392996288836,0.0020236968994140625,2.330634742975235e-07,0.0001151671845546654,1,0,0.00574551522731781,0.041341107338666916,0.007603483274579048,0.05445343255996704,0.0018708185525611043,0.013172723352909088,0.007625119527801871,0.05456284340471029,-2.378242015838623,-2.376218318939209
batch2_128_255,3,6,"(3, 6)",0,4,7.712399959564209,7.727976322174072,0.0017970915650948882,0.001796722412109375,3.691529855132103e-07,0.00020545910877786623,1,0,0.007603483274579048,0.05445343255996704,0.009436347521841526,0.06720060110092163,0.0018550485838204622,0.012864196673035622,0.009480168111622334,0.06742704007774591,-2.251645565032959,-2.2498488426208496
batch2_128_255,3,6,"(3, 6)",0,5,7.551466464996338,7.592554569244385,0.0015967146027833223,0.0015964508056640625,2.637971192598343e-07,0.00016523974201015533,1,0,0.009436347521841526,0.06720060110092163,0.011249064467847347,0.07969069480895996,0.0018454374512657523,0.012649834156036377,0.011325605562888086,0.08007687423378229,-2.1288492679595947,-2.1272528171539307
batch2_128_255,3,6,"(3, 6)",0,6,7.3953728675842285,7.460395812988281,0.001398099004290998,0.001397848129272461,2.508750185370445e-07,0.0001794722998038547,1,0,0.011249064467847347,0.07969069480895996,0.0130428746342659,0.09172791987657547,0.00183949526399374,0.01225954294204712,0.013165100826881826,0.09233641717582941,-2.007510185241699,-2.0061123371124268
batch2_128_255,3,6,"(3, 6)",0,7,7.244726181030273,7.349035263061523,0.0012212960282340646,0.0012210607528686523,2.3527536541223526e-07,0.0001926811297959582,1,0,0.0130428746342659,0.09172791987657547,0.014823012053966522,0.10331393033266068,0.001840226468630135,0.011878550983965397,0.015005327295511961,0.10421496815979481,-1.9103089570999146,-1.909087896347046
batch2_128_255,3,6,"(3, 6)",0,8,7.105221748352051,7.230264663696289,0.0010560533264651895,0.0010561943054199219,1.4097895473241806e-07,0.00013347823786681714,1,0,0.014823012053966522,0.10331393033266068,0.01659582369029522,0.11448948830366135,0.0018477990524843335,0.01155876088887453,0.016853126347996294,0.11577372904866934,-1.8190178871154785,-1.8179616928100586
batch2_128_255,3,6,"(3, 6)",0,9,6.970672130584717,7.1464409828186035,0.0009097754955291748,0.0009098052978515625,2.9802322387695312e-08,3.275681341719078e-05,1,0,0.01659582369029522,0.11448948830366135,0.01836438849568367,0.12533628940582275,0.0018583377823233604,0.011302275583148003,0.018711464130319655,0.12707600463181734,-1.7207132577896118,-1.7198034524917603
batch2_128_255,3,6,"(3, 6)",0,10,6.847556114196777,7.055156707763672,0.0007872682763263583,0.0007871389389038086,1.2933742254972458e-07,0.00016431333295471756,1,0,0.01836438849568367,0.12533628940582275,0.020133621990680695,0.13587069511413574,0.0018724885303527117,0.011069200001657009,0.020583952660672367,0.13814520463347435,-1.6457452774047852,-1.6449581384658813
batch2_128_255,3,6,"(3, 6)",0,11,6.72206974029541,6.981044292449951,0.0006724424893036485,0.0006723403930664062,1.0209623724222183e-07,0.00015185200576241134,1,0,0.020133621990680695,0.13587069511413574,0.02190335839986801,0.14608146250247955,0.0018859615083783865,0.010826035402715206,0.022469914169050753,0.14897124003618956,-1.564772129058838,-1.5640997886657715
batch2_128_255,3,6,"(3, 6)",0,12,6.610477447509766,6.933743000030518,0.0005672556580975652,0.0005671977996826172,5.78584149479866e-08,0.00010200747425388818,1,0,0.02190335839986801,0.14608146250247955,0.023676587268710136,0.15600883960723877,0.0019015118014067411,0.010606501251459122,0.024371425970457494,0.15957774128764868,-1.4798260927200317,-1.4792588949203491
batch2_128_255,3,6,"(3, 6)",0,13,6.496539115905762,6.874680042266846,0.0004739016876555979,0.0004736185073852539,2.8318027034401894e-07,0.0005979079489680342,1,0,0.023676587268710136,0.15600883960723877,0.025457056239247322,0.16560447216033936,0.001919576432555914,0.010350353084504604,0.026291002403013408,0.16992809437215328,-1.4050942659378052,-1.40462064743042
batch2_128_255,3,6,"(3, 6)",0,14,6.383168697357178,6.83192253112793,0.00038530389429070055,0.000385284423828125,1.9470462575554848e-08,5.053529644956683e-05,1,0,0.025457056239247322,0.16560447216033936,0.027246685698628426,0.1748427450656891,0.0019411016255617142,0.010092142969369888,0.028232104028575122,0.18002023734152317,-1.3418641090393066,-1.3414788246154785
batch2_128_255,3,6,"(3, 6)",0,15,6.278608322143555,6.794192314147949,0.00031940769986249506,0.00031948089599609375,7.319613359868526e-08,0.00022910957905783582,1,0,0.027246685698628426,0.1748427450656891,0.029048627242445946,0.18385080993175507,0.001961277797818184,0.009936238639056683,0.030193381826393306,0.18995647598057985,-1.2845559120178223,-1.2842364311218262
batch2_128_255,3,6,"(3, 6)",0,16,6.1795220375061035,6.760589122772217,0.0002589829673524946,0.0002589225769042969,6.039044819772243e-08,0.00023323747554097605,1,0,0.029048627242445946,0.18385080993175507,0.030864687636494637,0.1926594078540802,0.001982663059607148,0.009804079309105873,0.032176044886000454,0.19976055528968573,-1.2261652946472168,-1.2259063720703125
batch2_128_255,3,6,"(3, 6)",0,17,6.085497856140137,6.74210786819458,0.00019953050650656223,0.00019943714141845703,9.336508810520172e-08,0.00046814293185893605,1,0,0.030864687636494637,0.1926594078540802,0.03269374370574951,0.2012709230184555,0.0020033190958201885,0.009663408622145653,0.03417936398182064,0.20942396391183138,-1.177514672279358,-1.1773152351379395
batch2_128_255,3,6,"(3, 6)",0,18,5.982733249664307,6.694324970245361,0.0001447815157007426,0.00014472007751464844,6.143818609416485e-08,0.0004245311856466227,1,0,0.03269374370574951,0.2012709230184555,0.03453705087304115,0.20969736576080322,0.002024768153205514,0.009552051313221455,0.03620413213502616,0.21897601522505283,-1.122925043106079,-1.1227803230285645
batch2_128_255,3,6,"(3, 6)",0,19,5.892443656921387,6.67061185836792,0.0001078695131582208,0.00010788440704345703,1.4893885236233473e-08,0.00013805410479972375,1,0,0.03453705087304115,0.20969736576080322,0.036395296454429626,0.21806266903877258,0.0020436453633010387,0.009512768127024174,0.038247777498327196,0.228488783352077,-1.0851008892059326,-1.0849930047988892
batch2_128_255,3,6,"(3, 6)",0,20,5.801756381988525,6.647139549255371,7.164198905229568e-05,7.152557373046875e-05,1.1641532182693481e-07,0.0016276041666666667,1,0,0.036395296454429626,0.21806266903877258,0.038267165422439575,0.2263326495885849,0.0020611712243407965,0.009420283138751984,0.04030894872266799,0.237909066490829,-1.0533571243286133,-1.0532855987548828
batch2_128_255,3,6,"(3, 6)",0,21,5.713308811187744,6.639369010925293,4.4355449063004926e-05,4.4465065002441406e-05,1.096159394364804e-07,0.0024652148699313005,1,0,0.038267165422439575,0.2263326495885849,0.04015185311436653,0.23453010618686676,0.002076869597658515,0.009352822788059711,0.04238581832032651,0.2472618892788887,-1.0015655755996704,-1.001521110534668
batch2_128_255,3,6,"(3, 6)",0,22,5.622707366943359,6.628382205963135,2.1781039322377183e-05,2.1696090698242188e-05,8.494862413499504e-08,0.003915388505537431,1,0,0.04015185311436653,0.23453010618686676,0.042047422379255295,0.24266138672828674,0.0020896673668175936,0.009306933730840683,0.0444754856871441,0.2565688230097294,-0.9670193195343018,-0.9669976234436035
batch2_128_255,3,6,"(3, 6)",0,23,5.533574104309082,6.608468055725098,-5.6424300964863505e-06,-5.602836608886719e-06,3.959348759963177e-08,0.007066686102684508,0,1,0.042047422379255295,0.24266138672828674,0.04395180195569992,0.2506712079048157,0.00210245861671865,0.009220453910529613,0.04657794430386275,0.265789276920259,-0.9294660091400146,-0.9294716119766235
batch2_128_255,3,6,"(3, 6)",0,24,5.4482879638671875,6.597426891326904,-3.1226183637045324e-05,-3.123283386230469e-05,6.650225259363651e-09,0.00021292417104007633,0,1,0.04395180195569992,0.2506712079048157,0.045865438878536224,0.2586058974266052,0.0021143341436982155,0.009148459881544113,0.048692278447560966,0.2749377368018031,-0.9013990163803101,-0.9014302492141724
batch2_128_255,3,6,"(3, 6)",0,25,5.36228084564209,6.582028865814209,-5.5338736274279654e-05,-5.53131103515625e-05,2.5625922717154026e-08,0.0004632884058459052,0,1,0.045865438878536224,0.2586058974266052,0.047785233706235886,0.2664670944213867,0.0021229987032711506,0.009081647731363773,0.05081527715083212,0.2840193845331669,-0.8739678859710693,-0.8740231990814209
batch2_128_255,3,6,"(3, 6)",0,26,5.279990196228027,6.573640823364258,-7.399192691082135e-05,-7.402896881103516e-05,3.704190021380782e-08,0.0005003703389190821,0,1,0.047785233706235886,0.2664670944213867,0.049712199717760086,0.27429866790771484,0.002132019493728876,0.009051559492945671,0.05294729664456099,0.29307094402611256,-0.8437910676002502,-0.8438650965690613
batch2_128_255,3,6,"(3, 6)",0,27,5.196173667907715,6.579620838165283,-8.6106731032487e-05,-8.612871170043945e-05,2.198066795244813e-08,0.0002552072069636678,0,1,0.049712199717760086,0.27429866790771484,0.051645126193761826,0.2821183204650879,0.0021383780986070633,0.009011330083012581,0.055085674743168056,0.30208227410912514,-0.8204821348190308,-0.8205682635307312
batch2_128_255,3,6,"(3, 6)",0,28,5.113608360290527,6.581187725067139,-9.623117512091994e-05,-9.620189666748047e-05,2.9278453439474106e-08,0.0003043438274473358,0,1,0.051645126193761826,0.2821183204650879,0.053581368178129196,0.2899039089679718,0.002143146703019738,0.008974445052444935,0.057228821446187794,0.31105671916157007,-0.7983973622322083,-0.7984935641288757
batch2_128_255,3,6,"(3, 6)",0,29,5.0335493087768555,6.591310024261475,-0.00011367295519448817,-0.00011372566223144531,5.270703695714474e-08,0.00046345772733228513,0,1,0.053581368178129196,0.2899039089679718,0.055519770830869675,0.2976398169994354,0.0021471476648002863,0.008926943875849247,0.05937596911098808,0.3199836630374193,-0.777129054069519,-0.7772427797317505
batch2_128_255,3,6,"(3, 6)",0,30,4.952371597290039,6.5957441329956055,-0.0001268126943614334,-0.00012683868408203125,2.5989720597863197e-08,0.00020490373883928572,0,1,0.055519770830869675,0.2976398169994354,0.05745797976851463,0.3053125739097595,0.0021492147352546453,0.008872749283909798,0.061525183846242726,0.3288564123213291,-0.7580803036689758,-0.7582071423530579
batch2_128_255,3,6,"(3, 6)",0,31,4.870649814605713,6.588933944702148,-0.00014032212493475527,-0.00014030933380126953,1.2791133485734463e-08,9.116381026975362e-05,0,1,0.05745797976851463,0.3053125739097595,0.05939272791147232,0.3129195272922516,0.0021478140261024237,0.008809005841612816,0.06367299787234515,0.33766541816294193,-0.7388949990272522,-0.7390353083610535
batch2_128_255,3,6,"(3, 6)",0,32,4.792842388153076,6.594592094421387,-0.00014931662008166313,-0.0001493692398071289,5.2619725465774536e-08,0.0003522795291300878,0,1,0.05939272791147232,0.3129195272922516,0.061323802918195724,0.3204643428325653,0.002145510632544756,0.008746949955821037,0.0658185085048899,0.34641236811876297,-0.7224698066711426,-0.7226191759109497
batch2_128_255,3,6,"(3, 6)",0,33,4.716246128082275,6.597878932952881,-0.00015898945275694132,-0.0001590251922607422,3.573950380086899e-08,0.00022474114505247376,0,1,0.061323802918195724,0.3204643428325653,0.06325016915798187,0.32793861627578735,0.0021423357538878918,0.008682528510689735,0.0679608442587778,0.3550948966294527,-0.7053636312484741,-0.7055226564407349
batch2_128_255,3,6,"(3, 6)",0,34,4.6412200927734375,6.6097540855407715,-0.0001678099506534636,-0.0001678466796875,3.6729034036397934e-08,0.00021882490678267047,0,1,0.06325016915798187,0.32793861627578735,0.06516871601343155,0.3353298306465149,0.002136173890903592,0.008594277314841747,0.07009701814968139,0.36368917394429445,-0.6875149011611938,-0.6876827478408813
batch2_128_255,3,6,"(3, 6)",0,35,4.565783977508545,6.619865894317627,-0.00017438895883969963,-0.00017440319061279297,1.4231773093342781e-08,8.160271061175666e-05,0,1,0.06516871601343155,0.3353298306465149,0.06707795709371567,0.3426307737827301,0.0021276522893458605,0.008500393480062485,0.07222467043902725,0.37218956742435694,-0.6721333265304565,-0.6723077297210693
batch2_128_255,3,6,"(3, 6)",0,36,4.493422508239746,6.627929210662842,-0.00018128288502339274,-0.00018131732940673828,3.444438334554434e-08,0.00018996740939349112,0,1,0.06707795709371567,0.3426307737827301,0.06897517293691635,0.34985166788101196,0.0021163150668144226,0.008413163013756275,0.07434098550584167,0.3806027304381132,-0.6555476188659668,-0.6557289361953735
batch2_128_255,3,6,"(3, 6)",0,37,4.423976898193359,6.6388468742370605,-0.00018597612506709993,-0.00018596649169921875,9.633367881178856e-09,5.1801632612179486e-05,0,1,0.06897517293691635,0.34985166788101196,0.07085786759853363,0.356976181268692,0.002101677469909191,0.008311060257256031,0.07644266297575086,0.38891379069536924,-0.6366631388664246,-0.6368491053581238
batch2_128_255,3,6,"(3, 6)",0,38,4.356689453125,6.650094032287598,-0.00019499147310853004,-0.00019496679306030273,2.468004822731018e-08,0.0001265859064506267,0,1,0.07085786759853363,0.356976181268692,0.07272477447986603,0.3640141189098358,0.002087046392261982,0.008221891708672047,0.07852970936801285,0.3971356824040413,-0.6256406307220459,-0.6258355975151062
batch2_128_255,3,6,"(3, 6)",0,39,4.291625022888184,6.673226356506348,-0.00019369293295312673,-0.00019371509552001953,2.2162566892802715e-08,0.00011440805288461538,0,1,0.07272477447986603,0.3640141189098358,0.07457558810710907,0.37095943093299866,0.0020700539462268353,0.008118960075080395,0.08059976331423968,0.4052546424791217,-0.6105988025665283,-0.6107925176620483
batch2_128_255,3,7,"(3, 7)",1,0,8.457393646240234,8.433267593383789,0.0018633732106536627,0.0018631219863891602,2.5122426450252533e-07,0.00013484048083690575,1,0,0.0,0.0,0.002021395368501544,0.014573603868484497,0.002021395368501544,0.014573603868484497,0.002021395368501544,0.014573603868484497,-1.9485070705413818,-1.9466439485549927
batch2_128_255,3,7,"(3, 7)",1,1,8.246201515197754,8.259819984436035,0.0017021915409713984,0.001701951026916504,2.4051405489444733e-07,0.00014131667191987112,1,0,0.002021395368501544,0.014573603868484497,0.004009606316685677,0.02876362018287182,0.0019908277317881584,0.014204239472746849,0.004012223100289702,0.028777843341231346,-1.8658275604248047,-1.8641256093978882
batch2_128_255,3,7,"(3, 7)",1,2,8.049844741821289,8.094470977783203,0.00154978281352669,0.0015496015548706055,1.812586560845375e-07,0.00011697113720286176,1,0,0.004009606316685677,0.02876362018287182,0.005963852629065514,0.04256182909011841,0.001961881062015891,0.013834447599947453,0.0059741041623055935,0.0426122909411788,-1.7879925966262817,-1.7864429950714111
batch2_128_255,3,7,"(3, 7)",1,3,7.867570877075195,7.937162399291992,0.0014253348344936967,0.0014252662658691406,6.85686245560646e-08,4.810934363499498e-05,1,0,0.005963852629065514,0.04256182909011841,0.007884720340371132,0.055935338139534,0.0019356944831088185,0.01344367302954197,0.007909798645414412,0.05605596397072077,-1.7405192852020264,-1.7390940189361572
batch2_128_255,3,7,"(3, 7)",1,4,7.6903276443481445,7.791677951812744,0.0013139875372871757,0.001313924789428711,6.274785846471786e-08,4.77560503992016e-05,1,0,0.007884720340371132,0.055935338139534,0.009774493053555489,0.06897486001253128,0.0019143791869282722,0.013174083083868027,0.009824177832342684,0.0692300470545888,-1.7028093338012695,-1.7014954090118408
batch2_128_255,3,7,"(3, 7)",1,5,7.5227203369140625,7.671929836273193,0.0011946872109547257,0.0011944770812988281,2.1012965589761734e-07,0.00017591769585828345,1,0,0.009774493053555489,0.06897486001253128,0.01163550466299057,0.08157330751419067,0.0018974239937961102,0.012773066759109497,0.011721601826138794,0.08200311381369829,-1.6554992198944092,-1.6543047428131104
batch2_128_255,3,7,"(3, 7)",1,6,7.3627729415893555,7.565138339996338,0.001081555848941207,0.0010814666748046875,8.917413651943207e-08,8.245666611552028e-05,1,0,0.01163550466299057,0.08157330751419067,0.01347186230123043,0.09372808784246445,0.0018864031881093979,0.012400031089782715,0.013608005014248192,0.094403144903481,-1.609964370727539,-1.6088829040527344
batch2_128_255,3,7,"(3, 7)",1,7,7.202911376953125,7.452844619750977,0.0009734038030728698,0.0009733438491821289,5.995389074087143e-08,6.159579761175751e-05,1,0,0.01347186230123043,0.09372808784246445,0.015287552028894424,0.10539551079273224,0.0018810764886438847,0.012001887895166874,0.015489081502892077,0.10640503279864788,-1.5765316486358643,-1.5755583047866821
batch2_128_255,3,7,"(3, 7)",1,8,7.060094833374023,7.365967273712158,0.0008692232659086585,0.0008691549301147461,6.833579391241074e-08,7.862325984089974e-05,1,0,0.015287552028894424,0.10539551079273224,0.017089053988456726,0.1166503056883812,0.001882038195617497,0.011671938002109528,0.017371119698509574,0.11807697080075741,-1.5351210832595825,-1.5342519283294678
batch2_128_255,3,7,"(3, 7)",1,9,6.9212799072265625,7.29024600982666,0.0007812068215571344,0.0007811784744262695,2.8347130864858627e-08,3.628764974057683e-05,1,0,0.017089053988456726,0.1166503056883812,0.018881088122725487,0.1275773048400879,0.0018871723441407084,0.011425703763961792,0.019258292042650282,0.1295026745647192,-1.509743094444275,-1.5089619159698486
batch2_128_255,3,7,"(3, 7)",1,10,6.785654067993164,7.239754676818848,0.0007175718783400953,0.0007176399230957031,6.80447556078434e-08,9.481740552325581e-05,1,0,0.018881088122725487,0.1275773048400879,0.020671790465712547,0.1383090764284134,0.0018998254090547562,0.011288515292108059,0.02115811745170504,0.14079118985682726,-1.502763032913208,-1.5020453929901123
batch2_128_255,3,7,"(3, 7)",1,11,6.657790184020996,7.168179035186768,0.000631295726634562,0.0006310939788818359,2.0174775272607803e-07,0.00031967941301473365,1,0,0.020671790465712547,0.1383090764284134,0.022463008761405945,0.1486777514219284,0.0019176164641976357,0.011025646701455116,0.023075733915902674,0.15181683655828238,-1.4893171787261963,-1.4886860847473145
batch2_128_255,3,7,"(3, 7)",1,12,6.533720970153809,7.121255397796631,0.000541669491212815,0.0005415678024291992,1.0168878361582756e-07,0.00018776741002641428,1,0,0.022463008761405945,0.1486777514219284,0.024253711104393005,0.15873414278030396,0.0019339305581524968,0.010798713192343712,0.02500966447405517,0.1626155497506261,-1.4790611267089844,-1.4785195589065552
batch2_128_255,3,7,"(3, 7)",1,13,6.414549827575684,7.103067398071289,0.0004839640168938786,0.0004838705062866211,9.351060725748539e-08,0.00019325543930155212,1,0,0.024253711104393005,0.15873414278030396,0.026052681729197502,0.16857050359249115,0.0019563341047614813,0.010661229491233826,0.026965998578816652,0.1732767792418599,-1.4903783798217773,-1.4898945093154907
batch2_128_255,3,7,"(3, 7)",1,14,6.297417163848877,7.060862064361572,0.0003938389418181032,0.0003936290740966797,2.0986772142350674e-07,0.0005331611286720169,1,0,0.026052681729197502,0.16857050359249115,0.027856910601258278,0.17816630005836487,0.0019776681438088417,0.010486314073204994,0.028943666722625494,0.1837630933150649,-1.4848942756652832,-1.4845006465911865
batch2_128_255,3,7,"(3, 7)",1,15,6.183961868286133,7.0390214920043945,0.0003107762895524502,0.0003108978271484375,1.2153759598731995e-07,0.0003909245590490798,1,0,0.027856910601258278,0.17816630005836487,0.02966977469623089,0.1875961869955063,0.0020013386383652687,0.010371826589107513,0.030945005360990763,0.19413491990417242,-1.4750111103057861,-1.4747002124786377
batch2_128_255,3,7,"(3, 7)",1,16,6.073296546936035,7.014598846435547,0.00021681036741938442,0.0002167224884033203,8.787901606410742e-08,0.0004054909885519802,1,0,0.02966977469623089,0.1875961869955063,0.031492117792367935,0.1968064159154892,0.002026165137067437,0.010204577818512917,0.0329711704980582,0.20433949772268534,-1.4685611724853516,-1.4683444499969482
batch2_128_255,3,7,"(3, 7)",1,17,5.968103408813477,6.996214389801025,0.0001380609901389107,0.0001380443572998047,1.663283910602331e-08,0.00012048909083549222,1,0,0.031492117792367935,0.1968064159154892,0.03332877159118652,0.20592616498470306,0.0020535157527774572,0.010166801512241364,0.03502468625083566,0.2145062992349267,-1.4806578159332275,-1.4805197715759277
batch2_128_255,3,7,"(3, 7)",1,18,5.859421730041504,6.979231357574463,3.345961886225268e-05,3.337860107421875e-05,8.101778803393245e-08,0.0024272373744419645,1,0,0.03332877159118652,0.20592616498470306,0.03517798334360123,0.21479801833629608,0.002081901067867875,0.009966133162379265,0.03710658731870353,0.22447243239730597,-1.476546287536621,-1.4765129089355469
batch2_128_255,3,7,"(3, 7)",1,19,5.765683174133301,6.992043495178223,-5.403251634561457e-05,-5.412101745605469e-05,8.85011104401201e-08,0.0016352447644204296,0,1,0.03517798334360123,0.21479801833629608,0.03704582899808884,0.22347036004066467,0.0021122305188328028,0.009809975512325764,0.039218817837536335,0.23428240790963173,-1.478050708770752,-1.478104829788208
batch2_128_255,3,7,"(3, 7)",1,20,5.668239116668701,7.005670547485352,-0.00014340758207254112,-0.00014352798461914062,1.2040254659950733e-07,0.000838878542877907,0,1,0.03704582899808884,0.22347036004066467,0.038930654525756836,0.23194484412670135,0.002139338757842779,0.009665332734584808,0.041358156595379114,0.24394774064421654,-1.4808645248413086,-1.4810080528259277
batch2_128_255,3,7,"(3, 7)",1,21,5.573728084564209,7.014013767242432,-0.00022615482157561928,-0.00022614002227783203,1.4799297787249088e-08,6.544307212045334e-05,0,1,0.038930654525756836,0.23194484412670135,0.04083462059497833,0.24030178785324097,0.0021657682955265045,0.009581870399415493,0.04352392489090562,0.25352961104363203,-1.4998756647109985,-1.5001018047332764
batch2_128_255,3,7,"(3, 7)",1,22,5.476690769195557,7.0224223136901855,-0.0002948314358945936,-0.0002950429916381836,2.115557435899973e-07,0.0007170336174242424,0,1,0.04083462059497833,0.24030178785324097,0.042752817273139954,0.24856598675251007,0.002185367513448,0.009492401033639908,0.04570929240435362,0.26302201207727194,-1.5068587064743042,-1.5071537494659424
batch2_128_255,3,7,"(3, 7)",1,23,5.387999534606934,7.03007698059082,-0.00038581431726925075,-0.0003858804702758789,6.615300662815571e-08,0.0001714339328467717,0,1,0.042752817273139954,0.24856598675251007,0.044686492532491684,0.2567233145236969,0.002204961609095335,0.009417553432285786,0.047914254013448954,0.2724395655095577,-1.516299843788147,-1.5166857242584229
batch2_128_255,3,7,"(3, 7)",1,24,5.297957897186279,7.041224479675293,-0.00048142814193852246,-0.00048160552978515625,1.7738784663379192e-07,0.0003683260171720297,0,1,0.044686492532491684,0.2567233145236969,0.04663411155343056,0.2647097110748291,0.0022242891136556864,0.009302890859544277,0.05013854312710464,0.281742456369102,-1.531313180923462,-1.531794786453247
batch2_128_255,3,7,"(3, 7)",1,25,5.2113447189331055,7.048398017883301,-0.000570555217564106,-0.0005706548690795898,9.96515154838562e-08,0.0001746265928556507,0,1,0.04663411155343056,0.2647097110748291,0.048595260828733444,0.27260568737983704,0.0022422224283218384,0.009236295707523823,0.05238076555542648,0.2909787520766258,-1.544631838798523,-1.5452024936676025
batch2_128_255,3,7,"(3, 7)",1,26,5.124978542327881,7.065359592437744,-0.0006591752753593028,-0.0006593465805053711,1.7130514606833458e-07,0.00025981047165973603,0,1,0.048595260828733444,0.27260568737983704,0.05056796967983246,0.28039681911468506,0.002256341278553009,0.009156955406069756,0.05463710683397949,0.3001357074826956,-1.552379846572876,-1.5530391931533813
batch2_128_255,3,7,"(3, 7)",1,27,5.040737628936768,7.084773540496826,-0.0007280758582055569,-0.0007280111312866211,6.472691893577576e-08,8.890924349107581e-05,0,1,0.05056796967983246,0.28039681911468506,0.05255229398608208,0.2881490886211395,0.0022669858299195766,0.009110531769692898,0.056904092663899064,0.3092462392523885,-1.5647720098495483,-1.565500020980835
batch2_128_255,3,7,"(3, 7)",1,28,4.954257488250732,7.096139907836914,-0.0008031576871871948,-0.0008032321929931641,7.450580596923828e-08,9.275749480558029e-05,0,1,0.05255229398608208,0.2881490886211395,0.05454331263899803,0.29591506719589233,0.00227334420196712,0.009107564575970173,0.059177436865866184,0.31835380382835865,-1.5835027694702148,-1.584306001663208
batch2_128_255,3,7,"(3, 7)",1,29,4.871779918670654,7.112709045410156,-0.0008853473118506372,-0.0008856058120727539,2.5850022211670876e-07,0.0002918908374276484,0,1,0.05454331263899803,0.29591506719589233,0.05653977766633034,0.3036428391933441,0.002278827363625169,0.009069163352251053,0.06145626422949135,0.3274229671806097,-1.5968741178512573,-1.59775972366333
batch2_128_255,3,7,"(3, 7)",1,30,4.790048599243164,7.144298553466797,-0.000946732412558049,-0.0009468793869018555,1.469743438065052e-07,0.00015521970996474883,0,1,0.05653977766633034,0.3036428391933441,0.058540090918540955,0.3113327622413635,0.0022811717353761196,0.009013272821903229,0.06373743596486747,0.33643624000251293,-1.5904064178466797,-1.5913532972335815
batch2_128_255,3,7,"(3, 7)",1,31,4.712893486022949,7.143411636352539,-0.0010236481903120875,-0.0010238885879516602,2.403976395726204e-07,0.0002347888651181744,0,1,0.058540090918540955,0.3113327622413635,0.06054157391190529,0.31898754835128784,0.002280118642374873,0.008964271284639835,0.06601755460724235,0.34540051128715277,-1.6076688766479492,-1.6086927652359009
batch2_128_255,3,7,"(3, 7)",1,32,4.635875701904297,7.175727367401123,-0.0010909257689490914,-0.0010911226272583008,1.9685830920934677e-07,0.00018041813476455808,0,1,0.06054157391190529,0.31898754835128784,0.06254193186759949,0.3265388607978821,0.0022767800837755203,0.008846423588693142,0.06829433469101787,0.3542469348758459,-1.614402174949646,-1.6154932975769043
batch2_128_255,3,7,"(3, 7)",1,33,4.556556701660156,7.194106578826904,-0.0011429527075961232,-0.0011432170867919922,2.6437919586896896e-07,0.00023125896115745568,0,1,0.06254193186759949,0.3265388607978821,0.06453695148229599,0.33402517437934875,0.0022679863031953573,0.008758687414228916,0.07056232099421322,0.3630056222900748,-1.6187771558761597,-1.6199203729629517
batch2_128_255,3,7,"(3, 7)",1,34,4.477396011352539,7.206779956817627,-0.0012021735310554504,-0.0012023448944091797,1.7136335372924805e-07,0.0001425242910965695,0,1,0.06453695148229599,0.33402517437934875,0.0665232464671135,0.3414129912853241,0.00225636875256896,0.008647077716886997,0.07281868974678218,0.3716527000069618,-1.6212499141693115,-1.6224522590637207
batch2_128_255,3,7,"(3, 7)",1,35,4.402281761169434,7.228398323059082,-0.001262390287593007,-0.001262664794921875,2.745073288679123e-07,0.00021740316984516616,0,1,0.0665232464671135,0.3414129912853241,0.06849738210439682,0.34871646761894226,0.002240904374048114,0.008539880625903606,0.0750595941208303,0.38019258063286543,-1.6348130702972412,-1.636075735092163
batch2_128_255,3,7,"(3, 7)",1,36,4.33121919631958,7.2382001876831055,-0.0013086221879348159,-0.0013087987899780273,1.7660204321146011e-07,0.00013493444872028418,0,1,0.06849738210439682,0.34871646761894226,0.07045651227235794,0.35593149065971375,0.002221715869382024,0.008428097702562809,0.07728130999021232,0.38862067833542824,-1.6446354389190674,-1.6459442377090454
batch2_128_255,3,7,"(3, 7)",1,37,4.259312152862549,7.245537281036377,-0.0013674950459972024,-0.0013676881790161133,1.9313301891088486e-07,0.00014121129499694937,0,1,0.07045651227235794,0.35593149065971375,0.07239789515733719,0.3630242645740509,0.0022011464461684227,0.008293279446661472,0.07948245643638074,0.3969139577820897,-1.6638684272766113,-1.6652361154556274
batch2_128_255,3,7,"(3, 7)",1,38,4.189231872558594,7.248864650726318,-0.0014069227036088705,-0.001407027244567871,1.0454095900058746e-07,7.429917182072354e-05,0,1,0.07239789515733719,0.3630242645740509,0.07431527227163315,0.37000274658203125,0.002172204665839672,0.008152314461767673,0.08165466110222042,0.4050662722438574,-1.680884599685669,-1.6822916269302368
batch2_128_255,3,7,"(3, 7)",1,39,4.123012065887451,7.254500389099121,-0.0014508436433970928,-0.0014511346817016602,2.9103830456733704e-07,0.00020055912675593526,0,1,0.07431527227163315,0.37000274658203125,0.0762103721499443,0.3768606185913086,0.0021460617426782846,0.008014020510017872,0.0838007228448987,0.41308029275387526,-1.7026429176330566,-1.7040940523147583
batch2_128_255,4,5,"(4, 5)",0,0,8.734678268432617,8.433267593383789,0.0017192061059176922,0.0017188787460327148,3.273598849773407e-07,0.00019044966710590194,1,0,0.0,0.0,0.0019088065018877387,0.015002990141510963,0.0019088065018877387,0.015002990141510963,0.0019088065018877387,0.015002990141510963,-1.9171782732009888,-1.915459394454956
batch2_128_255,4,5,"(4, 5)",0,1,8.509271621704102,8.311671257019043,0.0015096745919436216,0.001509547233581543,1.273583620786667e-07,8.43685836689568e-05,1,0,0.0019088065018877387,0.015002990141510963,0.0037908400408923626,0.02989255264401436,0.001885027508251369,0.014904015697538853,0.0037938340101391077,0.029907005839049816,-1.7711067199707031,-1.7695971727371216
batch2_128_255,4,5,"(4, 5)",0,2,8.29081916809082,8.164373397827148,0.0013574272161349654,0.0013573169708251953,1.1024530977010727e-07,8.122296570349553e-05,1,0,0.0037908400408923626,0.02989255264401436,0.00564627954736352,0.04464036971330643,0.001864325487986207,0.014792263507843018,0.005658159498125315,0.044699269346892834,-1.6637579202651978,-1.6624006032943726
batch2_128_255,4,5,"(4, 5)",0,3,8.069779396057129,8.030497550964355,0.0012109912931919098,0.0012108087539672852,1.825392246246338e-07,0.00015075809786354238,1,0,0.00564627954736352,0.04464036971330643,0.0074692340567708015,0.05909499526023865,0.0018410079646855593,0.01453176885843277,0.007499167462810874,0.059231038205325603,-1.5608731508255005,-1.5596623420715332
batch2_128_255,4,5,"(4, 5)",0,4,7.86669921875,7.914907455444336,0.0010975454933941364,0.0010974407196044922,1.0477378964424133e-07,9.547102433195742e-05,1,0,0.0074692340567708015,0.05909499526023865,0.009266279637813568,0.07322865724563599,0.0018278079805895686,0.014268659986555576,0.009326975443400443,0.07349969819188118,-1.4690744876861572,-1.4679770469665527
batch2_128_255,4,5,"(4, 5)",0,5,7.666258335113525,7.811587333679199,0.0009814004879444838,0.0009813308715820312,6.961636245250702e-08,7.094076469873663e-05,1,0,0.009266279637813568,0.07322865724563599,0.011040315963327885,0.08686645328998566,0.0018207365646958351,0.013844979926943779,0.011147712008096278,0.08734467811882496,-1.371645212173462,-1.3706638813018799
batch2_128_255,4,5,"(4, 5)",0,6,7.4745049476623535,7.707755088806152,0.0008805914549157023,0.0008804798126220703,1.1164229363203049e-07,0.00012679710770376388,1,0,0.011040315963327885,0.08686645328998566,0.012794542126357555,0.10007824748754501,0.001818063436076045,0.013500595465302467,0.012965775444172323,0.10084527358412743,-1.2875597476959229,-1.2866792678833008
batch2_128_255,4,5,"(4, 5)",0,7,7.289389133453369,7.607085227966309,0.0008032795158214867,0.0008032321929931641,4.7322828322649e-08,5.891550256010686e-05,1,0,0.012794542126357555,0.10007824748754501,0.014535549096763134,0.1128753125667572,0.00182249303907156,0.013159765861928463,0.014788268483243883,0.11400503944605589,-1.2179272174835205,-1.2171239852905273
batch2_128_255,4,5,"(4, 5)",0,8,7.113537788391113,7.522039413452148,0.000733867404051125,0.0007338523864746094,1.501757651567459e-08,2.0464028996101363e-05,1,0,0.014535549096763134,0.1128753125667572,0.01626664400100708,0.12543880939483643,0.0018298967042937875,0.013018490746617317,0.01661816518753767,0.1270235301926732,-1.1527897119522095,-1.1520558595657349
batch2_128_255,4,5,"(4, 5)",0,9,6.939934730529785,7.452796936035156,0.0006584157235920429,0.0006582736968994141,1.4202669262886047e-07,0.00021575629300977906,1,0,0.01626664400100708,0.12543880939483643,0.017986956983804703,0.1377284824848175,0.0018378134118393064,0.012842493131756783,0.018455978599376976,0.13986602332443,-1.083014726638794,-1.0823564529418945
batch2_128_255,4,5,"(4, 5)",0,10,6.7701520919799805,7.363082408905029,0.0006105309003032744,0.0006104707717895508,6.012851372361183e-08,9.849531951767233e-05,1,0,0.017986956983804703,0.1377284824848175,0.01970396749675274,0.1499151885509491,0.0018526575295254588,0.012823439203202724,0.020308636128902435,0.1526894625276327,-1.0374773740768433,-1.0368669033050537
batch2_128_255,4,5,"(4, 5)",0,11,6.598345756530762,7.296257972717285,0.0005482775159180164,0.0005481839179992676,9.359791874885559e-08,0.00017074181798412526,1,0,0.01970396749675274,0.1499151885509491,0.02141653746366501,0.1618964523077011,0.0018718676874414086,0.01275057066231966,0.022180503816343844,0.16544003318995237,-0.9891364574432373,-0.988588273525238
batch2_128_255,4,5,"(4, 5)",0,12,6.431278228759766,7.246066570281982,0.0005014045163989067,0.0005013346672058105,6.984919309616089e-08,0.00013932647723219593,1,0,0.02141653746366501,0.1618964523077011,0.02313034050166607,0.1738792359828949,0.0018940457375720143,0.012864611111581326,0.02407454955391586,0.1783046443015337,-0.9466106295585632,-0.9461092948913574
batch2_128_255,4,5,"(4, 5)",0,13,6.267843723297119,7.227463722229004,0.00046200136421248317,0.00046193599700927734,6.53672032058239e-08,0.00014150705645161291,1,0,0.02313034050166607,0.1738792359828949,0.02484952099621296,0.18574541807174683,0.001920762937515974,0.01280252542346716,0.025995312491431832,0.19110716972500086,-0.914531946182251,-0.9140700101852417
batch2_128_255,4,5,"(4, 5)",0,14,6.0987114906311035,7.2029829025268555,0.0003957524604629725,0.00039565563201904297,9.682844392955303e-08,0.00024472909291202167,1,0,0.02484952099621296,0.18574541807174683,0.026562189683318138,0.1970563530921936,0.001943666022270918,0.01229951437562704,0.02793897851370275,0.2034066841006279,-0.8699631690979004,-0.8695675134658813
batch2_128_255,4,5,"(4, 5)",0,15,5.957635402679443,7.133716106414795,0.0003320255200378597,0.0003319978713989258,2.764863893389702e-08,8.327956687612208e-05,1,0,0.026562189683318138,0.1970563530921936,0.028277672827243805,0.20791563391685486,0.0019738238770514727,0.011965150944888592,0.029912802390754223,0.2153718350455165,-0.8321399688720703,-0.8318079710006714
batch2_128_255,4,5,"(4, 5)",0,16,5.822774887084961,7.119158744812012,0.00027860887348651886,0.0002785921096801758,1.6763806343078613e-08,6.017329910141207e-05,1,0,0.028277672827243805,0.20791563391685486,0.030005959793925285,0.21848705410957336,0.0020087820012122393,0.011784177273511887,0.03192158439196646,0.22715601231902838,-0.7898980379104614,-0.7896194458007812
batch2_128_255,4,5,"(4, 5)",0,17,5.683155059814453,7.124761581420898,0.00023175613023340702,0.00023162364959716797,1.3248063623905182e-07,0.0005719650669068451,1,0,0.030005959793925285,0.21848705410957336,0.03174629434943199,0.22876352071762085,0.0020397144835442305,0.011569731868803501,0.03396129887551069,0.23872574418783188,-0.7497992515563965,-0.7495676279067993
batch2_128_255,4,5,"(4, 5)",0,18,5.548153400421143,7.134368419647217,0.0001948574063135311,0.00019478797912597656,6.942718755453825e-08,0.00035642439469859243,1,0,0.03174629434943199,0.22876352071762085,0.03349679335951805,0.23886433243751526,0.0020649651996791363,0.011451306752860546,0.03602626407518983,0.2501770509406924,-0.7176195979118347,-0.7174248099327087
batch2_128_255,4,5,"(4, 5)",0,19,5.411932945251465,7.126578330993652,0.0001616815134184435,0.00016164779663085938,3.3716787584125996e-08,0.0002085817950313422,1,0,0.03349679335951805,0.23886433243751526,0.035256367176771164,0.24881641566753387,0.002085362793877721,0.011347191408276558,0.03811162686906755,0.261524242348969,-0.685573399066925,-0.6854117512702942
batch2_128_255,4,5,"(4, 5)",0,20,5.2794718742370605,7.144599914550781,0.00013663311256095767,0.0001366138458251953,1.9266735762357712e-08,0.00014103062281849914,1,0,0.035256367176771164,0.24881641566753387,0.03702691197395325,0.25868645310401917,0.002103035571053624,0.011267611756920815,0.040214662440121174,0.2727918541058898,-0.6626331806182861,-0.6624965667724609
batch2_128_255,4,5,"(4, 5)",0,21,5.149418830871582,7.192763328552246,0.00010809239029185846,0.0001080632209777832,2.9169314075261354e-08,0.00026992823100523996,1,0,0.03702691197395325,0.25868645310401917,0.038801733404397964,0.2684328258037567,0.0021140777971595526,0.0111458795145154,0.042328740237280726,0.2839377336204052,-0.6328596472740173,-0.6327515840530396
batch2_128_255,4,5,"(4, 5)",0,22,5.023469924926758,7.251062870025635,8.261120092356578e-05,8.26120376586914e-05,8.36735125631094e-10,1.0128489132395383e-05,1,0,0.038801733404397964,0.2684328258037567,0.04057827219367027,0.2780752182006836,0.002117487136274576,0.011028995737433434,0.0444462273735553,0.29496672935783863,-0.6145437955856323,-0.6144611835479736
batch2_128_255,4,5,"(4, 5)",0,23,4.902679443359375,7.275478839874268,5.7427190768066794e-05,5.745887756347656e-05,3.168679540976882e-08,0.0005514690984828838,1,0,0.04057827219367027,0.2780752182006836,0.04235120117664337,0.2876620590686798,0.0021165877114981413,0.01096687838435173,0.046562815085053444,0.30593360774219036,-0.5934302806854248,-0.5933728218078613
batch2_128_255,4,5,"(4, 5)",0,24,4.781906604766846,7.305020809173584,3.674361141747795e-05,3.6656856536865234e-05,8.675488061271608e-08,0.002366675400152439,1,0,0.04235120117664337,0.2876620590686798,0.04411553964018822,0.29710885882377625,0.0021099387668073177,0.010808797553181648,0.04867275385186076,0.316742405295372,-0.571519136428833,-0.5714824795722961
batch2_128_255,4,5,"(4, 5)",0,25,4.663293838500977,7.338557720184326,1.8757744328468107e-05,1.8715858459472656e-05,4.188586899545044e-08,0.0022379881257464174,1,0,0.04411553964018822,0.29710885882377625,0.045865755528211594,0.30638059973716736,0.0020948336459696293,0.010594445280730724,0.05076758749783039,0.32733685057610273,-0.5535904169082642,-0.5535717010498047
batch2_128_255,4,5,"(4, 5)",0,26,4.54803466796875,7.371047019958496,1.6983765362965642e-06,1.6689300537109375e-06,2.9446482585626654e-08,0.01764392852783203,1,0,0.045865755528211594,0.30638059973716736,0.04759577661752701,0.31540143489837646,0.0020750255789607763,0.010319349355995655,0.05284261307679117,0.3376561999320984,-0.5394836664199829,-0.5394819974899292
batch2_128_255,4,5,"(4, 5)",0,27,4.439210414886475,7.4076738357543945,-1.5514948245254345e-05,-1.5556812286376953e-05,4.186404112260789e-08,0.002691042377574234,0,1,0.04759577661752701,0.31540143489837646,0.04929995909333229,0.3241346478462219,0.0020482128020375967,0.010005323216319084,0.054890825878828764,0.3476615231484175,-0.5281409621238708,-0.5281565189361572
batch2_128_255,4,5,"(4, 5)",0,28,4.3397216796875,7.427363395690918,-3.0848874303046614e-05,-3.0934810638427734e-05,8.593633538112044e-08,0.002777981620303468,0,1,0.04929995909333229,0.3241346478462219,0.050976987928152084,0.3326290547847748,0.002016545506194234,0.009733445011079311,0.056907371385023,0.3573949681594968,-0.523280918598175,-0.5233118534088135
batch2_128_255,4,5,"(4, 5)",0,29,4.242745876312256,7.465329170227051,-5.033039633417502e-05,-5.042552947998047e-05,9.51331458054483e-08,0.001886606780067967,0,1,0.050976987928152084,0.3326290547847748,0.05262186750769615,0.34078654646873474,0.0019806730560958385,0.009369385428726673,0.058888044441118836,0.36676435358822346,-0.517861545085907,-0.517911970615387
batch2_128_255,4,5,"(4, 5)",0,30,4.153685569763184,7.513465881347656,-6.597158790100366e-05,-6.598234176635742e-05,1.0753865353763103e-08,0.0001629809592366757,0,1,0.05262186750769615,0.34078654646873474,0.05423397943377495,0.3486648201942444,0.0019417735747992992,0.009054398164153099,0.060829818015918136,0.37581875175237656,-0.5134761333465576,-0.513542115688324
batch2_128_255,4,5,"(4, 5)",0,31,4.072541236877441,7.565402030944824,-8.142698789015412e-05,-8.147954940795898e-05,5.256151780486107e-08,0.0006450884692757863,0,1,0.05423397943377495,0.3486648201942444,0.055812373757362366,0.356268972158432,0.0019005415961146355,0.008746322244405746,0.06273035961203277,0.3845650739967823,-0.5101326704025269,-0.5102141499519348
batch2_128_255,4,5,"(4, 5)",0,32,3.9971323013305664,7.604924201965332,-9.487649367656559e-05,-9.495019912719727e-05,7.37054506316781e-08,0.0007762537762868801,0,1,0.055812373757362366,0.356268972158432,0.05735684558749199,0.3636314272880554,0.0018585044890642166,0.008469321765005589,0.06458886410109699,0.3930343957617879,-0.5115376114845276,-0.5116325616836548
batch2_128_255,4,5,"(4, 5)",0,33,3.9257874488830566,7.646887302398682,-0.00010990379087161273,-0.0001099705696105957,6.677873898297548e-08,0.0006072419122628727,0,1,0.05735684558749199,0.3636314272880554,0.05886567756533623,0.37073174118995667,0.0018147180089727044,0.008178015239536762,0.06640358211006969,0.40121241100132465,-0.5097509026527405,-0.5098608732223511
batch2_128_255,4,5,"(4, 5)",0,34,3.860255241394043,7.682541370391846,-0.0001228478067787364,-0.00012296438217163086,1.1657539289444685e-07,0.0009480419519510421,0,1,0.05886567756533623,0.37073174118995667,0.060339730232954025,0.37759628891944885,0.0017715865978971124,0.007915676571428776,0.0681751687079668,0.40912808757275343,-0.5099303722381592,-0.5100533366203308
batch2_128_255,4,5,"(4, 5)",0,35,3.7972288131713867,7.726845741271973,-0.00013334647519513965,-0.00013339519500732422,4.871981218457222e-08,0.0003652291387399464,0,1,0.060339730232954025,0.37759628891944885,0.06177743151783943,0.3842196464538574,0.0017265299102291465,0.007646705023944378,0.06990169861819595,0.4167747925966978,-0.5121641755104065,-0.5122975707054138
batch2_128_255,4,5,"(4, 5)",0,36,3.7386412620544434,7.766807556152344,-0.0001428621617378667,-0.00014293193817138672,6.977643352001905e-08,0.00048817943989783153,0,1,0.06177743151783943,0.3842196464538574,0.063179612159729,0.3906112611293793,0.0016826451756060123,0.007388882339000702,0.07158434379380196,0.4241636749356985,-0.5147606730461121,-0.5149036049842834
batch2_128_255,4,5,"(4, 5)",0,37,3.68625807762146,7.820000171661377,-0.00015317846555262804,-0.0001532435417175293,6.507616490125656e-08,0.00042465845001944766,0,1,0.063179612159729,0.3906112611293793,0.06454471498727798,0.39676550030708313,0.0016371415695175529,0.007128093391656876,0.07322148536331952,0.4312917683273554,-0.5177273750305176,-0.5178806185722351
batch2_128_255,4,5,"(4, 5)",0,38,3.636345624923706,7.8584818840026855,-0.0001582407858222723,-0.0001583099365234375,6.915070116519928e-08,0.0004368058170180723,0,1,0.06454471498727798,0.39676550030708313,0.06587523967027664,0.40271100401878357,0.0015939926961436868,0.006895427592098713,0.0748154780594632,0.4381871959194541,-0.5197967290878296,-0.519955039024353
batch2_128_255,4,5,"(4, 5)",0,39,3.589993476867676,7.8987812995910645,-0.00016514136223122478,-0.0001652240753173828,8.271308615803719e-08,0.0005006115845959596,0,1,0.06587523967027664,0.40271100401878357,0.06717149168252945,0.4084465503692627,0.0015520513989031315,0.006666789297014475,0.07636752945836633,0.4448539852164686,-0.5238542556762695,-0.5240194797515869
batch2_128_255,4,6,"(4, 6)",0,0,8.589677810668945,8.433267593383789,0.002916833618655801,0.0029163360595703125,4.975590854883194e-07,0.00017061102538423807,1,0,0.0,0.0,0.0018461905419826508,0.013956846669316292,0.0018461905419826508,0.013956846669316292,0.0018461905419826508,0.013956846669316292,-3.2421329021453857,-3.2392165660858154
batch2_128_255,4,6,"(4, 6)",0,1,8.389849662780762,8.270329475402832,0.0026913646142929792,0.0026907920837402344,5.725305527448654e-07,0.00021277398436115542,1,0,0.0018461905419826508,0.013956846669316292,0.0036842452827841043,0.02778228558599949,0.0018403958529233932,0.01383861992508173,0.003686586394906044,0.02779546659439802,-3.0539121627807617,-3.0512213706970215
batch2_128_255,4,6,"(4, 6)",0,2,8.196826934814453,8.130559921264648,0.0025002399925142527,0.0024995803833007812,6.596092134714127e-07,0.0002638879781095002,1,0,0.0036842452827841043,0.02778228558599949,0.005516308359801769,0.04139723256230354,0.0018390178447589278,0.013650577515363693,0.005525604239664972,0.041446044109761715,-2.8894224166870117,-2.886922836303711
batch2_128_255,4,6,"(4, 6)",0,3,8.01436996459961,7.993671894073486,0.002298389095813036,0.002298116683959961,2.7241185307502747e-07,0.00011853699813258637,1,0,0.005516308359801769,0.04139723256230354,0.007337764371186495,0.05481318384408951,0.001834600931033492,0.013475887477397919,0.007360205170698464,0.054921931587159634,-2.725874423980713,-2.723576307296753
batch2_128_255,4,6,"(4, 6)",0,4,7.835886001586914,7.872960090637207,0.0020758812315762043,0.002075672149658203,2.0908191800117493e-07,0.00010072974098322995,1,0,0.007337764371186495,0.05481318384408951,0.009152641519904137,0.06790165603160858,0.0018375421641394496,0.013185689225792885,0.009197747334837914,0.06810762081295252,-2.534961223602295,-2.5328855514526367
batch2_128_255,4,6,"(4, 6)",0,5,7.661433219909668,7.753055095672607,0.001894668792374432,0.0018944740295410156,1.9476283341646194e-07,0.00010280575525421595,1,0,0.009152641519904137,0.06790165603160858,0.01095943059772253,0.08061186969280243,0.0018407866591587663,0.012852184474468231,0.01103853399399668,0.08095980528742075,-2.39473819732666,-2.392843723297119
batch2_128_255,4,6,"(4, 6)",0,6,7.493839263916016,7.664247035980225,0.0017232542159035802,0.0017230510711669922,2.0314473658800125e-07,0.00011789826778054518,1,0,0.01095943059772253,0.08061186969280243,0.01276059914380312,0.0928935632109642,0.0018487542401999235,0.012488643638789654,0.012887288234196603,0.0934484489262104,-2.259577989578247,-2.25785493850708
batch2_128_255,4,6,"(4, 6)",0,7,7.333833694458008,7.574023723602295,0.0015597997698932886,0.0015597343444824219,6.542541086673737e-08,4.194650909507796e-05,1,0,0.01276059914380312,0.0928935632109642,0.014558608643710613,0.10478834807872772,0.001858861418440938,0.012171370908617973,0.014746149652637541,0.10561981983482838,-2.1366424560546875,-2.135082721710205
batch2_128_255,4,6,"(4, 6)",0,8,7.182821273803711,7.4944682121276855,0.0014148041373118758,0.0014145374298095703,2.6670750230550766e-07,0.00018854750442440587,1,0,0.014558608643710613,0.10478834807872772,0.016356132924556732,0.11634567379951477,0.0018721336964517832,0.011891718953847885,0.016618283349089324,0.11751153878867626,-2.0373404026031494,-2.03592586517334
batch2_128_255,4,6,"(4, 6)",0,9,7.043337821960449,7.417710781097412,0.0012673718156293035,0.001267075538635254,2.962769940495491e-07,0.00023382741203311694,1,0,0.016356132924556732,0.11634567379951477,0.018154533579945564,0.12747600674629211,0.0018877375405281782,0.011550495401024818,0.018506020889617503,0.12906203418970108,-1.9454561471939087,-1.9441890716552734
batch2_128_255,4,6,"(4, 6)",0,10,6.914795875549316,7.356907844543457,0.0011188620701432228,0.0011188983917236328,3.632158041000366e-08,3.246191135734072e-05,1,0,0.018154533579945564,0.12747600674629211,0.019958458840847015,0.13832849264144897,0.001906701596453786,0.011330613866448402,0.02041272248607129,0.14039264805614948,-1.8430731296539307,-1.841954231262207
batch2_128_255,4,6,"(4, 6)",0,11,6.782964706420898,7.288358211517334,0.0009717980865389109,0.000971674919128418,1.2316741049289703e-07,0.00012675783646178384,1,0,0.019958458840847015,0.13832849264144897,0.02177005633711815,0.14891023933887482,0.0019280742853879929,0.011121178045868874,0.02234079677145928,0.15151382610201836,-1.7267024517059326,-1.7257307767868042
batch2_128_255,4,6,"(4, 6)",0,12,6.654746055603027,7.242766857147217,0.0008518091635778546,0.000851750373840332,5.878973752260208e-08,6.902226207137859e-05,1,0,0.02177005633711815,0.14891023933887482,0.023590704426169395,0.15920838713645935,0.001949306926690042,0.01090658362954855,0.024290103698149323,0.1624204097315669,-1.6495534181594849,-1.6487016677856445
batch2_128_255,4,6,"(4, 6)",0,13,6.531302452087402,7.18086576461792,0.0007284263847395778,0.0007283687591552734,5.762558430433273e-08,7.911594721767594e-05,1,0,0.023590704426169395,0.15920838713645935,0.025423087179660797,0.1693296879529953,0.001974651589989662,0.010811753571033478,0.026264755288138986,0.17323216330260038,-1.5609636306762695,-1.5602352619171143
batch2_128_255,4,6,"(4, 6)",0,14,6.412991523742676,7.148126602172852,0.0006043561734259129,0.0006042718887329102,8.42846930027008e-08,0.00013948140658907082,1,0,0.025423087179660797,0.1693296879529953,0.02726643905043602,0.17923906445503235,0.0019982424564659595,0.010696248151361942,0.028262997744604945,0.18392841145396233,-1.4803446531295776,-1.4797403812408447
batch2_128_255,4,6,"(4, 6)",0,15,6.2943878173828125,7.092999458312988,0.0005184473120607436,0.0005183219909667969,1.2532109394669533e-07,0.0002417823208946642,1,0,0.02726643905043602,0.17923906445503235,0.029126476496458054,0.18897445499897003,0.0020251134410500526,0.010603162460029125,0.030288111185654998,0.19453157391399145,-1.4243805408477783,-1.4238622188568115
batch2_128_255,4,6,"(4, 6)",0,16,6.182257652282715,7.058207988739014,0.0004224988224450499,0.00042235851287841797,1.4030956663191319e-07,0.0003322048978619814,1,0,0.029126476496458054,0.18897445499897003,0.031005455181002617,0.1985783725976944,0.002054616343230009,0.010586054064333439,0.03234272752888501,0.2051176279783249,-1.3539056777954102,-1.3534833192825317
batch2_128_255,4,6,"(4, 6)",0,17,6.067840576171875,7.032961368560791,0.00033767690183594823,0.0003374814987182617,1.9540311768651009e-07,0.0005790039407453197,1,0,0.031005455181002617,0.1985783725976944,0.03289841115474701,0.20802943408489227,0.0020784896332770586,0.01051237527281046,0.034421217162162066,0.21563000325113535,-1.3106204271316528,-1.3102829456329346
batch2_128_255,4,6,"(4, 6)",0,18,5.959973335266113,7.025490760803223,0.000256795174209401,0.0002567768096923828,1.8364517018198967e-08,7.151937529015784e-05,1,0,0.03289841115474701,0.20802943408489227,0.03480863571166992,0.2174549251794815,0.0021046774927526712,0.01053614355623722,0.03652589465491474,0.22616614680737257,-1.2575585842132568,-1.2573018074035645
batch2_128_255,4,6,"(4, 6)",0,19,5.848654747009277,7.006734371185303,0.0001755699049681425,0.00017547607421875,9.383074939250946e-08,0.000534721042798913,1,0,0.03480863571166992,0.2174549251794815,0.03673189878463745,0.2267671525478363,0.002126123523339629,0.010502437129616737,0.038652018178254366,0.2366685839369893,-1.2074116468429565,-1.2072361707687378
batch2_128_255,4,6,"(4, 6)",0,20,5.732907772064209,6.989449977874756,0.00010865766671486199,0.0001087188720703125,6.120535545051098e-08,0.0005629690069901315,1,0,0.03673189878463745,0.2267671525478363,0.0386701263487339,0.2359713912010193,0.002149566076695919,0.010453080758452415,0.040801584254950285,0.24712166469544172,-1.1601860523223877,-1.1600773334503174
batch2_128_255,4,6,"(4, 6)",0,21,5.628938674926758,6.978925704956055,5.703750139218755e-05,5.698204040527344e-05,5.5460986914113164e-08,0.0009733064404092573,1,0,0.0386701263487339,0.2359713912010193,0.04062754660844803,0.24513377249240875,0.0021761921234428883,0.010456065647304058,0.04297777637839317,0.2575777303427458,-1.1199933290481567,-1.1199363470077515
batch2_128_255,4,6,"(4, 6)",0,22,5.516592025756836,6.988234996795654,1.712939774733968e-05,1.704692840576172e-05,8.246934157796204e-08,0.004837783066542832,1,0,0.04062754660844803,0.24513377249240875,0.04259888455271721,0.2541925013065338,0.0021953536197543144,0.01036002952605486,0.04517312999814749,0.26793775986880064,-1.0760654211044312,-1.0760483741760254
batch2_128_255,4,6,"(4, 6)",0,23,5.412331581115723,6.986687660217285,-4.188838283880614e-05,-4.1961669921875e-05,7.328708306886256e-08,0.001746524464000355,0,1,0.04259888455271721,0.2541925013065338,0.044580720365047455,0.26314252614974976,0.0022117397747933865,0.010274186730384827,0.047384869772940874,0.27821194659918547,-1.0519335269927979,-1.0519754886627197
batch2_128_255,4,6,"(4, 6)",0,24,5.3079514503479,6.9866437911987305,-8.112666546367109e-05,-8.118152618408203e-05,5.486072041094303e-08,0.0006757783819750367,0,1,0.044580720365047455,0.26314252614974976,0.046571772545576096,0.2720949947834015,0.002223520539700985,0.0102640800178051,0.04960839031264186,0.28847602661699057,-1.0169695615768433,-1.0170507431030273
batch2_128_255,4,6,"(4, 6)",0,25,5.202301025390625,6.993661880493164,-0.00013217907689977437,-0.0001322031021118164,2.4025212042033672e-08,0.00018172956351442742,0,1,0.046571772545576096,0.2720949947834015,0.0485694594681263,0.2810135781764984,0.0022342721931636333,0.010238153859972954,0.05184266250580549,0.2987141804769635,-1.0057212114334106,-1.0058534145355225
batch2_128_255,4,6,"(4, 6)",0,26,5.089143753051758,6.993436336517334,-0.00015751256432849914,-0.00015747547149658203,3.7092831917107105e-08,0.00023554672714799394,0,1,0.0485694594681263,0.2810135781764984,0.050570618361234665,0.28988081216812134,0.0022400966845452785,0.010174853727221489,0.05408275919035077,0.308889034204185,-0.9930131435394287,-0.9931706190109253
batch2_128_255,4,6,"(4, 6)",0,27,4.9831366539001465,7.03186559677124,-0.0001750798401189968,-0.00017517805099487305,9.821087587624788e-08,0.0005606345961636611,0,1,0.050570618361234665,0.28988081216812134,0.052573591470718384,0.2986677885055542,0.002244114875793457,0.010102076455950737,0.05632687406614423,0.31899111066013575,-0.97714763879776,-0.9773228168487549
batch2_128_255,4,6,"(4, 6)",0,28,4.87746524810791,7.0780558586120605,-0.00018447537149768323,-0.00018447637557983398,1.0040821507573128e-09,5.442876615508885e-06,0,1,0.052573591470718384,0.2986677885055542,0.05457373708486557,0.3073488771915436,0.0022425753995776176,0.010005530901253223,0.058569449465721846,0.32899664156138897,-0.9562360644340515,-0.9564205408096313
batch2_128_255,4,6,"(4, 6)",0,29,4.775972366333008,7.104450702667236,-0.00021730388107243925,-0.0002173781394958496,7.425842341035604e-08,0.00034160943498080614,0,1,0.05457373708486557,0.3073488771915436,0.056567031890153885,0.31588688492774963,0.0022373972460627556,0.009868768975138664,0.0608068467117846,0.33886541053652763,-0.9457865953445435,-0.9460039734840393
batch2_128_255,4,6,"(4, 6)",0,30,4.678924083709717,7.14284610748291,-0.00024195418518502265,-0.00024199485778808594,4.067260306328535e-08,0.00016807217903325124,0,1,0.056567031890153885,0.31588688492774963,0.058547742664813995,0.32426905632019043,0.002224596217274666,0.009688029997050762,0.06303144292905927,0.3485534405335784,-0.935368001461029,-0.9356099963188171
batch2_128_255,4,6,"(4, 6)",0,31,4.584463119506836,7.182639122009277,-0.0002615990524645895,-0.00026166439056396484,6.533809937536716e-08,0.00024970191486332573,0,1,0.058547742664813995,0.32426905632019043,0.06051449850201607,0.33253389596939087,0.0022094843443483114,0.00954697746783495,0.06524092727340758,0.35810041800141335,-0.9301799535751343,-0.9304416179656982
batch2_128_255,4,6,"(4, 6)",0,32,4.493022918701172,7.221674919128418,-0.0002741554344538599,-0.0002741813659667969,2.593151293694973e-08,9.457795516304348e-05,0,1,0.06051449850201607,0.33253389596939087,0.06246533244848251,0.34066203236579895,0.00219241576269269,0.00939079187810421,0.06743334303610027,0.36749120987951756,-0.9273702502250671,-0.9276444315910339
batch2_128_255,4,6,"(4, 6)",0,33,4.403633117675781,7.267658233642578,-0.0002917440142482519,-0.0002918243408203125,8.032657206058502e-08,0.0002752565870098039,0,1,0.06246533244848251,0.34066203236579895,0.06439383327960968,0.3485943078994751,0.0021680332720279694,0.009174556471407413,0.06960137630812824,0.37666576635092497,-0.9299286603927612,-0.9302204847335815
batch2_128_255,4,6,"(4, 6)",0,34,4.320850372314453,7.3189616203308105,-0.00030524813337251544,-0.0003052949905395508,4.685716703534126e-08,0.0001534816111870363,0,1,0.06439383327960968,0.3485943078994751,0.0662989392876625,0.35636740922927856,0.0021414775401353836,0.008984481915831566,0.07174285384826362,0.38565024826675653,-0.9258397817611694,-0.926145076751709
batch2_128_255,4,6,"(4, 6)",0,35,4.242692947387695,7.344171524047852,-0.0003142000932712108,-0.00031429529190063477,9.519862942397594e-08,0.00030289549947847526,0,1,0.0662989392876625,0.35636740922927856,0.06817732006311417,0.3639889657497406,0.0021107017528265715,0.008804310113191605,0.07385355560109019,0.39445455837994814,-0.9179840683937073,-0.9182983636856079
batch2_128_255,4,6,"(4, 6)",0,36,4.162844181060791,7.39891242980957,-0.00031467140070162714,-0.0003146529197692871,1.8480932340025902e-08,5.8734342441750334e-05,0,1,0.06817732006311417,0.3639889657497406,0.07002559304237366,0.3714454472064972,0.002077370183542371,0.008607009425759315,0.07593092578463256,0.40306156780570745,-0.9067752957344055,-0.9070899486541748
batch2_128_255,4,6,"(4, 6)",0,37,4.085404396057129,7.46349573135376,-0.0003104291681665927,-0.00031054019927978516,1.1103111319243908e-07,0.00035754183661228407,0,1,0.07002559304237366,0.3714454472064972,0.07183870673179626,0.37869444489479065,0.0020387282129377127,0.008359859697520733,0.07796965399757028,0.4114214275032282,-0.9020861983299255,-0.9023967385292053
batch2_128_255,4,6,"(4, 6)",0,38,4.014513969421387,7.512147426605225,-0.0003064130141865462,-0.0003064870834350586,7.406924851238728e-08,0.00024167168052314274,0,1,0.07183870673179626,0.37869444489479065,0.07362032681703568,0.38577184081077576,0.002002456458285451,0.008160395547747612,0.07997211045585573,0.4195818230509758,-0.8949524760246277,-0.8952589631080627
batch2_128_255,4,6,"(4, 6)",0,39,3.947275400161743,7.555924415588379,-0.00031374607351608574,-0.00031381845474243164,7.238122634589672e-08,0.0002306468126780627,0,1,0.07362032681703568,0.38577184081077576,0.07536634057760239,0.3926505148410797,0.001962831011041999,0.007935789413750172,0.08193494146689773,0.42751761246472597,-0.8918551206588745,-0.8921689391136169
batch2_128_255,4,7,"(4, 7)",1,0,8.46632194519043,8.433267593383789,0.0020044895354658365,0.002004384994506836,1.0454095900058746e-07,5.215612733436422e-05,1,0,0.0,0.0,0.0018801175756379962,0.01488339900970459,0.0018801175756379962,0.01488339900970459,0.0018801175756379962,0.01488339900970459,-2.3715152740478516,-2.3695108890533447
batch2_128_255,4,7,"(4, 7)",1,1,8.242063522338867,8.311278343200684,0.0017291363328695297,0.0017290115356445312,1.2479722499847412e-07,7.217836458907887e-05,1,0,0.0018801175756379962,0.01488339900970459,0.003738073632121086,0.029608184471726418,0.0018610907718539238,0.014740546233952045,0.00374120834749192,0.029623945243656635,-2.140000343322754,-2.1382713317871094
batch2_128_255,4,7,"(4, 7)",1,2,8.030204772949219,8.197056770324707,0.00149958161637187,0.0014994144439697266,1.671724021434784e-07,0.00011149179122276991,1,0,0.003738073632121086,0.029608184471726418,0.0055746277794241905,0.04406532272696495,0.0018460728460922837,0.014499017037451267,0.005587281193584204,0.0441229622811079,-1.9523437023162842,-1.9508442878723145
batch2_128_255,4,7,"(4, 7)",1,3,7.833232879638672,8.111220359802246,0.0013389604864642024,0.0013388395309448242,1.2095551937818527e-07,9.034355244412786e-05,1,0,0.0055746277794241905,0.04406532272696495,0.007393649313598871,0.058373212814331055,0.0018377774395048618,0.014395901933312416,0.0074250586330890656,0.05851886421442032,-1.8089505434036255,-1.8076117038726807
batch2_128_255,4,7,"(4, 7)",1,4,7.633435249328613,8.017213821411133,0.001183245680294931,0.0011830329895019531,2.126907929778099e-07,0.0001797843296553809,1,0,0.007393649313598871,0.058373212814331055,0.00919648353010416,0.07235351949930191,0.0018345146672800183,0.01409965381026268,0.009259573300369084,0.072618518024683,-1.6664533615112305,-1.6652703285217285
batch2_128_255,4,7,"(4, 7)",1,5,7.427727699279785,7.9730682373046875,0.0010409463429823518,0.0010406970977783203,2.4924520403146744e-07,0.00023949831758304695,1,0,0.00919648353010416,0.07235351949930191,0.010985054075717926,0.0858859270811081,0.0018370492616668344,0.013708326034247875,0.011096622562035918,0.08632684405893087,-1.5431666374206543,-1.542125940322876
batch2_128_255,4,7,"(4, 7)",1,6,7.239081859588623,7.907389163970947,0.0009152904385700822,0.0009151697158813477,1.207226887345314e-07,0.0001319128972906083,1,0,0.010985054075717926,0.0858859270811081,0.012765590101480484,0.09901568293571472,0.0018469467759132385,0.01336593460291624,0.012943569337949157,0.09969277866184711,-1.42191481590271,-1.4209996461868286
batch2_128_255,4,7,"(4, 7)",1,7,7.062455177307129,7.8657612800598145,0.0008007683791220188,0.0008006095886230469,1.587904989719391e-07,0.00019833699374627753,1,0,0.012765590101480484,0.09901568293571472,0.014540910720825195,0.11166267842054367,0.0018622716888785362,0.012950844131410122,0.014805841026827693,0.11264362279325724,-1.320962905883789,-1.320162296295166
batch2_128_255,4,7,"(4, 7)",1,8,6.897828578948975,7.821120738983154,0.0006977218436077237,0.0006976127624511719,1.0908115655183792e-07,0.0001563634761619959,1,0,0.014540910720825195,0.11166267842054367,0.01631813310086727,0.12387511134147644,0.0018828868633136153,0.012579488568007946,0.01668872789014131,0.12522311136126518,-1.2355992794036865,-1.2349016666412354
batch2_128_255,4,7,"(4, 7)",1,9,6.734107971191406,7.769577980041504,0.0006015097605995834,0.0006015300750732422,2.0314473658800125e-08,3.377133496829172e-05,1,0,0.01631813310086727,0.12387511134147644,0.01809861697256565,0.13556167483329773,0.0019075670279562473,0.01214466243982315,0.018596294918097556,0.13736777380108833,-1.1833940744400024,-1.1827925443649292
batch2_128_255,4,7,"(4, 7)",1,10,6.590689659118652,7.7393412590026855,0.00048807819257490337,0.00048804283142089844,3.536115400493145e-08,7.24550218307279e-05,1,0,0.01809861697256565,0.13556167483329773,0.01988663151860237,0.1467025727033615,0.0019372050883248448,0.011710387654602528,0.0205335000064224,0.14907816145569086,-1.121891975402832,-1.1214039325714111
batch2_128_255,4,7,"(4, 7)",1,11,6.448254585266113,7.701013088226318,0.0003891116939485073,0.00038909912109375,1.257285475730896e-08,3.2312729779411765e-05,1,0,0.01988663151860237,0.1467025727033615,0.021685760468244553,0.15737687051296234,0.001968059688806534,0.011338415555655956,0.022501559695228934,0.16041657701134682,-1.0845518112182617,-1.084162712097168
batch2_128_255,4,7,"(4, 7)",1,12,6.315746307373047,7.6627092361450195,0.0003022216260433197,0.00030219554901123047,2.60770320892334e-08,8.629191321499014e-05,1,0,0.021685760468244553,0.15737687051296234,0.023507118225097656,0.16771458089351654,0.0020092844497412443,0.011082791723310947,0.02451084414497018,0.17149936873465776,-1.0512583255767822,-1.050956130027771
batch2_128_255,4,7,"(4, 7)",1,13,6.195090293884277,7.656564235687256,0.00021261244546622038,0.00021266937255859375,5.6927092373371124e-08,0.0002676788466928251,1,0,0.023507118225097656,0.16771458089351654,0.025355476886034012,0.17782309651374817,0.002049481263384223,0.01092639472335577,0.0265603254083544,0.18242576345801353,-1.0202139616012573,-1.0200012922286987
batch2_128_255,4,7,"(4, 7)",1,14,6.071930408477783,7.652420520782471,0.00010250376362819225,0.00010246038436889648,4.3379259295761585e-08,0.0004233759180482839,1,0,0.025355476886034012,0.17782309651374817,0.02723039872944355,0.18763677775859833,0.002092978684231639,0.010711128823459148,0.02865330409258604,0.19313689228147268,-0.981012761592865,-0.9809103012084961
batch2_128_255,4,7,"(4, 7)",1,15,5.95877742767334,7.643582344055176,3.7855519622098655e-05,3.784894943237305e-05,6.570189725607634e-09,0.00017358975147637796,1,0,0.02723039872944355,0.18763677775859833,0.02914067916572094,0.1974135786294937,0.002137347124516964,0.010737494565546513,0.030790651217103004,0.2038743868470192,-0.9673336148262024,-0.96729576587677
batch2_128_255,4,7,"(4, 7)",1,16,5.846182823181152,7.64581298828125,-4.250846177455969e-05,-4.2557716369628906e-05,4.92545950692147e-08,0.001157359916622899,0,1,0.02914067916572094,0.1974135786294937,0.03108496591448784,0.20699989795684814,0.002181530697271228,0.010601981543004513,0.03297218191437423,0.2144763683900237,-0.956943154335022,-0.9569857120513916
batch2_128_255,4,7,"(4, 7)",1,17,5.7305121421813965,7.6435866355896,-0.00014768655819352716,-0.00014775991439819336,7.33562046661973e-08,0.0004964553814542154,0,1,0.03108496591448784,0.20699989795684814,0.0330578088760376,0.2162187397480011,0.002224868396297097,0.010322860442101955,0.03519705031067133,0.22479922883212566,-0.9268391132354736,-0.9269868731498718
batch2_128_255,4,7,"(4, 7)",1,18,5.6242523193359375,7.651756763458252,-0.00025085429660975933,-0.00025087594985961914,2.1653249859809875e-08,8.631058446186743e-05,0,1,0.0330578088760376,0.2162187397480011,0.03506486117839813,0.22515617311000824,0.0022690605837851763,0.010122837498784065,0.037466110894456506,0.23492206633090973,-0.9102264046669006,-0.9104772806167603
batch2_128_255,4,7,"(4, 7)",1,19,5.526717185974121,7.633268356323242,-0.00033041861024685204,-0.0003305673599243164,1.4874967746436596e-07,0.00044998295505769924,0,1,0.03506486117839813,0.22515617311000824,0.03710513934493065,0.23397046327590942,0.0023061183746904135,0.010050209239125252,0.03977222926914692,0.24497227557003498,-0.8892806768417358,-0.8896112442016602
batch2_128_255,4,7,"(4, 7)",1,20,5.427084445953369,7.626442909240723,-0.00041960820090025663,-0.00041961669921875,8.498318493366241e-09,2.0252574573863638e-05,0,1,0.03710513934493065,0.23397046327590942,0.03917831555008888,0.24265967309474945,0.0023442008532583714,0.009966958314180374,0.04211643012240529,0.25493923388421535,-0.8782472610473633,-0.878666877746582
batch2_128_255,4,7,"(4, 7)",1,21,5.327445030212402,7.644800662994385,-0.0004996873321942985,-0.0004997849464416504,9.761424735188484e-08,0.0001953125,0,1,0.03917831555008888,0.24265967309474945,0.04128221794962883,0.2512699067592621,0.0023770576808601618,0.009904678910970688,0.04449348780326545,0.26484391279518604,-0.8713342547416687,-0.8718340396881104
batch2_128_255,4,7,"(4, 7)",1,22,5.2268877029418945,7.6616291999816895,-0.0005887936567887664,-0.0005888938903808594,1.0023359209299088e-07,0.00017020654099190284,0,1,0.04128221794962883,0.2512699067592621,0.043414197862148285,0.2597736120223999,0.002410472836345434,0.009839375503361225,0.04690396063961089,0.27468328829854727,-0.8687255382537842,-0.869314432144165
batch2_128_255,4,7,"(4, 7)",1,23,5.130181789398193,7.665226936340332,-0.0006688204011879861,-0.000668942928314209,1.225271262228489e-07,0.0001831652911431881,0,1,0.043414197862148285,0.2597736120223999,0.04557346925139427,0.2682076096534729,0.002438449300825596,0.009788844734430313,0.04934240994043648,0.2844721330329776,-0.8725014328956604,-0.8731703758239746
batch2_128_255,4,7,"(4, 7)",1,24,5.029261589050293,7.686749458312988,-0.0007571168825961649,-0.0007573366165161133,2.1973391994833946e-07,0.00029014036183692743,0,1,0.04557346925139427,0.2682076096534729,0.04775628820061684,0.2765727639198303,0.0024625323712825775,0.009715117514133453,0.05180494231171906,0.29418725054711103,-0.8878222703933716,-0.8885796070098877
batch2_128_255,4,7,"(4, 7)",1,25,4.931744575500488,7.704226493835449,-0.0008452656329609454,-0.0008454322814941406,1.666485331952572e-07,0.00019711635910180485,0,1,0.04775628820061684,0.2765727639198303,0.049958236515522,0.2848559319972992,0.0024824223946779966,0.00962715782225132,0.05428736470639706,0.30381440836936235,-0.8945620656013489,-0.895407497882843
batch2_128_255,4,7,"(4, 7)",1,26,4.838112831115723,7.729815483093262,-0.0009254411561414599,-0.0009256601333618164,2.1897722035646439e-07,0.00023656330489375403,0,1,0.049958236515522,0.2848559319972992,0.05217389389872551,0.293057918548584,0.0024950827937573195,0.009541493840515614,0.056782447500154376,0.31335590220987797,-0.9007144570350647,-0.9016401171684265
batch2_128_255,4,7,"(4, 7)",1,27,4.744379997253418,7.778027057647705,-0.0010058225598186255,-0.0010059475898742676,1.25030055642128e-07,0.00012429082479113585,0,1,0.05217389389872551,0.293057918548584,0.05439869686961174,0.3011854588985443,0.0025022439658641815,0.00945376604795456,0.05928469146601856,0.3228096682578325,-0.9114604592323303,-0.9124664068222046
batch2_128_255,4,7,"(4, 7)",1,28,4.653883457183838,7.815105438232422,-0.0010733547387644649,-0.0010734200477600098,6.530899554491043e-08,6.084197484591038e-05,0,1,0.05439869686961174,0.3011854588985443,0.05662846937775612,0.3092203140258789,0.002504057949408889,0.009352114051580429,0.061788749415427446,0.33216178230941296,-0.9152399301528931,-0.9163133502006531
batch2_128_255,4,7,"(4, 7)",1,29,4.565801620483398,7.840878486633301,-0.0011596116237342358,-0.0011597871780395508,1.755543053150177e-07,0.00015136768938225922,0,1,0.05662846937775612,0.3092203140258789,0.05885738879442215,0.31713277101516724,0.0025013876147568226,0.009224507957696915,0.06429013703018427,0.34138629026710987,-0.9266440868377686,-0.9278038740158081
batch2_128_255,4,7,"(4, 7)",1,30,4.479656219482422,7.873279571533203,-0.0012280226219445467,-0.0012281537055969238,1.310836523771286e-07,0.00010673228585294831,0,1,0.05885738879442215,0.31713277101516724,0.06108270213007927,0.3249156177043915,0.0024949130602180958,0.009081633761525154,0.06678505009040236,0.350467924028635,-0.9400012493133545,-0.9412294030189514
batch2_128_255,4,7,"(4, 7)",1,31,4.395570755004883,7.919435501098633,-0.0012691807933151722,-0.0012693405151367188,1.5972182154655457e-07,0.00012583055503380918,0,1,0.06108270213007927,0.3249156177043915,0.0632963627576828,0.33254754543304443,0.0024781094398349524,0.008907006122171879,0.06926315953023732,0.3593749301508069,-0.9501467347145081,-0.9514160752296448
batch2_128_255,4,7,"(4, 7)",1,32,4.316821098327637,7.947643280029297,-0.0012941218446940184,-0.0012941956520080566,7.380731403827667e-08,5.702948694330585e-05,0,1,0.0632963627576828,0.33254754543304443,0.06549634039402008,0.34003958106040955,0.0024583120830357075,0.008743995800614357,0.07172147161327302,0.36811892595142126,-0.9587497115135193,-0.9600439071655273
batch2_128_255,4,7,"(4, 7)",1,33,4.238221168518066,7.993855953216553,-0.0013298653066158295,-0.0013300776481628418,2.123415470123291e-07,0.000159645978041676,0,1,0.06549634039402008,0.34003958106040955,0.06767632812261581,0.3473649024963379,0.002433875808492303,0.008556229062378407,0.07415534742176533,0.37667515501379967,-0.9687159061431885,-0.9700459837913513
batch2_128_255,4,7,"(4, 7)",1,34,4.16351318359375,8.038176536560059,-0.0013434664579108357,-0.0013436675071716309,2.0104926079511642e-07,0.0001496272401632436,0,1,0.06767632812261581,0.3473649024963379,0.0698319524526596,0.3545319437980652,0.0024035575333982706,0.008372582495212555,0.0765589049551636,0.3850477375090122,-0.9720848202705383,-0.97342848777771
batch2_128_255,4,7,"(4, 7)",1,35,4.092961311340332,8.07898998260498,-0.0013526353286579251,-0.0013529062271118164,2.708984538912773e-07,0.00020023446449026345,0,1,0.0698319524526596,0.3545319437980652,0.07195938378572464,0.3615276515483856,0.002368694869801402,0.00817676167935133,0.078927599824965,0.39322449918836355,-0.9744762182235718,-0.9758291244506836
batch2_128_255,4,7,"(4, 7)",1,36,4.02476692199707,8.122880935668945,-0.0013593375915661454,-0.0013595223426818848,1.8475111573934555e-07,0.00013589413718269105,0,1,0.07195938378572464,0.3615276515483856,0.07405666261911392,0.3683524429798126,0.0023323867935687304,0.00798068568110466,0.08125998661853373,0.4012051848694682,-0.9823020100593567,-0.9836615324020386
batch2_128_255,4,7,"(4, 7)",1,37,3.960792064666748,8.17091178894043,-0.0013599878875538707,-0.001360177993774414,1.9010622054338455e-07,0.0001397656934706398,0,1,0.07405666261911392,0.3683524429798126,0.07612093538045883,0.37501391768455505,0.002292608842253685,0.007789112161844969,0.08355259546078742,0.4089942970313132,-0.9890052080154419,-0.9903653860092163
batch2_128_255,4,7,"(4, 7)",1,38,3.898961067199707,8.208258628845215,-0.0013594337506219745,-0.0013596415519714355,2.0780134946107864e-07,0.00015283539191618078,0,1,0.07612093538045883,0.37501391768455505,0.07814794778823853,0.38149282336235046,0.0022485414519906044,0.007582978345453739,0.08580113691277802,0.4165772753767669,-0.9987969994544983,-1.0001566410064697
batch2_128_255,4,7,"(4, 7)",1,39,3.8406434059143066,8.241724967956543,-0.0013564395485445857,-0.0013566017150878906,1.621665433049202e-07,0.00011953880162565905,0,1,0.07814794778823853,0.38149282336235046,0.08013807237148285,0.38780710101127625,0.0022047993261367083,0.007394100539386272,0.08800593623891473,0.4239713759161532,-1.0114431381225586,-1.0127997398376465
batch2_128_255,5,6,"(5, 6)",0,0,8.503279685974121,8.433267593383789,0.0027391943149268627,0.0027387142181396484,4.800967872142792e-07,0.00017530006746757203,1,0,0.0,0.0,0.0020054562482982874,0.014916027896106243,0.0020054562482982874,0.014916027896106243,0.0020054562482982874,0.014916027896106243,-2.5234785079956055,-2.520739793777466
batch2_128_255,5,6,"(5, 6)",0,1,8.281920433044434,8.24179744720459,0.002504925476387143,0.002504587173461914,3.3830292522907257e-07,0.00013507332817705854,1,0,0.0020054562482982874,0.014916027896106243,0.003973863553255796,0.029637834057211876,0.00197092373855412,0.014737676829099655,0.0039763799868524075,0.0296537047252059,-2.413346290588379,-2.410841703414917
batch2_128_255,5,6,"(5, 6)",0,2,8.065829277038574,8.080586433410645,0.002251109341159463,0.0022504329681396484,6.763730198144913e-07,0.00030055239564572516,1,0,0.003973863553255796,0.029637834057211876,0.005904759746044874,0.04418826475739479,0.0019383336184546351,0.014589955098927021,0.005914713605307043,0.04424365982413292,-2.277369737625122,-2.2751193046569824
batch2_128_255,5,6,"(5, 6)",0,3,7.856308460235596,7.898250579833984,0.001996885286644101,0.0019965171813964844,3.681052476167679e-07,0.0001843736938738954,1,0,0.005904759746044874,0.04418826475739479,0.007798362988978624,0.05849118158221245,0.0019088134868070483,0.014383049681782722,0.007823527092114091,0.05862670950591564,-2.1413559913635254,-2.139359474182129
batch2_128_255,5,6,"(5, 6)",0,4,7.656278610229492,7.764506816864014,0.0017362709622830153,0.0017360448837280273,2.260785549879074e-07,0.000130226215408913,1,0,0.007798362988978624,0.05849118158221245,0.00965477991849184,0.07242538034915924,0.001883088843896985,0.014070576056838036,0.009706615936011076,0.07269728556275368,-1.9951915740966797,-1.9934555292129517
batch2_128_255,5,6,"(5, 6)",0,5,7.463475227355957,7.636257648468018,0.0015126445796340704,0.001512289047241211,3.555323928594589e-07,0.00023509552853539335,1,0,0.00965477991849184,0.07242538034915924,0.011480452492833138,0.08602440357208252,0.0018660288769751787,0.013800345361232758,0.011572644812986255,0.08649763092398643,-1.8543972969055176,-1.8528850078582764
batch2_128_255,5,6,"(5, 6)",0,6,7.266565322875977,7.517235279083252,0.0013290130300447345,0.0013287067413330078,3.062887117266655e-07,0.00023051641283868652,1,0,0.011480452492833138,0.08602440357208252,0.013277719728648663,0.0993368998169899,0.0018533059628680348,0.013595422729849815,0.01342595077585429,0.10009305365383625,-1.748547077178955,-1.747218370437622
batch2_128_255,5,6,"(5, 6)",0,7,7.078404426574707,7.403501033782959,0.0011577476980164647,0.0011577606201171875,1.2922100722789764e-08,1.1161288869439869e-05,1,0,0.013277719728648663,0.0993368998169899,0.015051690861582756,0.11236898601055145,0.0018471191870048642,0.013396665453910828,0.015273069962859154,0.11348971910774708,-1.6333208084106445,-1.6321630477905273
batch2_128_255,5,6,"(5, 6)",0,8,6.890205383300781,7.290098190307617,0.0010155191412195563,0.001015305519104004,2.1362211555242538e-07,0.00021040180668075614,1,0,0.015051690861582756,0.11236898601055145,0.016805486753582954,0.12513698637485504,0.0018441567663103342,0.013184483163058758,0.017117226729169488,0.12667420227080584,-1.5318852663040161,-1.530869960784912
batch2_128_255,5,6,"(5, 6)",0,9,6.715131759643555,7.1956787109375,0.0008535812376067042,0.0008535385131835938,4.272442311048508e-08,5.005564769553073e-05,1,0,0.016805486753582954,0.12513698637485504,0.018542751669883728,0.13756819069385529,0.0018481806619092822,0.012944591231644154,0.01896540739107877,0.13961879350245,-1.4046095609664917,-1.403756022453308
batch2_128_255,5,6,"(5, 6)",0,10,6.539444446563721,7.103172779083252,0.0007002593483775854,0.0007001161575317383,1.4319084584712982e-07,0.0002045244125659799,1,0,0.018542751669883728,0.13756819069385529,0.020262975245714188,0.14971204102039337,0.0018528109649196267,0.012764743529260159,0.020818218355998397,0.15238353703171015,-1.272376537322998,-1.2716764211654663
batch2_128_255,5,6,"(5, 6)",0,11,6.375849723815918,7.025908946990967,0.0005746256210841238,0.0005745887756347656,3.684544935822487e-08,6.412490274896266e-05,1,0,0.020262975245714188,0.14971204102039337,0.02196880429983139,0.16151683032512665,0.0018595015862956643,0.012535193003714085,0.02267771994229406,0.16491873003542423,-1.16972017288208,-1.1691455841064453
batch2_128_255,5,6,"(5, 6)",0,12,6.217667579650879,6.950246810913086,0.00042840687092393637,0.00042831897735595703,8.789356797933578e-08,0.00020520586905093237,1,0,0.02196880429983139,0.16151683032512665,0.023660723119974136,0.17305271327495575,0.001874743029475212,0.01241248194128275,0.024552462971769273,0.17733121197670698,-1.0522805452346802,-1.0518522262573242
batch2_128_255,5,6,"(5, 6)",0,13,6.060277462005615,6.9168548583984375,0.00033548541250638664,0.00033545494079589844,3.047171048820019e-08,9.083697028251599e-05,1,0,0.023660723119974136,0.17305271327495575,0.025344595313072205,0.18440403044223785,0.0018872878281399608,0.012336257845163345,0.026439750799909234,0.18966746982187033,-0.9589195251464844,-0.9585840702056885
batch2_128_255,5,6,"(5, 6)",0,14,5.905597686767578,6.897180557250977,0.00026301719481125474,0.00026297569274902344,4.150206223130226e-08,0.0001578171039211242,1,0,0.025344595313072205,0.18440403044223785,0.027020016685128212,0.19547812640666962,0.0018992637051269412,0.012117174454033375,0.028339014505036175,0.2017846442759037,-0.8775321841239929,-0.8772692084312439
batch2_128_255,5,6,"(5, 6)",0,15,5.756827354431152,6.885818958282471,0.00019805521878879517,0.00019800662994384766,4.858884494751692e-08,0.00024538999002859723,1,0,0.027020016685128212,0.19547812640666962,0.028689276427030563,0.20608307421207428,0.001915132743306458,0.011689817532896996,0.030254147248342633,0.2134744618088007,-0.7844864130020142,-0.7842884063720703
batch2_128_255,5,6,"(5, 6)",0,16,5.613974094390869,6.833846569061279,0.00014738990284968168,0.00014734268188476562,4.7220964916050434e-08,0.000320483951506877,1,0,0.028689276427030563,0.20608307421207428,0.03035307675600052,0.21630443632602692,0.0019278546096757054,0.011365510523319244,0.03218200185801834,0.22483997233211994,-0.707050085067749,-0.7069027423858643
batch2_128_255,5,6,"(5, 6)",0,17,5.486614227294922,6.832255840301514,0.00011601176811382174,0.00011599063873291016,2.112938091158867e-08,0.00018216453622816033,1,0,0.03035307675600052,0.21630443632602692,0.03201844543218613,0.2262462079524994,0.0019432288827374578,0.011135222390294075,0.034125230740755796,0.23597519472241402,-0.6445095539093018,-0.6443935632705688
batch2_128_255,5,6,"(5, 6)",0,18,5.36219596862793,6.809125900268555,9.170633711619303e-05,9.167194366455078e-05,3.4393451642245054e-08,0.0003751796925796489,1,0,0.03201844543218613,0.2262462079524994,0.03368415683507919,0.23595461249351501,0.0019545466639101505,0.010950755327939987,0.03607977740466595,0.246925950050354,-0.5892159938812256,-0.589124321937561
batch2_128_255,5,6,"(5, 6)",0,19,5.243311405181885,6.816037654876709,7.034692680463195e-05,7.039308547973633e-05,4.6158675104379654e-08,0.0006557274026248942,1,0,0.03368415683507919,0.23595461249351501,0.035350751131772995,0.24546165764331818,0.0019656287040561438,0.010782022960484028,0.03804540610872209,0.25770797301083803,-0.5396503806114197,-0.5395799875259399
batch2_128_255,5,6,"(5, 6)",0,20,5.126518249511719,6.842619895935059,5.899913594475947e-05,5.8978796005249023e-05,2.0339939510449767e-08,0.0003448686797309247,1,0,0.035350751131772995,0.24546165764331818,0.03701508790254593,0.25478705763816833,0.0019699831027537584,0.010607441887259483,0.04001538921147585,0.2683154148980975,-0.4927631914615631,-0.49270421266555786
batch2_128_255,5,6,"(5, 6)",0,21,5.008817672729492,6.866023063659668,5.667411460308358e-05,5.6624412536621094e-05,4.970206646248698e-08,0.0008777497944078948,1,0,0.03701508790254593,0.25478705763816833,0.03867441043257713,0.26389259099960327,0.001969492295756936,0.010386078618466854,0.041984881507232785,0.27870149351656437,-0.44489431381225586,-0.44483768939971924
batch2_128_255,5,6,"(5, 6)",0,22,4.897463798522949,6.898301601409912,4.8057092499220744e-05,4.8041343688964844e-05,1.5748810255900025e-08,0.00032781785534274194,1,0,0.03867441043257713,0.26389259099960327,0.04032464325428009,0.27279913425445557,0.0019687695894390345,0.010201957076787949,0.04395365109667182,0.2889034505933523,-0.4042343497276306,-0.40418630838394165
batch2_128_255,5,6,"(5, 6)",0,23,4.795413017272949,6.95008659362793,4.6766450395807624e-05,4.673004150390625e-05,3.640889190137386e-08,0.0007791324537627551,1,0,0.04032464325428009,0.27279913425445557,0.04196679964661598,0.281539648771286,0.001964671304449439,0.01002761535346508,0.04591832240112126,0.2989310659468174,-0.37808579206466675,-0.37803906202316284
batch2_128_255,5,6,"(5, 6)",0,24,4.697857856750488,6.967784881591797,3.86775573133491e-05,3.865361213684082e-05,2.3945176508277655e-08,0.0006194809536430223,1,0,0.04196679964661598,0.281539648771286,0.043597884476184845,0.2901290953159332,0.001958257984369993,0.009880609810352325,0.04787658038549125,0.3088116757571697,-0.3572627604007721,-0.35722410678863525
batch2_128_255,5,6,"(5, 6)",0,25,4.5992841720581055,7.003355026245117,3.483891487121582e-05,3.4868717193603516e-05,2.9802322387695312e-08,0.0008547008547008547,1,0,0.043597884476184845,0.2901290953159332,0.04521547630429268,0.2985706627368927,0.001947534503415227,0.009715067222714424,0.04982411488890648,0.31852674297988415,-0.3315046429634094,-0.3314697742462158
batch2_128_255,5,6,"(5, 6)",0,26,4.501702308654785,7.047484397888184,3.3450032788095996e-05,3.343820571899414e-05,1.1827069101855159e-08,0.0003536992744540998,1,0,0.04521547630429268,0.2985706627368927,0.0468188151717186,0.3068048655986786,0.0019340792205184698,0.009495620615780354,0.05175819410942495,0.3280223635956645,-0.30433130264282227,-0.30429786443710327
batch2_128_255,5,6,"(5, 6)",0,27,4.411421298980713,7.090012073516846,2.8929302061442286e-05,2.893805503845215e-05,8.752977009862661e-09,0.0003024728855561277,1,0,0.0468188151717186,0.3068048655986786,0.04840611293911934,0.31486520171165466,0.0019187640864402056,0.009305980987846851,0.053676958195865154,0.33732834458351135,-0.28270307183265686,-0.2826741337776184
batch2_128_255,5,6,"(5, 6)",0,28,4.321539402008057,7.128011703491211,2.5514582375762984e-05,2.5480985641479492e-05,3.359673428349197e-08,0.0013185021472953216,1,0,0.04840611293911934,0.31486520171165466,0.04997122660279274,0.3227149248123169,0.001895254710689187,0.009070380590856075,0.05557221290655434,0.34639872517436743,-0.2610173523426056,-0.2609918713569641
batch2_128_255,5,6,"(5, 6)",0,29,4.240987777709961,7.1680169105529785,2.2147418349049985e-05,2.2158026695251465e-05,1.0608346201479435e-08,0.00047875861634162745,1,0,0.04997122660279274,0.3227149248123169,0.051516007632017136,0.3303545117378235,0.001871886313892901,0.008837888948619366,0.05744409922044724,0.3552366141229868,-0.23280638456344604,-0.2327842265367508
batch2_128_255,5,6,"(5, 6)",0,30,4.160004615783691,7.225018501281738,1.832772250054404e-05,1.831352710723877e-05,1.4195393305271864e-08,0.0007751315856387306,1,0,0.051516007632017136,0.3303545117378235,0.05303555727005005,0.33774712681770325,0.0018437003018334508,0.008571016602218151,0.05928779952228069,0.36380763072520494,-0.21608267724514008,-0.21606436371803284
batch2_128_255,5,6,"(5, 6)",0,31,4.0855584144592285,7.2845683097839355,1.499340942245908e-05,1.4975666999816895e-05,1.7742422642186284e-08,0.0011847500777363185,1,0,0.05303555727005005,0.33774712681770325,0.05452951788902283,0.34491780400276184,0.0018133876146748662,0.008328046649694443,0.06110118713695556,0.3721356773748994,-0.20978067815303802,-0.2097657024860382
batch2_128_255,5,6,"(5, 6)",0,32,4.013800144195557,7.34112548828125,1.2654139027290512e-05,1.2665987014770508e-05,1.1847987479995936e-08,0.0009354176240808824,1,0,0.05452951788902283,0.34491780400276184,0.05599617958068848,0.3518722951412201,0.001781329745426774,0.008088963106274605,0.06288251688238233,0.380224640481174,-0.2019481509923935,-0.20193548500537872
batch2_128_255,5,6,"(5, 6)",0,33,3.944568157196045,7.388406753540039,1.0225158803223167e-05,1.0207295417785645e-05,1.7863385437522084e-08,0.0017500605896441607,1,0,0.05599617958068848,0.3518722951412201,0.05743293836712837,0.3586045205593109,0.001746026799082756,0.007843121886253357,0.06462854368146509,0.38806776236742735,-0.19451777637004852,-0.19450756907463074
batch2_128_255,5,6,"(5, 6)",0,34,3.882544994354248,7.429446220397949,8.434823030256666e-06,8.434057235717773e-06,7.657945388928056e-10,9.079788261925795e-05,1,0,0.05743293836712837,0.3586045205593109,0.058841194957494736,0.3651416003704071,0.0017103253630921245,0.007621650584042072,0.06633886904455721,0.3956894129514694,-0.1855820119380951,-0.18557357788085938
batch2_128_255,5,6,"(5, 6)",0,35,3.8234403133392334,7.475370407104492,7.679866030230187e-06,7.659196853637695e-06,2.0669176592491567e-08,0.002698608873419261,1,0,0.058841194957494736,0.3651416003704071,0.06022079661488533,0.37147215008735657,0.0016754163661971688,0.007395040709525347,0.06801428541075438,0.40308445366099477,-0.17800700664520264,-0.177999347448349
batch2_128_255,5,6,"(5, 6)",0,36,3.7686853408813477,7.519930839538574,6.031689736119006e-06,6.034970283508301e-06,3.280547389294952e-09,0.0005435896508487654,1,0,0.06022079661488533,0.37147215008735657,0.06157182157039642,0.3776126205921173,0.0016397143481299281,0.0071825264021754265,0.06965399975888431,0.4102669800631702,-0.17199724912643433,-0.17199121415615082
batch2_128_255,5,6,"(5, 6)",0,37,3.7176246643066406,7.55952787399292,5.554922609007917e-06,5.543231964111328e-06,1.169064489658922e-08,0.002108994350638441,1,0,0.06157182157039642,0.3776126205921173,0.06289466470479965,0.38356852531433105,0.0016046235105022788,0.0069760712794959545,0.07125862326938659,0.41724305134266615,-0.16604696214199066,-0.16604141891002655
batch2_128_255,5,6,"(5, 6)",0,38,3.669198989868164,7.602505207061768,3.943585397792049e-06,3.919005393981934e-06,2.458000381011516e-08,0.0062720005049904945,1,0,0.06289466470479965,0.38356852531433105,0.06418980658054352,0.38934779167175293,0.0015707078855484724,0.006781058851629496,0.07282933115493506,0.42402411019429564,-0.16093623638153076,-0.16093231737613678
batch2_128_255,5,6,"(5, 6)",0,39,3.624084949493408,7.651249885559082,3.2121761250891723e-06,3.1888484954833984e-06,2.3327629605773836e-08,0.0073153772086740655,1,0,0.06418980658054352,0.38934779167175293,0.06545791029930115,0.3949601650238037,0.0015354120405390859,0.0065927281975746155,0.07436474319547415,0.43061683839187026,-0.1558426022529602,-0.15583941340446472
batch2_128_255,5,7,"(5, 7)",1,0,8.456085205078125,8.433267593383789,0.0014306470984593034,0.001430511474609375,1.3562384992837906e-07,9.480794270833333e-05,1,0,0.0,0.0,0.002027213340625167,0.015802539885044098,0.002027213340625167,0.015802539885044098,0.002027213340625167,0.015802539885044098,-1.6528608798980713,-1.651430368423462
batch2_128_255,5,7,"(5, 7)",1,1,8.209400177001953,8.287219047546387,0.0013028846587985754,0.0013028383255004883,4.6333298087120056e-08,3.556335209076768e-05,1,0,0.002027213340625167,0.015802539885044098,0.004012817516922951,0.03136160224676132,0.0019888931419700384,0.015576192177832127,0.004016106482595205,0.031378732062876225,-1.5865452289581299,-1.5852423906326294
batch2_128_255,5,7,"(5, 7)",1,2,7.977465629577637,8.128168106079102,0.0012055906699970365,0.0012055635452270508,2.7124769985675812e-08,2.2499660090972018e-05,1,0,0.004012817516922951,0.03136160224676132,0.005962733179330826,0.046710673719644547,0.0019596563652157784,0.015396859496831894,0.005975762847810984,0.04677559155970812,-1.534035563468933,-1.532829999923706
batch2_128_255,5,7,"(5, 7)",1,3,7.744291305541992,7.991260528564453,0.0010939141502603889,0.0010938644409179688,4.9709342420101166e-08,4.5443786780732346e-05,1,0,0.005962733179330826,0.046710673719644547,0.007869879715144634,0.061637718230485916,0.0019276316743344069,0.015018600970506668,0.00790339452214539,0.061794192530214787,-1.4751427173614502,-1.4740488529205322
batch2_128_255,5,7,"(5, 7)",1,4,7.525768756866455,7.892684459686279,0.0009938408620655537,0.0009937286376953125,1.1222437024116516e-07,0.00011293261156429943,1,0,0.007869879715144634,0.061637718230485916,0.00974081177264452,0.07605773210525513,0.0019058659672737122,0.014554888941347599,0.009809260489419103,0.07634908147156239,-1.4287426471710205,-1.4277489185333252
batch2_128_255,5,7,"(5, 7)",1,5,7.317750930786133,7.788337230682373,0.0008840041700750589,0.0008840560913085938,5.192123353481293e-08,5.873070051240561e-05,1,0,0.00974081177264452,0.07605773210525513,0.011578403413295746,0.0899571105837822,0.0018892181105911732,0.014105001464486122,0.011698478600010276,0.09045408293604851,-1.3638761043548584,-1.3629920482635498
batch2_128_255,5,7,"(5, 7)",1,6,7.115317344665527,7.6902360916137695,0.0007810118841007352,0.0007810592651367188,4.738103598356247e-08,6.066253624847375e-05,1,0,0.011578403413295746,0.0899571105837822,0.013390341773629189,0.1033574715256691,0.0018816975643858314,0.013690456748008728,0.013580176164396107,0.10414453968405724,-1.3006515502929688,-1.299870491027832
batch2_128_255,5,7,"(5, 7)",1,7,6.9235968589782715,7.603723049163818,0.000683020509313792,0.0006829500198364258,7.048947736620903e-08,0.00010321322983941351,1,0,0.013390341773629189,0.1033574715256691,0.0151831628754735,0.11628653109073639,0.0018825129372999072,0.013328761793673038,0.015462689101696014,0.11747330147773027,-1.2345269918441772,-1.2338440418243408
batch2_128_255,5,7,"(5, 7)",1,8,6.7392897605896,7.512998580932617,0.0005879533127881587,0.0005878210067749023,1.3230601325631142e-07,0.00022507874290204826,1,0,0.0151831628754735,0.11628653109073639,0.016958048567175865,0.12865854799747467,0.0018886671168729663,0.012858359143137932,0.01735135621856898,0.1303316606208682,-1.1866036653518677,-1.1860158443450928
batch2_128_255,5,7,"(5, 7)",1,9,6.560965061187744,7.4432783126831055,0.0005002788966521621,0.0005002021789550781,7.671769708395004e-08,0.00015337337642993328,1,0,0.016958048567175865,0.12865854799747467,0.01872701197862625,0.14056450128555298,0.0019055658485740423,0.012484661303460598,0.019256922067143023,0.1428163219243288,-1.13802170753479,-1.137521505355835
batch2_128_255,5,7,"(5, 7)",1,10,6.403667449951172,7.38287878036499,0.00041082227835431695,0.0004107952117919922,2.7066562324762344e-08,6.588821278293674e-05,1,0,0.01872701197862625,0.14056450128555298,0.02049378491938114,0.15200713276863098,0.0019235099898651242,0.012105247005820274,0.021180432057008147,0.15492156893014908,-1.1016480922698975,-1.1012372970581055
batch2_128_255,5,7,"(5, 7)",1,11,6.262495040893555,7.342995643615723,0.00035113783087581396,0.0003510713577270508,6.647314876317978e-08,0.00018934369694397282,1,0,0.02049378491938114,0.15200713276863098,0.022272637113928795,0.16322262585163116,0.0019496941240504384,0.011954043991863728,0.023130126181058586,0.1668756129220128,-1.0671100616455078,-1.0667589902877808
batch2_128_255,5,7,"(5, 7)",1,12,6.114437580108643,7.322317123413086,0.0002740772033575922,0.0002740621566772461,1.5046680346131325e-08,5.490243720095694e-05,1,0,0.022272637113928795,0.16322262585163116,0.024060441181063652,0.17422765493392944,0.0019740439020097256,0.011836249381303787,0.02510417008306831,0.1787118623033166,-1.024584174156189,-1.0243101119995117
batch2_128_255,5,7,"(5, 7)",1,13,5.97137975692749,7.29557466506958,0.00019713450456038117,0.0001970529556274414,8.154893293976784e-08,0.0004138427291288566,1,0,0.024060441181063652,0.17422765493392944,0.025858532637357712,0.18486328423023224,0.0020026261918246746,0.011565792374312878,0.027106796274892986,0.19027765467762947,-0.985538125038147,-0.9853410720825195
batch2_128_255,5,7,"(5, 7)",1,14,5.835482597351074,7.301033020019531,0.00012231498840264976,0.00012236833572387695,5.334732122719288e-08,0.00043595690757428155,1,0,0.025858532637357712,0.18486328423023224,0.02766823209822178,0.19513267278671265,0.002031541895121336,0.011292720213532448,0.029138338170014322,0.20157037489116192,-0.9438893795013428,-0.9437670111656189
batch2_128_255,5,7,"(5, 7)",1,15,5.709710597991943,7.247337341308594,5.404396870289929e-05,5.4001808166503906e-05,4.216053639538586e-08,0.0007807245317673841,1,0,0.02766823209822178,0.19513267278671265,0.02949589490890503,0.20514613389968872,0.002060503698885441,0.011109654791653156,0.031198841868899763,0.21268002968281507,-0.9067080616950989,-0.9066540598869324
batch2_128_255,5,7,"(5, 7)",1,16,5.579580307006836,7.266538619995117,9.490976481174584e-06,9.5367431640625e-06,4.576668288791552e-08,0.004798984527587891,1,0,0.02949589490890503,0.20514613389968872,0.03134065493941307,0.21492351591587067,0.002084297128021717,0.01091830339282751,0.03328313899692148,0.22359833307564259,-0.8674250841140747,-0.8674155473709106
batch2_128_255,5,7,"(5, 7)",1,17,5.456259727478027,7.266711711883545,-3.46847518812865e-05,-3.4689903259277344e-05,5.1513779908418655e-09,0.00014849790592783504,0,1,0.03134065493941307,0.21492351591587067,0.033200375735759735,0.2245059609413147,0.002105634892359376,0.0107826367020607,0.035388773889280856,0.23438096977770329,-0.8232365250587463,-0.8232712149620056
batch2_128_255,5,7,"(5, 7)",1,18,5.341474533081055,7.300606727600098,-7.194306090241298e-05,-7.200241088867188e-05,5.9349986258894205e-08,0.0008242777641245861,0,1,0.033200375735759735,0.2245059609413147,0.035073235630989075,0.2338978797197342,0.002122200559824705,0.010624886490404606,0.03751097444910556,0.2450058562681079,-0.7889251708984375,-0.7889971733093262
batch2_128_255,5,7,"(5, 7)",1,19,5.2294087409973145,7.3272318840026855,-0.00010085701796924695,-0.00010085105895996094,5.959009286016226e-09,5.908722573138298e-05,0,1,0.035073235630989075,0.2338978797197342,0.03695744648575783,0.24313011765480042,0.0021346411667764187,0.010489645414054394,0.03964561561588198,0.2554955016821623,-0.7564672231674194,-0.7565680742263794
batch2_128_255,5,7,"(5, 7)",1,20,5.119728088378906,7.3554911613464355,-0.00013304874300956726,-0.00013303756713867188,1.1175870895385742e-08,8.400537634408603e-05,0,1,0.03695744648575783,0.24313011765480042,0.03884964808821678,0.2521617114543915,0.0021441506687551737,0.010324263945221901,0.04178976628463715,0.2658197656273842,-0.72267746925354,-0.7228105068206787
batch2_128_255,5,7,"(5, 7)",1,21,5.012360572814941,7.392850399017334,-0.00016412691911682487,-0.00016415119171142578,2.427259460091591e-08,0.00014786730664488018,0,1,0.03884964808821678,0.2521617114543915,0.04074617475271225,0.2610759139060974,0.0021475700195878744,0.010216239839792252,0.04393733630422503,0.27603600546717644,-0.6933534145355225,-0.6935175657272339
batch2_128_255,5,7,"(5, 7)",1,22,4.9050750732421875,7.4228363037109375,-0.00018524500774219632,-0.00018519163131713867,5.337642505764961e-08,0.00028822266253620855,0,1,0.04074617475271225,0.2610759139060974,0.04263908043503761,0.269871324300766,0.0021412845235317945,0.010100394487380981,0.04607862082775682,0.2861363999545574,-0.6651190519332886,-0.6653042435646057
batch2_128_255,5,7,"(5, 7)",1,23,4.800955772399902,7.469147682189941,-0.00020160371786914766,-0.00020164251327514648,3.879540599882603e-08,0.00019239695721253326,0,1,0.04263908043503761,0.269871324300766,0.044523511081933975,0.2785350978374481,0.002129347063601017,0.009967969730496407,0.04820796789135784,0.2961043696850538,-0.6366198658943176,-0.6368215084075928
batch2_128_255,5,7,"(5, 7)",1,24,4.697113990783691,7.499817371368408,-0.00021030884818173945,-0.00021034479141235352,3.5943230614066124e-08,0.00017087768312553132,0,1,0.044523511081933975,0.2785350978374481,0.04639174044132233,0.2870084047317505,0.00210906402207911,0.0097783412784338,0.05031703191343695,0.3058827109634876,-0.6064051389694214,-0.6066154837608337
batch2_128_255,5,7,"(5, 7)",1,25,4.599345684051514,7.557919025421143,-0.00020444301480893046,-0.00020444393157958984,9.167706593871117e-10,4.48421556122449e-06,0,1,0.04639174044132233,0.2870084047317505,0.048240356147289276,0.29535847902297974,0.0020831336732953787,0.009632166475057602,0.05240016558673233,0.3155148774385452,-0.5763853788375854,-0.576589822769165
batch2_128_255,5,7,"(5, 7)",1,26,4.5015692710876465,7.589638710021973,-0.00021274641039781272,-0.00021278858184814453,4.2171450331807137e-08,0.00019818474264705882,0,1,0.048240356147289276,0.29535847902297974,0.050062160938978195,0.30351778864860535,0.002052155788987875,0.009435390122234821,0.0544523213757202,0.32495026756078005,-0.5549534559249878,-0.5551662445068359
batch2_128_255,5,7,"(5, 7)",1,27,4.406868934631348,7.632748603820801,-0.0002062932908302173,-0.00020635128021240234,5.7989382185041904e-08,0.00028102264316146736,0,1,0.050062160938978195,0.30351778864860535,0.051851481199264526,0.31146809458732605,0.0020149031188338995,0.009212379343807697,0.0564672244945541,0.33416264690458775,-0.525199294090271,-0.5254056453704834
batch2_128_255,5,7,"(5, 7)",1,28,4.322050094604492,7.671713352203369,-0.00020650503574870527,-0.00020653009414672852,2.505839802324772e-08,0.00012133049242424242,0,1,0.051851481199264526,0.31146809458732605,0.05360764265060425,0.31919920444488525,0.0019775519613176584,0.008983707055449486,0.05844477645587176,0.34314635396003723,-0.5047565698623657,-0.5049630999565125
batch2_128_255,5,7,"(5, 7)",1,29,4.2382307052612305,7.7092204093933105,-0.0001959340152097866,-0.00019595026969909668,1.6254489310085773e-08,8.29521150190114e-05,0,1,0.05360764265060425,0.31919920444488525,0.0553274005651474,0.32674095034599304,0.0019355640979483724,0.008769351989030838,0.06038034055382013,0.35191570594906807,-0.4793126881122589,-0.479508638381958
batch2_128_255,5,7,"(5, 7)",1,30,4.160117149353027,7.745481014251709,-0.00018664954404812306,-0.00018662214279174805,2.7401256375014782e-08,0.00014682746626477165,0,1,0.0553274005651474,0.32674095034599304,0.05700996518135071,0.334104061126709,0.0018932268721982837,0.008565844967961311,0.06227356742601842,0.3604815509170294,-0.45798516273498535,-0.4581717848777771
batch2_128_255,5,7,"(5, 7)",1,31,4.0859527587890625,7.782060623168945,-0.00017065572319552302,-0.00017064809799194336,7.62520357966423e-09,4.468378885784143e-05,0,1,0.05700996518135071,0.334104061126709,0.05865180119872093,0.3412564992904663,0.0018471471266821027,0.00833090953528881,0.06412071455270052,0.3688124604523182,-0.4347158670425415,-0.43488651514053345
batch2_128_255,5,7,"(5, 7)",1,32,4.016269683837891,7.821213245391846,-0.00015589802933391184,-0.00015589594841003418,2.08092387765646e-09,1.3348158812846491e-05,0,1,0.05865180119872093,0.3412564992904663,0.060251809656620026,0.3482259213924408,0.0018002949655056,0.008116191253066063,0.06592100951820612,0.37692865170538425,-0.41557028889656067,-0.4157261848449707
batch2_128_255,5,7,"(5, 7)",1,33,3.951857566833496,7.859071254730225,-0.00014478412049356848,-0.00014480948448181152,2.5363988243043423e-08,0.00017515419196336695,0,1,0.060251809656620026,0.3482259213924408,0.061811663210392,0.35500162839889526,0.001755627105012536,0.007897666655480862,0.06767663662321866,0.3848263183608651,-0.3965582847595215,-0.3967030942440033
batch2_128_255,5,7,"(5, 7)",1,34,3.888249397277832,7.909942626953125,-0.00013225257862359285,-0.0001322329044342041,1.9674189388751984e-08,0.00014878437006986703,0,1,0.061811663210392,0.35500162839889526,0.06332933902740479,0.36157891154289246,0.001708765048533678,0.007671078201383352,0.06938540167175233,0.39249739656224847,-0.37678277492523193,-0.37691500782966614
batch2_128_255,5,7,"(5, 7)",1,35,3.8300907611846924,7.955493450164795,-0.00012095964484615251,-0.00012096762657165527,7.981725502759218e-09,6.598232708179354e-05,0,1,0.06332933902740479,0.36157891154289246,0.06480519473552704,0.36797094345092773,0.0016624046256765723,0.007457145489752293,0.0710478062974289,0.39995454205200076,-0.3613029420375824,-0.36142390966415405
batch2_128_255,5,7,"(5, 7)",1,36,3.77535343170166,7.996230125427246,-0.00011139600246679038,-0.00011140108108520508,5.078618414700031e-09,4.558859182718031e-05,0,1,0.06480519473552704,0.36797094345092773,0.06623942404985428,0.3741869032382965,0.001616702415049076,0.007249936461448669,0.07266450871247798,0.40720447851344943,-0.34689342975616455,-0.34700483083724976
batch2_128_255,5,7,"(5, 7)",1,37,3.7236218452453613,8.039153099060059,-0.00010307136835763231,-0.00010305643081665039,1.4937540981918573e-08,0.0001449452582779063,0,1,0.06623942404985428,0.3741869032382965,0.06763288378715515,0.3802186846733093,0.0015724895056337118,0.007039629854261875,0.0742369982181117,0.4142441083677113,-0.3342200219631195,-0.33432307839393616
batch2_128_255,5,7,"(5, 7)",1,38,3.6745219230651855,8.09162712097168,-9.478926222072914e-05,-9.480118751525879e-05,1.1925294529646635e-08,0.00012579267034737503,0,1,0.06763288378715515,0.3802186846733093,0.0689859390258789,0.38607800006866455,0.0015288343420252204,0.006839714013040066,0.07576583256013691,0.42108382238075137,-0.3220353424549103,-0.32213014364242554
batch2_128_255,5,7,"(5, 7)",1,39,3.628599166870117,8.136008262634277,-8.79684739629738e-05,-8.797645568847656e-05,7.981725502759218e-09,9.072569973746613e-05,0,1,0.0689859390258789,0.38607800006866455,0.07029979676008224,0.3917618691921234,0.0014864406548440456,0.006638836115598679,0.07725227321498096,0.42772265849635005,-0.3118889629840851,-0.31197693943977356
batch2_128_255,6,7,"(6, 7)",1,0,8.343635559082031,8.433267593383789,0.002845232840627432,0.0028448104858398438,4.223547875881195e-07,0.00014846499958095876,1,0,0.0,0.0,0.0019470086554065347,0.01462608203291893,0.0019470086554065347,0.01462608203291893,0.0019470086554065347,0.01462608203291893,-2.977815628051758,-2.974970817565918
batch2_128_255,6,7,"(6, 7)",1,1,8.126258850097656,8.231728553771973,0.0025583968963474035,0.0025577545166015625,6.423797458410263e-07,0.00025114988231730054,1,0,0.0019470086554065347,0.01462608203291893,0.0038668112829327583,0.029006188735365868,0.0019226071890443563,0.014394381083548069,0.003869615844450891,0.029020463116467,-2.7970428466796875,-2.794485092163086
batch2_128_255,6,7,"(6, 7)",1,2,7.922951698303223,8.083392143249512,0.0022847603540867567,0.002284526824951172,2.3352913558483124e-07,0.00010222210264036735,1,0,0.0038668112829327583,0.029006188735365868,0.00576402060687542,0.04311905428767204,0.0019054152071475983,0.014148222282528877,0.005775031051598489,0.043168685398995876,-2.6198792457580566,-2.6175947189331055
batch2_128_255,6,7,"(6, 7)",1,3,7.729482650756836,7.935839653015137,0.00201186491176486,0.002011537551879883,3.273598849773407e-07,0.00016274112540002372,1,0,0.00576402060687542,0.04311905428767204,0.007635721005499363,0.05696815997362137,0.0018879692070186138,0.013916520401835442,0.007663000258617103,0.05708520580083132,-2.445875883102417,-2.443864345550537
batch2_128_255,6,7,"(6, 7)",1,4,7.542688846588135,7.8365373611450195,0.0017347929533571005,0.0017344951629638672,2.9779039323329926e-07,0.0001716870704467354,1,0,0.007635721005499363,0.05696815997362137,0.009485634975135326,0.07040979713201523,0.0018777726218104362,0.013549759984016418,0.00954077288042754,0.07063496578484774,-2.2506144046783447,-2.248879909515381
batch2_128_255,6,7,"(6, 7)",1,5,7.357748031616211,7.734636306762695,0.0015094031114131212,0.0015094280242919922,2.491287887096405e-08,1.6504847180540197e-05,1,0,0.009485634975135326,0.07040979713201523,0.011315416544675827,0.08337003737688065,0.0018718175124377012,0.013123947195708752,0.01141259039286524,0.08375891298055649,-2.105694055557251,-2.104184627532959
batch2_128_255,6,7,"(6, 7)",1,6,7.187830924987793,7.634692192077637,0.0013136452762410045,0.0013135671615600586,7.811468094587326e-08,5.94675957437154e-05,1,0,0.011315416544675827,0.08337003737688065,0.0131296431645751,0.09583710879087448,0.0018716052873060107,0.012698352336883545,0.013284195680171251,0.09645726531744003,-1.9663234949111938,-1.9650099277496338
batch2_128_255,6,7,"(6, 7)",1,7,7.024175643920898,7.544631004333496,0.0011391938896849751,0.0011391639709472656,2.991873770952225e-08,2.62637675282545e-05,1,0,0.0131296431645751,0.09583710879087448,0.014932348392903805,0.10791350156068802,0.0018746844725683331,0.012374775484204292,0.015158880152739584,0.10883204080164433,-1.844814419746399,-1.8436752557754517
batch2_128_255,6,7,"(6, 7)",1,8,6.868806838989258,7.463468551635742,0.0009695697808638215,0.0009695291519165039,4.062894731760025e-08,4.1905854235829337e-05,1,0,0.014932348392903805,0.10791350156068802,0.01673116162419319,0.11954491585493088,0.0018869838677346706,0.012015221640467644,0.017045864020474255,0.12084726244211197,-1.7059438228607178,-1.7049742937088013
batch2_128_255,6,7,"(6, 7)",1,9,6.724886894226074,7.387327671051025,0.0008295963634736836,0.0008294582366943359,1.3812677934765816e-07,0.0001665265027665996,1,0,0.01673116162419319,0.11954491585493088,0.018529655411839485,0.13077381253242493,0.0019027661764994264,0.011698508635163307,0.01894863019697368,0.13254577107727528,-1.6026175022125244,-1.60178804397583
batch2_128_255,6,7,"(6, 7)",1,10,6.585964202880859,7.356752872467041,0.000691405963152647,0.0006912946701049805,1.1129304766654968e-07,0.00016099219693050526,1,0,0.018529655411839485,0.13077381253242493,0.02033303678035736,0.14168734848499298,0.001923796720802784,0.011458249762654305,0.020872426917776465,0.14400402083992958,-1.4922598600387573,-1.4915685653686523
batch2_128_255,6,7,"(6, 7)",1,11,6.448338508605957,7.320766925811768,0.0005653123371303082,0.0005652904510498047,2.1886080503463745e-08,3.871652256431885e-05,1,0,0.02033303678035736,0.14168734848499298,0.022142672911286354,0.15230020880699158,0.0019462666241452098,0.011238913051784039,0.022818693541921675,0.15524293389171362,-1.3814849853515625,-1.3809196949005127
batch2_128_255,6,7,"(6, 7)",1,12,6.313503265380859,7.275111198425293,0.00044988765148445964,0.00044989585876464844,8.207280188798904e-09,1.8242622217806043e-05,1,0,0.022142672911286354,0.15230020880699158,0.023961102589964867,0.16263355314731598,0.001971673220396042,0.011065521277487278,0.024790366762317717,0.1663084551692009,-1.282252311706543,-1.2818024158477783
batch2_128_255,6,7,"(6, 7)",1,13,6.189915657043457,7.248881816864014,0.0003503402404021472,0.0003502368927001953,1.0334770195186138e-07,0.00029507942796970727,1,0,0.023961102589964867,0.16263355314731598,0.025791607797145844,0.1726909726858139,0.0019971104338765144,0.010898708365857601,0.02678747719619423,0.1772071635350585,-1.1959753036499023,-1.1956250667572021
batch2_128_255,6,7,"(6, 7)",1,14,6.069693565368652,7.227126598358154,0.00026024525868706405,0.00026023387908935547,1.1379597708582878e-08,4.3728348316536874e-05,1,0,0.025791607797145844,0.1726909726858139,0.027634693309664726,0.18250836431980133,0.002023128792643547,0.010753103531897068,0.02881060598883778,0.18796026706695557,-1.1144928932189941,-1.1142326593399048
batch2_128_255,6,7,"(6, 7)",1,15,5.952114105224609,7.215092182159424,0.0001916386972879991,0.00019168853759765625,4.984030965715647e-08,0.0002600067290500622,1,0,0.027634693309664726,0.18250836431980133,0.029495293274521828,0.19219309091567993,0.0020519394893199205,0.010697505436837673,0.0308625454781577,0.19865777250379324,-1.0457412004470825,-1.0455495119094849
batch2_128_255,6,7,"(6, 7)",1,16,5.8407487869262695,7.209877967834473,0.00012788822641596198,0.0001278519630432129,3.6263372749090195e-08,0.0002836356351981352,1,0,0.029495293274521828,0.19219309091567993,0.0313740000128746,0.2017253190279007,0.0020814465824514627,0.010591551661491394,0.03294399206060916,0.20924932416528463,-0.9772477149963379,-0.9771198630332947
batch2_128_255,6,7,"(6, 7)",1,17,5.728252410888672,7.202961444854736,6.92115499987267e-05,6.92605972290039e-05,4.9047230277210474e-08,0.0007081548851656627,1,0,0.0313740000128746,0.2017253190279007,0.03326862305402756,0.21109060943126678,0.002106861677020788,0.010465222410857677,0.03505085373762995,0.2197145465761423,-0.9190850257873535,-0.9190157651901245
batch2_128_255,6,7,"(6, 7)",1,18,5.615837574005127,7.214385032653809,3.026709600817412e-05,3.0279159545898438e-05,1.206353772431612e-08,0.0003984105868602362,1,0,0.03326862305402756,0.21109060943126678,0.035181768238544464,0.22034016251564026,0.0021340770181268454,0.01041057426482439,0.037184930755756795,0.2301251208409667,-0.8724063038825989,-0.872376024723053
batch2_128_255,6,7,"(6, 7)",1,19,5.504007339477539,7.219873905181885,-2.7066746042692102e-05,-2.7120113372802734e-05,5.336733011063188e-08,0.001967813680460165,0,1,0.035181768238544464,0.22034016251564026,0.03710424527525902,0.22935418784618378,0.0021555277053266764,0.010231063701212406,0.03934045846108347,0.2403561845421791,-0.8181753158569336,-0.8182024359703064
batch2_128_255,6,7,"(6, 7)",1,20,5.398702621459961,7.203009605407715,-7.397845183731988e-05,-7.396936416625977e-05,9.087671060115099e-09,0.00012285722829371475,0,1,0.03710424527525902,0.22935418784618378,0.03903813287615776,0.23816853761672974,0.0021753646433353424,0.010064973495900631,0.041515823104418814,0.25042115803807974,-0.7689906358718872,-0.7690646052360535
batch2_128_255,6,7,"(6, 7)",1,21,5.2972307205200195,7.216516017913818,-0.00011071066546719521,-0.00011074542999267578,3.476452548056841e-08,0.00031391386067007533,0,1,0.03903813287615776,0.23816853761672974,0.04098451882600784,0.24685068428516388,0.0021929170470684767,0.009965009056031704,0.04370874015148729,0.26038616709411144,-0.7209275960922241,-0.7210383415222168
batch2_128_255,6,7,"(6, 7)",1,22,5.199249267578125,7.236046314239502,-0.00014729471877217293,-0.00014734268188476562,4.7963112592697144e-08,0.0003255208333333333,0,1,0.04098451882600784,0.24685068428516388,0.04294322058558464,0.255414754152298,0.002209827769547701,0.009870374575257301,0.04591856792103499,0.27025654166936874,-0.6696255207061768,-0.6697728633880615
batch2_128_255,6,7,"(6, 7)",1,23,5.098694324493408,7.246063709259033,-0.00017176174151245505,-0.00017178058624267578,1.8844730220735073e-08,0.00010970232802741152,0,1,0.04294322058558464,0.255414754152298,0.04490755498409271,0.26387956738471985,0.002215895103290677,0.009775669313967228,0.04813446302432567,0.28003221098333597,-0.6192911863327026,-0.6194629669189453
batch2_128_255,6,7,"(6, 7)",1,24,5.000487804412842,7.268731117248535,-0.00019085983512923121,-0.00019085407257080078,5.762558430433273e-09,3.0193531386633355e-05,0,1,0.04490755498409271,0.26387956738471985,0.04687875509262085,0.2721850574016571,0.002223842078819871,0.009632851928472519,0.05035830510314554,0.2896650629118085,-0.5750774145126343,-0.5752682685852051
batch2_128_255,6,7,"(6, 7)",1,25,4.906088352203369,7.299066543579102,-0.00020156493701506406,-0.0002015829086303711,1.7971615307033062e-08,8.915247542134832e-05,0,1,0.04687875509262085,0.2721850574016571,0.04885037615895271,0.28034859895706177,0.0022242513950914145,0.009504884481430054,0.052582556498236954,0.29916994739323854,-0.5403271913528442,-0.5405287742614746
batch2_128_255,6,7,"(6, 7)",1,26,4.811511993408203,7.35026216506958,-0.00021126212959643453,-0.00021129846572875977,3.633613232523203e-08,0.00017196590708744712,0,1,0.04885037615895271,0.28034859895706177,0.05081833526492119,0.2883884310722351,0.002221254399046302,0.00939067080616951,0.054803810897283256,0.30856061819940805,-0.5051782131195068,-0.5053895115852356
batch2_128_255,6,7,"(6, 7)",1,27,4.717597961425781,7.395806312561035,-0.0002246196090709418,-0.00022462010383605957,4.94765117764473e-10,2.2026751359957544e-06,0,1,0.05081833526492119,0.2883884310722351,0.05278034508228302,0.29629063606262207,0.0022146182600408792,0.009260040707886219,0.057018429157324135,0.3178206589072943,-0.47950273752212524,-0.4797273576259613
batch2_128_255,6,7,"(6, 7)",1,28,4.631087303161621,7.432380676269531,-0.00023728623636998236,-0.00023725628852844238,2.994784153997898e-08,0.00012622570185906294,0,1,0.05278034508228302,0.29629063606262207,0.05473477020859718,0.30406954884529114,0.002204293617978692,0.009132984094321728,0.05922272277530283,0.326953643001616,-0.45786306262016296,-0.4581003189086914
batch2_128_255,6,7,"(6, 7)",1,29,4.5442118644714355,7.467032432556152,-0.0002488401660230011,-0.00024890899658203125,6.883055903017521e-08,0.0002765290125119732,0,1,0.05473477020859718,0.30406954884529114,0.05667589232325554,0.31173112988471985,0.002188022481277585,0.009000489488244057,0.06141074525658041,0.33595413248986006,-0.43211644887924194,-0.432365357875824
batch2_128_255,6,7,"(6, 7)",1,30,4.464696407318115,7.520651340484619,-0.00025314860977232456,-0.0002531707286834717,2.2118911147117615e-08,8.736756915832842e-05,0,1,0.05667589232325554,0.31173112988471985,0.05860242620110512,0.31929975748062134,0.002169855870306492,0.008882280439138412,0.0635806011268869,0.34483641292899847,-0.4111558794975281,-0.41140905022621155
batch2_128_255,6,7,"(6, 7)",1,31,4.3856306076049805,7.580267906188965,-0.0002535426465328783,-0.00025349855422973633,4.409230314195156e-08,0.00017393512667528802,0,1,0.05860242620110512,0.31929975748062134,0.060512274503707886,0.3267538547515869,0.0021496156696230173,0.008749893866479397,0.06573021679650992,0.35358630679547787,-0.3921697735786438,-0.39242327213287354
batch2_128_255,6,7,"(6, 7)",1,32,4.306988716125488,7.641305446624756,-0.00025384683976881206,-0.00025385618209838867,9.342329576611519e-09,3.680166265555295e-05,0,1,0.060512274503707886,0.3267538547515869,0.062400732189416885,0.3340568244457245,0.002124425955116749,0.00857871025800705,0.06785464275162667,0.3621650170534849,-0.3672080636024475,-0.3674619197845459
batch2_128_255,6,7,"(6, 7)",1,33,4.2313666343688965,7.72534704208374,-0.00024891679640859365,-0.00024890899658203125,7.799826562404633e-09,3.1336057231800766e-05,0,1,0.062400732189416885,0.3340568244457245,0.064265675842762,0.34123945236206055,0.002096359385177493,0.008429956622421741,0.06995100213680416,0.37059497367590666,-0.34197789430618286,-0.3422268033027649
batch2_128_255,6,7,"(6, 7)",1,34,4.1583638191223145,7.798132419586182,-0.00024636919260956347,-0.00024637579917907715,6.606569513678551e-09,2.6815009979436314e-05,0,1,0.064265675842762,0.34123945236206055,0.06610501557588577,0.3482522666454315,0.0020658602006733418,0.008242160081863403,0.0720168623374775,0.37883713375777006,-0.31982535123825073,-0.3200717270374298
batch2_128_255,6,7,"(6, 7)",1,35,4.089065074920654,7.868971347808838,-0.000244325608946383,-0.00024434924125671387,2.3632310330867767e-08,9.67153006464203e-05,0,1,0.06610501557588577,0.3482522666454315,0.06791466474533081,0.3550981879234314,0.0020310499239712954,0.008051839657127857,0.0740479122614488,0.3868889734148979,-0.3015616238117218,-0.3018059730529785
batch2_128_255,6,7,"(6, 7)",1,36,4.0236968994140625,7.9292120933532715,-0.00024158386804629117,-0.0002415776252746582,6.2427716329693794e-09,2.5841679774241304e-05,0,1,0.06791466474533081,0.3550981879234314,0.06969372183084488,0.36178717017173767,0.0019953432492911816,0.00787081103771925,0.07604325551073998,0.39475978445261717,-0.2883450388908386,-0.2885866165161133
batch2_128_255,6,7,"(6, 7)",1,37,3.95873761177063,7.998831272125244,-0.0002395068295300007,-0.00023952126502990723,1.4435499906539917e-08,6.0268134876197585e-05,0,1,0.06969372183084488,0.36178717017173767,0.07144095748662949,0.3683003783226013,0.001960737630724907,0.007679104804992676,0.07800399314146489,0.40243888925760984,-0.2769416570663452,-0.2771811783313751
batch2_128_255,6,7,"(6, 7)",1,38,3.899847984313965,8.052000999450684,-0.00022865922073833644,-0.00022870302200317383,4.3801264837384224e-08,0.00019152027137086264,0,1,0.07144095748662949,0.3683003783226013,0.07315458357334137,0.3746682405471802,0.0019194375490769744,0.007502236869186163,0.07992343069054186,0.409941126126796,-0.2660190463066101,-0.2662477493286133
batch2_128_255,6,7,"(6, 7)",1,39,3.8423399925231934,8.121776580810547,-0.00022255224757827818,-0.0002225637435913086,1.1496013030409813e-08,5.165267641938939e-05,0,1,0.07315458357334137,0.3746682405471802,0.07483332604169846,0.3808814585208893,0.0018787547014653683,0.007317469920963049,0.08180218539200723,0.41725859604775906,-0.25614917278289795,-0.25637173652648926
