trajectory_id,batch,batch2,pair_i,pair_j,pair,contains_7,k,time_scaled,time2,pair_delta_theta_cum_pre,full_delta_theta_cum_pre,event,DeltaA_finite,DeltaA_1st
"batch1_0_127|(0,1)",batch1_0_127,0,0,1,"(0, 1)",0,0,0.0,0.0,0.0,0.0,0,0.0010635852813720703,0.0010635803919285536
"batch1_0_127|(0,1)",batch1_0_127,0,0,1,"(0, 1)",0,1,0.02564102564102564,0.0006574621959237343,0.0018638892797753215,0.014925841242074966,0,0.0009801387786865234,0.0009802280692383647
"batch1_0_127|(0,1)",batch1_0_127,0,0,1,"(0, 1)",0,2,0.05128205128205128,0.0026298487836949372,0.003694560145959258,0.029445437714457512,0,0.000919640064239502,0.0009196650935336947
"batch1_0_127|(0,1)",batch1_0_127,0,0,1,"(0, 1)",0,3,0.07692307692307693,0.00591715976331361,0.005491336341947317,0.04340732470154762,0,0.000863194465637207,0.0008632552926428616
"batch1_0_127|(0,1)",batch1_0_127,0,0,1,"(0, 1)",0,4,0.10256410256410256,0.010519395134779749,0.007263782434165478,0.05697731673717499,0,0.0007973909378051758,0.0007974752224981785
"batch1_0_127|(0,1)",batch1_0_127,0,0,1,"(0, 1)",0,5,0.1282051282051282,0.016436554898093356,0.009014409966766834,0.0701916441321373,0,0.0007516145706176758,0.0007516177138313651
"batch1_0_127|(0,1)",batch1_0_127,0,0,1,"(0, 1)",0,6,0.15384615384615385,0.02366863905325444,0.010747874155640602,0.0829409658908844,0,0.0007126331329345703,0.0007126276032067835
"batch1_0_127|(0,1)",batch1_0_127,0,0,1,"(0, 1)",0,7,0.1794871794871795,0.032215647600262985,0.012467162683606148,0.09530257433652878,0,0.0006756782531738281,0.0006757020018994808
"batch1_0_127|(0,1)",batch1_0_127,0,0,1,"(0, 1)",0,8,0.20512820512820512,0.042077580539118996,0.014179564081132412,0.1072891429066658,0,0.0006285905838012695,0.0006285464041866362
"batch1_0_127|(0,1)",batch1_0_127,0,0,1,"(0, 1)",0,9,0.23076923076923078,0.053254437869822494,0.01588698849081993,0.11892623454332352,0,0.0005845427513122559,0.0005845398409292102
"batch1_0_127|(0,1)",batch1_0_127,0,0,1,"(0, 1)",0,10,0.2564102564102564,0.06574621959237342,0.017595995217561722,0.13025251030921936,0,0.0005370378494262695,0.0005370817380025983
"batch1_0_127|(0,1)",batch1_0_127,0,0,1,"(0, 1)",0,11,0.28205128205128205,0.07955292570677186,0.019308632239699364,0.14140933752059937,0,0.0004926919937133789,0.0004926950205117464
"batch1_0_127|(0,1)",batch1_0_127,0,0,1,"(0, 1)",0,12,0.3076923076923077,0.09467455621301776,0.021028999239206314,0.1524144858121872,0,0.00044780969619750977,0.00044785215868614614
"batch1_0_127|(0,1)",batch1_0_127,0,0,1,"(0, 1)",0,13,0.3333333333333333,0.1111111111111111,0.022755278274416924,0.1632174402475357,0,0.00040286779403686523,0.0004028552502859384
"batch1_0_127|(0,1)",batch1_0_127,0,0,1,"(0, 1)",0,14,0.358974358974359,0.12886259040105194,0.02448447048664093,0.17383092641830444,0,0.00036454200744628906,0.0003645780961960554
"batch1_0_127|(0,1)",batch1_0_127,0,0,1,"(0, 1)",0,15,0.38461538461538464,0.14792899408284024,0.026216672733426094,0.18422812223434448,0,0.0003325939178466797,0.0003326612350065261
"batch1_0_127|(0,1)",batch1_0_127,0,0,1,"(0, 1)",0,16,0.41025641025641024,0.16831032215647598,0.02795180305838585,0.19445115327835083,0,0.0002911090850830078,0.0002912215131800622
"batch1_0_127|(0,1)",batch1_0_127,0,0,1,"(0, 1)",0,17,0.4358974358974359,0.19000657462195925,0.02968953549861908,0.20442849397659302,0,0.0002560615539550781,0.0002560631255619228
"batch1_0_127|(0,1)",batch1_0_127,0,0,1,"(0, 1)",0,18,0.46153846153846156,0.21301775147928997,0.03142732009291649,0.21424570679664612,0,0.00021588802337646484,0.0002160176372854039
"batch1_0_127|(0,1)",batch1_0_127,0,0,1,"(0, 1)",0,19,0.48717948717948717,0.2373438527284681,0.033162541687488556,0.22385939955711365,0,0.0001780986785888672,0.00017801493231672794
"batch1_0_127|(0,1)",batch1_0_127,0,0,1,"(0, 1)",0,20,0.5128205128205128,0.2629848783694937,0.03489142283797264,0.2333274781703949,0,0.0001462697982788086,0.00014628435019403696
"batch1_0_127|(0,1)",batch1_0_127,0,0,1,"(0, 1)",0,21,0.5384615384615384,0.28994082840236685,0.036611225455999374,0.24260669946670532,0,0.00010335445404052734,0.00010335244587622583
"batch1_0_127|(0,1)",batch1_0_127,0,0,1,"(0, 1)",0,22,0.5641025641025641,0.31821170282708744,0.03831963241100311,0.2516751289367676,0,5.936622619628906e-05,5.943337600911036e-05
"batch1_0_127|(0,1)",batch1_0_127,0,0,1,"(0, 1)",0,23,0.5897435897435898,0.3477975016436555,0.04001528397202492,0.26060178875923157,0,2.300739288330078e-05,2.3048372895573266e-05
"batch1_0_127|(0,1)",batch1_0_127,0,0,1,"(0, 1)",0,24,0.6153846153846154,0.37869822485207105,0.04169308394193649,0.26932233572006226,1,-1.9788742065429688e-05,-1.9792345483438112e-05
"batch1_0_127|(0,2)",batch1_0_127,0,0,2,"(0, 2)",0,0,0.0,0.0,0.0,0.0,0,0.0014331340789794922,0.0014331991551443934
"batch1_0_127|(0,2)",batch1_0_127,0,0,2,"(0, 2)",0,1,0.02564102564102564,0.0006574621959237343,0.001956795807927847,0.016512049362063408,0,0.0013922452926635742,0.0013923593796789646
"batch1_0_127|(0,2)",batch1_0_127,0,0,2,"(0, 2)",0,2,0.05128205128205128,0.0026298487836949372,0.0038764276541769505,0.032896850258111954,0,0.0013221502304077148,0.0013223650166764855
"batch1_0_127|(0,2)",batch1_0_127,0,0,2,"(0, 2)",0,3,0.07692307692307693,0.00591715976331361,0.005750608164817095,0.04868488013744354,0,0.0012333393096923828,0.0012334261555224657
"batch1_0_127|(0,2)",batch1_0_127,0,0,2,"(0, 2)",0,4,0.10256410256410256,0.010519395134779749,0.007582867052406073,0.06368575990200043,0,0.0011501312255859375,0.0011503193527460098
"batch1_0_127|(0,2)",batch1_0_127,0,0,2,"(0, 2)",0,5,0.1282051282051282,0.016436554898093356,0.009375561028718948,0.07789787650108337,0,0.0010554790496826172,0.0010554862674325705
"batch1_0_127|(0,2)",batch1_0_127,0,0,2,"(0, 2)",0,6,0.15384615384615385,0.02366863905325444,0.011136534623801708,0.09118690341711044,0,0.0009783506393432617,0.0009784044232219458
"batch1_0_127|(0,2)",batch1_0_127,0,0,2,"(0, 2)",0,7,0.1794871794871795,0.032215647600262985,0.012873537838459015,0.10361266881227493,0,0.0009083747863769531,0.0009084925404749811
"batch1_0_127|(0,2)",batch1_0_127,0,0,2,"(0, 2)",0,8,0.20512820512820512,0.042077580539118996,0.014595748856663704,0.11533977836370468,0,0.0008456707000732422,0.0008456843206658959
"batch1_0_127|(0,2)",batch1_0_127,0,0,2,"(0, 2)",0,9,0.23076923076923078,0.053254437869822494,0.016310881823301315,0.12638168036937714,0,0.0007919073104858398,0.00079192197881639
"batch1_0_127|(0,2)",batch1_0_127,0,0,2,"(0, 2)",0,10,0.2564102564102564,0.06574621959237342,0.018026288598775864,0.1370314508676529,0,0.0007407665252685547,0.0007408140227198601
"batch1_0_127|(0,2)",batch1_0_127,0,0,2,"(0, 2)",0,11,0.28205128205128205,0.07955292570677186,0.019747581332921982,0.14744870364665985,0,0.0006957054138183594,0.0006957005243748426
"batch1_0_127|(0,2)",batch1_0_127,0,0,2,"(0, 2)",0,12,0.3076923076923077,0.09467455621301776,0.021477507427334785,0.15768973529338837,0,0.0006561279296875,0.0006560069159604609
"batch1_0_127|(0,2)",batch1_0_127,0,0,2,"(0, 2)",0,13,0.3333333333333333,0.1111111111111111,0.023215873166918755,0.16781462728977203,0,0.0006071329116821289,0.0006072098622098565
"batch1_0_127|(0,2)",batch1_0_127,0,0,2,"(0, 2)",0,14,0.358974358974359,0.12886259040105194,0.024958986788988113,0.17778907716274261,0,0.0005590915679931641,0.0005591203225776553
"batch1_0_127|(0,2)",batch1_0_127,0,0,2,"(0, 2)",0,15,0.38461538461538464,0.14792899408284024,0.026708368211984634,0.18756644427776337,0,0.0005245208740234375,0.0005246237851679325
"batch1_0_127|(0,2)",batch1_0_127,0,0,2,"(0, 2)",0,16,0.41025641025641024,0.16831032215647598,0.028465086594223976,0.19714084267616272,0,0.0004792213439941406,0.00047920647193677723
"batch1_0_127|(0,2)",batch1_0_127,0,0,2,"(0, 2)",0,17,0.4358974358974359,0.19000657462195925,0.030230116099119186,0.2065238058567047,0,0.0004410743713378906,0.0004412309790495783
"batch1_0_127|(0,2)",batch1_0_127,0,0,2,"(0, 2)",0,18,0.46153846153846156,0.21301775147928997,0.03200448304414749,0.21584267914295197,0,0.00040853023529052734,0.0004086450790055096
"batch1_0_127|(0,2)",batch1_0_127,0,0,2,"(0, 2)",0,19,0.48717948717948717,0.2373438527284681,0.03378736227750778,0.22504408657550812,0,0.0003676414489746094,0.00036775978514924645
"batch1_0_127|(0,2)",batch1_0_127,0,0,2,"(0, 2)",0,20,0.5128205128205128,0.2629848783694937,0.035574205219745636,0.23409293591976166,0,0.0003281831741333008,0.00032811646815389395
"batch1_0_127|(0,2)",batch1_0_127,0,0,2,"(0, 2)",0,21,0.5384615384615384,0.28994082840236685,0.03736463561654091,0.2429780662059784,0,0.0002859830856323242,0.0002861011598724872
"batch1_0_127|(0,2)",batch1_0_127,0,0,2,"(0, 2)",0,22,0.5641025641025641,0.31821170282708744,0.03915732353925705,0.2516885995864868,0,0.00023686885833740234,0.00023693799448665231
"batch1_0_127|(0,2)",batch1_0_127,0,0,2,"(0, 2)",0,23,0.5897435897435898,0.3477975016436555,0.04095157980918884,0.26020172238349915,0,0.00019073486328125,0.00019066405366174877
"batch1_0_127|(0,2)",batch1_0_127,0,0,2,"(0, 2)",0,24,0.6153846153846154,0.37869822485207105,0.042746637016534805,0.2685262858867645,0,0.00016450881958007812,0.00016441731713712215
"batch1_0_127|(0,2)",batch1_0_127,0,0,2,"(0, 2)",0,25,0.6410256410256411,0.4109138724523341,0.04453938454389572,0.27669739723205566,0,0.00014483928680419922,0.0001447529357392341
"batch1_0_127|(0,2)",batch1_0_127,0,0,2,"(0, 2)",0,26,0.6666666666666666,0.4444444444444444,0.04632771760225296,0.28468719124794006,0,0.00011110305786132812,0.00011125656601507217
"batch1_0_127|(0,2)",batch1_0_127,0,0,2,"(0, 2)",0,27,0.6923076923076923,0.4792899408284023,0.04811094328761101,0.2925049960613251,0,8.356571197509766e-05,8.362945663975552e-05
"batch1_0_127|(0,2)",batch1_0_127,0,0,2,"(0, 2)",0,28,0.717948717948718,0.5154503616042078,0.04988676309585571,0.3001861274242401,0,5.6624412536621094e-05,5.6657860113773495e-05
"batch1_0_127|(0,2)",batch1_0_127,0,0,2,"(0, 2)",0,29,0.7435897435897436,0.5529257067718607,0.051652442663908005,0.3077189326286316,0,3.993511199951172e-05,4.00055359932594e-05
"batch1_0_127|(0,2)",batch1_0_127,0,0,2,"(0, 2)",0,30,0.7692307692307693,0.591715976331361,0.0534062422811985,0.31510892510414124,0,1.0967254638671875e-05,1.0863943316508085e-05
"batch1_0_127|(0,2)",batch1_0_127,0,0,2,"(0, 2)",0,31,0.7948717948717948,0.6318211702827087,0.055146269500255585,0.3223583698272705,1,-4.291534423828125e-06,-4.328498562244931e-06
"batch1_0_127|(0,3)",batch1_0_127,0,0,3,"(0, 3)",0,0,0.0,0.0,0.0,0.0,0,0.001295328140258789,0.0012953754048794508
"batch1_0_127|(0,3)",batch1_0_127,0,0,3,"(0, 3)",0,1,0.02564102564102564,0.0006574621959237343,0.0020399356726557016,0.015911439433693886,0,0.00118255615234375,0.0011826695408672094
"batch1_0_127|(0,3)",batch1_0_127,0,0,3,"(0, 3)",0,2,0.05128205128205128,0.0026298487836949372,0.004032992757856846,0.031212521716952324,0,0.001085042953491211,0.0010851321276277304
"batch1_0_127|(0,3)",batch1_0_127,0,0,3,"(0, 3)",0,3,0.07692307692307693,0.00591715976331361,0.005977816879749298,0.045830123126506805,0,0.0009915828704833984,0.0009916014969348907
"batch1_0_127|(0,3)",batch1_0_127,0,0,3,"(0, 3)",0,4,0.10256410256410256,0.010519395134779749,0.007883808575570583,0.059825699776411057,0,0.0009045004844665527,0.0009045097976922989
"batch1_0_127|(0,3)",batch1_0_127,0,0,3,"(0, 3)",0,5,0.1282051282051282,0.016436554898093356,0.009752769954502583,0.07316559553146362,0,0.00081634521484375,0.0008163434686139226
"batch1_0_127|(0,3)",batch1_0_127,0,0,3,"(0, 3)",0,6,0.15384615384615385,0.02366863905325444,0.011596626602113247,0.08601880073547363,0,0.0007288455963134766,0.0007288165506906807
"batch1_0_127|(0,3)",batch1_0_127,0,0,3,"(0, 3)",0,7,0.1794871794871795,0.032215647600262985,0.01341535896062851,0.09826108068227768,0,0.0006633996963500977,0.0006634852616116405
"batch1_0_127|(0,3)",batch1_0_127,0,0,3,"(0, 3)",0,8,0.20512820512820512,0.042077580539118996,0.015218761749565601,0.10990682244300842,0,0.0005971789360046387,0.0005972195649519563
"batch1_0_127|(0,3)",batch1_0_127,0,0,3,"(0, 3)",0,9,0.23076923076923078,0.053254437869822494,0.01701267994940281,0.12110798060894012,0,0.0005400180816650391,0.0005399671499617398
"batch1_0_127|(0,3)",batch1_0_127,0,0,3,"(0, 3)",0,10,0.2564102564102564,0.06574621959237342,0.01880262978374958,0.13187472522258759,0,0.0004975199699401855,0.0004975599586032331
"batch1_0_127|(0,3)",batch1_0_127,0,0,3,"(0, 3)",0,11,0.28205128205128205,0.07955292570677186,0.02059326134622097,0.1423412412405014,0,0.00045120716094970703,0.0004512505838647485
"batch1_0_127|(0,3)",batch1_0_127,0,0,3,"(0, 3)",0,12,0.3076923076923077,0.09467455621301776,0.02238464169204235,0.15247845649719238,0,0.00040650367736816406,0.00040651854942552745
"batch1_0_127|(0,3)",batch1_0_127,0,0,3,"(0, 3)",0,13,0.3333333333333333,0.1111111111111111,0.02417892776429653,0.16245129704475403,0,0.00037741661071777344,0.00037737039383500814
"batch1_0_127|(0,3)",batch1_0_127,0,0,3,"(0, 3)",0,14,0.358974358974359,0.12886259040105194,0.02597930282354355,0.17224222421646118,0,0.000338137149810791,0.00033813357003964484
"batch1_0_127|(0,3)",batch1_0_127,0,0,3,"(0, 3)",0,15,0.38461538461538464,0.14792899408284024,0.02778409607708454,0.18181388080120087,0,0.0002875328063964844,0.0002876503567676991
"batch1_0_127|(0,3)",batch1_0_127,0,0,3,"(0, 3)",0,16,0.41025641025641024,0.16831032215647598,0.029591165482997894,0.1911817193031311,0,0.00024521350860595703,0.0002452159533277154
"batch1_0_127|(0,3)",batch1_0_127,0,0,3,"(0, 3)",0,17,0.4358974358974359,0.19000657462195925,0.03140106424689293,0.20032815635204315,0,0.00021713972091674805,0.0002171696542063728
"batch1_0_127|(0,3)",batch1_0_127,0,0,3,"(0, 3)",0,18,0.46153846153846156,0.21301775147928997,0.03321264311671257,0.2092186063528061,0,0.00017970800399780273,0.00017976919480133802
"batch1_0_127|(0,3)",batch1_0_127,0,0,3,"(0, 3)",0,19,0.48717948717948717,0.2373438527284681,0.03502461686730385,0.21787290275096893,0,0.00013780593872070312,0.0001378238230245188
"batch1_0_127|(0,3)",batch1_0_127,0,0,3,"(0, 3)",0,20,0.5128205128205128,0.2629848783694937,0.03683886677026749,0.22630146145820618,0,0.00010305643081665039,0.00010305134492227808
"batch1_0_127|(0,3)",batch1_0_127,0,0,3,"(0, 3)",0,21,0.5384615384615384,0.28994082840236685,0.03865116089582443,0.23455259203910828,0,7.021427154541016e-05,7.017616735538468e-05
"batch1_0_127|(0,3)",batch1_0_127,0,0,3,"(0, 3)",0,22,0.5641025641025641,0.31821170282708744,0.040463656187057495,0.24271012842655182,0,5.0902366638183594e-05,5.096766471979208e-05
"batch1_0_127|(0,3)",batch1_0_127,0,0,3,"(0, 3)",0,23,0.5897435897435898,0.3477975016436555,0.0422762855887413,0.2508002817630768,0,2.199411392211914e-05,2.2028014427633025e-05
"batch1_0_127|(0,3)",batch1_0_127,0,0,3,"(0, 3)",0,24,0.6153846153846154,0.37869822485207105,0.04408586025238037,0.2588076889514923,0,2.086162567138672e-06,2.115877578034997e-06
"batch1_0_127|(0,3)",batch1_0_127,0,0,3,"(0, 3)",0,25,0.6410256410256411,0.4109138724523341,0.04589099809527397,0.26678466796875,1,-2.872943878173828e-05,-2.8681444746325724e-05
"batch1_0_127|(0,4)",batch1_0_127,0,0,4,"(0, 4)",0,0,0.0,0.0,0.0,0.0,0,0.0023053884506225586,0.0023058000952005386
"batch1_0_127|(0,4)",batch1_0_127,0,0,4,"(0, 4)",0,1,0.02564102564102564,0.0006574621959237343,0.0020046092104166746,0.017009014263749123,0,0.0019648075103759766,0.001964963972568512
"batch1_0_127|(0,4)",batch1_0_127,0,0,4,"(0, 4)",0,2,0.05128205128205128,0.0026298487836949372,0.00395789323374629,0.03353442624211311,0,0.0017048120498657227,0.0017049050657078624
"batch1_0_127|(0,4)",batch1_0_127,0,0,4,"(0, 4)",0,3,0.07692307692307693,0.00591715976331361,0.005863824859261513,0.04944121092557907,0,0.0014743804931640625,0.0014747512759640813
"batch1_0_127|(0,4)",batch1_0_127,0,0,4,"(0, 4)",0,4,0.10256410256410256,0.010519395134779749,0.007716691121459007,0.06457619369029999,0,0.0012929439544677734,0.001293034409172833
"batch1_0_127|(0,4)",batch1_0_127,0,0,4,"(0, 4)",0,5,0.1282051282051282,0.016436554898093356,0.009529262781143188,0.0790257379412651,0,0.0011212825775146484,0.0011213197140023112
"batch1_0_127|(0,4)",batch1_0_127,0,0,4,"(0, 4)",0,6,0.15384615384615385,0.02366863905325444,0.011308850720524788,0.0924948900938034,0,0.0009926557540893555,0.0009926741477102041
"batch1_0_127|(0,4)",batch1_0_127,0,0,4,"(0, 4)",0,7,0.1794871794871795,0.032215647600262985,0.01306552067399025,0.10514998435974121,0,0.0008949041366577148,0.0008949776529334486
"batch1_0_127|(0,4)",batch1_0_127,0,0,4,"(0, 4)",0,8,0.20512820512820512,0.042077580539118996,0.014808231964707375,0.11721242219209671,0,0.0008146762847900391,0.0008148078923113644
"batch1_0_127|(0,4)",batch1_0_127,0,0,4,"(0, 4)",0,9,0.23076923076923078,0.053254437869822494,0.016549183055758476,0.1288089007139206,0,0.0007479190826416016,0.0007478756597265601
"batch1_0_127|(0,4)",batch1_0_127,0,0,4,"(0, 4)",0,10,0.2564102564102564,0.06574621959237342,0.018298450857400894,0.140096053481102,0,0.0006730556488037109,0.0006730032037012279
"batch1_0_127|(0,4)",batch1_0_127,0,0,4,"(0, 4)",0,11,0.28205128205128205,0.07955292570677186,0.020054379478096962,0.15100963413715363,0,0.0006062984466552734,0.0006062932079657912
"batch1_0_127|(0,4)",batch1_0_127,0,0,4,"(0, 4)",0,12,0.3076923076923077,0.09467455621301776,0.02181890234351158,0.16154329478740692,0,0.0005421638488769531,0.0005422726389952004
"batch1_0_127|(0,4)",batch1_0_127,0,0,4,"(0, 4)",0,13,0.3333333333333333,0.1111111111111111,0.02359255589544773,0.17165705561637878,0,0.0004820823669433594,0.00048217366565950215
"batch1_0_127|(0,4)",batch1_0_127,0,0,4,"(0, 4)",0,14,0.358974358974359,0.12886259040105194,0.025380730628967285,0.1815008968114853,0,0.00042188167572021484,0.0004219829570502043
"batch1_0_127|(0,4)",batch1_0_127,0,0,4,"(0, 4)",0,15,0.38461538461538464,0.14792899408284024,0.027179576456546783,0.19106823205947876,0,0.00037723779678344727,0.0003771947813220322
"batch1_0_127|(0,4)",batch1_0_127,0,0,4,"(0, 4)",0,16,0.41025641025641024,0.16831032215647598,0.028993787243962288,0.2004985809326172,0,0.00032508373260498047,0.00032507942523807287
"batch1_0_127|(0,4)",batch1_0_127,0,0,4,"(0, 4)",0,17,0.4358974358974359,0.19000657462195925,0.030818739905953407,0.2097831517457962,0,0.00026977062225341797,0.0002697700110729784
"batch1_0_127|(0,4)",batch1_0_127,0,0,4,"(0, 4)",0,18,0.46153846153846156,0.21301775147928997,0.03265447914600372,0.21891754865646362,0,0.0002205371856689453,0.0002206035132985562
"batch1_0_127|(0,4)",batch1_0_127,0,0,4,"(0, 4)",0,19,0.48717948717948717,0.2373438527284681,0.03449844941496849,0.22793102264404297,0,0.00017064809799194336,0.0001707074261503294
"batch1_0_127|(0,4)",batch1_0_127,0,0,4,"(0, 4)",0,20,0.5128205128205128,0.2629848783694937,0.03635261207818985,0.23680301010608673,0,0.00011980533599853516,0.00011979239934589714
"batch1_0_127|(0,4)",batch1_0_127,0,0,4,"(0, 4)",0,21,0.5384615384615384,0.28994082840236685,0.03821874037384987,0.2455887347459793,0,7.170438766479492e-05,7.182083209045231e-05
"batch1_0_127|(0,4)",batch1_0_127,0,0,4,"(0, 4)",0,22,0.5641025641025641,0.31821170282708744,0.040091484785079956,0.2542160153388977,0,3.2007694244384766e-05,3.206700785085559e-05
"batch1_0_127|(0,4)",batch1_0_127,0,0,4,"(0, 4)",0,23,0.5897435897435898,0.3477975016436555,0.04196825996041298,0.26270997524261475,1,-1.2576580047607422e-05,-1.2550256542454008e-05
"batch1_0_127|(0,5)",batch1_0_127,0,0,5,"(0, 5)",0,0,0.0,0.0,0.0,0.0,0,0.001269221305847168,0.0012693124590441585
"batch1_0_127|(0,5)",batch1_0_127,0,0,5,"(0, 5)",0,1,0.02564102564102564,0.0006574621959237343,0.0020103324204683304,0.017079152166843414,0,0.001192927360534668,0.001193013391457498
"batch1_0_127|(0,5)",batch1_0_127,0,0,5,"(0, 5)",0,2,0.05128205128205128,0.0026298487836949372,0.0039778160862624645,0.033676281571388245,0,0.001114964485168457,0.001115043181926012
"batch1_0_127|(0,5)",batch1_0_127,0,0,5,"(0, 5)",0,3,0.07692307692307693,0.00591715976331361,0.005912541877478361,0.04973037540912628,0,0.0010595321655273438,0.0010595807107165456
"batch1_0_127|(0,5)",batch1_0_127,0,0,5,"(0, 5)",0,4,0.10256410256410256,0.010519395134779749,0.007813449017703533,0.06506790965795517,0,0.0009759664535522461,0.0009759418317116797
"batch1_0_127|(0,5)",batch1_0_127,0,0,5,"(0, 5)",0,5,0.1282051282051282,0.016436554898093356,0.00968790240585804,0.07978488504886627,0,0.0008969902992248535,0.0008970944909378886
"batch1_0_127|(0,5)",batch1_0_127,0,0,5,"(0, 5)",0,6,0.15384615384615385,0.02366863905325444,0.011543177999556065,0.09365449100732803,0,0.0008134841918945312,0.0008135540992952883
"batch1_0_127|(0,5)",batch1_0_127,0,0,5,"(0, 5)",0,7,0.1794871794871795,0.032215647600262985,0.013379308395087719,0.1066095307469368,0,0.0007273554801940918,0.0007273813826031983
"batch1_0_127|(0,5)",batch1_0_127,0,0,5,"(0, 5)",0,8,0.20512820512820512,0.042077580539118996,0.015203126706182957,0.11888493597507477,0,0.0006526708602905273,0.000652707414701581
"batch1_0_127|(0,5)",batch1_0_127,0,0,5,"(0, 5)",0,9,0.23076923076923078,0.053254437869822494,0.01702377013862133,0.1305491179227829,0,0.0005859136581420898,0.0005859861266799271
"batch1_0_127|(0,5)",batch1_0_127,0,0,5,"(0, 5)",0,10,0.2564102564102564,0.06574621959237342,0.01884467899799347,0.14177341759204865,0,0.0005266666412353516,0.0005266705411486328
"batch1_0_127|(0,5)",batch1_0_127,0,0,5,"(0, 5)",0,11,0.28205128205128205,0.07955292570677186,0.020672209560871124,0.15260513126850128,0,0.000471651554107666,0.00047169713070616126
"batch1_0_127|(0,5)",batch1_0_127,0,0,5,"(0, 5)",0,12,0.3076923076923077,0.09467455621301776,0.02250825986266136,0.1631210893392563,0,0.00041037797927856445,0.0004103943065274507
"batch1_0_127|(0,5)",batch1_0_127,0,0,5,"(0, 5)",0,13,0.3333333333333333,0.1111111111111111,0.02434837818145752,0.17329485714435577,0,0.0003661513328552246,0.00036618515150621533
"batch1_0_127|(0,5)",batch1_0_127,0,0,5,"(0, 5)",0,14,0.358974358974359,0.12886259040105194,0.02619216777384281,0.1831303834915161,0,0.0003260374069213867,0.0003260223602410406
"batch1_0_127|(0,5)",batch1_0_127,0,0,5,"(0, 5)",0,15,0.38461538461538464,0.14792899408284024,0.028042608872056007,0.1926383376121521,0,0.0002810955047607422,0.0002811358426697552
"batch1_0_127|(0,5)",batch1_0_127,0,0,5,"(0, 5)",0,16,0.41025641025641024,0.16831032215647598,0.029896782711148262,0.20189045369625092,0,0.0002484321594238281,0.00024843771825544536
"batch1_0_127|(0,5)",batch1_0_127,0,0,5,"(0, 5)",0,17,0.4358974358974359,0.19000657462195925,0.031752809882164,0.21099768579006195,0,0.00021380186080932617,0.00021383202692959458
"batch1_0_127|(0,5)",batch1_0_127,0,0,5,"(0, 5)",0,18,0.46153846153846156,0.21301775147928997,0.033611707389354706,0.2199980616569519,0,0.00018668174743652344,0.0001867247192421928
"batch1_0_127|(0,5)",batch1_0_127,0,0,5,"(0, 5)",0,19,0.48717948717948717,0.2373438527284681,0.03547189012169838,0.2289097011089325,0,0.00015306472778320312,0.0001531049783807248
"batch1_0_127|(0,5)",batch1_0_127,0,0,5,"(0, 5)",0,20,0.5128205128205128,0.2629848783694937,0.03733019158244133,0.23775464296340942,0,0.00011283159255981445,0.00011291289411019534
"batch1_0_127|(0,5)",batch1_0_127,0,0,5,"(0, 5)",0,21,0.5384615384615384,0.28994082840236685,0.0391831174492836,0.24649785459041595,0,8.767843246459961e-05,8.770831482252106e-05
"batch1_0_127|(0,5)",batch1_0_127,0,0,5,"(0, 5)",0,22,0.5641025641025641,0.31821170282708744,0.041028596460819244,0.2551434338092804,0,5.990266799926758e-05,5.9934380260528997e-05
"batch1_0_127|(0,5)",batch1_0_127,0,0,5,"(0, 5)",0,23,0.5897435897435898,0.3477975016436555,0.0428619347512722,0.2636590898036957,0,3.4809112548828125e-05,3.4790624340530485e-05
"batch1_0_127|(0,5)",batch1_0_127,0,0,5,"(0, 5)",0,24,0.6153846153846154,0.37869822485207105,0.044681623578071594,0.2720566391944885,0,1.239776611328125e-05,1.2421294741216116e-05
"batch1_0_127|(0,5)",batch1_0_127,0,0,5,"(0, 5)",0,25,0.6410256410256411,0.4109138724523341,0.04648234695196152,0.28031066060066223,1,-1.1742115020751953e-05,-1.1652749890345149e-05
"batch1_0_127|(0,6)",batch1_0_127,0,0,6,"(0, 6)",0,0,0.0,0.0,0.0,0.0,0,0.0029172897338867188,0.002917878795415163
"batch1_0_127|(0,6)",batch1_0_127,0,0,6,"(0, 6)",0,1,0.02564102564102564,0.0006574621959237343,0.0020257816649973392,0.015268456190824509,0,0.002470254898071289,0.0024705713149160147
"batch1_0_127|(0,6)",batch1_0_127,0,0,6,"(0, 6)",0,2,0.05128205128205128,0.0026298487836949372,0.003994825296103954,0.030102688819169998,0,0.002111196517944336,0.0021114866249263287
"batch1_0_127|(0,6)",batch1_0_127,0,0,6,"(0, 6)",0,3,0.07692307692307693,0.00591715976331361,0.005911694373935461,0.04446153715252876,0,0.001843571662902832,0.001843842095695436
"batch1_0_127|(0,6)",batch1_0_127,0,0,6,"(0, 6)",0,4,0.10256410256410256,0.010519395134779749,0.007789624854922295,0.058387525379657745,0,0.0016199350357055664,0.001619901624508202
"batch1_0_127|(0,6)",batch1_0_127,0,0,6,"(0, 6)",0,5,0.1282051282051282,0.016436554898093356,0.00963336881250143,0.07187294960021973,0,0.0014235973358154297,0.0014238457661122084
"batch1_0_127|(0,6)",batch1_0_127,0,0,6,"(0, 6)",0,6,0.15384615384615385,0.02366863905325444,0.011445981450378895,0.08492038398981094,0,0.001252293586730957,0.0012523019686341286
"batch1_0_127|(0,6)",batch1_0_127,0,0,6,"(0, 6)",0,7,0.1794871794871795,0.032215647600262985,0.013230567798018456,0.09753069281578064,0,0.0011172294616699219,0.001117305364459753
"batch1_0_127|(0,6)",batch1_0_127,0,0,6,"(0, 6)",0,8,0.20512820512820512,0.042077580539118996,0.014994989149272442,0.10980326682329178,0,0.000995635986328125,0.0009957121219485998
"batch1_0_127|(0,6)",batch1_0_127,0,0,6,"(0, 6)",0,9,0.23076923076923078,0.053254437869822494,0.016741136088967323,0.1217353492975235,0,0.0008955001831054688,0.0008956859819591045
"batch1_0_127|(0,6)",batch1_0_127,0,0,6,"(0, 6)",0,10,0.2564102564102564,0.06574621959237342,0.018474675714969635,0.1332676112651825,0,0.0008007287979125977,0.0008008279837667942
"batch1_0_127|(0,6)",batch1_0_127,0,0,6,"(0, 6)",0,11,0.28205128205128205,0.07955292570677186,0.020201196894049644,0.14448249340057373,0,0.0007175207138061523,0.0007175883511081338
"batch1_0_127|(0,6)",batch1_0_127,0,0,6,"(0, 6)",0,12,0.3076923076923077,0.09467455621301776,0.021925317123532295,0.1553778499364853,0,0.0006384849548339844,0.0006384077132679522
"batch1_0_127|(0,6)",batch1_0_127,0,0,6,"(0, 6)",0,13,0.3333333333333333,0.1111111111111111,0.023652303963899612,0.16607169806957245,0,0.000576019287109375,0.000576028018258512
"batch1_0_127|(0,6)",batch1_0_127,0,0,6,"(0, 6)",0,14,0.358974358974359,0.12886259040105194,0.02538270503282547,0.1765037626028061,0,0.0005185604095458984,0.0005186658818274736
"batch1_0_127|(0,6)",batch1_0_127,0,0,6,"(0, 6)",0,15,0.38461538461538464,0.14792899408284024,0.027119014412164688,0.18664558231830597,0,0.0004725456237792969,0.00047255874960683286
"batch1_0_127|(0,6)",batch1_0_127,0,0,6,"(0, 6)",0,16,0.41025641025641024,0.16831032215647598,0.028860459104180336,0.19644585251808167,0,0.0004240274429321289,0.000424004509113729
"batch1_0_127|(0,6)",batch1_0_127,0,0,6,"(0, 6)",0,17,0.4358974358974359,0.19000657462195925,0.030610259622335434,0.2059846669435501,0,0.00036793947219848633,0.00036789130535908043
"batch1_0_127|(0,6)",batch1_0_127,0,0,6,"(0, 6)",0,18,0.46153846153846156,0.21301775147928997,0.03236689791083336,0.2152273952960968,0,0.0003230571746826172,0.0003230578440707177
"batch1_0_127|(0,6)",batch1_0_127,0,0,6,"(0, 6)",0,19,0.48717948717948717,0.2373438527284681,0.034132421016693115,0.22425484657287598,0,0.00028324127197265625,0.0002833440084941685
"batch1_0_127|(0,6)",batch1_0_127,0,0,6,"(0, 6)",0,20,0.5128205128205128,0.2629848783694937,0.035903118550777435,0.2330678552389145,0,0.00024640560150146484,0.00024641145137138665
"batch1_0_127|(0,6)",batch1_0_127,0,0,6,"(0, 6)",0,21,0.5384615384615384,0.28994082840236685,0.03767988458275795,0.24168330430984497,0,0.00020891427993774414,0.0002089212357532233
"batch1_0_127|(0,6)",batch1_0_127,0,0,6,"(0, 6)",0,22,0.5641025641025641,0.31821170282708744,0.039461057633161545,0.25010544061660767,0,0.00018584728240966797,0.00018590825493447483
"batch1_0_127|(0,6)",batch1_0_127,0,0,6,"(0, 6)",0,23,0.5897435897435898,0.3477975016436555,0.04124215245246887,0.2583763599395752,0,0.00016486644744873047,0.0001648981706239283
"batch1_0_127|(0,6)",batch1_0_127,0,0,6,"(0, 6)",0,24,0.6153846153846154,0.37869822485207105,0.0430227555334568,0.26653212308883667,0,0.00014036893844604492,0.00014038279186934233
"batch1_0_127|(0,6)",batch1_0_127,0,0,6,"(0, 6)",0,25,0.6410256410256411,0.4109138724523341,0.04480130225419998,0.27456799149513245,0,0.00011730194091796875,0.00011733968858607113
"batch1_0_127|(0,6)",batch1_0_127,0,0,6,"(0, 6)",0,26,0.6666666666666666,0.4444444444444444,0.04657592996954918,0.28249236941337585,0,0.00010317564010620117,0.00010330485383747146
"batch1_0_127|(0,6)",batch1_0_127,0,0,6,"(0, 6)",0,27,0.6923076923076923,0.4792899408284023,0.048343781381845474,0.2902865409851074,0,9.02414321899414e-05,9.030204091686755e-05
"batch1_0_127|(0,6)",batch1_0_127,0,0,6,"(0, 6)",0,28,0.717948717948718,0.5154503616042078,0.05010468512773514,0.29796871542930603,0,7.432699203491211e-05,7.443800859618932e-05
"batch1_0_127|(0,6)",batch1_0_127,0,0,6,"(0, 6)",0,29,0.7435897435897436,0.5529257067718607,0.05185632407665253,0.305554062128067,0,6.74128532409668e-05,6.741460674675182e-05
"batch1_0_127|(0,6)",batch1_0_127,0,0,6,"(0, 6)",0,30,0.7692307692307693,0.591715976331361,0.0535963773727417,0.31299903988838196,0,5.799531936645508e-05,5.796164259663783e-05
"batch1_0_127|(0,6)",batch1_0_127,0,0,6,"(0, 6)",0,31,0.7948717948717948,0.6318211702827087,0.055322952568531036,0.32031378149986267,0,5.841255187988281e-05,5.843464168719947e-05
"batch1_0_127|(0,6)",batch1_0_127,0,0,6,"(0, 6)",0,32,0.8205128205128205,0.6732412886259039,0.05703587830066681,0.32750600576400757,0,4.756450653076172e-05,4.762772368849255e-05
"batch1_0_127|(0,6)",batch1_0_127,0,0,6,"(0, 6)",0,33,0.8461538461538461,0.7159763313609467,0.05873182415962219,0.33456408977508545,0,4.303455352783203e-05,4.3141051719430834e-05
"batch1_0_127|(0,6)",batch1_0_127,0,0,6,"(0, 6)",0,34,0.8717948717948718,0.760026298487837,0.0604090690612793,0.34147751331329346,0,3.504753112792969e-05,3.506650682538748e-05
"batch1_0_127|(0,6)",batch1_0_127,0,0,6,"(0, 6)",0,35,0.8974358974358975,0.8053911900065747,0.062064964324235916,0.3482538163661957,0,3.057718276977539e-05,3.0565843189833686e-05
"batch1_0_127|(0,6)",batch1_0_127,0,0,6,"(0, 6)",0,36,0.9230769230769231,0.8520710059171599,0.06369715929031372,0.35488688945770264,0,2.485513687133789e-05,2.492605744919274e-05
"batch1_0_127|(0,6)",batch1_0_127,0,0,6,"(0, 6)",0,37,0.9487179487179487,0.9000657462195923,0.06530451774597168,0.3613680303096771,0,2.3305416107177734e-05,2.3348671675194055e-05
"batch1_0_127|(0,6)",batch1_0_127,0,0,6,"(0, 6)",0,38,0.9743589743589743,0.9493754109138725,0.06688795983791351,0.36771026253700256,0,2.384185791015625e-05,2.3882961613708176e-05
"batch1_0_127|(0,6)",batch1_0_127,0,0,6,"(0, 6)",0,39,1.0,1.0,0.06844441592693329,0.37391048669815063,0,1.9788742065429688e-05,1.984521259146277e-05
"batch1_0_127|(0,7)",batch1_0_127,0,0,7,"(0, 7)",1,0,0.0,0.0,0.0,0.0,0,0.0021704435348510742,0.002170706167817116
"batch1_0_127|(0,7)",batch1_0_127,0,0,7,"(0, 7)",1,1,0.02564102564102564,0.0006574621959237343,0.002155325375497341,0.017117658630013466,0,0.001946091651916504,0.0019463921198621392
"batch1_0_127|(0,7)",batch1_0_127,0,0,7,"(0, 7)",1,2,0.05128205128205128,0.0026298487836949372,0.004248892888426781,0.03386351838707924,0,0.0017807483673095703,0.001780934864655137
"batch1_0_127|(0,7)",batch1_0_127,0,0,7,"(0, 7)",1,3,0.07692307692307693,0.00591715976331361,0.006276397034525871,0.05011574178934097,0,0.0016131401062011719,0.0016133674653246999
"batch1_0_127|(0,7)",batch1_0_127,0,0,7,"(0, 7)",1,4,0.10256410256410256,0.010519395134779749,0.00824014376848936,0.06562107056379318,0,0.0014286041259765625,0.001428888994269073
"batch1_0_127|(0,7)",batch1_0_127,0,0,7,"(0, 7)",1,5,0.1282051282051282,0.016436554898093356,0.01013327855616808,0.08020341396331787,0,0.0012619495391845703,0.0012620404595509171
"batch1_0_127|(0,7)",batch1_0_127,0,0,7,"(0, 7)",1,6,0.15384615384615385,0.02366863905325444,0.011968658305704594,0.09387893229722977,0,0.001105189323425293,0.0011053518392145634
"batch1_0_127|(0,7)",batch1_0_127,0,0,7,"(0, 7)",1,7,0.1794871794871795,0.032215647600262985,0.013756719417870045,0.10669055581092834,0,0.0009686946868896484,0.0009686690755188465
"batch1_0_127|(0,7)",batch1_0_127,0,0,7,"(0, 7)",1,8,0.20512820512820512,0.042077580539118996,0.015510434284806252,0.11872848123311996,0,0.0008494853973388672,0.0008494631620123982
"batch1_0_127|(0,7)",batch1_0_127,0,0,7,"(0, 7)",1,9,0.23076923076923078,0.053254437869822494,0.017238683998584747,0.13016214966773987,0,0.000744938850402832,0.000745055265724659
"batch1_0_127|(0,7)",batch1_0_127,0,0,7,"(0, 7)",1,10,0.2564102564102564,0.06574621959237342,0.01894579455256462,0.1410665661096573,0,0.0006387233734130859,0.0006387027096934617
"batch1_0_127|(0,7)",batch1_0_127,0,0,7,"(0, 7)",1,11,0.28205128205128205,0.07955292570677186,0.020638277754187584,0.15148714184761047,0,0.0005421638488769531,0.0005422621034085751
"batch1_0_127|(0,7)",batch1_0_127,0,0,7,"(0, 7)",1,12,0.3076923076923077,0.09467455621301776,0.02232229709625244,0.16146068274974823,0,0.00045180320739746094,0.00045188702642917633
"batch1_0_127|(0,7)",batch1_0_127,0,0,7,"(0, 7)",1,13,0.3333333333333333,0.1111111111111111,0.024004390463232994,0.17109744250774384,0,0.00037539005279541016,0.0003754550707526505
"batch1_0_127|(0,7)",batch1_0_127,0,0,7,"(0, 7)",1,14,0.358974358974359,0.12886259040105194,0.025689059868454933,0.18038682639598846,0,0.0003211498260498047,0.00032116108923219144
"batch1_0_127|(0,7)",batch1_0_127,0,0,7,"(0, 7)",1,15,0.38461538461538464,0.14792899408284024,0.027379540726542473,0.189443439245224,0,0.00024330615997314453,0.00024334387853741646
"batch1_0_127|(0,7)",batch1_0_127,0,0,7,"(0, 7)",1,16,0.41025641025641024,0.16831032215647598,0.029073234647512436,0.19816233217716217,0,0.0001704692840576172,0.0001703936723060906
"batch1_0_127|(0,7)",batch1_0_127,0,0,7,"(0, 7)",1,17,0.4358974358974359,0.19000657462195925,0.030772630125284195,0.20658698678016663,0,0.00011014938354492188,0.00011000024824170396
"batch1_0_127|(0,7)",batch1_0_127,0,0,7,"(0, 7)",1,18,0.46153846153846156,0.21301775147928997,0.03248339146375656,0.2148631364107132,0,4.0411949157714844e-05,4.032700599054806e-05
"batch1_0_127|(0,7)",batch1_0_127,0,0,7,"(0, 7)",1,19,0.48717948717948717,0.2373438527284681,0.034203000366687775,0.22291798889636993,1,-4.0531158447265625e-06,-3.982464477303438e-06
"batch1_0_127|(1,2)",batch1_0_127,0,1,2,"(1, 2)",0,0,0.0,0.0,0.0,0.0,0,0.001156449317932129,0.001156581100076437
"batch1_0_127|(1,2)",batch1_0_127,0,1,2,"(1, 2)",0,1,0.02564102564102564,0.0006574621959237343,0.001844664802774787,0.01616206020116806,0,0.0010991096496582031,0.0010992074385285378
"batch1_0_127|(1,2)",batch1_0_127,0,1,2,"(1, 2)",0,2,0.05128205128205128,0.0026298487836949372,0.0036386530846357346,0.03199654072523117,0,0.001019120216369629,0.0010191197507083416
"batch1_0_127|(1,2)",batch1_0_127,0,1,2,"(1, 2)",0,3,0.07692307692307693,0.00591715976331361,0.0053879208862781525,0.04724309965968132,0,0.0009524822235107422,0.0009525567293167114
"batch1_0_127|(1,2)",batch1_0_127,0,1,2,"(1, 2)",0,4,0.10256410256410256,0.010519395134779749,0.007094630505889654,0.061782412230968475,0,0.0008949041366577148,0.0008949972689151764
"batch1_0_127|(1,2)",batch1_0_127,0,1,2,"(1, 2)",0,5,0.1282051282051282,0.016436554898093356,0.00876997597515583,0.07574819773435593,0,0.0008504390716552734,0.0008505745208822191
"batch1_0_127|(1,2)",batch1_0_127,0,1,2,"(1, 2)",0,6,0.15384615384615385,0.02366863905325444,0.010423779487609863,0.08924137055873871,0,0.0008189678192138672,0.0008190284133888781
"batch1_0_127|(1,2)",batch1_0_127,0,1,2,"(1, 2)",0,7,0.1794871794871795,0.032215647600262985,0.012064878828823566,0.1024177074432373,0,0.0007938146591186523,0.0007940098876133561
"batch1_0_127|(1,2)",batch1_0_127,0,1,2,"(1, 2)",0,8,0.20512820512820512,0.042077580539118996,0.013695080764591694,0.1151672750711441,0,0.0007727146148681641,0.0007727037882432342
"batch1_0_127|(1,2)",batch1_0_127,0,1,2,"(1, 2)",0,9,0.23076923076923078,0.053254437869822494,0.015322631224989891,0.1275510936975479,0,0.0007386207580566406,0.0007385879871435463
"batch1_0_127|(1,2)",batch1_0_127,0,1,2,"(1, 2)",0,10,0.2564102564102564,0.06574621959237342,0.016950104385614395,0.13960619270801544,0,0.0007103681564331055,0.0007105288677848876
"batch1_0_127|(1,2)",batch1_0_127,0,1,2,"(1, 2)",0,11,0.28205128205128205,0.07955292570677186,0.018581384792923927,0.15137474238872528,0,0.0006879568099975586,0.0006881068693473935
"batch1_0_127|(1,2)",batch1_0_127,0,1,2,"(1, 2)",0,12,0.3076923076923077,0.09467455621301776,0.020220207050442696,0.1629193127155304,0,0.0006595849990844727,0.0006595724844373763
"batch1_0_127|(1,2)",batch1_0_127,0,1,2,"(1, 2)",0,13,0.3333333333333333,0.1111111111111111,0.02186688967049122,0.17419573664665222,0,0.0006257295608520508,0.0006257487111724913
"batch1_0_127|(1,2)",batch1_0_127,0,1,2,"(1, 2)",0,14,0.358974358974359,0.12886259040105194,0.023521119728684425,0.1852906048297882,0,0.0005793571472167969,0.0005794500466436148
"batch1_0_127|(1,2)",batch1_0_127,0,1,2,"(1, 2)",0,15,0.38461538461538464,0.14792899408284024,0.02518206089735031,0.19619227945804596,0,0.0005371570587158203,0.0005371792358346283
"batch1_0_127|(1,2)",batch1_0_127,0,1,2,"(1, 2)",0,16,0.41025641025641024,0.16831032215647598,0.02684950642287731,0.2069362848997116,0,0.0004824399948120117,0.0004825547512155026
"batch1_0_127|(1,2)",batch1_0_127,0,1,2,"(1, 2)",0,17,0.4358974358974359,0.19000657462195925,0.028521694242954254,0.21748007833957672,0,0.0004334449768066406,0.0004334508557803929
"batch1_0_127|(1,2)",batch1_0_127,0,1,2,"(1, 2)",0,18,0.46153846153846156,0.21301775147928997,0.030195629224181175,0.22785116732120514,0,0.00037169456481933594,0.0003717979125212878
"batch1_0_127|(1,2)",batch1_0_127,0,1,2,"(1, 2)",0,19,0.48717948717948717,0.2373438527284681,0.03186727315187454,0.23809023201465607,0,0.00030744075775146484,0.0003075473941862583
"batch1_0_127|(1,2)",batch1_0_127,0,1,2,"(1, 2)",0,20,0.5128205128205128,0.2629848783694937,0.033532001078128815,0.2481144219636917,0,0.00023245811462402344,0.00023267518554348499
"batch1_0_127|(1,2)",batch1_0_127,0,1,2,"(1, 2)",0,21,0.5384615384615384,0.28994082840236685,0.03518813103437424,0.25783291459083557,0,0.00015306472778320312,0.00015307367721106857
"batch1_0_127|(1,2)",batch1_0_127,0,1,2,"(1, 2)",0,22,0.5641025641025641,0.31821170282708744,0.03683225437998772,0.2672710120677948,0,6.699562072753906e-05,6.706501881126314e-05
"batch1_0_127|(1,2)",batch1_0_127,0,1,2,"(1, 2)",0,23,0.5897435897435898,0.3477975016436555,0.0384623147547245,0.2765039801597595,1,-1.2874603271484375e-05,-1.2701968444162048e-05
"batch1_0_127|(1,3)",batch1_0_127,0,1,3,"(1, 3)",0,0,0.0,0.0,0.0,0.0,0,0.0011245012283325195,0.0011246893554925919
"batch1_0_127|(1,3)",batch1_0_127,0,1,3,"(1, 3)",0,1,0.02564102564102564,0.0006574621959237343,0.0018868751358240843,0.015551160089671612,0,0.0010565519332885742,0.0010566611308604479
"batch1_0_127|(1,3)",batch1_0_127,0,1,3,"(1, 3)",0,2,0.05128205128205128,0.0026298487836949372,0.003723623463883996,0.030701426789164543,0,0.0010173320770263672,0.0010173399932682514
"batch1_0_127|(1,3)",batch1_0_127,0,1,3,"(1, 3)",0,3,0.07692307692307693,0.00591715976331361,0.005522649269551039,0.04557476565241814,0,0.0009832382202148438,0.0009833208750933409
"batch1_0_127|(1,3)",batch1_0_127,0,1,3,"(1, 3)",0,4,0.10256410256410256,0.010519395134779749,0.0072863539680838585,0.06018538400530815,0,0.0009317398071289062,0.0009319224045611918
"batch1_0_127|(1,3)",batch1_0_127,0,1,3,"(1, 3)",0,5,0.1282051282051282,0.016436554898093356,0.009016050957143307,0.07450901716947556,0,0.0009049177169799805,0.0009050010121427476
"batch1_0_127|(1,3)",batch1_0_127,0,1,3,"(1, 3)",0,6,0.15384615384615385,0.02366863905325444,0.010722863487899303,0.08863694965839386,0,0.0008828639984130859,0.0008830047445371747
"batch1_0_127|(1,3)",batch1_0_127,0,1,3,"(1, 3)",0,7,0.1794871794871795,0.032215647600262985,0.012411616742610931,0.10239598155021667,0,0.0008668899536132812,0.0008670250535942614
"batch1_0_127|(1,3)",batch1_0_127,0,1,3,"(1, 3)",0,8,0.20512820512820512,0.042077580539118996,0.014086751267313957,0.11574111878871918,0,0.0008498430252075195,0.0008499500108882785
"batch1_0_127|(1,3)",batch1_0_127,0,1,3,"(1, 3)",0,9,0.23076923076923078,0.053254437869822494,0.015752002596855164,0.12859869003295898,0,0.0008263587951660156,0.0008264374919235706
"batch1_0_127|(1,3)",batch1_0_127,0,1,3,"(1, 3)",0,10,0.2564102564102564,0.06574621959237342,0.017408909276127815,0.14111557602882385,0,0.0008008480072021484,0.0008007508586160839
"batch1_0_127|(1,3)",batch1_0_127,0,1,3,"(1, 3)",0,11,0.28205128205128205,0.07955292570677186,0.019059719517827034,0.15323375165462494,0,0.0007891654968261719,0.0007892805733717978
"batch1_0_127|(1,3)",batch1_0_127,0,1,3,"(1, 3)",0,12,0.3076923076923077,0.09467455621301776,0.02071053721010685,0.16505363583564758,0,0.0007550716400146484,0.0007551326416432858
"batch1_0_127|(1,3)",batch1_0_127,0,1,3,"(1, 3)",0,13,0.3333333333333333,0.1111111111111111,0.022358998656272888,0.17646166682243347,0,0.0007303953170776367,0.0007304875762201846
"batch1_0_127|(1,3)",batch1_0_127,0,1,3,"(1, 3)",0,14,0.358974358974359,0.12886259040105194,0.024007633328437805,0.18759480118751526,0,0.0006777048110961914,0.0006777800736017525
"batch1_0_127|(1,3)",batch1_0_127,0,1,3,"(1, 3)",0,15,0.38461538461538464,0.14792899408284024,0.025652481243014336,0.19840246438980103,0,0.0006229877471923828,0.000623157771769911
"batch1_0_127|(1,3)",batch1_0_127,0,1,3,"(1, 3)",0,16,0.41025641025641024,0.16831032215647598,0.027293246239423752,0.20885290205478668,0,0.0005965232849121094,0.0005965413874946535
"batch1_0_127|(1,3)",batch1_0_127,0,1,3,"(1, 3)",0,17,0.4358974358974359,0.19000657462195925,0.028933003544807434,0.21909119188785553,0,0.0005314350128173828,0.0005312460707500577
"batch1_0_127|(1,3)",batch1_0_127,0,1,3,"(1, 3)",0,18,0.46153846153846156,0.21301775147928997,0.030562138184905052,0.22904056310653687,0,0.0004323720932006836,0.00043240515515208244
"batch1_0_127|(1,3)",batch1_0_127,0,1,3,"(1, 3)",0,19,0.48717948717948717,0.2373438527284681,0.03217807784676552,0.23865702748298645,0,0.0003681182861328125,0.00036837963853031397
"batch1_0_127|(1,3)",batch1_0_127,0,1,3,"(1, 3)",0,20,0.5128205128205128,0.2629848783694937,0.033781714737415314,0.24803969264030457,0,0.0002758502960205078,0.0002759054477792233
"batch1_0_127|(1,3)",batch1_0_127,0,1,3,"(1, 3)",0,21,0.5384615384615384,0.28994082840236685,0.03537394106388092,0.25719112157821655,0,0.0001876354217529297,0.00018774157797452062
"batch1_0_127|(1,3)",batch1_0_127,0,1,3,"(1, 3)",0,22,0.5641025641025641,0.31821170282708744,0.03695201873779297,0.2661687731742859,0,0.00011110305786132812,0.00011109193292213604
"batch1_0_127|(1,3)",batch1_0_127,0,1,3,"(1, 3)",0,23,0.5897435897435898,0.3477975016436555,0.038515280932188034,0.2749289274215698,0,6.318092346191406e-06,6.406483862519963e-06
"batch1_0_127|(1,3)",batch1_0_127,0,1,3,"(1, 3)",0,24,0.6153846153846154,0.37869822485207105,0.040060754865407944,0.2834450304508209,1,-8.046627044677734e-05,-8.030502067413181e-05
"batch1_0_127|(1,4)",batch1_0_127,0,1,4,"(1, 4)",0,0,0.0,0.0,0.0,0.0,0,0.0019916296005249023,0.001992288511246443
"batch1_0_127|(1,4)",batch1_0_127,0,1,4,"(1, 4)",0,1,0.02564102564102564,0.0006574621959237343,0.001876308349892497,0.017655298113822937,0,0.0015578269958496094,0.001557956333272159
"batch1_0_127|(1,4)",batch1_0_127,0,1,4,"(1, 4)",0,2,0.05128205128205128,0.0026298487836949372,0.0036829605232924223,0.03481784835457802,0,0.0012687444686889648,0.001269003958441317
"batch1_0_127|(1,4)",batch1_0_127,0,1,4,"(1, 4)",0,3,0.07692307692307693,0.00591715976331361,0.00542124267667532,0.051152873784303665,0,0.0010535717010498047,0.001053658896125853
"batch1_0_127|(1,4)",batch1_0_127,0,1,4,"(1, 4)",0,4,0.10256410256410256,0.010519395134779749,0.007098291534930468,0.0664251521229744,0,0.0009255409240722656,0.000925504311453551
"batch1_0_127|(1,4)",batch1_0_127,0,1,4,"(1, 4)",0,5,0.1282051282051282,0.016436554898093356,0.008740921504795551,0.08095566183328629,0,0.0008169412612915039,0.0008168916101567447
"batch1_0_127|(1,4)",batch1_0_127,0,1,4,"(1, 4)",0,6,0.15384615384615385,0.02366863905325444,0.010362760163843632,0.0946430116891861,0,0.0007486343383789062,0.0007488157716579735
"batch1_0_127|(1,4)",batch1_0_127,0,1,4,"(1, 4)",0,7,0.1794871794871795,0.032215647600262985,0.011982228606939316,0.10775024443864822,0,0.0007017850875854492,0.0007017884054221213
"batch1_0_127|(1,4)",batch1_0_127,0,1,4,"(1, 4)",0,8,0.20512820512820512,0.042077580539118996,0.01360846497118473,0.12028791010379791,0,0.0006518363952636719,0.0006518177106045187
"batch1_0_127|(1,4)",batch1_0_127,0,1,4,"(1, 4)",0,9,0.23076923076923078,0.053254437869822494,0.015245987102389336,0.13246764242649078,0,0.000614166259765625,0.0006142826750874519
"batch1_0_127|(1,4)",batch1_0_127,0,1,4,"(1, 4)",0,10,0.2564102564102564,0.06574621959237342,0.01689879782497883,0.14439286291599274,0,0.0005753040313720703,0.0005752891884185374
"batch1_0_127|(1,4)",batch1_0_127,0,1,4,"(1, 4)",0,11,0.28205128205128205,0.07955292570677186,0.01856929436326027,0.15609538555145264,0,0.0005497932434082031,0.0005498197861015797
"batch1_0_127|(1,4)",batch1_0_127,0,1,4,"(1, 4)",0,12,0.3076923076923077,0.09467455621301776,0.02026081643998623,0.1676906794309616,0,0.0005004405975341797,0.0005004206323064864
"batch1_0_127|(1,4)",batch1_0_127,0,1,4,"(1, 4)",0,13,0.3333333333333333,0.1111111111111111,0.021967744454741478,0.1790361851453781,0,0.00042235851287841797,0.00042244038195349276
"batch1_0_127|(1,4)",batch1_0_127,0,1,4,"(1, 4)",0,14,0.358974358974359,0.12886259040105194,0.023688776418566704,0.19011414051055908,0,0.00033092498779296875,0.00033105374313890934
"batch1_0_127|(1,4)",batch1_0_127,0,1,4,"(1, 4)",0,15,0.38461538461538464,0.14792899408284024,0.02542022429406643,0.2008695900440216,0,0.00023484230041503906,0.00023494401830248535
"batch1_0_127|(1,4)",batch1_0_127,0,1,4,"(1, 4)",0,16,0.41025641025641024,0.16831032215647598,0.02716127224266529,0.21134448051452637,0,0.00014352798461914062,0.0001434225559933111
"batch1_0_127|(1,4)",batch1_0_127,0,1,4,"(1, 4)",0,17,0.4358974358974359,0.19000657462195925,0.02890731208026409,0.2216014266014099,0,3.5881996154785156e-05,3.6071534850634634e-05
"batch1_0_127|(1,4)",batch1_0_127,0,1,4,"(1, 4)",0,18,0.46153846153846156,0.21301775147928997,0.030658015981316566,0.23165294528007507,1,-7.2479248046875e-05,-7.229832408484071e-05
"batch1_0_127|(1,5)",batch1_0_127,0,1,5,"(1, 5)",0,0,0.0,0.0,0.0,0.0,0,0.0008933544158935547,0.00089357077376917
"batch1_0_127|(1,5)",batch1_0_127,0,1,5,"(1, 5)",0,1,0.02564102564102564,0.0006574621959237343,0.0018459106795489788,0.017279911786317825,0,0.0008411407470703125,0.0008411799208261073
"batch1_0_127|(1,5)",batch1_0_127,0,1,5,"(1, 5)",0,2,0.05128205128205128,0.0026298487836949372,0.003640888025984168,0.03409386798739433,0,0.0008019208908081055,0.0008020239765755832
"batch1_0_127|(1,5)",batch1_0_127,0,1,5,"(1, 5)",0,3,0.07692307692307693,0.00591715976331361,0.005389601457864046,0.050490763038396835,0,0.0007677078247070312,0.0007678735419176519
"batch1_0_127|(1,5)",batch1_0_127,0,1,5,"(1, 5)",0,4,0.10256410256410256,0.010519395134779749,0.007092108950018883,0.06617201119661331,0,0.0007377862930297852,0.0007379869930446148
"batch1_0_127|(1,5)",batch1_0_127,0,1,5,"(1, 5)",0,5,0.1282051282051282,0.016436554898093356,0.008762959390878677,0.08117222040891647,0,0.0007166862487792969,0.000716791080776602
"batch1_0_127|(1,5)",batch1_0_127,0,1,5,"(1, 5)",0,6,0.15384615384615385,0.02366863905325444,0.010418549180030823,0.09564929455518723,0,0.0006928443908691406,0.0006929381634108722
"batch1_0_127|(1,5)",batch1_0_127,0,1,5,"(1, 5)",0,7,0.1794871794871795,0.032215647600262985,0.012065933085978031,0.10956272482872009,0,0.000681757926940918,0.0006818166584707797
"batch1_0_127|(1,5)",batch1_0_127,0,1,5,"(1, 5)",0,8,0.20512820512820512,0.042077580539118996,0.01371458824723959,0.12308913469314575,0,0.0006608963012695312,0.000660994031932205
"batch1_0_127|(1,5)",batch1_0_127,0,1,5,"(1, 5)",0,9,0.23076923076923078,0.053254437869822494,0.015367694199085236,0.1361914426088333,0,0.0006569623947143555,0.0006570081459358335
"batch1_0_127|(1,5)",batch1_0_127,0,1,5,"(1, 5)",0,10,0.2564102564102564,0.06574621959237342,0.017034301534295082,0.14897295832633972,0,0.0006366968154907227,0.0006366981542669237
"batch1_0_127|(1,5)",batch1_0_127,0,1,5,"(1, 5)",0,11,0.28205128205128205,0.07955292570677186,0.018712161108851433,0.16144959628582,0,0.0005892515182495117,0.0005892986664548516
"batch1_0_127|(1,5)",batch1_0_127,0,1,5,"(1, 5)",0,12,0.3076923076923077,0.09467455621301776,0.020398257300257683,0.17360427975654602,0,0.0005348920822143555,0.0005350084393285215
"batch1_0_127|(1,5)",batch1_0_127,0,1,5,"(1, 5)",0,13,0.3333333333333333,0.1111111111111111,0.022089241072535515,0.18538589775562286,0,0.0004647970199584961,0.00046478272997774184
"batch1_0_127|(1,5)",batch1_0_127,0,1,5,"(1, 5)",0,14,0.358974358974359,0.12886259040105194,0.023783454671502113,0.1967465728521347,0,0.00038230419158935547,0.00038235748070292175
"batch1_0_127|(1,5)",batch1_0_127,0,1,5,"(1, 5)",0,15,0.38461538461538464,0.14792899408284024,0.025478119030594826,0.2076914757490158,0,0.00031507015228271484,0.0003150726552121341
"batch1_0_127|(1,5)",batch1_0_127,0,1,5,"(1, 5)",0,16,0.41025641025641024,0.16831032215647598,0.027170291170477867,0.21830493211746216,0,0.00024247169494628906,0.00024264588137157261
"batch1_0_127|(1,5)",batch1_0_127,0,1,5,"(1, 5)",0,17,0.4358974358974359,0.19000657462195925,0.02885640598833561,0.2285989671945572,0,0.0001552104949951172,0.00015524995978921652
"batch1_0_127|(1,5)",batch1_0_127,0,1,5,"(1, 5)",0,18,0.46153846153846156,0.21301775147928997,0.03053177520632744,0.2385464608669281,0,8.07046890258789e-05,8.076385711319745e-05
"batch1_0_127|(1,5)",batch1_0_127,0,1,5,"(1, 5)",0,19,0.48717948717948717,0.2373438527284681,0.03219303861260414,0.2481924444437027,0,1.1444091796875e-05,1.13920232251985e-05
"batch1_0_127|(1,5)",batch1_0_127,0,1,5,"(1, 5)",0,20,0.5128205128205128,0.2629848783694937,0.03383328393101692,0.25749367475509644,1,-5.805492401123047e-05,-5.7932928029913455e-05
"batch1_0_127|(1,6)",batch1_0_127,0,1,6,"(1, 6)",0,0,0.0,0.0,0.0,0.0,0,0.002667665481567383,0.0026683828327804804
"batch1_0_127|(1,6)",batch1_0_127,0,1,6,"(1, 6)",0,1,0.02564102564102564,0.0006574621959237343,0.0019346860935911536,0.015450946986675262,0,0.0022559165954589844,0.002256138250231743
"batch1_0_127|(1,6)",batch1_0_127,0,1,6,"(1, 6)",0,2,0.05128205128205128,0.0026298487836949372,0.0038088050205260515,0.03066607378423214,0,0.0018974542617797852,0.0018977303989231586
"batch1_0_127|(1,6)",batch1_0_127,0,1,6,"(1, 6)",0,3,0.07692307692307693,0.00591715976331361,0.005626618396490812,0.04571627080440521,0,0.0016139745712280273,0.0016142488457262516
"batch1_0_127|(1,6)",batch1_0_127,0,1,6,"(1, 6)",0,4,0.10256410256410256,0.010519395134779749,0.007390197366476059,0.06054602190852165,0,0.0014020204544067383,0.0014024014817550778
"batch1_0_127|(1,6)",batch1_0_127,0,1,6,"(1, 6)",0,5,0.1282051282051282,0.016436554898093356,0.009108709171414375,0.07507015764713287,0,0.0012563467025756836,0.0012565570650622249
"batch1_0_127|(1,6)",batch1_0_127,0,1,6,"(1, 6)",0,6,0.15384615384615385,0.02366863905325444,0.010789457708597183,0.08921059966087341,0,0.001143813133239746,0.0011439926456660032
"batch1_0_127|(1,6)",batch1_0_127,0,1,6,"(1, 6)",0,7,0.1794871794871795,0.032215647600262985,0.012440145015716553,0.1029338538646698,0,0.0010510683059692383,0.001051226630806923
"batch1_0_127|(1,6)",batch1_0_127,0,1,6,"(1, 6)",0,8,0.20512820512820512,0.042077580539118996,0.014067290350794792,0.11626619845628738,0,0.0009735822677612305,0.0009737239452078938
"batch1_0_127|(1,6)",batch1_0_127,0,1,6,"(1, 6)",0,9,0.23076923076923078,0.053254437869822494,0.015676911920309067,0.12921451032161713,0,0.000897526741027832,0.0008976899553090334
"batch1_0_127|(1,6)",batch1_0_127,0,1,6,"(1, 6)",0,10,0.2564102564102564,0.06574621959237342,0.017277132719755173,0.14191219210624695,0,0.0008500814437866211,0.0008501799893565476
"batch1_0_127|(1,6)",batch1_0_127,0,1,6,"(1, 6)",0,11,0.28205128205128205,0.07955292570677186,0.01887240819633007,0.15438325703144073,0,0.0008058547973632812,0.0008060501422733068
"batch1_0_127|(1,6)",batch1_0_127,0,1,6,"(1, 6)",0,12,0.3076923076923077,0.09467455621301776,0.020461859181523323,0.16662169992923737,0,0.0007550716400146484,0.0007551360758952796
"batch1_0_127|(1,6)",batch1_0_127,0,1,6,"(1, 6)",0,13,0.3333333333333333,0.1111111111111111,0.02204878069460392,0.17858178913593292,0,0.0007030963897705078,0.0007030930719338357
"batch1_0_127|(1,6)",batch1_0_127,0,1,6,"(1, 6)",0,14,0.358974358974359,0.12886259040105194,0.02363467402756214,0.1902533620595932,0,0.0006443262100219727,0.0006443547317758203
"batch1_0_127|(1,6)",batch1_0_127,0,1,6,"(1, 6)",0,15,0.38461538461538464,0.14792899408284024,0.025221873074769974,0.20162256062030792,0,0.0005806684494018555,0.0005809192662127316
"batch1_0_127|(1,6)",batch1_0_127,0,1,6,"(1, 6)",0,16,0.41025641025641024,0.16831032215647598,0.02680654264986515,0.21258069574832916,0,0.0005171298980712891,0.0005170874646864831
"batch1_0_127|(1,6)",batch1_0_127,0,1,6,"(1, 6)",0,17,0.4358974358974359,0.19000657462195925,0.028386862948536873,0.2231445014476776,0,0.0004553794860839844,0.0004554726183414459
"batch1_0_127|(1,6)",batch1_0_127,0,1,6,"(1, 6)",0,18,0.46153846153846156,0.21301775147928997,0.029961323365569115,0.23334389925003052,0,0.00039386749267578125,0.0003939814632758498
"batch1_0_127|(1,6)",batch1_0_127,0,1,6,"(1, 6)",0,19,0.48717948717948717,0.2373438527284681,0.03152817487716675,0.24329128861427307,0,0.00032579898834228516,0.00032578487298451364
"batch1_0_127|(1,6)",batch1_0_127,0,1,6,"(1, 6)",0,20,0.5128205128205128,0.2629848783694937,0.03308649733662605,0.2529875636100769,0,0.0002593994140625,0.0002596227277535945
"batch1_0_127|(1,6)",batch1_0_127,0,1,6,"(1, 6)",0,21,0.5384615384615384,0.28994082840236685,0.03463250771164894,0.2624299228191376,0,0.00019085407257080078,0.00019100646022707224
"batch1_0_127|(1,6)",batch1_0_127,0,1,6,"(1, 6)",0,22,0.5641025641025641,0.31821170282708744,0.036164455115795135,0.27163925766944885,0,0.00012791156768798828,0.0001280979486182332
"batch1_0_127|(1,6)",batch1_0_127,0,1,6,"(1, 6)",0,23,0.5897435897435898,0.3477975016436555,0.037676986306905746,0.2805963456630707,0,7.534027099609375e-05,7.55313885747455e-05
"batch1_0_127|(1,6)",batch1_0_127,0,1,6,"(1, 6)",0,24,0.6153846153846154,0.37869822485207105,0.0391690768301487,0.2892656624317169,0,2.0503997802734375e-05,2.0483261323533952e-05
"batch1_0_127|(1,6)",batch1_0_127,0,1,6,"(1, 6)",0,25,0.6410256410256411,0.4109138724523341,0.04063733294606209,0.2975981831550598,1,-1.8358230590820312e-05,-1.8232634829473682e-05
"batch1_0_127|(1,7)",batch1_0_127,0,1,7,"(1, 7)",1,0,0.0,0.0,0.0,0.0,0,0.0017925500869750977,0.0017929725581780076
"batch1_0_127|(1,7)",batch1_0_127,0,1,7,"(1, 7)",1,1,0.02564102564102564,0.0006574621959237343,0.002005163813009858,0.017349550500512123,0,0.0015366077423095703,0.0015369224129244685
"batch1_0_127|(1,7)",batch1_0_127,0,1,7,"(1, 7)",1,2,0.05128205128205128,0.0026298487836949372,0.003936412278562784,0.03430504724383354,0,0.0013779401779174805,0.0013780932640656829
"batch1_0_127|(1,7)",batch1_0_127,0,1,7,"(1, 7)",1,3,0.07692307692307693,0.00591715976331361,0.005798181518912315,0.050865571945905685,0,0.001227736473083496,0.0012279400834813714
"batch1_0_127|(1,7)",batch1_0_127,0,1,7,"(1, 7)",1,4,0.10256410256410256,0.010519395134779749,0.007592254318296909,0.0667077898979187,0,0.0011047124862670898,0.001104815280996263
"batch1_0_127|(1,7)",batch1_0_127,0,1,7,"(1, 7)",1,5,0.1282051282051282,0.016436554898093356,0.00932861864566803,0.08178868889808655,0,0.0009808540344238281,0.0009808678878471255
"batch1_0_127|(1,7)",batch1_0_127,0,1,7,"(1, 7)",1,6,0.15384615384615385,0.02366863905325444,0.011015230789780617,0.09594695270061493,0,0.0008471012115478516,0.0008471477776765823
"batch1_0_127|(1,7)",batch1_0_127,0,1,7,"(1, 7)",1,7,0.1794871794871795,0.032215647600262985,0.012663237750530243,0.10915906727313995,0,0.0007399320602416992,0.0007399794994853437
"batch1_0_127|(1,7)",batch1_0_127,0,1,7,"(1, 7)",1,8,0.20512820512820512,0.042077580539118996,0.014287712052464485,0.12164541333913803,0,0.0006463527679443359,0.000646265281829983
"batch1_0_127|(1,7)",batch1_0_127,0,1,7,"(1, 7)",1,9,0.23076923076923078,0.053254437869822494,0.01589863933622837,0.13355709612369537,0,0.0005681514739990234,0.0005683021154254675
"batch1_0_127|(1,7)",batch1_0_127,0,1,7,"(1, 7)",1,10,0.2564102564102564,0.06574621959237342,0.017504913732409477,0.1449747234582901,0,0.0005018711090087891,0.0005019658710807562
"batch1_0_127|(1,7)",batch1_0_127,0,1,7,"(1, 7)",1,11,0.28205128205128205,0.07955292570677186,0.019113169983029366,0.15599393844604492,0,0.00043570995330810547,0.00043576047755777836
"batch1_0_127|(1,7)",batch1_0_127,0,1,7,"(1, 7)",1,12,0.3076923076923077,0.09467455621301776,0.020727934315800667,0.16676560044288635,0,0.0003706216812133789,0.00037076338776387274
"batch1_0_127|(1,7)",batch1_0_127,0,1,7,"(1, 7)",1,13,0.3333333333333333,0.1111111111111111,0.02234901301562786,0.17723338305950165,0,0.0003037452697753906,0.0003037578717339784
"batch1_0_127|(1,7)",batch1_0_127,0,1,7,"(1, 7)",1,14,0.358974358974359,0.12886259040105194,0.023975562304258347,0.18743038177490234,0,0.00024187564849853516,0.00024197403399739414
"batch1_0_127|(1,7)",batch1_0_127,0,1,7,"(1, 7)",1,15,0.38461538461538464,0.14792899408284024,0.02560609020292759,0.19733840227127075,0,0.00018447637557983398,0.00018448919581715018
"batch1_0_127|(1,7)",batch1_0_127,0,1,7,"(1, 7)",1,16,0.41025641025641024,0.16831032215647598,0.027235636487603188,0.2069455236196518,0,0.0001327991485595703,0.00013288519403431565
"batch1_0_127|(1,7)",batch1_0_127,0,1,7,"(1, 7)",1,17,0.4358974358974359,0.19000657462195925,0.028866006061434746,0.21631117165088654,0,8.404254913330078e-05,8.410165173700079e-05
"batch1_0_127|(1,7)",batch1_0_127,0,1,7,"(1, 7)",1,18,0.46153846153846156,0.21301775147928997,0.030493687838315964,0.22548425197601318,0,4.279613494873047e-05,4.281939982320182e-05
"batch1_0_127|(1,7)",batch1_0_127,0,1,7,"(1, 7)",1,19,0.48717948717948717,0.2373438527284681,0.032117974013090134,0.23449604213237762,0,6.079673767089844e-06,5.991869329591282e-06
"batch1_0_127|(1,7)",batch1_0_127,0,1,7,"(1, 7)",1,20,0.5128205128205128,0.2629848783694937,0.03373444080352783,0.24328377842903137,1,-3.2067298889160156e-05,-3.205760367563926e-05
"batch1_0_127|(2,3)",batch1_0_127,0,2,3,"(2, 3)",0,0,0.0,0.0,0.0,0.0,0,0.0014113187789916992,0.0014114556834101677
"batch1_0_127|(2,3)",batch1_0_127,0,2,3,"(2, 3)",0,1,0.02564102564102564,0.0006574621959237343,0.0019497907487675548,0.016878686845302582,0,0.0013457536697387695,0.0013459828915074468
"batch1_0_127|(2,3)",batch1_0_127,0,2,3,"(2, 3)",0,2,0.05128205128205128,0.0026298487836949372,0.0038622987922281027,0.03339044749736786,0,0.0012570619583129883,0.0012573371641337872
"batch1_0_127|(2,3)",batch1_0_127,0,2,3,"(2, 3)",0,3,0.07692307692307693,0.00591715976331361,0.005732160992920399,0.049215756356716156,0,0.0011701583862304688,0.0011702630436047912
"batch1_0_127|(2,3)",batch1_0_127,0,2,3,"(2, 3)",0,4,0.10256410256410256,0.010519395134779749,0.007560948841273785,0.06421615183353424,0,0.0010848045349121094,0.0010848798556253314
"batch1_0_127|(2,3)",batch1_0_127,0,2,3,"(2, 3)",0,5,0.1282051282051282,0.016436554898093356,0.009356135502457619,0.07831162214279175,0,0.0010030269622802734,0.0010032510617747903
"batch1_0_127|(2,3)",batch1_0_127,0,2,3,"(2, 3)",0,6,0.15384615384615385,0.02366863905325444,0.011125716380774975,0.09179770201444626,0,0.0009334087371826172,0.0009333890629932284
"batch1_0_127|(2,3)",batch1_0_127,0,2,3,"(2, 3)",0,7,0.1794871794871795,0.032215647600262985,0.012875191867351532,0.10449608415365219,0,0.0008641481399536133,0.0008643096080049872
"batch1_0_127|(2,3)",batch1_0_127,0,2,3,"(2, 3)",0,8,0.20512820512820512,0.042077580539118996,0.0146095659583807,0.1164899617433548,0,0.000805974006652832,0.0008058673120103776
"batch1_0_127|(2,3)",batch1_0_127,0,2,3,"(2, 3)",0,9,0.23076923076923078,0.053254437869822494,0.01633756421506405,0.12790906429290771,0,0.0007476806640625,0.0007477421895600855
"batch1_0_127|(2,3)",batch1_0_127,0,2,3,"(2, 3)",0,10,0.2564102564102564,0.06574621959237342,0.018061727285385132,0.13883626461029053,0,0.0006988048553466797,0.0006987863453105092
"batch1_0_127|(2,3)",batch1_0_127,0,2,3,"(2, 3)",0,11,0.28205128205128205,0.07955292570677186,0.019786307588219643,0.1492874026298523,0,0.0006630420684814453,0.0006630445714108646
"batch1_0_127|(2,3)",batch1_0_127,0,2,3,"(2, 3)",0,12,0.3076923076923077,0.09467455621301776,0.021515613421797752,0.1593426913022995,0,0.0006297826766967773,0.0006297972868196666
"batch1_0_127|(2,3)",batch1_0_127,0,2,3,"(2, 3)",0,13,0.3333333333333333,0.1111111111111111,0.023252729326486588,0.16911281645298004,0,0.0005941390991210938,0.0005941703566350043
"batch1_0_127|(2,3)",batch1_0_127,0,2,3,"(2, 3)",0,14,0.358974358974359,0.12886259040105194,0.024999679997563362,0.178681880235672,0,0.0005577802658081055,0.000557930557988584
"batch1_0_127|(2,3)",batch1_0_127,0,2,3,"(2, 3)",0,15,0.38461538461538464,0.14792899408284024,0.026754774153232574,0.18801936507225037,0,0.0005265474319458008,0.000526650226674974
"batch1_0_127|(2,3)",batch1_0_127,0,2,3,"(2, 3)",0,16,0.41025641025641024,0.16831032215647598,0.02851909212768078,0.19711461663246155,0,0.0004911422729492188,0.0004912280128337443
"batch1_0_127|(2,3)",batch1_0_127,0,2,3,"(2, 3)",0,17,0.4358974358974359,0.19000657462195925,0.030291248112916946,0.20594848692417145,0,0.0004677772521972656,0.0004678831319324672
"batch1_0_127|(2,3)",batch1_0_127,0,2,3,"(2, 3)",0,18,0.46153846153846156,0.21301775147928997,0.032074276357889175,0.21456359326839447,0,0.00043976306915283203,0.00043981330236420035
"batch1_0_127|(2,3)",batch1_0_127,0,2,3,"(2, 3)",0,19,0.48717948717948717,0.2373438527284681,0.033866554498672485,0.22303764522075653,0,0.0004208087921142578,0.0004206818121019751
"batch1_0_127|(2,3)",batch1_0_127,0,2,3,"(2, 3)",0,20,0.5128205128205128,0.2629848783694937,0.03566914424300194,0.23144924640655518,0,0.0003864765167236328,0.00038658600533381104
"batch1_0_127|(2,3)",batch1_0_127,0,2,3,"(2, 3)",0,21,0.5384615384615384,0.28994082840236685,0.03747926652431488,0.23980998992919922,0,0.0003609657287597656,0.0003610062412917614
"batch1_0_127|(2,3)",batch1_0_127,0,2,3,"(2, 3)",0,22,0.5641025641025641,0.31821170282708744,0.039295706897974014,0.24818217754364014,0,0.0003317594528198242,0.00033180328318849206
"batch1_0_127|(2,3)",batch1_0_127,0,2,3,"(2, 3)",0,23,0.5897435897435898,0.3477975016436555,0.041118308901786804,0.2565224766731262,0,0.00031244754791259766,0.00031251402106136084
"batch1_0_127|(2,3)",batch1_0_127,0,2,3,"(2, 3)",0,24,0.6153846153846154,0.37869822485207105,0.04294557496905327,0.26490941643714905,0,0.0002961158752441406,0.0002961155551020056
"batch1_0_127|(2,3)",batch1_0_127,0,2,3,"(2, 3)",0,25,0.6410256410256411,0.4109138724523341,0.04477139189839363,0.27326110005378723,0,0.00028586387634277344,0.000285938149318099
"batch1_0_127|(2,3)",batch1_0_127,0,2,3,"(2, 3)",0,26,0.6666666666666666,0.4444444444444444,0.0465959757566452,0.28156840801239014,0,0.0002446174621582031,0.0002446852740831673
"batch1_0_127|(2,3)",batch1_0_127,0,2,3,"(2, 3)",0,27,0.6923076923076923,0.4792899408284023,0.048414602875709534,0.2897711396217346,0,0.00021576881408691406,0.0002158418792532757
"batch1_0_127|(2,3)",batch1_0_127,0,2,3,"(2, 3)",0,28,0.717948717948718,0.5154503616042078,0.05022701621055603,0.29786917567253113,0,0.00019043684005737305,0.00019046530360355973
"batch1_0_127|(2,3)",batch1_0_127,0,2,3,"(2, 3)",0,29,0.7435897435897436,0.5529257067718607,0.05202993005514145,0.3058631122112274,0,0.00016325712203979492,0.0001632761996006593
"batch1_0_127|(2,3)",batch1_0_127,0,2,3,"(2, 3)",0,30,0.7692307692307693,0.591715976331361,0.05382223799824715,0.313729465007782,0,0.00013780593872070312,0.00013784441398456693
"batch1_0_127|(2,3)",batch1_0_127,0,2,3,"(2, 3)",0,31,0.7948717948717948,0.6318211702827087,0.0556027777493,0.32146233320236206,0,0.00011849403381347656,0.0001186818553833291
"batch1_0_127|(2,3)",batch1_0_127,0,2,3,"(2, 3)",0,32,0.8205128205128205,0.6732412886259039,0.057369165122509,0.3290908634662628,0,7.283687591552734e-05,7.275983080035076e-05
"batch1_0_127|(2,3)",batch1_0_127,0,2,3,"(2, 3)",0,33,0.8461538461538461,0.7159763313609467,0.05911907181143761,0.3365107476711273,0,5.066394805908203e-05,5.075051376479678e-05
"batch1_0_127|(2,3)",batch1_0_127,0,2,3,"(2, 3)",0,34,0.8717948717948718,0.760026298487837,0.06085272505879402,0.34379059076309204,0,2.777576446533203e-05,2.7805232093669474e-05
"batch1_0_127|(2,3)",batch1_0_127,0,2,3,"(2, 3)",0,35,0.8974358974358975,0.8053911900065747,0.06256899982690811,0.3508950471878052,0,7.62939453125e-06,7.537781584687764e-06
"batch1_0_127|(2,3)",batch1_0_127,0,2,3,"(2, 3)",0,36,0.9230769230769231,0.8520710059171599,0.06426382809877396,0.35782739520072937,1,-2.2411346435546875e-05,-2.2455513317254372e-05
"batch1_0_127|(2,4)",batch1_0_127,0,2,4,"(2, 4)",0,0,0.0,0.0,0.0,0.0,0,0.002210855484008789,0.002211368177086115
"batch1_0_127|(2,4)",batch1_0_127,0,2,4,"(2, 4)",0,1,0.02564102564102564,0.0006574621959237343,0.0018895086832344532,0.016771327704191208,0,0.0019450187683105469,0.0019453378627076745
"batch1_0_127|(2,4)",batch1_0_127,0,2,4,"(2, 4)",0,2,0.05128205128205128,0.0026298487836949372,0.0037517095915973186,0.033456169068813324,0,0.0016937255859375,0.0016939659835770726
"batch1_0_127|(2,4)",batch1_0_127,0,2,4,"(2, 4)",0,3,0.07692307692307693,0.00591715976331361,0.005574663635343313,0.04952247813344002,0,0.0014905929565429688,0.0014907392906025052
"batch1_0_127|(2,4)",batch1_0_127,0,2,4,"(2, 4)",0,4,0.10256410256410256,0.010519395134779749,0.007361538242548704,0.06478824466466904,0,0.0012919902801513672,0.0012922463938593864
"batch1_0_127|(2,4)",batch1_0_127,0,2,4,"(2, 4)",0,5,0.1282051282051282,0.016436554898093356,0.009111070074141026,0.07890002429485321,0,0.0011436939239501953,0.001143834087997675
"batch1_0_127|(2,4)",batch1_0_127,0,2,4,"(2, 4)",0,6,0.15384615384615385,0.02366863905325444,0.010840397328138351,0.09204625338315964,0,0.0010548830032348633,0.0010549610015004873
"batch1_0_127|(2,4)",batch1_0_127,0,2,4,"(2, 4)",0,7,0.1794871794871795,0.032215647600262985,0.012569061480462551,0.10441387444734573,0,0.0009694099426269531,0.000969470536801964
"batch1_0_127|(2,4)",batch1_0_127,0,2,4,"(2, 4)",0,8,0.20512820512820512,0.042077580539118996,0.014305678196251392,0.11621387302875519,0,0.0009092092514038086,0.0009094176930375397
"batch1_0_127|(2,4)",batch1_0_127,0,2,4,"(2, 4)",0,9,0.23076923076923078,0.053254437869822494,0.016057850793004036,0.12742522358894348,0,0.0008530616760253906,0.0008531445055268705
"batch1_0_127|(2,4)",batch1_0_127,0,2,4,"(2, 4)",0,10,0.2564102564102564,0.06574621959237342,0.01782839000225067,0.13824430108070374,0,0.0007996559143066406,0.0007998022483661771
"batch1_0_127|(2,4)",batch1_0_127,0,2,4,"(2, 4)",0,11,0.28205128205128205,0.07955292570677186,0.019619565457105637,0.14859917759895325,0,0.0007619857788085938,0.0007619739044457674
"batch1_0_127|(2,4)",batch1_0_127,0,2,4,"(2, 4)",0,12,0.3076923076923077,0.09467455621301776,0.021434525027871132,0.15865106880664825,0,0.0007367134094238281,0.0007368970545940101
"batch1_0_127|(2,4)",batch1_0_127,0,2,4,"(2, 4)",0,13,0.3333333333333333,0.1111111111111111,0.023277493193745613,0.1684429943561554,0,0.0007096529006958008,0.0007098225178197026
"batch1_0_127|(2,4)",batch1_0_127,0,2,4,"(2, 4)",0,14,0.358974358974359,0.12886259040105194,0.02514725551009178,0.17802444100379944,0,0.0006728172302246094,0.000672925089020282
"batch1_0_127|(2,4)",batch1_0_127,0,2,4,"(2, 4)",0,15,0.38461538461538464,0.14792899408284024,0.027040423825383186,0.1874273717403412,0,0.0006470680236816406,0.000647166627459228
"batch1_0_127|(2,4)",batch1_0_127,0,2,4,"(2, 4)",0,16,0.41025641025641024,0.16831032215647598,0.028957387432456017,0.19670099020004272,0,0.0006350278854370117,0.0006351176998578012
"batch1_0_127|(2,4)",batch1_0_127,0,2,4,"(2, 4)",0,17,0.4358974358974359,0.19000657462195925,0.03089718706905842,0.20594768226146698,0,0.0006099939346313477,0.0006101297913119197
"batch1_0_127|(2,4)",batch1_0_127,0,2,4,"(2, 4)",0,18,0.46153846153846156,0.21301775147928997,0.03285878151655197,0.2151230126619339,0,0.0005848407745361328,0.0005849803565070033
"batch1_0_127|(2,4)",batch1_0_127,0,2,4,"(2, 4)",0,19,0.48717948717948717,0.2373438527284681,0.0348396860063076,0.22426629066467285,0,0.0005648136138916016,0.0005648473161272705
"batch1_0_127|(2,4)",batch1_0_127,0,2,4,"(2, 4)",0,20,0.5128205128205128,0.2629848783694937,0.036835115402936935,0.23335950076580048,0,0.0005574226379394531,0.0005575302639044821
"batch1_0_127|(2,4)",batch1_0_127,0,2,4,"(2, 4)",0,21,0.5384615384615384,0.28994082840236685,0.03884587064385414,0.2424316108226776,0,0.0005421638488769531,0.0005423062248155475
"batch1_0_127|(2,4)",batch1_0_127,0,2,4,"(2, 4)",0,22,0.5641025641025641,0.31821170282708744,0.04086841642856598,0.2514445185661316,0,0.0005254745483398438,0.000525604235008359
"batch1_0_127|(2,4)",batch1_0_127,0,2,4,"(2, 4)",0,23,0.5897435897435898,0.3477975016436555,0.04289930313825607,0.26039212942123413,0,0.0005036592483520508,0.000503740506246686
"batch1_0_127|(2,4)",batch1_0_127,0,2,4,"(2, 4)",0,24,0.6153846153846154,0.37869822485207105,0.04493732750415802,0.26928940415382385,0,0.0004942417144775391,0.0004944026004523039
"batch1_0_127|(2,4)",batch1_0_127,0,2,4,"(2, 4)",0,25,0.6410256410256411,0.4109138724523341,0.046980105340480804,0.27815350890159607,0,0.00047004222869873047,0.0004702139995060861
"batch1_0_127|(2,4)",batch1_0_127,0,2,4,"(2, 4)",0,26,0.6666666666666666,0.4444444444444444,0.0490216426551342,0.28690391778945923,0,0.0004413127899169922,0.00044134914060123265
"batch1_0_127|(2,4)",batch1_0_127,0,2,4,"(2, 4)",0,27,0.6923076923076923,0.4792899408284023,0.05106151103973389,0.29555457830429077,0,0.0004127025604248047,0.0004127219144720584
"batch1_0_127|(2,4)",batch1_0_127,0,2,4,"(2, 4)",0,28,0.717948717948718,0.5154503616042078,0.05309448018670082,0.304073691368103,0,0.0003911256790161133,0.00039130880031734705
"batch1_0_127|(2,4)",batch1_0_127,0,2,4,"(2, 4)",0,29,0.7435897435897436,0.5529257067718607,0.05511625111103058,0.31246015429496765,0,0.0003758668899536133,0.00037597623304463923
"batch1_0_127|(2,4)",batch1_0_127,0,2,4,"(2, 4)",0,30,0.7692307692307693,0.591715976331361,0.0571238212287426,0.32070040702819824,0,0.0003370046615600586,0.0003370807389728725
"batch1_0_127|(2,4)",batch1_0_127,0,2,4,"(2, 4)",0,31,0.7948717948717948,0.6318211702827087,0.05911482870578766,0.32875892519950867,0,0.0003045797348022461,0.0003045930643565953
"batch1_0_127|(2,4)",batch1_0_127,0,2,4,"(2, 4)",0,32,0.8205128205128205,0.6732412886259039,0.061089351773262024,0.33667290210723877,0,0.00030362606048583984,0.000303766195429489
"batch1_0_127|(2,4)",batch1_0_127,0,2,4,"(2, 4)",0,33,0.8461538461538461,0.7159763313609467,0.0630398616194725,0.34442099928855896,0,0.0002886056900024414,0.0002887735317926854
"batch1_0_127|(2,4)",batch1_0_127,0,2,4,"(2, 4)",0,34,0.8717948717948718,0.760026298487837,0.06496670097112656,0.3520145118236542,0,0.0002720355987548828,0.0002721093187574297
"batch1_0_127|(2,4)",batch1_0_127,0,2,4,"(2, 4)",0,35,0.8974358974358975,0.8053911900065747,0.06686657667160034,0.35944610834121704,0,0.0002551078796386719,0.0002552931837271899
"batch1_0_127|(2,4)",batch1_0_127,0,2,4,"(2, 4)",0,36,0.9230769230769231,0.8520710059171599,0.0687389150261879,0.3667042851448059,0,0.0002416372299194336,0.00024177046725526452
"batch1_0_127|(2,4)",batch1_0_127,0,2,4,"(2, 4)",0,37,0.9487179487179487,0.9000657462195923,0.07058341801166534,0.3737848103046417,0,0.0002334117889404297,0.00023354384757112712
"batch1_0_127|(2,4)",batch1_0_127,0,2,4,"(2, 4)",0,38,0.9743589743589743,0.9493754109138725,0.07239668816328049,0.38068687915802,0,0.00022220611572265625,0.0002223150950158015
"batch1_0_127|(2,4)",batch1_0_127,0,2,4,"(2, 4)",0,39,1.0,1.0,0.07417501509189606,0.3874138593673706,0,0.0002084970474243164,0.00020857839263044298
"batch1_0_127|(2,5)",batch1_0_127,0,2,5,"(2, 5)",0,0,0.0,0.0,0.0,0.0,0,0.001322627067565918,0.0013227923773229122
"batch1_0_127|(2,5)",batch1_0_127,0,2,5,"(2, 5)",0,1,0.02564102564102564,0.0006574621959237343,0.001960720168426633,0.016911029815673828,0,0.0012892484664916992,0.0012894829269498587
"batch1_0_127|(2,5)",batch1_0_127,0,2,5,"(2, 5)",0,2,0.05128205128205128,0.0026298487836949372,0.003884321078658104,0.03379949927330017,0,0.0012485980987548828,0.0012486778432503343
"batch1_0_127|(2,5)",batch1_0_127,0,2,5,"(2, 5)",0,3,0.07692307692307693,0.00591715976331361,0.005773106589913368,0.050514813512563705,0,0.0011777877807617188,0.0011779597261920571
"batch1_0_127|(2,5)",batch1_0_127,0,2,5,"(2, 5)",0,4,0.10256410256410256,0.010519395134779749,0.007617404218763113,0.06662247329950333,0,0.0010949373245239258,0.0010950993746519089
"batch1_0_127|(2,5)",batch1_0_127,0,2,5,"(2, 5)",0,5,0.1282051282051282,0.016436554898093356,0.009419645182788372,0.08210951834917068,0,0.0010356903076171875,0.0010358005529269576
"batch1_0_127|(2,5)",batch1_0_127,0,2,5,"(2, 5)",0,6,0.15384615384615385,0.02366863905325444,0.011188043281435966,0.09688320755958557,0,0.0009682178497314453,0.0009682774543762207
"batch1_0_127|(2,5)",batch1_0_127,0,2,5,"(2, 5)",0,7,0.1794871794871795,0.032215647600262985,0.012934149242937565,0.11104804277420044,0,0.0008876323699951172,0.0008877496002241969
"batch1_0_127|(2,5)",batch1_0_127,0,2,5,"(2, 5)",0,8,0.20512820512820512,0.042077580539118996,0.014657644554972649,0.12427293509244919,0,0.0008348226547241211,0.000834957929328084
"batch1_0_127|(2,5)",batch1_0_127,0,2,5,"(2, 5)",0,9,0.23076923076923078,0.053254437869822494,0.016377776861190796,0.13706877827644348,0,0.0007920265197753906,0.0007919697090983391
"batch1_0_127|(2,5)",batch1_0_127,0,2,5,"(2, 5)",0,10,0.2564102564102564,0.06574621959237342,0.018101081252098083,0.14955571293830872,0,0.0007503032684326172,0.0007502367370761931
"batch1_0_127|(2,5)",batch1_0_127,0,2,5,"(2, 5)",0,11,0.28205128205128205,0.07955292570677186,0.019832000136375427,0.16171197593212128,0,0.0007200241088867188,0.0007200444815680385
"batch1_0_127|(2,5)",batch1_0_127,0,2,5,"(2, 5)",0,12,0.3076923076923077,0.09467455621301776,0.021573038771748543,0.17365966737270355,0,0.0006740093231201172,0.0006741880788467824
"batch1_0_127|(2,5)",batch1_0_127,0,2,5,"(2, 5)",0,13,0.3333333333333333,0.1111111111111111,0.02332264371216297,0.18525181710720062,0,0.0006277561187744141,0.000627813977189362
"batch1_0_127|(2,5)",batch1_0_127,0,2,5,"(2, 5)",0,14,0.358974358974359,0.12886259040105194,0.025081703439354897,0.1966586709022522,0,0.0005675554275512695,0.0005675228894688189
"batch1_0_127|(2,5)",batch1_0_127,0,2,5,"(2, 5)",0,15,0.38461538461538464,0.14792899408284024,0.026840755715966225,0.20784613490104675,0,0.0005426406860351562,0.000542587076779455
"batch1_0_127|(2,5)",batch1_0_127,0,2,5,"(2, 5)",0,16,0.41025641025641024,0.16831032215647598,0.02860387973487377,0.21885207295417786,0,0.0005060434341430664,0.000506196403875947
"batch1_0_127|(2,5)",batch1_0_127,0,2,5,"(2, 5)",0,17,0.4358974358974359,0.19000657462195925,0.030365927144885063,0.2297157198190689,0,0.00046563148498535156,0.0004656984528992325
"batch1_0_127|(2,5)",batch1_0_127,0,2,5,"(2, 5)",0,18,0.46153846153846156,0.21301775147928997,0.032121751457452774,0.24045142531394958,0,0.0004172325134277344,0.00041729261283762753
"batch1_0_127|(2,5)",batch1_0_127,0,2,5,"(2, 5)",0,19,0.48717948717948717,0.2373438527284681,0.03386867046356201,0.2511099874973297,0,0.0003769993782043457,0.0003770668408833444
"batch1_0_127|(2,5)",batch1_0_127,0,2,5,"(2, 5)",0,20,0.5128205128205128,0.2629848783694937,0.03560308739542961,0.26156485080718994,0,0.0003292560577392578,0.00032932983594946563
"batch1_0_127|(2,5)",batch1_0_127,0,2,5,"(2, 5)",0,21,0.5384615384615384,0.28994082840236685,0.03731939569115639,0.271727055311203,0,0.0002884864807128906,0.00028855929849669337
"batch1_0_127|(2,5)",batch1_0_127,0,2,5,"(2, 5)",0,22,0.5641025641025641,0.31821170282708744,0.0390152782201767,0.28144967555999756,0,0.0002487301826477051,0.00024874796508811414
"batch1_0_127|(2,5)",batch1_0_127,0,2,5,"(2, 5)",0,23,0.5897435897435898,0.3477975016436555,0.040693316608667374,0.29083895683288574,0,0.000213623046875,0.00021366831788327545
"batch1_0_127|(2,5)",batch1_0_127,0,2,5,"(2, 5)",0,24,0.6153846153846154,0.37869822485207105,0.042350322008132935,0.2998771369457245,0,0.00017815828323364258,0.00017823645612224936
"batch1_0_127|(2,5)",batch1_0_127,0,2,5,"(2, 5)",0,25,0.6410256410256411,0.4109138724523341,0.04398368299007416,0.30861997604370117,0,0.00014197826385498047,0.00014202017337083817
"batch1_0_127|(2,5)",batch1_0_127,0,2,5,"(2, 5)",0,26,0.6666666666666666,0.4444444444444444,0.045592956244945526,0.3170551657676697,0,0.0001093745231628418,0.00010946229303954169
"batch1_0_127|(2,5)",batch1_0_127,0,2,5,"(2, 5)",0,27,0.6923076923076923,0.4792899408284023,0.0471767783164978,0.32520976662635803,0,7.510185241699219e-05,7.512789306929335e-05
"batch1_0_127|(2,5)",batch1_0_127,0,2,5,"(2, 5)",0,28,0.717948717948718,0.5154503616042078,0.04873107001185417,0.3330819010734558,0,4.798173904418945e-05,4.804837953997776e-05
"batch1_0_127|(2,5)",batch1_0_127,0,2,5,"(2, 5)",0,29,0.7435897435897436,0.5529257067718607,0.050256382673978806,0.34068116545677185,0,2.2470951080322266e-05,2.2505260858451948e-05
"batch1_0_127|(2,5)",batch1_0_127,0,2,5,"(2, 5)",0,30,0.7692307692307693,0.591715976331361,0.05174873396754265,0.3479832112789154,0,2.682209014892578e-06,2.6780289772432297e-06
"batch1_0_127|(2,5)",batch1_0_127,0,2,5,"(2, 5)",0,31,0.7948717948717948,0.6318211702827087,0.05320604890584946,0.35502544045448303,1,-1.233816146850586e-05,-1.2359293577901553e-05
"batch1_0_127|(2,6)",batch1_0_127,0,2,6,"(2, 6)",0,0,0.0,0.0,0.0,0.0,0,0.0027871131896972656,0.0027877180837094784
"batch1_0_127|(2,6)",batch1_0_127,0,2,6,"(2, 6)",0,1,0.02564102564102564,0.0006574621959237343,0.0019883413333445787,0.016142897307872772,0,0.0024378299713134766,0.0024385617580264807
"batch1_0_127|(2,6)",batch1_0_127,0,2,6,"(2, 6)",0,2,0.05128205128205128,0.0026298487836949372,0.00393314054235816,0.03193631395697594,0,0.0021257400512695312,0.0021261253859847784
"batch1_0_127|(2,6)",batch1_0_127,0,2,6,"(2, 6)",0,3,0.07692307692307693,0.00591715976331361,0.005830957554280758,0.04712354764342308,0,0.0018267631530761719,0.0018270957516506314
"batch1_0_127|(2,6)",batch1_0_127,0,2,6,"(2, 6)",0,4,0.10256410256410256,0.010519395134779749,0.007682413328438997,0.06151929125189781,0,0.001581430435180664,0.0015815373044461012
"batch1_0_127|(2,6)",batch1_0_127,0,2,6,"(2, 6)",0,5,0.1282051282051282,0.016436554898093356,0.009497097693383694,0.07512373477220535,0,0.0013790130615234375,0.0013793795369565487
"batch1_0_127|(2,6)",batch1_0_127,0,2,6,"(2, 6)",0,6,0.15384615384615385,0.02366863905325444,0.011283551342785358,0.08785733580589294,0,0.0012438297271728516,0.0012440327554941177
"batch1_0_127|(2,6)",batch1_0_127,0,2,6,"(2, 6)",0,7,0.1794871794871795,0.032215647600262985,0.013056687079370022,0.0998789519071579,0,0.0011093616485595703,0.0011093836510553956
"batch1_0_127|(2,6)",batch1_0_127,0,2,6,"(2, 6)",0,8,0.20512820512820512,0.042077580539118996,0.014825555495917797,0.11125923693180084,0,0.0009690523147583008,0.000969237822573632
"batch1_0_127|(2,6)",batch1_0_127,0,2,6,"(2, 6)",0,9,0.23076923076923078,0.053254437869822494,0.016595853492617607,0.1221160888671875,0,0.0008575916290283203,0.0008576899999752641
"batch1_0_127|(2,6)",batch1_0_127,0,2,6,"(2, 6)",0,10,0.2564102564102564,0.06574621959237342,0.018373912200331688,0.13253670930862427,0,0.0007712841033935547,0.0007713025552220643
"batch1_0_127|(2,6)",batch1_0_127,0,2,6,"(2, 6)",0,11,0.28205128205128205,0.07955292570677186,0.020168783143162727,0.14268819987773895,0,0.0006866455078125,0.0006865638424642384
"batch1_0_127|(2,6)",batch1_0_127,0,2,6,"(2, 6)",0,12,0.3076923076923077,0.09467455621301776,0.02198244258761406,0.15264543890953064,0,0.000605463981628418,0.0006055333651602268
"batch1_0_127|(2,6)",batch1_0_127,0,2,6,"(2, 6)",0,13,0.3333333333333333,0.1111111111111111,0.023819804191589355,0.16243141889572144,0,0.0005280971527099609,0.0005281106568872929
"batch1_0_127|(2,6)",batch1_0_127,0,2,6,"(2, 6)",0,14,0.358974358974359,0.12886259040105194,0.025679176673293114,0.17211925983428955,0,0.00046443939208984375,0.00046446401393041015
"batch1_0_127|(2,6)",batch1_0_127,0,2,6,"(2, 6)",0,15,0.38461538461538464,0.14792899408284024,0.027563458308577538,0.1817564219236374,0,0.00040602684020996094,0.00040611985605210066
"batch1_0_127|(2,6)",batch1_0_127,0,2,6,"(2, 6)",0,16,0.41025641025641024,0.16831032215647598,0.02946784533560276,0.1913091242313385,0,0.00035643577575683594,0.00035661368747241795
"batch1_0_127|(2,6)",batch1_0_127,0,2,6,"(2, 6)",0,17,0.4358974358974359,0.19000657462195925,0.031395480036735535,0.20079010725021362,0,0.00030922889709472656,0.00030927552143111825
"batch1_0_127|(2,6)",batch1_0_127,0,2,6,"(2, 6)",0,18,0.46153846153846156,0.21301775147928997,0.03334491327404976,0.2102343738079071,0,0.00027048587799072266,0.00027051122742705047
"batch1_0_127|(2,6)",batch1_0_127,0,2,6,"(2, 6)",0,19,0.48717948717948717,0.2373438527284681,0.03531564027070999,0.21960166096687317,0,0.00022661685943603516,0.00022655392240267247
"batch1_0_127|(2,6)",batch1_0_127,0,2,6,"(2, 6)",0,20,0.5128205128205128,0.2629848783694937,0.037297360599040985,0.22887291014194489,0,0.00016617774963378906,0.00016618748486507684
"batch1_0_127|(2,6)",batch1_0_127,0,2,6,"(2, 6)",0,21,0.5384615384615384,0.28994082840236685,0.039287615567445755,0.23801061511039734,0,0.00013566017150878906,0.00013586464046966285
"batch1_0_127|(2,6)",batch1_0_127,0,2,6,"(2, 6)",0,22,0.5641025641025641,0.31821170282708744,0.041286855936050415,0.24699482321739197,0,0.000102996826171875,0.00010292250226484612
"batch1_0_127|(2,6)",batch1_0_127,0,2,6,"(2, 6)",0,23,0.5897435897435898,0.3477975016436555,0.04329312965273857,0.2559070289134979,0,7.009506225585938e-05,7.000414188951254e-05
"batch1_0_127|(2,6)",batch1_0_127,0,2,6,"(2, 6)",0,24,0.6153846153846154,0.37869822485207105,0.04530305042862892,0.26471760869026184,0,3.933906555175781e-05,3.943911360693164e-05
"batch1_0_127|(2,6)",batch1_0_127,0,2,6,"(2, 6)",0,25,0.6410256410256411,0.4109138724523341,0.04731613025069237,0.27342602610588074,0,1.609325408935547e-05,1.6106847397168167e-05
"batch1_0_127|(2,6)",batch1_0_127,0,2,6,"(2, 6)",0,26,0.6666666666666666,0.4444444444444444,0.04932371526956558,0.2819696068763733,1,-1.1205673217773438e-05,-1.113531288865488e-05
"batch1_0_127|(2,7)",batch1_0_127,0,2,7,"(2, 7)",1,0,0.0,0.0,0.0,0.0,0,0.0020318031311035156,0.0020323218777775764
"batch1_0_127|(2,7)",batch1_0_127,0,2,7,"(2, 7)",1,1,0.02564102564102564,0.0006574621959237343,0.002052503637969494,0.017152272164821625,0,0.001940011978149414,0.0019405202474445105
"batch1_0_127|(2,7)",batch1_0_127,0,2,7,"(2, 7)",1,2,0.05128205128205128,0.0026298487836949372,0.0040701767429709435,0.034324515610933304,0,0.0018453598022460938,0.001845501596108079
"batch1_0_127|(2,7)",batch1_0_127,0,2,7,"(2, 7)",1,3,0.07692307692307693,0.00591715976331361,0.006049369927495718,0.05122968927025795,0,0.0017693042755126953,0.0017696204595267773
"batch1_0_127|(2,7)",batch1_0_127,0,2,7,"(2, 7)",1,4,0.10256410256410256,0.010519395134779749,0.007988527417182922,0.06761373579502106,0,0.0016672611236572266,0.0016675650840625167
"batch1_0_127|(2,7)",batch1_0_127,0,2,7,"(2, 7)",1,5,0.1282051282051282,0.016436554898093356,0.009885144419968128,0.0831497386097908,0,0.0015592575073242188,0.0015595017466694117
"batch1_0_127|(2,7)",batch1_0_127,0,2,7,"(2, 7)",1,6,0.15384615384615385,0.02366863905325444,0.011749201454222202,0.09783771634101868,0,0.0014503002166748047,0.001450489740818739
"batch1_0_127|(2,7)",batch1_0_127,0,2,7,"(2, 7)",1,7,0.1794871794871795,0.032215647600262985,0.013585861772298813,0.11158934980630875,0,0.0013360977172851562,0.0013361152959987521
"batch1_0_127|(2,7)",batch1_0_127,0,2,7,"(2, 7)",1,8,0.20512820512820512,0.042077580539118996,0.015403701923787594,0.12439770251512527,0,0.0012106895446777344,0.0012105568312108517
"batch1_0_127|(2,7)",batch1_0_127,0,2,7,"(2, 7)",1,9,0.23076923076923078,0.053254437869822494,0.017210548743605614,0.1363891214132309,0,0.0010876655578613281,0.0010875877924263477
"batch1_0_127|(2,7)",batch1_0_127,0,2,7,"(2, 7)",1,10,0.2564102564102564,0.06574621959237342,0.019019873812794685,0.1477685421705246,0,0.0009686946868896484,0.0009685310069471598
"batch1_0_127|(2,7)",batch1_0_127,0,2,7,"(2, 7)",1,11,0.28205128205128205,0.07955292570677186,0.02083875983953476,0.15862512588500977,0,0.0008399486541748047,0.0008401325321756303
"batch1_0_127|(2,7)",batch1_0_127,0,2,7,"(2, 7)",1,12,0.3076923076923077,0.09467455621301776,0.0226726233959198,0.16914993524551392,0,0.0007202625274658203,0.0007203679997473955
"batch1_0_127|(2,7)",batch1_0_127,0,2,7,"(2, 7)",1,13,0.3333333333333333,0.1111111111111111,0.024527965113520622,0.17930732667446136,0,0.0005807876586914062,0.000580684223677963
"batch1_0_127|(2,7)",batch1_0_127,0,2,7,"(2, 7)",1,14,0.358974358974359,0.12886259040105194,0.026403134688735008,0.18913397192955017,0,0.0004279613494873047,0.0004280529683455825
"batch1_0_127|(2,7)",batch1_0_127,0,2,7,"(2, 7)",1,15,0.38461538461538464,0.14792899408284024,0.028297841548919678,0.1986580193042755,0,0.0002713203430175781,0.0002713909780140966
"batch1_0_127|(2,7)",batch1_0_127,0,2,7,"(2, 7)",1,16,0.41025641025641024,0.16831032215647598,0.030211230739951134,0.20791153609752655,0,0.0001087188720703125,0.0001088862118194811
"batch1_0_127|(2,7)",batch1_0_127,0,2,7,"(2, 7)",1,17,0.4358974358974359,0.19000657462195925,0.03214452415704727,0.21691858768463135,1,-8.20159912109375e-05,-8.18669650470838e-05
"batch1_0_127|(3,4)",batch1_0_127,0,3,4,"(3, 4)",0,0,0.0,0.0,0.0,0.0,0,0.0022296905517578125,0.0022302144207060337
"batch1_0_127|(3,4)",batch1_0_127,0,3,4,"(3, 4)",0,1,0.02564102564102564,0.0006574621959237343,0.0019778709392994642,0.017142247408628464,0,0.0019649267196655273,0.0019652789924293756
"batch1_0_127|(3,4)",batch1_0_127,0,3,4,"(3, 4)",0,2,0.05128205128205128,0.0026298487836949372,0.003920858725905418,0.03388316184282303,0,0.001718759536743164,0.0017188512720167637
"batch1_0_127|(3,4)",batch1_0_127,0,3,4,"(3, 4)",0,3,0.07692307692307693,0.00591715976331361,0.005824408959597349,0.050090499222278595,0,0.0015270709991455078,0.0015271938173100352
"batch1_0_127|(3,4)",batch1_0_127,0,3,4,"(3, 4)",0,4,0.10256410256410256,0.010519395134779749,0.007684946525841951,0.06548963487148285,0,0.0013427734375,0.0013428000966086984
"batch1_0_127|(3,4)",batch1_0_127,0,3,4,"(3, 4)",0,5,0.1282051282051282,0.016436554898093356,0.009506825357675552,0.07992930710315704,0,0.0011966228485107422,0.0011968758190050721
"batch1_0_127|(3,4)",batch1_0_127,0,3,4,"(3, 4)",0,6,0.15384615384615385,0.02366863905325444,0.011304149404168129,0.09357843548059464,0,0.0010930299758911133,0.0010931652504950762
"batch1_0_127|(3,4)",batch1_0_127,0,3,4,"(3, 4)",0,7,0.1794871794871795,0.032215647600262985,0.013088987208902836,0.1064901202917099,0,0.0010160207748413086,0.001016213558614254
"batch1_0_127|(3,4)",batch1_0_127,0,3,4,"(3, 4)",0,8,0.20512820512820512,0.042077580539118996,0.014868666417896748,0.1188155859708786,0,0.0009608268737792969,0.0009609951521269977
"batch1_0_127|(3,4)",batch1_0_127,0,3,4,"(3, 4)",0,9,0.23076923076923078,0.053254437869822494,0.01664663292467594,0.13062907755374908,0,0.0009021759033203125,0.0009022276499308646
"batch1_0_127|(3,4)",batch1_0_127,0,3,4,"(3, 4)",0,10,0.2564102564102564,0.06574621959237342,0.018423864617943764,0.14193382859230042,0,0.0008568763732910156,0.0008569490164518356
"batch1_0_127|(3,4)",batch1_0_127,0,3,4,"(3, 4)",0,11,0.28205128205128205,0.07955292570677186,0.02020438015460968,0.15282197296619415,0,0.0008184909820556641,0.0008185528567992151
"batch1_0_127|(3,4)",batch1_0_127,0,3,4,"(3, 4)",0,12,0.3076923076923077,0.09467455621301776,0.021991372108459473,0.1633804440498352,0,0.0007866621017456055,0.0007868146058171988
"batch1_0_127|(3,4)",batch1_0_127,0,3,4,"(3, 4)",0,13,0.3333333333333333,0.1111111111111111,0.023784281685948372,0.17366603016853333,0,0.0007483959197998047,0.0007484157686121762
"batch1_0_127|(3,4)",batch1_0_127,0,3,4,"(3, 4)",0,14,0.358974358974359,0.12886259040105194,0.025584274902939796,0.18370814621448517,0,0.0007208585739135742,0.0007209434406831861
"batch1_0_127|(3,4)",batch1_0_127,0,3,4,"(3, 4)",0,15,0.38461538461538464,0.14792899408284024,0.027392348274588585,0.19348932802677155,0,0.0006897449493408203,0.0006899971049278975
"batch1_0_127|(3,4)",batch1_0_127,0,3,4,"(3, 4)",0,16,0.41025641025641024,0.16831032215647598,0.029206644743680954,0.20301923155784607,0,0.0006631612777709961,0.0006631950964219868
"batch1_0_127|(3,4)",batch1_0_127,0,3,4,"(3, 4)",0,17,0.4358974358974359,0.19000657462195925,0.031026992946863174,0.212396040558815,0,0.000629425048828125,0.0006295691709965467
"batch1_0_127|(3,4)",batch1_0_127,0,3,4,"(3, 4)",0,18,0.46153846153846156,0.21301775147928997,0.03285173699259758,0.22161215543746948,0,0.0006005764007568359,0.0006004886818118393
"batch1_0_127|(3,4)",batch1_0_127,0,3,4,"(3, 4)",0,19,0.48717948717948717,0.2373438527284681,0.03467973694205284,0.2306794822216034,0,0.0005719661712646484,0.0005719797918573022
"batch1_0_127|(3,4)",batch1_0_127,0,3,4,"(3, 4)",0,20,0.5128205128205128,0.2629848783694937,0.036511920392513275,0.23963801562786102,0,0.0005452632904052734,0.0005453540943562984
"batch1_0_127|(3,4)",batch1_0_127,0,3,4,"(3, 4)",0,21,0.5384615384615384,0.28994082840236685,0.03834298625588417,0.24850104749202728,0,0.0005029439926147461,0.0005031056352891028
"batch1_0_127|(3,4)",batch1_0_127,0,3,4,"(3, 4)",0,22,0.5641025641025641,0.31821170282708744,0.04017280414700508,0.257281631231308,0,0.0004725456237792969,0.0004726715269498527
"batch1_0_127|(3,4)",batch1_0_127,0,3,4,"(3, 4)",0,23,0.5897435897435898,0.3477975016436555,0.042000968009233475,0.2659626007080078,0,0.00044465065002441406,0.0004448403196875006
"batch1_0_127|(3,4)",batch1_0_127,0,3,4,"(3, 4)",0,24,0.6153846153846154,0.37869822485207105,0.04382601007819176,0.2745203971862793,0,0.00041174888610839844,0.00041161521221511066
"batch1_0_127|(3,4)",batch1_0_127,0,3,4,"(3, 4)",0,25,0.6410256410256411,0.4109138724523341,0.04564526677131653,0.28297320008277893,0,0.0004075765609741211,0.00040766954771243036
"batch1_0_127|(3,4)",batch1_0_127,0,3,4,"(3, 4)",0,26,0.6666666666666666,0.4444444444444444,0.047457288950681686,0.29128196835517883,0,0.00036406517028808594,0.0003643383679445833
"batch1_0_127|(3,4)",batch1_0_127,0,3,4,"(3, 4)",0,27,0.6923076923076923,0.4792899408284023,0.04926420375704765,0.2994287610054016,0,0.00035440921783447266,0.0003545161453075707
"batch1_0_127|(3,4)",batch1_0_127,0,3,4,"(3, 4)",0,28,0.717948717948718,0.5154503616042078,0.05106024071574211,0.30743134021759033,0,0.0003421306610107422,0.00034233403857797384
"batch1_0_127|(3,4)",batch1_0_127,0,3,4,"(3, 4)",0,29,0.7435897435897436,0.5529257067718607,0.05284389480948448,0.3152701258659363,0,0.0003279447555541992,0.0003281924582552165
"batch1_0_127|(3,4)",batch1_0_127,0,3,4,"(3, 4)",0,30,0.7692307692307693,0.591715976331361,0.054612673819065094,0.3229098320007324,0,0.0003114938735961914,0.0003114953578915447
"batch1_0_127|(3,4)",batch1_0_127,0,3,4,"(3, 4)",0,31,0.7948717948717948,0.6318211702827087,0.056366197764873505,0.33039578795433044,0,0.00030112266540527344,0.0003011898370459676
"batch1_0_127|(3,4)",batch1_0_127,0,3,4,"(3, 4)",0,32,0.8205128205128205,0.6732412886259039,0.05810357257723808,0.3377154767513275,0,0.00028824806213378906,0.0002886306319851428
"batch1_0_127|(3,4)",batch1_0_127,0,3,4,"(3, 4)",0,33,0.8461538461538461,0.7159763313609467,0.05982028320431709,0.34487077593803406,0,0.00025022029876708984,0.0002504022850189358
"batch1_0_127|(3,4)",batch1_0_127,0,3,4,"(3, 4)",0,34,0.8717948717948718,0.760026298487837,0.06151345744729042,0.3518350422382355,0,0.0002505779266357422,0.00025080153136514127
"batch1_0_127|(3,4)",batch1_0_127,0,3,4,"(3, 4)",0,35,0.8974358974358975,0.8053911900065747,0.06318467855453491,0.3586201071739197,0,0.0002613067626953125,0.0002614131080918014
"batch1_0_127|(3,4)",batch1_0_127,0,3,4,"(3, 4)",0,36,0.9230769230769231,0.8520710059171599,0.06483451277017593,0.3652578890323639,0,0.0002789497375488281,0.0002791261940728873
"batch1_0_127|(3,4)",batch1_0_127,0,3,4,"(3, 4)",0,37,0.9487179487179487,0.9000657462195923,0.06646086275577545,0.37173768877983093,0,0.0002815723419189453,0.00028180357185192406
"batch1_0_127|(3,4)",batch1_0_127,0,3,4,"(3, 4)",0,38,0.9743589743589743,0.9493754109138725,0.06806310266256332,0.37807947397232056,0,0.00027179718017578125,0.0002719667390920222
"batch1_0_127|(3,4)",batch1_0_127,0,3,4,"(3, 4)",0,39,1.0,1.0,0.06963937729597092,0.3842679560184479,0,0.0002620220184326172,0.00026231829542666674
"batch1_0_127|(3,5)",batch1_0_127,0,3,5,"(3, 5)",0,0,0.0,0.0,0.0,0.0,0,0.0012995004653930664,0.0012996207224205136
"batch1_0_127|(3,5)",batch1_0_127,0,3,5,"(3, 5)",0,1,0.02564102564102564,0.0006574621959237343,0.0019966342952102423,0.017188003286719322,0,0.0012279748916625977,0.0012281970120966434
"batch1_0_127|(3,5)",batch1_0_127,0,3,5,"(3, 5)",0,2,0.05128205128205128,0.0026298487836949372,0.003953692503273487,0.03393087908625603,0,0.001163482666015625,0.0011637263232842088
"batch1_0_127|(3,5)",batch1_0_127,0,3,5,"(3, 5)",0,3,0.07692307692307693,0.00591715976331361,0.005880187731236219,0.050448331981897354,0,0.0010939836502075195,0.0010940618813037872
"batch1_0_127|(3,5)",batch1_0_127,0,3,5,"(3, 5)",0,4,0.10256410256410256,0.010519395134779749,0.007770429830998182,0.06648634374141693,0,0.0010232925415039062,0.0010233933571726084
"batch1_0_127|(3,5)",batch1_0_127,0,3,5,"(3, 5)",0,5,0.1282051282051282,0.016436554898093356,0.009628714993596077,0.08203565329313278,0,0.0009652376174926758,0.000965351820923388
"batch1_0_127|(3,5)",batch1_0_127,0,3,5,"(3, 5)",0,6,0.15384615384615385,0.02366863905325444,0.01146018411964178,0.09694401174783707,0,0.0009198188781738281,0.0009198625339195132
"batch1_0_127|(3,5)",batch1_0_127,0,3,5,"(3, 5)",0,7,0.1794871794871795,0.032215647600262985,0.013273081742227077,0.11105021089315414,0,0.0008535385131835938,0.000853654055390507
"batch1_0_127|(3,5)",batch1_0_127,0,3,5,"(3, 5)",0,8,0.20512820512820512,0.042077580539118996,0.015069860965013504,0.12435978651046753,0,0.0007879137992858887,0.0007879769545979798
"batch1_0_127|(3,5)",batch1_0_127,0,3,5,"(3, 5)",0,9,0.23076923076923078,0.053254437869822494,0.016853248700499535,0.13691386580467224,0,0.000725090503692627,0.0007250753114931285
"batch1_0_127|(3,5)",batch1_0_127,0,3,5,"(3, 5)",0,10,0.2564102564102564,0.06574621959237342,0.01862664334475994,0.14886781573295593,0,0.000667572021484375,0.000667654792778194
"batch1_0_127|(3,5)",batch1_0_127,0,3,5,"(3, 5)",0,11,0.28205128205128205,0.07955292570677186,0.02039896510541439,0.16046053171157837,0,0.0006076693534851074,0.0006077825673855841
"batch1_0_127|(3,5)",batch1_0_127,0,3,5,"(3, 5)",0,12,0.3076923076923077,0.09467455621301776,0.02216729149222374,0.17167018353939056,0,0.0005436539649963379,0.0005436709034256637
"batch1_0_127|(3,5)",batch1_0_127,0,3,5,"(3, 5)",0,13,0.3333333333333333,0.1111111111111111,0.023929709568619728,0.18240629136562347,0,0.0004788637161254883,0.00047888129483908415
"batch1_0_127|(3,5)",batch1_0_127,0,3,5,"(3, 5)",0,14,0.358974358974359,0.12886259040105194,0.025687023997306824,0.19273170828819275,0,0.00041621923446655273,0.0004163183912169188
"batch1_0_127|(3,5)",batch1_0_127,0,3,5,"(3, 5)",0,15,0.38461538461538464,0.14792899408284024,0.027439728379249573,0.20278291404247284,0,0.00035959482192993164,0.0003596822207327932
"batch1_0_127|(3,5)",batch1_0_127,0,3,5,"(3, 5)",0,16,0.41025641025641024,0.16831032215647598,0.02918783761560917,0.2126588672399521,0,0.0003171563148498535,0.00031719336402602494
"batch1_0_127|(3,5)",batch1_0_127,0,3,5,"(3, 5)",0,17,0.4358974358974359,0.19000657462195925,0.03092925064265728,0.22242499887943268,0,0.0002599954605102539,0.0002599956060294062
"batch1_0_127|(3,5)",batch1_0_127,0,3,5,"(3, 5)",0,18,0.46153846153846156,0.21301775147928997,0.032660841941833496,0.23196057975292206,0,0.0002047419548034668,0.00020475598284974694
"batch1_0_127|(3,5)",batch1_0_127,0,3,5,"(3, 5)",0,19,0.48717948717948717,0.2373438527284681,0.034378934651613235,0.24132727086544037,0,0.00016510486602783203,0.00016511298599652946
"batch1_0_127|(3,5)",batch1_0_127,0,3,5,"(3, 5)",0,20,0.5128205128205128,0.2629848783694937,0.036086469888687134,0.2505839169025421,0,0.00012159347534179688,0.0001216321688843891
"batch1_0_127|(3,5)",batch1_0_127,0,3,5,"(3, 5)",0,21,0.5384615384615384,0.28994082840236685,0.03777994215488434,0.2596518397331238,0,7.608532905578613e-05,7.610199827468023e-05
"batch1_0_127|(3,5)",batch1_0_127,0,3,5,"(3, 5)",0,22,0.5641025641025641,0.31821170282708744,0.03945768252015114,0.26848429441452026,0,4.07099723815918e-05,4.075253309565596e-05
"batch1_0_127|(3,5)",batch1_0_127,0,3,5,"(3, 5)",0,23,0.5897435897435898,0.3477975016436555,0.04112064838409424,0.2771305441856384,0,1.2010335922241211e-05,1.2013290870527271e-05
"batch1_0_127|(3,5)",batch1_0_127,0,3,5,"(3, 5)",0,24,0.6153846153846154,0.37869822485207105,0.0427643246948719,0.2855633497238159,1,-7.12275505065918e-06,-7.073143024172168e-06
"batch1_0_127|(3,6)",batch1_0_127,0,3,6,"(3, 6)",0,0,0.0,0.0,0.0,0.0,0,0.0028839111328125,0.002884806366637349
"batch1_0_127|(3,6)",batch1_0_127,0,3,6,"(3, 6)",0,1,0.02564102564102564,0.0006574621959237343,0.002023831708356738,0.01611456088721752,0,0.0025386810302734375,0.002539396518841386
"batch1_0_127|(3,6)",batch1_0_127,0,3,6,"(3, 6)",0,2,0.05128205128205128,0.0026298487836949372,0.004009046126157045,0.031815603375434875,0,0.002215862274169922,0.0022161435335874557
"batch1_0_127|(3,6)",batch1_0_127,0,3,6,"(3, 6)",0,3,0.07692307692307693,0.00591715976331361,0.005956854205578566,0.04702247679233551,0,0.0018887519836425781,0.0018890013452619314
"batch1_0_127|(3,6)",batch1_0_127,0,3,6,"(3, 6)",0,4,0.10256410256410256,0.010519395134779749,0.0078623928129673,0.06163483485579491,0,0.0016469955444335938,0.0016470253467559814
"batch1_0_127|(3,6)",batch1_0_127,0,3,6,"(3, 6)",0,5,0.1282051282051282,0.016436554898093356,0.00973246805369854,0.07558737695217133,0,0.0014429092407226562,0.0014430555747821927
"batch1_0_127|(3,6)",batch1_0_127,0,3,6,"(3, 6)",0,6,0.15384615384615385,0.02366863905325444,0.01157335564494133,0.08890672773122787,0,0.001271963119506836,0.0012721663806587458
"batch1_0_127|(3,6)",batch1_0_127,0,3,6,"(3, 6)",0,7,0.1794871794871795,0.032215647600262985,0.01339157484471798,0.10166340321302414,0,0.0011118650436401367,0.001111995312385261
"batch1_0_127|(3,6)",batch1_0_127,0,3,6,"(3, 6)",0,8,0.20512820512820512,0.042077580539118996,0.015190440230071545,0.11380376666784286,0,0.0009733438491821289,0.0009733955375850201
"batch1_0_127|(3,6)",batch1_0_127,0,3,6,"(3, 6)",0,9,0.23076923076923078,0.053254437869822494,0.016976159065961838,0.125399649143219,0,0.0008573532104492188,0.0008574270759709179
"batch1_0_127|(3,6)",batch1_0_127,0,3,6,"(3, 6)",0,10,0.2564102564102564,0.06574621959237342,0.01875736005604267,0.13655711710453033,0,0.0007517337799072266,0.0007518699858337641
"batch1_0_127|(3,6)",batch1_0_127,0,3,6,"(3, 6)",0,11,0.28205128205128205,0.07955292570677186,0.020537666976451874,0.14728622138500214,0,0.0006655454635620117,0.0006656357436440885
"batch1_0_127|(3,6)",batch1_0_127,0,3,6,"(3, 6)",0,12,0.3076923076923077,0.09467455621301776,0.02231725864112377,0.1577760875225067,0,0.0005801916122436523,0.0005803224630653858
"batch1_0_127|(3,6)",batch1_0_127,0,3,6,"(3, 6)",0,13,0.3333333333333333,0.1111111111111111,0.02410317026078701,0.1679806411266327,0,0.0005018711090087891,0.0005019741365686059
"batch1_0_127|(3,6)",batch1_0_127,0,3,6,"(3, 6)",0,14,0.358974358974359,0.12886259040105194,0.025895502418279648,0.17794786393642426,0,0.00043845176696777344,0.00043841611477546394
"batch1_0_127|(3,6)",batch1_0_127,0,3,6,"(3, 6)",0,15,0.38461538461538464,0.14792899408284024,0.027696965262293816,0.18770059943199158,0,0.0003783702850341797,0.0003782658895943314
"batch1_0_127|(3,6)",batch1_0_127,0,3,6,"(3, 6)",0,16,0.41025641025641024,0.16831032215647598,0.02950683981180191,0.19722779095172882,0,0.00030434131622314453,0.00030446352320723236
"batch1_0_127|(3,6)",batch1_0_127,0,3,6,"(3, 6)",0,17,0.4358974358974359,0.19000657462195925,0.031323354691267014,0.2065005749464035,0,0.00024503469467163086,0.00024507855414412916
"batch1_0_127|(3,6)",batch1_0_127,0,3,6,"(3, 6)",0,18,0.46153846153846156,0.21301775147928997,0.03314586356282234,0.21550051867961884,0,0.0001914501190185547,0.00019144480756949633
"batch1_0_127|(3,6)",batch1_0_127,0,3,6,"(3, 6)",0,19,0.48717948717948717,0.2373438527284681,0.0349767804145813,0.22423022985458374,0,0.00014483928680419922,0.0001448678522137925
"batch1_0_127|(3,6)",batch1_0_127,0,3,6,"(3, 6)",0,20,0.5128205128205128,0.2629848783694937,0.03681575879454613,0.23273730278015137,0,0.00010597705841064453,0.00010602153633954003
"batch1_0_127|(3,6)",batch1_0_127,0,3,6,"(3, 6)",0,21,0.5384615384615384,0.28994082840236685,0.038661472499370575,0.24109433591365814,0,6.80088996887207e-05,6.797376408940181e-05
"batch1_0_127|(3,6)",batch1_0_127,0,3,6,"(3, 6)",0,22,0.5641025641025641,0.31821170282708744,0.040512796491384506,0.24932576715946198,0,3.123283386230469e-05,3.1254727218765765e-05
"batch1_0_127|(3,6)",batch1_0_127,0,3,6,"(3, 6)",0,23,0.5897435897435898,0.3477975016436555,0.04236754775047302,0.25743311643600464,0,3.874301910400391e-06,3.884217221639119e-06
"batch1_0_127|(3,6)",batch1_0_127,0,3,6,"(3, 6)",0,24,0.6153846153846154,0.37869822485207105,0.0442245788872242,0.26544415950775146,1,-2.2590160369873047e-05,-2.2591246306546964e-05
"batch1_0_127|(3,7)",batch1_0_127,0,3,7,"(3, 7)",1,0,0.0,0.0,0.0,0.0,0,0.0021170377731323242,0.0021173767745494843
"batch1_0_127|(3,7)",batch1_0_127,0,3,7,"(3, 7)",1,1,0.02564102564102564,0.0006574621959237343,0.002125559840351343,0.017534278333187103,0,0.001897573471069336,0.0018979297019541264
"batch1_0_127|(3,7)",batch1_0_127,0,3,7,"(3, 7)",1,2,0.05128205128205128,0.0026298487836949372,0.004199245013296604,0.03474119305610657,0,0.0017453432083129883,0.0017456691712141037
"batch1_0_127|(3,7)",batch1_0_127,0,3,7,"(3, 7)",1,3,0.07692307692307693,0.00591715976331361,0.006219299044460058,0.05148142948746681,0,0.0015947818756103516,0.0015949464868754148
"batch1_0_127|(3,7)",batch1_0_127,0,3,7,"(3, 7)",1,4,0.10256410256410256,0.010519395134779749,0.008179636672139168,0.06748787313699722,0,0.001438140869140625,0.0014383189845830202
"batch1_0_127|(3,7)",batch1_0_127,0,3,7,"(3, 7)",1,5,0.1282051282051282,0.016436554898093356,0.01008459459990263,0.08263189345598221,0,0.0012792348861694336,0.0012792845955118537
"batch1_0_127|(3,7)",batch1_0_127,0,3,7,"(3, 7)",1,6,0.15384615384615385,0.02366863905325444,0.011938213370740414,0.09676870703697205,0,0.001142740249633789,0.0011428325669839978
"batch1_0_127|(3,7)",batch1_0_127,0,3,7,"(3, 7)",1,7,0.1794871794871795,0.032215647600262985,0.01375453919172287,0.10989633947610855,0,0.0010006427764892578,0.0010006302036345005
"batch1_0_127|(3,7)",batch1_0_127,0,3,7,"(3, 7)",1,8,0.20512820512820512,0.042077580539118996,0.015541678294539452,0.12208590656518936,0,0.0008871555328369141,0.0008872504695318639
"batch1_0_127|(3,7)",batch1_0_127,0,3,7,"(3, 7)",1,9,0.23076923076923078,0.053254437869822494,0.01731501892209053,0.1335896998643875,0,0.0007737874984741211,0.0007738257409073412
"batch1_0_127|(3,7)",batch1_0_127,0,3,7,"(3, 7)",1,10,0.2564102564102564,0.06574621959237342,0.019078237935900688,0.1444915384054184,0,0.0006656646728515625,0.0006657173507846892
"batch1_0_127|(3,7)",batch1_0_127,0,3,7,"(3, 7)",1,11,0.28205128205128205,0.07955292570677186,0.02083832398056984,0.15486690402030945,0,0.0005793571472167969,0.0005794048774987459
"batch1_0_127|(3,7)",batch1_0_127,0,3,7,"(3, 7)",1,12,0.3076923076923077,0.09467455621301776,0.022602295503020287,0.16484589874744415,0,0.00047779083251953125,0.0004778196453116834
"batch1_0_127|(3,7)",batch1_0_127,0,3,7,"(3, 7)",1,13,0.3333333333333333,0.1111111111111111,0.024372925981879234,0.17453168332576752,0,0.000377655029296875,0.00037770302151329815
"batch1_0_127|(3,7)",batch1_0_127,0,3,7,"(3, 7)",1,14,0.358974358974359,0.12886259040105194,0.026152344420552254,0.18396912515163422,0,0.0002791881561279297,0.0002793382736854255
"batch1_0_127|(3,7)",batch1_0_127,0,3,7,"(3, 7)",1,15,0.38461538461538464,0.14792899408284024,0.027941612526774406,0.19320358335971832,0,0.0001634359359741211,0.0001635095977690071
"batch1_0_127|(3,7)",batch1_0_127,0,3,7,"(3, 7)",1,16,0.41025641025641024,0.16831032215647598,0.029738232493400574,0.2021363228559494,0,5.2094459533691406e-05,5.2116414735792205e-05
"batch1_0_127|(3,7)",batch1_0_127,0,3,7,"(3, 7)",1,17,0.4358974358974359,0.19000657462195925,0.031545426696538925,0.21078813076019287,1,-6.246566772460938e-05,-6.239310459932312e-05
"batch1_0_127|(4,5)",batch1_0_127,0,4,5,"(4, 5)",0,0,0.0,0.0,0.0,0.0,0,0.0021657943725585938,0.0021661429200321436
"batch1_0_127|(4,5)",batch1_0_127,0,4,5,"(4, 5)",0,1,0.02564102564102564,0.0006574621959237343,0.001942586270160973,0.01740841194987297,0,0.0018780231475830078,0.001878267154097557
"batch1_0_127|(4,5)",batch1_0_127,0,4,5,"(4, 5)",0,2,0.05128205128205128,0.0026298487836949372,0.0038570049218833447,0.034552332013845444,0,0.00164031982421875,0.0016406928189098835
"batch1_0_127|(4,5)",batch1_0_127,0,4,5,"(4, 5)",0,3,0.07692307692307693,0.00591715976331361,0.0057396432384848595,0.05140666291117668,0,0.0014293193817138672,0.0014296849258244038
"batch1_0_127|(4,5)",batch1_0_127,0,4,5,"(4, 5)",0,4,0.10256410256410256,0.010519395134779749,0.007583838887512684,0.06753670424222946,0,0.0012470483779907227,0.0012472000671550632
"batch1_0_127|(4,5)",batch1_0_127,0,4,5,"(4, 5)",0,5,0.1282051282051282,0.016436554898093356,0.009402166120707989,0.08294444531202316,0,0.0010981559753417969,0.0010982942767441273
"batch1_0_127|(4,5)",batch1_0_127,0,4,5,"(4, 5)",0,6,0.15384615384615385,0.02366863905325444,0.011198802851140499,0.09747989475727081,0,0.0009675025939941406,0.0009676977642811835
"batch1_0_127|(4,5)",batch1_0_127,0,4,5,"(4, 5)",0,7,0.1794871794871795,0.032215647600262985,0.012987489812076092,0.1112850159406662,0,0.0008844137191772461,0.0008844360709190369
"batch1_0_127|(4,5)",batch1_0_127,0,4,5,"(4, 5)",0,8,0.20512820512820512,0.042077580539118996,0.014777954667806625,0.1244499534368515,0,0.0007969141006469727,0.0007968997815623879
"batch1_0_127|(4,5)",batch1_0_127,0,4,5,"(4, 5)",0,9,0.23076923076923078,0.053254437869822494,0.016573216766119003,0.13709305226802826,0,0.0007421970367431641,0.0007422850467264652
"batch1_0_127|(4,5)",batch1_0_127,0,4,5,"(4, 5)",0,10,0.2564102564102564,0.06574621959237342,0.018381303176283836,0.14941595494747162,0,0.0006860494613647461,0.000686080486048013
"batch1_0_127|(4,5)",batch1_0_127,0,4,5,"(4, 5)",0,11,0.28205128205128205,0.07955292570677186,0.020201392471790314,0.16150198876857758,0,0.0006518363952636719,0.000651867943815887
"batch1_0_127|(4,5)",batch1_0_127,0,4,5,"(4, 5)",0,12,0.3076923076923077,0.09467455621301776,0.022035494446754456,0.173381969332695,0,0.0006036162376403809,0.000603837484959513
"batch1_0_127|(4,5)",batch1_0_127,0,4,5,"(4, 5)",0,13,0.3333333333333333,0.1111111111111111,0.023878352716565132,0.18514204025268555,0,0.0005438327789306641,0.0005439137457869947
"batch1_0_127|(4,5)",batch1_0_127,0,4,5,"(4, 5)",0,14,0.358974358974359,0.12886259040105194,0.025726478546857834,0.19667483866214752,0,0.0004938840866088867,0.0004939289065077901
"batch1_0_127|(4,5)",batch1_0_127,0,4,5,"(4, 5)",0,15,0.38461538461538464,0.14792899408284024,0.027577057480812073,0.20806154608726501,0,0.00043761730194091797,0.00043769244803115726
"batch1_0_127|(4,5)",batch1_0_127,0,4,5,"(4, 5)",0,16,0.41025641025641024,0.16831032215647598,0.029424196109175682,0.2192426323890686,0,0.00039249658584594727,0.00039259615004993975
"batch1_0_127|(4,5)",batch1_0_127,0,4,5,"(4, 5)",0,17,0.4358974358974359,0.19000657462195925,0.03126361593604088,0.23016801476478577,0,0.00036072731018066406,0.00036075362004339695
"batch1_0_127|(4,5)",batch1_0_127,0,4,5,"(4, 5)",0,18,0.46153846153846156,0.21301775147928997,0.033094409853219986,0.24072855710983276,0,0.00032258033752441406,0.0003226571425329894
"batch1_0_127|(4,5)",batch1_0_127,0,4,5,"(4, 5)",0,19,0.48717948717948717,0.2373438527284681,0.03491555526852608,0.2510618269443512,0,0.0002843141555786133,0.00028438051231205463
"batch1_0_127|(4,5)",batch1_0_127,0,4,5,"(4, 5)",0,20,0.5128205128205128,0.2629848783694937,0.0367230661213398,0.26108235120773315,0,0.00025010108947753906,0.0002501599374227226
"batch1_0_127|(4,5)",batch1_0_127,0,4,5,"(4, 5)",0,21,0.5384615384615384,0.28994082840236685,0.03851604461669922,0.2707865834236145,0,0.00021409988403320312,0.00021412108617369086
"batch1_0_127|(4,5)",batch1_0_127,0,4,5,"(4, 5)",0,22,0.5641025641025641,0.31821170282708744,0.040291059762239456,0.28013259172439575,0,0.00018221139907836914,0.00018223961524199694
"batch1_0_127|(4,5)",batch1_0_127,0,4,5,"(4, 5)",0,23,0.5897435897435898,0.3477975016436555,0.04204777255654335,0.28916049003601074,0,0.00014722347259521484,0.00014724241918884218
"batch1_0_127|(4,5)",batch1_0_127,0,4,5,"(4, 5)",0,24,0.6153846153846154,0.37869822485207105,0.04378311708569527,0.2979223430156708,0,0.00011980533599853516,0.00011987098696408793
"batch1_0_127|(4,5)",batch1_0_127,0,4,5,"(4, 5)",0,25,0.6410256410256411,0.4109138724523341,0.04549587890505791,0.30633825063705444,0,9.864568710327148e-05,9.866865002550185e-05
"batch1_0_127|(4,5)",batch1_0_127,0,4,5,"(4, 5)",0,26,0.6666666666666666,0.4444444444444444,0.04718250408768654,0.31446611881256104,0,7.891654968261719e-05,7.894665759522468e-05
"batch1_0_127|(4,5)",batch1_0_127,0,4,5,"(4, 5)",0,27,0.6923076923076923,0.4792899408284023,0.04883727431297302,0.3223344087600708,0,6.449222564697266e-05,6.454936374211684e-05
"batch1_0_127|(4,5)",batch1_0_127,0,4,5,"(4, 5)",0,28,0.717948717948718,0.5154503616042078,0.050462640821933746,0.3299972116947174,0,4.76837158203125e-05,4.7710178478155285e-05
"batch1_0_127|(4,5)",batch1_0_127,0,4,5,"(4, 5)",0,29,0.7435897435897436,0.5529257067718607,0.05205128341913223,0.3374280035495758,0,3.358721733093262e-05,3.3628901292104274e-05
"batch1_0_127|(4,5)",batch1_0_127,0,4,5,"(4, 5)",0,30,0.7692307692307693,0.591715976331361,0.05360734090209007,0.3446716070175171,0,2.3037195205688477e-05,2.307929753442295e-05
"batch1_0_127|(4,5)",batch1_0_127,0,4,5,"(4, 5)",0,31,0.7948717948717948,0.6318211702827087,0.05512614548206329,0.35171887278556824,0,1.3202428817749023e-05,1.3194375242164824e-05
"batch1_0_127|(4,5)",batch1_0_127,0,4,5,"(4, 5)",0,32,0.8205128205128205,0.6732412886259039,0.05660855397582054,0.35856765508651733,0,4.410743713378906e-06,4.432497917150613e-06
"batch1_0_127|(4,5)",batch1_0_127,0,4,5,"(4, 5)",0,33,0.8461538461538461,0.7159763313609467,0.058051347732543945,0.36519959568977356,1,-2.3245811462402344e-06,-2.347966528759571e-06
"batch1_0_127|(4,6)",batch1_0_127,0,4,6,"(4, 6)",0,0,0.0,0.0,0.0,0.0,0,0.003322124481201172,0.0033229875843971968
"batch1_0_127|(4,6)",batch1_0_127,0,4,6,"(4, 6)",0,1,0.02564102564102564,0.0006574621959237343,0.00193244859110564,0.016149071976542473,0,0.0029854774475097656,0.0029860069043934345
"batch1_0_127|(4,6)",batch1_0_127,0,4,6,"(4, 6)",0,2,0.05128205128205128,0.0026298487836949372,0.003847472369670868,0.032176487147808075,0,0.002619028091430664,0.0026191826909780502
"batch1_0_127|(4,6)",batch1_0_127,0,4,6,"(4, 6)",0,3,0.07692307692307693,0.00591715976331361,0.0057440707460045815,0.04796373471617699,0,0.002287626266479492,0.0022877829615026712
"batch1_0_127|(4,6)",batch1_0_127,0,4,6,"(4, 6)",0,4,0.10256410256410256,0.010519395134779749,0.007618683855980635,0.06324215978384018,0,0.0020017623901367188,0.0020021426025778055
"batch1_0_127|(4,6)",batch1_0_127,0,4,6,"(4, 6)",0,5,0.1282051282051282,0.016436554898093356,0.009464506059885025,0.0776793360710144,0,0.0017657279968261719,0.0017658342840149999
"batch1_0_127|(4,6)",batch1_0_127,0,4,6,"(4, 6)",0,6,0.15384615384615385,0.02366863905325444,0.011297374963760376,0.0914444550871849,0,0.0015671253204345703,0.0015674205496907234
"batch1_0_127|(4,6)",batch1_0_127,0,4,6,"(4, 6)",0,7,0.1794871794871795,0.032215647600262985,0.013119985349476337,0.10446999967098236,0,0.0013918876647949219,0.0013918827753514051
"batch1_0_127|(4,6)",batch1_0_127,0,4,6,"(4, 6)",0,8,0.20512820512820512,0.042077580539118996,0.014938408508896828,0.11695680022239685,0,0.0012695789337158203,0.0012697757920250297
"batch1_0_127|(4,6)",batch1_0_127,0,4,6,"(4, 6)",0,9,0.23076923076923078,0.053254437869822494,0.016758516430854797,0.12899339199066162,0,0.0011445283889770508,0.0011447463184595108
"batch1_0_127|(4,6)",batch1_0_127,0,4,6,"(4, 6)",0,10,0.2564102564102564,0.06574621959237342,0.01858470030128956,0.14067323505878448,0,0.001064300537109375,0.0010644432622939348
"batch1_0_127|(4,6)",batch1_0_127,0,4,6,"(4, 6)",0,11,0.28205128205128205,0.07955292570677186,0.02042396552860737,0.1521284133195877,0,0.0009837150573730469,0.0009838035330176353
"batch1_0_127|(4,6)",batch1_0_127,0,4,6,"(4, 6)",0,12,0.3076923076923077,0.09467455621301776,0.0222752895206213,0.16339540481567383,0,0.0008994340896606445,0.0008995404350571334
"batch1_0_127|(4,6)",batch1_0_127,0,4,6,"(4, 6)",0,13,0.3333333333333333,0.1111111111111111,0.024137962609529495,0.17434409260749817,0,0.0008008480072021484,0.0008008845034055412
"batch1_0_127|(4,6)",batch1_0_127,0,4,6,"(4, 6)",0,14,0.358974358974359,0.12886259040105194,0.026014160364866257,0.1850259155035019,0,0.0006890296936035156,0.0006892221863381565
"batch1_0_127|(4,6)",batch1_0_127,0,4,6,"(4, 6)",0,15,0.38461538461538464,0.14792899408284024,0.02790302038192749,0.19533781707286835,0,0.000588536262512207,0.0005884746205992997
"batch1_0_127|(4,6)",batch1_0_127,0,4,6,"(4, 6)",0,16,0.41025641025641024,0.16831032215647598,0.029801856726408005,0.20529630780220032,0,0.0005110502243041992,0.0005110913189128041
"batch1_0_127|(4,6)",batch1_0_127,0,4,6,"(4, 6)",0,17,0.4358974358974359,0.19000657462195925,0.031714241951704025,0.21499750018119812,0,0.0004532337188720703,0.0004533870960585773
"batch1_0_127|(4,6)",batch1_0_127,0,4,6,"(4, 6)",0,18,0.46153846153846156,0.21301775147928997,0.03363918513059616,0.22447991371154785,0,0.0003879070281982422,0.0003880161384586245
"batch1_0_127|(4,6)",batch1_0_127,0,4,6,"(4, 6)",0,19,0.48717948717948717,0.2373438527284681,0.03557382896542549,0.2338142991065979,0,0.0003184080123901367,0.00031853033578954637
"batch1_0_127|(4,6)",batch1_0_127,0,4,6,"(4, 6)",0,20,0.5128205128205128,0.2629848783694937,0.03752041235566139,0.24297484755516052,0,0.0002601146697998047,0.00026030532899312675
"batch1_0_127|(4,6)",batch1_0_127,0,4,6,"(4, 6)",0,21,0.5384615384615384,0.28994082840236685,0.03947417438030243,0.25204914808273315,0,0.0002130270004272461,0.00021308085706550628
"batch1_0_127|(4,6)",batch1_0_127,0,4,6,"(4, 6)",0,22,0.5641025641025641,0.31821170282708744,0.041430991142988205,0.26099687814712524,0,0.0001760721206665039,0.00017610896611586213
"batch1_0_127|(4,6)",batch1_0_127,0,4,6,"(4, 6)",0,23,0.5897435897435898,0.3477975016436555,0.04338790103793144,0.26990020275115967,0,0.00013589859008789062,0.00013595653581432998
"batch1_0_127|(4,6)",batch1_0_127,0,4,6,"(4, 6)",0,24,0.6153846153846154,0.37869822485207105,0.045343417674303055,0.2786853611469269,0,0.00011181831359863281,0.00011180646106367931
"batch1_0_127|(4,6)",batch1_0_127,0,4,6,"(4, 6)",0,25,0.6410256410256411,0.4109138724523341,0.04729389771819115,0.2873747646808624,0,8.368492126464844e-05,8.371759031433612e-05
"batch1_0_127|(4,6)",batch1_0_127,0,4,6,"(4, 6)",0,26,0.6666666666666666,0.4444444444444444,0.04923423007130623,0.29594215750694275,0,7.009506225585938e-05,7.002379425102845e-05
"batch1_0_127|(4,6)",batch1_0_127,0,4,6,"(4, 6)",0,27,0.6923076923076923,0.4792899408284023,0.051160506904125214,0.3043763339519501,0,4.935264587402344e-05,4.9507496441947296e-05
"batch1_0_127|(4,6)",batch1_0_127,0,4,6,"(4, 6)",0,28,0.717948717948718,0.5154503616042078,0.053069520741701126,0.31264859437942505,0,2.205371856689453e-05,2.2061332856537774e-05
"batch1_0_127|(4,6)",batch1_0_127,0,4,6,"(4, 6)",0,29,0.7435897435897436,0.5529257067718607,0.05495714396238327,0.32076117396354675,1,-4.410743713378906e-06,-4.300763521314366e-06
"batch1_0_127|(4,7)",batch1_0_127,0,4,7,"(4, 7)",1,0,0.0,0.0,0.0,0.0,0,0.002730131149291992,0.002730416366830468
"batch1_0_127|(4,7)",batch1_0_127,0,4,7,"(4, 7)",1,1,0.02564102564102564,0.0006574621959237343,0.00200097169727087,0.018482282757759094,0,0.0022606849670410156,0.0022613692563027143
"batch1_0_127|(4,7)",batch1_0_127,0,4,7,"(4, 7)",1,2,0.05128205128205128,0.0026298487836949372,0.003973195794969797,0.03683330491185188,0,0.0019044876098632812,0.0019047223031520844
"batch1_0_127|(4,7)",batch1_0_127,0,4,7,"(4, 7)",1,3,0.07692307692307693,0.00591715976331361,0.005909374449402094,0.05483175069093704,0,0.0016074180603027344,0.001607583835721016
"batch1_0_127|(4,7)",batch1_0_127,0,4,7,"(4, 7)",1,4,0.10256410256410256,0.010519395134779749,0.00780635979026556,0.07203979045152664,0,0.001366734504699707,0.0013668382307514548
"batch1_0_127|(4,7)",batch1_0_127,0,4,7,"(4, 7)",1,5,0.1282051282051282,0.016436554898093356,0.009662431664764881,0.08795926719903946,0,0.0011582374572753906,0.0011583586456254125
"batch1_0_127|(4,7)",batch1_0_127,0,4,7,"(4, 7)",1,6,0.15384615384615385,0.02366863905325444,0.011488519608974457,0.10273729264736176,0,0.000946044921875,0.0009462378220632672
"batch1_0_127|(4,7)",batch1_0_127,0,4,7,"(4, 7)",1,7,0.1794871794871795,0.032215647600262985,0.013288441114127636,0.11628572642803192,0,0.000748753547668457,0.0007487019756808877
"batch1_0_127|(4,7)",batch1_0_127,0,4,7,"(4, 7)",1,8,0.20512820512820512,0.042077580539118996,0.01507547590881586,0.1287449449300766,0,0.0005954504013061523,0.0005954745574854314
"batch1_0_127|(4,7)",batch1_0_127,0,4,7,"(4, 7)",1,9,0.23076923076923078,0.053254437869822494,0.016862567514181137,0.14035391807556152,0,0.0004630088806152344,0.00046300713438540697
"batch1_0_127|(4,7)",batch1_0_127,0,4,7,"(4, 7)",1,10,0.2564102564102564,0.06574621959237342,0.01865963824093342,0.15124715864658356,0,0.00034606456756591797,0.0003460595617070794
"batch1_0_127|(4,7)",batch1_0_127,0,4,7,"(4, 7)",1,11,0.28205128205128205,0.07955292570677186,0.020474225282669067,0.16154421865940094,0,0.00022852420806884766,0.00022858438023831695
"batch1_0_127|(4,7)",batch1_0_127,0,4,7,"(4, 7)",1,12,0.3076923076923077,0.09467455621301776,0.02230498567223549,0.17129316926002502,0,0.00012290477752685547,0.00012293198960833251
"batch1_0_127|(4,7)",batch1_0_127,0,4,7,"(4, 7)",1,13,0.3333333333333333,0.1111111111111111,0.024158034473657608,0.18056544661521912,0,2.5093555450439453e-05,2.5123074010480195e-05
"batch1_0_127|(4,7)",batch1_0_127,0,4,7,"(4, 7)",1,14,0.358974358974359,0.12886259040105194,0.02603481337428093,0.18949806690216064,1,-8.404254913330078e-05,-8.40626162244007e-05
"batch1_0_127|(5,6)",batch1_0_127,0,5,6,"(5, 6)",0,0,0.0,0.0,0.0,0.0,0,0.0029642581939697266,0.002965129679068923
"batch1_0_127|(5,6)",batch1_0_127,0,5,6,"(5, 6)",0,1,0.02564102564102564,0.0006574621959237343,0.0020575199741870165,0.016803449019789696,0,0.0026023387908935547,0.0026030195876955986
"batch1_0_127|(5,6)",batch1_0_127,0,5,6,"(5, 6)",0,2,0.05128205128205128,0.0026298487836949372,0.0040665012784302235,0.03340927138924599,0,0.0022335052490234375,0.002233774634078145
"batch1_0_127|(5,6)",batch1_0_127,0,5,6,"(5, 6)",0,3,0.07692307692307693,0.00591715976331361,0.006026534829288721,0.04978417977690697,0,0.0018951892852783203,0.0018956572748720646
"batch1_0_127|(5,6)",batch1_0_127,0,5,6,"(5, 6)",0,4,0.10256410256410256,0.010519395134779749,0.0079379603266716,0.06587458401918411,0,0.0016149282455444336,0.001615299261175096
"batch1_0_127|(5,6)",batch1_0_127,0,5,6,"(5, 6)",0,5,0.1282051282051282,0.016436554898093356,0.00980003084987402,0.08139801770448685,0,0.0013966560363769531,0.0013969525462016463
"batch1_0_127|(5,6)",batch1_0_127,0,5,6,"(5, 6)",0,6,0.15384615384615385,0.02366863905325444,0.01162741333246231,0.09653210639953613,0,0.001203775405883789,0.0012039323337376118
"batch1_0_127|(5,6)",batch1_0_127,0,5,6,"(5, 6)",0,7,0.1794871794871795,0.032215647600262985,0.01342533528804779,0.11111442744731903,0,0.0010384321212768555,0.0010385432979092002
"batch1_0_127|(5,6)",batch1_0_127,0,5,6,"(5, 6)",0,8,0.20512820512820512,0.042077580539118996,0.015201311558485031,0.12516522407531738,0,0.0009171962738037109,0.0009174087317660451
"batch1_0_127|(5,6)",batch1_0_127,0,5,6,"(5, 6)",0,9,0.23076923076923078,0.053254437869822494,0.016960345208644867,0.1387365609407425,0,0.0007796287536621094,0.0007797856233082712
"batch1_0_127|(5,6)",batch1_0_127,0,5,6,"(5, 6)",0,10,0.2564102564102564,0.06574621959237342,0.01870277151465416,0.15176989138126373,0,0.0006746053695678711,0.0006747389561496675
"batch1_0_127|(5,6)",batch1_0_127,0,5,6,"(5, 6)",0,11,0.28205128205128205,0.07955292570677186,0.020439617335796356,0.1642812192440033,0,0.0005826950073242188,0.0005827258573845029
"batch1_0_127|(5,6)",batch1_0_127,0,5,6,"(5, 6)",0,12,0.3076923076923077,0.09467455621301776,0.022175660356879234,0.17636413872241974,0,0.0004734992980957031,0.00047355846618302166
"batch1_0_127|(5,6)",batch1_0_127,0,5,6,"(5, 6)",0,13,0.3333333333333333,0.1111111111111111,0.02391279675066471,0.18804366886615753,0,0.0003947615623474121,0.00039482282591052353
"batch1_0_127|(5,6)",batch1_0_127,0,5,6,"(5, 6)",0,14,0.358974358974359,0.12886259040105194,0.025648795068264008,0.1991887092590332,0,0.00033611059188842773,0.0003361445851624012
"batch1_0_127|(5,6)",batch1_0_127,0,5,6,"(5, 6)",0,15,0.38461538461538464,0.14792899408284024,0.027389056980609894,0.20997057855129242,0,0.00028693675994873047,0.0002870049502234906
"batch1_0_127|(5,6)",batch1_0_127,0,5,6,"(5, 6)",0,16,0.41025641025641024,0.16831032215647598,0.02912912331521511,0.2204577773809433,0,0.0002442002296447754,0.00024428608594462276
"batch1_0_127|(5,6)",batch1_0_127,0,5,6,"(5, 6)",0,17,0.4358974358974359,0.19000657462195925,0.030865509063005447,0.23071765899658203,0,0.00020354986190795898,0.00020352705905679613
"batch1_0_127|(5,6)",batch1_0_127,0,5,6,"(5, 6)",0,18,0.46153846153846156,0.21301775147928997,0.03259832412004471,0.2407892793416977,0,0.00016689300537109375,0.00016695460362825543
"batch1_0_127|(5,6)",batch1_0_127,0,5,6,"(5, 6)",0,19,0.48717948717948717,0.2373438527284681,0.03432079032063484,0.25068676471710205,0,0.0001417398452758789,0.00014176401600707322
"batch1_0_127|(5,6)",batch1_0_127,0,5,6,"(5, 6)",0,20,0.5128205128205128,0.2629848783694937,0.036027759313583374,0.2603212594985962,0,0.00011599063873291016,0.00011603158054640517
"batch1_0_127|(5,6)",batch1_0_127,0,5,6,"(5, 6)",0,21,0.5384615384615384,0.28994082840236685,0.037719182670116425,0.2696699798107147,0,9.614229202270508e-05,9.6172108897008e-05
"batch1_0_127|(5,6)",batch1_0_127,0,5,6,"(5, 6)",0,22,0.5641025641025641,0.31821170282708744,0.03939364105463028,0.2786884307861328,0,8.404254913330078e-05,8.405663538724184e-05
"batch1_0_127|(5,6)",batch1_0_127,0,5,6,"(5, 6)",0,23,0.5897435897435898,0.3477975016436555,0.04104595258831978,0.2874225378036499,0,7.364153861999512e-05,7.364195334957913e-05
"batch1_0_127|(5,6)",batch1_0_127,0,5,6,"(5, 6)",0,24,0.6153846153846154,0.37869822485207105,0.04267490282654762,0.29589658975601196,0,6.300210952758789e-05,6.300597306108102e-05
"batch1_0_127|(5,6)",batch1_0_127,0,5,6,"(5, 6)",0,25,0.6410256410256411,0.4109138724523341,0.044276926666498184,0.3040945827960968,0,5.5223703384399414e-05,5.522706123883836e-05
"batch1_0_127|(5,6)",batch1_0_127,0,5,6,"(5, 6)",0,26,0.6666666666666666,0.4444444444444444,0.0458526685833931,0.3120550811290741,0,4.5627355575561523e-05,4.5620072341989726e-05
"batch1_0_127|(5,6)",batch1_0_127,0,5,6,"(5, 6)",0,27,0.6923076923076923,0.4792899408284023,0.04740050807595253,0.3197273910045624,0,4.0471553802490234e-05,4.05002647312358e-05
"batch1_0_127|(5,6)",batch1_0_127,0,5,6,"(5, 6)",0,28,0.717948717948718,0.5154503616042078,0.04891876131296158,0.32711631059646606,0,3.485381603240967e-05,3.484037006273866e-05
"batch1_0_127|(5,6)",batch1_0_127,0,5,6,"(5, 6)",0,29,0.7435897435897436,0.5529257067718607,0.05040588602423668,0.3342594504356384,0,2.9385089874267578e-05,2.9389231713139452e-05
"batch1_0_127|(5,6)",batch1_0_127,0,5,6,"(5, 6)",0,30,0.7692307692307693,0.591715976331361,0.051859743893146515,0.34117093682289124,0,2.5466084480285645e-05,2.5478295356151648e-05
"batch1_0_127|(5,6)",batch1_0_127,0,5,6,"(5, 6)",0,31,0.7948717948717948,0.6318211702827087,0.05327979102730751,0.3478761613368988,0,1.9244849681854248e-05,1.9259432519902475e-05
"batch1_0_127|(5,6)",batch1_0_127,0,5,6,"(5, 6)",0,32,0.8205128205128205,0.6732412886259039,0.05466073006391525,0.3543161451816559,0,1.5988945960998535e-05,1.5985584468580782e-05
"batch1_0_127|(5,6)",batch1_0_127,0,5,6,"(5, 6)",0,33,0.8461538461538461,0.7159763313609467,0.056006647646427155,0.36053356528282166,0,1.379847526550293e-05,1.3802320609102026e-05
"batch1_0_127|(5,6)",batch1_0_127,0,5,6,"(5, 6)",0,34,0.8717948717948718,0.760026298487837,0.05732061341404915,0.36656638979911804,0,1.0274350643157959e-05,1.0276830835209694e-05
"batch1_0_127|(5,6)",batch1_0_127,0,5,6,"(5, 6)",0,35,0.8974358974358975,0.8053911900065747,0.05860116705298424,0.3723828196525574,0,8.165836334228516e-06,8.166463885572739e-06
"batch1_0_127|(5,6)",batch1_0_127,0,5,6,"(5, 6)",0,36,0.9230769230769231,0.8520710059171599,0.0598490908741951,0.37800347805023193,0,7.510185241699219e-06,7.519647169829113e-06
"batch1_0_127|(5,6)",batch1_0_127,0,5,6,"(5, 6)",0,37,0.9487179487179487,0.9000657462195923,0.061064429581165314,0.3834575116634369,0,6.586313247680664e-06,6.58454155200161e-06
"batch1_0_127|(5,6)",batch1_0_127,0,5,6,"(5, 6)",0,38,0.9743589743589743,0.9493754109138725,0.062247321009635925,0.3887249827384949,0,5.804002285003662e-06,5.799527116323588e-06
"batch1_0_127|(5,6)",batch1_0_127,0,5,6,"(5, 6)",0,39,1.0,1.0,0.06340046226978302,0.39381179213523865,0,4.67151403427124e-06,4.677246124629164e-06
"batch1_0_127|(5,7)",batch1_0_127,0,5,7,"(5, 7)",1,0,0.0,0.0,0.0,0.0,0,0.0018873214721679688,0.0018876948161050677
"batch1_0_127|(5,7)",batch1_0_127,0,5,7,"(5, 7)",1,1,0.02564102564102564,0.0006574621959237343,0.002157083712518215,0.01881047710776329,0,0.0016578435897827148,0.0016582695534452796
"batch1_0_127|(5,7)",batch1_0_127,0,5,7,"(5, 7)",1,2,0.05128205128205128,0.0026298487836949372,0.0042539737187325954,0.03743896260857582,0,0.0015146732330322266,0.0015148392412811518
"batch1_0_127|(5,7)",batch1_0_127,0,5,7,"(5, 7)",1,3,0.07692307692307693,0.00591715976331361,0.006282764952629805,0.055527254939079285,0,0.001383662223815918,0.0013838016893714666
"batch1_0_127|(5,7)",batch1_0_127,0,5,7,"(5, 7)",1,4,0.10256410256410256,0.010519395134779749,0.00824230257421732,0.07276824861764908,0,0.0012307167053222656,0.0012309233425185084
"batch1_0_127|(5,7)",batch1_0_127,0,5,7,"(5, 7)",1,5,0.1282051282051282,0.016436554898093356,0.010140429250895977,0.08895175904035568,0,0.0010914802551269531,0.001091664656996727
"batch1_0_127|(5,7)",batch1_0_127,0,5,7,"(5, 7)",1,6,0.15384615384615385,0.02366863905325444,0.011992077343165874,0.10408803075551987,0,0.0009300708770751953,0.0009303505648858845
"batch1_0_127|(5,7)",batch1_0_127,0,5,7,"(5, 7)",1,7,0.1794871794871795,0.032215647600262985,0.013809322379529476,0.11834760010242462,0,0.000784754753112793,0.0007848989334888756
"batch1_0_127|(5,7)",batch1_0_127,0,5,7,"(5, 7)",1,8,0.20512820512820512,0.042077580539118996,0.01559912133961916,0.1316458284854889,0,0.0006335973739624023,0.0006336341612040997
"batch1_0_127|(5,7)",batch1_0_127,0,5,7,"(5, 7)",1,9,0.23076923076923078,0.053254437869822494,0.017375769093632698,0.1440785676240921,0,0.0005289316177368164,0.0005289627588354051
"batch1_0_127|(5,7)",batch1_0_127,0,5,7,"(5, 7)",1,10,0.2564102564102564,0.06574621959237342,0.019154133275151253,0.15592752397060394,0,0.00041937828063964844,0.0004192812484689057
"batch1_0_127|(5,7)",batch1_0_127,0,5,7,"(5, 7)",1,11,0.28205128205128205,0.07955292570677186,0.020939255133271217,0.16724100708961487,0,0.00031375885009765625,0.00031379127176478505
"batch1_0_127|(5,7)",batch1_0_127,0,5,7,"(5, 7)",1,12,0.3076923076923077,0.09467455621301776,0.02273721620440483,0.1780456155538559,0,0.00021970272064208984,0.00021975305571686476
"batch1_0_127|(5,7)",batch1_0_127,0,5,7,"(5, 7)",1,13,0.3333333333333333,0.1111111111111111,0.024549586698412895,0.18840374052524567,0,0.0001246929168701172,0.0001247351465281099
"batch1_0_127|(5,7)",batch1_0_127,0,5,7,"(5, 7)",1,14,0.358974358974359,0.12886259040105194,0.026377353817224503,0.19832690060138702,0,2.5272369384765625e-05,2.5345174435642548e-05
"batch1_0_127|(5,7)",batch1_0_127,0,5,7,"(5, 7)",1,15,0.38461538461538464,0.14792899408284024,0.02822173200547695,0.2078211009502411,1,-6.03795051574707e-05,-6.029329597367905e-05
"batch1_0_127|(6,7)",batch1_0_127,0,6,7,"(6, 7)",1,0,0.0,0.0,0.0,0.0,0,0.003168344497680664,0.0031690329778939486
"batch1_0_127|(6,7)",batch1_0_127,0,6,7,"(6, 7)",1,1,0.02564102564102564,0.0006574621959237343,0.002074955962598324,0.01730344071984291,0,0.0027115345001220703,0.0027121452149003744
"batch1_0_127|(6,7)",batch1_0_127,0,6,7,"(6, 7)",1,2,0.05128205128205128,0.0026298487836949372,0.004110127687454224,0.03429200127720833,0,0.0023272037506103516,0.0023275003768503666
"batch1_0_127|(6,7)",batch1_0_127,0,6,7,"(6, 7)",1,3,0.07692307692307693,0.00591715976331361,0.006109294947236776,0.05081399530172348,0,0.0019898414611816406,0.001990007236599922
"batch1_0_127|(6,7)",batch1_0_127,0,6,7,"(6, 7)",1,4,0.10256410256410256,0.010519395134779749,0.008071394637227058,0.0667685866355896,0,0.001705169677734375,0.0017055644420906901
"batch1_0_127|(6,7)",batch1_0_127,0,6,7,"(6, 7)",1,5,0.1282051282051282,0.016436554898093356,0.010001091286540031,0.08197090029716492,0,0.0014793872833251953,0.0014795921742916107
"batch1_0_127|(6,7)",batch1_0_127,0,6,7,"(6, 7)",1,6,0.15384615384615385,0.02366863905325444,0.011908621527254581,0.09649591892957687,0,0.0012791156768798828,0.001279293093830347
"batch1_0_127|(6,7)",batch1_0_127,0,6,7,"(6, 7)",1,7,0.1794871794871795,0.032215647600262985,0.013799072243273258,0.11024972051382065,0,0.0010836124420166016,0.0010836831061169505
"batch1_0_127|(6,7)",batch1_0_127,0,6,7,"(6, 7)",1,8,0.20512820512820512,0.042077580539118996,0.015676524490118027,0.12336264550685883,0,0.0009205341339111328,0.0009205855894833803
"batch1_0_127|(6,7)",batch1_0_127,0,6,7,"(6, 7)",1,9,0.23076923076923078,0.053254437869822494,0.017546862363815308,0.13580164313316345,0,0.0007576942443847656,0.0007576122879981995
"batch1_0_127|(6,7)",batch1_0_127,0,6,7,"(6, 7)",1,10,0.2564102564102564,0.06574621959237342,0.01941484771668911,0.1476096212863922,0,0.0006349086761474609,0.0006349068135023117
"batch1_0_127|(6,7)",batch1_0_127,0,6,7,"(6, 7)",1,11,0.28205128205128205,0.07955292570677186,0.021287593990564346,0.1589873880147934,0,0.0005259513854980469,0.0005260385805740952
"batch1_0_127|(6,7)",batch1_0_127,0,6,7,"(6, 7)",1,12,0.3076923076923077,0.09467455621301776,0.023164065554738045,0.16991069912910461,0,0.00040268898010253906,0.0004026518727187067
"batch1_0_127|(6,7)",batch1_0_127,0,6,7,"(6, 7)",1,13,0.3333333333333333,0.1111111111111111,0.02504562959074974,0.18032240867614746,0,0.0002778768539428711,0.00027803692501038313
"batch1_0_127|(6,7)",batch1_0_127,0,6,7,"(6, 7)",1,14,0.358974358974359,0.12886259040105194,0.026933597400784492,0.1902112066745758,0,0.00017714500427246094,0.00017719663446769118
"batch1_0_127|(6,7)",batch1_0_127,0,6,7,"(6, 7)",1,15,0.38461538461538464,0.14792899408284024,0.02882848121225834,0.1996532380580902,0,7.68899917602539e-05,7.695266685914248e-05
"batch1_0_127|(6,7)",batch1_0_127,0,6,7,"(6, 7)",1,16,0.41025641025641024,0.16831032215647598,0.03073170967400074,0.2086438238620758,0,4.410743713378906e-06,4.379942765808664e-06
"batch1_0_127|(6,7)",batch1_0_127,0,6,7,"(6, 7)",1,17,0.4358974358974359,0.19000657462195925,0.032646991312503815,0.21736155450344086,1,-5.269050598144531e-05,-5.2674979087896645e-05
"batch2_128_255|(0,1)",batch2_128_255,1,0,1,"(0, 1)",0,0,0.0,0.0,0.0,0.0,0,0.0010792016983032227,0.0010793975088745356
"batch2_128_255|(0,1)",batch2_128_255,1,0,1,"(0, 1)",0,1,0.02564102564102564,0.0006574621959237343,0.0018053888343274593,0.012752636335790157,0,0.0010006427764892578,0.0010007919045165181
"batch2_128_255|(0,1)",batch2_128_255,1,0,1,"(0, 1)",0,2,0.05128205128205128,0.0026298487836949372,0.003583007026463747,0.025310946628451347,0,0.0009260177612304688,0.0009260811493732035
"batch2_128_255|(0,1)",batch2_128_255,1,0,1,"(0, 1)",0,3,0.07692307692307693,0.00591715976331361,0.005337811540812254,0.037737224251031876,0,0.0008631348609924316,0.0008631893433630466
"batch2_128_255|(0,1)",batch2_128_255,1,0,1,"(0, 1)",0,4,0.10256410256410256,0.010519395134779749,0.007071462459862232,0.050009939819574356,0,0.000798642635345459,0.0007987557328306139
"batch2_128_255|(0,1)",batch2_128_255,1,0,1,"(0, 1)",0,5,0.1282051282051282,0.016436554898093356,0.008785261772572994,0.0620916411280632,0,0.0007352828979492188,0.00073534733382985
"batch2_128_255|(0,1)",batch2_128_255,1,0,1,"(0, 1)",0,6,0.15384615384615385,0.02366863905325444,0.01047897431999445,0.07394510507583618,0,0.0006808042526245117,0.000680976954754442
"batch2_128_255|(0,1)",batch2_128_255,1,0,1,"(0, 1)",0,7,0.1794871794871795,0.032215647600262985,0.01216024812310934,0.08564701676368713,0,0.0006347894668579102,0.0006348385941237211
"batch2_128_255|(0,1)",batch2_128_255,1,0,1,"(0, 1)",0,8,0.20512820512820512,0.042077580539118996,0.013829154893755913,0.09714020788669586,0,0.0005905628204345703,0.0005905695725232363
"batch2_128_255|(0,1)",batch2_128_255,1,0,1,"(0, 1)",0,9,0.23076923076923078,0.053254437869822494,0.01548964623361826,0.1084274873137474,0,0.000544130802154541,0.000544181268196553
"batch2_128_255|(0,1)",batch2_128_255,1,0,1,"(0, 1)",0,10,0.2564102564102564,0.06574621959237342,0.017141779884696007,0.1194784939289093,0,0.000500023365020752,0.0005000705714337528
"batch2_128_255|(0,1)",batch2_128_255,1,0,1,"(0, 1)",0,11,0.28205128205128205,0.07955292570677186,0.018785396590828896,0.1302371472120285,0,0.000453948974609375,0.00045397700159810483
"batch2_128_255|(0,1)",batch2_128_255,1,0,1,"(0, 1)",0,12,0.3076923076923077,0.09467455621301776,0.02042463794350624,0.14070096611976624,0,0.00041753053665161133,0.0004175329813733697
"batch2_128_255|(0,1)",batch2_128_255,1,0,1,"(0, 1)",0,13,0.3333333333333333,0.1111111111111111,0.022065510973334312,0.15107209980487823,0,0.00037592649459838867,0.0003759776591323316
"batch2_128_255|(0,1)",batch2_128_255,1,0,1,"(0, 1)",0,14,0.358974358974359,0.12886259040105194,0.023703908547759056,0.16118784248828888,0,0.000330507755279541,0.00033056343090720475
"batch2_128_255|(0,1)",batch2_128_255,1,0,1,"(0, 1)",0,15,0.38461538461538464,0.14792899408284024,0.02534393221139908,0.17103782296180725,0,0.00029522180557250977,0.0002951955539174378
"batch2_128_255|(0,1)",batch2_128_255,1,0,1,"(0, 1)",0,16,0.41025641025641024,0.16831032215647598,0.026989486068487167,0.18075023591518402,0,0.00025719404220581055,0.0002572595258243382
"batch2_128_255|(0,1)",batch2_128_255,1,0,1,"(0, 1)",0,17,0.4358974358974359,0.19000657462195925,0.02864166535437107,0.19032256305217743,0,0.0002263784408569336,0.00022639046073891222
"batch2_128_255|(0,1)",batch2_128_255,1,0,1,"(0, 1)",0,18,0.46153846153846156,0.21301775147928997,0.030301963910460472,0.19977176189422607,0,0.00019550323486328125,0.00019552212324924767
"batch2_128_255|(0,1)",batch2_128_255,1,0,1,"(0, 1)",0,19,0.48717948717948717,0.2373438527284681,0.03197247162461281,0.20912279188632965,0,0.00016987323760986328,0.00016989326104521751
"batch2_128_255|(0,1)",batch2_128_255,1,0,1,"(0, 1)",0,20,0.5128205128205128,0.2629848783694937,0.033649541437625885,0.21840079128742218,0,0.00014537572860717773,0.00014535896480083466
"batch2_128_255|(0,1)",batch2_128_255,1,0,1,"(0, 1)",0,21,0.5384615384615384,0.28994082840236685,0.03533544763922691,0.22776061296463013,0,0.00012511014938354492,0.00012523411714937538
"batch2_128_255|(0,1)",batch2_128_255,1,0,1,"(0, 1)",0,22,0.5641025641025641,0.31821170282708744,0.03702918440103531,0.23701682686805725,0,0.0001074075698852539,0.0001074864121619612
"batch2_128_255|(0,1)",batch2_128_255,1,0,1,"(0, 1)",0,23,0.5897435897435898,0.3477975016436555,0.03872932121157646,0.24616463482379913,0,8.982419967651367e-05,8.995247480925173e-05
"batch2_128_255|(0,1)",batch2_128_255,1,0,1,"(0, 1)",0,24,0.6153846153846154,0.37869822485207105,0.04043116047978401,0.25523313879966736,0,8.034706115722656e-05,8.037152292672545e-05
"batch2_128_255|(0,1)",batch2_128_255,1,0,1,"(0, 1)",0,25,0.6410256410256411,0.4109138724523341,0.04213287681341171,0.2642330825328827,0,7.092952728271484e-05,7.100941729731858e-05
"batch2_128_255|(0,1)",batch2_128_255,1,0,1,"(0, 1)",0,26,0.6666666666666666,0.4444444444444444,0.043833039700984955,0.2731338441371918,0,6.151199340820312e-05,6.154961738502607e-05
"batch2_128_255|(0,1)",batch2_128_255,1,0,1,"(0, 1)",0,27,0.6923076923076923,0.4792899408284023,0.0455290861427784,0.281925231218338,0,5.269050598144531e-05,5.277734453557059e-05
"batch2_128_255|(0,1)",batch2_128_255,1,0,1,"(0, 1)",0,28,0.717948717948718,0.5154503616042078,0.04721548780798912,0.2905704081058502,0,4.601478576660156e-05,4.6112891141092405e-05
"batch2_128_255|(0,1)",batch2_128_255,1,0,1,"(0, 1)",0,29,0.7435897435897436,0.5529257067718607,0.04888811334967613,0.2990434467792511,0,4.374980926513672e-05,4.378130688564852e-05
"batch2_128_255|(0,1)",batch2_128_255,1,0,1,"(0, 1)",0,30,0.7692307692307693,0.591715976331361,0.05054505914449692,0.3073689937591553,0,4.4465065002441406e-05,4.4499927753349766e-05
"batch2_128_255|(0,1)",batch2_128_255,1,0,1,"(0, 1)",0,31,0.7948717948717948,0.6318211702827087,0.05218370631337166,0.3155248761177063,0,3.93986701965332e-05,3.945465505239554e-05
"batch2_128_255|(0,1)",batch2_128_255,1,0,1,"(0, 1)",0,32,0.8205128205128205,0.6732412886259039,0.053801119327545166,0.32347944378852844,0,3.93986701965332e-05,3.949990787077695e-05
"batch2_128_255|(0,1)",batch2_128_255,1,0,1,"(0, 1)",0,33,0.8461538461538461,0.7159763313609467,0.055395763367414474,0.3312455713748932,0,3.784894943237305e-05,3.7943558709230274e-05
"batch2_128_255|(0,1)",batch2_128_255,1,0,1,"(0, 1)",0,34,0.8717948717948718,0.760026298487837,0.05696753039956093,0.3388323187828064,0,3.647804260253906e-05,3.653339808806777e-05
"batch2_128_255|(0,1)",batch2_128_255,1,0,1,"(0, 1)",0,35,0.8974358974358975,0.8053911900065747,0.05851210281252861,0.34623217582702637,0,3.5881996154785156e-05,3.595772068365477e-05
"batch2_128_255|(0,1)",batch2_128_255,1,0,1,"(0, 1)",0,36,0.9230769230769231,0.8520710059171599,0.06002931669354439,0.35346904397010803,0,3.4928321838378906e-05,3.498420483083464e-05
"batch2_128_255|(0,1)",batch2_128_255,1,0,1,"(0, 1)",0,37,0.9487179487179487,0.9000657462195923,0.061519164592027664,0.3605491816997528,0,3.2901763916015625e-05,3.30411312461365e-05
"batch2_128_255|(0,1)",batch2_128_255,1,0,1,"(0, 1)",0,38,0.9743589743589743,0.9493754109138725,0.06298010796308517,0.3674624264240265,0,3.3855438232421875e-05,3.382427530596033e-05
"batch2_128_255|(0,1)",batch2_128_255,1,0,1,"(0, 1)",0,39,1.0,1.0,0.06441136449575424,0.3742106854915619,0,2.4080276489257812e-05,2.4153967387974262e-05
"batch2_128_255|(0,2)",batch2_128_255,1,0,2,"(0, 2)",0,0,0.0,0.0,0.0,0.0,0,0.0017666816711425781,0.0017668241634964943
"batch2_128_255|(0,2)",batch2_128_255,1,0,2,"(0, 2)",0,1,0.02564102564102564,0.0006574621959237343,0.0018964509945362806,0.014669980853796005,0,0.0016770362854003906,0.00167739181779325
"batch2_128_255|(0,2)",batch2_128_255,1,0,2,"(0, 2)",0,2,0.05128205128205128,0.0026298487836949372,0.0037653022445738316,0.029102636501193047,0,0.0016034841537475586,0.0016036545857787132
"batch2_128_255|(0,2)",batch2_128_255,1,0,2,"(0, 2)",0,3,0.07692307692307693,0.00591715976331361,0.005608593579381704,0.04335348680615425,0,0.001520395278930664,0.0015205926029011607
"batch2_128_255|(0,2)",batch2_128_255,1,0,2,"(0, 2)",0,4,0.10256410256410256,0.010519395134779749,0.007424193900078535,0.05733188986778259,0,0.0014514923095703125,0.0014516616938635707
"batch2_128_255|(0,2)",batch2_128_255,1,0,2,"(0, 2)",0,5,0.1282051282051282,0.016436554898093356,0.009212173521518707,0.07096580415964127,0,0.0013895034790039062,0.0013897723983973265
"batch2_128_255|(0,2)",batch2_128_255,1,0,2,"(0, 2)",0,6,0.15384615384615385,0.02366863905325444,0.010976220481097698,0.08422023057937622,0,0.00133514404296875,0.0013353008544072509
"batch2_128_255|(0,2)",batch2_128_255,1,0,2,"(0, 2)",0,7,0.1794871794871795,0.032215647600262985,0.012716928496956825,0.09711811691522598,0,0.001292586326599121,0.0012926091440021992
"batch2_128_255|(0,2)",batch2_128_255,1,0,2,"(0, 2)",0,8,0.20512820512820512,0.042077580539118996,0.014436952769756317,0.10939760506153107,0,0.001246809959411621,0.0012468884233385324
"batch2_128_255|(0,2)",batch2_128_255,1,0,2,"(0, 2)",0,9,0.23076923076923078,0.053254437869822494,0.016144538298249245,0.12124818563461304,0,0.001191854476928711,0.0011918401578441262
"batch2_128_255|(0,2)",batch2_128_255,1,0,2,"(0, 2)",0,10,0.2564102564102564,0.06574621959237342,0.0178384892642498,0.13250261545181274,0,0.0011303424835205078,0.0011304639047011733
"batch2_128_255|(0,2)",batch2_128_255,1,0,2,"(0, 2)",0,11,0.28205128205128205,0.07955292570677186,0.0195211973041296,0.143131285905838,0,0.0010796785354614258,0.0010796996066346765
"batch2_128_255|(0,2)",batch2_128_255,1,0,2,"(0, 2)",0,12,0.3076923076923077,0.09467455621301776,0.021202219650149345,0.15348337590694427,0,0.0010194778442382812,0.0010195424547418952
"batch2_128_255|(0,2)",batch2_128_255,1,0,2,"(0, 2)",0,13,0.3333333333333333,0.1111111111111111,0.022884467616677284,0.16352182626724243,0,0.0009768009185791016,0.000976870651356876
"batch2_128_255|(0,2)",batch2_128_255,1,0,2,"(0, 2)",0,14,0.358974358974359,0.12886259040105194,0.024570461362600327,0.1733606904745102,0,0.0009253025054931641,0.0009254069882445037
"batch2_128_255|(0,2)",batch2_128_255,1,0,2,"(0, 2)",0,15,0.38461538461538464,0.14792899408284024,0.026260152459144592,0.1830064058303833,0,0.0008630752563476562,0.0008630835800431669
"batch2_128_255|(0,2)",batch2_128_255,1,0,2,"(0, 2)",0,16,0.41025641025641024,0.16831032215647598,0.027955343946814537,0.19242651760578156,0,0.0007929801940917969,0.0007930376450531185
"batch2_128_255|(0,2)",batch2_128_255,1,0,2,"(0, 2)",0,17,0.4358974358974359,0.19000657462195925,0.029656030237674713,0.20166738331317902,0,0.000714421272277832,0.0007143286638893187
"batch2_128_255|(0,2)",batch2_128_255,1,0,2,"(0, 2)",0,18,0.46153846153846156,0.21301775147928997,0.0313592366874218,0.21072295308113098,0,0.000635981559753418,0.0006360660772770643
"batch2_128_255|(0,2)",batch2_128_255,1,0,2,"(0, 2)",0,19,0.48717948717948717,0.2373438527284681,0.03306734189391136,0.21958039700984955,0,0.0005458593368530273,0.0005458524683490396
"batch2_128_255|(0,2)",batch2_128_255,1,0,2,"(0, 2)",0,20,0.5128205128205128,0.2629848783694937,0.03477773442864418,0.22819864749908447,0,0.0005015134811401367,0.0005014772759750485
"batch2_128_255|(0,2)",batch2_128_255,1,0,2,"(0, 2)",0,21,0.5384615384615384,0.28994082840236685,0.0364958718419075,0.23680317401885986,0,0.0004367828369140625,0.00043696266948245466
"batch2_128_255|(0,2)",batch2_128_255,1,0,2,"(0, 2)",0,22,0.5641025641025641,0.31821170282708744,0.038221728056669235,0.24532105028629303,0,0.00036835670471191406,0.00036845554132014513
"batch2_128_255|(0,2)",batch2_128_255,1,0,2,"(0, 2)",0,23,0.5897435897435898,0.3477975016436555,0.03995092213153839,0.25363853573799133,0,0.0003091096878051758,0.00030914737726561725
"batch2_128_255|(0,2)",batch2_128_255,1,0,2,"(0, 2)",0,24,0.6153846153846154,0.37869822485207105,0.041683781892061234,0.2618351876735687,0,0.0002636909484863281,0.00026372133288532495
"batch2_128_255|(0,2)",batch2_128_255,1,0,2,"(0, 2)",0,25,0.6410256410256411,0.4109138724523341,0.04342358931899071,0.2699013948440552,0,0.00019502639770507812,0.0001951074373209849
"batch2_128_255|(0,2)",batch2_128_255,1,0,2,"(0, 2)",0,26,0.6666666666666666,0.4444444444444444,0.04516645148396492,0.27784696221351624,0,0.00013649463653564453,0.00013661345292348415
"batch2_128_255|(0,2)",batch2_128_255,1,0,2,"(0, 2)",0,27,0.6923076923076923,0.4792899408284023,0.04690934717655182,0.2856281101703644,0,9.393692016601562e-05,9.386761666974053e-05
"batch2_128_255|(0,2)",batch2_128_255,1,0,2,"(0, 2)",0,28,0.717948717948718,0.5154503616042078,0.0486493781208992,0.29326683282852173,0,7.915496826171875e-05,7.927514525363222e-05
"batch2_128_255|(0,2)",batch2_128_255,1,0,2,"(0, 2)",0,29,0.7435897435897436,0.5529257067718607,0.05038904771208763,0.30082687735557556,0,3.361701965332031e-05,3.359476977493614e-05
"batch2_128_255|(0,2)",batch2_128_255,1,0,2,"(0, 2)",0,30,0.7692307692307693,0.591715976331361,0.052126284688711166,0.30820149183273315,1,-2.658367156982422e-05,-2.6663408789318055e-05
"batch2_128_255|(0,3)",batch2_128_255,1,0,3,"(0, 3)",0,0,0.0,0.0,0.0,0.0,0,0.0014843940734863281,0.001484631677158177
"batch2_128_255|(0,3)",batch2_128_255,1,0,3,"(0, 3)",0,1,0.02564102564102564,0.0006574621959237343,0.0019440562464296818,0.014074928127229214,0,0.0013617277145385742,0.0013619641540572047
"batch2_128_255|(0,3)",batch2_128_255,1,0,3,"(0, 3)",0,2,0.05128205128205128,0.0026298487836949372,0.0038620424456894398,0.027645906433463097,0,0.0012614727020263672,0.0012616015737876296
"batch2_128_255|(0,3)",batch2_128_255,1,0,3,"(0, 3)",0,3,0.07692307692307693,0.00591715976331361,0.005757540464401245,0.040691010653972626,0,0.0011665821075439453,0.0011666232021525502
"batch2_128_255|(0,3)",batch2_128_255,1,0,3,"(0, 3)",0,4,0.10256410256410256,0.010519395134779749,0.007633141707628965,0.053216781467199326,0,0.0010724067687988281,0.0010726049076765776
"batch2_128_255|(0,3)",batch2_128_255,1,0,3,"(0, 3)",0,5,0.1282051282051282,0.016436554898093356,0.009491757489740849,0.06532304733991623,0,0.0009944438934326172,0.0009946573991328478
"batch2_128_255|(0,3)",batch2_128_255,1,0,3,"(0, 3)",0,6,0.15384615384615385,0.02366863905325444,0.011334680952131748,0.07699558883905411,0,0.0009183883666992188,0.0009184452355839312
"batch2_128_255|(0,3)",batch2_128_255,1,0,3,"(0, 3)",0,7,0.1794871794871795,0.032215647600262985,0.013164572417736053,0.08830617368221283,0,0.0008558034896850586,0.0008557988330721855
"batch2_128_255|(0,3)",batch2_128_255,1,0,3,"(0, 3)",0,8,0.20512820512820512,0.042077580539118996,0.014986497350037098,0.09927789121866226,0,0.0007724761962890625,0.0007725258474238217
"batch2_128_255|(0,3)",batch2_128_255,1,0,3,"(0, 3)",0,9,0.23076923076923078,0.053254437869822494,0.016802627593278885,0.1099015325307846,0,0.0007259845733642578,0.000725951511412859
"batch2_128_255|(0,3)",batch2_128_255,1,0,3,"(0, 3)",0,10,0.2564102564102564,0.06574621959237342,0.018616637215018272,0.12033174932003021,0,0.0006846189498901367,0.0006846110336482525
"batch2_128_255|(0,3)",batch2_128_255,1,0,3,"(0, 3)",0,11,0.28205128205128205,0.07955292570677186,0.020428378134965897,0.13060736656188965,0,0.0006411075592041016,0.0006411910289898515
"batch2_128_255|(0,3)",batch2_128_255,1,0,3,"(0, 3)",0,12,0.3076923076923077,0.09467455621301776,0.022239452227950096,0.14068906009197235,0,0.0006083250045776367,0.0006083541084080935
"batch2_128_255|(0,3)",batch2_128_255,1,0,3,"(0, 3)",0,13,0.3333333333333333,0.1111111111111111,0.024050040170550346,0.15054655075073242,0,0.0005755424499511719,0.0005754983285441995
"batch2_128_255|(0,3)",batch2_128_255,1,0,3,"(0, 3)",0,14,0.358974358974359,0.12886259040105194,0.025862455368041992,0.16024638712406158,0,0.0005522966384887695,0.000552386452909559
"batch2_128_255|(0,3)",batch2_128_255,1,0,3,"(0, 3)",0,15,0.38461538461538464,0.14792899408284024,0.02767447754740715,0.16980323195457458,0,0.0005174875259399414,0.000517572567332536
"batch2_128_255|(0,3)",batch2_128_255,1,0,3,"(0, 3)",0,16,0.41025641025641024,0.16831032215647598,0.029488112777471542,0.17918163537979126,0,0.0004925727844238281,0.0004927068366669118
"batch2_128_255|(0,3)",batch2_128_255,1,0,3,"(0, 3)",0,17,0.4358974358974359,0.19000657462195925,0.031305450946092606,0.18847285211086273,0,0.0004755258560180664,0.0004755562113132328
"batch2_128_255|(0,3)",batch2_128_255,1,0,3,"(0, 3)",0,18,0.46153846153846156,0.21301775147928997,0.033125605434179306,0.19764766097068787,0,0.00044357776641845703,0.0004436599265318364
"batch2_128_255|(0,3)",batch2_128_255,1,0,3,"(0, 3)",0,19,0.48717948717948717,0.2373438527284681,0.03494759276509285,0.2066822052001953,0,0.0004215240478515625,0.0004215816443320364
"batch2_128_255|(0,3)",batch2_128_255,1,0,3,"(0, 3)",0,20,0.5128205128205128,0.2629848783694937,0.036771658807992935,0.21562951803207397,0,0.0003921985626220703,0.0003921964962501079
"batch2_128_255|(0,3)",batch2_128_255,1,0,3,"(0, 3)",0,21,0.5384615384615384,0.28994082840236685,0.038598861545324326,0.22449293732643127,0,0.0003713369369506836,0.00037143018562346697
"batch2_128_255|(0,3)",batch2_128_255,1,0,3,"(0, 3)",0,22,0.5641025641025641,0.31821170282708744,0.04042983800172806,0.23327745497226715,0,0.0003407001495361328,0.0003408264019526541
"batch2_128_255|(0,3)",batch2_128_255,1,0,3,"(0, 3)",0,23,0.5897435897435898,0.3477975016436555,0.042261816561222076,0.2419503927230835,0,0.0003267526626586914,0.00032669681240804493
"batch2_128_255|(0,3)",batch2_128_255,1,0,3,"(0, 3)",0,24,0.6153846153846154,0.37869822485207105,0.04409664124250412,0.2505485415458679,0,0.0003210306167602539,0.00032113021006807685
"batch2_128_255|(0,3)",batch2_128_255,1,0,3,"(0, 3)",0,25,0.6410256410256411,0.4109138724523341,0.04593291133642197,0.25906094908714294,0,0.0003085136413574219,0.00030851110932417214
"batch2_128_255|(0,3)",batch2_128_255,1,0,3,"(0, 3)",0,26,0.6666666666666666,0.4444444444444444,0.047769274562597275,0.26742419600486755,0,0.00030493736267089844,0.00030491259531117976
"batch2_128_255|(0,3)",batch2_128_255,1,0,3,"(0, 3)",0,27,0.6923076923076923,0.4792899408284023,0.04960582032799721,0.2757074236869812,0,0.0002969503402709961,0.0002970245259348303
"batch2_128_255|(0,3)",batch2_128_255,1,0,3,"(0, 3)",0,28,0.717948717948718,0.5154503616042078,0.051441874355077744,0.2838917076587677,0,0.0002777576446533203,0.00027786550344899297
"batch2_128_255|(0,3)",batch2_128_255,1,0,3,"(0, 3)",0,29,0.7435897435897436,0.5529257067718607,0.05327626317739487,0.2920036315917969,0,0.00026404857635498047,0.0002640647580847144
"batch2_128_255|(0,3)",batch2_128_255,1,0,3,"(0, 3)",0,30,0.7692307692307693,0.591715976331361,0.05510708689689636,0.3000558614730835,0,0.0002512931823730469,0.0002512643695808947
"batch2_128_255|(0,3)",batch2_128_255,1,0,3,"(0, 3)",0,31,0.7948717948717948,0.6318211702827087,0.0569336861371994,0.3080208897590637,0,0.00023794174194335938,0.00023777614114806056
"batch2_128_255|(0,3)",batch2_128_255,1,0,3,"(0, 3)",0,32,0.8205128205128205,0.6732412886259039,0.05875386670231819,0.31588563323020935,0,0.00021123886108398438,0.0002114003145834431
"batch2_128_255|(0,3)",batch2_128_255,1,0,3,"(0, 3)",0,33,0.8461538461538461,0.7159763313609467,0.060566168278455734,0.3236166834831238,0,0.00019669532775878906,0.00019687092571984977
"batch2_128_255|(0,3)",batch2_128_255,1,0,3,"(0, 3)",0,34,0.8717948717948718,0.760026298487837,0.062370169907808304,0.3312601149082184,0,0.00017404556274414062,0.0001741842570481822
"batch2_128_255|(0,3)",batch2_128_255,1,0,3,"(0, 3)",0,35,0.8974358974358975,0.8053911900065747,0.06416118144989014,0.33875772356987,0,0.00017213821411132812,0.0001722006854834035
"batch2_128_255|(0,3)",batch2_128_255,1,0,3,"(0, 3)",0,36,0.9230769230769231,0.8520710059171599,0.06594060361385345,0.3461475074291229,0,0.0001627206802368164,0.00016275460075121373
"batch2_128_255|(0,3)",batch2_128_255,1,0,3,"(0, 3)",0,37,0.9487179487179487,0.9000657462195923,0.06770677119493484,0.35343825817108154,0,0.00018978118896484375,0.00018969480879604816
"batch2_128_255|(0,3)",batch2_128_255,1,0,3,"(0, 3)",0,38,0.9743589743589743,0.9493754109138725,0.06945821642875671,0.36060142517089844,0,0.00016498565673828125,0.00016504887025803328
"batch2_128_255|(0,3)",batch2_128_255,1,0,3,"(0, 3)",0,39,1.0,1.0,0.0711931437253952,0.36761772632598877,0,0.0001703500747680664,0.0001705460890661925
"batch2_128_255|(0,4)",batch2_128_255,1,0,4,"(0, 4)",0,0,0.0,0.0,0.0,0.0,0,0.0019443035125732422,0.0019446226069703698
"batch2_128_255|(0,4)",batch2_128_255,1,0,4,"(0, 4)",0,1,0.02564102564102564,0.0006574621959237343,0.0019057929748669267,0.014279192313551903,0,0.0017570257186889648,0.0017573084915056825
"batch2_128_255|(0,4)",batch2_128_255,1,0,4,"(0, 4)",0,2,0.05128205128205128,0.0026298487836949372,0.003786258865147829,0.02831757813692093,0,0.001605987548828125,0.0016061179339885712
"batch2_128_255|(0,4)",batch2_128_255,1,0,4,"(0, 4)",0,3,0.07692307692307693,0.00591715976331361,0.005642665084451437,0.042142968624830246,0,0.0014827251434326172,0.0014830204891040921
"batch2_128_255|(0,4)",batch2_128_255,1,0,4,"(0, 4)",0,4,0.10256410256410256,0.010519395134779749,0.007477881852537394,0.05581308528780937,0,0.0013873577117919922,0.0013875100994482636
"batch2_128_255|(0,4)",batch2_128_255,1,0,4,"(0, 4)",0,5,0.1282051282051282,0.016436554898093356,0.00929291732609272,0.06919641047716141,0,0.0012996196746826172,0.0012998757883906364
"batch2_128_255|(0,4)",batch2_128_255,1,0,4,"(0, 4)",0,6,0.15384615384615385,0.02366863905325444,0.011089975014328957,0.08220187574625015,0,0.0012209415435791016,0.0012211956782266498
"batch2_128_255|(0,4)",batch2_128_255,1,0,4,"(0, 4)",0,7,0.1794871794871795,0.032215647600262985,0.012872609309852123,0.09479808807373047,0,0.0011322498321533203,0.0011324835941195488
"batch2_128_255|(0,4)",batch2_128_255,1,0,4,"(0, 4)",0,8,0.20512820512820512,0.042077580539118996,0.01464694645255804,0.10693129897117615,0,0.0010718107223510742,0.001071798149496317
"batch2_128_255|(0,4)",batch2_128_255,1,0,4,"(0, 4)",0,9,0.23076923076923078,0.053254437869822494,0.016414254903793335,0.11868276447057724,0,0.0010086297988891602,0.0010086289839819074
"batch2_128_255|(0,4)",batch2_128_255,1,0,4,"(0, 4)",0,10,0.2564102564102564,0.06574621959237342,0.018175633624196053,0.13010354340076447,0,0.0009407997131347656,0.0009407788165844977
"batch2_128_255|(0,4)",batch2_128_255,1,0,4,"(0, 4)",0,11,0.28205128205128205,0.07955292570677186,0.019931770861148834,0.14116832613945007,0,0.0008732080459594727,0.0008732326095923781
"batch2_128_255|(0,4)",batch2_128_255,1,0,4,"(0, 4)",0,12,0.3076923076923077,0.09467455621301776,0.021686231717467308,0.15190492570400238,0,0.0008056163787841797,0.000805797113571316
"batch2_128_255|(0,4)",batch2_128_255,1,0,4,"(0, 4)",0,13,0.3333333333333333,0.1111111111111111,0.023440256714820862,0.16232731938362122,0,0.0007364749908447266,0.0007366619538515806
"batch2_128_255|(0,4)",batch2_128_255,1,0,4,"(0, 4)",0,14,0.358974358974359,0.12886259040105194,0.02519540674984455,0.17248669266700745,0,0.0006452798843383789,0.0006453895475715399
"batch2_128_255|(0,4)",batch2_128_255,1,0,4,"(0, 4)",0,15,0.38461538461538464,0.14792899408284024,0.026951799169182777,0.18239295482635498,0,0.0005831718444824219,0.0005831762100569904
"batch2_128_255|(0,4)",batch2_128_255,1,0,4,"(0, 4)",0,16,0.41025641025641024,0.16831032215647598,0.028716163709759712,0.19219563901424408,0,0.0005407333374023438,0.0005408251308836043
"batch2_128_255|(0,4)",batch2_128_255,1,0,4,"(0, 4)",0,17,0.4358974358974359,0.19000657462195925,0.03049149177968502,0.2019515037536621,0,0.0004655122756958008,0.00046558756730519235
"batch2_128_255|(0,4)",batch2_128_255,1,0,4,"(0, 4)",0,18,0.46153846153846156,0.21301775147928997,0.032272789627313614,0.2114914506673813,0,0.0004140138626098633,0.00041417163447476923
"batch2_128_255|(0,4)",batch2_128_255,1,0,4,"(0, 4)",0,19,0.48717948717948717,0.2373438527284681,0.03406644985079765,0.2210105061531067,0,0.0003764629364013672,0.000376495358068496
"batch2_128_255|(0,4)",batch2_128_255,1,0,4,"(0, 4)",0,20,0.5128205128205128,0.2629848783694937,0.03586845472455025,0.23045967519283295,0,0.00028824806213378906,0.000288306298898533
"batch2_128_255|(0,4)",batch2_128_255,1,0,4,"(0, 4)",0,21,0.5384615384615384,0.28994082840236685,0.03767552226781845,0.23974637687206268,0,0.0002511739730834961,0.0002511001075617969
"batch2_128_255|(0,4)",batch2_128_255,1,0,4,"(0, 4)",0,22,0.5641025641025641,0.31821170282708744,0.0394887775182724,0.24891671538352966,0,0.00022017955780029297,0.00022012008412275463
"batch2_128_255|(0,4)",batch2_128_255,1,0,4,"(0, 4)",0,23,0.5897435897435898,0.3477975016436555,0.04131045192480087,0.2579185664653778,0,0.00017940998077392578,0.00017960752302315086
"batch2_128_255|(0,4)",batch2_128_255,1,0,4,"(0, 4)",0,24,0.6153846153846154,0.37869822485207105,0.04313741996884346,0.2667492628097534,0,0.0001596212387084961,0.00015966255159582943
"batch2_128_255|(0,4)",batch2_128_255,1,0,4,"(0, 4)",0,25,0.6410256410256411,0.4109138724523341,0.044969696551561356,0.27538856863975525,0,0.000125885009765625,0.0001259634445887059
"batch2_128_255|(0,4)",batch2_128_255,1,0,4,"(0, 4)",0,26,0.6666666666666666,0.4444444444444444,0.04680347070097923,0.28384673595428467,0,9.059906005859375e-05,9.054747351910919e-05
"batch2_128_255|(0,4)",batch2_128_255,1,0,4,"(0, 4)",0,27,0.6923076923076923,0.4792899408284023,0.04863525182008743,0.2921212911605835,0,6.270408630371094e-05,6.286300049396232e-05
"batch2_128_255|(0,4)",batch2_128_255,1,0,4,"(0, 4)",0,28,0.717948717948718,0.5154503616042078,0.05046436935663223,0.3002195358276367,0,4.1961669921875e-05,4.200538023724221e-05
"batch2_128_255|(0,4)",batch2_128_255,1,0,4,"(0, 4)",0,29,0.7435897435897436,0.5529257067718607,0.05228905379772186,0.3081739842891693,0,1.9788742065429688e-05,1.9827097275992855e-05
"batch2_128_255|(0,4)",batch2_128_255,1,0,4,"(0, 4)",0,30,0.7692307692307693,0.591715976331361,0.054105810821056366,0.315974622964859,0,5.245208740234375e-06,5.2398236221051775e-06
"batch2_128_255|(0,4)",batch2_128_255,1,0,4,"(0, 4)",0,31,0.7948717948717948,0.6318211702827087,0.05591277778148651,0.3236345946788788,1,-1.1086463928222656e-05,-1.1010039088432677e-05
"batch2_128_255|(0,5)",batch2_128_255,1,0,5,"(0, 5)",0,0,0.0,0.0,0.0,0.0,0,0.0011996030807495117,0.0011997350957244635
"batch2_128_255|(0,5)",batch2_128_255,1,0,5,"(0, 5)",0,1,0.02564102564102564,0.0006574621959237343,0.0019043807405978441,0.014628833159804344,0,0.0011568069458007812,0.0011568430345505476
"batch2_128_255|(0,5)",batch2_128_255,1,0,5,"(0, 5)",0,2,0.05128205128205128,0.0026298487836949372,0.003788325935602188,0.028964916244149208,0,0.0011005401611328125,0.0011008121073246002
"batch2_128_255|(0,5)",batch2_128_255,1,0,5,"(0, 5)",0,3,0.07692307692307693,0.00591715976331361,0.005654390435665846,0.043072473257780075,0,0.0010576248168945312,0.00105772924143821
"batch2_128_255|(0,5)",batch2_128_255,1,0,5,"(0, 5)",0,4,0.10256410256410256,0.010519395134779749,0.007505920249968767,0.056958213448524475,0,0.0010144710540771484,0.0010145590640604496
"batch2_128_255|(0,5)",batch2_128_255,1,0,5,"(0, 5)",0,5,0.1282051282051282,0.016436554898093356,0.009340395219624043,0.07049308717250824,0,0.0009565353393554688,0.0009566805092617869
"batch2_128_255|(0,5)",batch2_128_255,1,0,5,"(0, 5)",0,6,0.15384615384615385,0.02366863905325444,0.011159397661685944,0.08358519524335861,0,0.0008856058120727539,0.000885703950189054
"batch2_128_255|(0,5)",batch2_128_255,1,0,5,"(0, 5)",0,7,0.1794871794871795,0.032215647600262985,0.012959325686097145,0.09604737907648087,0,0.0008238554000854492,0.0008238568552769721
"batch2_128_255|(0,5)",batch2_128_255,1,0,5,"(0, 5)",0,8,0.20512820512820512,0.042077580539118996,0.014744210988283157,0.10788778215646744,0,0.0007616877555847168,0.0007616963121108711
"batch2_128_255|(0,5)",batch2_128_255,1,0,5,"(0, 5)",0,9,0.23076923076923078,0.053254437869822494,0.01651955582201481,0.11926811188459396,0,0.0006914138793945312,0.0006914598634466529
"batch2_128_255|(0,5)",batch2_128_255,1,0,5,"(0, 5)",0,10,0.2564102564102564,0.06574621959237342,0.01828603446483612,0.13010339438915253,0,0.0006246566772460938,0.0006247145938687027
"batch2_128_255|(0,5)",batch2_128_255,1,0,5,"(0, 5)",0,11,0.28205128205128205,0.07955292570677186,0.02004982903599739,0.14055012166500092,0,0.0005585551261901855,0.0005586711340583861
"batch2_128_255|(0,5)",batch2_128_255,1,0,5,"(0, 5)",0,12,0.3076923076923077,0.09467455621301776,0.02181662805378437,0.15062099695205688,0,0.0005029439926147461,0.0005029223975725472
"batch2_128_255|(0,5)",batch2_128_255,1,0,5,"(0, 5)",0,13,0.3333333333333333,0.1111111111111111,0.02358907274901867,0.16045290231704712,0,0.00045168399810791016,0.0004516954068094492
"batch2_128_255|(0,5)",batch2_128_255,1,0,5,"(0, 5)",0,14,0.358974358974359,0.12886259040105194,0.025368640199303627,0.17008982598781586,0,0.00041425228118896484,0.0004143041733186692
"batch2_128_255|(0,5)",batch2_128_255,1,0,5,"(0, 5)",0,15,0.38461538461538464,0.14792899408284024,0.027157006785273552,0.1796078234910965,0,0.0003660917282104492,0.0003661565133370459
"batch2_128_255|(0,5)",batch2_128_255,1,0,5,"(0, 5)",0,16,0.41025641025641024,0.16831032215647598,0.02895282208919525,0.1890418976545334,0,0.0003114938735961914,0.00031162035884335637
"batch2_128_255|(0,5)",batch2_128_255,1,0,5,"(0, 5)",0,17,0.4358974358974359,0.19000657462195925,0.0307575985789299,0.19845618307590485,0,0.0002778768539428711,0.0002779375354293734
"batch2_128_255|(0,5)",batch2_128_255,1,0,5,"(0, 5)",0,18,0.46153846153846156,0.21301775147928997,0.032572533935308456,0.20790594816207886,0,0.00024056434631347656,0.00024061818839982152
"batch2_128_255|(0,5)",batch2_128_255,1,0,5,"(0, 5)",0,19,0.48717948717948717,0.2373438527284681,0.034394051879644394,0.21736665070056915,0,0.0002162456512451172,0.00021630543051287532
"batch2_128_255|(0,5)",batch2_128_255,1,0,5,"(0, 5)",0,20,0.5128205128205128,0.2629848783694937,0.036220259964466095,0.22687269747257233,0,0.00019240379333496094,0.00019242223061155528
"batch2_128_255|(0,5)",batch2_128_255,1,0,5,"(0, 5)",0,21,0.5384615384615384,0.28994082840236685,0.03804556652903557,0.23626849055290222,0,0.00016176700592041016,0.00016169999435078353
"batch2_128_255|(0,5)",batch2_128_255,1,0,5,"(0, 5)",0,22,0.5641025641025641,0.31821170282708744,0.03986916318535805,0.24556604027748108,0,0.00013774633407592773,0.00013771618250757456
"batch2_128_255|(0,5)",batch2_128_255,1,0,5,"(0, 5)",0,23,0.5897435897435898,0.3477975016436555,0.041687313467264175,0.2547112703323364,0,0.0001296401023864746,0.00012971142132300884
"batch2_128_255|(0,5)",batch2_128_255,1,0,5,"(0, 5)",0,24,0.6153846153846154,0.37869822485207105,0.04350052401423454,0.26376092433929443,0,0.00012290477752685547,0.00012294977204874158
"batch2_128_255|(0,5)",batch2_128_255,1,0,5,"(0, 5)",0,25,0.6410256410256411,0.4109138724523341,0.045304588973522186,0.2726774215698242,0,0.0001266002655029297,0.00012665937538258731
"batch2_128_255|(0,5)",batch2_128_255,1,0,5,"(0, 5)",0,26,0.6666666666666666,0.4444444444444444,0.047097157686948776,0.2813962996006012,0,0.0001201629638671875,0.00012021526345051825
"batch2_128_255|(0,5)",batch2_128_255,1,0,5,"(0, 5)",0,27,0.6923076923076923,0.4792899408284023,0.04887576028704643,0.28995728492736816,0,0.00011795759201049805,0.00011803704546764493
"batch2_128_255|(0,5)",batch2_128_255,1,0,5,"(0, 5)",0,28,0.717948717948718,0.5154503616042078,0.05064147338271141,0.29839152097702026,0,0.0001010894775390625,0.00010110319271916524
"batch2_128_255|(0,5)",batch2_128_255,1,0,5,"(0, 5)",0,29,0.7435897435897436,0.5529257067718607,0.05238848179578781,0.30664491653442383,0,8.255243301391602e-05,8.252856059698388e-05
"batch2_128_255|(0,5)",batch2_128_255,1,0,5,"(0, 5)",0,30,0.7692307692307693,0.591715976331361,0.05411577969789505,0.3147194981575012,0,6.389617919921875e-05,6.40128564555198e-05
"batch2_128_255|(0,5)",batch2_128_255,1,0,5,"(0, 5)",0,31,0.7948717948717948,0.6318211702827087,0.055818915367126465,0.32265177369117737,0,6.622076034545898e-05,6.622842192882672e-05
"batch2_128_255|(0,5)",batch2_128_255,1,0,5,"(0, 5)",0,32,0.8205128205128205,0.6732412886259039,0.057497888803482056,0.3304627537727356,0,6.639957427978516e-05,6.639495404670015e-05
"batch2_128_255|(0,5)",batch2_128_255,1,0,5,"(0, 5)",0,33,0.8461538461538461,0.7159763313609467,0.05914921313524246,0.33813291788101196,0,6.0439109802246094e-05,6.0446738643804565e-05
"batch2_128_255|(0,5)",batch2_128_255,1,0,5,"(0, 5)",0,34,0.8717948717948718,0.760026298487837,0.060771387070417404,0.3456710875034332,0,5.739927291870117e-05,5.750387208536267e-05
"batch2_128_255|(0,5)",batch2_128_255,1,0,5,"(0, 5)",0,35,0.8974358974358975,0.8053911900065747,0.062361981719732285,0.35306018590927124,0,5.3942203521728516e-05,5.400590453064069e-05
"batch2_128_255|(0,5)",batch2_128_255,1,0,5,"(0, 5)",0,36,0.9230769230769231,0.8520710059171599,0.06391984969377518,0.3602851927280426,0,5.424022674560547e-05,5.427588621387258e-05
"batch2_128_255|(0,5)",batch2_128_255,1,0,5,"(0, 5)",0,37,0.9487179487179487,0.9000657462195923,0.06544233113527298,0.36733871698379517,0,5.4717063903808594e-05,5.47743693459779e-05
"batch2_128_255|(0,5)",batch2_128_255,1,0,5,"(0, 5)",0,38,0.9743589743589743,0.9493754109138725,0.06693146377801895,0.3742164969444275,0,4.774332046508789e-05,4.771001840708777e-05
"batch2_128_255|(0,5)",batch2_128_255,1,0,5,"(0, 5)",0,39,1.0,1.0,0.0683840960264206,0.3809172809123993,0,4.3451786041259766e-05,4.353780241217464e-05
"batch2_128_255|(0,6)",batch2_128_255,1,0,6,"(0, 6)",0,0,0.0,0.0,0.0,0.0,0,0.002686023712158203,0.0026867997366935015
"batch2_128_255|(0,6)",batch2_128_255,1,0,6,"(0, 6)",0,1,0.02564102564102564,0.0006574621959237343,0.0019295822130516171,0.01322538685053587,0,0.0024137496948242188,0.0024139133747667074
"batch2_128_255|(0,6)",batch2_128_255,1,0,6,"(0, 6)",0,2,0.05128205128205128,0.0026298487836949372,0.0038238384295254946,0.026109881699085236,0,0.002169370651245117,0.0021698777563869953
"batch2_128_255|(0,6)",batch2_128_255,1,0,6,"(0, 6)",0,3,0.07692307692307693,0.00591715976331361,0.005687620956450701,0.03870450705289841,0,0.0019636154174804688,0.0019637153018265963
"batch2_128_255|(0,6)",batch2_128_255,1,0,6,"(0, 6)",0,4,0.10256410256410256,0.010519395134779749,0.0075245811603963375,0.05102357268333435,0,0.0017702579498291016,0.0017706225626170635
"batch2_128_255|(0,6)",batch2_128_255,1,0,6,"(0, 6)",0,5,0.1282051282051282,0.016436554898093356,0.009339972399175167,0.0630677342414856,0,0.0016028881072998047,0.0016030196566134691
"batch2_128_255|(0,6)",batch2_128_255,1,0,6,"(0, 6)",0,6,0.15384615384615385,0.02366863905325444,0.011133352294564247,0.07484263926744461,0,0.0014525651931762695,0.0014528711326420307
"batch2_128_255|(0,6)",batch2_128_255,1,0,6,"(0, 6)",0,7,0.1794871794871795,0.032215647600262985,0.012910012155771255,0.08632295578718185,0,0.0013227462768554688,0.0013229025062173605
"batch2_128_255|(0,6)",batch2_128_255,1,0,6,"(0, 6)",0,8,0.20512820512820512,0.042077580539118996,0.01467204187065363,0.09751923382282257,0,0.0012208223342895508,0.001220768317580223
"batch2_128_255|(0,6)",batch2_128_255,1,0,6,"(0, 6)",0,9,0.23076923076923078,0.053254437869822494,0.01642322540283203,0.1084550991654396,0,0.0011087656021118164,0.001108933356590569
"batch2_128_255|(0,6)",batch2_128_255,1,0,6,"(0, 6)",0,10,0.2564102564102564,0.06574621959237342,0.018163446336984634,0.11918600648641586,0,0.001015782356262207,0.0010158393997699022
"batch2_128_255|(0,6)",batch2_128_255,1,0,6,"(0, 6)",0,11,0.28205128205128205,0.07955292570677186,0.019900504499673843,0.1297861933708191,0,0.0009162425994873047,0.0009163421345874667
"batch2_128_255|(0,6)",batch2_128_255,1,0,6,"(0, 6)",0,12,0.3076923076923077,0.09467455621301776,0.021632837131619453,0.1401425004005432,0,0.000828862190246582,0.0008289285469800234
"batch2_128_255|(0,6)",batch2_128_255,1,0,6,"(0, 6)",0,13,0.3333333333333333,0.1111111111111111,0.023363100364804268,0.1502588987350464,0,0.0007522106170654297,0.0007522822706960142
"batch2_128_255|(0,6)",batch2_128_255,1,0,6,"(0, 6)",0,14,0.358974358974359,0.12886259040105194,0.02509564347565174,0.16020119190216064,0,0.00067901611328125,0.0006790390470996499
"batch2_128_255|(0,6)",batch2_128_255,1,0,6,"(0, 6)",0,15,0.38461538461538464,0.14792899408284024,0.02683185413479805,0.16993732750415802,0,0.0006163120269775391,0.0006164451478980482
"batch2_128_255|(0,6)",batch2_128_255,1,0,6,"(0, 6)",0,16,0.41025641025641024,0.16831032215647598,0.028571683913469315,0.17946162819862366,0,0.0005588531494140625,0.000559099018573761
"batch2_128_255|(0,6)",batch2_128_255,1,0,6,"(0, 6)",0,17,0.4358974358974359,0.19000657462195925,0.03031761944293976,0.18881718814373016,0,0.0005068778991699219,0.0005069113103672862
"batch2_128_255|(0,6)",batch2_128_255,1,0,6,"(0, 6)",0,18,0.46153846153846156,0.21301775147928997,0.032069310545921326,0.19803568720817566,0,0.0004456043243408203,0.00044560019159689546
"batch2_128_255|(0,6)",batch2_128_255,1,0,6,"(0, 6)",0,19,0.48717948717948717,0.2373438527284681,0.03382660821080208,0.2071121633052826,0,0.0004038810729980469,0.00040408415952697396
"batch2_128_255|(0,6)",batch2_128_255,1,0,6,"(0, 6)",0,20,0.5128205128205128,0.2629848783694937,0.03559211641550064,0.21607713401317596,0,0.00036263465881347656,0.0003625634126365185
"batch2_128_255|(0,6)",batch2_128_255,1,0,6,"(0, 6)",0,21,0.5384615384615384,0.28994082840236685,0.03736390545964241,0.2249881774187088,0,0.00032591819763183594,0.0003258796641603112
"batch2_128_255|(0,6)",batch2_128_255,1,0,6,"(0, 6)",0,22,0.5641025641025641,0.31821170282708744,0.03914131969213486,0.23383930325508118,0,0.00027930736541748047,0.0002794165338855237
"batch2_128_255|(0,6)",batch2_128_255,1,0,6,"(0, 6)",0,23,0.5897435897435898,0.3477975016436555,0.04092351719737053,0.24261024594306946,0,0.00024175643920898438,0.00024186604423448443
"batch2_128_255|(0,6)",batch2_128_255,1,0,6,"(0, 6)",0,24,0.6153846153846154,0.37869822485207105,0.042708516120910645,0.25127464532852173,0,0.00023829936981201172,0.00023829996644053608
"batch2_128_255|(0,6)",batch2_128_255,1,0,6,"(0, 6)",0,25,0.6410256410256411,0.4109138724523341,0.04449688270688057,0.259914368391037,0,0.00021004676818847656,0.00020992261124774814
"batch2_128_255|(0,6)",batch2_128_255,1,0,6,"(0, 6)",0,26,0.6666666666666666,0.4444444444444444,0.046285077929496765,0.2684226632118225,0,0.00020170211791992188,0.0002018385857809335
"batch2_128_255|(0,6)",batch2_128_255,1,0,6,"(0, 6)",0,27,0.6923076923076923,0.4792899408284023,0.048075176775455475,0.2768324315547943,0,0.00019562244415283203,0.00019571525626815856
"batch2_128_255|(0,6)",batch2_128_255,1,0,6,"(0, 6)",0,28,0.717948717948718,0.5154503616042078,0.049862898886203766,0.28512805700302124,0,0.0001952648162841797,0.00019535754108801484
"batch2_128_255|(0,6)",batch2_128_255,1,0,6,"(0, 6)",0,29,0.7435897435897436,0.5529257067718607,0.05164815112948418,0.29328447580337524,0,0.00019299983978271484,0.00019303361477795988
"batch2_128_255|(0,6)",batch2_128_255,1,0,6,"(0, 6)",0,30,0.7692307692307693,0.591715976331361,0.05342961847782135,0.3012721836566925,0,0.0001927018165588379,0.00019278752733953297
"batch2_128_255|(0,6)",batch2_128_255,1,0,6,"(0, 6)",0,31,0.7948717948717948,0.6318211702827087,0.05520544573664665,0.3091726005077362,0,0.0001894235610961914,0.00018942044698633254
"batch2_128_255|(0,6)",batch2_128_255,1,0,6,"(0, 6)",0,32,0.8205128205128205,0.6732412886259039,0.05697367340326309,0.3169387876987457,0,0.00018864870071411133,0.00018871479551307857
"batch2_128_255|(0,6)",batch2_128_255,1,0,6,"(0, 6)",0,33,0.8461538461538461,0.7159763313609467,0.05873062461614609,0.3245621919631958,0,0.00018638372421264648,0.00018643356452230364
"batch2_128_255|(0,6)",batch2_128_255,1,0,6,"(0, 6)",0,34,0.8717948717948718,0.760026298487837,0.060475919395685196,0.3320518434047699,0,0.00019872188568115234,0.000198742127395235
"batch2_128_255|(0,6)",batch2_128_255,1,0,6,"(0, 6)",0,35,0.8974358974358975,0.8053911900065747,0.062206923961639404,0.3394140899181366,0,0.00020045042037963867,0.00020041079551447183
"batch2_128_255|(0,6)",batch2_128_255,1,0,6,"(0, 6)",0,36,0.9230769230769231,0.8520710059171599,0.06392236053943634,0.34664785861968994,0,0.00020551681518554688,0.000205511343665421
"batch2_128_255|(0,6)",batch2_128_255,1,0,6,"(0, 6)",0,37,0.9487179487179487,0.9000657462195923,0.06562033295631409,0.3537536859512329,0,0.0002174973487854004,0.00021748850122094154
"batch2_128_255|(0,6)",batch2_128_255,1,0,6,"(0, 6)",0,38,0.9743589743589743,0.9493754109138725,0.06730005890130997,0.3607189953327179,0,0.00021916627883911133,0.00021916904370300472
"batch2_128_255|(0,6)",batch2_128_255,1,0,6,"(0, 6)",0,39,1.0,1.0,0.06896043568849564,0.3675660490989685,0,0.00022071599960327148,0.00022083145449869335
"batch2_128_255|(0,7)",batch2_128_255,1,0,7,"(0, 7)",1,0,0.0,0.0,0.0,0.0,0,0.0017611980438232422,0.0017612699884921312
"batch2_128_255|(0,7)",batch2_128_255,1,0,7,"(0, 7)",1,1,0.02564102564102564,0.0006574621959237343,0.0019728601910173893,0.013776768930256367,0,0.0016291141510009766,0.0016293978551402688
"batch2_128_255|(0,7)",batch2_128_255,1,0,7,"(0, 7)",1,2,0.05128205128205128,0.0026298487836949372,0.003911408130079508,0.027307040989398956,0,0.0015034675598144531,0.0015035783872008324
"batch2_128_255|(0,7)",batch2_128_255,1,0,7,"(0, 7)",1,3,0.07692307692307693,0.00591715976331361,0.005817183293402195,0.04061966761946678,0,0.0013927221298217773,0.0013928974512964487
"batch2_128_255|(0,7)",batch2_128_255,1,0,7,"(0, 7)",1,4,0.10256410256410256,0.010519395134779749,0.0076933917589485645,0.05373169481754303,0,0.001291036605834961,0.0012910962104797363
"batch2_128_255|(0,7)",batch2_128_255,1,0,7,"(0, 7)",1,5,0.1282051282051282,0.016436554898093356,0.009541851468384266,0.06649830937385559,0,0.0012040138244628906,0.0012040069559589028
"batch2_128_255|(0,7)",batch2_128_255,1,0,7,"(0, 7)",1,6,0.15384615384615385,0.02366863905325444,0.011365266516804695,0.07899501174688339,0,0.0011005401611328125,0.001100679743103683
"batch2_128_255|(0,7)",batch2_128_255,1,0,7,"(0, 7)",1,7,0.1794871794871795,0.032215647600262985,0.013162985444068909,0.09110665321350098,0,0.0010055303573608398,0.001005518133752048
"batch2_128_255|(0,7)",batch2_128_255,1,0,7,"(0, 7)",1,8,0.20512820512820512,0.042077580539118996,0.01494279783219099,0.10295086354017258,0,0.0009076595306396484,0.0009076003334484994
"batch2_128_255|(0,7)",batch2_128_255,1,0,7,"(0, 7)",1,9,0.23076923076923078,0.053254437869822494,0.016706416383385658,0.11444459855556488,0,0.000819087028503418,0.0008191473898477852
"batch2_128_255|(0,7)",batch2_128_255,1,0,7,"(0, 7)",1,10,0.2564102564102564,0.06574621959237342,0.018458381295204163,0.12560401856899261,0,0.0007350444793701172,0.0007351916283369064
"batch2_128_255|(0,7)",batch2_128_255,1,0,7,"(0, 7)",1,11,0.28205128205128205,0.07955292570677186,0.020201144739985466,0.13640306890010834,0,0.0006521940231323242,0.0006522206240333617
"batch2_128_255|(0,7)",batch2_128_255,1,0,7,"(0, 7)",1,12,0.3076923076923077,0.09467455621301776,0.021934743970632553,0.14684359729290009,0,0.0005908012390136719,0.000590775569435209
"batch2_128_255|(0,7)",batch2_128_255,1,0,7,"(0, 7)",1,13,0.3333333333333333,0.1111111111111111,0.023666858673095703,0.1570264995098114,0,0.0005192756652832031,0.0005193331162445247
"batch2_128_255|(0,7)",batch2_128_255,1,0,7,"(0, 7)",1,14,0.358974358974359,0.12886259040105194,0.02539820782840252,0.1669493168592453,0,0.0004525184631347656,0.0004525447729974985
"batch2_128_255|(0,7)",batch2_128_255,1,0,7,"(0, 7)",1,15,0.38461538461538464,0.14792899408284024,0.02713022381067276,0.17663125693798065,0,0.0003857612609863281,0.0003858418785966933
"batch2_128_255|(0,7)",batch2_128_255,1,0,7,"(0, 7)",1,16,0.41025641025641024,0.16831032215647598,0.0288628451526165,0.18613021075725555,0,0.0003260374069213867,0.0003261544625274837
"batch2_128_255|(0,7)",batch2_128_255,1,0,7,"(0, 7)",1,17,0.4358974358974359,0.19000657462195925,0.03060116432607174,0.19542038440704346,0,0.0002639889717102051,0.000264014262938872
"batch2_128_255|(0,7)",batch2_128_255,1,0,7,"(0, 7)",1,18,0.46153846153846156,0.21301775147928997,0.032345905900001526,0.20469333231449127,0,0.0002244114875793457,0.00022451631957665086
"batch2_128_255|(0,7)",batch2_128_255,1,0,7,"(0, 7)",1,19,0.48717948717948717,0.2373438527284681,0.03410055488348007,0.21387000381946564,0,0.0001780986785888672,0.00017815119645092636
"batch2_128_255|(0,7)",batch2_128_255,1,0,7,"(0, 7)",1,20,0.5128205128205128,0.2629848783694937,0.03586184233427048,0.22293442487716675,0,0.00013059377670288086,0.00013060342462267727
"batch2_128_255|(0,7)",batch2_128_255,1,0,7,"(0, 7)",1,21,0.5384615384615384,0.28994082840236685,0.037630144506692886,0.23181965947151184,0,7.516145706176758e-05,7.518559868913144e-05
"batch2_128_255|(0,7)",batch2_128_255,1,0,7,"(0, 7)",1,22,0.5641025641025641,0.31821170282708744,0.039401669055223465,0.24051988124847412,0,3.165006637573242e-05,3.167689646943472e-05
"batch2_128_255|(0,7)",batch2_128_255,1,0,7,"(0, 7)",1,23,0.5897435897435898,0.3477975016436555,0.04117773845791817,0.2490442842245102,0,2.1457672119140625e-06,2.144948666682467e-06
"batch2_128_255|(0,7)",batch2_128_255,1,0,7,"(0, 7)",1,24,0.6153846153846154,0.37869822485207105,0.04295943304896355,0.2574687600135803,1,-3.337860107421875e-05,-3.329833270981908e-05
"batch2_128_255|(1,2)",batch2_128_255,1,1,2,"(1, 2)",0,0,0.0,0.0,0.0,0.0,0,0.0014203786849975586,0.0014207696076482534
"batch2_128_255|(1,2)",batch2_128_255,1,1,2,"(1, 2)",0,1,0.02564102564102564,0.0006574621959237343,0.0018793821800500154,0.015303310938179493,0,0.0012860298156738281,0.0012862037401646376
"batch2_128_255|(1,2)",batch2_128_255,1,1,2,"(1, 2)",0,2,0.05128205128205128,0.0026298487836949372,0.003707427531480789,0.03046022728085518,0,0.0011767148971557617,0.0011768483091145754
"batch2_128_255|(1,2)",batch2_128_255,1,1,2,"(1, 2)",0,3,0.07692307692307693,0.00591715976331361,0.0054826755076646805,0.045324862003326416,0,0.0010809898376464844,0.0010811681859195232
"batch2_128_255|(1,2)",batch2_128_255,1,1,2,"(1, 2)",0,4,0.10256410256410256,0.010519395134779749,0.007214767392724752,0.05994134396314621,0,0.001006007194519043,0.0010061573702841997
"batch2_128_255|(1,2)",batch2_128_255,1,1,2,"(1, 2)",0,5,0.1282051282051282,0.016436554898093356,0.00890491995960474,0.07421382516622543,0,0.0009386539459228516,0.0009385528392158449
"batch2_128_255|(1,2)",batch2_128_255,1,1,2,"(1, 2)",0,6,0.15384615384615385,0.02366863905325444,0.010559160262346268,0.08814740926027298,0,0.0008707046508789062,0.0008707843371666968
"batch2_128_255|(1,2)",batch2_128_255,1,1,2,"(1, 2)",0,7,0.1794871794871795,0.032215647600262985,0.012179887853562832,0.1016463190317154,0,0.0008008480072021484,0.0008009053417481482
"batch2_128_255|(1,2)",batch2_128_255,1,1,2,"(1, 2)",0,8,0.20512820512820512,0.042077580539118996,0.01377011463046074,0.11474218219518661,0,0.0007420778274536133,0.0007420372567139566
"batch2_128_255|(1,2)",batch2_128_255,1,1,2,"(1, 2)",0,9,0.23076923076923078,0.053254437869822494,0.01533572655171156,0.12729457020759583,0,0.0006935596466064453,0.0006935957935638726
"batch2_128_255|(1,2)",batch2_128_255,1,1,2,"(1, 2)",0,10,0.2564102564102564,0.06574621959237342,0.016887884587049484,0.13929273188114166,0,0.0006310939788818359,0.0006311999750323594
"batch2_128_255|(1,2)",batch2_128_255,1,1,2,"(1, 2)",0,11,0.28205128205128205,0.07955292570677186,0.018430111929774284,0.150729238986969,0,0.0005675554275512695,0.0005675398278981447
"batch2_128_255|(1,2)",batch2_128_255,1,1,2,"(1, 2)",0,12,0.3076923076923077,0.09467455621301776,0.019965460523962975,0.1615886688232422,0,0.0005199909210205078,0.0005200466839596629
"batch2_128_255|(1,2)",batch2_128_255,1,1,2,"(1, 2)",0,13,0.3333333333333333,0.1111111111111111,0.021504197269678116,0.17196927964687347,0,0.00046253204345703125,0.0004625587025657296
"batch2_128_255|(1,2)",batch2_128_255,1,1,2,"(1, 2)",0,14,0.358974358974359,0.12886259040105194,0.023047437891364098,0.18195343017578125,0,0.00041937828063964844,0.0004193681525066495
"batch2_128_255|(1,2)",batch2_128_255,1,1,2,"(1, 2)",0,15,0.38461538461538464,0.14792899408284024,0.02460106462240219,0.19162969291210175,0,0.00037789344787597656,0.0003779347171075642
"batch2_128_255|(1,2)",batch2_128_255,1,1,2,"(1, 2)",0,16,0.41025641025641024,0.16831032215647598,0.02616616152226925,0.20106448233127594,0,0.00034105777740478516,0.0003410385688766837
"batch2_128_255|(1,2)",batch2_128_255,1,1,2,"(1, 2)",0,17,0.4358974358974359,0.19000657462195925,0.02774268388748169,0.21034923195838928,0,0.00030291080474853516,0.0003028566425200552
"batch2_128_255|(1,2)",batch2_128_255,1,1,2,"(1, 2)",0,18,0.46153846153846156,0.21301775147928997,0.029331723228096962,0.21945801377296448,0,0.0002740621566772461,0.0002741278149187565
"batch2_128_255|(1,2)",batch2_128_255,1,1,2,"(1, 2)",0,19,0.48717948717948717,0.2373438527284681,0.03093225695192814,0.22842730581760406,0,0.00024437904357910156,0.00024440878769382834
"batch2_128_255|(1,2)",batch2_128_255,1,1,2,"(1, 2)",0,20,0.5128205128205128,0.2629848783694937,0.03254164382815361,0.23728173971176147,0,0.00023925304412841797,0.00023925935965962708
"batch2_128_255|(1,2)",batch2_128_255,1,1,2,"(1, 2)",0,21,0.5384615384615384,0.28994082840236685,0.03416082635521889,0.24607709050178528,0,0.00020587444305419922,0.00020586285972967744
"batch2_128_255|(1,2)",batch2_128_255,1,1,2,"(1, 2)",0,22,0.5641025641025641,0.31821170282708744,0.035786982625722885,0.25476738810539246,0,0.00018155574798583984,0.000181755589437671
"batch2_128_255|(1,2)",batch2_128_255,1,1,2,"(1, 2)",0,23,0.5897435897435898,0.3477975016436555,0.03741711005568504,0.2633892595767975,0,0.0001461505889892578,0.0001462456420995295
"batch2_128_255|(1,2)",batch2_128_255,1,1,2,"(1, 2)",0,24,0.6153846153846154,0.37869822485207105,0.03904742747545242,0.2719293534755707,0,0.00010406970977783203,0.00010401579493191093
"batch2_128_255|(1,2)",batch2_128_255,1,1,2,"(1, 2)",0,25,0.6410256410256411,0.4109138724523341,0.040680721402168274,0.28039124608039856,0,6.866455078125e-05,6.876705447211862e-05
"batch2_128_255|(1,2)",batch2_128_255,1,1,2,"(1, 2)",0,26,0.6666666666666666,0.4444444444444444,0.04230990633368492,0.28877314925193787,0,2.4199485778808594e-05,2.4202225176850334e-05
"batch2_128_255|(1,2)",batch2_128_255,1,1,2,"(1, 2)",0,27,0.6923076923076923,0.4792899408284023,0.04392986744642258,0.2969973385334015,1,-1.704692840576172e-05,-1.695598075457383e-05
"batch2_128_255|(1,3)",batch2_128_255,1,1,3,"(1, 3)",0,0,0.0,0.0,0.0,0.0,0,0.0011355876922607422,0.0011355893220752478
"batch2_128_255|(1,3)",batch2_128_255,1,1,3,"(1, 3)",0,1,0.02564102564102564,0.0006574621959237343,0.0018340008100494742,0.014018877409398556,0,0.0010142326354980469,0.0010144866537302732
"batch2_128_255|(1,3)",batch2_128_255,1,1,3,"(1, 3)",0,2,0.05128205128205128,0.0026298487836949372,0.0036220948677510023,0.02764469012618065,0,0.0009261369705200195,0.0009262524545192719
"batch2_128_255|(1,3)",batch2_128_255,1,1,3,"(1, 3)",0,3,0.07692307692307693,0.00591715976331361,0.005372898653149605,0.040902938693761826,0,0.0008507966995239258,0.0008507899474352598
"batch2_128_255|(1,3)",batch2_128_255,1,1,3,"(1, 3)",0,4,0.10256410256410256,0.010519395134779749,0.00708793057128787,0.05383610725402832,0,0.0007879734039306641,0.000788038712926209
"batch2_128_255|(1,3)",batch2_128_255,1,1,3,"(1, 3)",0,5,0.1282051282051282,0.016436554898093356,0.008774830959737301,0.06654196232557297,0,0.00074005126953125,0.000740154180675745
"batch2_128_255|(1,3)",batch2_128_255,1,1,3,"(1, 3)",0,6,0.15384615384615385,0.02366863905325444,0.010436314158141613,0.07898806780576706,0,0.0007036924362182617,0.0007037279428914189
"batch2_128_255|(1,3)",batch2_128_255,1,1,3,"(1, 3)",0,7,0.1794871794871795,0.032215647600262985,0.01207518856972456,0.09119004011154175,0,0.0006617307662963867,0.000661770231090486
"batch2_128_255|(1,3)",batch2_128_255,1,1,3,"(1, 3)",0,8,0.20512820512820512,0.042077580539118996,0.013698280788958073,0.10314341634511948,0,0.0006241798400878906,0.0006243609823286533
"batch2_128_255|(1,3)",batch2_128_255,1,1,3,"(1, 3)",0,9,0.23076923076923078,0.053254437869822494,0.015310054644942284,0.1148892343044281,0,0.0005925893783569336,0.0005925224395468831
"batch2_128_255|(1,3)",batch2_128_255,1,1,3,"(1, 3)",0,10,0.2564102564102564,0.06574621959237342,0.016912739723920822,0.1263868510723114,0,0.000559687614440918,0.0005597335984930396
"batch2_128_255|(1,3)",batch2_128_255,1,1,3,"(1, 3)",0,11,0.28205128205128205,0.07955292570677186,0.018507812172174454,0.13760817050933838,0,0.0005303621292114258,0.0005304706864990294
"batch2_128_255|(1,3)",batch2_128_255,1,1,3,"(1, 3)",0,12,0.3076923076923077,0.09467455621301776,0.020099442452192307,0.14861354231834412,0,0.0004932880401611328,0.0004931933362968266
"batch2_128_255|(1,3)",batch2_128_255,1,1,3,"(1, 3)",0,13,0.3333333333333333,0.1111111111111111,0.021687321364879608,0.15929093956947327,0,0.00044989585876464844,0.0004498671623878181
"batch2_128_255|(1,3)",batch2_128_255,1,1,3,"(1, 3)",0,14,0.358974358974359,0.12886259040105194,0.023276515305042267,0.16968275606632233,0,0.00041937828063964844,0.0004193914355710149
"batch2_128_255|(1,3)",batch2_128_255,1,1,3,"(1, 3)",0,15,0.38461538461538464,0.14792899408284024,0.024868538603186607,0.17991968989372253,0,0.00038611888885498047,0.00038618186954408884
"batch2_128_255|(1,3)",batch2_128_255,1,1,3,"(1, 3)",0,16,0.41025641025641024,0.16831032215647598,0.026465481147170067,0.18997372686862946,0,0.0003625154495239258,0.0003626340185292065
"batch2_128_255|(1,3)",batch2_128_255,1,1,3,"(1, 3)",0,17,0.4358974358974359,0.19000657462195925,0.02806372009217739,0.19980013370513916,0,0.0003268718719482422,0.00032696922426111996
"batch2_128_255|(1,3)",batch2_128_255,1,1,3,"(1, 3)",0,18,0.46153846153846156,0.21301775147928997,0.02966458722949028,0.20952242612838745,0,0.00029921531677246094,0.0002990996581502259
"batch2_128_255|(1,3)",batch2_128_255,1,1,3,"(1, 3)",0,19,0.48717948717948717,0.2373438527284681,0.03127025440335274,0.21916931867599487,0,0.0002658367156982422,0.00026583849103190005
"batch2_128_255|(1,3)",batch2_128_255,1,1,3,"(1, 3)",0,20,0.5128205128205128,0.2629848783694937,0.03288007155060768,0.22875307500362396,0,0.00024366378784179688,0.0002436604700051248
"batch2_128_255|(1,3)",batch2_128_255,1,1,3,"(1, 3)",0,21,0.5384615384615384,0.28994082840236685,0.03449256345629692,0.23821629583835602,0,0.0002200603485107422,0.0002201879397034645
"batch2_128_255|(1,3)",batch2_128_255,1,1,3,"(1, 3)",0,22,0.5641025641025641,0.31821170282708744,0.03610784932971001,0.24755331873893738,0,0.0001964569091796875,0.00019648067245725542
"batch2_128_255|(1,3)",batch2_128_255,1,1,3,"(1, 3)",0,23,0.5897435897435898,0.3477975016436555,0.03772494196891785,0.25677528977394104,0,0.0001595020294189453,0.0001596234505996108
"batch2_128_255|(1,3)",batch2_128_255,1,1,3,"(1, 3)",0,24,0.6153846153846154,0.37869822485207105,0.03934114798903465,0.2658592462539673,0,0.00012934207916259766,0.00012933315883856267
"batch2_128_255|(1,3)",batch2_128_255,1,1,3,"(1, 3)",0,25,0.6410256410256411,0.4109138724523341,0.04095597565174103,0.2748083770275116,0,0.00010478496551513672,0.00010490141721675172
"batch2_128_255|(1,3)",batch2_128_255,1,1,3,"(1, 3)",0,26,0.6666666666666666,0.4444444444444444,0.04256674274802208,0.2836367189884186,0,6.61611557006836e-05,6.618944462388754e-05
"batch2_128_255|(1,3)",batch2_128_255,1,1,3,"(1, 3)",0,27,0.6923076923076923,0.4792899408284023,0.04417227953672409,0.29232820868492126,0,1.2159347534179688e-05,1.2282669558771886e-05
"batch2_128_255|(1,3)",batch2_128_255,1,1,3,"(1, 3)",0,28,0.717948717948718,0.5154503616042078,0.04576776176691055,0.3008759021759033,1,-1.049041748046875e-05,-1.0324321010557469e-05
"batch2_128_255|(1,4)",batch2_128_255,1,1,4,"(1, 4)",0,0,0.0,0.0,0.0,0.0,0,0.0015544891357421875,0.0015548835508525372
"batch2_128_255|(1,4)",batch2_128_255,1,1,4,"(1, 4)",0,1,0.02564102564102564,0.0006574621959237343,0.0018413220532238483,0.014689033851027489,0,0.0012679100036621094,0.0012679948704317212
"batch2_128_255|(1,4)",batch2_128_255,1,1,4,"(1, 4)",0,2,0.05128205128205128,0.0026298487836949372,0.003633582266047597,0.02906070463359356,0,0.0010678768157958984,0.0010680268751457334
"batch2_128_255|(1,4)",batch2_128_255,1,1,4,"(1, 4)",0,3,0.07692307692307693,0.00591715976331361,0.005382663104683161,0.04306970536708832,0,0.0009202957153320312,0.0009202930377796292
"batch2_128_255|(1,4)",batch2_128_255,1,1,4,"(1, 4)",0,4,0.10256410256410256,0.010519395134779749,0.007092723622918129,0.05687553808093071,0,0.0007936954498291016,0.0007937800255604088
"batch2_128_255|(1,4)",batch2_128_255,1,1,4,"(1, 4)",0,5,0.1282051282051282,0.016436554898093356,0.008765988051891327,0.07031285762786865,0,0.0006824731826782227,0.0006825620657764375
"batch2_128_255|(1,4)",batch2_128_255,1,1,4,"(1, 4)",0,6,0.15384615384615385,0.02366863905325444,0.010404659435153008,0.08326543122529984,0,0.0005946159362792969,0.0005946488818153739
"batch2_128_255|(1,4)",batch2_128_255,1,1,4,"(1, 4)",0,7,0.1794871794871795,0.032215647600262985,0.012018676847219467,0.09579738974571228,0,0.0005183219909667969,0.0005183189059607685
"batch2_128_255|(1,4)",batch2_128_255,1,1,4,"(1, 4)",0,8,0.20512820512820512,0.042077580539118996,0.013616999611258507,0.10791858285665512,0,0.0004545450210571289,0.00045460660476237535
"batch2_128_255|(1,4)",batch2_128_255,1,1,4,"(1, 4)",0,9,0.23076923076923078,0.053254437869822494,0.01520536933094263,0.119635209441185,0,0.00039690732955932617,0.0003968874516431242
"batch2_128_255|(1,4)",batch2_128_255,1,1,4,"(1, 4)",0,10,0.2564102564102564,0.06574621959237342,0.016791097819805145,0.13098186254501343,0,0.0003464818000793457,0.00034648310975171626
"batch2_128_255|(1,4)",batch2_128_255,1,1,4,"(1, 4)",0,11,0.28205128205128205,0.07955292570677186,0.018376590684056282,0.14201411604881287,0,0.0002981424331665039,0.00029815619927830994
"batch2_128_255|(1,4)",batch2_128_255,1,1,4,"(1, 4)",0,12,0.3076923076923077,0.09467455621301776,0.019967099651694298,0.1527239829301834,0,0.0002517104148864746,0.00025177907082252204
"batch2_128_255|(1,4)",batch2_128_255,1,1,4,"(1, 4)",0,13,0.3333333333333333,0.1111111111111111,0.021565724164247513,0.1632837951183319,0,0.00021541118621826172,0.0002154559042537585
"batch2_128_255|(1,4)",batch2_128_255,1,1,4,"(1, 4)",0,14,0.358974358974359,0.12886259040105194,0.023177599534392357,0.1738496720790863,0,0.00017249584197998047,0.00017251686949748546
"batch2_128_255|(1,4)",batch2_128_255,1,1,4,"(1, 4)",0,15,0.38461538461538464,0.14792899408284024,0.02480638399720192,0.18435195088386536,0,0.00012493133544921875,0.00012497908028308302
"batch2_128_255|(1,4)",batch2_128_255,1,1,4,"(1, 4)",0,16,0.41025641025641024,0.16831032215647598,0.02645488828420639,0.1947680562734604,0,8.14199447631836e-05,8.144659659592435e-05
"batch2_128_255|(1,4)",batch2_128_255,1,1,4,"(1, 4)",0,17,0.4358974358974359,0.19000657462195925,0.028122225776314735,0.2051485925912857,0,3.0994415283203125e-05,3.10289251501672e-05
"batch2_128_255|(1,4)",batch2_128_255,1,1,4,"(1, 4)",0,18,0.46153846153846156,0.21301775147928997,0.02980482019484043,0.21545445919036865,1,-3.641843795776367e-05,-3.6407313018571585e-05
"batch2_128_255|(1,5)",batch2_128_255,1,1,5,"(1, 5)",0,0,0.0,0.0,0.0,0.0,0,0.0005858540534973145,0.0005858869408257306
"batch2_128_255|(1,5)",batch2_128_255,1,1,5,"(1, 5)",0,1,0.02564102564102564,0.0006574621959237343,0.001726397662423551,0.014938329346477985,0,0.0005507469177246094,0.0005507533787749708
"batch2_128_255|(1,5)",batch2_128_255,1,1,5,"(1, 5)",0,2,0.05128205128205128,0.0026298487836949372,0.0034163743257522583,0.029536310583353043,0,0.0005171298980712891,0.0005171600496396422
"batch2_128_255|(1,5)",batch2_128_255,1,1,5,"(1, 5)",0,3,0.07692307692307693,0.00591715976331361,0.005076277069747448,0.043828334659338,0,0.0004876852035522461,0.0004876980965491384
"batch2_128_255|(1,5)",batch2_128_255,1,1,5,"(1, 5)",0,4,0.10256410256410256,0.010519395134779749,0.006707870401442051,0.057922814041376114,0,0.000461578369140625,0.00046156684402376413
"batch2_128_255|(1,5)",batch2_128_255,1,1,5,"(1, 5)",0,5,0.1282051282051282,0.016436554898093356,0.008314735256135464,0.07169206440448761,0,0.0004369020462036133,0.00043693126644939184
"batch2_128_255|(1,5)",batch2_128_255,1,1,5,"(1, 5)",0,6,0.15384615384615385,0.02366863905325444,0.009901114739477634,0.08511827886104584,0,0.0004076361656188965,0.0004076995246578008
"batch2_128_255|(1,5)",batch2_128_255,1,1,5,"(1, 5)",0,7,0.1794871794871795,0.032215647600262985,0.01147554162889719,0.09822966903448105,0,0.00038695335388183594,0.0003869367064908147
"batch2_128_255|(1,5)",batch2_128_255,1,1,5,"(1, 5)",0,8,0.20512820512820512,0.042077580539118996,0.013038231059908867,0.11100272834300995,0,0.00035756826400756836,0.000357636105036363
"batch2_128_255|(1,5)",batch2_128_255,1,1,5,"(1, 5)",0,9,0.23076923076923078,0.053254437869822494,0.014595034532248974,0.123480424284935,0,0.00031936168670654297,0.0003193720185663551
"batch2_128_255|(1,5)",batch2_128_255,1,1,5,"(1, 5)",0,10,0.2564102564102564,0.06574621959237342,0.016142524778842926,0.13550399243831635,0,0.0002936124801635742,0.00029360968619585037
"batch2_128_255|(1,5)",batch2_128_255,1,1,5,"(1, 5)",0,11,0.28205128205128205,0.07955292570677186,0.01768796145915985,0.1473401039838791,0,0.00025957822799682617,0.0002596198464743793
"batch2_128_255|(1,5)",batch2_128_255,1,1,5,"(1, 5)",0,12,0.3076923076923077,0.09467455621301776,0.019233960658311844,0.15886752307415009,0,0.00022280216217041016,0.00022281159181147814
"batch2_128_255|(1,5)",batch2_128_255,1,1,5,"(1, 5)",0,13,0.3333333333333333,0.1111111111111111,0.020784160122275352,0.17010515928268433,0,0.00019478797912597656,0.00019484918448142707
"batch2_128_255|(1,5)",batch2_128_255,1,1,5,"(1, 5)",0,14,0.358974358974359,0.12886259040105194,0.022340824827551842,0.18123814463615417,0,0.00015181303024291992,0.00015177040768321604
"batch2_128_255|(1,5)",batch2_128_255,1,1,5,"(1, 5)",0,15,0.38461538461538464,0.14792899408284024,0.023903999477624893,0.19202753901481628,0,0.00011491775512695312,0.00011491215991554782
"batch2_128_255|(1,5)",batch2_128_255,1,1,5,"(1, 5)",0,16,0.41025641025641024,0.16831032215647598,0.025473371148109436,0.20248259603977203,0,8.45193862915039e-05,8.451742905890569e-05
"batch2_128_255|(1,5)",batch2_128_255,1,1,5,"(1, 5)",0,17,0.4358974358974359,0.19000657462195925,0.027051610872149467,0.21271079778671265,0,6.407499313354492e-05,6.409612251445651e-05
"batch2_128_255|(1,5)",batch2_128_255,1,1,5,"(1, 5)",0,18,0.46153846153846156,0.21301775147928997,0.028640057891607285,0.22280941903591156,0,3.4689903259277344e-05,3.473004107945599e-05
"batch2_128_255|(1,5)",batch2_128_255,1,1,5,"(1, 5)",0,19,0.48717948717948717,0.2373438527284681,0.03022874891757965,0.23271043598651886,0,9.238719940185547e-06,9.272470379073638e-06
"batch2_128_255|(1,5)",batch2_128_255,1,1,5,"(1, 5)",0,20,0.5128205128205128,0.2629848783694937,0.031818486750125885,0.24242645502090454,1,-1.3172626495361328e-05,-1.3151499842933845e-05
"batch2_128_255|(1,6)",batch2_128_255,1,1,6,"(1, 6)",0,0,0.0,0.0,0.0,0.0,0,0.0024871826171875,0.002487822901457548
"batch2_128_255|(1,6)",batch2_128_255,1,1,6,"(1, 6)",0,1,0.02564102564102564,0.0006574621959237343,0.001902035204693675,0.01406080275774002,0,0.0021605491638183594,0.002160963136702776
"batch2_128_255|(1,6)",batch2_128_255,1,1,6,"(1, 6)",0,2,0.05128205128205128,0.0026298487836949372,0.003747784998267889,0.027908705174922943,0,0.0018768310546875,0.0018770518945530057
"batch2_128_255|(1,6)",batch2_128_255,1,1,6,"(1, 6)",0,3,0.07692307692307693,0.00591715976331361,0.0055442494340240955,0.041580889374017715,0,0.0016235113143920898,0.0016238265670835972
"batch2_128_255|(1,6)",batch2_128_255,1,1,6,"(1, 6)",0,4,0.10256410256410256,0.010519395134779749,0.007295367773622274,0.05512407049536705,0,0.0013643503189086914,0.0013646301813423634
"batch2_128_255|(1,6)",batch2_128_255,1,1,6,"(1, 6)",0,5,0.1282051282051282,0.016436554898093356,0.008999506011605263,0.06843814998865128,0,0.0011686086654663086,0.0011687703663483262
"batch2_128_255|(1,6)",batch2_128_255,1,1,6,"(1, 6)",0,6,0.15384615384615385,0.02366863905325444,0.010661055333912373,0.08148414641618729,0,0.0009938478469848633,0.0009939493611454964
"batch2_128_255|(1,6)",batch2_128_255,1,1,6,"(1, 6)",0,7,0.1794871794871795,0.032215647600262985,0.012285646051168442,0.09424465149641037,0,0.0008332729339599609,0.0008335201418958604
"batch2_128_255|(1,6)",batch2_128_255,1,1,6,"(1, 6)",0,8,0.20512820512820512,0.042077580539118996,0.013874958269298077,0.10671690106391907,0,0.0007159709930419922,0.0007161854882724583
"batch2_128_255|(1,6)",batch2_128_255,1,1,6,"(1, 6)",0,9,0.23076923076923078,0.053254437869822494,0.015437748283147812,0.11892266571521759,0,0.0006074905395507812,0.0006075523560866714
"batch2_128_255|(1,6)",batch2_128_255,1,1,6,"(1, 6)",0,10,0.2564102564102564,0.06574621959237342,0.016973748803138733,0.1307571530342102,0,0.0005105733871459961,0.0005106355529278517
"batch2_128_255|(1,6)",batch2_128_255,1,1,6,"(1, 6)",0,11,0.28205128205128205,0.07955292570677186,0.01849047839641571,0.14223229885101318,0,0.00043022632598876953,0.00043030083179473877
"batch2_128_255|(1,6)",batch2_128_255,1,1,6,"(1, 6)",0,12,0.3076923076923077,0.09467455621301776,0.01999525912106037,0.15331605076789856,0,0.0003623366355895996,0.00036237190943211317
"batch2_128_255|(1,6)",batch2_128_255,1,1,6,"(1, 6)",0,13,0.3333333333333333,0.1111111111111111,0.021493131294846535,0.16404177248477936,0,0.000310361385345459,0.00031042209593579173
"batch2_128_255|(1,6)",batch2_128_255,1,1,6,"(1, 6)",0,14,0.358974358974359,0.12886259040105194,0.022987229749560356,0.1744576245546341,0,0.00026810169219970703,0.0002681402547750622
"batch2_128_255|(1,6)",batch2_128_255,1,1,6,"(1, 6)",0,15,0.38461538461538464,0.14792899408284024,0.024483641609549522,0.184632807970047,0,0.00023490190505981445,0.00023490640160162002
"batch2_128_255|(1,6)",batch2_128_255,1,1,6,"(1, 6)",0,16,0.41025641025641024,0.16831032215647598,0.02598472125828266,0.19471599161624908,0,0.00021326541900634766,0.0002132798108505085
"batch2_128_255|(1,6)",batch2_128_255,1,1,6,"(1, 6)",0,17,0.4358974358974359,0.19000657462195925,0.027492977678775787,0.20470787584781647,0,0.00018393993377685547,0.00018404517322778702
"batch2_128_255|(1,6)",batch2_128_255,1,1,6,"(1, 6)",0,18,0.46153846153846156,0.21301775147928997,0.029006151482462883,0.2145419418811798,0,0.00016754865646362305,0.00016758889250922948
"batch2_128_255|(1,6)",batch2_128_255,1,1,6,"(1, 6)",0,19,0.48717948717948717,0.2373438527284681,0.0305262953042984,0.2242405265569687,0,0.000152587890625,0.00015256364713422954
"batch2_128_255|(1,6)",batch2_128_255,1,1,6,"(1, 6)",0,20,0.5128205128205128,0.2629848783694937,0.032050721347332,0.23384153842926025,0,0.0001347064971923828,0.00013477291213348508
"batch2_128_255|(1,6)",batch2_128_255,1,1,6,"(1, 6)",0,21,0.5384615384615384,0.28994082840236685,0.03358091413974762,0.24322816729545593,0,0.00012063980102539062,0.00012070142111042514
"batch2_128_255|(1,6)",batch2_128_255,1,1,6,"(1, 6)",0,22,0.5641025641025641,0.31821170282708744,0.03511454164981842,0.25241929292678833,0,0.00010383129119873047,0.0001038195623550564
"batch2_128_255|(1,6)",batch2_128_255,1,1,6,"(1, 6)",0,23,0.5897435897435898,0.3477975016436555,0.03665025532245636,0.2614441514015198,0,8.046627044677734e-05,8.053276542341337e-05
"batch2_128_255|(1,6)",batch2_128_255,1,1,6,"(1, 6)",0,24,0.6153846153846154,0.37869822485207105,0.03818366676568985,0.27026864886283875,0,6.377696990966797e-05,6.390267662936822e-05
"batch2_128_255|(1,6)",batch2_128_255,1,1,6,"(1, 6)",0,25,0.6410256410256411,0.4109138724523341,0.03971550241112709,0.2789630591869354,0,4.273653030395508e-05,4.2700095946202055e-05
"batch2_128_255|(1,6)",batch2_128_255,1,1,6,"(1, 6)",0,26,0.6666666666666666,0.4444444444444444,0.041243329644203186,0.28752803802490234,0,4.0650367736816406e-05,4.065301254740916e-05
"batch2_128_255|(1,6)",batch2_128_255,1,1,6,"(1, 6)",0,27,0.6923076923076923,0.4792899408284023,0.04276653006672859,0.29593682289123535,0,3.11732292175293e-05,3.126381488982588e-05
"batch2_128_255|(1,6)",batch2_128_255,1,1,6,"(1, 6)",0,28,0.717948717948718,0.5154503616042078,0.04428037256002426,0.3042021691799164,0,1.2993812561035156e-05,1.3087357729091309e-05
"batch2_128_255|(1,6)",batch2_128_255,1,1,6,"(1, 6)",0,29,0.7435897435897436,0.5529257067718607,0.04578044265508652,0.3122996985912323,1,-3.0994415283203125e-06,-2.9355805963859893e-06
"batch2_128_255|(1,7)",batch2_128_255,1,1,7,"(1, 7)",1,0,0.0,0.0,0.0,0.0,0,0.0012977123260498047,0.0012978996383026242
"batch2_128_255|(1,7)",batch2_128_255,1,1,7,"(1, 7)",1,1,0.02564102564102564,0.0006574621959237343,0.001893729087896645,0.014379525557160378,0,0.001146554946899414,0.0011468393495306373
"batch2_128_255|(1,7)",batch2_128_255,1,1,7,"(1, 7)",1,2,0.05128205128205128,0.0026298487836949372,0.0037383141461759806,0.02843991108238697,0,0.0010154247283935547,0.0010154739720746875
"batch2_128_255|(1,7)",batch2_128_255,1,1,7,"(1, 7)",1,3,0.07692307692307693,0.00591715976331361,0.005536846350878477,0.04220147430896759,0,0.0009210109710693359,0.0009211563738062978
"batch2_128_255|(1,7)",batch2_128_255,1,1,7,"(1, 7)",1,4,0.10256410256410256,0.010519395134779749,0.0072990646585822105,0.05580770969390869,0,0.0008184909820556641,0.000818526023067534
"batch2_128_255|(1,7)",batch2_128_255,1,1,7,"(1, 7)",1,5,0.1282051282051282,0.016436554898093356,0.009019586257636547,0.06914731115102768,0,0.0007251501083374023,0.0007252238574437797
"batch2_128_255|(1,7)",batch2_128_255,1,1,7,"(1, 7)",1,6,0.15384615384615385,0.02366863905325444,0.010708697140216827,0.0821985974907875,0,0.0006380677223205566,0.0006380698177963495
"batch2_128_255|(1,7)",batch2_128_255,1,1,7,"(1, 7)",1,7,0.1794871794871795,0.032215647600262985,0.012371988035738468,0.09502534568309784,0,0.0005652308464050293,0.0005652705440297723
"batch2_128_255|(1,7)",batch2_128_255,1,1,7,"(1, 7)",1,8,0.20512820512820512,0.042077580539118996,0.014009945094585419,0.10752909630537033,0,0.0004906654357910156,0.0004906185786239803
"batch2_128_255|(1,7)",batch2_128_255,1,1,7,"(1, 7)",1,9,0.23076923076923078,0.053254437869822494,0.01562422327697277,0.11960604041814804,0,0.0004292726516723633,0.000429302774136886
"batch2_128_255|(1,7)",batch2_128_255,1,1,7,"(1, 7)",1,10,0.2564102564102564,0.06574621959237342,0.017220834270119667,0.1312071979045868,0,0.0003637075424194336,0.0003637285262811929
"batch2_128_255|(1,7)",batch2_128_255,1,1,7,"(1, 7)",1,11,0.28205128205128205,0.07955292570677186,0.0187995508313179,0.14234595000743866,0,0.0003161430358886719,0.0003161489439662546
"batch2_128_255|(1,7)",batch2_128_255,1,1,7,"(1, 7)",1,12,0.3076923076923077,0.09467455621301776,0.020369671285152435,0.15319465100765228,0,0.00026875734329223633,0.0002687263477127999
"batch2_128_255|(1,7)",batch2_128_255,1,1,7,"(1, 7)",1,13,0.3333333333333333,0.1111111111111111,0.021935533732175827,0.16367849707603455,0,0.00023102760314941406,0.00023108530149329454
"batch2_128_255|(1,7)",batch2_128_255,1,1,7,"(1, 7)",1,14,0.358974358974359,0.12886259040105194,0.02350538969039917,0.17391568422317505,0,0.0001906752586364746,0.00019066399545408785
"batch2_128_255|(1,7)",batch2_128_255,1,1,7,"(1, 7)",1,15,0.38461538461538464,0.14792899408284024,0.02508004941046238,0.1839589625597,0,0.00015103816986083984,0.00015101750614121556
"batch2_128_255|(1,7)",batch2_128_255,1,1,7,"(1, 7)",1,16,0.41025641025641024,0.16831032215647598,0.02666051685810089,0.19377100467681885,0,0.00011670589447021484,0.00011672594700939953
"batch2_128_255|(1,7)",batch2_128_255,1,1,7,"(1, 7)",1,17,0.4358974358974359,0.19000657462195925,0.028245192021131516,0.20335032045841217,0,8.589029312133789e-05,8.584398165112361e-05
"batch2_128_255|(1,7)",batch2_128_255,1,1,7,"(1, 7)",1,18,0.46153846153846156,0.21301775147928997,0.029836326837539673,0.21275633573532104,0,6.473064422607422e-05,6.471255619544536e-05
"batch2_128_255|(1,7)",batch2_128_255,1,1,7,"(1, 7)",1,19,0.48717948717948717,0.2373438527284681,0.03143124282360077,0.2219996303319931,0,4.2319297790527344e-05,4.229818659950979e-05
"batch2_128_255|(1,7)",batch2_128_255,1,1,7,"(1, 7)",1,20,0.5128205128205128,0.2629848783694937,0.033032048493623734,0.2311965376138687,0,2.4020671844482422e-05,2.4054113964666612e-05
"batch2_128_255|(1,7)",batch2_128_255,1,1,7,"(1, 7)",1,21,0.5384615384615384,0.28994082840236685,0.03463677689433098,0.24035492539405823,0,2.0265579223632812e-06,2.0448542272788472e-06
"batch2_128_255|(1,7)",batch2_128_255,1,1,7,"(1, 7)",1,22,0.5641025641025641,0.31821170282708744,0.03624207153916359,0.24944904446601868,1,-2.276897430419922e-05,-2.2822845494374633e-05
"batch2_128_255|(2,3)",batch2_128_255,1,2,3,"(2, 3)",0,0,0.0,0.0,0.0,0.0,0,0.0018851757049560547,0.0018854630179703236
"batch2_128_255|(2,3)",batch2_128_255,1,2,3,"(2, 3)",0,1,0.02564102564102564,0.0006574621959237343,0.001916250097565353,0.015170707367360592,0,0.0017323493957519531,0.0017325313528999686
"batch2_128_255|(2,3)",batch2_128_255,1,2,3,"(2, 3)",0,2,0.05128205128205128,0.0026298487836949372,0.0038036389742046595,0.029984312132000923,0,0.001609206199645996,0.0016092202858999372
"batch2_128_255|(2,3)",batch2_128_255,1,2,3,"(2, 3)",0,3,0.07692307692307693,0.00591715976331361,0.005660373717546463,0.044379863888025284,0,0.001471877098083496,0.0014720142353326082
"batch2_128_255|(2,3)",batch2_128_255,1,2,3,"(2, 3)",0,4,0.10256410256410256,0.010519395134779749,0.0074846199713647366,0.058333609253168106,0,0.0013587474822998047,0.0013588164001703262
"batch2_128_255|(2,3)",batch2_128_255,1,2,3,"(2, 3)",0,5,0.1282051282051282,0.016436554898093356,0.009275410324335098,0.07179220765829086,0,0.0012778043746948242,0.0012777515221387148
"batch2_128_255|(2,3)",batch2_128_255,1,2,3,"(2, 3)",0,6,0.15384615384615385,0.02366863905325444,0.011040548793971539,0.0848516896367073,0,0.0011796951293945312,0.0011798456544056535
"batch2_128_255|(2,3)",batch2_128_255,1,2,3,"(2, 3)",0,7,0.1794871794871795,0.032215647600262985,0.012782012112438679,0.09744322299957275,0,0.0011143684387207031,0.0011144309537485242
"batch2_128_255|(2,3)",batch2_128_255,1,2,3,"(2, 3)",0,8,0.20512820512820512,0.042077580539118996,0.014509296976029873,0.10960901528596878,0,0.0010377168655395508,0.0010377645958214998
"batch2_128_255|(2,3)",batch2_128_255,1,2,3,"(2, 3)",0,9,0.23076923076923078,0.053254437869822494,0.016222048550844193,0.12124377489089966,0,0.000986337661743164,0.0009864865569397807
"batch2_128_255|(2,3)",batch2_128_255,1,2,3,"(2, 3)",0,10,0.2564102564102564,0.06574621959237342,0.017929663881659508,0.13247095048427582,0,0.0009057521820068359,0.0009058044524863362
"batch2_128_255|(2,3)",batch2_128_255,1,2,3,"(2, 3)",0,11,0.28205128205128205,0.07955292570677186,0.019631817936897278,0.14322856068611145,0,0.0008374452590942383,0.0008376744226552546
"batch2_128_255|(2,3)",batch2_128_255,1,2,3,"(2, 3)",0,12,0.3076923076923077,0.09467455621301776,0.021333444863557816,0.1536157876253128,0,0.0007703304290771484,0.0007702569128014147
"batch2_128_255|(2,3)",batch2_128_255,1,2,3,"(2, 3)",0,13,0.3333333333333333,0.1111111111111111,0.023038698360323906,0.16375306248664856,0,0.000689387321472168,0.0006894044345244765
"batch2_128_255|(2,3)",batch2_128_255,1,2,3,"(2, 3)",0,14,0.358974358974359,0.12886259040105194,0.02474856749176979,0.17362722754478455,0,0.0006171464920043945,0.0006172179128043354
"batch2_128_255|(2,3)",batch2_128_255,1,2,3,"(2, 3)",0,15,0.38461538461538464,0.14792899408284024,0.026469459757208824,0.18330737948417664,0,0.0005488395690917969,0.0005489414907060564
"batch2_128_255|(2,3)",batch2_128_255,1,2,3,"(2, 3)",0,16,0.41025641025641024,0.16831032215647598,0.028204217553138733,0.1927732527256012,0,0.0004851818084716797,0.00048535503447055817
"batch2_128_255|(2,3)",batch2_128_255,1,2,3,"(2, 3)",0,17,0.4358974358974359,0.19000657462195925,0.02995431236922741,0.20203493535518646,0,0.0004328489303588867,0.0004329202638473362
"batch2_128_255|(2,3)",batch2_128_255,1,2,3,"(2, 3)",0,18,0.46153846153846156,0.21301775147928997,0.031723227351903915,0.2111666351556778,0,0.00038063526153564453,0.00038070822483859956
"batch2_128_255|(2,3)",batch2_128_255,1,2,3,"(2, 3)",0,19,0.48717948717948717,0.2373438527284681,0.03351195529103279,0.22021549940109253,0,0.00036263465881347656,0.00036280963104218245
"batch2_128_255|(2,3)",batch2_128_255,1,2,3,"(2, 3)",0,20,0.5128205128205128,0.2629848783694937,0.03532491251826286,0.22922483086585999,0,0.0003129243850708008,0.0003129568067379296
"batch2_128_255|(2,3)",batch2_128_255,1,2,3,"(2, 3)",0,21,0.5384615384615384,0.28994082840236685,0.03715785592794418,0.2381850630044937,0,0.0002503395080566406,0.00025037932209670544
"batch2_128_255|(2,3)",batch2_128_255,1,2,3,"(2, 3)",0,22,0.5641025641025641,0.31821170282708744,0.039004627615213394,0.24692760407924652,0,0.0001989603042602539,0.00019905908266082406
"batch2_128_255|(2,3)",batch2_128_255,1,2,3,"(2, 3)",0,23,0.5897435897435898,0.3477975016436555,0.040866125375032425,0.25556480884552,0,0.00016415119171142578,0.00016428926028311253
"batch2_128_255|(2,3)",batch2_128_255,1,2,3,"(2, 3)",0,24,0.6153846153846154,0.37869822485207105,0.042745545506477356,0.26411280035972595,0,0.0001119375228881836,0.00011214410187676549
"batch2_128_255|(2,3)",batch2_128_255,1,2,3,"(2, 3)",0,25,0.6410256410256411,0.4109138724523341,0.04464301839470863,0.27256304025650024,0,6.639957427978516e-05,6.63476312183775e-05
"batch2_128_255|(2,3)",batch2_128_255,1,2,3,"(2, 3)",0,26,0.6666666666666666,0.4444444444444444,0.04655499383807182,0.2808859348297119,0,5.245208740234375e-06,5.2986656555731315e-06
"batch2_128_255|(2,3)",batch2_128_255,1,2,3,"(2, 3)",0,27,0.6923076923076923,0.4792899408284023,0.04847812280058861,0.2890724539756775,1,-3.719329833984375e-05,-3.692123937071301e-05
"batch2_128_255|(2,4)",batch2_128_255,1,2,4,"(2, 4)",0,0,0.0,0.0,0.0,0.0,0,0.002135753631591797,0.0021361184772104025
"batch2_128_255|(2,4)",batch2_128_255,1,2,4,"(2, 4)",0,1,0.02564102564102564,0.0006574621959237343,0.0018430184572935104,0.01445062831044197,0,0.0020041465759277344,0.0020043852273374796
"batch2_128_255|(2,4)",batch2_128_255,1,2,4,"(2, 4)",0,2,0.05128205128205128,0.0026298487836949372,0.0036705334205180407,0.028812000527977943,0,0.001888275146484375,0.0018885777099058032
"batch2_128_255|(2,4)",batch2_128_255,1,2,4,"(2, 4)",0,3,0.07692307692307693,0.00591715976331361,0.005482592154294252,0.043093353509902954,0,0.0017943382263183594,0.001794625772163272
"batch2_128_255|(2,4)",batch2_128_255,1,2,4,"(2, 4)",0,4,0.10256410256410256,0.010519395134779749,0.007278183475136757,0.05731969326734543,0,0.0017206668853759766,0.0017209213692694902
"batch2_128_255|(2,4)",batch2_128_255,1,2,4,"(2, 4)",0,5,0.1282051282051282,0.016436554898093356,0.009054727852344513,0.07140558958053589,0,0.0016257762908935547,0.0016256264643743634
"batch2_128_255|(2,4)",batch2_128_255,1,2,4,"(2, 4)",0,6,0.15384615384615385,0.02366863905325444,0.010810120962560177,0.08523900806903839,0,0.0015530586242675781,0.0015532263787463307
"batch2_128_255|(2,4)",batch2_128_255,1,2,4,"(2, 4)",0,7,0.1794871794871795,0.032215647600262985,0.012547600083053112,0.09872181713581085,0,0.0014832019805908203,0.001483455183915794
"batch2_128_255|(2,4)",batch2_128_255,1,2,4,"(2, 4)",0,8,0.20512820512820512,0.042077580539118996,0.014270395040512085,0.11179284751415253,0,0.0014199018478393555,0.0014201718149706721
"batch2_128_255|(2,4)",batch2_128_255,1,2,4,"(2, 4)",0,9,0.23076923076923078,0.053254437869822494,0.015982087701559067,0.12434805929660797,0,0.0013331174850463867,0.0013333223760128021
"batch2_128_255|(2,4)",batch2_128_255,1,2,4,"(2, 4)",0,10,0.2564102564102564,0.06574621959237342,0.01768760196864605,0.1364280879497528,0,0.001230478286743164,0.001230538124218583
"batch2_128_255|(2,4)",batch2_128_255,1,2,4,"(2, 4)",0,11,0.28205128205128205,0.07955292570677186,0.01939081959426403,0.14796529710292816,0,0.0011570453643798828,0.0011572003131732345
"batch2_128_255|(2,4)",batch2_128_255,1,2,4,"(2, 4)",0,12,0.3076923076923077,0.09467455621301776,0.021102173253893852,0.15905453264713287,0,0.0010596513748168945,0.0010596744250506163
"batch2_128_255|(2,4)",batch2_128_255,1,2,4,"(2, 4)",0,13,0.3333333333333333,0.1111111111111111,0.022821364924311638,0.1696612387895584,0,0.0009837150573730469,0.0009837705874815583
"batch2_128_255|(2,4)",batch2_128_255,1,2,4,"(2, 4)",0,14,0.358974358974359,0.12886259040105194,0.02455444261431694,0.17980830371379852,0,0.0008858442306518555,0.0008860232774168253
"batch2_128_255|(2,4)",batch2_128_255,1,2,4,"(2, 4)",0,15,0.38461538461538464,0.14792899408284024,0.026304179802536964,0.18959704041481018,0,0.0007735490798950195,0.0007735827239230275
"batch2_128_255|(2,4)",batch2_128_255,1,2,4,"(2, 4)",0,16,0.41025641025641024,0.16831032215647598,0.02807016670703888,0.1991346776485443,0,0.0007011890411376953,0.0007013588910922408
"batch2_128_255|(2,4)",batch2_128_255,1,2,4,"(2, 4)",0,17,0.4358974358974359,0.19000657462195925,0.029860613867640495,0.2086305320262909,0,0.0006139278411865234,0.0006141641060821712
"batch2_128_255|(2,4)",batch2_128_255,1,2,4,"(2, 4)",0,18,0.46153846153846156,0.21301775147928997,0.0316716730594635,0.21796099841594696,0,0.0005397796630859375,0.0005397769273258746
"batch2_128_255|(2,4)",batch2_128_255,1,2,4,"(2, 4)",0,19,0.48717948717948717,0.2373438527284681,0.033506229519844055,0.22717754542827606,0,0.0004951953887939453,0.0004952189628966153
"batch2_128_255|(2,4)",batch2_128_255,1,2,4,"(2, 4)",0,20,0.5128205128205128,0.2629848783694937,0.03536631911993027,0.2362973839044571,0,0.00039589405059814453,0.0003960133180953562
"batch2_128_255|(2,4)",batch2_128_255,1,2,4,"(2, 4)",0,21,0.5384615384615384,0.28994082840236685,0.0372471921145916,0.24529075622558594,0,0.0003342628479003906,0.0003341676783747971
"batch2_128_255|(2,4)",batch2_128_255,1,2,4,"(2, 4)",0,22,0.5641025641025641,0.31821170282708744,0.03915166109800339,0.25432872772216797,0,0.000225067138671875,0.00022525840904563665
"batch2_128_255|(2,4)",batch2_128_255,1,2,4,"(2, 4)",0,23,0.5897435897435898,0.3477975016436555,0.04107946529984474,0.2633053958415985,0,0.00017690658569335938,0.00017707818187773228
"batch2_128_255|(2,4)",batch2_128_255,1,2,4,"(2, 4)",0,24,0.6153846153846154,0.37869822485207105,0.043027762323617935,0.2721751630306244,0,0.00011897087097167969,0.00011918655945919454
"batch2_128_255|(2,4)",batch2_128_255,1,2,4,"(2, 4)",0,25,0.6410256410256411,0.4109138724523341,0.0449930764734745,0.28090816736221313,0,5.221366882324219e-05,5.218370642978698e-05
"batch2_128_255|(2,4)",batch2_128_255,1,2,4,"(2, 4)",0,26,0.6666666666666666,0.4444444444444444,0.046973295509815216,0.2895985543727875,1,-1.52587890625e-05,-1.489316582592437e-05
"batch2_128_255|(2,5)",batch2_128_255,1,2,5,"(2, 5)",0,0,0.0,0.0,0.0,0.0,0,0.001563429832458496,0.0015635924646630883
"batch2_128_255|(2,5)",batch2_128_255,1,2,5,"(2, 5)",0,1,0.02564102564102564,0.0006574621959237343,0.001957639819011092,0.015572022646665573,0,0.0015254020690917969,0.0015257247723639011
"batch2_128_255|(2,5)",batch2_128_255,1,2,5,"(2, 5)",0,2,0.05128205128205128,0.0026298487836949372,0.0038905206602066755,0.031203575432300568,0,0.0014885663986206055,0.0014890111051499844
"batch2_128_255|(2,5)",batch2_128_255,1,2,5,"(2, 5)",0,3,0.07692307692307693,0.00591715976331361,0.005795418284833431,0.046906404197216034,0,0.001447916030883789,0.0014481230173259974
"batch2_128_255|(2,5)",batch2_128_255,1,2,5,"(2, 5)",0,4,0.10256410256410256,0.010519395134779749,0.007665786426514387,0.06257352232933044,0,0.00141143798828125,0.001411661272868514
"batch2_128_255|(2,5)",batch2_128_255,1,2,5,"(2, 5)",0,5,0.1282051282051282,0.016436554898093356,0.009498120285570621,0.07801444083452225,0,0.0013529062271118164,0.0013531872536987066
"batch2_128_255|(2,5)",batch2_128_255,1,2,5,"(2, 5)",0,6,0.15384615384615385,0.02366863905325444,0.011289925314486027,0.09299415349960327,0,0.001293182373046875,0.001293306122533977
"batch2_128_255|(2,5)",batch2_128_255,1,2,5,"(2, 5)",0,7,0.1794871794871795,0.032215647600262985,0.013043154031038284,0.10725685209035873,0,0.001200556755065918,0.0012009216006845236
"batch2_128_255|(2,5)",batch2_128_255,1,2,5,"(2, 5)",0,8,0.20512820512820512,0.042077580539118996,0.014754880219697952,0.12066654860973358,0,0.001114964485168457,0.0011152237420901656
"batch2_128_255|(2,5)",batch2_128_255,1,2,5,"(2, 5)",0,9,0.23076923076923078,0.053254437869822494,0.016441933810710907,0.1333700567483902,0,0.0010395050048828125,0.001039631199091673
"batch2_128_255|(2,5)",batch2_128_255,1,2,5,"(2, 5)",0,10,0.2564102564102564,0.06574621959237342,0.01811954379081726,0.14557231962680817,0,0.0009409189224243164,0.0009410091442987323
"batch2_128_255|(2,5)",batch2_128_255,1,2,5,"(2, 5)",0,11,0.28205128205128205,0.07955292570677186,0.019792398437857628,0.15730048716068268,0,0.0008429288864135742,0.0008430684101767838
"batch2_128_255|(2,5)",batch2_128_255,1,2,5,"(2, 5)",0,12,0.3076923076923077,0.09467455621301776,0.021469438448548317,0.16890065371990204,0,0.0007436275482177734,0.0007437319727614522
"batch2_128_255|(2,5)",batch2_128_255,1,2,5,"(2, 5)",0,13,0.3333333333333333,0.1111111111111111,0.023157335817813873,0.18016846477985382,0,0.0006281137466430664,0.0006281760870479047
"batch2_128_255|(2,5)",batch2_128_255,1,2,5,"(2, 5)",0,14,0.358974358974359,0.12886259040105194,0.024865124374628067,0.19102659821510315,0,0.0005365610122680664,0.0005365159013308585
"batch2_128_255|(2,5)",batch2_128_255,1,2,5,"(2, 5)",0,15,0.38461538461538464,0.14792899408284024,0.026593131944537163,0.2015376091003418,0,0.0004448890686035156,0.00044493196764960885
"batch2_128_255|(2,5)",batch2_128_255,1,2,5,"(2, 5)",0,16,0.41025641025641024,0.16831032215647598,0.028343554586172104,0.21167999505996704,0,0.0003561973571777344,0.0003563431091606617
"batch2_128_255|(2,5)",batch2_128_255,1,2,5,"(2, 5)",0,17,0.4358974358974359,0.19000657462195925,0.030126497149467468,0.2216927856206894,0,0.00031316280364990234,0.0003133287827949971
"batch2_128_255|(2,5)",batch2_128_255,1,2,5,"(2, 5)",0,18,0.46153846153846156,0.21301775147928997,0.03193720802664757,0.2316005825996399,0,0.0002627372741699219,0.00026281317695975304
"batch2_128_255|(2,5)",batch2_128_255,1,2,5,"(2, 5)",0,19,0.48717948717948717,0.2373438527284681,0.033772874623537064,0.24131639301776886,0,0.000217437744140625,0.00021748730796389282
"batch2_128_255|(2,5)",batch2_128_255,1,2,5,"(2, 5)",0,20,0.5128205128205128,0.2629848783694937,0.03562942519783974,0.25080716609954834,0,0.00017189979553222656,0.00017192261293530464
"batch2_128_255|(2,5)",batch2_128_255,1,2,5,"(2, 5)",0,21,0.5384615384615384,0.28994082840236685,0.03749982267618179,0.2601495087146759,0,0.0001437664031982422,0.00014387448027264327
"batch2_128_255|(2,5)",batch2_128_255,1,2,5,"(2, 5)",0,22,0.5641025641025641,0.31821170282708744,0.03937312215566635,0.26938897371292114,0,0.0001270771026611328,0.00012723995314445347
"batch2_128_255|(2,5)",batch2_128_255,1,2,5,"(2, 5)",0,23,0.5897435897435898,0.3477975016436555,0.04124750941991806,0.2783845365047455,0,0.00012362003326416016,0.0001236631505889818
"batch2_128_255|(2,5)",batch2_128_255,1,2,5,"(2, 5)",0,24,0.6153846153846154,0.37869822485207105,0.04311569407582283,0.28714293241500854,0,9.131431579589844e-05,9.141187183558941e-05
"batch2_128_255|(2,5)",batch2_128_255,1,2,5,"(2, 5)",0,25,0.6410256410256411,0.4109138724523341,0.04497804120182991,0.29565659165382385,0,7.319450378417969e-05,7.33625129214488e-05
"batch2_128_255|(2,5)",batch2_128_255,1,2,5,"(2, 5)",0,26,0.6666666666666666,0.4444444444444444,0.04682827740907669,0.303992360830307,0,3.349781036376953e-05,3.353894499014132e-05
"batch2_128_255|(2,5)",batch2_128_255,1,2,5,"(2, 5)",0,27,0.6923076923076923,0.4792899408284023,0.0486627072095871,0.31206974387168884,0,1.1682510375976562e-05,1.168877770396648e-05
"batch2_128_255|(2,5)",batch2_128_255,1,2,5,"(2, 5)",0,28,0.717948717948718,0.5154503616042078,0.050477541983127594,0.319861501455307,1,-1.1920928955078125e-05,-1.1941770935663953e-05
"batch2_128_255|(2,6)",batch2_128_255,1,2,6,"(2, 6)",0,0,0.0,0.0,0.0,0.0,0,0.0028285980224609375,0.0028290124610066414
"batch2_128_255|(2,6)",batch2_128_255,1,2,6,"(2, 6)",0,1,0.02564102564102564,0.0006574621959237343,0.0018757630605250597,0.013753035105764866,0,0.0026311874389648438,0.0026317015290260315
"batch2_128_255|(2,6)",batch2_128_255,1,2,6,"(2, 6)",0,2,0.05128205128205128,0.0026298487836949372,0.0037337541580200195,0.02740248665213585,0,0.0024216175079345703,0.002422089921310544
"batch2_128_255|(2,6)",batch2_128_255,1,2,6,"(2, 6)",0,3,0.07692307692307693,0.00591715976331361,0.00557413836941123,0.040984202176332474,0,0.002238035202026367,0.002238325774669647
"batch2_128_255|(2,6)",batch2_128_255,1,2,6,"(2, 6)",0,4,0.10256410256410256,0.010519395134779749,0.007399811875075102,0.054531488567590714,0,0.002065896987915039,0.0020660660229623318
"batch2_128_255|(2,6)",batch2_128_255,1,2,6,"(2, 6)",0,5,0.1282051282051282,0.016436554898093356,0.009206414222717285,0.06791546195745468,0,0.0018725395202636719,0.0018728341674432158
"batch2_128_255|(2,6)",batch2_128_255,1,2,6,"(2, 6)",0,6,0.15384615384615385,0.02366863905325444,0.010993720963597298,0.0810612365603447,0,0.0016756057739257812,0.0016758710844442248
"batch2_128_255|(2,6)",batch2_128_255,1,2,6,"(2, 6)",0,7,0.1794871794871795,0.032215647600262985,0.012764719314873219,0.0939384251832962,0,0.0015249252319335938,0.0015251232543960214
"batch2_128_255|(2,6)",batch2_128_255,1,2,6,"(2, 6)",0,8,0.20512820512820512,0.042077580539118996,0.01451821718364954,0.10656610876321793,0,0.0013775825500488281,0.0013775386614724994
"batch2_128_255|(2,6)",batch2_128_255,1,2,6,"(2, 6)",0,9,0.23076923076923078,0.053254437869822494,0.016259299591183662,0.11885213851928711,0,0.001239776611328125,0.0012399574043229222
"batch2_128_255|(2,6)",batch2_128_255,1,2,6,"(2, 6)",0,10,0.2564102564102564,0.06574621959237342,0.017993569374084473,0.13075761497020721,0,0.00109100341796875,0.001091084792278707
"batch2_128_255|(2,6)",batch2_128_255,1,2,6,"(2, 6)",0,11,0.28205128205128205,0.07955292570677186,0.019722314551472664,0.14223913848400116,0,0.0009480714797973633,0.0009481540764681995
"batch2_128_255|(2,6)",batch2_128_255,1,2,6,"(2, 6)",0,12,0.3076923076923077,0.09467455621301776,0.02145271934568882,0.15326306223869324,0,0.0008211135864257812,0.0008211933891288936
"batch2_128_255|(2,6)",batch2_128_255,1,2,6,"(2, 6)",0,13,0.3333333333333333,0.1111111111111111,0.023189209401607513,0.16388839483261108,0,0.0006963014602661133,0.0006962899933569133
"batch2_128_255|(2,6)",batch2_128_255,1,2,6,"(2, 6)",0,14,0.358974358974359,0.12886259040105194,0.024937694892287254,0.17400069534778595,0,0.0005818605422973633,0.0005818892968818545
"batch2_128_255|(2,6)",batch2_128_255,1,2,6,"(2, 6)",0,15,0.38461538461538464,0.14792899408284024,0.026703881099820137,0.1836961805820465,0,0.0005103349685668945,0.0005103853764012456
"batch2_128_255|(2,6)",batch2_128_255,1,2,6,"(2, 6)",0,16,0.41025641025641024,0.16831032215647598,0.028491783887147903,0.19313468039035797,0,0.0004127025604248047,0.00041277980199083686
"batch2_128_255|(2,6)",batch2_128_255,1,2,6,"(2, 6)",0,17,0.4358974358974359,0.19000657462195925,0.030303454026579857,0.20228613913059235,0,0.0003256797790527344,0.0003256481431890279
"batch2_128_255|(2,6)",batch2_128_255,1,2,6,"(2, 6)",0,18,0.46153846153846156,0.21301775147928997,0.03213753551244736,0.21116852760314941,0,0.0002589225769042969,0.00025898011517710984
"batch2_128_255|(2,6)",batch2_128_255,1,2,6,"(2, 6)",0,19,0.48717948717948717,0.2373438527284681,0.033995840698480606,0.21989832818508148,0,0.00020384788513183594,0.00020387522818055004
"batch2_128_255|(2,6)",batch2_128_255,1,2,6,"(2, 6)",0,20,0.5128205128205128,0.2629848783694937,0.03587738052010536,0.2284940481185913,0,0.00018525123596191406,0.00018529088993091136
"batch2_128_255|(2,6)",batch2_128_255,1,2,6,"(2, 6)",0,21,0.5384615384615384,0.28994082840236685,0.03778905048966408,0.2371133714914322,0,0.00012099742889404297,0.00012101828178856522
"batch2_128_255|(2,6)",batch2_128_255,1,2,6,"(2, 6)",0,22,0.5641025641025641,0.31821170282708744,0.03972015157341957,0.24562057852745056,0,7.426738739013672e-05,7.434715371346101e-05
"batch2_128_255|(2,6)",batch2_128_255,1,2,6,"(2, 6)",0,23,0.5897435897435898,0.3477975016436555,0.04167154058814049,0.2540312707424164,0,3.123283386230469e-05,3.126607771264389e-05
"batch2_128_255|(2,6)",batch2_128_255,1,2,6,"(2, 6)",0,24,0.6153846153846154,0.37869822485207105,0.04364483803510666,0.2623788118362427,1,-3.314018249511719e-05,-3.3296233596047387e-05
"batch2_128_255|(2,7)",batch2_128_255,1,2,7,"(2, 7)",1,0,0.0,0.0,0.0,0.0,0,0.0020072460174560547,0.002007605042308569
"batch2_128_255|(2,7)",batch2_128_255,1,2,7,"(2, 7)",1,1,0.02564102564102564,0.0006574621959237343,0.0019375889096409082,0.014964018948376179,0,0.0019371509552001953,0.0019376873970031738
"batch2_128_255|(2,7)",batch2_128_255,1,2,7,"(2, 7)",1,2,0.05128205128205128,0.0026298487836949372,0.0038535743951797485,0.02978520654141903,0,0.0018672943115234375,0.0018673365702852607
"batch2_128_255|(2,7)",batch2_128_255,1,2,7,"(2, 7)",1,3,0.07692307692307693,0.00591715976331361,0.005744774825870991,0.04441600292921066,0,0.0018191337585449219,0.0018195754382759333
"batch2_128_255|(2,7)",batch2_128_255,1,2,7,"(2, 7)",1,4,0.10256410256410256,0.010519395134779749,0.007614562753587961,0.05893716961145401,0,0.001773834228515625,0.001774066244252026
"batch2_128_255|(2,7)",batch2_128_255,1,2,7,"(2, 7)",1,5,0.1282051282051282,0.016436554898093356,0.009460924193263054,0.0731806829571724,0,0.0017039775848388672,0.001704184920527041
"batch2_128_255|(2,7)",batch2_128_255,1,2,7,"(2, 7)",1,6,0.15384615384615385,0.02366863905325444,0.011285222135484219,0.0871909037232399,0,0.0016295909881591797,0.001629723352380097
"batch2_128_255|(2,7)",batch2_128_255,1,2,7,"(2, 7)",1,7,0.1794871794871795,0.032215647600262985,0.01308729313313961,0.10086073726415634,0,0.0015513896942138672,0.0015516853891313076
"batch2_128_255|(2,7)",batch2_128_255,1,2,7,"(2, 7)",1,8,0.20512820512820512,0.042077580539118996,0.014870937913656235,0.11412055790424347,0,0.0014548301696777344,0.0014550829073414207
"batch2_128_255|(2,7)",batch2_128_255,1,2,7,"(2, 7)",1,9,0.23076923076923078,0.053254437869822494,0.016639672219753265,0.12692922353744507,0,0.0013289451599121094,0.0013290850911289454
"batch2_128_255|(2,7)",batch2_128_255,1,2,7,"(2, 7)",1,10,0.2564102564102564,0.06574621959237342,0.01839509792625904,0.13926319777965546,0,0.0011963844299316406,0.0011967545142397285
"batch2_128_255|(2,7)",batch2_128_255,1,2,7,"(2, 7)",1,11,0.28205128205128205,0.07955292570677186,0.020143825560808182,0.1510484516620636,0,0.0010356903076171875,0.0010355962440371513
"batch2_128_255|(2,7)",batch2_128_255,1,2,7,"(2, 7)",1,12,0.3076923076923077,0.09467455621301776,0.02188844047486782,0.16237415373325348,0,0.0008816719055175781,0.0008816030458547175
"batch2_128_255|(2,7)",batch2_128_255,1,2,7,"(2, 7)",1,13,0.3333333333333333,0.1111111111111111,0.023638352751731873,0.17328017950057983,0,0.0006814002990722656,0.0006814255611971021
"batch2_128_255|(2,7)",batch2_128_255,1,2,7,"(2, 7)",1,14,0.358974358974359,0.12886259040105194,0.025394214317202568,0.18371376395225525,0,0.0005285739898681641,0.0005285190418362617
"batch2_128_255|(2,7)",batch2_128_255,1,2,7,"(2, 7)",1,15,0.38461538461538464,0.14792899408284024,0.02716975286602974,0.19387377798557281,0,0.0003809928894042969,0.00038104175473563373
"batch2_128_255|(2,7)",batch2_128_255,1,2,7,"(2, 7)",1,16,0.41025641025641024,0.16831032215647598,0.028966359794139862,0.20381489396095276,0,0.0001983642578125,0.00019860247266478837
"batch2_128_255|(2,7)",batch2_128_255,1,2,7,"(2, 7)",1,17,0.4358974358974359,0.19000657462195925,0.03078473173081875,0.21339885890483856,0,3.0994415283203125e-05,3.116457082796842e-05
"batch2_128_255|(2,7)",batch2_128_255,1,2,7,"(2, 7)",1,18,0.46153846153846156,0.21301775147928997,0.032625362277030945,0.2226729840040207,1,-0.00012874603271484375,-0.00012885489559266716
"batch2_128_255|(3,4)",batch2_128_255,1,3,4,"(3, 4)",0,0,0.0,0.0,0.0,0.0,0,0.0019567012786865234,0.001956962514668703
"batch2_128_255|(3,4)",batch2_128_255,1,3,4,"(3, 4)",0,1,0.02564102564102564,0.0006574621959237343,0.0018973626429215074,0.014241387136280537,0,0.0017757415771484375,0.0017761237686499953
"batch2_128_255|(3,4)",batch2_128_255,1,3,4,"(3, 4)",0,2,0.05128205128205128,0.0026298487836949372,0.0037711355835199356,0.028199879452586174,0,0.0016199350357055664,0.0016201938269659877
"batch2_128_255|(3,4)",batch2_128_255,1,3,4,"(3, 4)",0,3,0.07692307692307693,0.00591715976331361,0.005625008139759302,0.04186103865504265,0,0.0014786720275878906,0.0014788570115342736
"batch2_128_255|(3,4)",batch2_128_255,1,3,4,"(3, 4)",0,4,0.10256410256410256,0.010519395134779749,0.0074564311653375626,0.055294062942266464,0,0.0013759136199951172,0.0013759194407612085
"batch2_128_255|(3,4)",batch2_128_255,1,3,4,"(3, 4)",0,5,0.1282051282051282,0.016436554898093356,0.009264009073376656,0.0684039294719696,0,0.001256704330444336,0.0012568405363708735
"batch2_128_255|(3,4)",batch2_128_255,1,3,4,"(3, 4)",0,6,0.15384615384615385,0.02366863905325444,0.011049436405301094,0.08104410767555237,0,0.0011570453643798828,0.0011571247596293688
"batch2_128_255|(3,4)",batch2_128_255,1,3,4,"(3, 4)",0,7,0.1794871794871795,0.032215647600262985,0.01282244361937046,0.09323643893003464,0,0.0010607242584228516,0.001060762908309698
"batch2_128_255|(3,4)",batch2_128_255,1,3,4,"(3, 4)",0,8,0.20512820512820512,0.042077580539118996,0.014584347605705261,0.10485142469406128,0,0.0009877681732177734,0.0009878100827336311
"batch2_128_255|(3,4)",batch2_128_255,1,3,4,"(3, 4)",0,9,0.23076923076923078,0.053254437869822494,0.016341358423233032,0.1160421222448349,0,0.0009188652038574219,0.000918967358302325
"batch2_128_255|(3,4)",batch2_128_255,1,3,4,"(3, 4)",0,10,0.2564102564102564,0.06574621959237342,0.018096767365932465,0.12687081098556519,0,0.00086212158203125,0.0008623233297839761
"batch2_128_255|(3,4)",batch2_128_255,1,3,4,"(3, 4)",0,11,0.28205128205128205,0.07955292570677186,0.019855648279190063,0.13740989565849304,0,0.0007987022399902344,0.0007986531127244234
"batch2_128_255|(3,4)",batch2_128_255,1,3,4,"(3, 4)",0,12,0.3076923076923077,0.09467455621301776,0.021616213023662567,0.14767354726791382,0,0.0007469654083251953,0.0007469682022929192
"batch2_128_255|(3,4)",batch2_128_255,1,3,4,"(3, 4)",0,13,0.3333333333333333,0.1111111111111111,0.023382483050227165,0.15770575404167175,0,0.0007089376449584961,0.0007088727434165776
"batch2_128_255|(3,4)",batch2_128_255,1,3,4,"(3, 4)",0,14,0.358974358974359,0.12886259040105194,0.025158053264021873,0.16768428683280945,0,0.0006699562072753906,0.0006700816447846591
"batch2_128_255|(3,4)",batch2_128_255,1,3,4,"(3, 4)",0,15,0.38461538461538464,0.14792899408284024,0.026940347626805305,0.17751316726207733,0,0.0006202459335327148,0.0006202440126799047
"batch2_128_255|(3,4)",batch2_128_255,1,3,4,"(3, 4)",0,16,0.41025641025641024,0.16831032215647598,0.028727922588586807,0.18719811737537384,0,0.0005731582641601562,0.0005731722922064364
"batch2_128_255|(3,4)",batch2_128_255,1,3,4,"(3, 4)",0,17,0.4358974358974359,0.19000657462195925,0.03052162379026413,0.19678954780101776,0,0.0005238056182861328,0.0005239466554485261
"batch2_128_255|(3,4)",batch2_128_255,1,3,4,"(3, 4)",0,18,0.46153846153846156,0.21301775147928997,0.03232377767562866,0.20629991590976715,0,0.0004819631576538086,0.0004820864705834538
"batch2_128_255|(3,4)",batch2_128_255,1,3,4,"(3, 4)",0,19,0.48717948717948717,0.2373438527284681,0.03413740172982216,0.2157430499792099,0,0.00045549869537353516,0.0004554639453999698
"batch2_128_255|(3,4)",batch2_128_255,1,3,4,"(3, 4)",0,20,0.5128205128205128,0.2629848783694937,0.03596028313040733,0.22514556348323822,0,0.0004227161407470703,0.0004227616300340742
"batch2_128_255|(3,4)",batch2_128_255,1,3,4,"(3, 4)",0,21,0.5384615384615384,0.28994082840236685,0.037791527807712555,0.23445552587509155,0,0.00038301944732666016,0.00038305833004415035
"batch2_128_255|(3,4)",batch2_128_255,1,3,4,"(3, 4)",0,22,0.5641025641025641,0.31821170282708744,0.03962880000472069,0.243624746799469,0,0.00035190582275390625,0.00035209491034038365
"batch2_128_255|(3,4)",batch2_128_255,1,3,4,"(3, 4)",0,23,0.5897435897435898,0.3477975016436555,0.0414760522544384,0.2527800500392914,0,0.00031447410583496094,0.00031458004377782345
"batch2_128_255|(3,4)",batch2_128_255,1,3,4,"(3, 4)",0,24,0.6153846153846154,0.37869822485207105,0.04332985356450081,0.26182228326797485,0,0.00028204917907714844,0.00028204184491187334
"batch2_128_255|(3,4)",batch2_128_255,1,3,4,"(3, 4)",0,25,0.6410256410256411,0.4109138724523341,0.04518964886665344,0.270770788192749,0,0.0002493858337402344,0.00024941968149505556
"batch2_128_255|(3,4)",batch2_128_255,1,3,4,"(3, 4)",0,26,0.6666666666666666,0.4444444444444444,0.0470544658601284,0.27965736389160156,0,0.00022125244140625,0.00022120923676993698
"batch2_128_255|(3,4)",batch2_128_255,1,3,4,"(3, 4)",0,27,0.6923076923076923,0.4792899408284023,0.04892420768737793,0.28844961524009705,0,0.00020432472229003906,0.00020445388508960605
"batch2_128_255|(3,4)",batch2_128_255,1,3,4,"(3, 4)",0,28,0.717948717948718,0.5154503616042078,0.05079569295048714,0.2971801161766052,0,0.00018072128295898438,0.0001808877132134512
"batch2_128_255|(3,4)",batch2_128_255,1,3,4,"(3, 4)",0,29,0.7435897435897436,0.5529257067718607,0.052667852491140366,0.305813193321228,0,0.00016796588897705078,0.00016806293569970876
"batch2_128_255|(3,4)",batch2_128_255,1,3,4,"(3, 4)",0,30,0.7692307692307693,0.591715976331361,0.05453820154070854,0.31431788206100464,0,0.0001666545867919922,0.00016683569992892444
"batch2_128_255|(3,4)",batch2_128_255,1,3,4,"(3, 4)",0,31,0.7948717948717948,0.6318211702827087,0.05640286207199097,0.322657972574234,0,0.00015914440155029297,0.0001592779444763437
"batch2_128_255|(3,4)",batch2_128_255,1,3,4,"(3, 4)",0,32,0.8205128205128205,0.6732412886259039,0.058264002203941345,0.33093851804733276,0,0.00015532970428466797,0.00015540955064352602
"batch2_128_255|(3,4)",batch2_128_255,1,3,4,"(3, 4)",0,33,0.8461538461538461,0.7159763313609467,0.060116734355688095,0.3390398323535919,0,0.0001506805419921875,0.00015096712741069496
"batch2_128_255|(3,4)",batch2_128_255,1,3,4,"(3, 4)",0,34,0.8717948717948718,0.760026298487837,0.06195627525448799,0.3469844162464142,0,0.00015270709991455078,0.0001530572772026062
"batch2_128_255|(3,4)",batch2_128_255,1,3,4,"(3, 4)",0,35,0.8974358974358975,0.8053911900065747,0.06377921253442764,0.35473108291625977,0,0.00013947486877441406,0.0001395867730025202
"batch2_128_255|(3,4)",batch2_128_255,1,3,4,"(3, 4)",0,36,0.9230769230769231,0.8520710059171599,0.06558507680892944,0.36233144998550415,0,0.00014472007751464844,0.0001447765389457345
"batch2_128_255|(3,4)",batch2_128_255,1,3,4,"(3, 4)",0,37,0.9487179487179487,0.9000657462195923,0.0673721507191658,0.36979544162750244,0,0.00015735626220703125,0.00015772996994201094
"batch2_128_255|(3,4)",batch2_128_255,1,3,4,"(3, 4)",0,38,0.9743589743589743,0.9493754109138725,0.06913609057664871,0.37710148096084595,0,0.0001556873321533203,0.00015583282220177352
"batch2_128_255|(3,4)",batch2_128_255,1,3,4,"(3, 4)",0,39,1.0,1.0,0.07087725400924683,0.3842436373233795,0,0.00016224384307861328,0.00016235056682489812
"batch2_128_255|(3,5)",batch2_128_255,1,3,5,"(3, 5)",0,0,0.0,0.0,0.0,0.0,0,0.0012892484664916992,0.0012893767561763525
"batch2_128_255|(3,5)",batch2_128_255,1,3,5,"(3, 5)",0,1,0.02564102564102564,0.0006574621959237343,0.0019520658534020185,0.015170506201684475,0,0.0011799335479736328,0.0011799983913078904
"batch2_128_255|(3,5)",batch2_128_255,1,3,5,"(3, 5)",0,2,0.05128205128205128,0.0026298487836949372,0.0038695093244314194,0.029964381828904152,0,0.0010710954666137695,0.0010712053626775742
"batch2_128_255|(3,5)",batch2_128_255,1,3,5,"(3, 5)",0,3,0.07692307692307693,0.00591715976331361,0.00575164845213294,0.04429351165890694,0,0.0009765625,0.0009765721624717116
"batch2_128_255|(3,5)",batch2_128_255,1,3,5,"(3, 5)",0,4,0.10256410256410256,0.010519395134779749,0.00759876798838377,0.05818039923906326,0,0.0009136199951171875,0.0009137668530456722
"batch2_128_255|(3,5)",batch2_128_255,1,3,5,"(3, 5)",0,5,0.1282051282051282,0.016436554898093356,0.009415674954652786,0.07162658870220184,0,0.0008270740509033203,0.0008270956459455192
"batch2_128_255|(3,5)",batch2_128_255,1,3,5,"(3, 5)",0,6,0.15384615384615385,0.02366863905325444,0.011205824092030525,0.08449024707078934,0,0.0007559061050415039,0.0007558319484815001
"batch2_128_255|(3,5)",batch2_128_255,1,3,5,"(3, 5)",0,7,0.1794871794871795,0.032215647600262985,0.012976634316146374,0.09678752720355988,0,0.0006861686706542969,0.0006861255969852209
"batch2_128_255|(3,5)",batch2_128_255,1,3,5,"(3, 5)",0,8,0.20512820512820512,0.042077580539118996,0.014730500988662243,0.10864211618900299,0,0.0006281137466430664,0.0006281314417719841
"batch2_128_255|(3,5)",batch2_128_255,1,3,5,"(3, 5)",0,9,0.23076923076923078,0.053254437869822494,0.016476400196552277,0.1201310083270073,0,0.0005652904510498047,0.0005652523832395673
"batch2_128_255|(3,5)",batch2_128_255,1,3,5,"(3, 5)",0,10,0.2564102564102564,0.06574621959237342,0.01821877248585224,0.13133911788463593,0,0.000513911247253418,0.0005139826098456979
"batch2_128_255|(3,5)",batch2_128_255,1,3,5,"(3, 5)",0,11,0.28205128205128205,0.07955292570677186,0.01995515078306198,0.14221137762069702,0,0.0004800558090209961,0.0004801058676093817
"batch2_128_255|(3,5)",batch2_128_255,1,3,5,"(3, 5)",0,12,0.3076923076923077,0.09467455621301776,0.02168874442577362,0.15299466252326965,0,0.00042426586151123047,0.00042430698522366583
"batch2_128_255|(3,5)",batch2_128_255,1,3,5,"(3, 5)",0,13,0.3333333333333333,0.1111111111111111,0.023418739438056946,0.16357673704624176,0,0.00037026405334472656,0.00037033954868093133
"batch2_128_255|(3,5)",batch2_128_255,1,3,5,"(3, 5)",0,14,0.358974358974359,0.12886259040105194,0.025143608450889587,0.17398500442504883,0,0.00033026933670043945,0.0003303208213765174
"batch2_128_255|(3,5)",batch2_128_255,1,3,5,"(3, 5)",0,15,0.38461538461538464,0.14792899408284024,0.026869188994169235,0.1843685358762741,0,0.00028264522552490234,0.0002826809068210423
"batch2_128_255|(3,5)",batch2_128_255,1,3,5,"(3, 5)",0,16,0.41025641025641024,0.16831032215647598,0.028592359274625778,0.19444409012794495,0,0.0002555251121520996,0.0002555768296588212
"batch2_128_255|(3,5)",batch2_128_255,1,3,5,"(3, 5)",0,17,0.4358974358974359,0.19000657462195925,0.030316360294818878,0.20451892912387848,0,0.0002269744873046875,0.00022703499416820705
"batch2_128_255|(3,5)",batch2_128_255,1,3,5,"(3, 5)",0,18,0.46153846153846156,0.21301775147928997,0.03204098716378212,0.21453732252120972,0,0.0001946091651916504,0.00019463340868242085
"batch2_128_255|(3,5)",batch2_128_255,1,3,5,"(3, 5)",0,19,0.48717948717948717,0.2373438527284681,0.03376392647624016,0.224461629986763,0,0.0001677870750427246,0.00016780935402493924
"batch2_128_255|(3,5)",batch2_128_255,1,3,5,"(3, 5)",0,20,0.5128205128205128,0.2629848783694937,0.03548383340239525,0.23425154387950897,0,0.00014597177505493164,0.00014601214206777513
"batch2_128_255|(3,5)",batch2_128_255,1,3,5,"(3, 5)",0,21,0.5384615384615384,0.28994082840236685,0.0372011698782444,0.24389581382274628,0,0.00012302398681640625,0.0001230257621500641
"batch2_128_255|(3,5)",batch2_128_255,1,3,5,"(3, 5)",0,22,0.5641025641025641,0.31821170282708744,0.038914069533348083,0.2534061074256897,0,9.953975677490234e-05,9.950561070581898e-05
"batch2_128_255|(3,5)",batch2_128_255,1,3,5,"(3, 5)",0,23,0.5897435897435898,0.3477975016436555,0.04061788320541382,0.26274606585502625,0,8.255243301391602e-05,8.25923343654722e-05
"batch2_128_255|(3,5)",batch2_128_255,1,3,5,"(3, 5)",0,24,0.6153846153846154,0.37869822485207105,0.04231293126940727,0.2718837261199951,0,7.092952728271484e-05,7.096397166606039e-05
"batch2_128_255|(3,5)",batch2_128_255,1,3,5,"(3, 5)",0,25,0.6410256410256411,0.4109138724523341,0.04399498924612999,0.280876487493515,0,6.0439109802246094e-05,6.044238762115128e-05
"batch2_128_255|(3,5)",batch2_128_255,1,3,5,"(3, 5)",0,26,0.6666666666666666,0.4444444444444444,0.04566143453121185,0.2897792458534241,0,4.845857620239258e-05,4.8502675781492144e-05
"batch2_128_255|(3,5)",batch2_128_255,1,3,5,"(3, 5)",0,27,0.6923076923076923,0.4792899408284023,0.047310721129179,0.2985600531101227,0,3.618001937866211e-05,3.624924283940345e-05
"batch2_128_255|(3,5)",batch2_128_255,1,3,5,"(3, 5)",0,28,0.717948717948718,0.5154503616042078,0.04894145950675011,0.30716490745544434,0,2.300739288330078e-05,2.3021100787445903e-05
"batch2_128_255|(3,5)",batch2_128_255,1,3,5,"(3, 5)",0,29,0.7435897435897436,0.5529257067718607,0.05055004358291626,0.315569132566452,0,9.59634780883789e-06,9.603562830307055e-06
"batch2_128_255|(3,5)",batch2_128_255,1,3,5,"(3, 5)",0,30,0.7692307692307693,0.591715976331361,0.05213821679353714,0.323815256357193,1,-3.933906555175781e-06,-3.844977982225828e-06
"batch2_128_255|(3,6)",batch2_128_255,1,3,6,"(3, 6)",0,0,0.0,0.0,0.0,0.0,0,0.0027992725372314453,0.0027997216675430536
"batch2_128_255|(3,6)",batch2_128_255,1,3,6,"(3, 6)",0,1,0.02564102564102564,0.0006574621959237343,0.0019439924508333206,0.014091718941926956,0,0.00252532958984375,0.002525533549487591
"batch2_128_255|(3,6)",batch2_128_255,1,3,6,"(3, 6)",0,2,0.05128205128205128,0.0026298487836949372,0.0038582412526011467,0.02787254936993122,0,0.002267122268676758,0.0022678265813738108
"batch2_128_255|(3,6)",batch2_128_255,1,3,6,"(3, 6)",0,3,0.07692307692307693,0.00591715976331361,0.00574551522731781,0.041341107338666916,0,0.0020236968994140625,0.00202392996288836
"batch2_128_255|(3,6)",batch2_128_255,1,3,6,"(3, 6)",0,4,0.10256410256410256,0.010519395134779749,0.007603483274579048,0.05445343255996704,0,0.001796722412109375,0.0017970915650948882
"batch2_128_255|(3,6)",batch2_128_255,1,3,6,"(3, 6)",0,5,0.1282051282051282,0.016436554898093356,0.009436347521841526,0.06720060110092163,0,0.0015964508056640625,0.0015967146027833223
"batch2_128_255|(3,6)",batch2_128_255,1,3,6,"(3, 6)",0,6,0.15384615384615385,0.02366863905325444,0.011249064467847347,0.07969069480895996,0,0.001397848129272461,0.001398099004290998
"batch2_128_255|(3,6)",batch2_128_255,1,3,6,"(3, 6)",0,7,0.1794871794871795,0.032215647600262985,0.0130428746342659,0.09172791987657547,0,0.0012210607528686523,0.0012212960282340646
"batch2_128_255|(3,6)",batch2_128_255,1,3,6,"(3, 6)",0,8,0.20512820512820512,0.042077580539118996,0.014823012053966522,0.10331393033266068,0,0.0010561943054199219,0.0010560533264651895
"batch2_128_255|(3,6)",batch2_128_255,1,3,6,"(3, 6)",0,9,0.23076923076923078,0.053254437869822494,0.01659582369029522,0.11448948830366135,0,0.0009098052978515625,0.0009097754955291748
"batch2_128_255|(3,6)",batch2_128_255,1,3,6,"(3, 6)",0,10,0.2564102564102564,0.06574621959237342,0.01836438849568367,0.12533628940582275,0,0.0007871389389038086,0.0007872682763263583
"batch2_128_255|(3,6)",batch2_128_255,1,3,6,"(3, 6)",0,11,0.28205128205128205,0.07955292570677186,0.020133621990680695,0.13587069511413574,0,0.0006723403930664062,0.0006724424893036485
"batch2_128_255|(3,6)",batch2_128_255,1,3,6,"(3, 6)",0,12,0.3076923076923077,0.09467455621301776,0.02190335839986801,0.14608146250247955,0,0.0005671977996826172,0.0005672556580975652
"batch2_128_255|(3,6)",batch2_128_255,1,3,6,"(3, 6)",0,13,0.3333333333333333,0.1111111111111111,0.023676587268710136,0.15600883960723877,0,0.0004736185073852539,0.0004739016876555979
"batch2_128_255|(3,6)",batch2_128_255,1,3,6,"(3, 6)",0,14,0.358974358974359,0.12886259040105194,0.025457056239247322,0.16560447216033936,0,0.000385284423828125,0.00038530389429070055
"batch2_128_255|(3,6)",batch2_128_255,1,3,6,"(3, 6)",0,15,0.38461538461538464,0.14792899408284024,0.027246685698628426,0.1748427450656891,0,0.00031948089599609375,0.00031940769986249506
"batch2_128_255|(3,6)",batch2_128_255,1,3,6,"(3, 6)",0,16,0.41025641025641024,0.16831032215647598,0.029048627242445946,0.18385080993175507,0,0.0002589225769042969,0.0002589829673524946
"batch2_128_255|(3,6)",batch2_128_255,1,3,6,"(3, 6)",0,17,0.4358974358974359,0.19000657462195925,0.030864687636494637,0.1926594078540802,0,0.00019943714141845703,0.00019953050650656223
"batch2_128_255|(3,6)",batch2_128_255,1,3,6,"(3, 6)",0,18,0.46153846153846156,0.21301775147928997,0.03269374370574951,0.2012709230184555,0,0.00014472007751464844,0.0001447815157007426
"batch2_128_255|(3,6)",batch2_128_255,1,3,6,"(3, 6)",0,19,0.48717948717948717,0.2373438527284681,0.03453705087304115,0.20969736576080322,0,0.00010788440704345703,0.0001078695131582208
"batch2_128_255|(3,6)",batch2_128_255,1,3,6,"(3, 6)",0,20,0.5128205128205128,0.2629848783694937,0.036395296454429626,0.21806266903877258,0,7.152557373046875e-05,7.164198905229568e-05
"batch2_128_255|(3,6)",batch2_128_255,1,3,6,"(3, 6)",0,21,0.5384615384615384,0.28994082840236685,0.038267165422439575,0.2263326495885849,0,4.4465065002441406e-05,4.4355449063004926e-05
"batch2_128_255|(3,6)",batch2_128_255,1,3,6,"(3, 6)",0,22,0.5641025641025641,0.31821170282708744,0.04015185311436653,0.23453010618686676,0,2.1696090698242188e-05,2.1781039322377183e-05
"batch2_128_255|(3,6)",batch2_128_255,1,3,6,"(3, 6)",0,23,0.5897435897435898,0.3477975016436555,0.042047422379255295,0.24266138672828674,1,-5.602836608886719e-06,-5.6424300964863505e-06
"batch2_128_255|(3,7)",batch2_128_255,1,3,7,"(3, 7)",1,0,0.0,0.0,0.0,0.0,0,0.0018631219863891602,0.0018633732106536627
"batch2_128_255|(3,7)",batch2_128_255,1,3,7,"(3, 7)",1,1,0.02564102564102564,0.0006574621959237343,0.002021395368501544,0.014573603868484497,0,0.001701951026916504,0.0017021915409713984
"batch2_128_255|(3,7)",batch2_128_255,1,3,7,"(3, 7)",1,2,0.05128205128205128,0.0026298487836949372,0.004009606316685677,0.02876362018287182,0,0.0015496015548706055,0.00154978281352669
"batch2_128_255|(3,7)",batch2_128_255,1,3,7,"(3, 7)",1,3,0.07692307692307693,0.00591715976331361,0.005963852629065514,0.04256182909011841,0,0.0014252662658691406,0.0014253348344936967
"batch2_128_255|(3,7)",batch2_128_255,1,3,7,"(3, 7)",1,4,0.10256410256410256,0.010519395134779749,0.007884720340371132,0.055935338139534,0,0.001313924789428711,0.0013139875372871757
"batch2_128_255|(3,7)",batch2_128_255,1,3,7,"(3, 7)",1,5,0.1282051282051282,0.016436554898093356,0.009774493053555489,0.06897486001253128,0,0.0011944770812988281,0.0011946872109547257
"batch2_128_255|(3,7)",batch2_128_255,1,3,7,"(3, 7)",1,6,0.15384615384615385,0.02366863905325444,0.01163550466299057,0.08157330751419067,0,0.0010814666748046875,0.001081555848941207
"batch2_128_255|(3,7)",batch2_128_255,1,3,7,"(3, 7)",1,7,0.1794871794871795,0.032215647600262985,0.01347186230123043,0.09372808784246445,0,0.0009733438491821289,0.0009734038030728698
"batch2_128_255|(3,7)",batch2_128_255,1,3,7,"(3, 7)",1,8,0.20512820512820512,0.042077580539118996,0.015287552028894424,0.10539551079273224,0,0.0008691549301147461,0.0008692232659086585
"batch2_128_255|(3,7)",batch2_128_255,1,3,7,"(3, 7)",1,9,0.23076923076923078,0.053254437869822494,0.017089053988456726,0.1166503056883812,0,0.0007811784744262695,0.0007812068215571344
"batch2_128_255|(3,7)",batch2_128_255,1,3,7,"(3, 7)",1,10,0.2564102564102564,0.06574621959237342,0.018881088122725487,0.1275773048400879,0,0.0007176399230957031,0.0007175718783400953
"batch2_128_255|(3,7)",batch2_128_255,1,3,7,"(3, 7)",1,11,0.28205128205128205,0.07955292570677186,0.020671790465712547,0.1383090764284134,0,0.0006310939788818359,0.000631295726634562
"batch2_128_255|(3,7)",batch2_128_255,1,3,7,"(3, 7)",1,12,0.3076923076923077,0.09467455621301776,0.022463008761405945,0.1486777514219284,0,0.0005415678024291992,0.000541669491212815
"batch2_128_255|(3,7)",batch2_128_255,1,3,7,"(3, 7)",1,13,0.3333333333333333,0.1111111111111111,0.024253711104393005,0.15873414278030396,0,0.0004838705062866211,0.0004839640168938786
"batch2_128_255|(3,7)",batch2_128_255,1,3,7,"(3, 7)",1,14,0.358974358974359,0.12886259040105194,0.026052681729197502,0.16857050359249115,0,0.0003936290740966797,0.0003938389418181032
"batch2_128_255|(3,7)",batch2_128_255,1,3,7,"(3, 7)",1,15,0.38461538461538464,0.14792899408284024,0.027856910601258278,0.17816630005836487,0,0.0003108978271484375,0.0003107762895524502
"batch2_128_255|(3,7)",batch2_128_255,1,3,7,"(3, 7)",1,16,0.41025641025641024,0.16831032215647598,0.02966977469623089,0.1875961869955063,0,0.0002167224884033203,0.00021681036741938442
"batch2_128_255|(3,7)",batch2_128_255,1,3,7,"(3, 7)",1,17,0.4358974358974359,0.19000657462195925,0.031492117792367935,0.1968064159154892,0,0.0001380443572998047,0.0001380609901389107
"batch2_128_255|(3,7)",batch2_128_255,1,3,7,"(3, 7)",1,18,0.46153846153846156,0.21301775147928997,0.03332877159118652,0.20592616498470306,0,3.337860107421875e-05,3.345961886225268e-05
"batch2_128_255|(3,7)",batch2_128_255,1,3,7,"(3, 7)",1,19,0.48717948717948717,0.2373438527284681,0.03517798334360123,0.21479801833629608,1,-5.412101745605469e-05,-5.403251634561457e-05
"batch2_128_255|(4,5)",batch2_128_255,1,4,5,"(4, 5)",0,0,0.0,0.0,0.0,0.0,0,0.0017188787460327148,0.0017192061059176922
"batch2_128_255|(4,5)",batch2_128_255,1,4,5,"(4, 5)",0,1,0.02564102564102564,0.0006574621959237343,0.0019088065018877387,0.015002990141510963,0,0.001509547233581543,0.0015096745919436216
"batch2_128_255|(4,5)",batch2_128_255,1,4,5,"(4, 5)",0,2,0.05128205128205128,0.0026298487836949372,0.0037908400408923626,0.02989255264401436,0,0.0013573169708251953,0.0013574272161349654
"batch2_128_255|(4,5)",batch2_128_255,1,4,5,"(4, 5)",0,3,0.07692307692307693,0.00591715976331361,0.00564627954736352,0.04464036971330643,0,0.0012108087539672852,0.0012109912931919098
"batch2_128_255|(4,5)",batch2_128_255,1,4,5,"(4, 5)",0,4,0.10256410256410256,0.010519395134779749,0.0074692340567708015,0.05909499526023865,0,0.0010974407196044922,0.0010975454933941364
"batch2_128_255|(4,5)",batch2_128_255,1,4,5,"(4, 5)",0,5,0.1282051282051282,0.016436554898093356,0.009266279637813568,0.07322865724563599,0,0.0009813308715820312,0.0009814004879444838
"batch2_128_255|(4,5)",batch2_128_255,1,4,5,"(4, 5)",0,6,0.15384615384615385,0.02366863905325444,0.011040315963327885,0.08686645328998566,0,0.0008804798126220703,0.0008805914549157023
"batch2_128_255|(4,5)",batch2_128_255,1,4,5,"(4, 5)",0,7,0.1794871794871795,0.032215647600262985,0.012794542126357555,0.10007824748754501,0,0.0008032321929931641,0.0008032795158214867
"batch2_128_255|(4,5)",batch2_128_255,1,4,5,"(4, 5)",0,8,0.20512820512820512,0.042077580539118996,0.014535549096763134,0.1128753125667572,0,0.0007338523864746094,0.000733867404051125
"batch2_128_255|(4,5)",batch2_128_255,1,4,5,"(4, 5)",0,9,0.23076923076923078,0.053254437869822494,0.01626664400100708,0.12543880939483643,0,0.0006582736968994141,0.0006584157235920429
"batch2_128_255|(4,5)",batch2_128_255,1,4,5,"(4, 5)",0,10,0.2564102564102564,0.06574621959237342,0.017986956983804703,0.1377284824848175,0,0.0006104707717895508,0.0006105309003032744
"batch2_128_255|(4,5)",batch2_128_255,1,4,5,"(4, 5)",0,11,0.28205128205128205,0.07955292570677186,0.01970396749675274,0.1499151885509491,0,0.0005481839179992676,0.0005482775159180164
"batch2_128_255|(4,5)",batch2_128_255,1,4,5,"(4, 5)",0,12,0.3076923076923077,0.09467455621301776,0.02141653746366501,0.1618964523077011,0,0.0005013346672058105,0.0005014045163989067
"batch2_128_255|(4,5)",batch2_128_255,1,4,5,"(4, 5)",0,13,0.3333333333333333,0.1111111111111111,0.02313034050166607,0.1738792359828949,0,0.00046193599700927734,0.00046200136421248317
"batch2_128_255|(4,5)",batch2_128_255,1,4,5,"(4, 5)",0,14,0.358974358974359,0.12886259040105194,0.02484952099621296,0.18574541807174683,0,0.00039565563201904297,0.0003957524604629725
"batch2_128_255|(4,5)",batch2_128_255,1,4,5,"(4, 5)",0,15,0.38461538461538464,0.14792899408284024,0.026562189683318138,0.1970563530921936,0,0.0003319978713989258,0.0003320255200378597
"batch2_128_255|(4,5)",batch2_128_255,1,4,5,"(4, 5)",0,16,0.41025641025641024,0.16831032215647598,0.028277672827243805,0.20791563391685486,0,0.0002785921096801758,0.00027860887348651886
"batch2_128_255|(4,5)",batch2_128_255,1,4,5,"(4, 5)",0,17,0.4358974358974359,0.19000657462195925,0.030005959793925285,0.21848705410957336,0,0.00023162364959716797,0.00023175613023340702
"batch2_128_255|(4,5)",batch2_128_255,1,4,5,"(4, 5)",0,18,0.46153846153846156,0.21301775147928997,0.03174629434943199,0.22876352071762085,0,0.00019478797912597656,0.0001948574063135311
"batch2_128_255|(4,5)",batch2_128_255,1,4,5,"(4, 5)",0,19,0.48717948717948717,0.2373438527284681,0.03349679335951805,0.23886433243751526,0,0.00016164779663085938,0.0001616815134184435
"batch2_128_255|(4,5)",batch2_128_255,1,4,5,"(4, 5)",0,20,0.5128205128205128,0.2629848783694937,0.035256367176771164,0.24881641566753387,0,0.0001366138458251953,0.00013663311256095767
"batch2_128_255|(4,5)",batch2_128_255,1,4,5,"(4, 5)",0,21,0.5384615384615384,0.28994082840236685,0.03702691197395325,0.25868645310401917,0,0.0001080632209777832,0.00010809239029185846
"batch2_128_255|(4,5)",batch2_128_255,1,4,5,"(4, 5)",0,22,0.5641025641025641,0.31821170282708744,0.038801733404397964,0.2684328258037567,0,8.26120376586914e-05,8.261120092356578e-05
"batch2_128_255|(4,5)",batch2_128_255,1,4,5,"(4, 5)",0,23,0.5897435897435898,0.3477975016436555,0.04057827219367027,0.2780752182006836,0,5.745887756347656e-05,5.7427190768066794e-05
"batch2_128_255|(4,5)",batch2_128_255,1,4,5,"(4, 5)",0,24,0.6153846153846154,0.37869822485207105,0.04235120117664337,0.2876620590686798,0,3.6656856536865234e-05,3.674361141747795e-05
"batch2_128_255|(4,5)",batch2_128_255,1,4,5,"(4, 5)",0,25,0.6410256410256411,0.4109138724523341,0.04411553964018822,0.29710885882377625,0,1.8715858459472656e-05,1.8757744328468107e-05
"batch2_128_255|(4,5)",batch2_128_255,1,4,5,"(4, 5)",0,26,0.6666666666666666,0.4444444444444444,0.045865755528211594,0.30638059973716736,0,1.6689300537109375e-06,1.6983765362965642e-06
"batch2_128_255|(4,5)",batch2_128_255,1,4,5,"(4, 5)",0,27,0.6923076923076923,0.4792899408284023,0.04759577661752701,0.31540143489837646,1,-1.5556812286376953e-05,-1.5514948245254345e-05
"batch2_128_255|(4,6)",batch2_128_255,1,4,6,"(4, 6)",0,0,0.0,0.0,0.0,0.0,0,0.0029163360595703125,0.002916833618655801
"batch2_128_255|(4,6)",batch2_128_255,1,4,6,"(4, 6)",0,1,0.02564102564102564,0.0006574621959237343,0.0018461905419826508,0.013956846669316292,0,0.0026907920837402344,0.0026913646142929792
"batch2_128_255|(4,6)",batch2_128_255,1,4,6,"(4, 6)",0,2,0.05128205128205128,0.0026298487836949372,0.0036842452827841043,0.02778228558599949,0,0.0024995803833007812,0.0025002399925142527
"batch2_128_255|(4,6)",batch2_128_255,1,4,6,"(4, 6)",0,3,0.07692307692307693,0.00591715976331361,0.005516308359801769,0.04139723256230354,0,0.002298116683959961,0.002298389095813036
"batch2_128_255|(4,6)",batch2_128_255,1,4,6,"(4, 6)",0,4,0.10256410256410256,0.010519395134779749,0.007337764371186495,0.05481318384408951,0,0.002075672149658203,0.0020758812315762043
"batch2_128_255|(4,6)",batch2_128_255,1,4,6,"(4, 6)",0,5,0.1282051282051282,0.016436554898093356,0.009152641519904137,0.06790165603160858,0,0.0018944740295410156,0.001894668792374432
"batch2_128_255|(4,6)",batch2_128_255,1,4,6,"(4, 6)",0,6,0.15384615384615385,0.02366863905325444,0.01095943059772253,0.08061186969280243,0,0.0017230510711669922,0.0017232542159035802
"batch2_128_255|(4,6)",batch2_128_255,1,4,6,"(4, 6)",0,7,0.1794871794871795,0.032215647600262985,0.01276059914380312,0.0928935632109642,0,0.0015597343444824219,0.0015597997698932886
"batch2_128_255|(4,6)",batch2_128_255,1,4,6,"(4, 6)",0,8,0.20512820512820512,0.042077580539118996,0.014558608643710613,0.10478834807872772,0,0.0014145374298095703,0.0014148041373118758
"batch2_128_255|(4,6)",batch2_128_255,1,4,6,"(4, 6)",0,9,0.23076923076923078,0.053254437869822494,0.016356132924556732,0.11634567379951477,0,0.001267075538635254,0.0012673718156293035
"batch2_128_255|(4,6)",batch2_128_255,1,4,6,"(4, 6)",0,10,0.2564102564102564,0.06574621959237342,0.018154533579945564,0.12747600674629211,0,0.0011188983917236328,0.0011188620701432228
"batch2_128_255|(4,6)",batch2_128_255,1,4,6,"(4, 6)",0,11,0.28205128205128205,0.07955292570677186,0.019958458840847015,0.13832849264144897,0,0.000971674919128418,0.0009717980865389109
"batch2_128_255|(4,6)",batch2_128_255,1,4,6,"(4, 6)",0,12,0.3076923076923077,0.09467455621301776,0.02177005633711815,0.14891023933887482,0,0.000851750373840332,0.0008518091635778546
"batch2_128_255|(4,6)",batch2_128_255,1,4,6,"(4, 6)",0,13,0.3333333333333333,0.1111111111111111,0.023590704426169395,0.15920838713645935,0,0.0007283687591552734,0.0007284263847395778
"batch2_128_255|(4,6)",batch2_128_255,1,4,6,"(4, 6)",0,14,0.358974358974359,0.12886259040105194,0.025423087179660797,0.1693296879529953,0,0.0006042718887329102,0.0006043561734259129
"batch2_128_255|(4,6)",batch2_128_255,1,4,6,"(4, 6)",0,15,0.38461538461538464,0.14792899408284024,0.02726643905043602,0.17923906445503235,0,0.0005183219909667969,0.0005184473120607436
"batch2_128_255|(4,6)",batch2_128_255,1,4,6,"(4, 6)",0,16,0.41025641025641024,0.16831032215647598,0.029126476496458054,0.18897445499897003,0,0.00042235851287841797,0.0004224988224450499
"batch2_128_255|(4,6)",batch2_128_255,1,4,6,"(4, 6)",0,17,0.4358974358974359,0.19000657462195925,0.031005455181002617,0.1985783725976944,0,0.0003374814987182617,0.00033767690183594823
"batch2_128_255|(4,6)",batch2_128_255,1,4,6,"(4, 6)",0,18,0.46153846153846156,0.21301775147928997,0.03289841115474701,0.20802943408489227,0,0.0002567768096923828,0.000256795174209401
"batch2_128_255|(4,6)",batch2_128_255,1,4,6,"(4, 6)",0,19,0.48717948717948717,0.2373438527284681,0.03480863571166992,0.2174549251794815,0,0.00017547607421875,0.0001755699049681425
"batch2_128_255|(4,6)",batch2_128_255,1,4,6,"(4, 6)",0,20,0.5128205128205128,0.2629848783694937,0.03673189878463745,0.2267671525478363,0,0.0001087188720703125,0.00010865766671486199
"batch2_128_255|(4,6)",batch2_128_255,1,4,6,"(4, 6)",0,21,0.5384615384615384,0.28994082840236685,0.0386701263487339,0.2359713912010193,0,5.698204040527344e-05,5.703750139218755e-05
"batch2_128_255|(4,6)",batch2_128_255,1,4,6,"(4, 6)",0,22,0.5641025641025641,0.31821170282708744,0.04062754660844803,0.24513377249240875,0,1.704692840576172e-05,1.712939774733968e-05
"batch2_128_255|(4,6)",batch2_128_255,1,4,6,"(4, 6)",0,23,0.5897435897435898,0.3477975016436555,0.04259888455271721,0.2541925013065338,1,-4.1961669921875e-05,-4.188838283880614e-05
"batch2_128_255|(4,7)",batch2_128_255,1,4,7,"(4, 7)",1,0,0.0,0.0,0.0,0.0,0,0.002004384994506836,0.0020044895354658365
"batch2_128_255|(4,7)",batch2_128_255,1,4,7,"(4, 7)",1,1,0.02564102564102564,0.0006574621959237343,0.0018801175756379962,0.01488339900970459,0,0.0017290115356445312,0.0017291363328695297
"batch2_128_255|(4,7)",batch2_128_255,1,4,7,"(4, 7)",1,2,0.05128205128205128,0.0026298487836949372,0.003738073632121086,0.029608184471726418,0,0.0014994144439697266,0.00149958161637187
"batch2_128_255|(4,7)",batch2_128_255,1,4,7,"(4, 7)",1,3,0.07692307692307693,0.00591715976331361,0.0055746277794241905,0.04406532272696495,0,0.0013388395309448242,0.0013389604864642024
"batch2_128_255|(4,7)",batch2_128_255,1,4,7,"(4, 7)",1,4,0.10256410256410256,0.010519395134779749,0.007393649313598871,0.058373212814331055,0,0.0011830329895019531,0.001183245680294931
"batch2_128_255|(4,7)",batch2_128_255,1,4,7,"(4, 7)",1,5,0.1282051282051282,0.016436554898093356,0.00919648353010416,0.07235351949930191,0,0.0010406970977783203,0.0010409463429823518
"batch2_128_255|(4,7)",batch2_128_255,1,4,7,"(4, 7)",1,6,0.15384615384615385,0.02366863905325444,0.010985054075717926,0.0858859270811081,0,0.0009151697158813477,0.0009152904385700822
"batch2_128_255|(4,7)",batch2_128_255,1,4,7,"(4, 7)",1,7,0.1794871794871795,0.032215647600262985,0.012765590101480484,0.09901568293571472,0,0.0008006095886230469,0.0008007683791220188
"batch2_128_255|(4,7)",batch2_128_255,1,4,7,"(4, 7)",1,8,0.20512820512820512,0.042077580539118996,0.014540910720825195,0.11166267842054367,0,0.0006976127624511719,0.0006977218436077237
"batch2_128_255|(4,7)",batch2_128_255,1,4,7,"(4, 7)",1,9,0.23076923076923078,0.053254437869822494,0.01631813310086727,0.12387511134147644,0,0.0006015300750732422,0.0006015097605995834
"batch2_128_255|(4,7)",batch2_128_255,1,4,7,"(4, 7)",1,10,0.2564102564102564,0.06574621959237342,0.01809861697256565,0.13556167483329773,0,0.00048804283142089844,0.00048807819257490337
"batch2_128_255|(4,7)",batch2_128_255,1,4,7,"(4, 7)",1,11,0.28205128205128205,0.07955292570677186,0.01988663151860237,0.1467025727033615,0,0.00038909912109375,0.0003891116939485073
"batch2_128_255|(4,7)",batch2_128_255,1,4,7,"(4, 7)",1,12,0.3076923076923077,0.09467455621301776,0.021685760468244553,0.15737687051296234,0,0.00030219554901123047,0.0003022216260433197
"batch2_128_255|(4,7)",batch2_128_255,1,4,7,"(4, 7)",1,13,0.3333333333333333,0.1111111111111111,0.023507118225097656,0.16771458089351654,0,0.00021266937255859375,0.00021261244546622038
"batch2_128_255|(4,7)",batch2_128_255,1,4,7,"(4, 7)",1,14,0.358974358974359,0.12886259040105194,0.025355476886034012,0.17782309651374817,0,0.00010246038436889648,0.00010250376362819225
"batch2_128_255|(4,7)",batch2_128_255,1,4,7,"(4, 7)",1,15,0.38461538461538464,0.14792899408284024,0.02723039872944355,0.18763677775859833,0,3.784894943237305e-05,3.7855519622098655e-05
"batch2_128_255|(4,7)",batch2_128_255,1,4,7,"(4, 7)",1,16,0.41025641025641024,0.16831032215647598,0.02914067916572094,0.1974135786294937,1,-4.2557716369628906e-05,-4.250846177455969e-05
"batch2_128_255|(5,6)",batch2_128_255,1,5,6,"(5, 6)",0,0,0.0,0.0,0.0,0.0,0,0.0027387142181396484,0.0027391943149268627
"batch2_128_255|(5,6)",batch2_128_255,1,5,6,"(5, 6)",0,1,0.02564102564102564,0.0006574621959237343,0.0020054562482982874,0.014916027896106243,0,0.002504587173461914,0.002504925476387143
"batch2_128_255|(5,6)",batch2_128_255,1,5,6,"(5, 6)",0,2,0.05128205128205128,0.0026298487836949372,0.003973863553255796,0.029637834057211876,0,0.0022504329681396484,0.002251109341159463
"batch2_128_255|(5,6)",batch2_128_255,1,5,6,"(5, 6)",0,3,0.07692307692307693,0.00591715976331361,0.005904759746044874,0.04418826475739479,0,0.0019965171813964844,0.001996885286644101
"batch2_128_255|(5,6)",batch2_128_255,1,5,6,"(5, 6)",0,4,0.10256410256410256,0.010519395134779749,0.007798362988978624,0.05849118158221245,0,0.0017360448837280273,0.0017362709622830153
"batch2_128_255|(5,6)",batch2_128_255,1,5,6,"(5, 6)",0,5,0.1282051282051282,0.016436554898093356,0.00965477991849184,0.07242538034915924,0,0.001512289047241211,0.0015126445796340704
"batch2_128_255|(5,6)",batch2_128_255,1,5,6,"(5, 6)",0,6,0.15384615384615385,0.02366863905325444,0.011480452492833138,0.08602440357208252,0,0.0013287067413330078,0.0013290130300447345
"batch2_128_255|(5,6)",batch2_128_255,1,5,6,"(5, 6)",0,7,0.1794871794871795,0.032215647600262985,0.013277719728648663,0.0993368998169899,0,0.0011577606201171875,0.0011577476980164647
"batch2_128_255|(5,6)",batch2_128_255,1,5,6,"(5, 6)",0,8,0.20512820512820512,0.042077580539118996,0.015051690861582756,0.11236898601055145,0,0.001015305519104004,0.0010155191412195563
"batch2_128_255|(5,6)",batch2_128_255,1,5,6,"(5, 6)",0,9,0.23076923076923078,0.053254437869822494,0.016805486753582954,0.12513698637485504,0,0.0008535385131835938,0.0008535812376067042
"batch2_128_255|(5,6)",batch2_128_255,1,5,6,"(5, 6)",0,10,0.2564102564102564,0.06574621959237342,0.018542751669883728,0.13756819069385529,0,0.0007001161575317383,0.0007002593483775854
"batch2_128_255|(5,6)",batch2_128_255,1,5,6,"(5, 6)",0,11,0.28205128205128205,0.07955292570677186,0.020262975245714188,0.14971204102039337,0,0.0005745887756347656,0.0005746256210841238
"batch2_128_255|(5,6)",batch2_128_255,1,5,6,"(5, 6)",0,12,0.3076923076923077,0.09467455621301776,0.02196880429983139,0.16151683032512665,0,0.00042831897735595703,0.00042840687092393637
"batch2_128_255|(5,6)",batch2_128_255,1,5,6,"(5, 6)",0,13,0.3333333333333333,0.1111111111111111,0.023660723119974136,0.17305271327495575,0,0.00033545494079589844,0.00033548541250638664
"batch2_128_255|(5,6)",batch2_128_255,1,5,6,"(5, 6)",0,14,0.358974358974359,0.12886259040105194,0.025344595313072205,0.18440403044223785,0,0.00026297569274902344,0.00026301719481125474
"batch2_128_255|(5,6)",batch2_128_255,1,5,6,"(5, 6)",0,15,0.38461538461538464,0.14792899408284024,0.027020016685128212,0.19547812640666962,0,0.00019800662994384766,0.00019805521878879517
"batch2_128_255|(5,6)",batch2_128_255,1,5,6,"(5, 6)",0,16,0.41025641025641024,0.16831032215647598,0.028689276427030563,0.20608307421207428,0,0.00014734268188476562,0.00014738990284968168
"batch2_128_255|(5,6)",batch2_128_255,1,5,6,"(5, 6)",0,17,0.4358974358974359,0.19000657462195925,0.03035307675600052,0.21630443632602692,0,0.00011599063873291016,0.00011601176811382174
"batch2_128_255|(5,6)",batch2_128_255,1,5,6,"(5, 6)",0,18,0.46153846153846156,0.21301775147928997,0.03201844543218613,0.2262462079524994,0,9.167194366455078e-05,9.170633711619303e-05
"batch2_128_255|(5,6)",batch2_128_255,1,5,6,"(5, 6)",0,19,0.48717948717948717,0.2373438527284681,0.03368415683507919,0.23595461249351501,0,7.039308547973633e-05,7.034692680463195e-05
"batch2_128_255|(5,6)",batch2_128_255,1,5,6,"(5, 6)",0,20,0.5128205128205128,0.2629848783694937,0.035350751131772995,0.24546165764331818,0,5.8978796005249023e-05,5.899913594475947e-05
"batch2_128_255|(5,6)",batch2_128_255,1,5,6,"(5, 6)",0,21,0.5384615384615384,0.28994082840236685,0.03701508790254593,0.25478705763816833,0,5.6624412536621094e-05,5.667411460308358e-05
"batch2_128_255|(5,6)",batch2_128_255,1,5,6,"(5, 6)",0,22,0.5641025641025641,0.31821170282708744,0.03867441043257713,0.26389259099960327,0,4.8041343688964844e-05,4.8057092499220744e-05
"batch2_128_255|(5,6)",batch2_128_255,1,5,6,"(5, 6)",0,23,0.5897435897435898,0.3477975016436555,0.04032464325428009,0.27279913425445557,0,4.673004150390625e-05,4.6766450395807624e-05
"batch2_128_255|(5,6)",batch2_128_255,1,5,6,"(5, 6)",0,24,0.6153846153846154,0.37869822485207105,0.04196679964661598,0.281539648771286,0,3.865361213684082e-05,3.86775573133491e-05
"batch2_128_255|(5,6)",batch2_128_255,1,5,6,"(5, 6)",0,25,0.6410256410256411,0.4109138724523341,0.043597884476184845,0.2901290953159332,0,3.4868717193603516e-05,3.483891487121582e-05
"batch2_128_255|(5,6)",batch2_128_255,1,5,6,"(5, 6)",0,26,0.6666666666666666,0.4444444444444444,0.04521547630429268,0.2985706627368927,0,3.343820571899414e-05,3.3450032788095996e-05
"batch2_128_255|(5,6)",batch2_128_255,1,5,6,"(5, 6)",0,27,0.6923076923076923,0.4792899408284023,0.0468188151717186,0.3068048655986786,0,2.893805503845215e-05,2.8929302061442286e-05
"batch2_128_255|(5,6)",batch2_128_255,1,5,6,"(5, 6)",0,28,0.717948717948718,0.5154503616042078,0.04840611293911934,0.31486520171165466,0,2.5480985641479492e-05,2.5514582375762984e-05
"batch2_128_255|(5,6)",batch2_128_255,1,5,6,"(5, 6)",0,29,0.7435897435897436,0.5529257067718607,0.04997122660279274,0.3227149248123169,0,2.2158026695251465e-05,2.2147418349049985e-05
"batch2_128_255|(5,6)",batch2_128_255,1,5,6,"(5, 6)",0,30,0.7692307692307693,0.591715976331361,0.051516007632017136,0.3303545117378235,0,1.831352710723877e-05,1.832772250054404e-05
"batch2_128_255|(5,6)",batch2_128_255,1,5,6,"(5, 6)",0,31,0.7948717948717948,0.6318211702827087,0.05303555727005005,0.33774712681770325,0,1.4975666999816895e-05,1.499340942245908e-05
"batch2_128_255|(5,6)",batch2_128_255,1,5,6,"(5, 6)",0,32,0.8205128205128205,0.6732412886259039,0.05452951788902283,0.34491780400276184,0,1.2665987014770508e-05,1.2654139027290512e-05
"batch2_128_255|(5,6)",batch2_128_255,1,5,6,"(5, 6)",0,33,0.8461538461538461,0.7159763313609467,0.05599617958068848,0.3518722951412201,0,1.0207295417785645e-05,1.0225158803223167e-05
"batch2_128_255|(5,6)",batch2_128_255,1,5,6,"(5, 6)",0,34,0.8717948717948718,0.760026298487837,0.05743293836712837,0.3586045205593109,0,8.434057235717773e-06,8.434823030256666e-06
"batch2_128_255|(5,6)",batch2_128_255,1,5,6,"(5, 6)",0,35,0.8974358974358975,0.8053911900065747,0.058841194957494736,0.3651416003704071,0,7.659196853637695e-06,7.679866030230187e-06
"batch2_128_255|(5,6)",batch2_128_255,1,5,6,"(5, 6)",0,36,0.9230769230769231,0.8520710059171599,0.06022079661488533,0.37147215008735657,0,6.034970283508301e-06,6.031689736119006e-06
"batch2_128_255|(5,6)",batch2_128_255,1,5,6,"(5, 6)",0,37,0.9487179487179487,0.9000657462195923,0.06157182157039642,0.3776126205921173,0,5.543231964111328e-06,5.554922609007917e-06
"batch2_128_255|(5,6)",batch2_128_255,1,5,6,"(5, 6)",0,38,0.9743589743589743,0.9493754109138725,0.06289466470479965,0.38356852531433105,0,3.919005393981934e-06,3.943585397792049e-06
"batch2_128_255|(5,6)",batch2_128_255,1,5,6,"(5, 6)",0,39,1.0,1.0,0.06418980658054352,0.38934779167175293,0,3.1888484954833984e-06,3.2121761250891723e-06
"batch2_128_255|(5,7)",batch2_128_255,1,5,7,"(5, 7)",1,0,0.0,0.0,0.0,0.0,0,0.001430511474609375,0.0014306470984593034
"batch2_128_255|(5,7)",batch2_128_255,1,5,7,"(5, 7)",1,1,0.02564102564102564,0.0006574621959237343,0.002027213340625167,0.015802539885044098,0,0.0013028383255004883,0.0013028846587985754
"batch2_128_255|(5,7)",batch2_128_255,1,5,7,"(5, 7)",1,2,0.05128205128205128,0.0026298487836949372,0.004012817516922951,0.03136160224676132,0,0.0012055635452270508,0.0012055906699970365
"batch2_128_255|(5,7)",batch2_128_255,1,5,7,"(5, 7)",1,3,0.07692307692307693,0.00591715976331361,0.005962733179330826,0.046710673719644547,0,0.0010938644409179688,0.0010939141502603889
"batch2_128_255|(5,7)",batch2_128_255,1,5,7,"(5, 7)",1,4,0.10256410256410256,0.010519395134779749,0.007869879715144634,0.061637718230485916,0,0.0009937286376953125,0.0009938408620655537
"batch2_128_255|(5,7)",batch2_128_255,1,5,7,"(5, 7)",1,5,0.1282051282051282,0.016436554898093356,0.00974081177264452,0.07605773210525513,0,0.0008840560913085938,0.0008840041700750589
"batch2_128_255|(5,7)",batch2_128_255,1,5,7,"(5, 7)",1,6,0.15384615384615385,0.02366863905325444,0.011578403413295746,0.0899571105837822,0,0.0007810592651367188,0.0007810118841007352
"batch2_128_255|(5,7)",batch2_128_255,1,5,7,"(5, 7)",1,7,0.1794871794871795,0.032215647600262985,0.013390341773629189,0.1033574715256691,0,0.0006829500198364258,0.000683020509313792
"batch2_128_255|(5,7)",batch2_128_255,1,5,7,"(5, 7)",1,8,0.20512820512820512,0.042077580539118996,0.0151831628754735,0.11628653109073639,0,0.0005878210067749023,0.0005879533127881587
"batch2_128_255|(5,7)",batch2_128_255,1,5,7,"(5, 7)",1,9,0.23076923076923078,0.053254437869822494,0.016958048567175865,0.12865854799747467,0,0.0005002021789550781,0.0005002788966521621
"batch2_128_255|(5,7)",batch2_128_255,1,5,7,"(5, 7)",1,10,0.2564102564102564,0.06574621959237342,0.01872701197862625,0.14056450128555298,0,0.0004107952117919922,0.00041082227835431695
"batch2_128_255|(5,7)",batch2_128_255,1,5,7,"(5, 7)",1,11,0.28205128205128205,0.07955292570677186,0.02049378491938114,0.15200713276863098,0,0.0003510713577270508,0.00035113783087581396
"batch2_128_255|(5,7)",batch2_128_255,1,5,7,"(5, 7)",1,12,0.3076923076923077,0.09467455621301776,0.022272637113928795,0.16322262585163116,0,0.0002740621566772461,0.0002740772033575922
"batch2_128_255|(5,7)",batch2_128_255,1,5,7,"(5, 7)",1,13,0.3333333333333333,0.1111111111111111,0.024060441181063652,0.17422765493392944,0,0.0001970529556274414,0.00019713450456038117
"batch2_128_255|(5,7)",batch2_128_255,1,5,7,"(5, 7)",1,14,0.358974358974359,0.12886259040105194,0.025858532637357712,0.18486328423023224,0,0.00012236833572387695,0.00012231498840264976
"batch2_128_255|(5,7)",batch2_128_255,1,5,7,"(5, 7)",1,15,0.38461538461538464,0.14792899408284024,0.02766823209822178,0.19513267278671265,0,5.4001808166503906e-05,5.404396870289929e-05
"batch2_128_255|(5,7)",batch2_128_255,1,5,7,"(5, 7)",1,16,0.41025641025641024,0.16831032215647598,0.02949589490890503,0.20514613389968872,0,9.5367431640625e-06,9.490976481174584e-06
"batch2_128_255|(5,7)",batch2_128_255,1,5,7,"(5, 7)",1,17,0.4358974358974359,0.19000657462195925,0.03134065493941307,0.21492351591587067,1,-3.4689903259277344e-05,-3.46847518812865e-05
"batch2_128_255|(6,7)",batch2_128_255,1,6,7,"(6, 7)",1,0,0.0,0.0,0.0,0.0,0,0.0028448104858398438,0.002845232840627432
"batch2_128_255|(6,7)",batch2_128_255,1,6,7,"(6, 7)",1,1,0.02564102564102564,0.0006574621959237343,0.0019470086554065347,0.01462608203291893,0,0.0025577545166015625,0.0025583968963474035
"batch2_128_255|(6,7)",batch2_128_255,1,6,7,"(6, 7)",1,2,0.05128205128205128,0.0026298487836949372,0.0038668112829327583,0.029006188735365868,0,0.002284526824951172,0.0022847603540867567
"batch2_128_255|(6,7)",batch2_128_255,1,6,7,"(6, 7)",1,3,0.07692307692307693,0.00591715976331361,0.00576402060687542,0.04311905428767204,0,0.002011537551879883,0.00201186491176486
"batch2_128_255|(6,7)",batch2_128_255,1,6,7,"(6, 7)",1,4,0.10256410256410256,0.010519395134779749,0.007635721005499363,0.05696815997362137,0,0.0017344951629638672,0.0017347929533571005
"batch2_128_255|(6,7)",batch2_128_255,1,6,7,"(6, 7)",1,5,0.1282051282051282,0.016436554898093356,0.009485634975135326,0.07040979713201523,0,0.0015094280242919922,0.0015094031114131212
"batch2_128_255|(6,7)",batch2_128_255,1,6,7,"(6, 7)",1,6,0.15384615384615385,0.02366863905325444,0.011315416544675827,0.08337003737688065,0,0.0013135671615600586,0.0013136452762410045
"batch2_128_255|(6,7)",batch2_128_255,1,6,7,"(6, 7)",1,7,0.1794871794871795,0.032215647600262985,0.0131296431645751,0.09583710879087448,0,0.0011391639709472656,0.0011391938896849751
"batch2_128_255|(6,7)",batch2_128_255,1,6,7,"(6, 7)",1,8,0.20512820512820512,0.042077580539118996,0.014932348392903805,0.10791350156068802,0,0.0009695291519165039,0.0009695697808638215
"batch2_128_255|(6,7)",batch2_128_255,1,6,7,"(6, 7)",1,9,0.23076923076923078,0.053254437869822494,0.01673116162419319,0.11954491585493088,0,0.0008294582366943359,0.0008295963634736836
"batch2_128_255|(6,7)",batch2_128_255,1,6,7,"(6, 7)",1,10,0.2564102564102564,0.06574621959237342,0.018529655411839485,0.13077381253242493,0,0.0006912946701049805,0.000691405963152647
"batch2_128_255|(6,7)",batch2_128_255,1,6,7,"(6, 7)",1,11,0.28205128205128205,0.07955292570677186,0.02033303678035736,0.14168734848499298,0,0.0005652904510498047,0.0005653123371303082
"batch2_128_255|(6,7)",batch2_128_255,1,6,7,"(6, 7)",1,12,0.3076923076923077,0.09467455621301776,0.022142672911286354,0.15230020880699158,0,0.00044989585876464844,0.00044988765148445964
"batch2_128_255|(6,7)",batch2_128_255,1,6,7,"(6, 7)",1,13,0.3333333333333333,0.1111111111111111,0.023961102589964867,0.16263355314731598,0,0.0003502368927001953,0.0003503402404021472
"batch2_128_255|(6,7)",batch2_128_255,1,6,7,"(6, 7)",1,14,0.358974358974359,0.12886259040105194,0.025791607797145844,0.1726909726858139,0,0.00026023387908935547,0.00026024525868706405
"batch2_128_255|(6,7)",batch2_128_255,1,6,7,"(6, 7)",1,15,0.38461538461538464,0.14792899408284024,0.027634693309664726,0.18250836431980133,0,0.00019168853759765625,0.0001916386972879991
"batch2_128_255|(6,7)",batch2_128_255,1,6,7,"(6, 7)",1,16,0.41025641025641024,0.16831032215647598,0.029495293274521828,0.19219309091567993,0,0.0001278519630432129,0.00012788822641596198
"batch2_128_255|(6,7)",batch2_128_255,1,6,7,"(6, 7)",1,17,0.4358974358974359,0.19000657462195925,0.0313740000128746,0.2017253190279007,0,6.92605972290039e-05,6.92115499987267e-05
"batch2_128_255|(6,7)",batch2_128_255,1,6,7,"(6, 7)",1,18,0.46153846153846156,0.21301775147928997,0.03326862305402756,0.21109060943126678,0,3.0279159545898438e-05,3.026709600817412e-05
"batch2_128_255|(6,7)",batch2_128_255,1,6,7,"(6, 7)",1,19,0.48717948717948717,0.2373438527284681,0.035181768238544464,0.22034016251564026,1,-2.7120113372802734e-05,-2.7066746042692102e-05
