state,incoming_task,batch,pair_i,pair_j,pair,k,loss,mu_norm,gate_mass,DeltaA_1st,DeltaA_finite,residual,relative_abs_error,A_before,A_after,positive_finite
theta3,T4,batch1_0_127,0,1,"(0, 1)",0,7.913600921630859,8.241800308227539,0.15629148483276367,0.0008672006514658373,0.0008671283721923828,-7.2279273454455e-08,8.335475550374332e-05,-0.980730414390564,-0.9798632860183716,True
theta3,T4,batch1_0_127,0,1,"(0, 1)",1,7.687511444091797,8.154295921325684,0.1588420420885086,0.0008093869742440806,0.0008093714714050293,-1.550283905134113e-08,1.915417036435564e-05,-0.9657662510871887,-0.9649568796157837,True
theta3,T4,batch1_0_127,0,1,"(0, 1)",2,7.477023124694824,8.048303604125977,0.16248047351837158,0.0007602556612778778,0.0007602572441101074,1.5828322296514846e-09,2.0819692833104323e-06,-0.9573873281478882,-0.9566270709037781,True
theta3,T4,batch1_0_127,0,1,"(0, 1)",3,7.279263019561768,7.947818279266357,0.16585107147693634,0.0007184530588965799,0.0007184743881225586,2.132922597873274e-08,2.9686828551353127e-05,-0.9530332088470459,-0.9523147344589233,True
theta3,T4,batch1_0_127,0,1,"(0, 1)",4,7.107911586761475,7.862843990325928,0.1697860062122345,0.0006727351947294754,0.0006728172302246094,8.203549513394887e-08,0.00012192835059613829,-0.9516723155975342,-0.9509994983673096,True
theta3,T4,batch1_0_127,0,1,"(0, 1)",5,6.9321746826171875,7.778902530670166,0.1739978939294815,0.000637672113201648,0.0006376504898071289,-2.1623394519062512e-08,3.3911045101844075e-05,-0.9487037062644958,-0.9480660557746887,True
theta3,T4,batch1_0_127,0,1,"(0, 1)",6,6.762308120727539,7.69272518157959,0.17821800708770752,0.0006032748330625654,0.0006031990051269531,-7.582793561230951e-08,0.00012570964966421037,-0.9478258490562439,-0.9472226500511169,True
theta3,T4,batch1_0_127,0,1,"(0, 1)",7,6.600368499755859,7.622645854949951,0.1827893853187561,0.0005731306101198555,0.0005731582641601562,2.7654040300750804e-08,4.8248524063893636e-05,-0.958304762840271,-0.9577316045761108,True
theta3,T4,batch1_0_127,0,1,"(0, 1)",8,6.446953773498535,7.552313327789307,0.18708831071853638,0.0005340953057292292,0.0005342364311218262,1.411253925969651e-07,0.0002641628020399514,-0.9671745896339417,-0.9666403532028198,True
theta3,T4,batch1_0_127,0,1,"(0, 1)",9,6.2979021072387695,7.477849006652832,0.19222667813301086,0.0005011756335183944,0.000501096248626709,-7.93848916854148e-08,0.0001584224426005481,-0.9766586422920227,-0.976157546043396,True
theta3,T4,batch1_0_127,0,1,"(0, 1)",10,6.154226779937744,7.404155731201172,0.19718733429908752,0.00046393608496162327,0.00046390295028686523,-3.31346747580309e-08,7.142587633370578e-05,-0.9863824844360352,-0.9859185814857483,True
theta3,T4,batch1_0_127,0,1,"(0, 1)",11,6.020160675048828,7.3275604248046875,0.2021101862192154,0.000430779898345857,0.00043076276779174805,-1.713055410896983e-08,3.976795440512998e-05,-0.9919882416725159,-0.9915574789047241,True
theta3,T4,batch1_0_127,0,1,"(0, 1)",12,5.883726596832275,7.267155170440674,0.20763057470321655,0.00039979935257818046,0.0003998279571533203,2.860457513984959e-08,7.15422086627142e-05,-1.004799723625183,-1.0043998956680298,True
theta3,T4,batch1_0_127,0,1,"(0, 1)",13,5.744473934173584,7.202174663543701,0.21279695630073547,0.000362247938557423,0.00036215782165527344,-9.01169021495893e-08,0.0002488332344658532,-1.012736201286316,-1.0123740434646606,True
theta3,T4,batch1_0_127,0,1,"(0, 1)",14,5.61067008972168,7.141000747680664,0.21782132983207703,0.00032704525369737456,0.00032699108123779297,-5.417245958159187e-08,0.00016566953256500847,-1.0201497077941895,-1.0198227167129517,True
theta3,T4,batch1_0_127,0,1,"(0, 1)",15,5.483576774597168,7.084168434143066,0.2237815260887146,0.0002990630819959728,0.0002989768981933594,-8.618380261342764e-08,0.00028826241470232056,-1.032818078994751,-1.0325191020965576,True
theta3,T4,batch1_0_127,0,1,"(0, 1)",16,5.3592376708984375,7.035977840423584,0.23007477819919586,0.0002595656844741119,0.0002595186233520508,-4.706112206111527e-08,0.0001813400574234488,-1.0465521812438965,-1.0462926626205444,True
theta3,T4,batch1_0_127,0,1,"(0, 1)",17,5.245180130004883,6.983901023864746,0.23662146925926208,0.0002209999414568616,0.00022089481353759766,-1.0512791926393992e-07,0.00047591845901826256,-1.0591305494308472,-1.0589096546173096,True
theta3,T4,batch1_0_127,0,1,"(0, 1)",18,5.128791809082031,6.939280033111572,0.2426334023475647,0.00018792225760254109,0.00018787384033203125,-4.8417270509835486e-08,0.000257711613411783,-1.073181390762329,-1.072993516921997,True
theta3,T4,batch1_0_127,0,1,"(0, 1)",19,5.0179033279418945,6.902128219604492,0.2500544488430023,0.0001515017189513608,0.00015151500701904297,1.3288067682163448e-08,8.770133034078502e-05,-1.0908938646316528,-1.0907423496246338,True
theta3,T4,batch1_0_127,0,2,"(0, 2)",0,8.48118782043457,8.241800308227539,0.18100827932357788,0.0012750068860332118,0.001274704933166504,-3.019528667079236e-07,0.000236880597894793,-1.5370664596557617,-1.5357917547225952,True
theta3,T4,batch1_0_127,0,2,"(0, 2)",1,8.201445579528809,8.090641975402832,0.18779215216636658,0.0012326570036001847,0.0012325048446655273,-1.521589346573267e-07,0.00012345503980442285,-1.535551905632019,-1.5343194007873535,True
theta3,T4,batch1_0_127,0,2,"(0, 2)",2,7.940073013305664,7.916677951812744,0.19523662328720093,0.0011824430630138806,0.0011823177337646484,-1.2532924923217004e-07,0.00010600301903034639,-1.5327699184417725,-1.5315876007080078,True
theta3,T4,batch1_0_127,0,2,"(0, 2)",3,7.6942138671875,7.763706684112549,0.20261576771736145,0.0011215916873328032,0.00112152099609375,-7.069123905321072e-08,6.303157881076486e-05,-1.5312268733978271,-1.5301053524017334,True
theta3,T4,batch1_0_127,0,2,"(0, 2)",4,7.479361057281494,7.62816858291626,0.20941907167434692,0.00105585034629317,0.0010557174682617188,-1.3287803145127508e-07,0.00012586514427014654,-1.5299675464630127,-1.528911828994751,True
theta3,T4,batch1_0_127,0,2,"(0, 2)",5,7.279160022735596,7.504937648773193,0.21577592194080353,0.0009985078487358644,0.000998377799987793,-1.3004874807143012e-07,0.0001302600559357592,-1.5256904363632202,-1.5246920585632324,True
theta3,T4,batch1_0_127,0,2,"(0, 2)",6,7.090075969696045,7.380199432373047,0.2220984846353531,0.0009420959413705981,0.0009418725967407227,-2.2334462987546027e-07,0.00023712828109483927,-1.5217232704162598,-1.520781397819519,True
theta3,T4,batch1_0_127,0,2,"(0, 2)",7,6.930072784423828,7.2519378662109375,0.22621764242649078,0.0008805224556535962,0.0008804798126220703,-4.264303152593223e-08,4.843158345554933e-05,-1.5038459300994873,-1.5029654502868652,True
theta3,T4,batch1_0_127,0,2,"(0, 2)",8,6.778017997741699,7.149559020996094,0.2296423614025116,0.0008159036126681285,0.0008161067962646484,2.031835965199836e-07,0.00024896692130241114,-1.483015775680542,-1.4821996688842773,True
theta3,T4,batch1_0_127,0,2,"(0, 2)",9,6.638814926147461,7.05153751373291,0.23243962228298187,0.0007634530404505859,0.0007635354995727539,8.245912216800835e-08,0.00010799644838275288,-1.4629212617874146,-1.4621577262878418,True
theta3,T4,batch1_0_127,0,2,"(0, 2)",10,6.507552146911621,6.974328994750977,0.23505152761936188,0.000721070354898402,0.0007207393646240234,-3.3099027437854915e-07,0.0004592371259632968,-1.453590750694275,-1.4528700113296509,True
theta3,T4,batch1_0_127,0,2,"(0, 2)",11,6.381715774536133,6.901276588439941,0.23733937740325928,0.0006769928814492156,0.0006767511367797852,-2.4174466943039426e-07,0.00035721354023976763,-1.4409183263778687,-1.4402415752410889,True
theta3,T4,batch1_0_127,0,2,"(0, 2)",12,6.261778354644775,6.825963497161865,0.2393244355916977,0.0006430827341294317,0.0006431341171264648,5.138299703311231e-08,7.989468396217649e-05,-1.4197032451629639,-1.4190601110458374,True
theta3,T4,batch1_0_127,0,2,"(0, 2)",13,6.1400957107543945,6.751883506774902,0.24137341976165771,0.0006038213169179653,0.0006036758422851562,-1.4547463280908165e-07,0.00024098137215231531,-1.4028877019882202,-1.402284026145935,True
theta3,T4,batch1_0_127,0,2,"(0, 2)",14,6.018156051635742,6.686913967132568,0.24323798716068268,0.0005669793164161783,0.0005670785903930664,9.927397688809254e-08,0.00017506211408771665,-1.3903183937072754,-1.3897513151168823,True
theta3,T4,batch1_0_127,0,2,"(0, 2)",15,5.903085708618164,6.621872425079346,0.24596592783927917,0.0005098173692875099,0.0005097389221191406,-7.844716836931734e-08,0.00015389675962586586,-1.382521629333496,-1.382011890411377,True
theta3,T4,batch1_0_127,0,2,"(0, 2)",16,5.797665119171143,6.567458152770996,0.2487213909626007,0.0004645205112434499,0.00046443939208984375,-8.111915360617264e-08,0.00017466036470584412,-1.3758214712142944,-1.3753570318222046,True
theta3,T4,batch1_0_127,0,2,"(0, 2)",17,5.693360328674316,6.517763137817383,0.25088930130004883,0.0004274255718481094,0.0004273653030395508,-6.026880855860596e-08,0.00014102410310326094,-1.368523359298706,-1.3680959939956665,True
theta3,T4,batch1_0_127,0,2,"(0, 2)",18,5.587779521942139,6.471355438232422,0.2532055974006653,0.00038393319211995903,0.0003838539123535156,-7.927976644340725e-08,0.00020653629907617938,-1.3604975938796997,-1.3601137399673462,True
theta3,T4,batch1_0_127,0,2,"(0, 2)",19,5.483111381530762,6.429340839385986,0.2561461925506592,0.0003550596386285825,0.00035512447357177734,6.483494319485571e-08,0.0001825696284538141,-1.360095500946045,-1.3597403764724731,True
theta3,T4,batch1_0_127,0,3,"(0, 3)",0,8.401613235473633,8.241800308227539,0.16312158107757568,0.0011399214708102655,0.0011397600173950195,-1.6145341524592856e-07,0.00014165562292221717,-1.2482246160507202,-1.2470848560333252,True
theta3,T4,batch1_0_127,0,3,"(0, 3)",1,8.142965316772461,8.108536720275879,0.1650613695383072,0.0010371596965530853,0.0010371208190917969,-3.887746128847236e-08,3.7485952044157415e-05,-1.207558035850525,-1.206520915031433,True
theta3,T4,batch1_0_127,0,3,"(0, 3)",2,7.902005195617676,7.968973159790039,0.16721394658088684,0.0009463410674821024,0.0009464025497436523,6.148226154990659e-08,6.496417572687225e-05,-1.169330358505249,-1.1683839559555054,True
theta3,T4,batch1_0_127,0,3,"(0, 3)",3,7.688929557800293,7.827661991119385,0.16965286433696747,0.0008714875294145238,0.0008714199066162109,-6.762279831289218e-08,7.760070409164347e-05,-1.1315935850143433,-1.130722165107727,True
theta3,T4,batch1_0_127,0,3,"(0, 3)",4,7.490389347076416,7.705036163330078,0.1710740029811859,0.0007911698323994085,0.0007911920547485352,2.2222349126653496e-08,2.808717427491917e-05,-1.0958606004714966,-1.095069408416748,True
theta3,T4,batch1_0_127,0,3,"(0, 3)",5,7.311913967132568,7.594535827636719,0.17342394590377808,0.0007268420482834119,0.0007268190383911133,-2.3009892298605714e-08,3.165835109319703e-05,-1.0710164308547974,-1.0702896118164062,True
theta3,T4,batch1_0_127,0,3,"(0, 3)",6,7.143141746520996,7.49774169921875,0.176071897149086,0.0006617378719932121,0.0006617307662963867,-7.105696825425792e-09,1.0738048141837758e-05,-1.0490448474884033,-1.048383116722107,True
theta3,T4,batch1_0_127,0,3,"(0, 3)",7,6.9874773025512695,7.39856481552124,0.17851568758487701,0.0006029819511205726,0.0006028413772583008,-1.4057386227186563e-07,0.00023318549053681436,-1.026952862739563,-1.0263500213623047,True
theta3,T4,batch1_0_127,0,3,"(0, 3)",8,6.838453769683838,7.317138671875,0.18087664246559143,0.0005526463968446957,0.0005526542663574219,7.869512726145153e-09,1.4239486067869507e-05,-1.0108895301818848,-1.0103368759155273,True
theta3,T4,batch1_0_127,0,3,"(0, 3)",9,6.701188564300537,7.240462303161621,0.1831614375114441,0.0005027206720034958,0.0005028247833251953,1.0411132169948264e-07,0.00020705288432879413,-0.9950076341629028,-0.9945048093795776,True
theta3,T4,batch1_0_127,0,3,"(0, 3)",10,6.566835880279541,7.164172649383545,0.1850782334804535,0.00045857782215119115,0.0004585385322570801,-3.9289894111066946e-08,8.568504356148423e-05,-0.9784432649612427,-0.9779847264289856,True
theta3,T4,batch1_0_127,0,3,"(0, 3)",11,6.432925701141357,7.098498821258545,0.1866585910320282,0.0004196771484999948,0.0004197359085083008,5.876000830595503e-08,0.00013999280765560944,-0.9629923105239868,-0.9625725746154785,True
theta3,T4,batch1_0_127,0,3,"(0, 3)",12,6.3094868659973145,7.039756774902344,0.1881418228149414,0.00038062342121872105,0.00038063526153564453,1.184031692347742e-08,3.110672635979269e-05,-0.9494856595993042,-0.9491050243377686,True
theta3,T4,batch1_0_127,0,3,"(0, 3)",13,6.187859535217285,6.9798078536987305,0.19060048460960388,0.0003461008103350639,0.00034606456756591797,-3.624276914595669e-08,0.000104728344195634,-0.9436783194541931,-0.9433322548866272,True
theta3,T4,batch1_0_127,0,3,"(0, 3)",14,6.064146041870117,6.9175004959106445,0.19298669695854187,0.0003119996395409748,0.0003120303153991699,3.0675858195131685e-08,9.831050600288336e-05,-0.9375881552696228,-0.9372761249542236,True
theta3,T4,batch1_0_127,0,3,"(0, 3)",15,5.954702377319336,6.862168788909912,0.1950247883796692,0.00028700865789851935,0.00028699636459350586,-1.229330501349539e-08,4.2834357957485996e-05,-0.9307619333267212,-0.9304749369621277,True
theta3,T4,batch1_0_127,0,3,"(0, 3)",16,5.847759246826172,6.807878017425537,0.19703257083892822,0.00024792454737159516,0.0002478957176208496,-2.882975074555011e-08,0.0001162978974475247,-0.9259740114212036,-0.9257261157035828,True
theta3,T4,batch1_0_127,0,3,"(0, 3)",17,5.735918998718262,6.761068344116211,0.1993202269077301,0.00021566262937398954,0.00021564960479736328,-1.3024576626257962e-08,6.0396941782001406e-05,-0.9240542054176331,-0.9238385558128357,True
theta3,T4,batch1_0_127,0,3,"(0, 3)",18,5.636571884155273,6.723541736602783,0.20141133666038513,0.0001849714655325111,0.00018489360809326172,-7.785743924936905e-08,0.000421093190036603,-0.9223776459693909,-0.9221927523612976,True
theta3,T4,batch1_0_127,0,3,"(0, 3)",19,5.5356550216674805,6.684417724609375,0.20414355397224426,0.0001553370613991398,0.00015538930892944336,5.224753030355156e-08,0.0003362363258033104,-0.9274786710739136,-0.9273232817649841,True
theta3,T4,batch1_0_127,0,4,"(0, 4)",0,8.508243560791016,8.241800308227539,0.2486063838005066,0.002031213612946151,0.0020308494567871094,-3.6415615904152043e-07,0.0001793122369678898,-2.1568665504455566,-2.1548357009887695,True
theta3,T4,batch1_0_127,0,4,"(0, 4)",1,8.20224666595459,8.067658424377441,0.2451821118593216,0.0017738105557302296,0.0017735958099365234,-2.147457937062055e-07,0.00012107933076019794,-2.0506319999694824,-2.048858404159546,True
theta3,T4,batch1_0_127,0,4,"(0, 4)",2,7.934556484222412,7.901699066162109,0.24132096767425537,0.0015586439060903845,0.0015584230422973633,-2.208637930212632e-07,0.0001417226176890165,-1.9464740753173828,-1.9449156522750854,True
theta3,T4,batch1_0_127,0,4,"(0, 4)",3,7.682209014892578,7.735185146331787,0.23874035477638245,0.0013707560986336534,0.001370549201965332,-2.0689666832139804e-07,0.00015095894990469044,-1.8647345304489136,-1.8633639812469482,True
theta3,T4,batch1_0_127,0,4,"(0, 4)",4,7.454163551330566,7.597603797912598,0.23661363124847412,0.0012210989548790175,0.0012209415435791016,-1.5741129991597887e-07,0.0001289261560013259,-1.8022181987762451,-1.800997257232666,True
theta3,T4,batch1_0_127,0,4,"(0, 4)",5,7.246720314025879,7.464571952819824,0.23451171815395355,0.0010962514523844098,0.0010962486267089844,-2.825675425414953e-09,2.577586285236981e-06,-1.7434056997299194,-1.7423094511032104,True
theta3,T4,batch1_0_127,0,4,"(0, 4)",6,7.0554609298706055,7.350525379180908,0.23367056250572205,0.0009880682946329766,0.000988006591796875,-6.170283610158582e-08,6.245184659078808e-05,-1.702373743057251,-1.701385736465454,True
theta3,T4,batch1_0_127,0,4,"(0, 4)",7,6.889093399047852,7.2491350173950195,0.23219291865825653,0.0008978983034470812,0.0008976459503173828,-2.52353129698399e-07,0.000281127686934001,-1.6574345827102661,-1.6565369367599487,True
theta3,T4,batch1_0_127,0,4,"(0, 4)",8,6.735688209533691,7.15501594543457,0.23134773969650269,0.000830536146412686,0.0008304119110107422,-1.2423540194381535e-07,0.00014960696046929445,-1.6213048696517944,-1.6204744577407837,True
theta3,T4,batch1_0_127,0,4,"(0, 4)",9,6.588713645935059,7.06194543838501,0.23011186718940735,0.0007593024616815646,0.000759124755859375,-1.7770582218961696e-07,0.00023409304046268818,-1.584067463874817,-1.5833083391189575,True
theta3,T4,batch1_0_127,0,4,"(0, 4)",10,6.445596694946289,6.981006622314453,0.23068663477897644,0.000701408450021283,0.0007013082504272461,-1.0019959403688439e-07,0.00014287525346499415,-1.563874363899231,-1.5631730556488037,True
theta3,T4,batch1_0_127,0,4,"(0, 4)",11,6.299648284912109,6.913714408874512,0.22962746024131775,0.0006369483230159605,0.0006368160247802734,-1.322982356870327e-07,0.00020774953917449045,-1.5361045598983765,-1.5354677438735962,True
theta3,T4,batch1_0_127,0,4,"(0, 4)",12,6.172100067138672,6.846853256225586,0.22886154055595398,0.0005750023276738497,0.000574946403503418,-5.59241704316954e-08,9.7268493360291e-05,-1.5110044479370117,-1.5104295015335083,True
theta3,T4,batch1_0_127,0,4,"(0, 4)",13,6.053991794586182,6.793896198272705,0.2274480164051056,0.0005017385260643225,0.0005015134811401367,-2.2504492418575547e-07,0.00044873155488091797,-1.4826465845108032,-1.482145071029663,True
theta3,T4,batch1_0_127,0,4,"(0, 4)",14,5.9439849853515625,6.739644527435303,0.22621053457260132,0.0004540291909697593,0.0004538297653198242,-1.99425649935101e-07,0.0004394283169032802,-1.456250548362732,-1.455796718597412,True
theta3,T4,batch1_0_127,0,4,"(0, 4)",15,5.831386089324951,6.6902642250061035,0.22510764002799988,0.0004053621467452503,0.00040531158447265625,-5.056227259407284e-08,0.0001247491424649471,-1.4325814247131348,-1.432176113128662,True
theta3,T4,batch1_0_127,0,4,"(0, 4)",16,5.72099494934082,6.6560139656066895,0.22407406568527222,0.00034785082580692737,0.0003478527069091797,1.8811022523186095e-09,5.407755107134306e-06,-1.4137754440307617,-1.4134275913238525,True
theta3,T4,batch1_0_127,0,4,"(0, 4)",17,5.609081268310547,6.6206746101379395,0.2238372564315796,0.00029920786440070527,0.00029921531677246094,7.452371755670758e-09,2.4906384593065245e-05,-1.3990446329116821,-1.3987454175949097,True
theta3,T4,batch1_0_127,0,4,"(0, 4)",18,5.505980968475342,6.583121299743652,0.2236241102218628,0.00025451166587139694,0.00025451183319091797,1.6731952103129707e-10,6.574135235031883e-07,-1.3834595680236816,-1.3832050561904907,True
theta3,T4,batch1_0_127,0,4,"(0, 4)",19,5.404166221618652,6.561709880828857,0.22273263335227966,0.00020900962859778162,0.00020897388458251953,-3.57440152620877e-08,0.00017104536929815799,-1.3691736459732056,-1.368964672088623,True
theta3,T4,batch1_0_127,0,5,"(0, 5)",0,8.423693656921387,8.241800308227539,0.12505358457565308,0.0008716587574656199,0.0008714199066162109,-2.38850849409002e-07,0.00027409386404365926,-1.0431172847747803,-1.042245864868164,True
theta3,T4,batch1_0_127,0,5,"(0, 5)",1,8.123066902160645,8.091071128845215,0.12808114290237427,0.0008482997416334122,0.0008481740951538086,-1.2564647960359044e-07,0.00014813760561834373,-1.0280741453170776,-1.0272259712219238,True
theta3,T4,batch1_0_127,0,5,"(0, 5)",2,7.849895000457764,7.947460651397705,0.13046975433826447,0.0008306457901659239,0.0008306503295898438,4.539423919874483e-09,5.464903531809765e-06,-1.0081876516342163,-1.0073570013046265,True
theta3,T4,batch1_0_127,0,5,"(0, 5)",3,7.59426212310791,7.808145046234131,0.1333482265472412,0.0008064856743107935,0.0008063912391662598,-9.443514453375771e-08,0.00011710834635479875,-0.9889636635780334,-0.9881572723388672,True
theta3,T4,batch1_0_127,0,5,"(0, 5)",4,7.367350101470947,7.674778461456299,0.13590595126152039,0.0007789140191430327,0.0007787346839904785,-1.7933515255414648e-07,0.00023029043940251567,-0.9731101393699646,-0.9723314046859741,True
theta3,T4,batch1_0_127,0,5,"(0, 5)",5,7.144789695739746,7.547410488128662,0.13830609619617462,0.0007451334555967974,0.0007450580596923828,-7.53959044146003e-08,0.00010119466991032823,-0.9542086720466614,-0.953463613986969,True
theta3,T4,batch1_0_127,0,5,"(0, 5)",6,6.939872741699219,7.4442362785339355,0.14000019431114197,0.0007060755036406583,0.0007061362266540527,6.072301339445779e-08,8.5993341089703e-05,-0.9366945624351501,-0.9359884262084961,True
theta3,T4,batch1_0_127,0,5,"(0, 5)",7,6.767953872680664,7.344477653503418,0.1420968919992447,0.0006479813052318796,0.0006477832794189453,-1.9802581293433714e-07,0.000305697629478742,-0.9265201687812805,-0.9258723855018616,True
theta3,T4,batch1_0_127,0,5,"(0, 5)",8,6.605153560638428,7.241321086883545,0.14430579543113708,0.0006105710003034932,0.0006105303764343262,-4.0623869167026594e-08,6.653865349711464e-05,-0.9186185598373413,-0.918008029460907,True
theta3,T4,batch1_0_127,0,5,"(0, 5)",9,6.446321487426758,7.156583786010742,0.14662162959575653,0.0005697590447915139,0.000569760799407959,1.7546164450847265e-09,3.079566805768239e-06,-0.9134589433670044,-0.9128891825675964,True
theta3,T4,batch1_0_127,0,5,"(0, 5)",10,6.299003601074219,7.078264236450195,0.14898213744163513,0.0005229554512463299,0.000522911548614502,-4.390263182792349e-08,8.395804595298612e-05,-0.9132285118103027,-0.9127056002616882,True
theta3,T4,batch1_0_127,0,5,"(0, 5)",11,6.156492233276367,6.994086265563965,0.15119275450706482,0.00048074196233749097,0.0004807710647583008,2.9102420809811944e-08,6.053280437008553e-05,-0.9119540452957153,-0.911473274230957,True
theta3,T4,batch1_0_127,0,5,"(0, 5)",12,6.0204176902771,6.924511909484863,0.15324780344963074,0.00044163624869209483,0.00044161081314086914,-2.5435551225688226e-08,5.7597211093593754e-05,-0.9115706086158752,-0.9111289978027344,True
theta3,T4,batch1_0_127,0,5,"(0, 5)",13,5.897448539733887,6.863183498382568,0.1553139090538025,0.000395803543480762,0.00039577484130859375,-2.8702172168236072e-08,7.252146718910918e-05,-0.9148860573768616,-0.914490282535553,True
theta3,T4,batch1_0_127,0,5,"(0, 5)",14,5.779426574707031,6.797268390655518,0.15739747881889343,0.0003512632937435488,0.00035119056701660156,-7.272672694722416e-08,0.0002070862197838765,-0.9209522604942322,-0.9206010699272156,True
theta3,T4,batch1_0_127,0,5,"(0, 5)",15,5.664324760437012,6.735019207000732,0.15871256589889526,0.0003123127381316228,0.0003123283386230469,1.560049142407434e-08,4.994901036790893e-05,-0.9273301362991333,-0.9270178079605103,True
theta3,T4,batch1_0_127,0,5,"(0, 5)",16,5.552037239074707,6.6855669021606445,0.15955020487308502,0.0002820781095472451,0.00028204917907714844,-2.893047009664947e-08,0.00010257243148626987,-0.9303719997406006,-0.9300899505615234,True
theta3,T4,batch1_0_127,0,5,"(0, 5)",17,5.445590972900391,6.6300554275512695,0.16059455275535583,0.00025795787762705264,0.00025790929794311523,-4.8579683937404524e-08,0.0001883595679754024,-0.9327979683876038,-0.9325400590896606,True
theta3,T4,batch1_0_127,0,5,"(0, 5)",18,5.339034557342529,6.591660499572754,0.16276021301746368,0.00023526977519926508,0.0002352595329284668,-1.024227079828e-08,4.353605004135698e-05,-0.9445796608924866,-0.9443444013595581,True
theta3,T4,batch1_0_127,0,5,"(0, 5)",19,5.23604679107666,6.551027774810791,0.1642167717218399,0.00021092214156580476,0.00021082162857055664,-1.0051299524811708e-07,0.000476767948002441,-0.9545864462852478,-0.9543756246566772,True
theta3,T4,batch1_0_127,0,6,"(0, 6)",0,8.231931686401367,8.241800308227539,0.36939364671707153,0.0028198456932687155,0.002819061279296875,-7.844139718405155e-07,0.0002782536078946686,-2.7050020694732666,-2.7021830081939697,True
theta3,T4,batch1_0_127,0,6,"(0, 6)",1,7.995156288146973,8.069028854370117,0.35862997174263,0.002416482445586403,0.002415895462036133,-5.869835502702106e-07,0.00024296728045322663,-2.540416955947876,-2.53800106048584,True
theta3,T4,batch1_0_127,0,6,"(0, 6)",2,7.774460792541504,7.904592514038086,0.3477090001106262,0.002079039234143477,0.0020787715911865234,-2.676429569537127e-07,0.0001287505361764864,-2.3861570358276367,-2.38407826423645,True
theta3,T4,batch1_0_127,0,6,"(0, 6)",3,7.5723466873168945,7.754438400268555,0.3359001874923706,0.0018143570480824531,0.001814126968383789,-2.3007969866405305e-07,0.0001268266789887544,-2.2351372241973877,-2.233323097229004,True
theta3,T4,batch1_0_127,0,6,"(0, 6)",4,7.381643295288086,7.613770961761475,0.32409530878067017,0.0015788862901047938,0.0015788078308105469,-7.845929424687634e-08,4.969527811791761e-05,-2.0955381393432617,-2.093959331512451,True
theta3,T4,batch1_0_127,0,6,"(0, 6)",5,7.199216842651367,7.484258651733398,0.3131272494792938,0.0013780218892903914,0.0013779401779174805,-8.17113729109642e-08,5.9299651915554765e-05,-1.9700419902801514,-1.9686640501022339,True
theta3,T4,batch1_0_127,0,6,"(0, 6)",6,7.026059150695801,7.380848407745361,0.3025957942008972,0.001201985079676444,0.0012018680572509766,-1.17022425467515e-07,9.736711510178537e-05,-1.858734130859375,-1.857532262802124,True
theta3,T4,batch1_0_127,0,6,"(0, 6)",7,6.862873077392578,7.2884202003479,0.2929246723651886,0.0010600850551522065,0.001059889793395996,-1.952617562103829e-07,0.0001842283579170473,-1.7635773420333862,-1.7625174522399902,True
theta3,T4,batch1_0_127,0,6,"(0, 6)",8,6.6974334716796875,7.210814476013184,0.28344693779945374,0.0009352037208663191,0.0009350776672363281,-1.2605362999099697e-07,0.00013480551873680738,-1.6778839826583862,-1.67694890499115,True
theta3,T4,batch1_0_127,0,6,"(0, 6)",9,6.550123691558838,7.138572692871094,0.27382802963256836,0.0008239896956863198,0.0008237361907958984,-2.5350489042132683e-07,0.000307750094331037,-1.5970923900604248,-1.596268653869629,True
theta3,T4,batch1_0_127,0,6,"(0, 6)",10,6.403627395629883,7.072617053985596,0.26576828956604004,0.0007384735790591239,0.0007382631301879883,-2.104488711356274e-07,0.00028505943549157005,-1.5293068885803223,-1.5285686254501343,True
theta3,T4,batch1_0_127,0,6,"(0, 6)",11,6.268165588378906,7.013561248779297,0.25860661268234253,0.0006671309805625749,0.0006670951843261719,-3.5796236402992065e-08,5.3659863305938255e-05,-1.4691716432571411,-1.468504548072815,True
theta3,T4,batch1_0_127,0,6,"(0, 6)",12,6.124791145324707,6.9669342041015625,0.25144100189208984,0.0006132352514000011,0.0006132125854492188,-2.2665950782387555e-08,3.696263142704948e-05,-1.4150614738464355,-1.4144482612609863,True
theta3,T4,batch1_0_127,0,6,"(0, 6)",13,5.985973358154297,6.921510696411133,0.24411162734031677,0.0005464658447764011,0.0005464553833007812,-1.04614756198107e-08,1.9144244781009818e-05,-1.3608630895614624,-1.3603166341781616,True
theta3,T4,batch1_0_127,0,6,"(0, 6)",14,5.856364727020264,6.8826751708984375,0.23820443451404572,0.0004931712034228981,0.0004932880401611328,1.1683673823467255e-07,0.00023685297173738038,-1.3192793130874634,-1.3187860250473022,True
theta3,T4,batch1_0_127,0,6,"(0, 6)",15,5.729456901550293,6.843536376953125,0.23219797015190125,0.00044636328343865706,0.000446319580078125,-4.370336053206164e-08,9.791943370356211e-05,-1.274397373199463,-1.2739510536193848,True
theta3,T4,batch1_0_127,0,6,"(0, 6)",16,5.615458965301514,6.805798053741455,0.22704339027404785,0.0004072537811494179,0.00040721893310546875,-3.484804394913088e-08,8.557569679626196e-05,-1.2393417358398438,-1.2389345169067383,True
theta3,T4,batch1_0_127,0,6,"(0, 6)",17,5.507321357727051,6.779199600219727,0.22145336866378784,0.0003473813726639411,0.00034737586975097656,-5.502912964552593e-09,1.5841379450154287e-05,-1.2036736011505127,-1.2033262252807617,True
theta3,T4,batch1_0_127,0,6,"(0, 6)",18,5.406268119812012,6.765654563903809,0.21596825122833252,0.00030967574773735574,0.0003097057342529297,2.9986515573952096e-08,9.682260370892191e-05,-1.1710001230239868,-1.1706904172897339,True
theta3,T4,batch1_0_127,0,6,"(0, 6)",19,5.310405254364014,6.744265556335449,0.2119050920009613,0.0002720920966266072,0.0002720355987548828,-5.649787172438492e-08,0.00020768558226562188,-1.1488934755325317,-1.1486214399337769,True
theta3,T4,batch1_0_127,0,7,"(0, 7)",0,8.261518478393555,8.241800308227539,0.2467566430568695,0.0021397764974829315,0.002139568328857422,-2.0816862550962836e-07,9.729468449404237e-05,-2.075526237487793,-2.0733866691589355,True
theta3,T4,batch1_0_127,0,7,"(0, 7)",1,7.957100868225098,8.036659240722656,0.2455359697341919,0.0018961900339390576,0.001895904541015625,-2.854929234325822e-07,0.0001505840179483115,-1.961704969406128,-1.9598090648651123,True
theta3,T4,batch1_0_127,0,7,"(0, 7)",2,7.680817127227783,7.835975170135498,0.24742931127548218,0.001710244120135767,0.001710057258605957,-1.8686152981005864e-07,0.0001092720894985637,-1.8812284469604492,-1.8795183897018433,True
theta3,T4,batch1_0_127,0,7,"(0, 7)",3,7.420437812805176,7.654008388519287,0.24755048751831055,0.0015266275942267577,0.0015263557434082031,-2.718508185545372e-07,0.00017810449479327862,-1.7965906858444214,-1.7950643301010132,True
theta3,T4,batch1_0_127,0,7,"(0, 7)",4,7.175605773925781,7.481292247772217,0.24763941764831543,0.0013468378931062652,0.0013467073440551758,-1.3054905108941112e-07,9.693943651952224e-05,-1.7178974151611328,-1.7165507078170776,True
theta3,T4,batch1_0_127,0,7,"(0, 7)",5,6.955259323120117,7.336535453796387,0.24951475858688354,0.0011863782929318364,0.001186370849609375,-7.443322461424956e-09,6.274026763111845e-06,-1.662598729133606,-1.6614123582839966,True
theta3,T4,batch1_0_127,0,7,"(0, 7)",6,6.7592363357543945,7.214075565338135,0.251700222492218,0.0010619889321698548,0.0010619163513183594,-7.258085149542369e-08,6.834893483400574e-05,-1.6202119588851929,-1.6191500425338745,True
theta3,T4,batch1_0_127,0,7,"(0, 7)",7,6.5860700607299805,7.115682601928711,0.2547829747200012,0.0009534989859166099,0.0009535551071166992,5.612120008936707e-08,5.885470034245097e-05,-1.5892754793167114,-1.5883219242095947,True
theta3,T4,batch1_0_127,0,7,"(0, 7)",8,6.424181938171387,7.02522087097168,0.2571738660335541,0.0008427757888928541,0.0008428096771240234,3.3888231169365915e-08,4.020864032435534e-05,-1.562890648841858,-1.5620478391647339,True
theta3,T4,batch1_0_127,0,7,"(0, 7)",9,6.275942325592041,6.9402546882629395,0.25973063707351685,0.0007295871079106786,0.0007294416427612305,-1.454651494481535e-07,0.00019941985886288218,-1.542956829071045,-1.5422273874282837,True
theta3,T4,batch1_0_127,0,7,"(0, 7)",10,6.135267734527588,6.861802577972412,0.26346492767333984,0.0006370554150627235,0.0006371736526489258,1.182375862022458e-07,0.00018556571777677246,-1.5332226753234863,-1.5325855016708374,True
theta3,T4,batch1_0_127,0,7,"(0, 7)",11,6.003727912902832,6.803930282592773,0.26613590121269226,0.0005500959493442318,0.0005500316619873047,-6.428735692713076e-08,0.00011687937507971055,-1.5272939205169678,-1.5267438888549805,True
theta3,T4,batch1_0_127,0,7,"(0, 7)",12,5.8843488693237305,6.74594259262085,0.26934048533439636,0.000466346186653499,0.00046622753143310547,-1.1865522039352728e-07,0.0002545006727269,-1.5242090225219727,-1.5237427949905396,True
theta3,T4,batch1_0_127,0,7,"(0, 7)",13,5.767396926879883,6.697129726409912,0.27259424328804016,0.0003895629875342483,0.0003895759582519531,1.2970717704811983e-08,3.329445113351513e-05,-1.523353934288025,-1.522964358329773,True
theta3,T4,batch1_0_127,0,7,"(0, 7)",14,5.6594719886779785,6.656996726989746,0.2747472822666168,0.00032344296980019556,0.00032329559326171875,-1.473765384768142e-07,0.00045585693572231244,-1.5245786905288696,-1.524255394935608,True
theta3,T4,batch1_0_127,0,7,"(0, 7)",15,5.5587921142578125,6.621530532836914,0.2755173444747925,0.0002460720657199511,0.0002460479736328125,-2.4092087138585707e-08,9.79162184629056e-05,-1.5169724225997925,-1.5167263746261597,True
theta3,T4,batch1_0_127,0,7,"(0, 7)",16,5.4609785079956055,6.588582992553711,0.2770829498767853,0.000177169384137246,0.00017714500427246094,-2.43798647850521e-08,0.000137626600790583,-1.518296241760254,-1.5181190967559814,True
theta3,T4,batch1_0_127,0,7,"(0, 7)",17,5.375603675842285,6.562704086303711,0.2786240577697754,0.00011262102579237371,0.00011265277862548828,3.1752833114573656e-08,0.0002818646242196587,-1.5176048278808594,-1.5174921751022339,True
theta3,T4,batch1_0_127,0,7,"(0, 7)",18,5.28424596786499,6.5349040031433105,0.28001129627227783,4.77926796355805e-05,4.780292510986328e-05,1.0245474282781866e-08,0.0002143273504547088,-1.5159507989883423,-1.5159029960632324,True
theta3,T4,batch1_0_127,0,7,"(0, 7)",19,5.199328899383545,6.512436389923096,0.28061696887016296,-1.0836579636108973e-05,-1.1086463928222656e-05,-2.4988429211368296e-07,0.02253958464407718,-1.5117723941802979,-1.511783480644226,False
theta3,T4,batch1_0_127,1,2,"(1, 2)",0,8.330997467041016,8.241800308227539,0.17388924956321716,0.001004302049726468,0.0010040998458862305,-2.0220384023758586e-07,0.00020137822056841205,-1.266859531402588,-1.2658554315567017,True
theta3,T4,batch1_0_127,1,2,"(1, 2)",1,8.065793991088867,8.114232063293457,0.17799626290798187,0.0009261207565831507,0.0009261369705200195,1.6213936868797983e-08,1.7507061465966496e-05,-1.2346078157424927,-1.2336816787719727,True
theta3,T4,batch1_0_127,1,2,"(1, 2)",2,7.8256635665893555,7.973769664764404,0.18356269598007202,0.0008568668768538322,0.0008567571640014648,-1.097128523673942e-07,0.00012805594978042883,-1.211373209953308,-1.2105164527893066,True
theta3,T4,batch1_0_127,1,2,"(1, 2)",3,7.6024699211120605,7.855038166046143,0.18958888947963715,0.0007954049204976262,0.0007953643798828125,-4.054061481374542e-08,5.097112196515338e-05,-1.194919228553772,-1.1941238641738892,True
theta3,T4,batch1_0_127,1,2,"(1, 2)",4,7.3914475440979,7.747842311859131,0.1962587684392929,0.0007495481293063799,0.0007495880126953125,3.9883388932605846e-08,5.3207079431801666e-05,-1.1854945421218872,-1.184744954109192,True
theta3,T4,batch1_0_127,1,2,"(1, 2)",5,7.197627067565918,7.6585893630981445,0.20296704769134521,0.0007167144776502837,0.0007168054580688477,9.098041856394137e-08,0.00012692484067999786,-1.184397578239441,-1.183680772781372,True
theta3,T4,batch1_0_127,1,2,"(1, 2)",6,7.0079851150512695,7.577373504638672,0.20941829681396484,0.0006913341202666254,0.0006912946701049805,-3.9450161644903094e-08,5.7067070456238535e-05,-1.1775671243667603,-1.1768758296966553,True
theta3,T4,batch1_0_127,1,2,"(1, 2)",7,6.824528694152832,7.518799304962158,0.2157679796218872,0.0006735741198449132,0.0006734132766723633,-1.6084317254992653e-07,0.0002388476409979986,-1.176682710647583,-1.1760092973709106,True
theta3,T4,batch1_0_127,1,2,"(1, 2)",8,6.651960849761963,7.453563213348389,0.2214081585407257,0.0006508460909400532,0.0006507635116577148,-8.25792823383421e-08,0.00012689599348922426,-1.1694086790084839,-1.1687579154968262,True
theta3,T4,batch1_0_127,1,2,"(1, 2)",9,6.4893903732299805,7.394534111022949,0.22805722057819366,0.0006289695421065841,0.0006289482116699219,-2.1330436662195945e-08,3.391445633585864e-05,-1.1713201999664307,-1.1706912517547607,True
theta3,T4,batch1_0_127,1,2,"(1, 2)",10,6.3290324211120605,7.339076519012451,0.23544979095458984,0.0006161272839872528,0.0006160736083984375,-5.367558881532678e-08,8.712528516659458e-05,-1.1754519939422607,-1.1748359203338623,True
theta3,T4,batch1_0_127,1,2,"(1, 2)",11,6.174005031585693,7.292373180389404,0.2425842583179474,0.0005971571441419741,0.0005971193313598633,-3.781278211086123e-08,6.332533569922687e-05,-1.1784199476242065,-1.1778228282928467,True
theta3,T4,batch1_0_127,1,2,"(1, 2)",12,6.016801834106445,7.244572162628174,0.24932266771793365,0.0005764377786061497,0.0005764961242675781,5.834566142845412e-08,0.00010120737845823442,-1.179015040397644,-1.1784385442733765,True
theta3,T4,batch1_0_127,1,2,"(1, 2)",13,5.869644641876221,7.193597316741943,0.2563592195510864,0.0005449210606143783,0.0005449056625366211,-1.539807775719198e-08,2.8258245079545545e-05,-1.178593635559082,-1.1780487298965454,True
theta3,T4,batch1_0_127,1,2,"(1, 2)",14,5.724370002746582,7.149290084838867,0.2633312940597534,0.0005071378286788674,0.0005071163177490234,-2.1510929844011442e-08,4.2418137794290815e-05,-1.1808061599731445,-1.1802990436553955,True
theta3,T4,batch1_0_127,1,2,"(1, 2)",15,5.582769393920898,7.100574970245361,0.2703924775123596,0.00046702570427176133,0.00046694278717041016,-8.291710135117708e-08,0.00017757443444761165,-1.1821205615997314,-1.181653618812561,True
theta3,T4,batch1_0_127,1,2,"(1, 2)",16,5.447238922119141,7.061783313751221,0.27841681241989136,0.00041620525880840017,0.0004162788391113281,7.35803029279546e-08,0.00017675725022447405,-1.1851781606674194,-1.184761881828308,True
theta3,T4,batch1_0_127,1,2,"(1, 2)",17,5.314713478088379,7.016399383544922,0.2864116430282593,0.0003653482690007283,0.00036537647247314453,2.820347241622341e-08,7.719017107292366e-05,-1.192391037940979,-1.1920256614685059,True
theta3,T4,batch1_0_127,1,2,"(1, 2)",18,5.187554359436035,6.966120719909668,0.2955191135406494,0.00031495622642425475,0.0003147125244140625,-2.437020101922504e-07,0.0007743638758768157,-1.2027939558029175,-1.2024792432785034,True
theta3,T4,batch1_0_127,1,2,"(1, 2)",19,5.060235023498535,6.922347068786621,0.3055906593799591,0.00026535937143685524,0.0002652406692504883,-1.1870218636695533e-07,0.0004475263416518348,-1.220393419265747,-1.2201281785964966,True
theta3,T4,batch1_0_127,1,3,"(1, 3)",0,8.298666000366211,8.241800308227539,0.15600255131721497,0.0009794535677762346,0.0009794235229492188,-3.0044827015835926e-08,3.067603167766034e-05,-0.9780178070068359,-0.9770383834838867,True
theta3,T4,batch1_0_127,1,3,"(1, 3)",1,8.05759048461914,8.120750427246094,0.1610419750213623,0.0008976899343430535,0.000897526741027832,-1.6319331522143387e-07,0.00018182557439408182,-0.963727593421936,-0.9628300666809082,True
theta3,T4,batch1_0_127,1,3,"(1, 3)",2,7.820193290710449,7.990637302398682,0.1675121784210205,0.0008443667096067507,0.0008443593978881836,-7.311718567084603e-09,8.65948621567054e-06,-0.9543914198875427,-0.9535470604896545,True
theta3,T4,batch1_0_127,1,3,"(1, 3)",3,7.588338851928711,7.880622386932373,0.17351312935352325,0.0007948937665541717,0.0007947683334350586,-1.2543311911307389e-07,0.000157823498793593,-0.9428794384002686,-0.9420846700668335,True
theta3,T4,batch1_0_127,1,3,"(1, 3)",4,7.364905834197998,7.77179479598999,0.180279940366745,0.0007452644761404256,0.0007451772689819336,-8.72071584920352e-08,0.0001170287421826195,-0.9410970211029053,-0.9403518438339233,True
theta3,T4,batch1_0_127,1,3,"(1, 3)",5,7.156641006469727,7.677022933959961,0.18716758489608765,0.0007151517165618829,0.0007150769233703613,-7.47931915215513e-08,0.00010459460944289697,-0.9416641592979431,-0.9409490823745728,True
theta3,T4,batch1_0_127,1,3,"(1, 3)",6,6.952596664428711,7.571592330932617,0.19589003920555115,0.0006940357218288479,0.0006940364837646484,7.619358005856239e-10,1.0978324892268927e-06,-0.9494791626930237,-0.948785126209259,True
theta3,T4,batch1_0_127,1,3,"(1, 3)",7,6.75797700881958,7.482138633728027,0.20480920374393463,0.0006765363139198745,0.0006763935089111328,-1.4280500874170026e-07,0.00021112711293103572,-0.9578390717506409,-0.9571626782417297,True
theta3,T4,batch1_0_127,1,3,"(1, 3)",8,6.573390960693359,7.406897068023682,0.2123640924692154,0.0006538601757672339,0.0006537437438964844,-1.1643187074954035e-07,0.00017810016820287385,-0.9668143391609192,-0.9661605954170227,True
theta3,T4,batch1_0_127,1,3,"(1, 3)",9,6.397365570068359,7.327175617218018,0.22050867974758148,0.0006315035499503179,0.0006313920021057129,-1.1154784460498061e-07,0.00017666971427095197,-0.9744393825531006,-0.9738079905509949,True
theta3,T4,batch1_0_127,1,3,"(1, 3)",10,6.226187705993652,7.253887176513672,0.22857846319675446,0.0006063906680295715,0.0006064176559448242,2.6987915252726057e-08,4.450384151608803e-05,-0.9833346009254456,-0.9827281832695007,True
theta3,T4,batch1_0_127,1,3,"(1, 3)",11,6.052247047424316,7.18398904800415,0.23634597659111023,0.00058400952922788,0.0005840063095092773,-3.2197186026258068e-09,5.513157221419813e-06,-0.9895365834236145,-0.9889525771141052,True
theta3,T4,batch1_0_127,1,3,"(1, 3)",12,5.897193908691406,7.12173318862915,0.24476408958435059,0.0005610415183368653,0.0005609989166259766,-4.260171088869922e-08,7.593902523897777e-05,-0.9988250136375427,-0.9982640147209167,True
theta3,T4,batch1_0_127,1,3,"(1, 3)",13,5.7480244636535645,7.0586934089660645,0.252610445022583,0.0005474078015400072,0.0005472898483276367,-1.1795321237047154e-07,0.00021552238312276987,-1.0091615915298462,-1.0086143016815186,True
theta3,T4,batch1_0_127,1,3,"(1, 3)",14,5.60302734375,6.999424934387207,0.26224249601364136,0.0005191038140801766,0.0005191564559936523,5.2641913475775896e-08,0.00010139893835090735,-1.0223900079727173,-1.0218708515167236,True
theta3,T4,batch1_0_127,1,3,"(1, 3)",15,5.465152740478516,6.945012092590332,0.27140510082244873,0.0004716685091900622,0.0004717111587524414,4.264956237921011e-08,9.041457168833485e-05,-1.0365594625473022,-1.0360877513885498,True
theta3,T4,batch1_0_127,1,3,"(1, 3)",16,5.336096286773682,6.907410621643066,0.2806679904460907,0.0004308420321570782,0.00043082237243652344,-1.9659720554743472e-08,4.563300750505964e-05,-1.0577521324157715,-1.057321310043335,True
theta3,T4,batch1_0_127,1,3,"(1, 3)",17,5.2114362716674805,6.874451637268066,0.2906266450881958,0.0003865426470126285,0.0003864765167236328,-6.613028899569301e-08,0.00017111075611091374,-1.0795214176177979,-1.0791349411010742,True
theta3,T4,batch1_0_127,1,3,"(1, 3)",18,5.0945892333984375,6.849232196807861,0.29992711544036865,0.00033721275443905695,0.0003371238708496094,-8.888358944757029e-08,0.0002636526129804115,-1.1033210754394531,-1.1029839515686035,True
theta3,T4,batch1_0_127,1,3,"(1, 3)",19,4.982277870178223,6.82685661315918,0.30888497829437256,0.00028517507865616256,0.00028514862060546875,-2.64580506938129e-08,9.278687947931624e-05,-1.1220884323120117,-1.1218032836914062,True
theta3,T4,batch1_0_127,1,4,"(1, 4)",0,8.348285675048828,8.241800308227539,0.24148735404014587,0.0017802905459027448,0.0017800331115722656,-2.5743433047916917e-07,0.00014462333807475236,-1.8866597414016724,-1.8848797082901,True
theta3,T4,batch1_0_127,1,4,"(1, 4)",1,8.029224395751953,8.077282905578613,0.23229241371154785,0.0014188105715816667,0.0014187097549438477,-1.0081663781905635e-07,7.106220103705895e-05,-1.6918030977249146,-1.6903843879699707,True
theta3,T4,batch1_0_127,1,4,"(1, 4)",2,7.736005783081055,7.94105863571167,0.2253895103931427,0.0011509209575617334,0.0011506080627441406,-3.1289481759277753e-07,0.0002719386624551714,-1.533953309059143,-1.532802700996399,True
theta3,T4,batch1_0_127,1,4,"(1, 4)",3,7.464030742645264,7.811063766479492,0.21982020139694214,0.0009321486457516403,0.0009319782257080078,-1.7042004363243806e-07,0.0001828583961851393,-1.4033234119415283,-1.4023914337158203,True
theta3,T4,batch1_0_127,1,4,"(1, 4)",4,7.226406097412109,7.721377372741699,0.2152603566646576,0.0007923190805701054,0.000792384147644043,6.506707393759761e-08,8.211556746946334e-05,-1.300829291343689,-1.300036907196045,True
theta3,T4,batch1_0_127,1,4,"(1, 4)",5,7.01534366607666,7.648069858551025,0.21374346315860748,0.0006929639637654789,0.0006929636001586914,-3.636067874741855e-10,5.247126795562106e-07,-1.2278887033462524,-1.2271957397460938,True
theta3,T4,batch1_0_127,1,4,"(1, 4)",6,6.827630996704102,7.592210292816162,0.21375729143619537,0.0006311571201686864,0.0006310939788818359,-6.314128685050782e-08,0.00010005052965705794,-1.1750482320785522,-1.1744171380996704,True
theta3,T4,batch1_0_127,1,4,"(1, 4)",7,6.650801658630371,7.539304733276367,0.21398091316223145,0.0005811933850657108,0.0005811452865600586,-4.809850565219969e-08,8.276502754914616e-05,-1.135758399963379,-1.1351772546768188,True
theta3,T4,batch1_0_127,1,4,"(1, 4)",8,6.473561763763428,7.498151779174805,0.21491919457912445,0.0005344857273174404,0.0005345344543457031,4.87270282626762e-08,9.115788115533267e-05,-1.1075878143310547,-1.107053279876709,True
theta3,T4,batch1_0_127,1,4,"(1, 4)",9,6.304327487945557,7.466783046722412,0.2172742336988449,0.000496291476248846,0.0004962682723999023,-2.3203848943621416e-08,4.675666415547782e-05,-1.092522144317627,-1.092025876045227,True
theta3,T4,batch1_0_127,1,4,"(1, 4)",10,6.1432342529296875,7.430870056152344,0.22063809633255005,0.0004744853934612303,0.0004744529724121094,-3.2421049120932074e-08,6.833353568448336e-05,-1.0816400051116943,-1.0811655521392822,True
theta3,T4,batch1_0_127,1,4,"(1, 4)",11,5.99116325378418,7.403958320617676,0.22476929426193237,0.0004397364145283111,0.00043964385986328125,-9.255466502987395e-08,0.00021052190984460978,-1.0769736766815186,-1.0765340328216553,True
theta3,T4,batch1_0_127,1,4,"(1, 4)",12,5.838813781738281,7.376917362213135,0.22889655828475952,0.0004013723409403929,0.00040137767791748047,5.336977087588672e-09,1.32966464783971e-05,-1.073923110961914,-1.0735217332839966,True
theta3,T4,batch1_0_127,1,4,"(1, 4)",13,5.694129943847656,7.35385799407959,0.23341688513755798,0.0003497585343603675,0.0003497600555419922,1.5211816246744891e-09,4.34921484192141e-06,-1.073461651802063,-1.073111891746521,True
theta3,T4,batch1_0_127,1,4,"(1, 4)",14,5.555333614349365,7.3335723876953125,0.23958125710487366,0.0002774232588670113,0.00027740001678466797,-2.3242082343357534e-08,8.378543957118511e-05,-1.0779200792312622,-1.0776426792144775,True
theta3,T4,batch1_0_127,1,4,"(1, 4)",15,5.4155755043029785,7.315839767456055,0.2465004324913025,0.00020938052834701876,0.00020933151245117188,-4.9015895846880094e-08,0.0002341544054830895,-1.085595726966858,-1.0853863954544067,True
theta3,T4,batch1_0_127,1,4,"(1, 4)",16,5.281552314758301,7.29866361618042,0.25321000814437866,0.00014169978877561485,0.0001417398452758789,4.005650026405491e-08,0.00028260578516993537,-1.0952266454696655,-1.0950849056243896,True
theta3,T4,batch1_0_127,1,4,"(1, 4)",17,5.152973651885986,7.288905620574951,0.260316401720047,6.918590453494035e-05,6.914138793945312e-05,-4.451659548722808e-08,0.0006438487397188369,-1.105863332748413,-1.1057941913604736,True
theta3,T4,batch1_0_127,1,4,"(1, 4)",18,5.0280890464782715,7.267718315124512,0.2682073712348938,-1.5083342187416367e-05,-1.5020370483398438e-05,6.297170401792907e-08,0.004192420159511365,-1.1177417039871216,-1.117756724357605,False
theta3,T4,batch1_0_127,1,4,"(1, 4)",19,4.9074201583862305,7.255068778991699,0.27612465620040894,-9.736413855869165e-05,-9.72747802734375e-05,8.935828525414517e-08,0.0009186171893985346,-1.1296314001083374,-1.1297286748886108,False
theta3,T4,batch1_0_127,1,5,"(1, 5)",0,8.202469825744629,8.241800308227539,0.11793453991413116,0.0005686774739243466,0.0005685687065124512,-1.0876741189538939e-07,0.00019130038401613556,-0.772910475730896,-0.7723419070243835,True
theta3,T4,batch1_0_127,1,5,"(1, 5)",1,7.903530597686768,8.110733985900879,0.1232469454407692,0.0005483206392950838,0.0005481839179992676,-1.3672129581623373e-07,0.00024940771030867125,-0.7672348022460938,-0.7666866183280945,True
theta3,T4,batch1_0_127,1,5,"(1, 5)",2,7.616154670715332,7.995140552520752,0.128525048494339,0.0005322436592673531,0.0005322694778442383,2.5818576885163272e-08,4.8506589161813146e-05,-0.7608896493911743,-0.7603573799133301,True
theta3,T4,batch1_0_127,1,5,"(1, 5)",3,7.341483116149902,7.88134765625,0.13379915058612823,0.0005179301998935109,0.0005179047584533691,-2.5441440141779105e-08,4.912378140288856e-05,-0.7573782205581665,-0.7568603157997131,True
theta3,T4,batch1_0_127,1,5,"(1, 5)",4,7.092114448547363,7.786346435546875,0.14126673340797424,0.0005181555653200062,0.0005180239677429199,-1.3159757708623276e-07,0.0002540376223509812,-0.7619125843048096,-0.7613945603370667,True
theta3,T4,batch1_0_127,1,5,"(1, 5)",5,6.877615928649902,7.694154262542725,0.14787942171096802,0.0005161838836233628,0.0005162358283996582,5.194477629543587e-08,0.00010062218357928731,-0.7636162638664246,-0.7631000280380249,True
theta3,T4,batch1_0_127,1,5,"(1, 5)",6,6.661452293395996,7.624399185180664,0.15257398784160614,0.0005030976262433239,0.0005030035972595215,-9.402898380240794e-08,0.0001869350126215783,-0.7595663070678711,-0.7590633034706116,True
theta3,T4,batch1_0_127,1,5,"(1, 5)",7,6.462627410888672,7.561604022979736,0.15723499655723572,0.0004898164901533208,0.0004897117614746094,-1.0472867871145694e-07,0.0002138577974849945,-0.7550287246704102,-0.7545390129089355,True
theta3,T4,batch1_0_127,1,5,"(1, 5)",8,6.264222145080566,7.502621650695801,0.1617365926504135,0.00047543618300854596,0.00047534704208374023,-8.91409248057252e-08,0.0001875280940320263,-0.7511852383613586,-0.7507098913192749,True
theta3,T4,batch1_0_127,1,5,"(1, 5)",9,6.080368995666504,7.458120346069336,0.16569991409778595,0.0004663515550771092,0.00046622753143310547,-1.2402364400374791e-07,0.0002660152728915857,-0.7444025278091431,-0.74393630027771,True
theta3,T4,batch1_0_127,1,5,"(1, 5)",10,5.904271602630615,7.413999080657959,0.17109553515911102,0.0004516468938490823,0.00045168399810791016,3.710425882784852e-08,8.214649839993685e-05,-0.7415794134140015,-0.7411277294158936,True
theta3,T4,batch1_0_127,1,5,"(1, 5)",11,5.737229824066162,7.371013641357422,0.17686770856380463,0.00042645224518761437,0.0004265308380126953,7.859282508094426e-08,0.00018426059284980706,-0.7403626441955566,-0.739936113357544,True
theta3,T4,batch1_0_127,1,5,"(1, 5)",12,5.568413257598877,7.335415840148926,0.18138247728347778,0.0003921689746149649,0.0003921389579772949,-3.0016637669958834e-08,7.654592092759326e-05,-0.7376123666763306,-0.7372202277183533,True
theta3,T4,batch1_0_127,1,5,"(1, 5)",13,5.4173383712768555,7.317050457000732,0.18531429767608643,0.0003478062651709424,0.0003478527069091797,4.644173823726292e-08,0.00013350977961309446,-0.7328028082847595,-0.7324549555778503,True
theta3,T4,batch1_0_127,1,5,"(1, 5)",14,5.264002799987793,7.304009914398193,0.19041794538497925,0.0002873202275497215,0.0002872347831726074,-8.544437711408221e-08,0.00029747224960124794,-0.737031102180481,-0.7367438673973083,True
theta3,T4,batch1_0_127,1,5,"(1, 5)",15,5.123692512512207,7.274965763092041,0.1961205005645752,0.00023641027841536565,0.00023639202117919922,-1.825723616643497e-08,7.723287814606442e-05,-0.7392582893371582,-0.739021897315979,True
theta3,T4,batch1_0_127,1,5,"(1, 5)",16,4.994717597961426,7.256296634674072,0.20162087678909302,0.00017889169638364005,0.00017875432968139648,-1.373667022435646e-07,0.0007684664337272317,-0.7415502071380615,-0.7413714528083801,True
theta3,T4,batch1_0_127,1,5,"(1, 5)",17,4.869449615478516,7.236998081207275,0.20699508488178253,0.00011554554689837357,0.00011551380157470703,-3.174532366654063e-08,0.00027481844795844385,-0.741492748260498,-0.7413772344589233,True
theta3,T4,batch1_0_127,1,5,"(1, 5)",18,4.746184349060059,7.222564220428467,0.21275699138641357,5.8928264144111303e-05,5.888938903808594e-05,-3.887510602536596e-08,0.0006601377032494597,-0.7435985803604126,-0.7435396909713745,True
theta3,T4,batch1_0_127,1,5,"(1, 5)",19,4.631501197814941,7.213450908660889,0.218312606215477,5.367017913894403e-06,5.304813385009766e-06,-6.220452888463732e-08,0.011726054126694375,-0.7443668842315674,-0.7443615794181824,True
theta3,T4,batch1_0_127,1,6,"(1, 6)",0,8.184924125671387,8.241800308227539,0.3622745871543884,0.0026072936313001793,0.0026063919067382812,-9.017245618980936e-07,0.00034596660600689914,-2.4347951412200928,-2.4321887493133545,True
theta3,T4,batch1_0_127,1,6,"(1, 6)",1,7.947510242462158,8.08726978302002,0.34969189763069153,0.0021898742771059134,0.0021893978118896484,-4.764652162649388e-07,0.00021762386610485658,-2.255713701248169,-2.2535243034362793,True
theta3,T4,batch1_0_127,1,6,"(1, 6)",2,7.712746620178223,7.942321300506592,0.33660033345222473,0.0018521422793449196,0.001851797103881836,-3.451754630836353e-07,0.0001864002607845428,-2.0834975242614746,-2.0816457271575928,True
theta3,T4,batch1_0_127,1,6,"(1, 6)",3,7.480140686035156,7.807769298553467,0.3234507739543915,0.0015555364523390006,0.0015552043914794922,-3.320608595084283e-07,0.00021351589625626842,-1.921919822692871,-1.9203646183013916,True
theta3,T4,batch1_0_127,1,6,"(1, 6)",4,7.257493495941162,7.69453763961792,0.3094291388988495,0.0013137619527479316,0.0013135671615600586,-1.9479118787304843e-07,0.00014829176122346465,-1.7573212385177612,-1.7560076713562012,True
theta3,T4,batch1_0_127,1,6,"(1, 6)",5,7.043456077575684,7.6041998863220215,0.29559051990509033,0.0011251383507102427,0.0011248588562011719,-2.794945090707924e-07,0.00024847073704401456,-1.612777829170227,-1.6116529703140259,True
theta3,T4,batch1_0_127,1,6,"(1, 6)",6,6.838630199432373,7.529215335845947,0.282961905002594,0.00097861994444432,0.0009785890579223633,-3.088652195679456e-08,3.156230054561366e-05,-1.4894750118255615,-1.4884964227676392,True
theta3,T4,batch1_0_127,1,6,"(1, 6)",7,6.640538215637207,7.455514907836914,0.27235162258148193,0.0008696699477884615,0.0008695125579833984,-1.5738980506309775e-07,0.00018100923743772173,-1.3859903812408447,-1.3851208686828613,True
theta3,T4,batch1_0_127,1,6,"(1, 6)",8,6.457796096801758,7.4068145751953125,0.2642444968223572,0.0007806316681649992,0.0007804632186889648,-1.6844947603434322e-07,0.00021583269012639375,-1.3071048259735107,-1.3063243627548218,True
theta3,T4,batch1_0_127,1,6,"(1, 6)",9,6.275217056274414,7.362548351287842,0.2550920844078064,0.0007133870834399271,0.0007134675979614258,8.051452149871602e-08,0.0001128495838195992,-1.2239148616790771,-1.2232013940811157,True
theta3,T4,batch1_0_127,1,6,"(1, 6)",10,6.095596790313721,7.328901290893555,0.24814246594905853,0.0006636112192503548,0.0006635189056396484,-9.231361070634499e-08,0.00013912732541863657,-1.1581004858016968,-1.1574369668960571,True
theta3,T4,batch1_0_127,1,6,"(1, 6)",11,5.917576789855957,7.308096885681152,0.24181950092315674,0.0006136460605647371,0.0006134510040283203,-1.950565364167503e-07,0.00031796595838279106,-1.0995051860809326,-1.0988917350769043,True
theta3,T4,batch1_0_127,1,6,"(1, 6)",12,5.753829002380371,7.295114994049072,0.23617389798164368,0.0005674604586361622,0.0005675554275512695,9.496891510728852e-08,0.00016732976286921262,-1.0473966598510742,-1.046829104423523,True
theta3,T4,batch1_0_127,1,6,"(1, 6)",13,5.584602355957031,7.2825188636779785,0.23171430826187134,0.000531723903761366,0.0005316734313964844,-5.047236488161296e-08,9.493113987103533e-05,-1.003846287727356,-1.0033146142959595,True
theta3,T4,batch1_0_127,1,6,"(1, 6)",14,5.42962646484375,7.275891304016113,0.22698673605918884,0.0004854742039379124,0.00048542022705078125,-5.397688713115918e-08,0.0001111962051089241,-0.9612358212471008,-0.96075040102005,True
theta3,T4,batch1_0_127,1,6,"(1, 6)",15,5.284958362579346,7.274127960205078,0.2227676808834076,0.00043703050300252774,0.00043696165084838867,-6.885215413906859e-08,0.00015757024444911305,-0.9228070974349976,-0.9223701357841492,True
theta3,T4,batch1_0_127,1,6,"(1, 6)",16,5.146112442016602,7.262514114379883,0.21915289759635925,0.0003835901476153146,0.0003834962844848633,-9.386313045133552e-08,0.0002447562968632629,-0.8859432339668274,-0.8855597376823425,True
theta3,T4,batch1_0_127,1,6,"(1, 6)",17,5.016819953918457,7.263626575469971,0.21671536564826965,0.00033315867090328774,0.0003331303596496582,-2.8311253629539727e-08,8.498551035490642e-05,-0.8580281734466553,-0.8576950430870056,True
theta3,T4,batch1_0_127,1,6,"(1, 6)",18,4.891916275024414,7.254117488861084,0.2153727263212204,0.0002921923781051129,0.00029212236404418945,-7.00140609234505e-08,0.00023967374477655345,-0.834345817565918,-0.8340536952018738,True
theta3,T4,batch1_0_127,1,6,"(1, 6)",19,4.773970603942871,7.250571250915527,0.21551230549812317,0.00024515541244046193,0.00024515390396118164,-1.5084792802898261e-09,6.153192977619002e-06,-0.820190966129303,-0.8199458122253418,True
theta3,T4,batch1_0_127,1,7,"(1, 7)",0,8.120196342468262,8.241800308227539,0.2396376132965088,0.001822607740090166,0.001822352409362793,-2.5533072737300884e-07,0.00014011051104121416,-1.8053193092346191,-1.8034969568252563,True
theta3,T4,batch1_0_127,1,7,"(1, 7)",1,7.807210922241211,8.063425064086914,0.2363850325345993,0.0015484637403571154,0.001548171043395996,-2.9269696111928686e-07,0.0001890598344206467,-1.6668431758880615,-1.6652950048446655,True
theta3,T4,batch1_0_127,1,7,"(1, 7)",2,7.525478363037109,7.904917240142822,0.23583678901195526,0.0013433373947308762,0.0013432502746582031,-8.712007267311882e-08,6.48576622813548e-05,-1.5639774799346924,-1.5626342296600342,True
theta3,T4,batch1_0_127,1,7,"(1, 7)",3,7.2320404052734375,7.763235569000244,0.23339493572711945,0.0011455417584965424,0.0011453628540039062,-1.7890449263615466e-07,0.00015619896525432848,-1.4554446935653687,-1.4542993307113647,True
theta3,T4,batch1_0_127,1,7,"(1, 7)",4,6.974118232727051,7.668208122253418,0.23066668212413788,0.000978800588189114,0.0009788274765014648,2.6888312350736507e-08,2.746991987478834e-05,-1.3531697988510132,-1.3521909713745117,True
theta3,T4,batch1_0_127,1,7,"(1, 7)",5,6.740706443786621,7.6032609939575195,0.22958877682685852,0.0008346354329436589,0.0008345842361450195,-5.1196798639386275e-08,6.134407579499283e-05,-1.2725666761398315,-1.2717320919036865,True
theta3,T4,batch1_0_127,1,7,"(1, 7)",6,6.5418925285339355,7.55089807510376,0.22843234241008759,0.0007198960035666608,0.000719904899597168,8.896030507187479e-09,1.2357230117707723e-05,-1.2045961618423462,-1.203876256942749,True
theta3,T4,batch1_0_127,1,7,"(1, 7)",7,6.353829383850098,7.527970790863037,0.22764264047145844,0.0006189089452916846,0.0006188154220581055,-9.35232335791316e-08,0.0001511326806757411,-1.1500204801559448,-1.1494016647338867,True
theta3,T4,batch1_0_127,1,7,"(1, 7)",8,6.184615612030029,7.520651340484619,0.22571046650409698,0.0005286003670214314,0.0005285739898681641,-2.6377153267359912e-08,4.99024805854311e-05,-1.0964487791061401,-1.095920205116272,True
theta3,T4,batch1_0_127,1,7,"(1, 7)",9,6.018824100494385,7.519052505493164,0.22421027719974518,0.00045290213097075717,0.00045287609100341797,-2.60399673392012e-08,5.7499099326496944e-05,-1.050265908241272,-1.0498130321502686,True
theta3,T4,batch1_0_127,1,7,"(1, 7)",10,5.865279197692871,7.524057865142822,0.22285783290863037,0.0003921643338679914,0.0003921985626220703,3.422875407893197e-08,8.727404264333173e-05,-1.0112018585205078,-1.0108096599578857,True
theta3,T4,batch1_0_127,1,7,"(1, 7)",11,5.726008415222168,7.52894926071167,0.22178992629051208,0.0003351155175485324,0.0003350973129272461,-1.8204621286290173e-08,5.432637202388617e-05,-0.9744317531585693,-0.9740966558456421,True
theta3,T4,batch1_0_127,1,7,"(1, 7)",12,5.595037460327148,7.541633605957031,0.2210393249988556,0.00028222622130131685,0.00028210878372192383,-1.1743757939302072e-07,0.0004162847318812292,-0.9449841380119324,-0.9447020292282104,True
theta3,T4,batch1_0_127,1,7,"(1, 7)",13,5.469662666320801,7.560786724090576,0.21990787982940674,0.0002241358366635416,0.00022405385971069336,-8.197695284823791e-08,0.0003658805652984045,-0.9175013303756714,-0.9172772765159607,True
theta3,T4,batch1_0_127,1,7,"(1, 7)",14,5.350442886352539,7.580492973327637,0.21813055872917175,0.00017106048273006038,0.0001710057258605957,-5.475686946468145e-08,0.0003202048889831875,-0.8923386335372925,-0.8921676278114319,True
theta3,T4,batch1_0_127,1,7,"(1, 7)",15,5.2300825119018555,7.596546649932861,0.2168513685464859,0.0001251867352902919,0.0001252293586730957,4.262338280380264e-08,0.00034036254162307596,-0.8671982288360596,-0.8670729994773865,True
theta3,T4,batch1_0_127,1,7,"(1, 7)",16,5.115629196166992,7.618309020996094,0.2156270146369934,8.255488962432867e-05,8.255243301391602e-05,-2.456610412651921e-09,2.9758183047588746e-05,-0.8445298075675964,-0.8444472551345825,True
theta3,T4,batch1_0_127,1,7,"(1, 7)",17,5.005697250366211,7.633522987365723,0.2157125174999237,4.177707527673769e-05,4.184246063232422e-05,6.538535558653195e-08,0.0015626556038633237,-0.8290159106254578,-0.8289740681648254,True
theta3,T4,batch1_0_127,1,7,"(1, 7)",18,4.90313720703125,7.642282485961914,0.21698522567749023,5.043216327173075e-06,5.066394805908203e-06,2.3178478735128153e-08,0.004574945226948845,-0.8175510168075562,-0.8175459504127502,True
theta3,T4,batch1_0_127,1,7,"(1, 7)",19,4.800387382507324,7.658166885375977,0.21745598316192627,-2.4922133089774132e-05,-2.491474151611328e-05,7.391573660850821e-09,0.0002966747078660406,-0.800550103187561,-0.8005750179290771,False
theta3,T4,batch1_0_127,2,3,"(2, 3)",0,8.699076652526855,8.241800308227539,0.18071936070919037,0.0013273166270587188,0.0013270378112792969,-2.7881577942191933e-07,0.00021010386972556127,-1.5343537330627441,-1.5330266952514648,True
theta3,T4,batch1_0_127,2,3,"(2, 3)",1,8.40274429321289,8.081955909729004,0.18392297625541687,0.0012272656189518932,0.001227259635925293,-5.98302660019534e-09,4.875110714192465e-06,-1.4816936254501343,-1.480466365814209,True
theta3,T4,batch1_0_127,2,3,"(2, 3)",2,8.134160995483398,7.912796497344971,0.18754315376281738,0.001128820368753413,0.0011286735534667969,-1.4681528661612646e-07,0.00013007772368296697,-1.4275275468826294,-1.4263988733291626,True
theta3,T4,batch1_0_127,2,3,"(2, 3)",3,7.8876848220825195,7.762887954711914,0.1921200305223465,0.0010405274502506355,0.0010404586791992188,-6.877105141671162e-08,6.609685977115473e-05,-1.3809086084365845,-1.3798681497573853,True
theta3,T4,batch1_0_127,2,3,"(2, 3)",4,7.662172317504883,7.630836486816406,0.19617152214050293,0.0009547039807518789,0.0009546279907226562,-7.599002922265355e-08,7.960171916301016e-05,-1.3366678953170776,-1.335713267326355,True
theta3,T4,batch1_0_127,2,3,"(2, 3)",5,7.459320068359375,7.5125861167907715,0.20109346508979797,0.000886356178323735,0.0008863210678100586,-3.511051367645259e-08,3.961376407671817e-05,-1.3066388368606567,-1.3057525157928467,True
theta3,T4,batch1_0_127,2,3,"(2, 3)",6,7.276004791259766,7.396939754486084,0.20607352256774902,0.0008216775989006996,0.0008214712142944336,-2.0638460626598836e-07,0.000251237782498871,-1.2772046327590942,-1.2763831615447998,True
theta3,T4,batch1_0_127,2,3,"(2, 3)",7,7.106017112731934,7.297804832458496,0.21072334051132202,0.0007590979976238404,0.0007590055465698242,-9.245105401622499e-08,0.0001218055051561076,-1.2495014667510986,-1.2487424612045288,True
theta3,T4,batch1_0_127,2,3,"(2, 3)",8,6.948490142822266,7.2177815437316895,0.21477997303009033,0.0007034577599518298,0.0007035732269287109,1.1546697688117648e-07,0.00016411508065083906,-1.2251310348510742,-1.2244274616241455,True
theta3,T4,batch1_0_127,2,3,"(2, 3)",9,6.803466796875,7.144905090332031,0.21889764070510864,0.0006518048020992028,0.0006518363952636719,3.159316446909449e-08,4.846793566400179e-05,-1.2077081203460693,-1.2070562839508057,True
theta3,T4,batch1_0_127,2,3,"(2, 3)",10,6.666534900665283,7.0773444175720215,0.22334584593772888,0.0006109636825889831,0.0006108283996582031,-1.3528293077999867e-07,0.00022147452681587493,-1.193295955657959,-1.1926851272583008,True
theta3,T4,batch1_0_127,2,3,"(2, 3)",11,6.537214279174805,7.0168046951293945,0.2271096408367157,0.0005688071781085186,0.0005687475204467773,-5.965766174120812e-08,0.00010489304936985797,-1.1797797679901123,-1.1792110204696655,True
theta3,T4,batch1_0_127,2,3,"(2, 3)",12,6.421832084655762,6.9591450691223145,0.23091307282447815,0.0005383963533850258,0.0005383491516113281,-4.720177369766602e-08,8.767873703596783e-05,-1.1675032377243042,-1.1669648885726929,True
theta3,T4,batch1_0_127,2,3,"(2, 3)",13,6.306204795837402,6.914299011230469,0.23414942622184753,0.000510491845716184,0.0005104541778564453,-3.766785973868987e-08,7.379283268259032e-05,-1.1562349796295166,-1.1557245254516602,True
theta3,T4,batch1_0_127,2,3,"(2, 3)",14,6.195075035095215,6.866057395935059,0.23623143136501312,0.0004800540088897691,0.0004799365997314453,-1.174091583238117e-07,0.0002446347254814688,-1.1365599632263184,-1.136080026626587,True
theta3,T4,batch1_0_127,2,3,"(2, 3)",15,6.082206726074219,6.826600074768066,0.23887448012828827,0.00044204026803234457,0.00044214725494384766,1.0698691150308384e-07,0.000241971221819914,-1.1243369579315186,-1.1238948106765747,True
theta3,T4,batch1_0_127,2,3,"(2, 3)",16,5.969942569732666,6.791794300079346,0.24222421646118164,0.00041642976034880297,0.0004163980484008789,-3.171194792406327e-08,7.615777270294317e-05,-1.1178861856460571,-1.1174697875976562,True
theta3,T4,batch1_0_127,2,3,"(2, 3)",17,5.866092681884766,6.7613067626953125,0.24460673332214355,0.00038840765516509406,0.0003883838653564453,-2.378980864874928e-08,6.125333921097832e-05,-1.1094976663589478,-1.1091092824935913,True
theta3,T4,batch1_0_127,2,3,"(2, 3)",18,5.769721984863281,6.734172344207764,0.2470405399799347,0.00036109297975913356,0.0003610849380493164,-8.0417098171498e-09,2.227096444563267e-05,-1.106772780418396,-1.1064116954803467,True
theta3,T4,batch1_0_127,2,3,"(2, 3)",19,5.669875621795654,6.714914798736572,0.2495279312133789,0.0003406890477127444,0.0003408193588256836,1.3031111293921715e-07,0.00038234657030109144,-1.1108824014663696,-1.110541582107544,True
theta3,T4,batch1_0_127,2,4,"(2, 4)",0,8.786985397338867,8.241800308227539,0.2662041485309601,0.0020384999586091517,0.0020377635955810547,-7.363630280970458e-07,0.00036135841747976505,-2.442995548248291,-2.44095778465271,True
theta3,T4,batch1_0_127,2,4,"(2, 4)",1,8.495340347290039,8.08502197265625,0.26171645522117615,0.0018187970308887623,0.0018184185028076172,-3.785280811450988e-07,0.00020816334664471123,-2.303966522216797,-2.3021481037139893,True
theta3,T4,batch1_0_127,2,4,"(2, 4)",2,8.222257614135742,7.923497676849365,0.2589472234249115,0.0016094334306422753,0.0016093254089355469,-1.0802170672839437e-07,6.712235209151576e-05,-2.1864285469055176,-2.184819221496582,True
theta3,T4,batch1_0_127,2,4,"(2, 4)",3,7.966558933258057,7.783986568450928,0.2571965157985687,0.001434032567745644,0.0014340877532958984,5.5185550254521765e-08,3.848129246462871e-05,-2.0806901454925537,-2.079256057739258,True
theta3,T4,batch1_0_127,2,4,"(2, 4)",4,7.732189178466797,7.6491594314575195,0.25570905208587646,0.0012591400072299481,0.0012589693069458008,-1.7070028414736815e-07,0.00013558732782888795,-1.9832571744918823,-1.9819982051849365,True
theta3,T4,batch1_0_127,2,4,"(2, 4)",5,7.536242485046387,7.537802696228027,0.2551223635673523,0.0011309518284699017,0.0011310577392578125,1.0591078791082932e-07,9.363871023978563e-05,-1.9148229360580444,-1.9136918783187866,True
theta3,T4,batch1_0_127,2,4,"(2, 4)",6,7.362961292266846,7.446548938751221,0.25488045811653137,0.0010392189645302425,0.0010390281677246094,-1.9079680563314876e-07,0.0001836300608201786,-1.858331561088562,-1.8572925329208374,True
theta3,T4,batch1_0_127,2,4,"(2, 4)",7,7.19846248626709,7.367922782897949,0.2547401487827301,0.0009615570743434102,0.0009615421295166016,-1.4944826808591452e-08,1.5542560590771725e-05,-1.8031150102615356,-1.802153468132019,True
theta3,T4,batch1_0_127,2,4,"(2, 4)",8,7.043679237365723,7.301386833190918,0.25488707423210144,0.0008971712345771634,0.0008970499038696289,-1.2133070753444445e-07,0.00013525524835469781,-1.7605242729187012,-1.7596272230148315,True
theta3,T4,batch1_0_127,2,4,"(2, 4)",9,6.901425361633301,7.231203079223633,0.2553677558898926,0.0008448132280662211,0.0008447170257568359,-9.620230938516688e-08,0.0001138870254201081,-1.7195640802383423,-1.7187193632125854,True
theta3,T4,batch1_0_127,2,4,"(2, 4)",10,6.762444496154785,7.176505088806152,0.25647103786468506,0.0008015457930027845,0.0008013248443603516,-2.2094864243293964e-07,0.00027572918022941045,-1.690614938735962,-1.6898136138916016,True
theta3,T4,batch1_0_127,2,4,"(2, 4)",11,6.634710311889648,7.12588357925415,0.25741150975227356,0.0007613417492310365,0.0007611513137817383,-1.9043544929821157e-07,0.0002501939441607787,-1.6637173891067505,-1.6629562377929688,True
theta3,T4,batch1_0_127,2,4,"(2, 4)",12,6.514283657073975,7.08645486831665,0.258985698223114,0.0007253412360187096,0.0007252693176269531,-7.191839175644914e-08,9.916094615964551e-05,-1.6460388898849487,-1.6453136205673218,True
theta3,T4,batch1_0_127,2,4,"(2, 4)",13,6.395576477050781,7.043745040893555,0.26102134585380554,0.0006940482774004733,0.0006937980651855469,-2.502122149264374e-07,0.00036064126938653476,-1.6346960067749023,-1.6340022087097168,True
theta3,T4,batch1_0_127,2,4,"(2, 4)",14,6.283132553100586,7.007305145263672,0.26289379596710205,0.0006648587321077447,0.000664830207824707,-2.852428303767255e-08,4.290461339144419e-05,-1.6241109371185303,-1.6234461069107056,True
theta3,T4,batch1_0_127,2,4,"(2, 4)",15,6.174539566040039,6.973172664642334,0.265012264251709,0.0006428147905052789,0.0006427764892578125,-3.830124746637305e-08,5.95871941591982e-05,-1.6199523210525513,-1.6193095445632935,True
theta3,T4,batch1_0_127,2,4,"(2, 4)",16,6.058157920837402,6.942275047302246,0.2672637104988098,0.0006191679789639381,0.0006192922592163086,1.2428025237046485e-07,0.00020068110091951886,-1.6184293031692505,-1.6178100109100342,True
theta3,T4,batch1_0_127,2,4,"(2, 4)",17,5.949056148529053,6.904051780700684,0.2695126533508301,0.0005959798608536467,0.0005958080291748047,-1.7183167884198772e-07,0.0002884010795893015,-1.61819589138031,-1.6176000833511353,True
theta3,T4,batch1_0_127,2,4,"(2, 4)",18,5.839735984802246,6.874441623687744,0.2719627618789673,0.0005644859019535436,0.0005643367767333984,-1.4912522014519456e-07,0.0002642486300616266,-1.61912202835083,-1.6185576915740967,True
theta3,T4,batch1_0_127,2,4,"(2, 4)",19,5.730463027954102,6.8534088134765625,0.2748655080795288,0.0005397709742218224,0.0005396604537963867,-1.1052042543570773e-07,0.00020479622818055695,-1.6298487186431885,-1.629309058189392,True
theta3,T4,batch1_0_127,2,5,"(2, 5)",0,8.937945365905762,8.241800308227539,0.14265134930610657,0.0009925014871383841,0.0009922981262207031,-2.0336091768099335e-07,0.0002049393345682511,-1.3292464017868042,-1.3282541036605835,True
theta3,T4,batch1_0_127,2,5,"(2, 5)",1,8.641845703125,8.07996940612793,0.14756745100021362,0.0009630010977496772,0.0009628534317016602,-1.47666048017016e-07,0.00015336295551862382,-1.3246662616729736,-1.323703408241272,True
theta3,T4,batch1_0_127,2,5,"(2, 5)",2,8.360868453979492,7.913080215454102,0.1521531492471695,0.0009336283836240567,0.000933527946472168,-1.0043715188874647e-07,0.00010758880038707109,-1.3113218545913696,-1.3103883266448975,True
theta3,T4,batch1_0_127,2,5,"(2, 5)",3,8.078977584838867,7.750906467437744,0.1580146700143814,0.0009024507922619941,0.0009022951126098633,-1.5567965213085424e-07,0.00017253739930005296,-1.3093791007995605,-1.3084768056869507,True
theta3,T4,batch1_0_127,2,5,"(2, 5)",4,7.825496673583984,7.600963592529297,0.16347578167915344,0.0008660971542104434,0.000865936279296875,-1.6087491356837728e-07,0.0001857814684690251,-1.3015172481536865,-1.3006513118743896,True
theta3,T4,batch1_0_127,2,5,"(2, 5)",5,7.580573081970215,7.467818737030029,0.16849984228610992,0.0008325269366561656,0.0008323192596435547,-2.0767701261090957e-07,0.000249516048324832,-1.2926133871078491,-1.2917810678482056,True
theta3,T4,batch1_0_127,2,5,"(2, 5)",6,7.357209205627441,7.34755802154541,0.1731613278388977,0.0008052919438915797,0.0008051395416259766,-1.5240226560310575e-07,0.0001892867729428987,-1.2804369926452637,-1.2796318531036377,True
theta3,T4,batch1_0_127,2,5,"(2, 5)",7,7.1527099609375,7.246059417724609,0.1765138804912567,0.0007517304411298133,0.0007516145706176758,-1.1587051213749356e-07,0.00015416214196362817,-1.259026288986206,-1.2582746744155884,True
theta3,T4,batch1_0_127,2,5,"(2, 5)",8,6.95997953414917,7.169178485870361,0.1774384081363678,0.0007091122397736362,0.0007090568542480469,-5.53855255893158e-08,7.811154388748138e-05,-1.2308157682418823,-1.2301067113876343,True
theta3,T4,batch1_0_127,2,5,"(2, 5)",9,6.768056392669678,7.099935054779053,0.17698371410369873,0.00066422791397566,0.0006642341613769531,6.247401293122887e-09,9.405420040685748e-06,-1.196522831916809,-1.1958585977554321,True
theta3,T4,batch1_0_127,2,5,"(2, 5)",10,6.585789680480957,7.035895347595215,0.17595049738883972,0.0006256346397689561,0.0006256103515625,-2.4288206456148966e-08,3.8823217031955576e-05,-1.1574337482452393,-1.1568081378936768,True
theta3,T4,batch1_0_127,2,5,"(2, 5)",11,6.4117584228515625,6.979339122772217,0.17476299405097961,0.0005974387460538679,0.0005973577499389648,-8.099611490308602e-08,0.0001355906320983729,-1.1180449724197388,-1.1174476146697998,True
theta3,T4,batch1_0_127,2,5,"(2, 5)",12,6.243467330932617,6.93669319152832,0.17400558292865753,0.0005557763756938175,0.0005557537078857422,-2.2667808075352812e-08,4.078750668454938e-05,-1.082070231437683,-1.0815144777297974,True
theta3,T4,batch1_0_127,2,5,"(2, 5)",13,6.083096981048584,6.879002571105957,0.17257040739059448,0.0005184431726945915,0.0005184412002563477,-1.97243824387721e-09,3.804555353436265e-06,-1.0426174402236938,-1.0420989990234375,True
theta3,T4,batch1_0_127,2,5,"(2, 5)",14,5.923109531402588,6.836333751678467,0.17097623646259308,0.0004796411508975902,0.00047957897186279297,-6.217903479724179e-08,0.00012965338024668676,-1.0060275793075562,-1.0055480003356934,True
theta3,T4,batch1_0_127,2,5,"(2, 5)",15,5.77443265914917,6.784440040588379,0.1687011420726776,0.0004519799622225328,0.0004520416259765625,6.166375402969718e-08,0.00013641167203680117,-0.9690236449241638,-0.9685716032981873,True
theta3,T4,batch1_0_127,2,5,"(2, 5)",16,5.621023178100586,6.743696689605713,0.16557973623275757,0.0004141710284009372,0.00041413307189941406,-3.795650152315462e-08,9.16529108604338e-05,-0.9242098331451416,-0.9237957000732422,True
theta3,T4,batch1_0_127,2,5,"(2, 5)",17,5.470170974731445,6.712101459503174,0.16171562671661377,0.0003700581439976037,0.000370025634765625,-3.250923197870362e-08,8.785670214252867e-05,-0.8761624097824097,-0.875792384147644,True
theta3,T4,batch1_0_127,2,5,"(2, 5)",18,5.327127456665039,6.687636375427246,0.158008873462677,0.0003291535169548198,0.00032907724380493164,-7.6273149888183e-08,0.00023177886445832676,-0.8347980380058289,-0.8344689607620239,True
theta3,T4,batch1_0_127,2,5,"(2, 5)",19,5.187726020812988,6.642477512359619,0.15428803861141205,0.00029589908696107085,0.00029587745666503906,-2.1630296031789707e-08,7.310558998172417e-05,-0.7916740775108337,-0.7913782000541687,True
theta3,T4,batch1_0_127,2,6,"(2, 6)",0,8.474492073059082,8.241800308227539,0.386991411447525,0.0028021169331183546,0.002801656723022461,-4.602100958936775e-07,0.00016426355595670455,-2.991131544113159,-2.9883298873901367,True
theta3,T4,batch1_0_127,2,6,"(2, 6)",1,8.215660095214844,8.057230949401855,0.37700363993644714,0.0024514929216850807,0.002451181411743164,-3.115099419166191e-07,0.0001270856332478011,-2.824256181716919,-2.821805000305176,True
theta3,T4,batch1_0_127,2,6,"(2, 6)",2,7.970778942108154,7.882075786590576,0.36628177762031555,0.002124393336004819,0.0021240711212158203,-3.222147889987356e-07,0.00015169679855837388,-2.658567428588867,-2.6564433574676514,True
theta3,T4,batch1_0_127,2,6,"(2, 6)",3,7.746302604675293,7.7083024978637695,0.3555922210216522,0.0018255217176057076,0.0018253326416015625,-1.890760041450834e-07,0.00010358440967734325,-2.499323844909668,-2.4974985122680664,True
theta3,T4,batch1_0_127,2,6,"(2, 6)",4,7.54479455947876,7.575583457946777,0.34591227769851685,0.0015775063847480767,0.0015773773193359375,-1.2906541213921797e-07,8.182278935870171e-05,-2.3639895915985107,-2.362412214279175,True
theta3,T4,batch1_0_127,2,6,"(2, 6)",5,7.355001926422119,7.460610389709473,0.3373437821865082,0.0013704763604193949,0.0013704299926757812,-4.636774361362929e-08,3.38344489404349e-05,-2.243913412094116,-2.2425429821014404,True
theta3,T4,batch1_0_127,2,6,"(2, 6)",6,7.188393592834473,7.367275714874268,0.3286909759044647,0.0011953876352776259,0.0011951923370361328,-1.9529824149305992e-07,0.00016340319080137785,-2.1364505290985107,-2.1352553367614746,True
theta3,T4,batch1_0_127,2,6,"(2, 6)",7,7.030738353729248,7.2920756340026855,0.3209330141544342,0.0010571784727867886,0.0010571479797363281,-3.049305046052414e-08,2.8844637690297303e-05,-2.0443944931030273,-2.043337345123291,True
theta3,T4,batch1_0_127,2,6,"(2, 6)",8,6.895896911621094,7.236600875854492,0.31297844648361206,0.0009266653296681848,0.0009263753890991211,-2.8994056906371177e-07,0.0003129838858798617,-1.9576539993286133,-1.9567276239395142,True
theta3,T4,batch1_0_127,2,6,"(2, 6)",9,6.768953323364258,7.18452262878418,0.30611464381217957,0.0008183923953603197,0.0008182525634765625,-1.3983188375721236e-07,0.00017089085937366282,-1.8834657669067383,-1.8826475143432617,True
theta3,T4,batch1_0_127,2,6,"(2, 6)",10,6.649364471435547,7.150652885437012,0.2996758222579956,0.0007250950550498132,0.0007249116897583008,-1.833652915123789e-07,0.00025294845441589767,-1.8171577453613281,-1.8164328336715698,True
theta3,T4,batch1_0_127,2,6,"(2, 6)",11,6.522976875305176,7.116344928741455,0.29302170872688293,0.000655266898095816,0.0006551742553710938,-9.264272472222449e-08,0.00014140165606744,-1.7531421184539795,-1.7524869441986084,True
theta3,T4,batch1_0_127,2,6,"(2, 6)",12,6.407187461853027,7.088308334350586,0.28667402267456055,0.0005776743508782728,0.0005778074264526367,1.3307557436396684e-07,0.0002303112910489307,-1.6952446699142456,-1.694666862487793,True
theta3,T4,batch1_0_127,2,6,"(2, 6)",13,6.289190769195557,7.070977210998535,0.2806786298751831,0.0005052066420648473,0.0005052089691162109,2.327051363670146e-09,4.606116490253492e-06,-1.6438010931015015,-1.6432958841323853,True
theta3,T4,batch1_0_127,2,6,"(2, 6)",14,6.169610977172852,7.059016704559326,0.2750430107116699,0.00044376486451883724,0.00044357776641845703,-1.8709810038021251e-07,0.00042179323344107865,-1.5984020233154297,-1.5979584455490112,True
theta3,T4,batch1_0_127,2,6,"(2, 6)",15,6.052328109741211,7.045811653137207,0.2700542211532593,0.0003864809061698482,0.0003865957260131836,1.1481984333537023e-07,0.00029700236088863195,-1.5593769550323486,-1.5589903593063354,True
theta3,T4,batch1_0_127,2,6,"(2, 6)",16,5.932312965393066,7.031864643096924,0.2652615010738373,0.0003440939263666865,0.00034427642822265625,1.8250185596975109e-07,0.0005301026762474729,-1.5231603384017944,-1.5228160619735718,True
theta3,T4,batch1_0_127,2,6,"(2, 6)",17,5.816822052001953,7.022675037384033,0.26117825508117676,0.00030990033195546707,0.00030982494354248047,-7.53884129866037e-08,0.00024332583466207298,-1.4977872371673584,-1.497477412223816,True
theta3,T4,batch1_0_127,2,6,"(2, 6)",18,5.703006744384766,7.010234355926514,0.2562190294265747,0.0002611361376784562,0.0002611875534057617,5.141572730554345e-08,0.0001968536656326336,-1.4637624025344849,-1.463501214981079,True
theta3,T4,batch1_0_127,2,6,"(2, 6)",19,5.584514141082764,6.990259647369385,0.25218263268470764,0.0002248291946169188,0.00022470951080322266,-1.196838136961547e-07,0.0005326157013485799,-1.4364742040634155,-1.4362494945526123,True
theta3,T4,batch1_0_127,2,7,"(2, 7)",0,8.732281684875488,8.241800308227539,0.264354407787323,0.002059743985183542,0.0020592212677001953,-5.227174833468025e-07,0.000253842309977009,-2.3616552352905273,-2.359596014022827,True
theta3,T4,batch1_0_127,2,7,"(2, 7)",1,8.427336692810059,8.037538528442383,0.2708350121974945,0.00192424346296245,0.001924276351928711,3.288896626091678e-08,1.7091602371952458e-05,-2.305464506149292,-2.3035402297973633,True
theta3,T4,batch1_0_127,2,7,"(2, 7)",2,8.13221549987793,7.840138912200928,0.2788130044937134,0.0018046769234244685,0.0018045902252197266,-8.669820474190536e-08,4.804315324901474e-05,-2.2616870403289795,-2.2598824501037598,True
theta3,T4,batch1_0_127,2,7,"(2, 7)",3,7.846539497375488,7.656328201293945,0.2878778576850891,0.001702854505386467,0.0017027854919433594,-6.90134431076319e-08,4.052973403530004e-05,-2.229907512664795,-2.2282047271728516,True
theta3,T4,batch1_0_127,2,7,"(2, 7)",4,7.5748748779296875,7.4965925216674805,0.2954399585723877,0.0015855868287558235,0.001585245132446289,-3.416963095343936e-07,0.00021554793169880363,-2.1849732398986816,-2.1833879947662354,True
theta3,T4,batch1_0_127,2,7,"(2, 7)",5,7.330832004547119,7.372211456298828,0.30368995666503906,0.0014784853956852902,0.0014781951904296875,-2.902052556026744e-07,0.0001963240426444064,-2.1548712253570557,-2.153393030166626,True
theta3,T4,batch1_0_127,2,7,"(2, 7)",6,7.103949069976807,7.272787570953369,0.3122076094150543,0.0013797936585643632,0.0013797283172607422,-6.534130362104672e-08,4.735809420130823e-05,-2.1312191486358643,-2.1298394203186035,True
theta3,T4,batch1_0_127,2,7,"(2, 7)",7,6.910172939300537,7.174485683441162,0.3203599154949188,0.0012712235919316935,0.0012712478637695312,2.4271837837774174e-08,1.9092923205237727e-05,-2.115363597869873,-2.1140923500061035,True
theta3,T4,batch1_0_127,2,7,"(2, 7)",8,6.735990524291992,7.10142707824707,0.32831183075904846,0.0011542353697243462,0.001154184341430664,-5.102829368211145e-08,4.421156296303549e-05,-2.107212781906128,-2.1060585975646973,True
theta3,T4,batch1_0_127,2,7,"(2, 7)",9,6.5719404220581055,7.047152042388916,0.33614927530288696,0.0010475893493164016,0.0010476112365722656,2.188725586405385e-08,2.0892536372240445e-05,-2.1020994186401367,-2.1010518074035645,True
theta3,T4,batch1_0_127,2,7,"(2, 7)",10,6.418351650238037,7.001116752624512,0.3440778851509094,0.0009421918538437946,0.000942230224609375,3.8370765580403136e-08,4.072334401744615e-05,-2.115352153778076,-2.114409923553467,True
theta3,T4,batch1_0_127,2,7,"(2, 7)",11,6.276741981506348,6.958724498748779,0.3509116768836975,0.0008266868387476449,0.0008265972137451172,-8.96250025276971e-08,0.00010842645128408712,-2.1269705295562744,-2.1261439323425293,True
theta3,T4,batch1_0_127,2,7,"(2, 7)",12,6.141749382019043,6.9250383377075195,0.35861730575561523,0.0007099972390316234,0.0007100105285644531,1.3289532829773888e-08,1.871737431365075e-05,-2.1443042755126953,-2.143594264984131,True
theta3,T4,batch1_0_127,2,7,"(2, 7)",13,6.011793613433838,6.890292167663574,0.3655330538749695,0.0005769169739019648,0.0005767345428466797,-1.8243105528515432e-07,0.00031631719921733934,-2.1588664054870605,-2.158289670944214,True
theta3,T4,batch1_0_127,2,7,"(2, 7)",14,5.884951114654541,6.868599891662598,0.37282484769821167,0.0004342001432485167,0.0004341602325439453,-3.9910704571397525e-08,9.192620967964356e-05,-2.185062885284424,-2.18462872505188,True
theta3,T4,batch1_0_127,2,7,"(2, 7)",15,5.7585978507995605,6.847249507904053,0.3795255422592163,0.0002771783297552467,0.0002770423889160156,-1.359408392310785e-07,0.0004906860634683902,-2.214761972427368,-2.214484930038452,True
theta3,T4,batch1_0_127,2,7,"(2, 7)",16,5.643514633178711,6.8154520988464355,0.3855881094932556,0.00011763212137309432,0.00011730194091796875,-3.301804551255656e-07,0.002814791064339391,-2.2390294075012207,-2.2389121055603027,True
theta3,T4,batch1_0_127,2,7,"(2, 7)",17,5.534780979156494,6.792133808135986,0.3928785026073456,-5.933923521500782e-05,-5.936622619628906e-05,-2.6990981281243014e-08,0.0004546521315335048,-2.2758679389953613,-2.2759273052215576,False
theta3,T4,batch1_0_127,2,7,"(2, 7)",18,5.425076961517334,6.768657684326172,0.3994170129299164,-0.00024807348626088244,-0.00024819374084472656,-1.2025458384412385e-07,0.00048451900291618063,-2.317829132080078,-2.318077325820923,False
theta3,T4,batch1_0_127,2,7,"(2, 7)",19,5.320432186126709,6.751708030700684,0.40548110008239746,-0.0004445197382603653,-0.00044465065002441406,-1.309117640487423e-07,0.0002944148716336172,-2.3592679500579834,-2.359712600708008,False
theta3,T4,batch1_0_127,3,4,"(3, 4)",0,8.751189231872559,8.241800308227539,0.24831745028495789,0.0020124910652407064,0.002012014389038086,-4.7667620262049556e-07,0.00023691490737717206,-2.154153823852539,-2.152141809463501,True
theta3,T4,batch1_0_127,3,4,"(3, 4)",1,8.442010879516602,8.08128833770752,0.2475842535495758,0.001795441001714691,0.001795053482055664,-3.8751965902687757e-07,0.00021588195722341196,-2.04917311668396,-2.0473780632019043,True
theta3,T4,batch1_0_127,3,4,"(3, 4)",2,8.165800094604492,7.926094055175781,0.24733388423919678,0.0016065911474280024,0.0016062259674072266,-3.6518002077584773e-07,0.00022735283091290207,-1.9494765996932983,-1.9478703737258911,True
theta3,T4,batch1_0_127,3,4,"(3, 4)",3,7.892870903015137,7.771928310394287,0.24830922484397888,0.0014195955283154698,0.0014194250106811523,-1.7051763431742868e-07,0.00012013148495643375,-1.855225920677185,-1.853806495666504,True
theta3,T4,batch1_0_127,3,4,"(3, 4)",4,7.646739959716797,7.64007043838501,0.2479967474937439,0.001257410610874296,0.0012574195861816406,8.975307344560868e-09,7.1378777960790724e-06,-1.7780976295471191,-1.7768402099609375,True
theta3,T4,batch1_0_127,3,4,"(3, 4)",5,7.439359188079834,7.52752161026001,0.24886280298233032,0.0011244279746937366,0.0011243820190429688,-4.5955650767887796e-08,4.0871918964875925e-05,-1.7226110696792603,-1.7214866876602173,True
theta3,T4,batch1_0_127,3,4,"(3, 4)",6,7.244124412536621,7.414758205413818,0.2516859173774719,0.0010251362638923531,0.0010249614715576172,-1.747923347359369e-07,0.00017053551727198862,-1.6836975812911987,-1.6826726198196411,True
theta3,T4,batch1_0_127,3,4,"(3, 4)",7,7.071292877197266,7.311889171600342,0.2543298602104187,0.0009507373598162627,0.0009505748748779297,-1.6248493833303634e-07,0.0001709333400526731,-1.646817684173584,-1.645867109298706,True
theta3,T4,batch1_0_127,3,4,"(3, 4)",8,6.905935287475586,7.230222702026367,0.2573217749595642,0.0008812961633574451,0.0008813142776489258,1.811429148064307e-08,2.0553725203415976e-05,-1.6233398914337158,-1.622458577156067,True
theta3,T4,batch1_0_127,3,4,"(3, 4)",9,6.745977401733398,7.152573585510254,0.2604721188545227,0.0008245173652807722,0.0008242130279541016,-3.043373266706272e-07,0.00036924595504886267,-1.6061521768569946,-1.6053279638290405,True
theta3,T4,batch1_0_127,3,4,"(3, 4)",10,6.586551666259766,7.080811500549316,0.26454490423202515,0.0007684050573318316,0.0007683038711547852,-1.0118617704639975e-07,0.00013170072525381618,-1.6010855436325073,-1.6003172397613525,True
theta3,T4,batch1_0_127,3,4,"(3, 4)",11,6.4506072998046875,7.016454696655273,0.2690353989601135,0.0007363012672598282,0.0007363557815551758,5.451429534761125e-08,7.403254882100283e-05,-1.6083582639694214,-1.6076219081878662,True
theta3,T4,batch1_0_127,3,4,"(3, 4)",12,6.314882278442383,6.946605205535889,0.2748272716999054,0.0007047901602663279,0.0007047653198242188,-2.48404421091886e-08,3.524640246966786e-05,-1.6299388408660889,-1.6292340755462646,True
theta3,T4,batch1_0_127,3,4,"(3, 4)",13,6.186094284057617,6.887763500213623,0.2789427936077118,0.0006676246446843764,0.0006673336029052734,-2.910417791029919e-07,0.0004361263659374045,-1.6440986394882202,-1.643431305885315,True
theta3,T4,batch1_0_127,3,4,"(3, 4)",14,6.059260368347168,6.835389614105225,0.2827654778957367,0.0006385468053720989,0.0006387233734130859,1.7656804098702995e-07,0.00027643898491379754,-1.6555668115615845,-1.6549280881881714,True
theta3,T4,batch1_0_127,3,4,"(3, 4)",15,5.945774078369141,6.782451629638672,0.28664106130599976,0.0006129406649945714,0.0006127357482910156,-2.0491670355579725e-07,0.0003344291631871185,-1.6680623292922974,-1.6674495935440063,True
theta3,T4,batch1_0_127,3,4,"(3, 4)",16,5.830121040344238,6.744165420532227,0.2909061908721924,0.0005804102488344141,0.0005804300308227539,1.9781988339832683e-08,3.408160723832967e-05,-1.6895419359207153,-1.6889615058898926,True
theta3,T4,batch1_0_127,3,4,"(3, 4)",17,5.71788215637207,6.707162857055664,0.2945556342601776,0.000555568471643637,0.0005553960800170898,-1.723916265471614e-07,0.0003103940282435138,-1.7114125490188599,-1.7108571529388428,True
theta3,T4,batch1_0_127,3,4,"(3, 4)",18,5.6094255447387695,6.672964572906494,0.29835906624794006,0.0005262359006344491,0.0005261898040771484,-4.609655730064034e-08,8.76044289407816e-05,-1.73468816280365,-1.7341619729995728,True
theta3,T4,batch1_0_127,3,4,"(3, 4)",19,5.506516933441162,6.647288799285889,0.301757276058197,0.0004958391591611531,0.0004957914352416992,-4.7723919453877134e-08,9.625805542730208e-05,-1.758699655532837,-1.7582038640975952,True
theta3,T4,batch1_0_127,3,5,"(3, 5)",0,8.755748748779297,8.241800308227539,0.12476465106010437,0.0009864856432369095,0.000986337661743164,-1.4798149374547348e-07,0.0001500312717289375,-1.0404046773910522,-1.039418339729309,True
theta3,T4,batch1_0_127,3,5,"(3, 5)",1,8.45534896850586,8.075088500976562,0.12799307703971863,0.0009182909215306245,0.0009180307388305664,-2.6018270005807257e-07,0.00028341393055041525,-1.01558256149292,-1.0146645307540894,True
theta3,T4,batch1_0_127,3,5,"(3, 5)",2,8.171648025512695,7.918274879455566,0.13134489953517914,0.0008690153644216287,0.0008690357208251953,2.0356403566588153e-08,2.3424127545941004e-05,-0.9890410304069519,-0.9881719946861267,True
theta3,T4,batch1_0_127,3,5,"(3, 5)",3,7.888424873352051,7.751983165740967,0.13490310311317444,0.0008173444385768781,0.0008172988891601562,-4.5549416721811335e-08,5.573165132845979e-05,-0.9579741358757019,-0.9571568369865417,True
theta3,T4,batch1_0_127,3,5,"(3, 5)",4,7.622617721557617,7.600755214691162,0.13835269212722778,0.0007625591272061198,0.0007624626159667969,-9.651123932289622e-08,0.00012657832305721728,-0.926848828792572,-0.9260863661766052,True
theta3,T4,batch1_0_127,3,5,"(3, 5)",5,7.377109050750732,7.453271865844727,0.14168709516525269,0.0007171366344824713,0.0007171034812927246,-3.315318974667254e-08,4.6232085900499584e-05,-0.8957248330116272,-0.8950077295303345,True
theta3,T4,batch1_0_127,3,5,"(3, 5)",6,7.148560047149658,7.325305461883545,0.14594212174415588,0.0006771856596899915,0.0006771087646484375,-7.689504155400546e-08,0.00011356379590497582,-0.8712969422340393,-0.8706198334693909,True
theta3,T4,batch1_0_127,3,5,"(3, 5)",7,6.942214488983154,7.2107415199279785,0.1501198709011078,0.0006336480527673766,0.0006336569786071777,8.925839801109635e-09,1.4086232934306592e-05,-0.8454879522323608,-0.8448542952537537,True
theta3,T4,batch1_0_127,3,5,"(3, 5)",8,6.7465128898620605,7.088586807250977,0.15295660495758057,0.0005818494460304862,0.0005817413330078125,-1.0811302267365111e-07,0.00018584380469351868,-0.8164076209068298,-0.815825879573822,True
theta3,T4,batch1_0_127,3,5,"(3, 5)",9,6.570852279663086,6.98874044418335,0.15519431233406067,0.0005303108953567247,0.000530242919921875,-6.79754348497253e-08,0.00012819677980752798,-0.7877491116523743,-0.7872188687324524,True
theta3,T4,batch1_0_127,3,5,"(3, 5)",10,6.413378715515137,6.901694297790527,0.15707841515541077,0.0004790897815034463,0.00047910213470458984,1.2353201143543331e-08,2.5784066170275377e-05,-0.7574183344841003,-0.7569392323493958,True
theta3,T4,batch1_0_127,3,5,"(3, 5)",11,6.251798629760742,6.822167873382568,0.15852051973342896,0.0004249971777503884,0.00042504072189331055,4.3544142922153674e-08,0.00010244699079229328,-0.7292831540107727,-0.7288581132888794,True
theta3,T4,batch1_0_127,3,5,"(3, 5)",12,6.102370738983154,6.748974800109863,0.15990503132343292,0.00037392567268899375,0.0003739595413208008,3.3868631807031004e-08,9.05676365079741e-05,-0.7015940546989441,-0.7012200951576233,True
theta3,T4,batch1_0_127,3,5,"(3, 5)",13,5.968921661376953,6.681061744689941,0.16201257705688477,0.0003258329463017795,0.00032585859298706055,2.5646685281022728e-08,7.870495310842126e-05,-0.6788992881774902,-0.6785734295845032,True
theta3,T4,batch1_0_127,3,5,"(3, 5)",14,5.837681293487549,6.624411106109619,0.1628713309764862,0.00028306240651359627,0.0002830624580383301,5.1524733806797285e-11,1.8202602409331235e-07,-0.6551600694656372,-0.6548770070075989,True
theta3,T4,batch1_0_127,3,5,"(3, 5)",15,5.711645126342773,6.56961727142334,0.16352219879627228,0.0002376784858337901,0.0002377033233642578,2.4837530467720307e-08,0.00010448962225765412,-0.6329984068870544,-0.6327607035636902,True
theta3,T4,batch1_0_127,3,5,"(3, 5)",16,5.589023590087891,6.517066955566406,0.16352029144763947,0.00020930301500147642,0.00020927190780639648,-3.110719507993403e-08,0.00014864486784682156,-0.6122189164161682,-0.6120096445083618,True
theta3,T4,batch1_0_127,3,5,"(3, 5)",17,5.470973014831543,6.478747844696045,0.16265574097633362,0.0001733451739872785,0.00017333030700683594,-1.486698044257358e-08,8.577253856699881e-05,-0.5851454138755798,-0.584972083568573,True
theta3,T4,batch1_0_127,3,5,"(3, 5)",18,5.355786323547363,6.447110176086426,0.1624435931444168,0.0001338912761413146,0.00013387203216552734,-1.924397578724653e-08,0.00014374903761416076,-0.5659042596817017,-0.5657703876495361,True
theta3,T4,batch1_0_127,3,5,"(3, 5)",19,5.240357398986816,6.414426803588867,0.16160166263580322,9.447891120089284e-05,9.441375732421875e-05,-6.515387667409148e-08,0.000690088801893052,-0.5458183288574219,-0.5457239151000977,True
theta3,T4,batch1_0_127,3,6,"(3, 6)",0,8.459878921508789,8.241800308227539,0.3691047132015228,0.0028367859705399094,0.0028362274169921875,-5.585535477218781e-07,0.00019693538831742303,-2.702289581298828,-2.699453353881836,True
theta3,T4,batch1_0_127,3,6,"(3, 6)",1,8.200937271118164,8.052523612976074,0.35910171270370483,0.0024773519009693126,0.002476930618286133,-4.2128268317983067e-07,0.0001700825530072092,-2.5367133617401123,-2.534236431121826,True
theta3,T4,batch1_0_127,3,6,"(3, 6)",2,7.957676410675049,7.870690822601318,0.3481077551841736,0.0021462340652933414,0.002146005630493164,-2.2843480017731982e-07,0.00010644650551304668,-2.369208574295044,-2.367062568664551,True
theta3,T4,batch1_0_127,3,6,"(3, 6)",3,7.719456672668457,7.703123092651367,0.3365038335323334,0.0018505604133706255,0.0018503665924072266,-1.9382096339893608e-07,0.00010474733179590403,-2.207357168197632,-2.2055068016052246,True
theta3,T4,batch1_0_127,3,6,"(3, 6)",4,7.505541801452637,7.54900598526001,0.325756698846817,0.0015969698843317527,0.0015969276428222656,-4.2241509487115844e-08,2.6451736668833673e-05,-2.0498287677764893,-2.048231840133667,True
theta3,T4,batch1_0_127,3,6,"(3, 6)",5,7.3050689697265625,7.422336578369141,0.31480878591537476,0.0013801846830354964,0.0013797283172607422,-4.5636577475425925e-07,0.00033076495498788466,-1.9115313291549683,-1.9101516008377075,True
theta3,T4,batch1_0_127,3,6,"(3, 6)",6,7.121084213256836,7.306716442108154,0.30535393953323364,0.0011945559074280044,0.0011944770812988281,-7.882612917627964e-08,6.599216545081565e-05,-1.793589472770691,-1.792394995689392,True
theta3,T4,batch1_0_127,3,6,"(3, 6)",7,6.948573112487793,7.211857795715332,0.2956995964050293,0.0010304309925695386,0.0010303258895874023,-1.0510298213630039e-07,0.00010200945467689766,-1.6811596155166626,-1.6801292896270752,True
theta3,T4,batch1_0_127,3,6,"(3, 6)",8,6.801144599914551,7.132765769958496,0.28722313046455383,0.0008895219693450956,0.0008894205093383789,-1.0146000671670992e-07,0.00011407428280710985,-1.5835965871810913,-1.582707166671753,True
theta3,T4,batch1_0_127,3,6,"(3, 6)",9,6.655395030975342,7.0568389892578125,0.27809974551200867,0.0007649021199426846,0.0007648468017578125,-5.5318184872111924e-08,7.232583668386487e-05,-1.4834026098251343,-1.4826377630233765,True
theta3,T4,batch1_0_127,3,6,"(3, 6)",10,6.5149946212768555,7.005655765533447,0.26962417364120483,0.0006548662873166601,0.0006548166275024414,-4.965981421868257e-08,7.58377416408801e-05,-1.4000401496887207,-1.3993853330612183,True
theta3,T4,batch1_0_127,3,6,"(3, 6)",11,6.380115509033203,6.951938152313232,0.2613925039768219,0.0005655013803957105,0.0005655288696289062,2.7489233195721746e-08,4.8608010434126686e-05,-1.3199259042739868,-1.319360375404358,True
theta3,T4,batch1_0_127,3,6,"(3, 6)",12,6.251619338989258,6.924943923950195,0.2531353533267975,0.00047942403714466104,0.0004793405532836914,-8.348386096963464e-08,0.00017416398507852897,-1.246785283088684,-1.2463059425354004,True
theta3,T4,batch1_0_127,3,6,"(3, 6)",13,6.125758171081543,6.8979997634887695,0.246657595038414,0.0004076816009703257,0.0004076957702636719,1.416929334616384e-08,3.4754575297654024e-05,-1.187578797340393,-1.1871711015701294,True
theta3,T4,batch1_0_127,3,6,"(3, 6)",14,6.00092077255249,6.8714599609375,0.23868681490421295,0.00035157043443422703,0.0003514289855957031,-1.4144883852390804e-07,0.00040249622063513,-1.1236878633499146,-1.1233364343643188,True
theta3,T4,batch1_0_127,3,6,"(3, 6)",15,5.8820481300354,6.8488945960998535,0.23246100544929504,0.00029540737397016394,0.00029540061950683594,-6.754463328006912e-09,2.2865433861592173e-05,-1.0730817317962646,-1.0727863311767578,True
theta3,T4,batch1_0_127,3,6,"(3, 6)",16,5.765594959259033,6.8363447189331055,0.22449445724487305,0.00023390375095937833,0.0002338886260986328,-1.51248607455144e-08,6.466693570270543e-05,-1.0130420923233032,-1.0128082036972046,True
theta3,T4,batch1_0_127,3,6,"(3, 6)",17,5.654899597167969,6.822323799133301,0.2178814858198166,0.00017389805384867318,0.00017380714416503906,-9.090968363411928e-08,0.000523049176550509,-0.9679955840110779,-0.9678217768669128,True
theta3,T4,batch1_0_127,3,6,"(3, 6)",18,5.552286148071289,6.814098834991455,0.21149033308029175,0.00012322728217547198,0.00012320280075073242,-2.448142473956299e-08,0.00019870834583618385,-0.9239791035652161,-0.9238559007644653,True
theta3,T4,batch1_0_127,3,6,"(3, 6)",19,5.4525146484375,6.808187961578369,0.2061203420162201,7.882381981449457e-05,7.873773574829102e-05,-8.608406620355506e-08,0.0010933012663552938,-0.8833971619606018,-0.8833184242248535,True
theta3,T4,batch1_0_127,3,7,"(3, 7)",0,8.517623901367188,8.241800308227539,0.2464677095413208,0.0021417111143138146,0.0021414756774902344,-2.354368235802512e-07,0.0001099413951113273,-2.0728135108947754,-2.070672035217285,True
theta3,T4,batch1_0_127,3,7,"(3, 7)",1,8.199577331542969,8.024128913879395,0.2469838559627533,0.0018994902043689705,0.0018992424011230469,-2.478032459236456e-07,0.0001304747860394841,-1.9626257419586182,-1.9607264995574951,True
theta3,T4,batch1_0_127,3,7,"(3, 7)",2,7.907853126525879,7.820252895355225,0.2498803734779358,0.001708997258109133,0.0017087459564208984,-2.5130168823466435e-07,0.00014706790514432895,-1.8784356117248535,-1.8767268657684326,True
theta3,T4,batch1_0_127,3,7,"(3, 7)",3,7.609659671783447,7.628561496734619,0.25200438499450684,0.00151216450669337,0.0015119314193725586,-2.330873208114797e-07,0.00015416527352028268,-1.79152512550354,-1.7900131940841675,True
theta3,T4,batch1_0_127,3,7,"(3, 7)",4,7.347358703613281,7.467582702636719,0.25362974405288696,0.0013190660651010487,0.0013190507888793945,-1.527622165418442e-08,1.158122324248212e-05,-1.7044997215270996,-1.7031806707382202,True
theta3,T4,batch1_0_127,3,7,"(3, 7)",5,7.1113386154174805,7.3382086753845215,0.2562667429447174,0.001152727213726241,0.0011527538299560547,2.6616229813680378e-08,2.308925732625416e-05,-1.6384482383728027,-1.6372954845428467,True
theta3,T4,batch1_0_127,3,7,"(3, 7)",6,6.905249118804932,7.217729568481445,0.2591608166694641,0.0010099233719318948,0.0010099411010742188,1.7729142323934938e-08,1.7554629973052316e-05,-1.5773051977157593,-1.576295256614685,True
theta3,T4,batch1_0_127,3,7,"(3, 7)",7,6.719565391540527,7.121991157531738,0.26401156187057495,0.0008874164664045969,0.0008873939514160156,-2.251498858131442e-08,2.537203295716319e-05,-1.5387439727783203,-1.5378565788269043,True
theta3,T4,batch1_0_127,3,7,"(3, 7)",8,6.55840539932251,7.038393020629883,0.26851433515548706,0.0007807378735427613,0.000780940055847168,2.0218230440663312e-07,0.000258896061090508,-1.5081884860992432,-1.507407546043396,True
theta3,T4,batch1_0_127,3,7,"(3, 7)",9,6.403861999511719,6.963542938232422,0.2731209397315979,0.0006770666304725449,0.0006771087646484375,4.213417589262955e-08,6.22265994659013e-05,-1.4836230278015137,-1.4829459190368652,True
theta3,T4,batch1_0_127,3,7,"(3, 7)",10,6.263962745666504,6.913098335266113,0.27824896574020386,0.0005779143839446969,0.0005776882171630859,-2.2616678161096332e-07,0.0003915031930573627,-1.4704608917236328,-1.4698832035064697,True
theta3,T4,batch1_0_127,3,7,"(3, 7)",11,6.134243488311768,6.871116638183594,0.284013032913208,0.0004934480950608562,0.0004934072494506836,-4.0845610172575084e-08,8.278275241810697e-05,-1.467166781425476,-1.4666733741760254,True
theta3,T4,batch1_0_127,3,7,"(3, 7)",12,6.014922142028809,6.8337860107421875,0.2898028790950775,0.0004172122185414448,0.0004169940948486328,-2.1812369281197811e-07,0.0005230858074648662,-1.472511649131775,-1.4720946550369263,True
theta3,T4,batch1_0_127,3,7,"(3, 7)",13,5.895652770996094,6.7995781898498535,0.2957020103931427,0.00031913525970955444,0.0003192424774169922,1.0721770743774787e-07,0.0003358503802665987,-1.4817513227462769,-1.4814320802688599,True
theta3,T4,batch1_0_127,3,7,"(3, 7)",14,5.78011417388916,6.7717604637146,0.3025922477245331,0.00021831867222591882,0.00021827220916748047,-4.64630584383471e-08,0.00021286749520501693,-1.4989975690841675,-1.498779296875,True
theta3,T4,batch1_0_127,3,7,"(3, 7)",15,5.6691083908081055,6.7485175132751465,0.308410108089447,0.0001239101081332471,0.0001239776611328125,6.755299956540833e-08,0.0005448804159407508,-1.5130023956298828,-1.51287841796875,True
theta3,T4,batch1_0_127,3,7,"(3, 7)",16,5.563767433166504,6.730679035186768,0.31433165073394775,1.7305897086348495e-05,1.704692840576172e-05,-2.5896868058677643e-07,0.015191515704333408,-1.5307643413543701,-1.5307472944259644,True
theta3,T4,batch1_0_127,3,7,"(3, 7)",17,5.465422630310059,6.7183661460876465,0.320959210395813,-9.68245601330007e-05,-9.66787338256836e-05,1.4582630731710476e-07,0.0015083597141439253,-1.5554940700531006,-1.5555907487869263,False
theta3,T4,batch1_0_127,3,7,"(3, 7)",18,5.373527526855469,6.709629535675049,0.3281320035457611,-0.00021556010060332485,-0.00021541118621826172,1.4891438506313566e-07,0.0006913029340651358,-1.5877383947372437,-1.587953805923462,False
theta3,T4,batch1_0_127,3,7,"(3, 7)",19,5.284900188446045,6.699031829833984,0.3340469002723694,-0.00032772935069889036,-0.00032782554626464844,-9.619556575808002e-08,0.0002934352336300931,-1.6146752834320068,-1.6150031089782715,False
theta3,T4,batch1_0_127,4,5,"(4, 5)",0,8.809192657470703,8.241800308227539,0.21024945378303528,0.0018048033532640983,0.0018044710159301758,-3.3233733392253745e-07,0.00018417438184853465,-1.9490466117858887,-1.9472421407699585,True
theta3,T4,batch1_0_127,4,5,"(4, 5)",1,8.493059158325195,8.080058097839355,0.20582519471645355,0.0015915376323223614,0.001591324806213379,-2.1282610898252195e-07,0.00013374146381149566,-1.830515742301941,-1.8289244174957275,True
theta3,T4,batch1_0_127,4,5,"(4, 5)",2,8.203516006469727,7.92996072769165,0.20108981430530548,0.001398447619058025,0.0013979673385620117,-4.802804960133203e-07,0.0003435563069072488,-1.7111079692840576,-1.7097100019454956,True
theta3,T4,batch1_0_127,4,5,"(4, 5)",3,7.911373138427734,7.783600807189941,0.19660714268684387,0.0012163530132287335,0.0012164115905761719,5.857734743834955e-08,4.815586097021938e-05,-1.6015311479568481,-1.600314736366272,True
theta3,T4,batch1_0_127,4,5,"(4, 5)",4,7.646746635437012,7.665721893310547,0.1927778124809265,0.0010714261934989702,0.001071333885192871,-9.230830609911408e-08,8.616203349387752e-05,-1.5114089250564575,-1.5103375911712646,True
theta3,T4,batch1_0_127,4,5,"(4, 5)",5,7.410556316375732,7.551263809204102,0.18864095211029053,0.0009447343789486077,0.0009446144104003906,-1.19968548217028e-07,0.00012700266573974594,-1.4211642742156982,-1.4202196598052979,True
theta3,T4,batch1_0_127,4,5,"(4, 5)",6,7.1924614906311035,7.455387592315674,0.18431659042835236,0.000842854108415342,0.0008426904678344727,-1.6364058086934617e-07,0.00019418824243955924,-1.342238426208496,-1.3413957357406616,True
theta3,T4,batch1_0_127,4,5,"(4, 5)",7,6.987390041351318,7.381137847900391,0.1808539777994156,0.0007536604993980048,0.0007535219192504883,-1.3858014751651129e-07,0.0001839099088907114,-1.2741940021514893,-1.2734404802322388,True
theta3,T4,batch1_0_127,4,5,"(4, 5)",8,6.799215316772461,7.314978122711182,0.17785927653312683,0.0006814219077089061,0.0006812810897827148,-1.4081792619122235e-07,0.00020669577991095316,-1.2215943336486816,-1.220913052558899,True
theta3,T4,batch1_0_127,4,5,"(4, 5)",9,6.619324207305908,7.246517181396484,0.17496734857559204,0.0006228823743620206,0.000622868537902832,-1.3836459188576629e-08,2.2214092294921994e-05,-1.1697334051132202,-1.1691105365753174,True
theta3,T4,batch1_0_127,4,5,"(4, 5)",10,6.446954727172852,7.185854434967041,0.17058414220809937,0.000571185244581932,0.000571131706237793,-5.353834413898261e-08,9.374080191004438e-05,-1.108067274093628,-1.1074961423873901,True
theta3,T4,batch1_0_127,4,5,"(4, 5)",11,6.2740583419799805,7.136582851409912,0.16792522370815277,0.0005287971146591197,0.0005286931991577148,-1.0391550140482434e-07,0.0001965516136208615,-1.0626310110092163,-1.0621023178100586,True
theta3,T4,batch1_0_127,4,5,"(4, 5)",12,6.120083332061768,7.079963684082031,0.16477519273757935,0.00048394954415325654,0.0004838705062866211,-7.903786663544278e-08,0.00016334508015792274,-1.0203090906143188,-1.0198252201080322,True
theta3,T4,batch1_0_127,4,5,"(4, 5)",13,5.958820343017578,7.036271095275879,0.16104939579963684,0.00043598849076867386,0.00043588876724243164,-9.972352624221508e-08,0.00022878205114827167,-0.977685272693634,-0.9772493839263916,True
theta3,T4,batch1_0_127,4,5,"(4, 5)",14,5.798417568206787,6.994386196136475,0.15779238939285278,0.00039286743026222817,0.0003928542137145996,-1.3216547628557875e-08,3.364237207382844e-05,-0.9383985996246338,-0.9380057454109192,True
theta3,T4,batch1_0_127,4,5,"(4, 5)",15,5.648776531219482,6.960108757019043,0.15295790135860443,0.00034111864137042786,0.00034105777740478516,-6.086396564270336e-08,0.00017845646595669577,-0.8906868100166321,-0.8903457522392273,True
theta3,T4,batch1_0_127,4,5,"(4, 5)",16,5.48884391784668,6.938450336456299,0.14818571507930756,0.00029325124386315944,0.00029331445693969727,6.321307653782112e-08,0.00021551299311106626,-0.8459292054176331,-0.8456358909606934,True
theta3,T4,batch1_0_127,4,5,"(4, 5)",17,5.337643623352051,6.914554119110107,0.14357581734657288,0.0002532839841267722,0.00025326013565063477,-2.3848476137422383e-08,9.416592973132054e-05,-0.8024169206619263,-0.8021636605262756,True
theta3,T4,batch1_0_127,4,5,"(4, 5)",18,5.19826602935791,6.897671699523926,0.13892027735710144,0.0002126059107023346,0.00021255016326904297,-5.574743329163573e-08,0.0002622789483396982,-0.7617232203483582,-0.7615106701850891,True
theta3,T4,batch1_0_127,4,5,"(4, 5)",19,5.063141822814941,6.89163875579834,0.13320066034793854,0.00017015914685809762,0.00016999244689941406,-1.6669995868355525e-07,0.0009806315617198744,-0.717434287071228,-0.7172642946243286,True
theta3,T4,batch1_0_127,4,6,"(4, 6)",0,8.626985549926758,8.241800308227539,0.45458948612213135,0.0031868111105354266,0.0031859874725341797,-8.236380012469416e-07,0.0002585189076690902,-3.610931396484375,-3.607745409011841,True
theta3,T4,batch1_0_127,4,6,"(4, 6)",1,8.363140106201172,8.055542945861816,0.4411095380783081,0.002856942635611199,0.002856731414794922,-2.112208162771169e-07,7.393793311587185e-05,-3.3927981853485107,-3.389941453933716,True
theta3,T4,batch1_0_127,4,6,"(4, 6)",2,8.09858512878418,7.873937606811523,0.4261510968208313,0.0025411603282870566,0.0025408267974853516,-3.335308017050377e-07,0.00013126860990097085,-3.1707708835601807,-3.1682300567626953,True
theta3,T4,batch1_0_127,4,6,"(4, 6)",3,7.847193717956543,7.707318305969238,0.4112510085105896,0.0022427233587866166,0.002241849899291992,-8.734594946244005e-07,0.0003896155112348295,-2.9585015773773193,-2.9562597274780273,True
theta3,T4,batch1_0_127,4,6,"(4, 6)",4,7.604728698730469,7.566002368927002,0.3965494930744171,0.0019517736601187446,0.001951456069946289,-3.17590172455506e-07,0.0001627452328272228,-2.7654519081115723,-2.763500452041626,True
theta3,T4,batch1_0_127,4,6,"(4, 6)",5,7.397920608520508,7.452949047088623,0.3830082416534424,0.0017264644193183832,0.0017261505126953125,-3.1390662307072097e-07,0.00018185356419503,-2.5963902473449707,-2.5946640968322754,True
theta3,T4,batch1_0_127,4,6,"(4, 6)",6,7.202971935272217,7.355058670043945,0.3706884980201721,0.0015318278169729593,0.0015316009521484375,-2.268648245217636e-07,0.0001481226713809046,-2.4461514949798584,-2.44461989402771,True
theta3,T4,batch1_0_127,4,6,"(4, 6)",7,7.024057388305664,7.266777038574219,0.35839152336120605,0.0013585930045617652,0.0013582706451416016,-3.22359420163636e-07,0.00023733077153414414,-2.3062572479248047,-2.304898977279663,True
theta3,T4,batch1_0_127,4,6,"(4, 6)",8,6.847705364227295,7.191113471984863,0.34731513261795044,0.0012141460870329034,0.0012140274047851562,-1.1868224774713547e-07,9.775911752843701e-05,-2.1829288005828857,-2.1817147731781006,True
theta3,T4,batch1_0_127,4,6,"(4, 6)",9,6.68344783782959,7.134495258331299,0.33824294805526733,0.0010991503335093782,0.0010991096496582031,-4.0683851175102315e-08,3.701527976553934e-05,-2.077946901321411,-2.076847791671753,True
theta3,T4,batch1_0_127,4,6,"(4, 6)",10,6.527780532836914,7.080284118652344,0.32967638969421387,0.000995947899869582,0.0009958744049072266,-7.349496235534679e-08,7.379942891713681e-05,-1.987040638923645,-1.9860447645187378,True
theta3,T4,batch1_0_127,4,6,"(4, 6)",11,6.3663129806518555,7.036496639251709,0.3226746618747711,0.0009214346802729462,0.0009214878082275391,5.312795459285185e-08,5.7654538799642144e-05,-1.9059677124023438,-1.9050462245941162,True
theta3,T4,batch1_0_127,4,6,"(4, 6)",12,6.218698024749756,6.994143962860107,0.316531777381897,0.0008281095996318192,0.0008280277252197266,-8.187441209262045e-08,9.887882929390335e-05,-1.8362653255462646,-1.835437297821045,True
theta3,T4,batch1_0_127,4,6,"(4, 6)",13,6.069650650024414,6.97104549407959,0.31052064895629883,0.0007362326985618784,0.000736236572265625,3.873703746551209e-09,5.261493238009949e-06,-1.7735106945037842,-1.7727744579315186,True
theta3,T4,batch1_0_127,4,6,"(4, 6)",14,5.940518379211426,6.946178436279297,0.3044933080673218,0.000639211940074761,0.0006392002105712891,-1.1729503471909382e-08,1.835028098852794e-05,-1.7130303382873535,-1.7123911380767822,True
theta3,T4,batch1_0_127,4,6,"(4, 6)",15,5.811756134033203,6.927347660064697,0.2988993525505066,0.000549358453232051,0.00054931640625,-4.204698205096443e-08,7.654419488033347e-05,-1.6627297401428223,-1.6621804237365723,True
theta3,T4,batch1_0_127,4,6,"(4, 6)",16,5.686310768127441,6.908041477203369,0.29399779438972473,0.0004837276881264712,0.00048339366912841797,-3.340189980532396e-07,0.0006909875312506511,-1.6166051626205444,-1.616121768951416,True
theta3,T4,batch1_0_127,4,6,"(4, 6)",17,5.568202018737793,6.898307800292969,0.28895044326782227,0.0004057436812004565,0.0004055500030517578,-1.9367814869871184e-07,0.0004775690968839517,-1.5748910903930664,-1.5744855403900146,True
theta3,T4,batch1_0_127,4,6,"(4, 6)",18,5.456329345703125,6.90099573135376,0.28434377908706665,0.00033397725707686967,0.0003339052200317383,-7.203704513138913e-08,0.0002157409971744134,-1.5335593223571777,-1.533225417137146,True
theta3,T4,batch1_0_127,4,6,"(4, 6)",19,5.3479905128479,6.914183139801025,0.279529869556427,0.00026352748451747134,0.00026357173919677734,4.4254679306006926e-08,0.0001679037344476726,-1.4991991519927979,-1.498935580253601,True
theta3,T4,batch1_0_127,4,7,"(4, 7)",0,8.586175918579102,8.241800308227539,0.3319525122642517,0.0026573204740496206,0.002657175064086914,-1.454099627065837e-07,5.472351621534992e-05,-2.9814555644989014,-2.9787983894348145,True
theta3,T4,batch1_0_127,4,7,"(4, 7)",1,8.226226806640625,8.033552169799805,0.31681859493255615,0.0022544984495558745,0.002254009246826172,-4.892027297026015e-07,0.0002170367004445251,-2.682048797607422,-2.6797947883605957,True
theta3,T4,batch1_0_127,4,7,"(4, 7)",2,7.894217491149902,7.840240478515625,0.30335545539855957,0.0019144636448581909,0.0019142627716064453,-2.0087325174555047e-07,0.0001049350458698928,-2.4118926525115967,-2.4099783897399902,True
theta3,T4,batch1_0_127,4,7,"(4, 7)",3,7.550998687744141,7.675983428955078,0.28894343972206116,0.0015957583331578072,0.0015957355499267578,-2.2783231049374256e-08,1.4277573154536775e-05,-2.155444622039795,-2.153848886489868,True
theta3,T4,batch1_0_127,4,7,"(4, 7)",4,7.246198654174805,7.557861804962158,0.2760317325592041,0.001315448496705855,0.0013152360916137695,-2.1240509208539544e-07,0.00016149579032976387,-1.9369254112243652,-1.9356101751327515,True
theta3,T4,batch1_0_127,4,7,"(4, 7)",5,6.996135711669922,7.464099407196045,0.26677048206329346,0.0011024425762431588,0.0011022090911865234,-2.3348505663535642e-07,0.0002118337242020121,-1.7599186897277832,-1.7588164806365967,True
theta3,T4,batch1_0_127,4,7,"(4, 7)",6,6.772628307342529,7.400868892669678,0.2585155963897705,0.0008956066694895243,0.0008956193923950195,1.2722905495202858e-08,1.4205705686184302e-05,-1.6115436553955078,-1.6106480360031128,True
theta3,T4,batch1_0_127,4,7,"(4, 7)",7,6.576258659362793,7.359971523284912,0.2522569000720978,0.0007167446340917634,0.0007166862487792969,-5.838531246654937e-08,8.146565190276045e-05,-1.49847412109375,-1.4977574348449707,True
theta3,T4,batch1_0_127,4,7,"(4, 7)",8,6.397829055786133,7.340034008026123,0.24609950184822083,0.0005641602853650718,0.0005640983581542969,-6.192721077494072e-08,0.0001097808739907764,-1.4016695022583008,-1.4011054039001465,True
theta3,T4,batch1_0_127,4,7,"(4, 7)",9,6.242098808288574,7.325476169586182,0.24236810207366943,0.0004410821764080944,0.0004410743713378906,-7.805070203754753e-09,1.7695587662642906e-05,-1.3343523740768433,-1.3339112997055054,True
theta3,T4,batch1_0_127,4,7,"(4, 7)",10,6.1091508865356445,7.305747032165527,0.24009919166564941,0.000329910055803326,0.0003298521041870117,-5.7951616314261874e-08,0.00017568969722686942,-1.2797341346740723,-1.2794042825698853,True
theta3,T4,batch1_0_127,4,7,"(4, 7)",11,5.981842041015625,7.288333892822266,0.2388000339269638,0.00021760842673078314,0.00021767616271972656,6.773598894342604e-08,0.00031117779777586815,-1.236411452293396,-1.2361937761306763,True
theta3,T4,batch1_0_127,4,7,"(4, 7)",12,5.86213493347168,7.289443492889404,0.2368640899658203,0.00011316234572778626,0.00011324882507324219,8.647934545593229e-08,0.0007636224517119971,-1.200273036956787,-1.2001597881317139,True
theta3,T4,batch1_0_127,4,7,"(4, 7)",13,5.757718086242676,7.280641555786133,0.23563505709171295,1.0375396412567952e-05,1.0251998901367188e-05,-1.2339751120076494e-07,0.012036434298125889,-1.1685513257980347,-1.1685410737991333,True
theta3,T4,batch1_0_127,4,7,"(4, 7)",14,5.656582832336426,7.276866912841797,0.2347460389137268,-8.945771243772728e-05,-8.952617645263672e-05,-6.846401490943595e-08,0.000764737394382708,-1.1436364650726318,-1.1437259912490845,False
theta3,T4,batch1_0_127,4,7,"(4, 7)",15,5.55670166015625,7.273878574371338,0.23397991061210632,-0.00018824238466234893,-0.0001882314682006836,1.0916461665340643e-08,5.7994881353749105e-05,-1.1229301691055298,-1.1231184005737305,False
theta3,T4,batch1_0_127,4,7,"(4, 7)",16,5.456366539001465,7.267241477966309,0.2339598834514618,-0.00027700044786132014,-0.0002770423889160156,-4.194105469548142e-08,0.00015138858302364585,-1.1074333190917969,-1.107710361480713,False
theta3,T4,batch1_0_127,4,7,"(4, 7)",17,5.362573146820068,7.257469177246094,0.23495417833328247,-0.00037077097192912494,-0.00037086009979248047,-8.912786335552904e-08,0.00024032745341276044,-1.098853588104248,-1.0992244482040405,False
theta3,T4,batch1_0_127,4,7,"(4, 7)",18,5.26924991607666,7.25443696975708,0.23585540056228638,-0.0004543418929743891,-0.0004545450210571289,-2.0312808273983312e-07,0.0004468822082077173,-1.091253638267517,-1.0917081832885742,False
theta3,T4,batch1_0_127,4,7,"(4, 7)",19,5.177631378173828,7.242952346801758,0.23708537220954895,-0.0005430372618463004,-0.0005429983139038086,3.894794249181127e-08,7.172755696385247e-05,-1.08463716506958,-1.0851801633834839,False
theta3,T4,batch1_0_127,5,6,"(5, 6)",0,8.593879699707031,8.241800308227539,0.33103668689727783,0.002753114609227334,0.002752542495727539,-5.721134997949649e-07,0.00020784910702849896,-2.4971823692321777,-2.49442982673645,True
theta3,T4,batch1_0_127,5,6,"(5, 6)",1,8.305707931518555,8.048931121826172,0.3196311593055725,0.0023920311095202086,0.0023915767669677734,-4.5434255243519475e-07,0.00018997615243237435,-2.3292038440704346,-2.326812267303467,True
theta3,T4,batch1_0_127,5,6,"(5, 6)",2,8.028785705566406,7.866494655609131,0.30615273118019104,0.002060394433741361,0.0020599365234375,-4.5791030386108447e-07,0.00022229340499140763,-2.1526200771331787,-2.150560140609741,True
theta3,T4,batch1_0_127,5,6,"(5, 6)",3,7.748152732849121,7.699793815612793,0.29037365317344666,0.0017376704266845859,0.001737356185913086,-3.142407714999164e-07,0.00018087296896736451,-1.9712393283843994,-1.9695019721984863,True
theta3,T4,batch1_0_127,5,6,"(5, 6)",4,7.487980842590332,7.561334133148193,0.2762428820133209,0.0014649847365370827,0.0014647245407104492,-2.601958266335285e-07,0.00017764147414866367,-1.8100907802581787,-1.8086260557174683,True
theta3,T4,batch1_0_127,5,6,"(5, 6)",5,7.245301723480225,7.440611839294434,0.26110339164733887,0.0012448799163102086,0.0012447834014892578,-9.651482095083749e-08,7.753543374322573e-05,-1.6514238119125366,-1.6501790285110474,True
theta3,T4,batch1_0_127,5,6,"(5, 6)",6,7.0024094581604,7.331881046295166,0.2451333999633789,0.0010498178692596566,0.0010497570037841797,-6.086547547695317e-08,5.798053764589748e-05,-1.495181918144226,-1.494132161140442,True
theta3,T4,batch1_0_127,5,6,"(5, 6)",7,6.776681900024414,7.245237350463867,0.22882355749607086,0.000880020749458076,0.0008800029754638672,-1.777399420883636e-08,2.019765239937664e-05,-1.3481154441833496,-1.3472354412078857,True
theta3,T4,batch1_0_127,5,6,"(5, 6)",8,6.564063549041748,7.17793607711792,0.2124924659729004,0.0007352248755509647,0.000735163688659668,-6.118689129669397e-08,8.322893559698028e-05,-1.2168458700180054,-1.2161107063293457,True
theta3,T4,batch1_0_127,5,6,"(5, 6)",9,6.371492862701416,7.128335952758789,0.19691798090934753,0.0006049112529047387,0.0006048679351806641,-4.331772407461555e-08,7.161517672725909e-05,-1.094984769821167,-1.0943799018859863,True
theta3,T4,batch1_0_127,5,6,"(5, 6)",10,6.177827835083008,7.080483436584473,0.1836007535457611,0.0004955308811194687,0.0004954934120178223,-3.746910164645692e-08,7.561977765530656e-05,-0.9883345365524292,-0.9878390431404114,True
theta3,T4,batch1_0_127,5,6,"(5, 6)",11,5.999392032623291,7.051200866699219,0.17123965919017792,0.0004159714054281625,0.00041598081588745117,9.410459288661417e-09,2.2622339610987096e-05,-0.8979485630989075,-0.89753258228302,True
theta3,T4,batch1_0_127,5,6,"(5, 6)",12,5.83595609664917,7.0213847160339355,0.15924668312072754,0.00032936555771148683,0.0003293156623840332,-4.989532745362747e-08,0.00015151216037651366,-0.8136892914772034,-0.8133599758148193,True
theta3,T4,batch1_0_127,5,6,"(5, 6)",13,5.677996635437012,7.001016616821289,0.14699232578277588,0.00026081695600796174,0.000260770320892334,-4.663511562775233e-08,0.0001788359789878346,-0.7364122271537781,-0.7361514568328857,True
theta3,T4,batch1_0_127,5,6,"(5, 6)",14,5.528604030609131,6.994261264801025,0.13351468741893768,0.00020828824121515844,0.00020825862884521484,-2.961236994359468e-08,0.0001421903625688597,-0.6564191579818726,-0.6562108993530273,True
theta3,T4,batch1_0_127,5,6,"(5, 6)",15,5.385656356811523,6.98810338973999,0.12233278155326843,0.00017003773242925082,0.00017005205154418945,1.4319114938633314e-08,8.42043057323091e-05,-0.5878812670707703,-0.5877112150192261,True
theta3,T4,batch1_0_127,5,6,"(5, 6)",16,5.24618673324585,6.990312576293945,0.11114665865898132,0.00013480067600398984,0.0001347661018371582,-3.457416683163997e-08,0.00025654943164726205,-0.5220797657966614,-0.5219449996948242,True
theta3,T4,batch1_0_127,5,6,"(5, 6)",17,5.117282867431641,7.007265567779541,0.10041909664869308,0.00010870241447366691,0.00010865926742553711,-4.314704812980277e-08,0.00039708576315748603,-0.46463334560394287,-0.46452468633651733,True
theta3,T4,batch1_0_127,5,6,"(5, 6)",18,4.987326622009277,7.022519111633301,0.0895867645740509,8.928690764303557e-05,8.919835090637207e-05,-8.85567366635013e-08,0.0009928068822309928,-0.4106428325176239,-0.41055363416671753,True
theta3,T4,batch1_0_127,5,6,"(5, 6)",19,4.864626884460449,7.050917148590088,0.07836654782295227,7.396873006080564e-05,7.393956184387207e-05,-2.916821693356962e-08,0.00039448728402205176,-0.3551689684391022,-0.3550950288772583,True
theta3,T4,batch1_0_127,5,7,"(5, 7)",0,8.61972427368164,8.241800308227539,0.2083997130393982,0.0018096537585114909,0.0018094778060913086,-1.759524201822623e-07,9.723933589566421e-05,-1.867706298828125,-1.8658968210220337,True
theta3,T4,batch1_0_127,5,7,"(5, 7)",1,8.250452041625977,8.023599624633789,0.2065989077091217,0.0015788283064714578,0.0015784502029418945,-3.781035295632746e-07,0.00023954099334814002,-1.74868643283844,-1.747107982635498,True
theta3,T4,batch1_0_127,5,7,"(5, 7)",2,7.89894437789917,7.826136589050293,0.20716191828250885,0.0013982628779211533,0.0013980865478515625,-1.7633006959075215e-07,0.00012612242772932643,-1.6620599031448364,-1.6606618165969849,True
theta3,T4,batch1_0_127,5,7,"(5, 7)",3,7.552793979644775,7.652133464813232,0.20595583319664001,0.0012131712532897658,0.00121307373046875,-9.752282101576498e-08,8.039315217722231e-05,-1.5592960119247437,-1.558082938194275,True
theta3,T4,batch1_0_127,5,7,"(5, 7)",4,7.248291492462158,7.522066116333008,0.2039811909198761,0.0010501240883393262,0.0010497570037841797,-3.670845551465539e-07,0.00034968526413568286,-1.4564781188964844,-1.4554283618927002,True
theta3,T4,batch1_0_127,5,7,"(5, 7)",5,6.981550216674805,7.40099573135376,0.2037031650543213,0.0009058471889044607,0.0009057521820068359,-9.500689762481033e-08,0.00010489281672422544,-1.3737421035766602,-1.3728363513946533,True
theta3,T4,batch1_0_127,5,7,"(5, 7)",6,6.7462968826293945,7.325144290924072,0.20265430212020874,0.0007722334865764123,0.0007721185684204102,-1.1491815600213427e-07,0.00014883485607298928,-1.3015602827072144,-1.300788164138794,True
theta3,T4,batch1_0_127,5,7,"(5, 7)",7,6.526506423950195,7.2483015060424805,0.201088547706604,0.000640137318473108,0.0006401538848876953,1.656641458736008e-08,2.5878800361051294e-05,-1.2314589023590088,-1.230818748474121,True
theta3,T4,batch1_0_127,5,7,"(5, 7)",8,6.335080623626709,7.207123279571533,0.2001214623451233,0.0005277331542638777,0.0005276203155517578,-1.1283871211985753e-07,0.000213863471124793,-1.1796246767044067,-1.179097056388855,True
theta3,T4,batch1_0_127,5,7,"(5, 7)",9,6.164778232574463,7.177545070648193,0.19845642149448395,0.00042083487216224583,0.0004208087921142578,-2.608004798801628e-08,6.197600543701339e-05,-1.1323400735855103,-1.131919264793396,True
theta3,T4,batch1_0_127,5,7,"(5, 7)",10,6.00529670715332,7.149757385253906,0.1971803605556488,0.00032384335567652717,0.00032389163970947266,4.828403294548922e-08,0.00014907465036392874,-1.0920461416244507,-1.0917222499847412,True
theta3,T4,batch1_0_127,5,7,"(5, 7)",11,5.860593795776367,7.124935150146484,0.19720503687858582,0.0002378685961388312,0.00023794174194335938,7.314580452818424e-08,0.0003074105616390594,-1.0690276622772217,-1.0687897205352783,True
theta3,T4,batch1_0_127,5,7,"(5, 7)",12,5.719813346862793,7.117025852203369,0.19673538208007812,0.00014377563732822477,0.0001436471939086914,-1.284434195333601e-07,0.000894158918377511,-1.046425223350525,-1.0462815761566162,True
theta3,T4,batch1_0_127,5,7,"(5, 7)",13,5.58908748626709,7.107890605926514,0.19601324200630188,5.479352727051996e-05,5.4836273193359375e-05,4.2745922839416387e-08,0.0007795191093437196,-1.0247671604156494,-1.024712324142456,True
theta3,T4,batch1_0_127,5,7,"(5, 7)",14,5.46640682220459,7.104689598083496,0.19504225254058838,-3.510719826310638e-05,-3.516674041748047e-05,-5.954215437408897e-08,0.0016931382797278568,-1.0010278224945068,-1.0010629892349243,False
theta3,T4,batch1_0_127,5,7,"(5, 7)",15,5.350509166717529,7.089048862457275,0.19371894001960754,-0.00011382715090397823,-0.0001138448715209961,-1.7720617017863492e-08,0.00015565582165548254,-0.9788139462471008,-0.9789277911186218,False
theta3,T4,batch1_0_127,5,7,"(5, 7)",16,5.242204189300537,7.088918685913086,0.1929483264684677,-0.00018754887217991938,-0.0001876354217529297,-8.654957301030847e-08,0.00046126457468288295,-0.9619647860527039,-0.9621524214744568,False
theta3,T4,batch1_0_127,5,7,"(5, 7)",17,5.140984535217285,7.087441444396973,0.19140483438968658,-0.0002509239544819659,-0.0002509951591491699,-7.120466720400825e-08,0.0002836894043908246,-0.9392974376678467,-0.9395484328269958,False
theta3,T4,batch1_0_127,5,7,"(5, 7)",18,5.041659355163574,7.083487510681152,0.1900368630886078,-0.00030614706007044476,-0.00030624866485595703,-1.0160478551227018e-07,0.00033177217461522525,-0.9195848703384399,-0.9198911190032959,False
theta3,T4,batch1_0_127,5,7,"(5, 7)",19,4.944579601287842,7.081841468811035,0.1874743103981018,-0.000356345918243489,-0.00035649538040161133,-1.4946215812233375e-07,0.000419254123164111,-0.8907889127731323,-0.8911454081535339,False
theta3,T4,batch1_0_127,6,7,"(6, 7)",0,8.40190315246582,8.241800308227539,0.45273977518081665,0.0032528575783044834,0.0032525062561035156,-3.5132220096772623e-07,0.00010801584172465459,-3.5295910835266113,-3.526338577270508,True
theta3,T4,batch1_0_127,6,7,"(6, 7)",1,8.097049713134766,8.023585319519043,0.43541207909584045,0.002784684821451907,0.0027840137481689453,-6.710732829615616e-07,0.00024104524749668662,-3.2370707988739014,-3.2342867851257324,True
theta3,T4,batch1_0_127,6,7,"(6, 7)",2,7.8092193603515625,7.826531887054443,0.4178678095340729,0.002389709970122667,0.0023894309997558594,-2.789703668075634e-07,0.00011675179858136404,-2.9650561809539795,-2.9626667499542236,True
theta3,T4,batch1_0_127,6,7,"(6, 7)",3,7.5263671875,7.6468329429626465,0.39976316690444946,0.0020179856299578493,0.0020177364349365234,-2.4919502132582025e-07,0.00012350226571274645,-2.703312635421753,-2.7012948989868164,True
theta3,T4,batch1_0_127,6,7,"(6, 7)",4,7.266772747039795,7.509998321533203,0.3822718560695648,0.001713116214356527,0.001712799072265625,-3.1714209090209083e-07,0.0001851601253395049,-2.464466094970703,-2.4627532958984375,True
theta3,T4,batch1_0_127,6,7,"(6, 7)",5,7.030816555023193,7.403688430786133,0.36398792266845703,0.0014505067209383954,0.0014503002166748047,-2.0650426359072709e-07,0.0001423872528021767,-2.2361998558044434,-2.2347495555877686,True
theta3,T4,batch1_0_127,6,7,"(6, 7)",6,6.8123860359191895,7.315622329711914,0.34870481491088867,0.00123590612585704,0.0012357234954833984,-1.826303736415704e-07,0.0001477922644581002,-2.0456559658050537,-2.0444202423095703,True
theta3,T4,batch1_0_127,6,7,"(6, 7)",7,6.605084419250488,7.246621608734131,0.33421820402145386,0.0010425045961177527,0.0010423660278320312,-1.3856828572143647e-07,0.00013293630262455714,-1.877258062362671,-1.8762156963348389,True
theta3,T4,batch1_0_127,6,7,"(6, 7)",8,6.419441223144531,7.190140247344971,0.32192263007164,0.0008750364676790572,0.0008751153945922852,7.89269132279568e-08,9.019029229251386e-05,-1.7333319187164307,-1.7324568033218384,True
theta3,T4,batch1_0_127,6,7,"(6, 7)",9,6.248478889465332,7.161332607269287,0.308468222618103,0.0007268793936389204,0.0007270574569702148,1.780633312944025e-07,0.0002449095729468561,-1.6000018119812012,-1.599274754524231,True
theta3,T4,batch1_0_127,6,7,"(6, 7)",10,6.100581645965576,7.146578788757324,0.29680967330932617,0.0005965889006290351,0.0005965232849121094,-6.56157169257347e-08,0.00010999690805934322,-1.4889625310897827,-1.4883660078048706,True
theta3,T4,batch1_0_127,6,7,"(6, 7)",11,5.936581134796143,7.142383098602295,0.28520524501800537,0.0004756492655878759,0.0004756450653076172,-4.200280258694934e-09,8.830702902338444e-06,-1.38935124874115,-1.3888756036758423,True
theta3,T4,batch1_0_127,6,7,"(6, 7)",12,5.78874397277832,7.149938106536865,0.27547451853752136,0.0003472272752481432,0.000347137451171875,-8.982407626820796e-08,0.000258756512629155,-1.3068809509277344,-1.3065338134765625,True
theta3,T4,batch1_0_127,6,7,"(6, 7)",13,5.663595199584961,7.154570579528809,0.26480478048324585,0.0002468165755757931,0.0002467632293701172,-5.334620567591089e-08,0.00021618377183700073,-1.2294920682907104,-1.2292453050613403,True
theta3,T4,batch1_0_127,6,7,"(6, 7)",14,5.544190883636475,7.156592845916748,0.25425827503204346,0.0001403248269193754,0.00014030933380126953,-1.5493118105857013e-08,0.00011042115079671792,-1.1523219347000122,-1.152181625366211,True
theta3,T4,batch1_0_127,6,7,"(6, 7)",15,5.431017875671387,7.163551330566406,0.24463751912117004,5.1629601224808305e-05,5.14984130859375e-05,-1.3118813887080458e-07,0.0025474209982331996,-1.0845800638198853,-1.0845285654067993,True
theta3,T4,batch1_0_127,6,7,"(6, 7)",16,5.328376770019531,7.18107795715332,0.23643329739570618,-2.1869450072263228e-05,-2.193450927734375e-05,-6.505920508052208e-08,0.002966066131587544,-1.0318562984466553,-1.0318782329559326,False
theta3,T4,batch1_0_127,6,7,"(6, 7)",17,5.2300615310668945,7.190067291259766,0.22865447402000427,-8.267228497594894e-05,-8.273124694824219e-05,-5.896197229325075e-08,0.0007126928998198005,-0.9799320101737976,-0.9800147414207458,False
theta3,T4,batch1_0_127,6,7,"(6, 7)",18,5.130821228027344,7.203938007354736,0.22147947549819946,-0.00013891645068959998,-0.00013893842697143555,-2.197628183557153e-08,0.00015817281305545262,-0.9343302249908447,-0.9344691634178162,False
theta3,T4,batch1_0_127,6,7,"(6, 7)",19,5.038400173187256,7.217998504638672,0.21545711159706116,-0.00018566450998629605,-0.00018554925918579102,1.1525080050503304e-07,0.0006211331751512523,-0.8960485458374023,-0.8962340950965881,False
theta3,T4,batch2_128_255,0,1,"(0, 1)",0,7.945411205291748,8.241800308227539,0.15629148483276367,0.0007818822629762108,0.0007817745208740234,-1.077421021873767e-07,0.0001378173620533464,-0.980730414390564,-0.9799486398696899,True
theta3,T4,batch2_128_255,0,1,"(0, 1)",1,7.7888994216918945,8.158296585083008,0.1587352156639099,0.0007374913499419996,0.0007374286651611328,-6.268478086677697e-08,8.500453512080379e-05,-0.9677992463111877,-0.9670618176460266,True
theta3,T4,batch2_128_255,0,1,"(0, 1)",2,7.635220527648926,8.073775291442871,0.16067703068256378,0.000696373518385497,0.0006963014602661133,-7.205811938370416e-08,0.00010348695715238756,-0.9523788690567017,-0.9516825675964355,True
theta3,T4,batch2_128_255,0,1,"(0, 1)",3,7.485837936401367,7.978213310241699,0.16332601010799408,0.0006605586717648628,0.0006604790687561035,-7.960300875929638e-08,0.00012052313619750992,-0.9404524564743042,-0.9397919774055481,True
theta3,T4,batch2_128_255,0,1,"(0, 1)",4,7.342081546783447,7.881612777709961,0.16572415828704834,0.0006271972096872941,0.0006271600723266602,-3.7137360633975394e-08,5.921512269778579e-05,-0.9281417727470398,-0.9275146126747131,True
theta3,T4,batch2_128_255,0,1,"(0, 1)",5,7.195043563842773,7.795615196228027,0.1687530130147934,0.0005942859894048875,0.0005941987037658691,-8.728563901836631e-08,0.00014689638073118262,-0.923664927482605,-0.9230707287788391,True
theta3,T4,batch2_128_255,0,1,"(0, 1)",6,7.057114124298096,7.714582443237305,0.17130684852600098,0.000564583048358756,0.0005645155906677246,-6.745769103142125e-08,0.00011949659521649427,-0.917434573173523,-0.9168700575828552,True
theta3,T4,batch2_128_255,0,1,"(0, 1)",7,6.922150611877441,7.6380615234375,0.17393910884857178,0.0005361941909335449,0.0005361437797546387,-5.0411178906272815e-08,9.40254849722271e-05,-0.9106869697570801,-0.9101508259773254,True
theta3,T4,batch2_128_255,0,1,"(0, 1)",8,6.785506725311279,7.549380302429199,0.17677003145217896,0.000508118071008488,0.0005080699920654297,-4.8078943058358845e-08,9.463055053282344e-05,-0.9031798243522644,-0.902671754360199,True
theta3,T4,batch2_128_255,0,1,"(0, 1)",9,6.6519317626953125,7.476489067077637,0.1796875298023224,0.00047479262111746744,0.00047475099563598633,-4.1625481481111486e-08,8.76785554190342e-05,-0.8992445468902588,-0.8987697958946228,True
theta3,T4,batch2_128_255,0,1,"(0, 1)",10,6.524864196777344,7.409191131591797,0.18252643942832947,0.000439715075878624,0.00043958425521850586,-1.3082066011813618e-07,0.0002976008775680754,-0.8969905972480774,-0.8965510129928589,True
theta3,T4,batch2_128_255,0,1,"(0, 1)",11,6.399697303771973,7.3393120765686035,0.18538428843021393,0.000411788074771229,0.0004118680953979492,8.002062672023396e-08,0.0001942870244487318,-0.8988747596740723,-0.8984628915786743,True
theta3,T4,batch2_128_255,0,1,"(0, 1)",12,6.279041767120361,7.273624420166016,0.18888548016548157,0.00038305967165038634,0.00038301944732666016,-4.022432372618621e-08,0.0001050190114547387,-0.9041277766227722,-0.9037447571754456,True
theta3,T4,batch2_128_255,0,1,"(0, 1)",13,6.162715911865234,7.204689979553223,0.1929023563861847,0.0003479230262706847,0.00034797191619873047,4.888992804574863e-08,0.00014049963738403266,-0.9071444869041443,-0.9067965149879456,True
theta3,T4,batch2_128_255,0,1,"(0, 1)",14,6.048270225524902,7.134458065032959,0.1964019238948822,0.00031219216555366516,0.0003121495246887207,-4.2640864944456375e-08,0.00013660397204505874,-0.9079352021217346,-0.9076230525970459,True
theta3,T4,batch2_128_255,0,1,"(0, 1)",15,5.940245628356934,7.086399555206299,0.19926059246063232,0.0002778457891311746,0.0002778768539428711,3.106481169648295e-08,0.00011179344826924515,-0.9094195365905762,-0.9091416597366333,True
theta3,T4,batch2_128_255,0,1,"(0, 1)",16,5.830323219299316,7.031859874725342,0.20233014225959778,0.00024353056096013345,0.0002434849739074707,-4.558705266275169e-08,0.00018722737560008818,-0.9083930253982544,-0.9081495404243469,True
theta3,T4,batch2_128_255,0,1,"(0, 1)",17,5.721113204956055,6.98991060256958,0.2057422250509262,0.00021258863845958744,0.00021260976791381836,2.1129454230923213e-08,9.938138984982132e-05,-0.9087594151496887,-0.9085468053817749,True
theta3,T4,batch2_128_255,0,1,"(0, 1)",18,5.614232540130615,6.945858955383301,0.20963579416275024,0.00017871504905864582,0.00017875432968139648,3.92806227506677e-08,0.00021974641297181266,-0.9134388566017151,-0.9132601022720337,True
theta3,T4,batch2_128_255,0,1,"(0, 1)",19,5.509250640869141,6.913896560668945,0.21182771027088165,0.0001548935249440251,0.00015497207641601562,7.855147199053157e-08,0.000506875004885807,-0.9107986688613892,-0.9106436967849731,True
theta3,T4,batch2_128_255,0,2,"(0, 2)",0,8.57258415222168,8.241800308227539,0.18100827932357788,0.0012380061026242201,0.0012378692626953125,-1.3683992890764843e-07,0.00011054473443317902,-1.5370664596557617,-1.5358285903930664,True
theta3,T4,batch2_128_255,0,2,"(0, 2)",1,8.36546516418457,8.122224807739258,0.18493196368217468,0.0011945033890141058,0.0011943578720092773,-1.4551700482849476e-07,0.0001218370207446202,-1.5172260999679565,-1.5160317420959473,True
theta3,T4,batch2_128_255,0,2,"(0, 2)",2,8.165763854980469,7.986859321594238,0.18875598907470703,0.0011541451486409631,0.001154184341430664,3.9192789700942185e-08,3.3957131711179635e-05,-1.4935742616653442,-1.4924200773239136,True
theta3,T4,batch2_128_255,0,2,"(0, 2)",3,7.969043254852295,7.846437454223633,0.19284003973007202,0.0011164254019248405,0.0011163949966430664,-3.040528177410823e-08,2.723523651174997e-05,-1.4704875946044922,-1.4693711996078491,True
theta3,T4,batch2_128_255,0,2,"(0, 2)",4,7.772242546081543,7.723959922790527,0.19742318987846375,0.0010743233237662114,0.0010741949081420898,-1.2841562412155456e-07,0.00011954592518378266,-1.450850248336792,-1.44977605342865,True
theta3,T4,batch2_128_255,0,2,"(0, 2)",5,7.588260650634766,7.60260009765625,0.20232942700386047,0.0010361918970284234,0.0010361671447753906,-2.4752253032812865e-08,2.388828207651614e-05,-1.4364829063415527,-1.4354467391967773,True
theta3,T4,batch2_128_255,0,2,"(0, 2)",6,7.419106483459473,7.496525764465332,0.20797529816627502,0.0010054383231225014,0.0010052919387817383,-1.4638434076312198e-07,0.00014561376165068792,-1.4255540370941162,-1.4245487451553345,True
theta3,T4,batch2_128_255,0,2,"(0, 2)",7,7.253854751586914,7.38266134262085,0.21396827697753906,0.0009734726686992199,0.0009733438491821289,-1.2881951709097124e-07,0.00013234738905394466,-1.4178937673568726,-1.4169204235076904,True
theta3,T4,batch2_128_255,0,2,"(0, 2)",8,7.097046375274658,7.272778034210205,0.21958717703819275,0.000938835197870074,0.0009386539459228516,-1.812519472224475e-07,0.00019309773107515886,-1.4093092679977417,-1.4083706140518188,True
theta3,T4,batch2_128_255,0,2,"(0, 2)",9,6.947854042053223,7.164636611938477,0.22453369200229645,0.0008973354949841227,0.0008972883224487305,-4.717253539220437e-08,5.2572327324475715e-05,-1.3957619667053223,-1.3948646783828735,True
theta3,T4,batch2_128_255,0,2,"(0, 2)",10,6.810250759124756,7.074906826019287,0.23049849271774292,0.0008541821289952617,0.0008541345596313477,-4.7569363914069795e-08,5.56930560620345e-05,-1.3945879936218262,-1.3937338590621948,True
theta3,T4,batch2_128_255,0,2,"(0, 2)",11,6.680327415466309,6.987741470336914,0.2357340157032013,0.0008099101111933886,0.0008099079132080078,-2.1979853808340097e-09,2.7138707314611745e-06,-1.3895341157913208,-1.3887242078781128,True
theta3,T4,batch2_128_255,0,2,"(0, 2)",12,6.554981708526611,6.90978479385376,0.23995187878608704,0.0007651699255201654,0.0007652044296264648,3.4504106299448715e-08,4.509135724200123e-05,-1.3785617351531982,-1.3777965307235718,True
theta3,T4,batch2_128_255,0,2,"(0, 2)",13,6.434309005737305,6.838913917541504,0.24406468868255615,0.000732723247557899,0.0007326602935791016,-6.295397879743387e-08,8.59251952769255e-05,-1.3695814609527588,-1.3688488006591797,True
theta3,T4,batch2_128_255,0,2,"(0, 2)",14,6.313589096069336,6.762444972991943,0.24857531487941742,0.0006966602621273967,0.0006965398788452148,-1.2038328218186376e-07,0.000172830423408701,-1.3615424633026123,-1.360845923423767,True
theta3,T4,batch2_128_255,0,2,"(0, 2)",15,6.196172714233398,6.705954551696777,0.2525094151496887,0.0006498584548306479,0.0006498098373413086,-4.8617489339279965e-08,7.481802605235712e-05,-1.3539278507232666,-1.3532780408859253,True
theta3,T4,batch2_128_255,0,2,"(0, 2)",16,6.079802513122559,6.648036956787109,0.2571442425251007,0.0006152504619939457,0.0006151199340820312,-1.305279119144737e-07,0.00021219912521493206,-1.3570054769515991,-1.356390357017517,True
theta3,T4,batch2_128_255,0,2,"(0, 2)",17,5.96061897277832,6.599554538726807,0.2618291974067688,0.0005635701664699886,0.000563502311706543,-6.785476344564959e-08,0.00012041612258901707,-1.3611854314804077,-1.3606219291687012,True
theta3,T4,batch2_128_255,0,2,"(0, 2)",18,5.853453636169434,6.565409183502197,0.26668626070022583,0.0005167209067165207,0.0005166530609130859,-6.784580343474796e-08,0.00013131791634959718,-1.3758326768875122,-1.3753160238265991,True
theta3,T4,batch2_128_255,0,2,"(0, 2)",19,5.749211311340332,6.526515007019043,0.27217531204223633,0.0004642974335214427,0.0004642009735107422,-9.646001070053208e-08,0.00020779795003661247,-1.3940808773040771,-1.3936166763305664,True
theta3,T4,batch2_128_255,0,3,"(0, 3)",0,8.39071273803711,8.241800308227539,0.16312158107757568,0.0010279656411284147,0.0010279417037963867,-2.3937332028003966e-08,2.328666298837647e-05,-1.2482246160507202,-1.2471966743469238,True
theta3,T4,batch2_128_255,0,3,"(0, 3)",1,8.191877365112305,8.117961883544922,0.16458526253700256,0.0009567240950132028,0.0009566545486450195,-6.954636818322889e-08,7.2697472961094e-05,-1.2167662382125854,-1.2158095836639404,True
theta3,T4,batch2_128_255,0,3,"(0, 3)",2,8.0186185836792,7.998929500579834,0.16565164923667908,0.0008915724109243706,0.000891566276550293,-6.134374077606218e-09,6.880446511886635e-06,-1.1846333742141724,-1.183741807937622,True
theta3,T4,batch2_128_255,0,3,"(0, 3)",3,7.856424331665039,7.876807689666748,0.16663646697998047,0.0008303507210337627,0.0008301734924316406,-1.7722860212211755e-07,0.00021348381240528607,-1.1516835689544678,-1.1508533954620361,True
theta3,T4,batch2_128_255,0,3,"(0, 3)",4,7.701700210571289,7.762392997741699,0.16688238084316254,0.0007669996857466455,0.0007669925689697266,-7.116776918974187e-09,9.278808174809172e-06,-1.1146297454833984,-1.1138627529144287,True
theta3,T4,batch2_128_255,0,3,"(0, 3)",5,7.557163238525391,7.653975009918213,0.16687965393066406,0.0007050872090062477,0.0007050037384033203,-8.347060292740113e-08,0.00011839739051092671,-1.0798019170761108,-1.0790969133377075,True
theta3,T4,batch2_128_255,0,3,"(0, 3)",6,7.416351318359375,7.556711673736572,0.16738702356815338,0.000653278278625623,0.0006532669067382812,-1.1371887341732681e-08,1.7407719914225823e-05,-1.0535746812820435,-1.0529214143753052,True
theta3,T4,batch2_128_255,0,3,"(0, 3)",7,7.283684253692627,7.464993953704834,0.16768503189086914,0.0006060782544980443,0.0006061792373657227,1.0098286767836091e-07,0.00016658912323886722,-1.0291916131973267,-1.028585433959961,True
theta3,T4,batch2_128_255,0,3,"(0, 3)",8,7.1597700119018555,7.385698318481445,0.16894611716270447,0.0005602803644162262,0.0005601644515991211,-1.1591281710507384e-07,0.00020692640665464127,-1.01226806640625,-1.0117079019546509,True
theta3,T4,batch2_128_255,0,3,"(0, 3)",9,7.04313850402832,7.31380033493042,0.16981172561645508,0.0005254389603931752,0.0005254149436950684,-2.4016698106817114e-08,4.570996389618398e-05,-0.9958903789520264,-0.9953649640083313,True
theta3,T4,batch2_128_255,0,3,"(0, 3)",10,6.930084228515625,7.2459492683410645,0.17061710357666016,0.0004920224722126439,0.0004920363426208496,1.3870408205676754e-08,2.818980429737266e-05,-0.9823212027549744,-0.9818291664123535,True
theta3,T4,batch2_128_255,0,3,"(0, 3)",11,6.807947158813477,7.180623531341553,0.17215164005756378,0.00046159598630721193,0.0004614591598510742,-1.3682645613771098e-07,0.0002965082677779518,-0.9754565358161926,-0.9749950766563416,True
theta3,T4,batch2_128_255,0,3,"(0, 3)",12,6.689018249511719,7.112238883972168,0.17352494597434998,0.000434548785002072,0.00043457746505737305,2.8680055301033396e-08,6.599526576291075e-05,-0.9665178656578064,-0.966083288192749,True
theta3,T4,batch2_128_255,0,3,"(0, 3)",13,6.5812764167785645,7.049482345581055,0.17503926157951355,0.000412663094531055,0.0004126429557800293,-2.0138751025686793e-08,4.880430101519123e-05,-0.9592761993408203,-0.9588635563850403,True
theta3,T4,batch2_128_255,0,3,"(0, 3)",14,6.47408390045166,6.985869884490967,0.17682452499866486,0.00038811410911019446,0.0003879666328430176,-1.4747626717688447e-07,0.0003801261621294056,-0.956976056098938,-0.956588089466095,True
theta3,T4,batch2_128_255,0,3,"(0, 3)",15,6.357312202453613,6.9373297691345215,0.17860659956932068,0.0003698132305008522,0.00036984682083129883,3.359033044661279e-08,9.082227710140197e-05,-0.9569244384765625,-0.9565545916557312,True
theta3,T4,batch2_128_255,0,3,"(0, 3)",16,6.253839492797852,6.877603054046631,0.18088413774967194,0.0003583997349899633,0.00035834312438964844,-5.6610600314844616e-08,0.00015797875405386164,-0.9596663117408752,-0.9593079686164856,True
theta3,T4,batch2_128_255,0,3,"(0, 3)",17,6.14562463760376,6.830137252807617,0.18281860649585724,0.00034202482792303294,0.0003420710563659668,4.6228442933859883e-08,0.00013514280753529204,-0.962271511554718,-0.961929440498352,True
theta3,T4,batch2_128_255,0,3,"(0, 3)",18,6.045296669006348,6.791383743286133,0.18472887575626373,0.00032809258345120027,0.00032806396484375,-2.8618607450265222e-08,8.723483990049217e-05,-0.9655608534812927,-0.965232789516449,True
theta3,T4,batch2_128_255,0,3,"(0, 3)",19,5.938083648681641,6.759692192077637,0.186579167842865,0.000315418784813524,0.0003153681755065918,-5.060930693219414e-08,0.00016047689926511406,-0.9718040227890015,-0.9714886546134949,True
theta3,T4,batch2_128_255,0,4,"(0, 4)",0,8.505741119384766,8.241800308227539,0.2486063838005066,0.001760048639649623,0.0017597675323486328,-2.811073009901209e-07,0.0001597411566145601,-2.1568665504455566,-2.155106782913208,True
theta3,T4,batch2_128_255,0,4,"(0, 4)",1,8.306510925292969,8.100449562072754,0.24627149105072021,0.0015982796193364467,0.0015978813171386719,-3.9830219777481184e-07,0.00024926894976658973,-2.078184127807617,-2.0765862464904785,True
theta3,T4,batch2_128_255,0,4,"(0, 4)",2,8.113862991333008,7.9630842208862305,0.2443009614944458,0.0014582510979143947,0.0014581680297851562,-8.30681292384762e-08,5.696746022522199e-05,-2.0037167072296143,-2.002258539199829,True
theta3,T4,batch2_128_255,0,4,"(0, 4)",3,7.931942939758301,7.810238361358643,0.2428441196680069,0.0013519430559709698,0.0013518333435058594,-1.0971246511043593e-07,8.115827711861762e-05,-1.9360970258712769,-1.934745192527771,True
theta3,T4,batch2_128_255,0,4,"(0, 4)",4,7.7508955001831055,7.683049201965332,0.2418515384197235,0.0012504746338887036,0.0012502670288085938,-2.0760508010982982e-07,0.00016604859228165134,-1.8766964673995972,-1.8754462003707886,True
theta3,T4,batch2_128_255,0,4,"(0, 4)",5,7.5705485343933105,7.553532600402832,0.24118004739284515,0.0011589786499903506,0.0011588335037231445,-1.451462672060356e-07,0.00012525204590625323,-1.828113079071045,-1.8269542455673218,True
theta3,T4,batch2_128_255,0,4,"(0, 4)",6,7.395574569702148,7.434947967529297,0.24028724431991577,0.0010747830690062432,0.0010745525360107422,-2.3053299550096842e-07,0.00021453859888211535,-1.7789589166641235,-1.7778843641281128,True
theta3,T4,batch2_128_255,0,4,"(0, 4)",7,7.237419605255127,7.329991817474365,0.2398311197757721,0.0010005005506729368,0.0010002851486206055,-2.1540205233133887e-07,0.00021534064824253223,-1.7407885789871216,-1.739788293838501,True
theta3,T4,batch2_128_255,0,4,"(0, 4)",8,7.086531162261963,7.22346830368042,0.2411436140537262,0.000939016086075451,0.0009390115737915039,-4.512283947096657e-09,4.805354985005281e-06,-1.7087997198104858,-1.7078607082366943,True
theta3,T4,batch2_128_255,0,4,"(0, 4)",9,6.941320419311523,7.12578010559082,0.24135297536849976,0.0008837393037937159,0.0008835792541503906,-1.6004964332528345e-07,0.0001811378465185671,-1.670719861984253,-1.6698362827301025,True
theta3,T4,batch2_128_255,0,4,"(0, 4)",10,6.8040924072265625,7.042366027832031,0.24240660667419434,0.0008113140750147195,0.0008113384246826172,2.4349667897662422e-08,3.001172772901472e-05,-1.6483919620513916,-1.647580623626709,True
theta3,T4,batch2_128_255,0,4,"(0, 4)",11,6.662261009216309,6.963772773742676,0.2444278448820114,0.0007626412305969334,0.0007627010345458984,5.980394896507903e-08,7.841073534230285e-05,-1.6292788982391357,-1.6285161972045898,True
theta3,T4,batch2_128_255,0,4,"(0, 4)",12,6.524080276489258,6.90260124206543,0.24530288577079773,0.0007000682795901798,0.0006999969482421875,-7.133134799226348e-08,0.00010190236996231018,-1.61188542842865,-1.6111854314804077,True
theta3,T4,batch2_128_255,0,4,"(0, 4)",13,6.395503044128418,6.840151786804199,0.24657997488975525,0.0006530203011344924,0.0006529092788696289,-1.1102226486346851e-07,0.00017004240628296712,-1.5921968221664429,-1.5915439128875732,True
theta3,T4,batch2_128_255,0,4,"(0, 4)",14,6.273490905761719,6.79484224319458,0.24779969453811646,0.0005747447827184077,0.0005744695663452148,-2.7521637319290193e-07,0.0004790791180529078,-1.5808775424957275,-1.5803030729293823,True
theta3,T4,batch2_128_255,0,4,"(0, 4)",15,6.155704498291016,6.760334014892578,0.2496301531791687,0.0005253555998061626,0.0005254745483398438,1.1894853368119365e-07,0.0002263640247791131,-1.5778744220733643,-1.5773489475250244,True
theta3,T4,batch2_128_255,0,4,"(0, 4)",16,6.03942346572876,6.737344741821289,0.25061625242233276,0.00047540728389216456,0.00047516822814941406,-2.3905574275049886e-07,0.0005030970687613589,-1.5747889280319214,-1.574313759803772,True
theta3,T4,batch2_128_255,0,4,"(0, 4)",17,5.921982288360596,6.723409652709961,0.2530073821544647,0.0004135400324535047,0.00041353702545166016,-3.007001844518211e-09,7.271421080697671e-06,-1.584183692932129,-1.5837701559066772,True
theta3,T4,batch2_128_255,0,4,"(0, 4)",18,5.812722206115723,6.712640762329102,0.254624605178833,0.00036470836552634307,0.00036466121673583984,-4.714879050322831e-08,0.00012929477646476137,-1.5866405963897705,-1.5862759351730347,True
theta3,T4,batch2_128_255,0,4,"(0, 4)",19,5.6982316970825195,6.713556289672852,0.25642848014831543,0.0003184790884370829,0.0003184080123901367,-7.107604694617199e-08,0.00022322317335119203,-1.593877911567688,-1.5935595035552979,True
theta3,T4,batch2_128_255,0,5,"(0, 5)",0,8.411853790283203,8.241800308227539,0.12505358457565308,0.0007971775960255551,0.0007969141006469727,-2.634953785824682e-07,0.0003306446433417983,-1.0431172847747803,-1.0423203706741333,True
theta3,T4,batch2_128_255,0,5,"(0, 5)",1,8.207058906555176,8.114517211914062,0.12781554460525513,0.0007809139815148446,0.0007808208465576172,-9.313495722741445e-08,0.00011927826675993079,-1.0304439067840576,-1.0296630859375,True
theta3,T4,batch2_128_255,0,5,"(0, 5)",2,8.005643844604492,7.981125831604004,0.12990444898605347,0.0007649048588908154,0.0007648468017578125,-5.805713300291015e-08,7.590687817413904e-05,-1.0139034986495972,-1.0131386518478394,True
theta3,T4,batch2_128_255,0,5,"(0, 5)",3,7.817850589752197,7.850857257843018,0.13059596717357635,0.0007398361238979721,0.0007396340370178223,-2.0208688014981217e-07,0.00027322550076875745,-0.9835994839668274,-0.9828598499298096,True
theta3,T4,batch2_128_255,0,5,"(0, 5)",4,7.627411842346191,7.731831073760986,0.13289187848567963,0.0007150617119281762,0.0007150769233703613,1.521144218517758e-08,2.1272455714948425e-05,-0.9675720930099487,-0.9668570160865784,True
theta3,T4,batch2_128_255,0,5,"(0, 5)",5,7.450982093811035,7.606307029724121,0.13410452008247375,0.0006794725867425604,0.000679314136505127,-1.5845023743348442e-07,0.00023325031663357494,-0.943066418170929,-0.9423871040344238,True
theta3,T4,batch2_128_255,0,5,"(0, 5)",6,7.277572154998779,7.499731540679932,0.1347057968378067,0.0006352628682144363,0.0006352066993713379,-5.616884309837117e-08,8.842608737275803e-05,-0.9190905690193176,-0.9184553623199463,True
theta3,T4,batch2_128_255,0,5,"(0, 5)",7,7.117504596710205,7.386349201202393,0.1357273906469345,0.0005964411884436015,0.0005963444709777832,-9.67174658183037e-08,0.00016218388955585187,-0.8921014666557312,-0.8915051221847534,True
theta3,T4,batch2_128_255,0,5,"(0, 5)",8,6.963239669799805,7.29866361618042,0.13636939227581024,0.0005492105940932829,0.0005492568016052246,4.620751194173156e-08,8.412733680618664e-05,-0.8792921304702759,-0.8787428736686707,True
theta3,T4,batch2_128_255,0,5,"(0, 5)",9,6.827165603637695,7.198395729064941,0.1365496665239334,0.0004986487340565332,0.0004987120628356934,6.332877916016312e-08,0.00012698465483283795,-0.859139621257782,-0.8586409091949463,True
theta3,T4,batch2_128_255,0,5,"(0, 5)",10,6.69854736328125,7.11151647567749,0.13686996698379517,0.00045336356508372875,0.0004533529281616211,-1.0636922107660693e-08,2.346278461417285e-05,-0.843541145324707,-0.8430877923965454,True
theta3,T4,batch2_128_255,0,5,"(0, 5)",11,6.575169563293457,7.024233818054199,0.13680660724639893,0.000407897294733462,0.00040787458419799805,-2.2710535463928844e-08,5.568019274499407e-05,-0.8249990344047546,-0.8245911598205566,True
theta3,T4,batch2_128_255,0,5,"(0, 5)",12,6.452469348907471,6.942795753479004,0.13733278214931488,0.0003706789510468375,0.0003706812858581543,2.3348113167777525e-09,6.298702971671455e-06,-0.8093520402908325,-0.8089813590049744,True
theta3,T4,batch2_128_255,0,5,"(0, 5)",13,6.337506294250488,6.8656415939331055,0.13794074952602386,0.00033445980311855387,0.0003344416618347168,-1.81412838370725e-08,5.424349268434755e-05,-0.798967719078064,-0.7986332774162292,True
theta3,T4,batch2_128_255,0,5,"(0, 5)",14,6.216871738433838,6.806146621704102,0.13846461474895477,0.000305174537238736,0.0003052353858947754,6.084865603940039e-08,0.00019934994057463871,-0.7916573286056519,-0.7913520932197571,True
theta3,T4,batch2_128_255,0,5,"(0, 5)",15,6.102781295776367,6.7488579750061035,0.139150008559227,0.00027363851923784075,0.00027364492416381836,6.404925977608611e-09,2.340597399049245e-05,-0.7829053997993469,-0.7826317548751831,True
theta3,T4,batch2_128_255,0,5,"(0, 5)",16,5.992519855499268,6.692252159118652,0.13938844203948975,0.000238622680134675,0.00023859739303588867,-2.528709878632778e-08,0.00010598229286823857,-0.7781519293785095,-0.7779133319854736,True
theta3,T4,batch2_128_255,0,5,"(0, 5)",17,5.8790483474731445,6.646244525909424,0.14023526012897491,0.00021421623744079655,0.0002142786979675293,6.246052673274279e-08,0.0002914920023557719,-0.7791932821273804,-0.7789790034294128,True
theta3,T4,batch2_128_255,0,5,"(0, 5)",18,5.764760971069336,6.607212066650391,0.1410914957523346,0.00019191890833312997,0.0001919269561767578,8.04784362784007e-09,4.193180462065108e-05,-0.7810839414596558,-0.780892014503479,True
theta3,T4,batch2_128_255,0,5,"(0, 5)",19,5.642658710479736,6.56615686416626,0.14223746955394745,0.00017012164904923427,0.00017011165618896484,-9.99286026942916e-09,5.874294856272993e-05,-0.7875683903694153,-0.7873982787132263,True
theta3,T4,batch2_128_255,0,6,"(0, 6)",0,8.227785110473633,8.241800308227539,0.36939364671707153,0.0025413774908058283,0.0025408267974853516,-5.506933204767542e-07,0.0002167378433751461,-2.7050020694732666,-2.7024612426757812,True
theta3,T4,batch2_128_255,0,6,"(0, 6)",1,8.052396774291992,8.09644889831543,0.35872286558151245,0.0022398955915801217,0.002239704132080078,-1.9145950004356357e-07,8.548428218764305e-05,-2.5536110401153564,-2.5513713359832764,True
theta3,T4,batch2_128_255,0,6,"(0, 6)",2,7.886990547180176,7.956349849700928,0.3484446704387665,0.0019792272137568226,0.0019791126251220703,-1.1458863475232936e-07,5.789899639757066e-05,-2.410343885421753,-2.408364772796631,True
theta3,T4,batch2_128_255,0,6,"(0, 6)",3,7.736292362213135,7.824431896209717,0.338558167219162,0.0017587483942899697,0.001758575439453125,-1.7295483684467983e-07,9.834939858961333e-05,-2.2797374725341797,-2.2779788970947266,True
theta3,T4,batch2_128_255,0,6,"(0, 6)",4,7.586596488952637,7.697088241577148,0.32816946506500244,0.0015509472478616726,0.0015506744384765625,-2.7280938511009545e-07,0.00017592950418278194,-2.1509811878204346,-2.149430513381958,True
theta3,T4,batch2_128_255,0,6,"(0, 6)",5,7.442133903503418,7.5700860023498535,0.31843504309654236,0.0013721784355971243,0.0013720989227294922,-7.951286763209497e-08,5.7949806908908164e-05,-2.0302443504333496,-2.02887225151062,True
theta3,T4,batch2_128_255,0,6,"(0, 6)",6,7.306888103485107,7.450178146362305,0.31025761365890503,0.0012216639138266266,0.0012215375900268555,-1.263237997710994e-07,0.00010341376376990754,-1.927268385887146,-1.9260468482971191,True
theta3,T4,batch2_128_255,0,6,"(0, 6)",7,7.1736249923706055,7.351056098937988,0.3017716407775879,0.0010893210440397413,0.001089334487915039,1.3443875297725061e-08,1.2341365711698274e-05,-1.8304681777954102,-1.8293788433074951,True
theta3,T4,batch2_128_255,0,6,"(0, 6)",8,7.046746253967285,7.2464728355407715,0.2942708134651184,0.0009731823653963961,0.0009728670120239258,-3.1535337247036357e-07,0.0003241484895395015,-1.7429503202438354,-1.7419774532318115,True
theta3,T4,batch2_128_255,0,6,"(0, 6)",9,6.922667503356934,7.15669059753418,0.2876930236816406,0.0008659433023109797,0.000865936279296875,-7.023014104729636e-09,8.11031281704954e-06,-1.6690813302993774,-1.6682153940200806,True
theta3,T4,batch2_128_255,0,6,"(0, 6)",10,6.800140380859375,7.0717549324035645,0.28196296095848083,0.0007844169126124666,0.0007843971252441406,-1.9787368326002787e-08,2.522621219429386e-05,-1.608521819114685,-1.607737421989441,True
theta3,T4,batch2_128_255,0,6,"(0, 6)",11,6.6816301345825195,6.983469009399414,0.27404841780662537,0.0006966779411115249,0.0006967782974243164,1.00356312791503e-07,0.0001440290450527467,-1.5352773666381836,-1.5345805883407593,True
theta3,T4,batch2_128_255,0,6,"(0, 6)",12,6.5634236335754395,6.8999104499816895,0.26832959055900574,0.0006232184616575744,0.0006231069564819336,-1.1150517564080704e-07,0.00017895029814843678,-1.4790326356887817,-1.4784095287322998,True
theta3,T4,batch2_128_255,0,6,"(0, 6)",13,6.451172828674316,6.832520961761475,0.2622440457344055,0.0005577049089273787,0.0005577802658081055,7.535688072678182e-08,0.00013510137476378025,-1.4286854267120361,-1.428127646446228,True
theta3,T4,batch2_128_255,0,6,"(0, 6)",14,6.338737487792969,6.757814884185791,0.2573123574256897,0.0004969702719707063,0.0004968643188476562,-1.0595312305002134e-07,0.00021324357381055504,-1.379952073097229,-1.3794552087783813,True
theta3,T4,batch2_128_255,0,6,"(0, 6)",15,6.225985527038574,6.692227840423584,0.2528647780418396,0.00045063547679378974,0.00045049190521240234,-1.4357158138739298e-07,0.0003186995808941349,-1.3413207530975342,-1.3408702611923218,True
theta3,T4,batch2_128_255,0,6,"(0, 6)",16,6.120388507843018,6.636079788208008,0.24903130531311035,0.0004082045966708441,0.000408172607421875,-3.1989248969091066e-08,7.837186618461129e-05,-1.3106951713562012,-1.3102869987487793,True
theta3,T4,batch2_128_255,0,6,"(0, 6)",17,6.011898994445801,6.588329792022705,0.24460265040397644,0.00036707757953141233,0.00036704540252685547,-3.217700455686095e-08,8.766491647993512e-05,-1.2808573246002197,-1.2804902791976929,True
theta3,T4,batch2_128_255,0,6,"(0, 6)",18,5.909265995025635,6.537611961364746,0.24184301495552063,0.00032928743175328676,0.0003292560577392578,-3.1374014028949255e-08,9.52875833002737e-05,-1.2577439546585083,-1.257414698600769,True
theta3,T4,batch2_128_255,0,6,"(0, 6)",19,5.807679653167725,6.500549793243408,0.23802538216114044,0.00029179219650118157,0.0002917051315307617,-8.706497041984645e-08,0.0002984691080440079,-1.2348188161849976,-1.2345271110534668,True
theta3,T4,batch2_128_255,0,7,"(0, 7)",0,8.272762298583984,8.241800308227539,0.2467566430568695,0.0017370625912162278,0.0017368793487548828,-1.832424613450092e-07,0.00010550097303901406,-2.075526237487793,-2.073789358139038,True
theta3,T4,batch2_128_255,0,7,"(0, 7)",1,8.090461730957031,8.090134620666504,0.2459818422794342,0.0015839342528265517,0.001583695411682129,-2.388411444228383e-07,0.00015081255060854927,-2.0008625984191895,-1.9992789030075073,True
theta3,T4,batch2_128_255,0,7,"(0, 7)",2,7.911067008972168,7.933032989501953,0.24555733799934387,0.0014400250386542408,0.001439809799194336,-2.1523945990483719e-07,0.0001494915925876301,-1.9260855913162231,-1.9246457815170288,True
theta3,T4,batch2_128_255,0,7,"(0, 7)",3,7.748453617095947,7.782772064208984,0.24574680626392365,0.0013253617653871004,0.0013252496719360352,-1.1209345106527428e-07,8.45828928986029e-05,-1.8654028177261353,-1.8640775680541992,True
theta3,T4,batch2_128_255,0,7,"(0, 7)",4,7.580930233001709,7.640106201171875,0.24443909525871277,0.0012035491255223264,0.0012034177780151367,-1.3134750718969343e-07,0.00010914539371882317,-1.7940937280654907,-1.7928903102874756,True
theta3,T4,batch2_128_255,0,7,"(0, 7)",5,7.430602073669434,7.505533695220947,0.24308174848556519,0.0010950101190999775,0.001094818115234375,-1.9200386560248688e-07,0.00017537512663588266,-1.725173830986023,-1.7240790128707886,True
theta3,T4,batch2_128_255,0,7,"(0, 7)",6,7.27781867980957,7.37830114364624,0.2407883256673813,0.000982177738425096,0.000982046127319336,-1.3161110575996525e-07,0.00013401723411834068,-1.6577205657958984,-1.656738519668579,True
theta3,T4,batch2_128_255,0,7,"(0, 7)",7,7.1316986083984375,7.256388187408447,0.23975306749343872,0.0008886549573650549,0.0008884668350219727,-1.881223430822039e-07,0.00021173817149578965,-1.59833824634552,-1.597449779510498,True
theta3,T4,batch2_128_255,0,7,"(0, 7)",8,6.985293388366699,7.151737213134766,0.2379276007413864,0.0007980781500619958,0.0007978677749633789,-2.1037509861693456e-07,0.0002636716323410737,-1.5372414588928223,-1.5364435911178589,True
theta3,T4,batch2_128_255,0,7,"(0, 7)",9,6.84800910949707,7.057650566101074,0.2369576096534729,0.0007203057230717355,0.0007201433181762695,-1.6240489546595367e-07,0.0002255174648807917,-1.4864436388015747,-1.4857234954833984,True
theta3,T4,batch2_128_255,0,7,"(0, 7)",10,6.713663101196289,6.981142520904541,0.23462028801441193,0.0006342614667247091,0.0006344318389892578,1.7037226454868874e-07,0.0002685430555000464,-1.4381245374679565,-1.4374901056289673,True
theta3,T4,batch2_128_255,0,7,"(0, 7)",11,6.581888198852539,6.903605937957764,0.23316460847854614,0.0005549334013767112,0.0005549192428588867,-1.4158517824521336e-08,2.551455550825398e-05,-1.3925926685333252,-1.3920377492904663,True
theta3,T4,batch2_128_255,0,7,"(0, 7)",12,6.460826873779297,6.831725597381592,0.23284068703651428,0.0004966973183926759,0.0004967451095581055,4.779116542959205e-08,9.620862794624414e-05,-1.356937289237976,-1.356440544128418,True
theta3,T4,batch2_128_255,0,7,"(0, 7)",13,6.342818737030029,6.768600940704346,0.23266437649726868,0.0004328270118517933,0.0004328489303588867,2.1918507093414245e-08,5.063777580607862e-05,-1.3265843391418457,-1.3261514902114868,True
theta3,T4,batch2_128_255,0,7,"(0, 7)",14,6.224758625030518,6.710287094116211,0.23320019245147705,0.00036496749814412155,0.0003650188446044922,5.1346460370636435e-08,0.00014066797133795029,-1.3024959564208984,-1.302130937576294,True
theta3,T4,batch2_128_255,0,7,"(0, 7)",15,6.110515594482422,6.660400390625,0.23269066214561462,0.0003026537090493832,0.0003025531768798828,-1.005321695003638e-07,0.00033227933858475485,-1.274596929550171,-1.274294376373291,True
theta3,T4,batch2_128_255,0,7,"(0, 7)",16,6.001698017120361,6.6166205406188965,0.23291614651679993,0.00024174149651580123,0.00024175643920898438,1.4942693183148245e-08,6.180887355902506e-05,-1.2539005279541016,-1.2536587715148926,True
theta3,T4,batch2_128_255,0,7,"(0, 7)",17,5.897087574005127,6.583633899688721,0.233605295419693,0.00017808116626128102,0.0001779794692993164,-1.0169696196461351e-07,0.0005713971525197942,-1.239748477935791,-1.2395704984664917,True
theta3,T4,batch2_128_255,0,7,"(0, 7)",18,5.789455413818359,6.554738998413086,0.2341109961271286,0.0001380692786203451,0.00013816356658935547,9.428796901036172e-08,0.000682437283126896,-1.2317761182785034,-1.231637954711914,True
theta3,T4,batch2_128_255,0,7,"(0, 7)",19,5.681166648864746,6.536888122558594,0.2348656803369522,9.621741343136087e-05,9.620189666748047e-05,-1.5516763880404384e-08,0.0001612937417859619,-1.226750135421753,-1.2266539335250854,True
theta3,T4,batch2_128_255,1,2,"(1, 2)",0,8.396573066711426,8.241800308227539,0.17388924956321716,0.0010412231437609818,0.0010410547256469727,-1.684181140091702e-07,0.0001617764271753392,-1.266859531402588,-1.265818476676941,True
theta3,T4,batch2_128_255,1,2,"(1, 2)",1,8.163291931152344,8.123920440673828,0.17724671959877014,0.000951514179838992,0.0009514093399047852,-1.0483993420683322e-07,0.00011019435043314307,-1.2260011434555054,-1.2250497341156006,True
theta3,T4,batch2_128_255,1,2,"(1, 2)",2,7.938818454742432,7.990884304046631,0.1805863082408905,0.0008706846779455604,0.0008705854415893555,-9.923635620493962e-08,0.00011398807223765659,-1.1853164434432983,-1.184445858001709,True
theta3,T4,batch2_128_255,1,2,"(1, 2)",3,7.727132797241211,7.871615409851074,0.18521566689014435,0.0008091849896275709,0.0008090734481811523,-1.1154144641852947e-07,0.00013786318988626015,-1.152024507522583,-1.1512154340744019,True
theta3,T4,batch2_128_255,1,2,"(1, 2)",4,7.514958381652832,7.768901348114014,0.19030746817588806,0.0007560064101116137,0.0007560253143310547,1.8904219441034063e-08,2.5004743998236184e-05,-1.1264519691467285,-1.1256959438323975,True
theta3,T4,batch2_128_255,1,2,"(1, 2)",5,7.310877799987793,7.673091411590576,0.19543540477752686,0.0007086729160162836,0.0007085800170898438,-9.289892643983468e-08,0.00013110576674370942,-1.1073073148727417,-1.1065987348556519,True
theta3,T4,batch2_128_255,1,2,"(1, 2)",6,7.113950729370117,7.574803829193115,0.20130369067192078,0.0006694138218437916,0.0006693601608276367,-5.3661016154865626e-08,8.01676276767293e-05,-1.0929890871047974,-1.0923197269439697,True
theta3,T4,batch2_128_255,1,2,"(1, 2)",7,6.927382946014404,7.49027681350708,0.2071676254272461,0.0006248409651334449,0.0006248950958251953,5.413069175037345e-08,8.662364629201006e-05,-1.0789527893066406,-1.0783278942108154,True
theta3,T4,batch2_128_255,1,2,"(1, 2)",8,6.740093231201172,7.418262481689453,0.21344852447509766,0.0005837434552764529,0.0005837678909301758,2.443565372289326e-08,4.1858509353704754e-05,-1.0706202983856201,-1.07003653049469,True
theta3,T4,batch2_128_255,1,2,"(1, 2)",9,6.572636604309082,7.343255519866943,0.22012409567832947,0.0005455896791216503,0.0005457401275634766,1.5044844182629264e-07,0.000275677807490514,-1.063239336013794,-1.0626935958862305,True
theta3,T4,batch2_128_255,1,2,"(1, 2)",10,6.424599647521973,7.2829694747924805,0.2272948920726776,0.0005108325427891944,0.0005108118057250977,-2.0737064096703478e-08,4.059628979652732e-05,-1.0631133317947388,-1.0626025199890137,True
theta3,T4,batch2_128_255,1,2,"(1, 2)",11,6.281099796295166,7.231470584869385,0.23419159650802612,0.00046795401835487103,0.0004678964614868164,-5.755686805462845e-08,0.00012301197549503202,-1.0663106441497803,-1.0658427476882935,True
theta3,T4,batch2_128_255,1,2,"(1, 2)",12,6.143364906311035,7.190770626068115,0.24074876308441162,0.00042317843786404463,0.00042307376861572266,-1.046692483219736e-07,0.0002474018861165665,-1.0682653188705444,-1.0678422451019287,True
theta3,T4,batch2_128_255,1,2,"(1, 2)",13,6.021154403686523,7.146005630493164,0.24700722098350525,0.00038247969295998634,0.00038242340087890625,-5.6292081080093915e-08,0.0001471983172335176,-1.070011854171753,-1.069629430770874,True
theta3,T4,batch2_128_255,1,2,"(1, 2)",14,5.902328014373779,7.1062912940979,0.2530308961868286,0.00034803117126490975,0.00034821033477783203,1.791635129222771e-07,0.0005145266955864146,-1.0744283199310303,-1.0740801095962524,True
theta3,T4,batch2_128_255,1,2,"(1, 2)",15,5.785634994506836,7.072142601013184,0.2596260607242584,0.00031601816847229633,0.0003160238265991211,5.65812682476333e-09,1.7904114653800177e-05,-1.080390214920044,-1.0800741910934448,True
theta3,T4,batch2_128_255,1,2,"(1, 2)",16,5.67794942855835,7.043492794036865,0.2653074562549591,0.0002852518621889815,0.00028526782989501953,1.5967706038042678e-08,5.597443652836319e-05,-1.0865135192871094,-1.0862282514572144,True
theta3,T4,batch2_128_255,1,2,"(1, 2)",17,5.575798034667969,7.010295867919922,0.2708653211593628,0.00025352513617598796,0.00025343894958496094,-8.618659102702488e-08,0.00034006845107339094,-1.088552474975586,-1.088299036026001,True
theta3,T4,batch2_128_255,1,2,"(1, 2)",18,5.467634677886963,6.99301815032959,0.27564698457717896,0.00022633438155761118,0.0002262592315673828,-7.514999022836919e-08,0.0003321411007532242,-1.0912848711013794,-1.091058611869812,True
theta3,T4,batch2_128_255,1,2,"(1, 2)",19,5.362581253051758,6.9702887535095215,0.28122711181640625,0.0001996864009553267,0.0001996755599975586,-1.0840957768098146e-08,5.429286272306284e-05,-1.096329689025879,-1.0961300134658813,True
theta3,T4,batch2_128_255,1,3,"(1, 3)",0,8.24424934387207,8.241800308227539,0.15600255131721497,0.0008670270875991718,0.000867009162902832,-1.7924696339732295e-08,2.0674171746603747e-05,-0.9780178070068359,-0.9771507978439331,True
theta3,T4,batch2_128_255,1,3,"(1, 3)",1,8.049758911132812,8.13055419921875,0.16007879376411438,0.0007880199674707366,0.0007879137992858887,-1.0616818484792713e-07,0.00013474593914226496,-0.9629079103469849,-0.962119996547699,True
theta3,T4,batch2_128_255,1,3,"(1, 3)",2,7.870748043060303,8.01208209991455,0.16427478194236755,0.0007266842298100527,0.0007266402244567871,-4.400535326561615e-08,6.0560029275165906e-05,-0.9497849345207214,-0.9490582942962646,True
theta3,T4,batch2_128_255,1,3,"(1, 3)",3,7.698939323425293,7.8995442390441895,0.1687961220741272,0.0006743510641112853,0.0006743669509887695,1.5886877484231655e-08,2.355820886675721e-05,-0.9380415081977844,-0.9373671412467957,True
theta3,T4,batch2_128_255,1,3,"(1, 3)",4,7.5338239669799805,7.800544738769531,0.1732930839061737,0.0006283982358172454,0.0006282329559326172,-1.6527988462816494e-07,0.0002630869378426758,-0.9288345575332642,-0.9282063245773315,True
theta3,T4,batch2_128_255,1,3,"(1, 3)",5,7.371156215667725,7.706881046295166,0.17834541201591492,0.0005896455903690072,0.0005896091461181641,-3.6444250843168345e-08,6.18108641684207e-05,-0.9220163822174072,-0.9214267730712891,True
theta3,T4,batch2_128_255,1,3,"(1, 3)",6,7.211818695068359,7.6249213218688965,0.18312767148017883,0.0005534625646076149,0.0005534887313842773,2.6166776662442902e-08,4.7276078407232786e-05,-0.919842004776001,-0.9192885160446167,True
theta3,T4,batch2_128_255,1,3,"(1, 3)",7,7.060453414916992,7.532561302185059,0.1888211965560913,0.0005260854099457448,0.0005260705947875977,-1.481515814714951e-08,2.8161920270664754e-05,-0.9218310713768005,-0.9213050007820129,True
theta3,T4,batch2_128_255,1,3,"(1, 3)",8,6.919087886810303,7.4476213455200195,0.19483105838298798,0.0004975543827885579,0.0004975199699401855,-3.441284837234389e-08,6.916877804217825e-05,-0.9238843321800232,-0.923386812210083,True
theta3,T4,batch2_128_255,1,3,"(1, 3)",9,6.773672580718994,7.373837947845459,0.20007675886154175,0.0004721206410236162,0.00047206878662109375,-5.185440252246333e-08,0.00010984501409978688,-0.9267508387565613,-0.9262787699699402,True
theta3,T4,batch2_128_255,1,3,"(1, 3)",10,6.628251075744629,7.317025661468506,0.20593084394931793,0.000445537431739154,0.00044548511505126953,-5.231668788447221e-08,0.00011743756663665685,-0.9350976347923279,-0.9346521496772766,True
theta3,T4,batch2_128_255,1,3,"(1, 3)",11,6.487534523010254,7.253437519073486,0.21140307188034058,0.00042566409187162833,0.00042557716369628906,-8.692817533926655e-08,0.00020425949217825603,-0.9431934356689453,-0.942767858505249,True
theta3,T4,batch2_128_255,1,3,"(1, 3)",12,6.352889060974121,7.189807415008545,0.2164267599582672,0.0004008710134424186,0.00040084123611450195,-2.9777327916629976e-08,7.428708733979645e-05,-0.9469098448753357,-0.9465090036392212,True
theta3,T4,batch2_128_255,1,3,"(1, 3)",13,6.231356620788574,7.129913330078125,0.22324389219284058,0.0003740363179772108,0.0003738999366760254,-1.3638130118542304e-07,0.00036475347494801505,-0.9584483504295349,-0.9580744504928589,True
theta3,T4,batch2_128_255,1,3,"(1, 3)",14,6.110146522521973,7.072635173797607,0.22987377643585205,0.00034538288807771405,0.00034540891647338867,2.6028395674621962e-08,7.535530912279523e-05,-0.9702736139297485,-0.9699282050132751,True
theta3,T4,batch2_128_255,1,3,"(1, 3)",15,5.991541385650635,7.016437530517578,0.2357659786939621,0.0003255545785522019,0.0003255605697631836,5.991210981699021e-09,1.8402753705883656e-05,-0.980244517326355,-0.9799189567565918,True
theta3,T4,batch2_128_255,1,3,"(1, 3)",16,5.874020099639893,6.969266891479492,0.24130137264728546,0.00030448067005338077,0.0003044009208679199,-7.974918546084465e-08,0.000261987333131124,-0.9871456027030945,-0.9868412017822266,True
theta3,T4,batch2_128_255,1,3,"(1, 3)",17,5.753981113433838,6.922450542449951,0.24719952046871185,0.0002874135739795605,0.0002874135971069336,2.3127373117732414e-11,8.04672198898362e-08,-0.9973039627075195,-0.9970165491104126,True
theta3,T4,batch2_128_255,1,3,"(1, 3)",18,5.640528202056885,6.8784589767456055,0.25317609310150146,0.0002575868564682771,0.0002576112747192383,2.441825096120712e-08,9.478719822266994e-05,-1.0097219944000244,-1.0094643831253052,True
theta3,T4,batch2_128_255,1,3,"(1, 3)",19,5.532534599304199,6.844934940338135,0.2590249478816986,0.0002297578984155164,0.0002295970916748047,-1.6080674071172166e-07,0.0007003866622992077,-1.023234486579895,-1.0230048894882202,True
theta3,T4,batch2_128_255,1,4,"(1, 4)",0,8.321109771728516,8.241800308227539,0.24148735404014587,0.0015798736772893373,0.0015795230865478516,-3.5059074148576647e-07,0.00022195987160403264,-1.8866597414016724,-1.8850802183151245,True
theta3,T4,batch2_128_255,1,4,"(1, 4)",1,8.105724334716797,8.11988639831543,0.23496975004673004,0.0013250528802603017,0.0013248920440673828,-1.608361929188607e-07,0.00012139569683360612,-1.741249918937683,-1.7399250268936157,True
theta3,T4,batch2_128_255,1,4,"(1, 4)",2,7.902045249938965,7.998347759246826,0.2296883910894394,0.001123217412208936,0.0011230707168579102,-1.4669535102580442e-07,0.0001306198699902209,-1.614772081375122,-1.6136490106582642,True
theta3,T4,batch2_128_255,1,4,"(1, 4)",3,7.714313507080078,7.8848652839660645,0.22489434480667114,0.000962998612824317,0.0009627342224121094,-2.6439041220759074e-07,0.0002746245080445633,-1.4993382692337036,-1.4983755350112915,True
theta3,T4,batch2_128_255,1,4,"(1, 4)",4,7.526233673095703,7.792405128479004,0.22087931632995605,0.0008345721732351073,0.0008344650268554688,-1.071463796385036e-07,0.00012840128248665548,-1.4016056060791016,-1.400771141052246,True
theta3,T4,batch2_128_255,1,4,"(1, 4)",5,7.336426734924316,7.714868545532227,0.21805772185325623,0.0007214398220111068,0.0007213354110717773,-1.0441093932945112e-07,0.00014474672631739353,-1.3219687938690186,-1.3212474584579468,True
theta3,T4,batch2_128_255,1,4,"(1, 4)",6,7.1650214195251465,7.6436991691589355,0.21582765877246857,0.0006323657873833431,0.0006322860717773438,-7.97156059993134e-08,0.00012607522062795784,-1.2551828622817993,-1.254550576210022,True
theta3,T4,batch2_128_255,1,4,"(1, 4)",7,7.006472587585449,7.582590579986572,0.21376541256904602,0.0005560853195735034,0.0005559921264648438,-9.319310865965168e-08,0.00016761587839777517,-1.1969389915466309,-1.196382999420166,True
theta3,T4,batch2_128_255,1,4,"(1, 4)",8,6.853267669677734,7.511487007141113,0.21362914144992828,0.0004905248420970551,0.0004904270172119141,-9.782488514099678e-08,0.00019946879292485336,-1.1547614336013794,-1.1542710065841675,True
theta3,T4,batch2_128_255,1,4,"(1, 4)",9,6.714775085449219,7.455152988433838,0.2133565992116928,0.00043360217664224044,0.0004336833953857422,8.121874350174767e-08,0.00018727658094796825,-1.115331768989563,-1.1148980855941772,True
theta3,T4,batch2_128_255,1,4,"(1, 4)",10,6.575404167175293,7.403585910797119,0.2135908156633377,0.0003735053313876304,0.00037348270416259766,-2.2627225032729754e-08,6.0584398636245475e-05,-1.0860365629196167,-1.085663080215454,True
theta3,T4,batch2_128_255,1,4,"(1, 4)",11,6.433935165405273,7.3643388748168945,0.21423061192035675,0.0003177764347024349,0.00031769275665283203,-8.367804960285287e-08,0.0002633930042487386,-1.0631136894226074,-1.0627959966659546,True
theta3,T4,batch2_128_255,1,4,"(1, 4)",12,6.297440528869629,7.331202983856201,0.216251403093338,0.0002696635197492791,0.00026977062225341797,1.0710250413886171e-07,0.0003970132227305738,-1.0497047901153564,-1.049435019493103,True
theta3,T4,batch2_128_255,1,4,"(1, 4)",13,6.168082237243652,7.304256439208984,0.21960952877998352,0.0002318331109635352,0.00023162364959716797,-2.0946136636724056e-07,0.0009043177012862404,-1.0470155477523804,-1.0467839241027832,True
theta3,T4,batch2_128_255,1,4,"(1, 4)",14,6.032853126525879,7.280765056610107,0.22305122017860413,0.00018789509396392357,0.00018775463104248047,-1.404629214431035e-07,0.0007481196104895172,-1.043874979019165,-1.0436872243881226,True
theta3,T4,batch2_128_255,1,4,"(1, 4)",15,5.901948928833008,7.248480796813965,0.22734087705612183,0.00013527112793746725,0.00013530254364013672,3.1415702669471786e-08,0.00023218855924119153,-1.041481375694275,-1.0413460731506348,True
theta3,T4,batch2_128_255,1,4,"(1, 4)",16,5.770246505737305,7.223270893096924,0.2316855490207672,8.719520358143058e-05,8.71419906616211e-05,-5.3212919809490474e-08,0.0006106461351809169,-1.045774221420288,-1.0456870794296265,True
theta3,T4,batch2_128_255,1,4,"(1, 4)",17,5.638219833374023,7.209146499633789,0.23671311140060425,2.8724713609978622e-05,2.86102294921875e-05,-1.1448411779112222e-07,0.004001509943231459,-1.0514490604400635,-1.0514204502105713,True
theta3,T4,batch2_128_255,1,4,"(1, 4)",18,5.5030670166015625,7.2007975578308105,0.24232448637485504,-3.4651580928806976e-05,-3.457069396972656e-05,8.088695908041324e-08,0.002339755144957335,-1.0581992864608765,-1.0582338571548462,False
theta3,T4,batch2_128_255,1,4,"(1, 4)",19,5.378304481506348,7.212584018707275,0.24890092015266418,-9.504755933206709e-05,-9.512901306152344e-05,-8.145372945635187e-08,0.0008562448703601365,-1.0705311298370361,-1.0706262588500977,False
theta3,T4,batch2_128_255,1,5,"(1, 5)",0,8.12000560760498,8.241800308227539,0.11793453991413116,0.00048220628503624466,0.00048214197158813477,-6.431344810989325e-08,0.0001333911003392843,-0.772910475730896,-0.7724283337593079,True
theta3,T4,batch2_128_255,1,5,"(1, 5)",1,7.899660587310791,8.128863334655762,0.12200368940830231,0.00045762838971822803,0.0004576444625854492,1.6072867221189613e-08,3.512086026428991e-05,-0.7676892280578613,-0.7672315835952759,True
theta3,T4,batch2_128_255,1,5,"(1, 5)",2,7.693606853485107,8.011910438537598,0.12628492712974548,0.0004375297349520144,0.0004374980926513672,-3.164230064723944e-08,7.232557393674058e-05,-0.7619949579238892,-0.7615574598312378,True
theta3,T4,batch2_128_255,1,5,"(1, 5)",3,7.492417335510254,7.902078628540039,0.12984642386436462,0.0004177109844162335,0.0004177093505859375,-1.6338302959899645e-09,3.911404649424596e-06,-0.7534370422363281,-0.7530193328857422,True
theta3,T4,batch2_128_255,1,5,"(1, 5)",4,7.297549247741699,7.805915832519531,0.13362911343574524,0.00040077797582079613,0.00040078163146972656,3.6556489304315036e-09,9.121298591019975e-06,-0.7486138939857483,-0.7482131123542786,True
theta3,T4,batch2_128_255,1,5,"(1, 5)",5,7.106436729431152,7.711342811584473,0.13761427998542786,0.00038329637216400554,0.0003833174705505371,2.109838653156608e-08,5.504154689652852e-05,-0.7449033856391907,-0.7445200681686401,True
theta3,T4,batch2_128_255,1,5,"(1, 5)",6,6.924466133117676,7.6222357749938965,0.14217209815979004,0.00037244268992344553,0.000372469425201416,2.6735277970483824e-08,7.177844988491738e-05,-0.7434800267219543,-0.7431075572967529,True
theta3,T4,batch2_128_255,1,5,"(1, 5)",7,6.745599746704102,7.536232948303223,0.14640575647354126,0.00035203158963708394,0.00035202503204345703,-6.557593626910132e-09,1.862820262764895e-05,-0.7393994331359863,-0.7390474081039429,True
theta3,T4,batch2_128_255,1,5,"(1, 5)",8,6.580408573150635,7.458961486816406,0.15002824366092682,0.0003291520021948578,0.00032913684844970703,-1.5153745150744448e-08,4.604086483212462e-05,-0.7366018295288086,-0.7362726926803589,True
theta3,T4,batch2_128_255,1,5,"(1, 5)",9,6.414159774780273,7.387012004852295,0.15377092361450195,0.0002966079776707399,0.00029659271240234375,-1.5265268396135595e-08,5.146879123391086e-05,-0.7331152558326721,-0.7328186631202698,True
theta3,T4,batch2_128_255,1,5,"(1, 5)",10,6.2472920417785645,7.319447994232178,0.15745525062084198,0.00027153944261653024,0.0002714395523071289,-9.989030940133013e-08,0.00036800204153116954,-0.7301230430603027,-0.7298516035079956,True
theta3,T4,batch2_128_255,1,5,"(1, 5)",11,6.089768409729004,7.260538101196289,0.1598798781633377,0.00023520452468547837,0.0002351999282836914,-4.5964017869604135e-09,1.954253056325921e-05,-0.7218948602676392,-0.7216596603393555,True
theta3,T4,batch2_128_255,1,5,"(1, 5)",12,5.9429473876953125,7.205594062805176,0.1631607711315155,0.0002002747417827565,0.0002002716064453125,-3.1353374439898815e-09,1.5655426646043495e-05,-0.7183611392974854,-0.71816086769104,True
theta3,T4,batch2_128_255,1,5,"(1, 5)",13,5.796858787536621,7.164060115814209,0.16532430052757263,0.00017255501487358814,0.00017255544662475586,4.3175116772238044e-10,2.502101070511435e-06,-0.7092094421386719,-0.7090368866920471,True
theta3,T4,batch2_128_255,1,5,"(1, 5)",14,5.649724006652832,7.134374141693115,0.16789782047271729,0.00013756977496234845,0.00013762712478637695,5.734982402849902e-08,0.00041670436781642196,-0.7016488313674927,-0.7015112042427063,True
theta3,T4,batch2_128_255,1,5,"(1, 5)",15,5.508036136627197,7.106053829193115,0.1703825145959854,0.00010382969181748505,0.00010383129119873047,1.599381245417095e-09,1.5403653628422283e-05,-0.6951549649238586,-0.6950511336326599,True
theta3,T4,batch2_128_255,1,5,"(1, 5)",16,5.377293586730957,7.085184097290039,0.1727674901485443,7.517262915535381e-05,7.516145706176758e-05,-1.1172093586231803e-08,0.00014864125873784742,-0.6872584223747253,-0.6871832609176636,True
theta3,T4,batch2_128_255,1,5,"(1, 5)",17,5.247152805328369,7.080157279968262,0.17447525262832642,4.5665068048923034e-05,4.565715789794922e-05,-7.910150973815288e-09,0.0001732510593737721,-0.6784921884536743,-0.6784465312957764,True
theta3,T4,batch2_128_255,1,5,"(1, 5)",18,5.1182942390441895,7.0767621994018555,0.1771245151758194,2.2540850546287946e-05,2.2530555725097656e-05,-1.0294821190289644e-08,0.00045692708674832395,-0.6694622039794922,-0.6694396734237671,True
theta3,T4,batch2_128_255,1,5,"(1, 5)",19,4.994673728942871,7.086889266967773,0.17988841235637665,-1.4028591652145684e-06,-1.430511474609375e-06,-2.765230939480658e-08,0.01933036531731247,-0.6632644534111023,-0.6632658839225769,False
theta3,T4,batch2_128_255,1,6,"(1, 6)",0,8.114269256591797,8.241800308227539,0.3622745871543884,0.0024682962925863575,0.002467632293701172,-6.639988851856425e-07,0.00026908339904634603,-2.4347951412200928,-2.4323275089263916,True
theta3,T4,batch2_128_255,1,6,"(1, 6)",1,7.916394233703613,8.099593162536621,0.34937170147895813,0.002099429080487472,0.002099275588989258,-1.53491498214222e-07,7.311641168948373e-05,-2.2586326599121094,-2.25653338432312,True
theta3,T4,batch2_128_255,1,6,"(1, 6)",2,7.72464656829834,7.960926532745361,0.3367815613746643,0.0017809445876794464,0.0017805099487304688,-4.346389489776059e-07,0.00024410925043553405,-2.094663143157959,-2.0928826332092285,True
theta3,T4,batch2_128_255,1,6,"(1, 6)",3,7.544459819793701,7.8325700759887695,0.3241427540779114,0.0015230914031546094,0.0015227794647216797,-3.119384329296898e-07,0.00020484806904504926,-1.9390076398849487,-1.937484860420227,True
theta3,T4,batch2_128_255,1,6,"(1, 6)",4,7.359025478363037,7.714698791503906,0.3116707503795624,0.001281151754165909,0.0012807846069335938,-3.671472323153475e-07,0.00028665806126008773,-1.791382074356079,-1.7901012897491455,True
theta3,T4,batch2_128_255,1,6,"(1, 6)",5,7.179152488708496,7.597946643829346,0.2982901930809021,0.001072105929913001,0.0010720491409301758,-5.6788982825267675e-08,5.297236913598388e-05,-1.640569806098938,-1.6394977569580078,True
theta3,T4,batch2_128_255,1,6,"(1, 6)",6,7.002681255340576,7.517648696899414,0.28531575202941895,0.0008956071811625962,0.0008955001831054688,-1.0699805712743784e-07,0.0001194841264648139,-1.508394718170166,-1.5074992179870605,True
theta3,T4,batch2_128_255,1,6,"(1, 6)",7,6.830347061157227,7.441944599151611,0.27324211597442627,0.0007574405614172286,0.0007574558258056641,1.526438843542626e-08,2.0152183025578254e-05,-1.3932617902755737,-1.392504334449768,True
theta3,T4,batch2_128_255,1,6,"(1, 6)",8,6.670131683349609,7.375038146972656,0.26187294721603394,0.000643113745982915,0.0006428956985473633,-2.1804743555176032e-07,0.0003391645581770779,-1.2889364957809448,-1.2882936000823975,True
theta3,T4,batch2_128_255,1,6,"(1, 6)",9,6.515725135803223,7.314745903015137,0.2522909641265869,0.0005506999371156891,0.0005506277084350586,-7.222868063047096e-08,0.00013117516522325476,-1.2024967670440674,-1.2019461393356323,True
theta3,T4,batch2_128_255,1,6,"(1, 6)",10,6.3666276931762695,7.251609802246094,0.2447788566350937,0.00047333847241558177,0.0004731416702270508,-1.9680218853098405e-07,0.00041594769794117437,-1.1305654048919678,-1.1300922632217407,True
theta3,T4,batch2_128_255,1,6,"(1, 6)",11,6.2224602699279785,7.213728427886963,0.23709888756275177,0.0004078039650815815,0.0004076957702636719,-1.0819481790960012e-07,0.00026538126171784057,-1.0689191818237305,-1.0685114860534668,True
theta3,T4,batch2_128_255,1,6,"(1, 6)",12,6.086915969848633,7.174487590789795,0.23110218346118927,0.00035736548140005817,0.0003572702407836914,-9.524061636676136e-08,0.0002665786441038189,-1.0147325992584229,-1.0143753290176392,True
theta3,T4,batch2_128_255,1,6,"(1, 6)",13,5.955634117126465,7.137985706329346,0.2262001782655716,0.00031379483676683735,0.00031375885009765625,-3.598666918109986e-08,0.00011469531192474458,-0.9698501825332642,-0.9695364236831665,True
theta3,T4,batch2_128_255,1,6,"(1, 6)",14,5.830477237701416,7.113305568695068,0.2214699387550354,0.00028378968558113565,0.0002837181091308594,-7.157645027627271e-08,0.0002522801610920771,-0.9287960529327393,-0.9285123348236084,True
theta3,T4,batch2_128_255,1,6,"(1, 6)",15,5.706552028656006,7.095180511474609,0.2174173891544342,0.0002548885674892927,0.0002549290657043457,4.049821505301395e-08,0.00015886072049540952,-0.8913171887397766,-0.8910622596740723,True
theta3,T4,batch2_128_255,1,6,"(1, 6)",16,5.589994430541992,7.080853462219238,0.21283955872058868,0.00023416870543837933,0.00023418664932250977,1.7943884130438648e-08,7.662214811283822e-05,-0.855167031288147,-0.8549328446388245,True
theta3,T4,batch2_128_255,1,6,"(1, 6)",17,5.470492362976074,7.072917938232422,0.20911511778831482,0.00021118931066833004,0.00021123886108398438,4.9550415654337756e-08,0.0002345705491880942,-0.828211784362793,-0.828000545501709,True
theta3,T4,batch2_128_255,1,6,"(1, 6)",18,5.357900619506836,7.074554920196533,0.20509827136993408,0.00018644525187629473,0.00018638372421264648,-6.152766364824727e-08,0.00033011285673232893,-0.8057317137718201,-0.8055453300476074,True
theta3,T4,batch2_128_255,1,6,"(1, 6)",19,5.238972187042236,7.075420379638672,0.2015644758939743,0.00016854748404010648,0.0001685023307800293,-4.5153260077186166e-08,0.0002679681632186519,-0.7823117971420288,-0.7821432948112488,True
theta3,T4,batch2_128_255,1,7,"(1, 7)",0,8.024566650390625,8.241800308227539,0.2396376132965088,0.0014991670699424976,0.0014990568161010742,-1.1025384142335573e-07,7.35488076496774e-05,-1.8053193092346191,-1.803820252418518,True
theta3,T4,batch2_128_255,1,7,"(1, 7)",1,7.8218278884887695,8.094700813293457,0.23730167746543884,0.0013003389222932219,0.001300215721130371,-1.2320116285079348e-07,9.475440178779399e-05,-1.7036088705062866,-1.7023086547851562,True
theta3,T4,batch2_128_255,1,7,"(1, 7)",2,7.6290740966796875,7.953166961669922,0.23658841848373413,0.0011331670820177995,0.001132965087890625,-2.019941271744815e-07,0.00017828804200009185,-1.614333987236023,-1.6132010221481323,True
theta3,T4,batch2_128_255,1,7,"(1, 7)",3,7.450490951538086,7.830995082855225,0.23484736680984497,0.0010025179138622156,0.0010024309158325195,-8.699802969604903e-08,8.6787057663517e-05,-1.535451889038086,-1.5344494581222534,True
theta3,T4,batch2_128_255,1,7,"(1, 7)",4,7.26546573638916,7.714313507080078,0.23153477907180786,0.0008730006152969241,0.0008729696273803711,-3.098791655296428e-08,3.5497130233446486e-05,-1.4473191499710083,-1.446446180343628,True
theta3,T4,batch2_128_255,1,7,"(1, 7)",5,7.096731662750244,7.6240057945251465,0.22828765213489532,0.0007603173089259195,0.000760197639465332,-1.1966946058747374e-07,0.00015741887947934248,-1.3610879182815552,-1.3603277206420898,True
theta3,T4,batch2_128_255,1,7,"(1, 7)",6,6.923926830291748,7.5427165031433105,0.22531798481941223,0.000664827431109832,0.000664830207824707,2.7767148750657347e-09,4.17657748156633e-06,-1.2825520038604736,-1.281887173652649,True
theta3,T4,batch2_128_255,1,7,"(1, 7)",7,6.759847640991211,7.46162223815918,0.22281965613365173,0.0005822220107888007,0.0005823373794555664,1.1536866676570279e-07,0.00019811310562540605,-1.2144970893859863,-1.2139147520065308,True
theta3,T4,batch2_128_255,1,7,"(1, 7)",8,6.595633029937744,7.404232025146484,0.22019249200820923,0.0005036456966822395,0.0005035400390625,-1.0565761973950656e-07,0.0002098296293105546,-1.1479464769363403,-1.1474429368972778,True
theta3,T4,batch2_128_255,1,7,"(1, 7)",9,6.438592910766602,7.370851516723633,0.21756073832511902,0.0004277176406307867,0.0004277229309082031,5.290277416440323e-09,1.2368468076301734e-05,-1.092573881149292,-1.0921461582183838,True
theta3,T4,batch2_128_255,1,7,"(1, 7)",10,6.286221504211426,7.3351922035217285,0.21432405710220337,0.00035763751778630337,0.00035762786865234375,-9.6491339596173e-09,2.6980934108905785e-05,-1.0372941493988037,-1.0369365215301514,True
theta3,T4,batch2_128_255,1,7,"(1, 7)",11,6.1424665451049805,7.311886787414551,0.2106713503599167,0.00029759651334835966,0.0002976655960083008,6.908265994112284e-08,0.0002320814392644704,-0.9847158789634705,-0.9844182133674622,True
theta3,T4,batch2_128_255,1,7,"(1, 7)",12,6.004844665527344,7.290109157562256,0.20837509632110596,0.0002459504181247377,0.0002459883689880371,3.7950863299434246e-08,0.00015427909642866028,-0.9428487420082092,-0.9426027536392212,True
theta3,T4,batch2_128_255,1,7,"(1, 7)",13,5.882902145385742,7.268588066101074,0.2064310610294342,0.00020655734585615945,0.00020653009414672852,-2.7251709430932023e-08,0.00013195030750129397,-0.9024303555488586,-0.9022238254547119,True
theta3,T4,batch2_128_255,1,7,"(1, 7)",14,5.755963325500488,7.260845184326172,0.20375490188598633,0.00016307451109396392,0.00016307830810546875,3.797011504828385e-09,2.3283363366590225e-05,-0.8660587072372437,-0.8658956289291382,True
theta3,T4,batch2_128_255,1,7,"(1, 7)",15,5.634159088134766,7.2573723793029785,0.20156139135360718,0.0001291555352287266,0.00012916326522827148,7.72999954489124e-09,5.98467337538265e-05,-0.8314375877380371,-0.8313084244728088,True
theta3,T4,batch2_128_255,1,7,"(1, 7)",16,5.517708778381348,7.264022350311279,0.19994282722473145,9.137087044958768e-05,9.137392044067383e-05,3.049991086147047e-09,3.337922977844985e-05,-0.8013677597045898,-0.8012763857841492,True
theta3,T4,batch2_128_255,1,7,"(1, 7)",17,5.402287483215332,7.279239654541016,0.1987214982509613,6.027288199924581e-05,6.031990051269531e-05,4.7018513449502875e-08,0.0007794859250407261,-0.7786462903022766,-0.7785859704017639,True
theta3,T4,batch2_128_255,1,7,"(1, 7)",18,5.28949499130249,7.294007301330566,0.1969781517982483,4.127195826478732e-05,4.13060188293457e-05,3.4060564558380116e-08,0.0008245908350330271,-0.7550680637359619,-0.7550267577171326,True
theta3,T4,batch2_128_255,1,7,"(1, 7)",19,5.177813529968262,7.307201385498047,0.19533860683441162,1.581064693108597e-05,1.5914440155029297e-05,1.0379322394332561e-07,0.006521952574657474,-0.7319032549858093,-0.7318873405456543,True
theta3,T4,batch2_128_255,2,3,"(2, 3)",0,8.679759979248047,8.241800308227539,0.18071936070919037,0.0013420239809067897,0.0013418197631835938,-2.0421772319598533e-07,0.00015219460079456538,-1.5343537330627441,-1.5330119132995605,True
theta3,T4,batch2_128_255,2,3,"(2, 3)",1,8.449101448059082,8.111736297607422,0.18177279829978943,0.001241387058771063,0.0012412071228027344,-1.7993596832855709e-07,0.0001449685270273416,-1.469639539718628,-1.4683983325958252,True
theta3,T4,batch2_128_255,2,3,"(2, 3)",2,8.236886024475098,7.970207214355469,0.18235522508621216,0.00114327355808616,0.0011429786682128906,-2.948898732693314e-07,0.0002580012046335106,-1.4002431631088257,-1.3991001844406128,True
theta3,T4,batch2_128_255,2,3,"(2, 3)",3,8.030990600585938,7.833980083465576,0.1829403191804886,0.0010453347406646333,0.00104522705078125,-1.0768988338333459e-07,0.00010303013426876227,-1.3314329385757446,-1.3303877115249634,True
theta3,T4,batch2_128_255,2,3,"(2, 3)",4,7.840314865112305,7.7168354988098145,0.1845822036266327,0.0009616364399098214,0.0009616613388061523,2.4898896330903357e-08,2.589154344274037e-05,-1.2779691219329834,-1.2770074605941772,True
theta3,T4,batch2_128_255,2,3,"(2, 3)",5,7.653177261352539,7.606257915496826,0.1860188990831375,0.0008785063960204105,0.0008783340454101562,-1.7235061025426025e-07,0.00019622444462320435,-1.2275667190551758,-1.2266883850097656,True
theta3,T4,batch2_128_255,2,3,"(2, 3)",6,7.478227615356445,7.501801013946533,0.18874207139015198,0.0008127630202657245,0.0008127689361572266,5.915891502041894e-09,7.27868799958355e-06,-1.187074899673462,-1.1862621307373047,True
theta3,T4,batch2_128_255,2,3,"(2, 3)",7,7.312137603759766,7.405301094055176,0.19207726418972015,0.0007620339818551673,0.0007621049880981445,7.100624297719758e-08,9.317120880470257e-05,-1.1551052331924438,-1.1543431282043457,True
theta3,T4,batch2_128_255,2,3,"(2, 3)",8,7.163447380065918,7.318665504455566,0.19562265276908875,0.0007038705120720242,0.0007036924362182617,-1.7807585376249102e-07,0.00025305921251547725,-1.1254278421401978,-1.1247241497039795,True
theta3,T4,batch2_128_255,2,3,"(2, 3)",9,7.0175018310546875,7.247208118438721,0.1986430436372757,0.0006556793877845386,0.0006555318832397461,-1.4750454479248512e-07,0.0002250150580983086,-1.098245620727539,-1.0975900888442993,True
theta3,T4,batch2_128_255,2,3,"(2, 3)",10,6.883291721343994,7.178504943847656,0.20087334513664246,0.000611022373184738,0.0006110668182373047,4.444505256667383e-08,7.273353950862673e-05,-1.0713584423065186,-1.0707473754882812,True
theta3,T4,batch2_128_255,2,3,"(2, 3)",11,6.751628398895264,7.116772174835205,0.20325098931789398,0.0005655547940370659,0.0005654096603393555,-1.45133697710461e-07,0.0002566876866294655,-1.0496766567230225,-1.049111247062683,True
theta3,T4,batch2_128_255,2,3,"(2, 3)",12,6.628482818603516,7.063216686248779,0.2051403820514679,0.0005186446722095371,0.0005185604095458984,-8.426266363869075e-08,0.00016249343777030584,-1.0255413055419922,-1.0250227451324463,True
theta3,T4,batch2_128_255,2,3,"(2, 3)",13,6.500720500946045,7.01384162902832,0.20741797983646393,0.00046797888238752527,0.0004678964614868164,-8.242090070886181e-08,0.00017615200689262775,-1.0077340602874756,-1.0072661638259888,True
theta3,T4,batch2_128_255,2,3,"(2, 3)",14,6.381125450134277,6.977816581726074,0.20947802066802979,0.00042259853671559357,0.00042259693145751953,-1.6052580740361089e-09,3.7985559159164725e-06,-0.9936094284057617,-0.9931868314743042,True
theta3,T4,batch2_128_255,2,3,"(2, 3)",15,6.261898994445801,6.942074298858643,0.21157380938529968,0.00037239538133757656,0.00037235021591186523,-4.516542571132752e-08,0.00012129823961755971,-0.9835830330848694,-0.9832106828689575,True
theta3,T4,batch2_128_255,2,3,"(2, 3)",16,6.144741058349609,6.9200849533081055,0.2136833369731903,0.0003302466309439619,0.00033026933670043945,2.2705756477531692e-08,6.874921149015491e-05,-0.9753355979919434,-0.9750053286552429,True
theta3,T4,batch2_128_255,2,3,"(2, 3)",17,6.0330376625061035,6.913435459136963,0.21597230434417725,0.0002938609454684613,0.0002937912940979004,-6.965137056089837e-08,0.00023707772136259548,-0.9731565117835999,-0.972862720489502,True
theta3,T4,batch2_128_255,2,3,"(2, 3)",18,5.917435646057129,6.908777236938477,0.21831011772155762,0.00026301569152321485,0.00026291608810424805,-9.960341896679851e-08,0.0003788410959747167,-0.9768993854522705,-0.9766364693641663,True
theta3,T4,batch2_128_255,2,3,"(2, 3)",19,5.811915397644043,6.904707908630371,0.22124354541301727,0.00024308969034505872,0.00024312734603881836,3.76556937596367e-08,0.00015488053636559867,-0.9877004623413086,-0.9874573349952698,True
theta3,T4,batch2_128_255,2,4,"(2, 4)",0,8.765385627746582,8.241800308227539,0.2662041485309601,0.0018891225936893982,0.0018887519836425781,-3.7061004682010547e-07,0.00019621954074952735,-2.442995548248291,-2.4411067962646484,True
theta3,T4,batch2_128_255,2,4,"(2, 4)",1,8.555397987365723,8.125045776367188,0.2652360796928406,0.0017576833951571654,0.0017571449279785156,-5.384671786497295e-07,0.0003064443746647592,-2.3578085899353027,-2.356051445007324,True
theta3,T4,batch2_128_255,2,4,"(2, 4)",2,8.349898338317871,8.001008987426758,0.2647678554058075,0.0016403518307974404,0.0016400814056396484,-2.7042515779191617e-07,0.00016488520439413652,-2.2786614894866943,-2.2770214080810547,True
theta3,T4,batch2_128_255,2,4,"(2, 4)",3,8.147689819335938,7.873636245727539,0.2655094861984253,0.0015439013416786516,0.0015437602996826172,-1.410419960344144e-07,9.136262673901597e-05,-2.2112526893615723,-2.2097089290618896,True
theta3,T4,batch2_128_255,2,4,"(2, 4)",4,7.948966979980469,7.754416465759277,0.2663721740245819,0.0014492646758908557,0.0014488697052001953,-3.9497069066036193e-07,0.00027260607992751664,-2.140911817550659,-2.139462947845459,True
theta3,T4,batch2_128_255,2,4,"(2, 4)",5,7.7452239990234375,7.630542755126953,0.2685324549674988,0.0013604431059027371,0.0013604164123535156,-2.669354922150112e-08,1.9621601870651775e-05,-2.0794084072113037,-2.07804799079895,True
theta3,T4,batch2_128_255,2,4,"(2, 4)",6,7.536181449890137,7.517399787902832,0.2690680921077728,0.0012703420234566728,0.0012700557708740234,-2.862525826494069e-07,0.00022538583675929002,-2.011718273162842,-2.0104482173919678,True
theta3,T4,batch2_128_255,2,4,"(2, 4)",7,7.346061706542969,7.414464473724365,0.27135705947875977,0.0012026491690576074,0.0012025833129882812,-6.585606932615201e-08,5.4762167922077056e-05,-1.9623662233352661,-1.9611636400222778,True
theta3,T4,batch2_128_255,2,4,"(2, 4)",8,7.178162574768066,7.314114093780518,0.2744986414909363,0.0011370380985724193,0.0011366605758666992,-3.775227057200431e-07,0.0003321331923843523,-1.9197088479995728,-1.918572187423706,True
theta3,T4,batch2_128_255,2,4,"(2, 4)",9,7.018275260925293,7.212347507476807,0.2776068449020386,0.0010728768927900636,0.0010728836059570312,6.713166967632633e-09,6.25712512555765e-06,-1.8801120519638062,-1.8790391683578491,True
theta3,T4,batch2_128_255,2,4,"(2, 4)",10,6.866871356964111,7.11474609375,0.2818397879600525,0.0010036614182970783,0.0010037422180175781,8.079972049985021e-08,8.049847764641419e-05,-1.8534687757492065,-1.852465033531189,True
theta3,T4,batch2_128_255,2,4,"(2, 4)",11,6.719464302062988,7.032529830932617,0.28568872809410095,0.000944864156044382,0.0009448528289794922,-1.1327064889776056e-08,1.1988179050075011e-05,-1.8331139087677002,-1.8321690559387207,True
theta3,T4,batch2_128_255,2,4,"(2, 4)",12,6.5841474533081055,6.962086200714111,0.28986579179763794,0.0008748420870775442,0.000874638557434082,-2.0352964346216987e-07,0.0002327014304734777,-1.817480206489563,-1.816605567932129,True
theta3,T4,batch2_128_255,2,4,"(2, 4)",13,6.451635360717773,6.8900957107543945,0.2945507764816284,0.0008207599156823428,0.0008206367492675781,-1.231664147646576e-07,0.00015008639921936735,-1.8106305599212646,-1.809809923171997,True
theta3,T4,batch2_128_255,2,4,"(2, 4)",14,6.325727939605713,6.834027290344238,0.29914993047714233,0.0007523454275937491,0.0007522106170654297,-1.3481052831942463e-07,0.00017921912461878797,-1.8132529258728027,-1.8125007152557373,True
theta3,T4,batch2_128_255,2,4,"(2, 4)",15,6.209465503692627,6.782860279083252,0.30249062180519104,0.0006725979164356478,0.0006725788116455078,-1.910479013997237e-08,2.840528100079641e-05,-1.8145241737365723,-1.8138515949249268,True
theta3,T4,batch2_128_255,2,4,"(2, 4)",16,6.098231315612793,6.7402777671813965,0.30724483728408813,0.000620835946463599,0.0006208419799804688,6.033516869712735e-09,9.71828108321951e-06,-1.8293099403381348,-1.8286890983581543,True
theta3,T4,batch2_128_255,2,4,"(2, 4)",17,5.975003242492676,6.706233024597168,0.31115323305130005,0.0005589776281430723,0.0005587339401245117,-2.436880185605582e-07,0.00043614321783683527,-1.8446379899978638,-1.8440792560577393,True
theta3,T4,batch2_128_255,2,4,"(2, 4)",18,5.8609619140625,6.679488658905029,0.31677961349487305,0.0005063967990261698,0.0005064010620117188,4.26298554898237e-09,8.418200254255626e-06,-1.8731707334518433,-1.8726643323898315,True
theta3,T4,batch2_128_255,2,4,"(2, 4)",19,5.7462239265441895,6.661800861358643,0.3220258951187134,0.0004620619116096999,0.00046193599700927734,-1.2591460042254022e-07,0.0002725801869474385,-1.906278371810913,-1.9058164358139038,True
theta3,T4,batch2_128_255,2,5,"(2, 5)",0,8.849956512451172,8.241800308227539,0.14265134930610657,0.0010665024128522663,0.0010663270950317383,-1.753178205279697e-07,0.00016441279729720413,-1.3292464017868042,-1.3281800746917725,True
theta3,T4,batch2_128_255,2,5,"(2, 5)",1,8.60617446899414,8.103812217712402,0.146192729473114,0.0010337340114046879,0.0010335445404052734,-1.8947099941443203e-07,0.0001833215618749596,-1.313369870185852,-1.3123363256454468,True
theta3,T4,batch2_128_255,2,5,"(2, 5)",2,8.367474555969238,7.952055931091309,0.14906853437423706,0.0010016155340569594,0.0010013580322265625,-2.5750183039693376e-07,0.0002571526088669478,-1.2879198789596558,-1.2869185209274292,True
theta3,T4,batch2_128_255,2,5,"(2, 5)",3,8.126310348510742,7.797101974487305,0.15271860361099243,0.0009680715698884984,0.0009679794311523438,-9.213873615465662e-08,9.518666739123667e-05,-1.2622478008270264,-1.261279821395874,True
theta3,T4,batch2_128_255,2,5,"(2, 5)",4,7.876952171325684,7.646266937255859,0.15782028436660767,0.0009410174729156729,0.0009407997131347656,-2.1775978090729856e-07,0.0002314624227315271,-1.2479287385940552,-1.2469879388809204,True
theta3,T4,batch2_128_255,2,5,"(2, 5)",5,7.629788875579834,7.50778341293335,0.16254185140132904,0.0009106089452937949,0.000910639762878418,3.081758462308848e-08,3.384168568005197e-05,-1.231945276260376,-1.2310346364974976,True
theta3,T4,batch2_128_255,2,5,"(2, 5)",6,7.396937370300293,7.38135290145874,0.1672428399324417,0.0008750462134160729,0.0008749961853027344,-5.002811333850842e-08,5.7175235936828126e-05,-1.2129243612289429,-1.2120493650436401,True
theta3,T4,batch2_128_255,2,5,"(2, 5)",7,7.18879508972168,7.262392520904541,0.17097091674804688,0.0008150817509414137,0.0008149147033691406,-1.6704757227307965e-07,0.00020498780005127768,-1.1905138492584229,-1.1896989345550537,True
theta3,T4,batch2_128_255,2,5,"(2, 5)",8,6.995431900024414,7.146091938018799,0.17471429705619812,0.000750173098552125,0.0007501840591430664,1.0960590941366116e-08,1.4610535651592457e-05,-1.1686339378356934,-1.1678837537765503,True
theta3,T4,batch2_128_255,2,5,"(2, 5)",9,6.820318222045898,7.056020736694336,0.17770855128765106,0.0006953768777626428,0.0006952285766601562,-1.4830110248653054e-07,0.00021331272543335562,-1.1509020328521729,-1.1502068042755127,True
theta3,T4,batch2_128_255,2,5,"(2, 5)",10,6.654899597167969,6.9863739013671875,0.17984139919281006,0.0006318132041581665,0.0006318092346191406,-3.969539025825211e-09,6.282812609122561e-06,-1.1296906471252441,-1.129058837890625,True
theta3,T4,batch2_128_255,2,5,"(2, 5)",11,6.49156379699707,6.932826042175293,0.18142440915107727,0.0005651120090217865,0.0005650520324707031,-5.997655108333239e-08,0.00010614341270676177,-1.1096357107162476,-1.1090706586837769,True
theta3,T4,batch2_128_255,2,5,"(2, 5)",12,6.332961559295654,6.8775634765625,0.1833162009716034,0.0005065155671661963,0.0005065202713012695,4.704135073228116e-09,9.28716053385784e-06,-1.0935895442962646,-1.0930830240249634,True
theta3,T4,batch2_128_255,2,5,"(2, 5)",13,6.176778316497803,6.832001209259033,0.18489742279052734,0.00043208847194092266,0.00043189525604248047,-1.9321589844219353e-07,0.00044736749417592387,-1.0751909017562866,-1.0747590065002441,True
theta3,T4,batch2_128_255,2,5,"(2, 5)",14,6.0238118171691895,6.802847862243652,0.18510176241397858,0.0003692182536863746,0.00036907196044921875,-1.4629323715582496e-07,0.0003963813370643574,-1.056273102760315,-1.0559040307998657,True
theta3,T4,batch2_128_255,2,5,"(2, 5)",15,5.874563694000244,6.786154270172119,0.18518269062042236,0.00029970101941667344,0.0002995729446411133,-1.2807477556015662e-07,0.00042752450730685807,-1.0435147285461426,-1.0432151556015015,True
theta3,T4,batch2_128_255,2,5,"(2, 5)",16,5.738046646118164,6.776411533355713,0.18523170053958893,0.00023523584411786096,0.0002351999282836914,-3.5915834169551004e-08,0.00015270342313297968,-1.0304385423660278,-1.0302033424377441,True
theta3,T4,batch2_128_255,2,5,"(2, 5)",17,5.601034164428711,6.7827324867248535,0.18464119732379913,0.00019670603137935733,0.00019657611846923828,-1.2991291011905286e-07,0.0006608783972880338,-1.0208184719085693,-1.0206218957901,True
theta3,T4,batch2_128_255,2,5,"(2, 5)",18,5.467083930969238,6.792239189147949,0.1844407320022583,0.0001576891813669884,0.0001577138900756836,2.470870869518936e-08,0.0001566679300303364,-1.014349102973938,-1.0141913890838623,True
theta3,T4,batch2_128_255,2,5,"(2, 5)",19,5.341066360473633,6.789600372314453,0.1831282675266266,0.00011810273205170375,0.00011801719665527344,-8.553539643031173e-08,0.0007247706169479641,-1.0012952089309692,-1.001177191734314,True
theta3,T4,batch2_128_255,2,6,"(2, 6)",0,8.540298461914062,8.241800308227539,0.386991411447525,0.002590695446242035,0.0025904178619384766,-2.7758430355857844e-07,0.00010715811824693601,-2.991131544113159,-2.9885411262512207,True
theta3,T4,batch2_128_255,2,6,"(2, 6)",1,8.346734046936035,8.100135803222656,0.378698468208313,0.0023632584053777535,0.0023627281188964844,-5.302864812691509e-07,0.00022443821488729815,-2.854836940765381,-2.8524742126464844,True
theta3,T4,batch2_128_255,2,6,"(2, 6)",2,8.1595458984375,7.958296298980713,0.3688594102859497,0.0021282249588694016,0.0021278858184814453,-3.391403879562764e-07,0.00015937903481978285,-2.7076022624969482,-2.705474376678467,True
theta3,T4,batch2_128_255,2,6,"(2, 6)",3,7.9808454513549805,7.822214603424072,0.36100536584854126,0.0019440792843671282,0.001943826675415039,-2.5260895208912247e-07,0.00012995446316487364,-2.580979824066162,-2.579035997390747,True
theta3,T4,batch2_128_255,2,6,"(2, 6)",4,7.793263912200928,7.6827263832092285,0.3520488142967224,0.0017460463986304917,0.0017459392547607422,-1.0714386974950557e-07,6.136746708532435e-05,-2.4474785327911377,-2.445732593536377,True
theta3,T4,batch2_128_255,2,6,"(2, 6)",5,7.612235069274902,7.558063983917236,0.34286993741989136,0.0015581110845922297,0.0015578269958496094,-2.8408874262037496e-07,0.00018236219001034729,-2.3183953762054443,-2.3168375492095947,True
theta3,T4,batch2_128_255,2,6,"(2, 6)",6,7.430961608886719,7.4368414878845215,0.33506253361701965,0.0013812101333689575,0.00138092041015625,-2.897232127074909e-07,0.00020980442506075278,-2.195751667022705,-2.194370746612549,True
theta3,T4,batch2_128_255,2,6,"(2, 6)",7,7.261930465698242,7.3375244140625,0.32682451605796814,0.001227142726067259,0.0012269020080566406,-2.407180106182849e-07,0.0001961998668496531,-2.07859468460083,-2.0773677825927734,True
theta3,T4,batch2_128_255,2,6,"(2, 6)",8,7.0955305099487305,7.258889198303223,0.3185206949710846,0.0010888720271635774,0.0010889768600463867,1.0483288280928142e-07,9.62673190363438e-05,-1.9700961112976074,-1.969007134437561,True
theta3,T4,batch2_128_255,2,6,"(2, 6)",9,6.932926177978516,7.180219650268555,0.30827441811561584,0.0009554243481229723,0.0009552240371704102,-2.003109525620982e-07,0.00020970049409085704,-1.8469786643981934,-1.846023440361023,True
theta3,T4,batch2_128_255,2,6,"(2, 6)",10,6.774156093597412,7.102019309997559,0.29865995049476624,0.0008388697084885531,0.0008387565612792969,-1.1314720925622267e-07,0.00013489874712115172,-1.7345080375671387,-1.7336692810058594,True
theta3,T4,batch2_128_255,2,6,"(2, 6)",11,6.623592376708984,7.048974514007568,0.28835660219192505,0.0007101670345433722,0.0007102489471435547,8.191260018246358e-08,0.00011532942148227853,-1.6288756132125854,-1.628165364265442,True
theta3,T4,batch2_128_255,2,6,"(2, 6)",12,6.484518051147461,7.005841255187988,0.2790096402168274,0.0006183800179140676,0.0006185770034790039,1.9698556493635312e-07,0.00031844954440347103,-1.5388647317886353,-1.5382461547851562,True
theta3,T4,batch2_128_255,2,6,"(2, 6)",13,6.349573135375977,6.976525783538818,0.27111828327178955,0.0005182944960692887,0.0005182027816772461,-9.171439204261594e-08,0.00017698552629487563,-1.4630306959152222,-1.462512493133545,True
theta3,T4,batch2_128_255,2,6,"(2, 6)",14,6.226253986358643,6.941803932189941,0.2623002231121063,0.0004350713461063319,0.0004349946975708008,-7.664853553110895e-08,0.00017620567781434496,-1.3821008205413818,-1.381665825843811,True
theta3,T4,batch2_128_255,2,6,"(2, 6)",15,6.11198616027832,6.925028324127197,0.2536800503730774,0.00036107683649572175,0.00036084651947021484,-2.303170255069098e-07,0.0006382686629347432,-1.3136250972747803,-1.31326425075531,True
theta3,T4,batch2_128_255,2,6,"(2, 6)",16,6.000304222106934,6.913525581359863,0.24660921096801758,0.0002979371414847598,0.00029790401458740234,-3.3126897357454044e-08,0.0001111999024361416,-1.2563700675964355,-1.2560721635818481,True
theta3,T4,batch2_128_255,2,6,"(2, 6)",17,5.8939056396484375,6.90394926071167,0.23933923244476318,0.00025288386214785514,0.0002529621124267578,7.825027890267285e-08,0.00030933596399867705,-1.2008838653564453,-1.2006309032440186,True
theta3,T4,batch2_128_255,2,6,"(2, 6)",18,5.790870189666748,6.906088352203369,0.2323608249425888,0.00019730246138920823,0.00019729137420654297,-1.1087182665258906e-08,5.6196996497433346e-05,-1.1557081937789917,-1.1555109024047852,True
theta3,T4,batch2_128_255,2,6,"(2, 6)",19,5.68664026260376,6.912412166595459,0.22587192058563232,0.00015647194412250867,0.00015628337860107422,-1.8856552143445586e-07,0.0012065615878178854,-1.1161679029464722,-1.116011619567871,True
theta3,T4,batch2_128_255,2,7,"(2, 7)",0,8.66128158569336,8.241800308227539,0.264354407787323,0.0018463936755709694,0.0018460750579833984,-3.1861758757094696e-07,0.00017259189229228635,-2.3616552352905273,-2.359809160232544,True
theta3,T4,batch2_128_255,2,7,"(2, 7)",1,8.43669605255127,8.087505340576172,0.2723744809627533,0.0017825149418022803,0.0017824172973632812,-9.764443899902726e-08,5.478203064090102e-05,-2.347249746322632,-2.3454673290252686,True
theta3,T4,batch2_128_255,2,7,"(2, 7)",2,8.219722747802734,7.93102502822876,0.2816470265388489,0.0017163870171774457,0.0017161369323730469,-2.500848043987796e-07,0.00014572543698652667,-2.3359580039978027,-2.3342418670654297,True
theta3,T4,batch2_128_255,2,7,"(2, 7)",3,8.01373291015625,7.774711608886719,0.2903335690498352,0.0016564494755005883,0.0016562938690185547,-1.5560648203359444e-07,9.394859507980903e-05,-2.316847085952759,-2.3151907920837402,True
theta3,T4,batch2_128_255,2,7,"(2, 7)",4,7.806061267852783,7.62593412399292,0.29997050762176514,0.0015827122443395247,0.0015823841094970703,-3.2813484245443683e-07,0.00020736737716528766,-2.3045501708984375,-2.3029677867889404,True
theta3,T4,batch2_128_255,2,7,"(2, 7)",5,7.600924015045166,7.487501621246338,0.3071775436401367,0.0015057816387063802,0.0015053749084472656,-4.067302591145676e-07,0.0002701853583663711,-2.2680599689483643,-2.266554594039917,True
theta3,T4,batch2_128_255,2,7,"(2, 7)",6,7.392022132873535,7.36866569519043,0.3142770528793335,0.001424428212741553,0.0014243125915527344,-1.1562118881866708e-07,8.117683541126391e-05,-2.2370357513427734,-2.2356114387512207,True
theta3,T4,batch2_128_255,2,7,"(2, 7)",7,7.199085235595703,7.254685878753662,0.32056260108947754,0.001339496099291843,0.0013396739959716797,1.778966798367948e-07,0.0001327910225709535,-2.197789192199707,-2.1964495182037354,True
theta3,T4,batch2_128_255,2,7,"(2, 7)",8,7.011977195739746,7.153359413146973,0.32870128750801086,0.0012488195072431819,0.0012485980987548828,-2.2140848829907758e-07,0.00017732566509581332,-2.1772539615631104,-2.1760053634643555,True
theta3,T4,batch2_128_255,2,7,"(2, 7)",9,6.8332014083862305,7.072338581085205,0.3355778455734253,0.0011448413625852832,0.0011446475982666016,-1.9376431868159058e-07,0.00016927857881763594,-2.156053304672241,-2.1549086570739746,True
theta3,T4,batch2_128_255,2,7,"(2, 7)",10,6.668957710266113,7.02028751373291,0.342098206281662,0.001018736151426498,0.001018524169921875,-2.1198150462298053e-07,0.0002081261406287888,-2.1433634757995605,-2.1423449516296387,True
theta3,T4,batch2_128_255,2,7,"(2, 7)",11,6.502634048461914,6.970227241516113,0.34855902194976807,0.0008692473167339474,0.0008690357208251953,-2.1159590875210067e-07,0.00024348355732855168,-2.134847402572632,-2.1339783668518066,True
theta3,T4,batch2_128_255,2,7,"(2, 7)",12,6.3553876876831055,6.941965103149414,0.3547905385494232,0.0007184514793505782,0.0007185935974121094,1.421180615312134e-07,0.0001977725129238933,-2.134589433670044,-2.133870840072632,True
theta3,T4,batch2_128_255,2,7,"(2, 7)",13,6.213150978088379,6.922441005706787,0.3602859377861023,0.0005494522841748635,0.00054931640625,-1.3587792486351516e-07,0.0002473582134404258,-2.140537977218628,-2.139988660812378,True
theta3,T4,batch2_128_255,2,7,"(2, 7)",14,6.0874176025390625,6.905718803405762,0.3650617003440857,0.00039098279364634147,0.0003910064697265625,2.3676080221032327e-08,6.05516329118273e-05,-2.148165702819824,-2.1477746963500977,True
theta3,T4,batch2_128_255,2,7,"(2, 7)",15,5.9613037109375,6.897880554199219,0.37015917897224426,0.00024945251546441496,0.0002493858337402344,-6.668172418058818e-08,0.00026738376907986403,-2.166389226913452,-2.166139841079712,True
theta3,T4,batch2_128_255,2,7,"(2, 7)",16,5.836217880249023,6.90107536315918,0.3768806755542755,7.622944881674949e-05,7.653236389160156e-05,3.029150748520723e-07,0.003957999719976156,-2.198063373565674,-2.1979868412017822,True
theta3,T4,batch2_128_255,2,7,"(2, 7)",17,5.715839862823486,6.9086198806762695,0.3839918375015259,-9.307616210541526e-05,-9.322166442871094e-05,-1.4550232329567695e-07,0.0015608209120418185,-2.2385752201080322,-2.238668441772461,False
theta3,T4,batch2_128_255,2,7,"(2, 7)",18,5.608706951141357,6.917130947113037,0.3890874981880188,-0.00026472633354455,-0.00026488304138183594,-1.567078372859262e-07,0.0005916114390276413,-2.2679433822631836,-2.2682082653045654,False
theta3,T4,batch2_128_255,2,7,"(2, 7)",19,5.501203536987305,6.9382781982421875,0.3943758010864258,-0.00044242973684975335,-0.0004425048828125,-7.514596274665192e-08,0.00016981951084705447,-2.3071999549865723,-2.3076424598693848,False
theta3,T4,batch2_128_255,3,4,"(3, 4)",0,8.746499061584473,8.241800308227539,0.24831745028495789,0.001751558507697925,0.0017511844635009766,-3.7404419694843545e-07,0.00021359497228558348,-2.154153823852539,-2.152402639389038,True
theta3,T4,batch2_128_255,3,4,"(3, 4)",1,8.541911125183105,8.11263656616211,0.24799907207489014,0.0015997891022981653,0.0015995502471923828,-2.388551057824675e-07,0.00014932641609834946,-2.075080156326294,-2.0734806060791016,True
theta3,T4,batch2_128_255,3,4,"(3, 4)",2,8.35499095916748,7.9812517166137695,0.24791871011257172,0.0014608064177157772,0.0014605522155761719,-2.542021396052807e-07,0.0001740452254252346,-2.0000758171081543,-1.9986152648925781,True
theta3,T4,batch2_128_255,3,4,"(3, 4)",3,8.171417236328125,7.8554158210754395,0.24883241951465607,0.0013425677023918255,0.0013425350189208984,-3.2683470927059866e-08,2.434459471554802e-05,-1.9369962215423584,-1.9356536865234375,True
theta3,T4,batch2_128_255,3,4,"(3, 4)",4,7.990913391113281,7.730225563049316,0.24940499663352966,0.0012273282288241725,0.0012271404266357422,-1.878021884302826e-07,0.00015304050323331804,-1.8700854778289795,-1.8688583374023438,True
theta3,T4,batch2_128_255,3,4,"(3, 4)",5,7.819250106811523,7.614142894744873,0.24997815489768982,0.0011171060953181426,0.0011169910430908203,-1.1505222732226088e-07,0.00010300192471006789,-1.8069931268692017,-1.8058761358261108,True
theta3,T4,batch2_128_255,3,4,"(3, 4)",6,7.662140369415283,7.505074977874756,0.25032222270965576,0.0010233996765975628,0.0010232925415039062,-1.0713509365658895e-07,0.00010469644731225668,-1.7497596740722656,-1.7487363815307617,True
theta3,T4,batch2_128_255,3,4,"(3, 4)",7,7.506321430206299,7.404813766479492,0.25162237882614136,0.0009329911561026525,0.0009328126907348633,-1.7846536778920973e-07,0.00019131961814179002,-1.7068660259246826,-1.7059332132339478,True
theta3,T4,batch2_128_255,3,4,"(3, 4)",8,7.362959384918213,7.311008453369141,0.25239506363868713,0.0008573701056320813,0.000857234001159668,-1.3610447241333215e-07,0.000158771668213358,-1.6624054908752441,-1.6615482568740845,True
theta3,T4,batch2_128_255,3,4,"(3, 4)",9,7.230765342712402,7.226959228515625,0.254226952791214,0.0007940024799695505,0.0007940530776977539,5.059772820344144e-08,6.372083885140587e-05,-1.6287258863449097,-1.627931833267212,True
theta3,T4,batch2_128_255,3,4,"(3, 4)",10,7.1012444496154785,7.147619724273682,0.25544941425323486,0.0007404005603315491,0.0007405281066894531,1.2754635790406237e-07,0.00017223702483658737,-1.592732548713684,-1.5919920206069946,True
theta3,T4,batch2_128_255,3,4,"(3, 4)",11,6.977180480957031,7.058596134185791,0.2588777244091034,0.0006988209356499375,0.0006988048553466797,-1.6080303257785117e-08,2.301114987217371e-05,-1.5780667066574097,-1.577367901802063,True
theta3,T4,batch2_128_255,3,4,"(3, 4)",12,6.858758449554443,6.9871320724487305,0.2623094320297241,0.0006525196261229497,0.000652313232421875,-2.063937010746619e-07,0.0003164027507281647,-1.5690479278564453,-1.5683956146240234,True
theta3,T4,batch2_128_255,3,4,"(3, 4)",13,6.741312026977539,6.919915199279785,0.266496479511261,0.000613803279921823,0.0006135702133178711,-2.3306660395193673e-07,0.0003798531918484647,-1.564640998840332,-1.5640274286270142,True
theta3,T4,batch2_128_255,3,4,"(3, 4)",14,6.625241279602051,6.855961799621582,0.2699090838432312,0.0005836739211128038,0.0005837678909301758,9.396981737197236e-08,0.00016097119905351568,-1.5630764961242676,-1.5624927282333374,True
theta3,T4,batch2_128_255,3,4,"(3, 4)",15,6.509617805480957,6.798033237457275,0.2727985978126526,0.0005533981874629472,0.0005532503128051758,-1.4787465777137826e-07,0.0002672834598531019,-1.5602015256881714,-1.5596482753753662,True
theta3,T4,batch2_128_255,3,4,"(3, 4)",16,6.392547130584717,6.740368366241455,0.27591371536254883,0.0005214457005838763,0.0005214214324951172,-2.4268088759144164e-08,4.6542177299878103e-05,-1.5616010427474976,-1.5610796213150024,True
theta3,T4,batch2_128_255,3,4,"(3, 4)",17,6.28241491317749,6.685610294342041,0.27967169880867004,0.0004984183171856341,0.0004984140396118164,-4.277573817726421e-09,8.58237023390825e-06,-1.5701212882995605,-1.5696228742599487,True
theta3,T4,batch2_128_255,3,4,"(3, 4)",18,6.173887729644775,6.634444713592529,0.28303200006484985,0.00044670780362760415,0.00044655799865722656,-1.4980497037758765e-07,0.0003354658763879324,-1.5762104988098145,-1.5757639408111572,True
theta3,T4,batch2_128_255,3,4,"(3, 4)",19,6.060677528381348,6.5888190269470215,0.2873800992965698,0.0004034897802404196,0.0004036426544189453,1.5287417852569065e-07,0.0003787364314749075,-1.5943100452423096,-1.5939064025878906,True
theta3,T4,batch2_128_255,3,5,"(3, 5)",0,8.67575454711914,8.241800308227539,0.12476465106010437,0.0009126714498347413,0.0009125471115112305,-1.2433832351080917e-07,0.00013625414177783956,-1.0404046773910522,-1.039492130279541,True
theta3,T4,batch2_128_255,3,5,"(3, 5)",1,8.448442459106445,8.097600936889648,0.1266094446182251,0.0008386023471275558,0.0008383989334106445,-2.0341371691125903e-07,0.00024262163130833538,-1.0138555765151978,-1.013017177581787,True
theta3,T4,batch2_128_255,3,5,"(3, 5)",2,8.232221603393555,7.946272373199463,0.12811961770057678,0.0007687341046096299,0.0007686018943786621,-1.3221023096774386e-07,0.00017201392806170823,-0.983604371547699,-0.9828357696533203,True
theta3,T4,batch2_128_255,3,5,"(3, 5)",3,8.031657218933105,7.8087158203125,0.12921959161758423,0.0006973487153632508,0.0006973743438720703,2.5628508819493245e-08,3.675000241218318e-05,-0.9502425789833069,-0.9495452046394348,True
theta3,T4,batch2_128_255,3,5,"(3, 5)",4,7.837443828582764,7.67333459854126,0.13108240067958832,0.0006368456370139772,0.0006368160247802734,-2.9612233703752572e-08,4.6500453115905737e-05,-0.9186805486679077,-0.9180437326431274,True
theta3,T4,batch2_128_255,3,5,"(3, 5)",5,7.655392169952393,7.546631336212158,0.13271059095859528,0.0005740593259814242,0.0005739331245422363,-1.262014391878452e-07,0.00021988875322103476,-0.8871336579322815,-0.8865597248077393,True
theta3,T4,batch2_128_255,3,5,"(3, 5)",6,7.485509872436523,7.440079689025879,0.1344522386789322,0.0005179973460218955,0.0005180239677429199,2.662172102446507e-08,5.139090598540925e-05,-0.8600772619247437,-0.8595592379570007,True
theta3,T4,batch2_128_255,3,5,"(3, 5)",7,7.321393013000488,7.342689514160156,0.13664478063583374,0.0004703076910403356,0.00047028064727783203,-2.704376250359502e-08,5.750558237965962e-05,-0.8419654369354248,-0.841495156288147,True
theta3,T4,batch2_128_255,3,5,"(3, 5)",8,7.173489570617676,7.246306419372559,0.13878542184829712,0.0004264435330586626,0.0004264712333679199,2.7700309257298883e-08,6.49523510379459e-05,-0.8189965486526489,-0.818570077419281,True
theta3,T4,batch2_128_255,3,5,"(3, 5)",9,7.034314155578613,7.157407760620117,0.14039039611816406,0.00038401659457484584,0.0003841519355773926,1.353410025467408e-07,0.0003523111300827339,-0.798771321773529,-0.7983871698379517,True
theta3,T4,batch2_128_255,3,5,"(3, 5)",10,6.900322914123535,7.0730204582214355,0.1416592299938202,0.00034215504151107324,0.0003421306610107422,-2.438050033105703e-08,7.126078749864377e-05,-0.7756072878837585,-0.7752651572227478,True
theta3,T4,batch2_128_255,3,5,"(3, 5)",11,6.765043258666992,6.998919486999512,0.14274197816848755,0.0003042973457840919,0.00030428171157836914,-1.5634205722734034e-08,5.1380694691233106e-05,-0.7493818402290344,-0.749077558517456,True
theta3,T4,batch2_128_255,3,5,"(3, 5)",12,6.630873203277588,6.932323455810547,0.14258641004562378,0.00027666736994221605,0.0002765655517578125,-1.0181818440354717e-07,0.00036815208458322026,-0.7233050465583801,-0.7230284810066223,True
theta3,T4,batch2_128_255,3,5,"(3, 5)",13,6.486420631408691,6.869428634643555,0.14265084266662598,0.0002325626926037506,0.00023251771926879883,-4.497333495176903e-08,0.00019341895788930495,-0.6969953775405884,-0.6967628598213196,True
theta3,T4,batch2_128_255,3,5,"(3, 5)",14,6.353304862976074,6.810840606689453,0.14326366782188416,0.00020158335569104858,0.0002015829086303711,-4.470606774858131e-10,2.217750902213431e-06,-0.6724317073822021,-0.6722301244735718,True
theta3,T4,batch2_128_255,3,5,"(3, 5)",15,6.224310874938965,6.756537437438965,0.14376290142536163,0.00017589648968634498,0.00017589330673217773,-3.182954167244142e-09,1.8095936828856355e-05,-0.6486530900001526,-0.6484771966934204,True
theta3,T4,batch2_128_255,3,5,"(3, 5)",16,6.100163459777832,6.707340240478516,0.1430223137140274,0.0001411392944266192,0.000141143798828125,4.504401505787828e-09,3.1913562927925524e-05,-0.6201210618019104,-0.6199799180030823,True
theta3,T4,batch2_128_255,3,5,"(3, 5)",17,5.9709086418151855,6.663989067077637,0.14294540882110596,0.00011750519339783694,0.00011748075485229492,-2.4438545542015207e-08,0.00020802169319341764,-0.5953123569488525,-0.5951948761940002,True
theta3,T4,batch2_128_255,3,5,"(3, 5)",18,5.844682216644287,6.636147975921631,0.14189723134040833,9.319788068562586e-05,9.322166442871094e-05,2.3783743085075662e-08,0.00025513107098901585,-0.5705543756484985,-0.5704611539840698,True
theta3,T4,batch2_128_255,3,5,"(3, 5)",19,5.721292018890381,6.601309776306152,0.1414385735988617,7.108780413715658e-05,7.104873657226562e-05,-3.906756489095568e-08,0.0005498699452764932,-0.5474531054496765,-0.5473820567131042,True
theta3,T4,batch2_128_255,3,6,"(3, 6)",0,8.450942993164062,8.241800308227539,0.3691047132015228,0.0026182787628349947,0.002618074417114258,-2.0434572073693702e-07,7.805191456787341e-05,-2.702289581298828,-2.699671506881714,True
theta3,T4,batch2_128_255,3,6,"(3, 6)",1,8.24901008605957,8.073651313781738,0.3594914972782135,0.002322989763676944,0.002322673797607422,-3.1596606952198625e-07,0.0001360354905830779,-2.544628381729126,-2.5423057079315186,True
theta3,T4,batch2_128_255,3,6,"(3, 6)",2,8.058428764343262,7.9174580574035645,0.34957629442214966,0.002049688284431654,0.0020494461059570312,-2.421784746227916e-07,0.00011816776929086474,-2.3939614295959473,-2.3919119834899902,True
theta3,T4,batch2_128_255,3,6,"(3, 6)",3,7.882628440856934,7.769149303436279,0.3396626114845276,0.0017909853150388211,0.001790761947631836,-2.2336740698519417e-07,0.00012473316583512553,-2.2461562156677246,-2.2443654537200928,True
theta3,T4,batch2_128_255,3,6,"(3, 6)",4,7.7142486572265625,7.636042594909668,0.32957398891448975,0.0015673598438221128,0.0015668869018554688,-4.729419666440679e-07,0.00030183542033826547,-2.1066713333129883,-2.105104446411133,True
theta3,T4,batch2_128_255,3,6,"(3, 6)",5,7.555598258972168,7.511617660522461,0.31905892491340637,0.001342552851211893,0.0013422966003417969,-2.5625087009609193e-07,0.00019090480451998558,-1.97224760055542,-1.9709053039550781,True
theta3,T4,batch2_128_255,3,6,"(3, 6)",6,7.396553993225098,7.398136615753174,0.30911576747894287,0.0011576831138369193,0.001157522201538086,-1.609122988333999e-07,0.00013901443844410393,-1.8465895652770996,-1.8454320430755615,True
theta3,T4,batch2_128_255,3,6,"(3, 6)",7,7.248776435852051,7.294694900512695,0.2987585961818695,0.0009817663804876043,0.0009815692901611328,-1.9709032647152042e-07,0.00020079104801574058,-1.725015640258789,-1.724034070968628,True
theta3,T4,batch2_128_255,3,6,"(3, 6)",8,7.11074161529541,7.2068352699279785,0.2890401780605316,0.0008346205770347659,0.0008345842361450195,-3.634088974636008e-08,4.354370496406715e-05,-1.6188559532165527,-1.6180213689804077,True
theta3,T4,batch2_128_255,3,6,"(3, 6)",9,6.977006435394287,7.13106632232666,0.27936500310897827,0.0007087052514241036,0.0007086992263793945,-6.025044709022723e-09,8.501553952307096e-06,-1.5183091163635254,-1.517600417137146,True
theta3,T4,batch2_128_255,3,6,"(3, 6)",10,6.853666305541992,7.060436725616455,0.27031978964805603,0.0005952290325483074,0.0005950927734375,-1.3625911080743583e-07,0.00022897120733015677,-1.4261854887008667,-1.4255903959274292,True
theta3,T4,batch2_128_255,3,6,"(3, 6)",11,6.731869697570801,6.999626636505127,0.2607438564300537,0.0004865929735607305,0.00048661231994628906,1.9346385558556382e-08,3.975728678774879e-05,-1.3432656526565552,-1.3427790403366089,True
theta3,T4,batch2_128_255,3,6,"(3, 6)",12,6.617254734039307,6.9515581130981445,0.25067293643951416,0.00040595185969293196,0.00040590763092041016,-4.422877252180206e-08,0.00010896265345273683,-1.2604292631149292,-1.2600233554840088,True
theta3,T4,batch2_128_255,3,6,"(3, 6)",13,6.507209777832031,6.912375450134277,0.2413266897201538,0.0003260325658597206,0.0003260374069213867,4.841061666122082e-09,1.4848178654817193e-05,-1.1841685771942139,-1.1838425397872925,True
theta3,T4,batch2_128_255,3,6,"(3, 6)",14,6.397497653961182,6.873804569244385,0.23216921091079712,0.000264055173889038,0.00026416778564453125,1.1261175549324249e-07,0.00042628875136491786,-1.114868402481079,-1.1146042346954346,True
theta3,T4,batch2_128_255,3,6,"(3, 6)",15,6.286613464355469,6.838802814483643,0.22502124309539795,0.00019493550876091328,0.00019490718841552734,-2.83203453859402e-08,0.0001453016977781413,-1.058950424194336,-1.0587555170059204,True
theta3,T4,batch2_128_255,3,6,"(3, 6)",16,6.186054229736328,6.80321741104126,0.21716928482055664,0.00014653111381779147,0.00014650821685791016,-2.2896959881308883e-08,0.00015628447586332528,-1.0022695064544678,-1.0021229982376099,True
theta3,T4,batch2_128_255,3,6,"(3, 6)",17,6.087574005126953,6.772213459014893,0.21024717390537262,0.00010064991889152109,0.00010061264038085938,-3.7278510661717195e-08,0.0003705151810011447,-0.9518337249755859,-0.9517331123352051,True
theta3,T4,batch2_128_255,3,6,"(3, 6)",18,5.992057800292969,6.744243621826172,0.2044781744480133,5.921464216879374e-05,5.91278076171875e-05,-8.683455160623952e-08,0.0014685907545978097,-0.9106045961380005,-0.9105454683303833,True
theta3,T4,batch2_128_255,3,6,"(3, 6)",19,5.894731521606445,6.721075057983398,0.1989145427942276,2.4908981859757614e-05,2.4974346160888672e-05,6.536430113105742e-08,0.0026172577536152618,-0.8728253245353699,-0.872800350189209,True
theta3,T4,batch2_128_255,3,7,"(3, 7)",0,8.457393646240234,8.241800308227539,0.2464677095413208,0.0018121425790020333,0.001811981201171875,-1.6137783015826059e-07,8.906153665054119e-05,-2.0728135108947754,-2.0710015296936035,True
theta3,T4,batch2_128_255,3,7,"(3, 7)",1,8.247858047485352,8.067635536193848,0.24898794293403625,0.0016598903402648283,0.0016596317291259766,-2.586111388517068e-07,0.0001558244123157979,-2.017742872238159,-2.016083240509033,True
theta3,T4,batch2_128_255,3,7,"(3, 7)",2,8.05271053314209,7.899190902709961,0.2525758743286133,0.0015133620169461835,0.0015132427215576172,-1.1929538856628522e-07,7.883427216718518e-05,-1.9710291624069214,-1.9695159196853638,True
theta3,T4,batch2_128_255,3,7,"(3, 7)",3,7.8699750900268555,7.73573637008667,0.2559969425201416,0.0013769357226506276,0.0013767480850219727,-1.87637628654971e-07,0.0001362904591597644,-1.9234167337417603,-1.9220399856567383,True
theta3,T4,batch2_128_255,3,7,"(3, 7)",4,7.694896697998047,7.588932991027832,0.2591371238231659,0.0012468343810508426,0.001246809959411621,-2.4421639221528305e-08,1.9587298799773028e-05,-1.8800281286239624,-1.8787813186645508,True
theta3,T4,batch2_128_255,3,7,"(3, 7)",5,7.529720306396484,7.458066463470459,0.2615031898021698,0.0011173866855567417,0.0011172294616699219,-1.57223886819869e-07,0.00014072658501581816,-1.8346083164215088,-1.8334910869598389,True
theta3,T4,batch2_128_255,3,7,"(3, 7)",6,7.3672380447387695,7.340538501739502,0.2644718587398529,0.000993726658475745,0.0009936094284057617,-1.1723006998324605e-07,0.00011798405553713469,-1.7922155857086182,-1.7912219762802124,True
theta3,T4,batch2_128_255,3,7,"(3, 7)",7,7.2120842933654785,7.2391510009765625,0.26680970191955566,0.0008839481256328199,0.0008840560913085938,1.0796567577388717e-07,0.00012212536832824112,-1.751791000366211,-1.7509069442749023,True
theta3,T4,batch2_128_255,3,7,"(3, 7)",8,7.065679550170898,7.147922992706299,0.2706450819969177,0.0007803942576358537,0.0007804632186889648,6.896105311110252e-08,8.83591327044783e-05,-1.7214535474777222,-1.7206730842590332,True
theta3,T4,batch2_128_255,3,7,"(3, 7)",9,6.927495002746582,7.070407390594482,0.2740802764892578,0.0006841029434156193,0.000683903694152832,-1.992492627872662e-07,0.00029134111204660336,-1.6917513608932495,-1.6910674571990967,True
theta3,T4,batch2_128_255,3,7,"(3, 7)",10,6.790892124176025,6.9966254234313965,0.2788240313529968,0.0006027877495592471,0.0006030797958374023,2.9204627815528853e-07,0.00048425810344014203,-1.6737674474716187,-1.6731643676757812,True
theta3,T4,batch2_128_255,3,7,"(3, 7)",11,6.66455078125,6.948488235473633,0.28260427713394165,0.0005245502289608141,0.0005245208740234375,-2.935493737660482e-08,5.59652414811105e-05,-1.656446099281311,-1.6559215784072876,True
theta3,T4,batch2_128_255,3,7,"(3, 7)",12,6.5427656173706055,6.896701335906982,0.28732365369796753,0.00043680574438880777,0.0004367828369140625,-2.2907474745272136e-08,5.244591318449449e-05,-1.6452733278274536,-1.6448365449905396,True
theta3,T4,batch2_128_255,3,7,"(3, 7)",13,6.421448707580566,6.859145164489746,0.2911185920238495,0.0003774725923321536,0.0003775358200073242,6.322767517061637e-08,0.0001674746390140934,-1.6362773180007935,-1.6358997821807861,True
theta3,T4,batch2_128_255,3,7,"(3, 7)",14,6.30544900894165,6.82564640045166,0.29552337527275085,0.0002830899074069648,0.00028312206268310547,3.21552761406484e-08,0.00011357389754764307,-1.6315816640853882,-1.631298542022705,True
theta3,T4,batch2_128_255,3,7,"(3, 7)",15,6.190695762634277,6.808253765106201,0.30031177401542664,0.0001903629225411139,0.00019037723541259766,1.4312871483742858e-08,7.518163320694879e-05,-1.6383674144744873,-1.6381770372390747,True
theta3,T4,batch2_128_255,3,7,"(3, 7)",16,6.079903602600098,6.787542343139648,0.3051491379737854,9.683449291145787e-05,9.703636169433594e-05,2.018687828780701e-07,0.002080341630222656,-1.6427031755447388,-1.6426061391830444,True
theta3,T4,batch2_128_255,3,7,"(3, 7)",17,5.974390029907227,6.76699686050415,0.31033948063850403,5.064484878467519e-06,5.0067901611328125e-06,-5.769471733470644e-08,0.011523294461706121,-1.6488831043243408,-1.6488780975341797,True
theta3,T4,batch2_128_255,3,7,"(3, 7)",18,5.8696746826171875,6.754545211791992,0.3147735595703125,-0.0001111242558219827,-0.00011098384857177734,1.4040725020535573e-07,0.0012651142667353906,-1.6546550989151,-1.6547660827636719,False
theta3,T4,batch2_128_255,3,7,"(3, 7)",19,5.775486946105957,6.744211673736572,0.3190214931964874,-0.00020442965310043973,-0.00020456314086914062,-1.3348776870089792e-07,0.0006525504454699895,-1.6621439456939697,-1.6623485088348389,False
theta3,T4,batch2_128_255,4,5,"(4, 5)",0,8.734678268432617,8.241800308227539,0.21024945378303528,0.001666222334924243,0.0016658306121826172,-3.917227416258551e-07,0.0002351516047076414,-1.9490466117858887,-1.947380781173706,True
theta3,T4,batch2_128_255,4,5,"(4, 5)",1,8.508394241333008,8.10897159576416,0.20630617439746857,0.0014889422187360525,0.0014885663986206055,-3.7582011544706577e-07,0.00025247118018740925,-1.8476834297180176,-1.846194863319397,True
theta3,T4,batch2_128_255,4,5,"(4, 5)",2,8.292558670043945,7.971410751342773,0.20222994685173035,0.0013332436264330504,0.0013328790664672852,-3.6455996576525637e-07,0.0002735131602985561,-1.7454172372817993,-1.744084358215332,True
theta3,T4,batch2_128_255,4,5,"(4, 5)",3,8.07371711730957,7.841470241546631,0.19786757230758667,0.0011819891564440923,0.001181960105895996,-2.9050548096222137e-08,2.4578281408406835e-05,-1.644428014755249,-1.643246054649353,True
theta3,T4,batch2_128_255,4,5,"(4, 5)",4,7.870698928833008,7.717701435089111,0.19524838030338287,0.0010670316142704955,0.0010669231414794922,-1.0847279100336185e-07,0.000101668795798115,-1.5638102293014526,-1.5627433061599731,True
theta3,T4,batch2_128_255,4,5,"(4, 5)",5,7.6716766357421875,7.607351303100586,0.1906101405620575,0.0009442665165601507,0.0009441375732421875,-1.2894331796319426e-07,0.0001365725945217923,-1.474940299987793,-1.4739961624145508,True
theta3,T4,batch2_128_255,4,5,"(4, 5)",6,7.480771064758301,7.5076584815979,0.1859571933746338,0.0008365263275632018,0.0008363723754882812,-1.53952074920553e-07,0.00018407120970569417,-1.3911207914352417,-1.3902844190597534,True
theta3,T4,batch2_128_255,4,5,"(4, 5)",7,7.296630859375,7.416238784790039,0.18188020586967468,0.000748975975161819,0.0007488727569580078,-1.0321820381113504e-07,0.00013783143111042946,-1.3174078464508057,-1.3166589736938477,True
theta3,T4,batch2_128_255,4,5,"(4, 5)",8,7.1202712059021,7.3233256340026855,0.17762883007526398,0.0006704757010031164,0.000670313835144043,-1.6186585907339204e-07,0.000241477723697302,-1.2456260919570923,-1.2449557781219482,True
theta3,T4,batch2_128_255,4,5,"(4, 5)",9,6.949231147766113,7.239915370941162,0.17430901527404785,0.000611413322874587,0.0006111860275268555,-2.2729534773151087e-07,0.00037189225128600234,-1.1870266199111938,-1.186415433883667,True
theta3,T4,batch2_128_255,4,5,"(4, 5)",10,6.780479431152344,7.173880100250244,0.17041568458080292,0.0005452035033297769,0.0005452632904052734,5.978707549652781e-08,0.00010964808478504093,-1.1260312795639038,-1.1254860162734985,True
theta3,T4,batch2_128_255,4,5,"(4, 5)",11,6.6058807373046875,7.098905563354492,0.16672435402870178,0.00048513012524577584,0.0004849433898925781,-1.867353531977145e-07,0.0003850662924575156,-1.0709086656570435,-1.0704237222671509,True
theta3,T4,batch2_128_255,4,5,"(4, 5)",12,6.441763877868652,7.039851665496826,0.1627144068479538,0.00044262854618793617,0.0004425048828125,-1.2366337543616521e-07,0.00027946217146843186,-1.0201687812805176,-1.019726276397705,True
theta3,T4,batch2_128_255,4,5,"(4, 5)",13,6.279136657714844,6.98549222946167,0.15901073813438416,0.0003936628600888204,0.0003936886787414551,2.5818652634682776e-08,6.55813947132539e-05,-0.9699747562408447,-0.9695810675621033,True
theta3,T4,batch2_128_255,4,5,"(4, 5)",14,6.116116523742676,6.942446231842041,0.15467354655265808,0.00033606776653637686,0.00033599138259887695,-7.638393749990645e-08,0.00022733897789008878,-0.9211103320121765,-0.9207743406295776,True
theta3,T4,batch2_128_255,4,5,"(4, 5)",15,5.963977336883545,6.905206203460693,0.1492258906364441,0.00027348600255087713,0.0002735257148742676,3.9712323390448875e-08,0.0001451868004757928,-0.8670232892036438,-0.8667497634887695,True
theta3,T4,batch2_128_255,4,5,"(4, 5)",16,5.82855224609375,6.885810375213623,0.14478611946105957,0.0002197901796452197,0.00021970272064208984,-8.745900312984427e-08,0.0003980788352289944,-0.8231141567230225,-0.8228944540023804,True
theta3,T4,batch2_128_255,4,5,"(4, 5)",17,5.692410945892334,6.869286060333252,0.140830397605896,0.00018050287174600362,0.00018042325973510742,-7.961201089619579e-08,0.0004412513719854081,-0.7859066128730774,-0.7857261896133423,True
theta3,T4,batch2_128_255,4,5,"(4, 5)",18,5.5551862716674805,6.851920127868652,0.13678725063800812,0.0001419384512578528,0.0001418590545654297,-7.939669242310217e-08,0.0005596871674235078,-0.7473699450492859,-0.7472280859947205,True
theta3,T4,batch2_128_255,4,5,"(4, 5)",19,5.418977737426758,6.840371131896973,0.13246721029281616,0.00011423179222332549,0.00011420249938964844,-2.9292833677048284e-08,0.00025649905942166663,-0.7086801528930664,-0.7085659503936768,True
theta3,T4,batch2_128_255,4,6,"(4, 6)",0,8.589677810668945,8.241800308227539,0.45458948612213135,0.002907218146593957,0.00290679931640625,-4.1883018770706715e-07,0.00014408637890588112,-3.610931396484375,-3.6080245971679688,True
theta3,T4,batch2_128_255,4,6,"(4, 6)",1,8.390685081481934,8.085680961608887,0.4424135982990265,0.0026529391663890935,0.002652406692504883,-5.324738842106547e-07,0.00020075122179238523,-3.4181013107299805,-3.4154489040374756,True
theta3,T4,batch2_128_255,4,6,"(4, 6)",2,8.197977066040039,7.940540790557861,0.42979559302330017,0.0024181688191120968,0.0024178028106689453,-3.660084431514679e-07,0.00015138060123695636,-3.2281031608581543,-3.2256853580474854,True
theta3,T4,batch2_128_255,4,6,"(4, 6)",3,8.01699161529541,7.787412166595459,0.4192701578140259,0.002200028097771582,0.0021996498107910156,-3.7828698056657784e-07,0.00017197600213942333,-3.052767038345337,-3.050567388534546,True
theta3,T4,batch2_128_255,4,6,"(4, 6)",4,7.840662956237793,7.656974792480469,0.4080086946487427,0.001986264350731187,0.0019860267639160156,-2.375868151712618e-07,0.00011962921119088644,-2.884549617767334,-2.882563591003418,True
theta3,T4,batch2_128_255,4,6,"(4, 6)",5,7.667407989501953,7.528159141540527,0.39695271849632263,0.0017822060356600447,0.0017819404602050781,-2.655754549666083e-07,0.00014903722144343927,-2.7249791622161865,-2.7231972217559814,True
theta3,T4,batch2_128_255,4,6,"(4, 6)",6,7.5000433921813965,7.4127373695373535,0.38646650314331055,0.00159359528794176,0.0015931129455566406,-4.82342385119388e-07,0.0003027672246746168,-2.5816707611083984,-2.580077648162842,True
theta3,T4,batch2_128_255,4,6,"(4, 6)",7,7.342992782592773,7.313521862030029,0.3764858543872833,0.001427717510751271,0.0014274120330810547,-3.054776702162386e-07,0.00021400805313156012,-2.444634437561035,-2.443207025527954,True
theta3,T4,batch2_128_255,4,6,"(4, 6)",8,7.194124221801758,7.2294416427612305,0.36705508828163147,0.0012793656826104675,0.0012791156768798828,-2.500057305846598e-07,0.0001954520104033851,-2.3243002891540527,-2.323021173477173,True
theta3,T4,batch2_128_255,4,6,"(4, 6)",9,7.04915714263916,7.1500630378723145,0.359119176864624,0.0011372638416966324,0.0011372566223144531,-7.219382179308315e-09,6.348067830650226e-06,-2.2131712436676025,-2.212033987045288,True
theta3,T4,batch2_128_255,4,6,"(4, 6)",10,6.918206691741943,7.074789047241211,0.35061773657798767,0.000997929328264407,0.0009982585906982422,3.292624338351643e-07,0.00032983681473240146,-2.107022523880005,-2.1060242652893066,True
theta3,T4,batch2_128_255,4,6,"(4, 6)",11,6.791351318359375,7.009726047515869,0.34407860040664673,0.0008740462500100986,0.0008740425109863281,-3.739023770503794e-09,4.2778511611345185e-06,-2.019265651702881,-2.0183916091918945,True
theta3,T4,batch2_128_255,4,6,"(4, 6)",12,6.661517143249512,6.954137325286865,0.3376275599002838,0.0007552089456446992,0.0007550716400146484,-1.3730563005077013e-07,0.00018184450689752617,-1.9358497858047485,-1.9350947141647339,True
theta3,T4,batch2_128_255,4,6,"(4, 6)",13,6.539823055267334,6.902800559997559,0.3304292559623718,0.0006506327949825878,0.0006504058837890625,-2.2691119352534397e-07,0.00034887629275957637,-1.8512818813323975,-1.8506314754486084,True
theta3,T4,batch2_128_255,4,6,"(4, 6)",14,6.419918537139893,6.8553361892700195,0.3232329189777374,0.0005431273220602461,0.0005431175231933594,-9.79886688673784e-09,1.8041890508565436e-05,-1.7707668542861938,-1.7702237367630005,True
theta3,T4,batch2_128_255,4,6,"(4, 6)",15,6.302073955535889,6.815578460693359,0.3167315721511841,0.00044953251303664484,0.00044977664947509766,2.441364384528138e-07,0.0005427948265827675,-1.7032657861709595,-1.7028160095214844,True
theta3,T4,batch2_128_255,4,6,"(4, 6)",16,6.188572883605957,6.776597499847412,0.3110005557537079,0.0003722189274151589,0.0003720521926879883,-1.6673472717060843e-07,0.000448148755597944,-1.6444544792175293,-1.6440824270248413,True
theta3,T4,batch2_128_255,4,6,"(4, 6)",17,6.077535629272461,6.7448859214782715,0.30508553981781006,0.0002904303634745076,0.0002903938293457031,-3.653412880447009e-08,0.00012580890195492948,-1.5876898765563965,-1.5873994827270508,True
theta3,T4,batch2_128_255,4,6,"(4, 6)",18,5.967124938964844,6.726300239562988,0.29972195625305176,0.000184525987969896,0.0001844167709350586,-1.0921703483740336e-07,0.0005922294067054431,-1.5371190309524536,-1.5369346141815186,True
theta3,T4,batch2_128_255,4,6,"(4, 6)",19,5.848623275756836,6.713777542114258,0.29537221789360046,0.00011119007004387724,0.00011110305786132812,-8.70121825491193e-08,0.0007831664062542945,-1.4976071119308472,-1.4974960088729858,True
theta3,T4,batch2_128_255,4,7,"(4, 7)",0,8.46632194519043,8.241800308227539,0.3319525122642517,0.002208253597383394,0.0022079944610595703,-2.591363238236069e-07,0.00011736275991347044,-2.9814555644989014,-2.979247570037842,True
theta3,T4,batch2_128_255,4,7,"(4, 7)",1,8.242652893066406,8.090201377868652,0.3231339156627655,0.0019480355339844084,0.0019478797912597656,-1.5574272464280274e-07,7.995499791189793e-05,-2.7812483310699463,-2.7793004512786865,True
theta3,T4,batch2_128_255,4,7,"(4, 7)",2,8.031881332397461,7.9472761154174805,0.3149610161781311,0.0017034710802577005,0.0017032623291015625,-2.0875115613796374e-07,0.00012255960375057192,-2.591064453125,-2.5893611907958984,True
theta3,T4,batch2_128_255,4,7,"(4, 7)",3,7.834136962890625,7.8026204109191895,0.30809900164604187,0.0015108977903513078,0.0015106201171875,-2.776731638078154e-07,0.00018381402488190898,-2.4154114723205566,-2.413900852203369,True
theta3,T4,batch2_128_255,4,7,"(4, 7)",4,7.635518550872803,7.680845260620117,0.2999149560928345,0.0013249480097246075,0.0013248920440673828,-5.596565722464607e-08,4.224167355766815e-05,-2.2475991249084473,-2.24627423286438,True
theta3,T4,batch2_128_255,4,7,"(4, 7)",5,7.4331560134887695,7.588042259216309,0.29122933745384216,0.0011512149313078035,0.0011510848999023438,-1.300314054597084e-07,0.00011296421790498691,-2.08825945854187,-2.0871083736419678,True
theta3,T4,batch2_128_255,4,7,"(4, 7)",6,7.241250991821289,7.511533260345459,0.2842405140399933,0.000999996877417258,0.0009999275207519531,-6.935666530482297e-08,6.936169258814501e-05,-1.9483956098556519,-1.9473956823349,True
theta3,T4,batch2_128_255,4,7,"(4, 7)",7,7.069333553314209,7.436073303222656,0.27745601534843445,0.0008615746658445822,0.0008615255355834961,-4.913026108610986e-08,5.7027051499796575e-05,-1.8221323490142822,-1.8212708234786987,True
theta3,T4,batch2_128_255,4,7,"(4, 7)",8,6.90217399597168,7.378063201904297,0.2717914581298828,0.0007393819452267438,0.0007393360137939453,-4.5931432798461055e-08,6.212524744028262e-05,-1.708703637123108,-1.707964301109314,True
theta3,T4,batch2_128_255,4,7,"(4, 7)",9,6.737618446350098,7.316702842712402,0.26625856757164,0.0006150074652253411,0.0006148815155029297,-1.259497224114078e-07,0.0002048357597941285,-1.60596764087677,-1.605352759361267,True
theta3,T4,batch2_128_255,4,7,"(4, 7)",10,6.593972206115723,7.290344715118408,0.2613065540790558,0.00047717356319908395,0.00047719478607177734,2.1222872693396275e-08,4.4474234239022115e-05,-1.5238220691680908,-1.523344874382019,True
theta3,T4,batch2_128_255,4,7,"(4, 7)",11,6.453574180603027,7.2732720375061035,0.25777363777160645,0.00036575961250308976,0.0003657341003417969,-2.5512161292882366e-08,6.975603660976642e-05,-1.455837607383728,-1.4554718732833862,True
theta3,T4,batch2_128_255,4,7,"(4, 7)",12,6.321146488189697,7.254133224487305,0.25497177243232727,0.00025395942431586597,0.00025391578674316406,-4.363757270190848e-08,0.00017185844669850286,-1.3999887704849243,-1.3997348546981812,True
theta3,T4,batch2_128_255,4,7,"(4, 7)",13,6.201868534088135,7.243634223937988,0.2517171800136566,0.00015569745344666254,0.0001556873321533203,-1.01212933422269e-08,6.501038461022305e-05,-1.3472745418548584,-1.347118854522705,True
theta3,T4,batch2_128_255,4,7,"(4, 7)",14,6.082404136657715,7.233539581298828,0.2491784691810608,3.748513529567822e-05,3.7550926208496094e-05,6.57909128178708e-08,0.0017520450082263287,-1.3018203973770142,-1.3017828464508057,True
theta3,T4,batch2_128_255,4,7,"(4, 7)",15,5.967874050140381,7.215144634246826,0.24779275059700012,-3.756194220878029e-05,-3.7550926208496094e-05,1.1016000284197339e-08,0.000293361613054032,-1.2651982307434082,-1.2652357816696167,False
theta3,T4,batch2_128_255,4,7,"(4, 7)",16,5.852988243103027,7.210007667541504,0.2466168999671936,-0.00013371998681603058,-0.00013387203216552734,-1.5204534949676243e-07,0.0011357514115328026,-1.2350058555603027,-1.2351397275924683,False
theta3,T4,batch2_128_255,4,7,"(4, 7)",17,5.738996982574463,7.205608367919922,0.24511244893074036,-0.00025727498115453613,-0.0002573728561401367,-9.787498560058505e-08,0.0003802848018568562,-1.207499384880066,-1.207756757736206,False
theta3,T4,batch2_128_255,4,7,"(4, 7)",18,5.630243301391602,7.213460922241211,0.2446584552526474,-0.0003841876593472109,-0.00038433074951171875,-1.4309016450783337e-07,0.000372309956176094,-1.1845148801803589,-1.1848992109298706,False
theta3,T4,batch2_128_255,4,7,"(4, 7)",19,5.5349531173706055,7.22704553604126,0.24410796165466309,-0.0004900708780833304,-0.0004901885986328125,-1.1772054948205879e-07,0.0002401535853963021,-1.1693509817123413,-1.1698411703109741,False
theta3,T4,batch2_128_255,5,6,"(5, 6)",0,8.503279685974121,8.241800308227539,0.33103668689727783,0.002644379561020558,0.0026438236236572266,-5.559373633312256e-07,0.00021027778039224573,-2.4971823692321777,-2.4945385456085205,True
theta3,T4,batch2_128_255,5,6,"(5, 6)",1,8.283182144165039,8.065824508666992,0.3221055865287781,0.002364597101526895,0.0023641586303710938,-4.384711558011803e-07,0.0001854660470614677,-2.357691526412964,-2.3553273677825928,True
theta3,T4,batch2_128_255,5,6,"(5, 6)",2,8.068109512329102,7.905912399291992,0.31234943866729736,0.002089625322321075,0.002089262008666992,-3.6331365408292723e-07,0.00017389568784373366,-2.218369960784912,-2.216280698776245,True
theta3,T4,batch2_128_255,5,6,"(5, 6)",3,7.859519004821777,7.742709159851074,0.30138376355171204,0.0018173499572829586,0.0018172264099121094,-1.2354737084926092e-07,6.798677928923359e-05,-2.0758001804351807,-2.0739829540252686,True
theta3,T4,batch2_128_255,5,6,"(5, 6)",4,7.658982276916504,7.59373140335083,0.2890949845314026,0.001568898066605506,0.0015685558319091797,-3.4223469632635624e-07,0.00021818458059589928,-1.9292603731155396,-1.9276918172836304,True
theta3,T4,batch2_128_255,5,6,"(5, 6)",5,7.4692206382751465,7.46421480178833,0.2766225337982178,0.0013358147614828714,0.0013356208801269531,-1.9388135591826353e-07,0.00014516196834226996,-1.78742253780365,-1.786086916923523,True
theta3,T4,batch2_128_255,5,6,"(5, 6)",6,7.270752906799316,7.34869909286499,0.26425811648368835,0.0011440636620689375,0.0011440515518188477,-1.2110250089845606e-08,1.058540593786387e-05,-1.6531925201416016,-1.6520484685897827,True
theta3,T4,batch2_128_255,5,6,"(5, 6)",7,7.084023475646973,7.253432273864746,0.2502889633178711,0.0009563144017823024,0.0009562969207763672,-1.7481005935219944e-08,1.827989357220562e-05,-1.5159863233566284,-1.515030026435852,True
theta3,T4,batch2_128_255,5,6,"(5, 6)",8,6.900955677032471,7.15549898147583,0.23630598187446594,0.0007995146474112653,0.0007994174957275391,-9.71516837262442e-08,0.00012152809294951417,-1.3834233283996582,-1.3826239109039307,True
theta3,T4,batch2_128_255,5,6,"(5, 6)",9,6.721655368804932,7.0662665367126465,0.22209179401397705,0.0006533838508842555,0.000653386116027832,2.2651435765052783e-09,3.4667764143442416e-06,-1.2569239139556885,-1.2562705278396606,True
theta3,T4,batch2_128_255,5,6,"(5, 6)",10,6.550946235656738,6.9949164390563965,0.20946641266345978,0.0005313958314992418,0.0005314350128173828,3.9181318141020584e-08,7.372739318266272e-05,-1.1471822261810303,-1.146650791168213,True
theta3,T4,batch2_128_255,5,6,"(5, 6)",11,6.384727478027344,6.9288649559021,0.19648423790931702,0.0004018264760835433,0.0004017353057861328,-9.117029741047408e-08,0.00022694121252815494,-1.0425159931182861,-1.0421142578125,True
theta3,T4,batch2_128_255,5,6,"(5, 6)",12,6.225693702697754,6.885725021362305,0.18405604362487793,0.0003106560937107235,0.00031059980392456055,-5.628978616296215e-08,0.0001812293035981246,-0.948950469493866,-0.9486398696899414,True
theta3,T4,batch2_128_255,5,6,"(5, 6)",13,6.0665974617004395,6.843921184539795,0.1696900576353073,0.00023272084809970693,0.000232696533203125,-2.431489658192578e-08,0.00010449187294380903,-0.8466863632202148,-0.8464536666870117,True
theta3,T4,batch2_128_255,5,6,"(5, 6)",14,5.911508083343506,6.816254615783691,0.15599659085273743,0.00016973421782939664,0.0001696944236755371,-3.9794153859526145e-08,0.00023450478217018047,-0.7566611170768738,-0.7564914226531982,True
theta3,T4,batch2_128_255,5,6,"(5, 6)",15,5.758705139160156,6.7985310554504395,0.14160893857479095,0.00011121784910141441,0.0001112222671508789,4.418049464493439e-09,3.972270641183856e-05,-0.6727302670478821,-0.6726190447807312,True
theta3,T4,batch2_128_255,5,6,"(5, 6)",16,5.620517730712891,6.788105487823486,0.12916049361228943,7.453416072267e-05,7.450580596923828e-05,-2.8354753431715854e-08,0.0003805710583605105,-0.605035126209259,-0.6049606204032898,True
theta3,T4,batch2_128_255,5,6,"(5, 6)",17,5.490217685699463,6.783658504486084,0.11881451308727264,4.504677166160851e-05,4.506111145019531e-05,1.4339788586804024e-08,0.0003182298022687115,-0.543586015701294,-0.5435409545898438,True
theta3,T4,batch2_128_255,5,6,"(5, 6)",18,5.365054607391357,6.783639907836914,0.10804803669452667,2.8045589232484223e-05,2.8014183044433594e-05,-3.1406188050629095e-08,0.0011210817035362196,-0.4850996732711792,-0.48507165908813477,True
theta3,T4,batch2_128_255,5,6,"(5, 6)",19,5.246560096740723,6.790190696716309,0.09817737340927124,1.549488574191819e-05,1.5497207641601562e-05,2.3218996833725136e-09,0.0001498269712241241,-0.43550238013267517,-0.43548688292503357,True
theta3,T4,batch2_128_255,5,7,"(5, 7)",0,8.456085205078125,8.241800308227539,0.2083997130393982,0.0015417303485194935,0.0015416145324707031,-1.158160487903584e-07,7.51264640744812e-05,-1.867706298828125,-1.8661646842956543,True
theta3,T4,batch2_128_255,5,7,"(5, 7)",1,8.209626197814941,8.071654319763184,0.2099699229001999,0.0013909063444494248,0.001390695571899414,-2.1077255001077967e-07,0.00015155908616499455,-1.8071200847625732,-1.8057293891906738,True
theta3,T4,batch2_128_255,5,7,"(5, 7)",2,7.979010581970215,7.896448135375977,0.211920827627182,0.001259255981744664,0.0012589693069458008,-2.86674798863221e-07,0.00022770594746164254,-1.7459845542907715,-1.7447255849838257,True
theta3,T4,batch2_128_255,5,7,"(5, 7)",3,7.746978759765625,7.736944198608398,0.21309031546115875,0.0011288072410222782,0.001128554344177246,-2.5289684503211445e-07,0.00022408920433201178,-1.6873085498809814,-1.6861799955368042,True
theta3,T4,batch2_128_255,5,7,"(5, 7)",4,7.533246994018555,7.602272987365723,0.2127157747745514,0.0009959726822348469,0.0009958744049072266,-9.827732762031187e-08,9.868445974316126e-05,-1.6134710311889648,-1.6124751567840576,True
theta3,T4,batch2_128_255,5,7,"(5, 7)",5,7.323115348815918,7.484734535217285,0.21098697185516357,0.0008648181342152141,0.0008646249771118164,-1.9315710339767693e-07,0.00022339986527210532,-1.5326988697052002,-1.5318342447280884,True
theta3,T4,batch2_128_255,5,7,"(5, 7)",6,7.126749038696289,7.372342586517334,0.20961813628673553,0.0007501212573491429,0.0007501840591430664,6.280179392346465e-08,8.371518050543889e-05,-1.4598398208618164,-1.4590896368026733,True
theta3,T4,batch2_128_255,5,7,"(5, 7)",7,6.932511329650879,7.287771701812744,0.20787270367145538,0.0006441173523291855,0.0006440877914428711,-2.956088631441301e-08,4.589574077811873e-05,-1.3930264711380005,-1.3923823833465576,True
theta3,T4,batch2_128_255,5,7,"(5, 7)",8,6.750110149383545,7.214896202087402,0.20435361564159393,0.0005298181286895403,0.0005297660827636719,-5.204592586841982e-08,9.824322009613714e-05,-1.320198893547058,-1.3196691274642944,True
theta3,T4,batch2_128_255,5,7,"(5, 7)",9,6.5724358558654785,7.159939765930176,0.20064780116081238,0.0004383496010760529,0.00043833255767822266,-1.7043397830247917e-08,3.888234522327993e-05,-1.2549079656600952,-1.254469633102417,True
theta3,T4,batch2_128_255,5,7,"(5, 7)",10,6.413478374481201,7.100272178649902,0.19658038020133972,0.0003382378431057761,0.0003381967544555664,-4.108865020967245e-08,0.00012149333093340147,-1.1885559558868408,-1.1882177591323853,True
theta3,T4,batch2_128_255,5,7,"(5, 7)",11,6.268286228179932,7.05192232131958,0.19393174350261688,0.00026258592407853106,0.0002624988555908203,-8.706848771074293e-08,0.00033169092305097175,-1.14193594455719,-1.1416734457015991,True
theta3,T4,batch2_128_255,5,7,"(5, 7)",12,6.121896743774414,7.024835586547852,0.191114142537117,0.0001921760432542568,0.0001920461654663086,-1.2987778794820194e-07,0.0006762842029823653,-1.0988022089004517,-1.0986101627349854,True
theta3,T4,batch2_128_255,5,7,"(5, 7)",13,5.9792704582214355,7.007726192474365,0.18861427903175354,0.00011220054698972598,0.00011205673217773438,-1.4381481199160267e-07,0.0012834107259481428,-1.0579808950424194,-1.0578688383102417,True
theta3,T4,batch2_128_255,5,7,"(5, 7)",14,5.843729019165039,7.001382827758789,0.18524377048015594,3.875902207617585e-05,3.8743019104003906e-05,-1.600297217194146e-08,0.0004130543396471554,-1.0184142589569092,-1.0183755159378052,True
theta3,T4,batch2_128_255,5,7,"(5, 7)",15,5.7178754806518555,6.995009899139404,0.18085718154907227,-2.7282031562666496e-05,-2.7298927307128906e-05,-1.6895744462410128e-08,0.0006189160574817873,-0.9743394255638123,-0.9743667244911194,False
theta3,T4,batch2_128_255,5,7,"(5, 7)",16,5.594238758087158,6.989221096038818,0.17720603942871094,-7.919968011273398e-05,-7.921457290649414e-05,-1.4892793760162165e-08,0.0001880057319470977,-0.9370943307876587,-0.9371735453605652,False
theta3,T4,batch2_128_255,5,7,"(5, 7)",17,5.469369888305664,6.989313125610352,0.17415989935398102,-0.00011894114675396129,-0.00011903047561645508,-8.932886249378804e-08,0.0007504705163207714,-0.9087939858436584,-0.9089130163192749,False
theta3,T4,batch2_128_255,5,7,"(5, 7)",18,5.352862358093262,6.991423606872559,0.1709533929824829,-0.00015334557412784852,-0.0001531839370727539,1.6163705509461752e-07,0.0010551827964693768,-0.8710408806800842,-0.871194064617157,False
theta3,T4,batch2_128_255,5,7,"(5, 7)",19,5.237898826599121,7.003314018249512,0.16696499288082123,-0.00018242108307508297,-0.0001825094223022461,-8.833922716312728e-08,0.0004840255700159548,-0.8295712471008301,-0.8297537565231323,False
theta3,T4,batch2_128_255,6,7,"(6, 7)",0,8.343635559082031,8.241800308227539,0.45273977518081665,0.0029643391113016093,0.002964019775390625,-3.19335910984285e-07,0.00010773744279158868,-3.5295910835266113,-3.5266270637512207,True
theta3,T4,batch2_128_255,6,7,"(6, 7)",1,8.128231048583984,8.055741310119629,0.43925851583480835,0.0026024503008612674,0.0026018619537353516,-5.883471259158363e-07,0.00022612541955624446,-3.300832509994507,-3.2982306480407715,True
theta3,T4,batch2_128_255,6,7,"(6, 7)",2,7.925868511199951,7.88627815246582,0.426334410905838,0.002284077233102394,0.002283811569213867,-2.6566388852677925e-07,0.00011632478445593739,-3.088433027267456,-3.086149215698242,True
theta3,T4,batch2_128_255,6,7,"(6, 7)",3,7.731915473937988,7.719070911407471,0.41360193490982056,0.001984734767476605,0.0019843578338623047,-3.7693361430030103e-07,0.00018995244097010813,-2.8829028606414795,-2.880918502807617,True
theta3,T4,batch2_128_255,6,7,"(6, 7)",4,7.544767379760742,7.578834056854248,0.39967411756515503,0.0016985961157453048,0.0016984939575195312,-1.0215822577350035e-07,6.014635808460073e-05,-2.685251235961914,-2.6835527420043945,True
theta3,T4,batch2_128_255,6,7,"(6, 7)",5,7.363572120666504,7.45186185836792,0.3857685625553131,0.0014427393117188365,0.0014426708221435547,-6.848957528177678e-08,4.747415296028053e-05,-2.4934022426605225,-2.491959571838379,True
theta3,T4,batch2_128_255,6,7,"(6, 7)",6,7.196246147155762,7.3451642990112305,0.3716791868209839,0.0012198331661638997,0.0012197494506835938,-8.371548030597538e-08,6.863334126451794e-05,-2.3107516765594482,-2.3095319271087646,True
theta3,T4,batch2_128_255,6,7,"(6, 7)",7,7.034521102905273,7.245530128479004,0.35854053497314453,0.0010232491102756564,0.0010232925415039062,4.3431228249858275e-08,4.244263149424361e-05,-2.144519805908203,-2.143496513366699,True
theta3,T4,batch2_128_255,6,7,"(6, 7)",8,6.8789472579956055,7.172880172729492,0.3453437089920044,0.0008596923224399865,0.0008594989776611328,-1.9334477885369055e-07,0.0002249505629195977,-1.993034839630127,-1.9921753406524658,True
theta3,T4,batch2_128_255,6,7,"(6, 7)",9,6.732816696166992,7.103984355926514,0.33435046672821045,0.0007204585830586237,0.0007205009460449219,4.236298629814797e-08,5.879657276051198e-05,-1.8649572134017944,-1.8642367124557495,True
theta3,T4,batch2_128_255,6,7,"(6, 7)",10,6.594996452331543,7.049756050109863,0.32253220677375793,0.0005944454330694832,0.0005944967269897461,5.129392026284683e-08,8.628124922163204e-05,-1.7431057691574097,-1.74251127243042,True
theta3,T4,batch2_128_255,6,7,"(6, 7)",11,6.453981399536133,7.006326675415039,0.311324805021286,0.00048208484946969535,0.0004819631576538086,-1.2169181588675762e-07,0.0002524919466441212,-1.6289629936218262,-1.6284810304641724,True
theta3,T4,batch2_128_255,6,7,"(6, 7)",12,6.322124004364014,6.9741034507751465,0.3010196089744568,0.0003672246702708382,0.00036728382110595703,5.915083511881655e-08,0.0001610493893814948,-1.527945637702942,-1.527578353881836,True
theta3,T4,batch2_128_255,6,7,"(6, 7)",13,6.19421911239624,6.956772804260254,0.2893366515636444,0.0002786344257728523,0.0002785921096801758,-4.231609267651244e-08,0.00015189264593707045,-1.430959939956665,-1.4306813478469849,True
theta3,T4,batch2_128_255,6,7,"(6, 7)",14,6.073722839355469,6.942663669586182,0.27880704402923584,0.00018294145785682786,0.00018286705017089844,-7.440768592942163e-08,0.0004068949866030207,-1.348491907119751,-1.34830904006958,True
theta3,T4,batch2_128_255,6,7,"(6, 7)",15,5.955120086669922,6.9350457191467285,0.2694890797138214,0.00011828465261613027,0.00011837482452392578,9.017190779551498e-08,0.000761749030320966,-1.2740328311920166,-1.2739144563674927,True
theta3,T4,batch2_128_255,6,7,"(6, 7)",16,5.8448052406311035,6.929205417633057,0.2589178681373596,5.670010033464423e-05,5.6624412536621094e-05,-7.568779802313413e-08,0.0013366637221036782,-1.1988482475280762,-1.1987916231155396,True
theta3,T4,batch2_128_255,6,7,"(6, 7)",17,5.731187343597412,6.935871124267578,0.24875029921531677,-3.7795588826880363e-06,-3.814697265625e-06,-3.5138382936963695e-08,0.009211316256627411,-1.1288865804672241,-1.1288903951644897,False
theta3,T4,batch2_128_255,6,7,"(6, 7)",18,5.618427276611328,6.951370716094971,0.23745322227478027,-4.8794069342682015e-05,-4.887580871582031e-05,-8.17393731382976e-08,0.0016723891693241667,-1.0584388971328735,-1.0584877729415894,False
theta3,T4,batch2_128_255,6,7,"(6, 7)",19,5.504646301269531,6.963977336883545,0.22798486053943634,-0.00010023750140624291,-0.00010031461715698242,-7.711575073951168e-08,0.0007687389228514243,-0.9985684156417847,-0.9986687302589417,False
